Index,Tick,X1,Y1,X2,Y2,Score
131,3000,221.939577479644,166.028480458491,204.783334461784,129.630771366498,0.010986328125
131,3000,239.203991420989,44.4739039212164,167.681720371665,75.2605867286975,0.0400390625
131,3000,219.629279006636,52.1441055302031,220.049530053158,59.0577748187219,0.001220703125
131,3000,230.868975490335,146.147088147739,210.716585940422,128.195560441769,0.01123046875
131,3000,239.966415578208,144.725264756462,225.227874426751,138.463632415163,0.006103515625
131,3000,190.88873654766,152.896723158256,190.410907213118,158.038188243419,0.0029296875
131,3000,239.1486287154,160.09319657038,100.983393087565,178.877852542357,0.072021484375
131,3000,210.701792397069,138.052462324385,172.842302369261,140.912469928399,0.0325927734375
131,3000,173,25,171,25,0.000732421875
131,3000,223.24187964672,140.959564012156,225.11236047405,152.148390249315,0.005126953125
131,3000,140.95273333524,43.3036256692268,39.0862970461449,27.4456558650565,0.0467529296875
131,3000,155.302308779719,36.9231402799981,157.095381439245,43.9757499907196,0.00390625
131,3000,157.737625310076,37.4607606539246,145.280771508676,43.5218227358244,0.0037841796875
131,3000,165.724330120517,42.1060112896836,165.10923388846,46.3087026183593,0.0035400390625
131,3000,158.843063094114,41.1598306357659,162.370132581714,44.6230426137237,0.00341796875
131,3000,192.859332580842,135.485913985406,207.819924641993,136.902192380379,0.0028076171875
131,3000,198.935757342618,138.329125338686,192.192668655157,137.012927874299,0.002685546875
131,3000,150.088527628904,39.1822650147776,141.08578144461,38.2076316827982,0.005615234375
131,3000,181.754333650463,48.1270693708809,180.516054631274,45.7330739946281,0.00244140625
131,3000,232.778964362451,126.617371521822,205.733415057525,129.126377977607,0.0125732421875
131,3000,84,32,87,34,0.0010986328125
131,3000,161,38,163,39,0.000732421875
131,3000,194.654443990126,152.953048072009,193.702442876895,159.959569852012,0.00244140625
131,3000,136,7.00000000000001,137,10,0.0010986328125
131,3000,94.5037230138689,19.9210418340169,93.5618009809563,13.9119381606905,0.0008544921875
131,3000,198,32,194,31,0.0006103515625
131,3000,130,2,131,4,0.0009765625
131,3000,180.14317073067,37.5129228246335,171.016839842868,40.0603303463636,0.001220703125
131,3000,207,34,204,36,0.0008544921875
131,3000,180.071551804386,48.9362635680957,176.315160778951,44.7192632149673,0.00439453125
131,3000,153.037800927432,81.681545145346,119.041995583304,77.6462071624776,0.0113525390625
131,3000,143.562235284948,13.1292635297964,144.728832847801,17.0800704626318,0.000732421875
131,3000,214,44,216,45,0.0006103515625
131,3000,185.416161374782,58.2924286715341,190.823554181965,69.088376845822,0.0035400390625
131,3000,178.982767965919,65.989976774312,183.723713175404,57.8392943523379,0.0025634765625
131,3000,142.660144864521,39.3500988330332,133.95022190841,43.9048099132932,0.0040283203125
131,3000,238,29,239,29,0.000732421875
131,3000,185,23,183,25,0.0008544921875
131,3000,180,141,206,141,0.00341796875
131,3000,182,43,183,44,0.0013427734375
131,3000,176.174264453425,45.3073174312517,163.001668552501,41.9933676822203,0.0064697265625
131,3000,136,17,137,19,0.0009765625
131,3000,73,9,75,9.99999999999999,0.0006103515625
131,3000,235.90302753922,163.05442298806,225.825474967718,145.097947125109,0.004638671875
131,3000,175,29,174,31,0.0009765625
131,3000,185,38,182,40,0.0006103515625
131,3000,97,13,100,13,0.0009765625
131,3000,81.1946707829567,1.24613462610871,76.1725613633445,5.21818028366916,0.0006103515625
131,3000,99.6571370140822,76.4022764824882,108.266164158056,71.4640121078189,0.0035400390625
131,3000,119,39,117,36,0.0010986328125
131,3000,138,0,140,0,0.000732421875
131,3000,218.253298484161,13.2141663486384,214.120608117349,18.1019753442044,0.0010986328125
131,3000,67,21,73,21,0.000732421875
131,3000,131,29,129,27,0.0006103515625
131,3000,94.4805465577691,9.0827434751392,93.679062131834,4.0511220301126,0.0010986328125
131,3000,228.806244628013,46.8918028882158,223.786584364838,55.8808241800093,0.0009765625
131,3000,196,43,197,45,0.0006103515625
131,3000,224,27,225,30,0.000732421875
131,3000,210,44,210,47,0.0006103515625
131,3000,238.96332901758,149.824875000006,208.061898436894,156.295600582405,0.0062255859375
131,3000,58,22,55,22,0.000732421875
131,3000,85,21,83,22,0.0008544921875
131,3000,184.146392766068,34.1049244432384,187.058482480359,30.0419162903721,0.000732421875
131,3000,107.066311323058,33.1463807992847,100.130600103912,36.2882968807671,0.0009765625
131,3000,172,15,171,17,0.0009765625
131,3000,91.0030261090184,27.9889671590447,87.0278025528807,26.8986351310478,0.000732421875
131,3000,103,2.99999999999999,101,6,0.0006103515625
131,3000,122,18,123,17,0.0006103515625
131,3000,174,41,171,42,0.000732421875
131,3000,95.1034858577548,25.3176075100907,97.2060924605032,24.632516506593,0.0009765625
131,3000,223,15,223,17,0.0009765625
131,3000,174.810778638309,19.4172283842061,178.880713143775,21.2630245435034,0.000732421875
131,3000,111,35,113,38,0.000732421875
131,3000,234.121713034517,31.9687735182725,233.097100153136,27.9750881557619,0.000732421875
131,3000,74.9077629416198,33.9475008093916,77.1167621611365,30.0664583092848,0.0008544921875
131,3000,149,14,151,14,0.0006103515625
131,3000,238.994128911363,155.96298242343,129.063176447114,173.398331402085,0.0262451171875
131,3000,93.9247459546601,31.0682134926217,98.2169083598888,35.8033849643562,0.0008544921875
131,3000,8.72206425130491,143.044553145768,10.4662435063158,153.925261090026,0.001708984375
132,3023,217.615418561961,151.226140036986,205.459676155682,130.553671077692,0.00490682257138383
132,3023,101.782824826108,91.9648303728373,104.792884097552,158.964378444367,0.00626402881453255
132,3023,186.287653421429,42.6187798376268,143.478313489288,33.7032908836746,0.00892624106070888
132,3023,141.425184652287,39.0926230667097,38.434214936139,24.0308747443484,0.01795688260166
132,3023,117.101550624856,74.7483577508104,100.053096382849,67.8684272674535,0.00146160672339093
132,3023,119.316180937382,0,0,7.2446786736455,0.270292843347079
132,3023,230.59160182051,135.663759526915,225.887522401626,141.377341396525,0.00167040768387535
132,3023,175,29,174,31,0.000417601920968836
132,3023,99.1073508626103,22.1432966978044,94.6258737644909,25.5005996895895,0.00057420264133215
132,3023,94.8596186237842,9.02807476007285,93.8596705145909,4.02806438247158,0.000626402881453255
132,3023,93.1797980854934,13.9705193901213,94.16401302022,19.973107589823,0.000417601920968836
132,3023,13,53,15,54,0.000417601920968836
132,3023,185,23,183,25,0.000313201440726627
132,3023,123,17,122,18,0.000313201440726627
132,3023,130,2,131,4,0.000313201440726627
132,3023,73,9,75,10,0.000313201440726627
132,3023,195,29,197,28,0.000522002401211046
132,3023,116,0,117,0,0.000313201440726627
132,3023,81.2027350962228,1.25673951812138,76.1775722248695,5.22487378009105,0.000313201440726627
132,3023,217.108239244591,45.8218612132055,214.029618320532,43.9512545407503,0.000313201440726627
132,3023,87.4639284252682,29.2108689476103,77.4094385236745,27.538461456064,0.000469802161089941
132,3023,171,17,172,15,0.000365401680847732
132,3023,153.93265505154,28.0351537472819,154.967225851846,30.0171079516421,0.00057420264133215
132,3023,136,17,137,19,0.000417601920968836
132,3023,35.0307626824637,2.79249270733682,28.0362373804258,1.75556355612853,0.000365401680847732
132,3023,214,18,216,16,0.000417601920968836
132,3023,136,7.00000000000001,137,10,0.000522002401211046
132,3023,123.984326467891,32.9914922954481,125.050456229803,31.0273879999086,0.000313201440726627
132,3023,140,0,138,0,0.000313201440726627
132,3023,127,27,129,27,0.000469802161089941
132,3023,100,13,97,13,0.000313201440726627
132,3023,233.287526199045,27.9317136056989,234.240181646873,31.9429577593391,0.000261001200605523
132,3023,145.23197240154,16.8173864457033,141.271420540245,11.7863320410778,0.000365401680847732
132,3023,223,17,221,14,0.000365401680847732
132,3023,117.194434748772,19.8605541565155,120.107759759659,23.9227162290983,0.000365401680847732
132,3023,103,2.99999999999999,101,6,0.000365401680847732
132,3023,159,16,159,18,0.000313201440726627
132,3023,147,5,145,6.99999999999998,0.000313201440726627
132,3023,185.278865148939,31.6536699214413,189.023885859534,30.0559893123416,0.000261001200605523
132,3023,85.2100036532473,21.313995584612,82.9039141337694,22.8563332719527,0.000469802161089941
132,3023,173,25,172,28,0.000261001200605523
132,3023,235,35,233,38,0.000261001200605523
132,3023,55,13,52,11,0.000313201440726627
132,3023,152.769468405744,9.90978593452706,151.146419831042,14.0572985593008,0.000261001200605523
132,3023,62,14,62,17,0.000261001200605523
132,3023,73,21,77,22,0.000313201440726627
132,3023,191.086932080535,4.92811984262704,194.675583199247,9.26824539973191,0.000365401680847732
132,3023,175.057848805484,23.9212623312793,179.087044280417,26.8815245421545,0.000313201440726627
132,3023,88,31,94,31,0.000261001200605523
132,3023,162,15,166,15,0.000261001200605523
132,3023,9.15870781243099,14.9891035102735,9.57341211999573,21.0292884791285,0.000417601920968836
132,3023,21,24,24,26,0.000313201440726627
133,3046,240,141.925568837511,197.959623242255,103.96884888819,0.0252653927813163
133,3046,199.981249794282,140.560559376073,210.00986539867,123.005635814402,0.00360934182590234
133,3046,238.692072361608,38.2968364489568,171.81717975537,67.5825235659653,0.0176220806794055
133,3046,173.40478786643,34.7315160155397,178.226536566714,39.842983783815,0.00286624203821656
133,3046,144.194071894361,31.0529672199612,172.245611397415,36.8014645538025,0.0125265392781316
133,3046,81.9122040446694,176.324035580751,230.994908572345,156.96079974385,0.0474522292993631
133,3046,0,144.018497162844,8.40410159138916,150.473912919763,0.00276008492569002
133,3046,210.016351807861,43.8975956758867,216.022880163115,44.8567114010121,0.00169851380042463
133,3046,172,15,173,15,0.000530785562632696
133,3046,142.119226512817,36.1469709456002,40.1543734006894,21.8955057654275,0.0519108280254777
133,3046,57.318736723911,24.2130528986757,53.2692057649906,23.4907403969426,0.00276008492569002
133,3046,226.017774542505,130.999515015725,226.155587575668,136.050325403468,0.00148619957537155
133,3046,170.683494857026,88.1665892317134,178.904982746439,153.13856237779,0.00721868365180467
133,3046,0,150.873349751474,13.2217670237362,135.337678128623,0.00530785562632696
133,3046,195.810897108758,133.409534892833,179.846965886654,138.52215799799,0.00552016985138004
133,3046,223,15,223,17,0.000849256900212314
133,3046,100.867687625181,174.534462331214,85.9369048874434,178.778001478308,0.00403397027600849
133,3046,101.60821794035,67.5642445238695,109.561741987245,65.3939250757628,0.00286624203821656
133,3046,112.427999826534,152.726489618942,109.121068492219,38.7353938306255,0.0201698513800425
133,3046,176.899658513169,37.2209977147897,184.208987201156,40.5397148743328,0.00392781316348195
133,3046,8.71848774221773,95.87901075049,11.2299004829145,110.792891753531,0.00488322717622081
133,3046,5.84567321905249,105.542910552156,9.48593471041515,112.277854156994,0.00222929936305732
133,3046,123,17,122,18,0.000849256900212314
133,3046,12.186530068969,106.999634712241,22.2109251980636,108.868803042734,0.00562632696390658
133,3046,111,10,111,7,0.000743099787685775
133,3046,7.35153720890775,98.3919530156578,0,94.5822532134072,0.00392781316348195
133,3046,40.0271776308406,157.364974209029,0,160.345578948569,0.00605095541401274
133,3046,109.768599807625,65.1470688600785,116.474590930183,75.6983686729503,0.00265392781316348
133,3046,100.012607843896,13.1116541464709,89.0396019502929,14.3507119849255,0.000955414012738854
133,3046,140,4.94491088076678e-16,138,4.94491088076678e-16,0.000636942675159236
133,3046,144.62656441975,32.3984341018332,135.889575117066,37.8221169931435,0.0024416135881104
133,3046,129,27,131,29,0.000636942675159236
133,3046,25.9296774519672,34.7882874391901,38.8345204533034,30.5018084586977,0.00276008492569002
133,3046,48,11,52,11,0.000743099787685775
133,3046,6.4786475896719,106.476461019651,0.159821644118677,104.491286470522,0.00339702760084926
133,3046,125,25,127,27,0.000849256900212314
133,3046,87.0683532352301,26.7786114113484,93.1099339554384,28.6439360454929,0.00169851380042463
133,3046,214,18,216,16,0.000849256900212314
133,3046,95,9.00000000000001,94,7,0.000636942675159236
133,3046,193,7.99999999999997,191,4.99999999999999,0.000743099787685775
133,3046,1.16795265878026,93.5821052518597,26.4060992150657,96.571617571003,0.00615711252653928
133,3046,96.6653531534437,24.2054459806197,100.161768638723,29.9006871961949,0.00148619957537155
133,3046,25.0340078687389,134.030535205853,10.1225150426234,133.507454745589,0.00414012738853503
133,3046,178.936015188237,21.1578738861495,174.804138139225,19.4832627033964,0.000849256900212314
133,3046,117.161305795206,19.8800926006506,120.144184741684,23.8928196139567,0.00127388535031847
133,3046,196,43,197,45,0.000530785562632696
133,3046,97,2.00000000000001,94,4.00000000000001,0.000743099787685775
133,3046,152,11,149,14,0.000849256900212314
133,3046,130,2,131,4,0.000849256900212314
133,3046,75.84764951884,5.1806827445758,72.0313575824557,1.96281092111944,0.000743099787685775
133,3046,9,20,11,19,0.000530785562632696
133,3046,21.2230649236458,23.9772657652685,21.7376944045129,29.0267335486087,0.000955414012738854
133,3046,58,22,55,22,0.000530785562632696
133,3046,16,56,15,54,0.000636942675159236
133,3046,133,21,133,24,0.000636942675159236
133,3046,168.183252833694,20.7831499304639,173.072163138822,24.9146066046775,0.000849256900212314
133,3046,98,20,94,20,0.000530785562632696
133,3046,149,22,150,22,0.000530785562632696
133,3046,167,24,163,25,0.000530785562632696
133,3046,136,17,137,19,0.000636942675159236
133,3046,76.9951248725816,22.0182688093826,73.0119204605599,20.9553298605279,0.000636942675159236
133,3046,155.110404102329,29.9364054530809,153.996248123982,28.0021611412116,0.000849256900212314
133,3046,225.249596376118,29.8908826203262,222.199032839924,22.9129877512675,0.000743099787685775
133,3046,11.8144288659228,105.568025979633,24.1208541962625,100.281325397386,0.00127388535031847
134,3069,224.591337463497,141.565307106132,221.731702118921,149.615170280336,0.00532834101382489
134,3069,186.19898850291,122.138863795461,189.118483497252,138.979459635489,0.00763248847926267
134,3069,91.0887661024232,175.75335090334,239.270224324258,158.29337250625,0.0773329493087558
134,3069,131,29,129,27,0.00129608294930876
134,3069,141.960388800916,37.2469291728546,42.1232733693134,21.2315357317306,0.0400345622119816
134,3069,234.010201665338,128.996047242833,230.325571829554,119.48639135124,0.00460829493087558
134,3069,225.037288504753,149.002716334729,227.154519694829,119.938409771834,0.0161290322580645
134,3069,170.801433414347,69.5226730605945,239.763254954844,40.8347606188774,0.0515552995391705
134,3069,206.548597961499,137.058640068637,205.460210280547,128.680402640201,0.0079205069124424
134,3069,175.854828883189,142.104143358181,217.218554217347,137.126920159099,0.0326900921658986
134,3069,221,124,207,124,0.00619239631336406
134,3069,76,4.99999999999999,79,2.99999999999999,0.00158410138248848
134,3069,240,144.367335780468,228.625567948723,158.503358017339,0.00720046082949309
134,3069,164.375041940582,18.6077352979454,173.619881074761,23.9215459028144,0.00230414746543779
134,3069,119,22,120,24,0.00129608294930876
134,3069,231.826878403152,121.373839485696,235.059758877735,122.870956434524,0.00216013824884793
134,3069,95.1290576755043,25.2827790115677,97.1620015747413,24.3549625777679,0.00172811059907834
134,3069,185,6.00000000000002,184,3.00000000000001,0.00115207373271889
134,3069,225.855777526256,138.032710668302,239.345960845455,134.226018579171,0.00720046082949309
134,3069,130,2,131,4,0.000864055299539171
134,3069,93.0978786741613,13.9839890555918,94.0798383901056,19.9869400762058,0.000864055299539171
134,3069,144.176904990899,14.8401944164352,150.354980169696,21.6793317538196,0.00129608294930876
134,3069,15,54,16,56,0.00129608294930876
134,3069,176.352919194896,153.8489499348,206.631540369551,150.098127051957,0.0154089861751152
134,3069,184.690056067192,52.8612883124447,201.652577574685,58.9654354956866,0.00460829493087558
134,3069,91,4.92049291401591e-15,97,2,0.00100806451612903
134,3069,175,29,174,31,0.00115207373271889
134,3069,191,5,193,8,0.000720046082949309
134,3069,230.751686406067,144.279356639453,227.577317028415,130.094591050734,0.00835253456221198
134,3069,144.748102051929,32.1165830546201,184.006075394961,40.9730697168616,0.0276497695852535
134,3069,111,10,111,7,0.00100806451612903
134,3069,124.824631237896,25.2098499606952,128.655982708232,28.4116583494688,0.00100806451612903
134,3069,138,0,140,0,0.00115207373271889
134,3069,223,15,223,17,0.00100806451612903
134,3069,101,6,103,2.99999999999999,0.00100806451612903
134,3069,194,173,192,171,0.000720046082949309
134,3069,209.007750253644,123.247673570908,228.988185362229,122.622441579313,0.00576036866359447
134,3069,211.130805105649,129.091521878064,226.440256611996,120.814292694074,0.00460829493087558
134,3069,151,14,152,11,0.00129608294930876
134,3069,136,17,137,19,0.00100806451612903
134,3069,171,17,172,15,0.00100806451612903
134,3069,122,18,123,17,0.000720046082949309
134,3069,225,30,224,27,0.00115207373271889
134,3069,21,24,21,26,0.00129608294930876
134,3069,183,25,185,23,0.000864055299539171
134,3069,209.946437356103,148.968618927622,219.971081315182,149.522961217726,0.00590437788018433
134,3069,216,45,216,51,0.00158410138248848
134,3069,227.928978409095,138.769848210703,239.019100590665,139.792956545191,0.00403225806451613
134,3069,83.7709490627689,18.0974181319987,85.8781227979247,23.0518358470956,0.00115207373271889
134,3069,136,7.00000000000001,137,10,0.00115207373271889
134,3069,13.7523882476268,152.076445624069,9.00227751561136,136.690565050177,0.00417626728110599
134,3069,9.09240428548799,146.747261162808,10.6004527085707,141.33179632459,0.00216013824884793
134,3069,39.9947580248706,21.999816409621,39.4326242219776,38.0501749850778,0.00446428571428571
134,3069,125,6,127,9,0.000720046082949309
134,3069,218.232009578863,13.1950184348815,214.113167094878,18.0951239592402,0.00115207373271889
134,3069,140.74032997112,36.1151425067756,145.132339082998,33.1993394060961,0.00360023041474654
134,3069,77.0308128345486,21.5951639574161,67.0127358604862,20.8326692291152,0.00201612903225806
134,3069,155.389879038864,29.7698546801903,154.255948863919,27.8489135673639,0.00100806451612903
134,3069,195,29,197,28,0.00100806451612903
134,3069,73,9.00000000000001,75,10,0.00115207373271889
134,3069,94,7,95,9.00000000000001,0.00100806451612903
134,3069,147,5,145,6.99999999999998,0.000864055299539171
134,3069,184.090418981281,34.0665100920363,187.052981839247,30.0389722042284,0.00144009216589862
134,3069,94,4,95,7,0.000720046082949309
134,3069,180.818301595186,103.018429342167,178.689633092799,82.0314799567775,0.0030241935483871
134,3069,178.953298344244,21.1224461630159,174.795345536031,19.536579559149,0.00100806451612903
134,3069,164,29,163,25,0.000720046082949309
134,3069,181.029816236644,39.2996005927281,181.818571346917,47.119169974968,0.00230414746543779
134,3069,184.677534467072,38.7100560426807,184.164814412193,42.087628494002,0.00172811059907834
134,3069,210,44,214,44,0.00115207373271889
134,3069,123.907302400165,32.9578737660433,124.831792765995,30.9235585677996,0.00158410138248848
134,3069,68.0343252945757,55.0587068177135,71.8867171551284,52.8062514712208,0.000864055299539171
135,3092,107.820419858313,180,239.522414846291,164.414579466847,0.0601267353552943
135,3092,153.593920183755,42.3182876186955,158.165420929685,36.7909601935916,0.00386978184104871
135,3092,146.855429032567,43.8595314144012,39.8549586183791,25.8623282122589,0.053306244860446
135,3092,49.5842583520262,27.4988277709444,53.9621986519916,28.2272061474784,0.00251535819668166
135,3092,215.87800923366,180,240,152.050685908726,0.0936970928263919
135,3092,182.699229442363,147.415884916184,191.296750709261,132.960828319483,0.004885599574324
135,3092,124,129,163,129,0.00304745319982586
135,3092,0,108.526946091695,24.0772419393667,113.635983722073,0.00657862912978281
135,3092,184.002327538515,46.9899469075467,143.83993238788,37.6913632117674,0.0104484109708315
135,3092,167.745611842214,45.7642701260139,154.707689651804,39.8478384994965,0.00174140182847192
135,3092,20.1872077696285,66.3223517172343,23.929585443132,87.3681622618475,0.00275721956174721
135,3092,97,24,95,25,0.00043535045711798
135,3092,229.858659928647,47.6593936360632,224.622433814393,54.4779877136319,0.00178977410148503
135,3092,149,14,151,14,0.000338605911091762
135,3092,225.813494577308,51.9819133277123,171.168829768111,74.411319235391,0.00938422096454312
135,3092,54.9525306400613,27.2918137432525,142.585662940353,41.5471008772791,0.00575630048855996
135,3092,0,100.306506532613,20.3429846976714,97.9030940934398,0.00333768683790451
135,3092,214,44,216,45,0.000338605911091762
135,3092,230.243090064249,50.542117597527,239.976452478581,46.1775964946298,0.0011125622793015
135,3092,235.793281984162,48.2761034945683,239.670803454291,46.9246851900861,0.000967445460262178
135,3092,179,21,179,23,0.000290233638078653
135,3092,129,27,131,29,0.000338605911091762
135,3092,197,28,195,29,0.000338605911091762
135,3092,136,17,137,19,0.000338605911091762
135,3092,76.9725355800998,23.9243406548947,85.0033237497985,21.009156309653,0.000483722730131089
135,3092,136,7.00000000000002,137,10,0.000338605911091762
135,3092,145,7,147,5,0.000338605911091762
135,3092,204.011876465746,121.77016387003,205.931135455071,113.518785046652,0.00154791273641948
135,3092,204.313976585345,174.146228927672,213.929735591094,177.219822682081,0.00120930682532772
135,3092,136,24,137,27,0.000290233638078653
135,3092,120.176644226366,23.8759799087058,117.305010071424,19.785855571496,0.000338605911091762
135,3092,176,20,175,20,0.000241861365065544
135,3092,48,11,52,11,0.00043535045711798
135,3092,73,21,77,22,0.00043535045711798
135,3092,184.076922459362,34.0603400801611,188.895265062574,27.9178430516611,0.000338605911091762
135,3092,125,25,127,27,0.000338605911091762
135,3092,123,17,122,18,0.000483722730131089
135,3092,225.009223843152,29.9434276686883,217.057563384993,28.6469481501669,0.000386978184104871
135,3092,155.032028791209,29.9842205957293,154.043836593447,27.9784033270146,0.000580467276157307
135,3092,98,20,94,20,0.000290233638078653
135,3092,174,31,175,29,0.000483722730131089
135,3092,64.958837769113,59.3926814062192,71.9864421997407,60.1293393471722,0.000967445460262178
135,3092,71.9151110323994,52.8308946319583,64.319264750745,56.6439229016684,0.00120930682532772
135,3092,15,54,16,56,0.000338605911091762
135,3092,235.371396192042,175.921782966711,235.999306075823,170.875483875553,0.000386978184104871
135,3092,103,2.99999999999999,101,5.99999999999999,0.000483722730131089
135,3092,199,37,199,40,0.000338605911091762
135,3092,138,0,140,0,0.000483722730131089
135,3092,191,5.00000000000001,193,8,0.000386978184104871
135,3092,185,23,183,25,0.000241861365065544
135,3092,76,5,74,3,0.000241861365065544
135,3092,110.061720413786,23.0376743857669,113.099619385116,18.0608080684251,0.000338605911091762
135,3092,130,2,131,4,0.000338605911091762
135,3092,116,0,117,0,0.000241861365065544
135,3092,133,21,133,24,0.000290233638078653
135,3092,166.93228340344,24.4077860482078,172.932872480906,25.4042386523824,0.000386978184104871
135,3092,183,15,183,17,0.000241861365065544
135,3092,94,7,95,9.00000000000001,0.000338605911091762
135,3092,21,24,17,25,0.000241861365065544
135,3092,223,15,223,17,0.000290233638078653
135,3092,148,28,149,27,0.000338605911091762
135,3092,172,10,167,9.00000000000001,0.000290233638078653
135,3092,214,18,216,16,0.000386978184104871
135,3092,109,17,106,20,0.000386978184104871
135,3092,145.693402566443,16.8809596400668,144.99773051243,12.8287139317565,0.000241861365065544
135,3092,91,0,91,3,0.000290233638078653
135,3092,233.168089192446,27.9689027910895,233.916709896321,32.0154090201553,0.000241861365065544
135,3092,58,22,55,22,0.000241861365065544
135,3092,159,18,165,20,0.000290233638078653
135,3092,0.0979059645994577,143.694102650952,13.9583018272076,148.130281751163,0.00116093455231461
136,3115,0,109.121398363514,19.0068609893921,112.9660815035,0.00661880188467579
136,3115,189,42,191,45,0.000560915413955575
136,3115,97,1.99999999999999,94,3.99999999999999,0.000673098496746691
136,3115,94,6.99999999999999,95,9,0.000560915413955575
136,3115,142.17258412628,41.9220555296502,40.2242065091553,25.5996269067738,0.0453219654476105
136,3115,97.7293065794602,34.0684220779012,93.2307908752009,35.6545572946798,0.00325330940094234
136,3115,74.9439801176147,29.2202715377126,86.9315914746361,32.2689839827029,0.00157056315907561
136,3115,131,4,130,2,0.000897464662328921
136,3115,161,44,178,44,0.00325330940094234
136,3115,143.573199317307,13.1338679811088,144.805012019973,17.0611588694331,0.00100964774512004
136,3115,154.872135340793,42.067782484035,155.347664647543,35.9493004026495,0.00347767556652457
136,3115,173.761829645185,31.1159558880563,170.825557267747,25.0849293857291,0.00112183082791115
136,3115,184.788491439229,42.6254627116731,137.347089188446,34.074355000334,0.024343728965672
136,3115,195,29,197,28,0.000785281579537806
136,3115,4.55302784310614,106.477344410799,22.9998545742261,98.2387484749425,0.00347767556652457
136,3115,11.8838879621801,98.8824767082755,8.35983664711232,102.364210189105,0.0014583800762845
136,3115,122,18,123,17,0.000897464662328921
136,3115,216,16,214,18,0.000785281579537806
136,3115,148,28,149,27,0.000673098496746691
136,3115,185,141,206,141,0.00437514022885349
136,3115,210,44,214,44,0.00100964774512004
136,3115,39.0922507433637,27.0225352290419,33.969638018093,47.9925831034906,0.0037020417321068
136,3115,74,3,76,5,0.000673098496746691
136,3115,238.799739945899,44.5310587148525,170.452721994897,73.718460093315,0.0339914740857079
136,3115,128.099429432044,6.03859297645259,126.150946163541,11.0585889068797,0.000673098496746691
136,3115,101,6,103,2.99999999999999,0.000673098496746691
136,3115,138,0,140,0,0.000785281579537806
136,3115,193,8,191,5.00000000000001,0.000897464662328921
136,3115,112,20,109,17,0.000897464662328921
136,3115,154.129664765814,27.9370157060805,155.106601018005,29.9482188564643,0.000897464662328921
136,3115,85,21,83,22,0.000673098496746691
136,3115,184.653464848849,56.5006314832995,192.909808452316,67.304737357924,0.0037020417321068
136,3115,92,20,98,20,0.000673098496746691
136,3115,197,45,196,43,0.000560915413955575
136,3115,176,20,179,21,0.000673098496746691
136,3115,87.1862702028574,26.6944875517457,94.0672033648763,30.8897759050061,0.00112183082791115
136,3115,97,24,99,27,0.000897464662328921
136,3115,174,41,171,40,0.000897464662328921
136,3115,131,29,129,27,0.000785281579537806
136,3115,124.155393963129,33.0646491897092,125.012239919706,31.0050922241454,0.000560915413955575
136,3115,211.999628958256,52.9963927956129,205.960662622527,53.6175687433356,0.00168274624186673
136,3115,20,86,20,97,0.00134619699349338
136,3115,233.260344802015,123.924834292247,95.85065563061,145.19740911829,0.0323087278438412
136,3115,127,27,125,25,0.000560915413955575
136,3115,58,22,55,22,0.000560915413955575
136,3115,117.153332071426,76.2991313112165,107.051531683617,69.4492607461129,0.00482387256001795
136,3115,224,27,225,30,0.000673098496746691
136,3115,73,21,67,21,0.000785281579537806
136,3115,107,33,106,35,0.000560915413955575
136,3115,147,5,145,7,0.000785281579537806
136,3115,216,45,216,48,0.000560915413955575
136,3115,27.1727808806747,35.460863625037,38.0201289584756,38.9371906563854,0.00246802782140453
136,3115,228,49,229,47,0.000560915413955575
136,3115,21.1263842273888,53.7746780168668,25.4870149040566,36.8676914694543,0.00415077406327126
136,3115,85.2643314699928,64.3798701167482,71.2769740945632,108.191277334214,0.0189589409916985
136,3115,65.0557907843317,59.5114363178606,69.117025154996,59.9752027810202,0.00168274624186673
136,3115,29.2646504832321,64.5514348273809,38.1290048587163,69.7813452444444,0.00123401391070227
137,3138,18.8818512858085,153.139291705035,24.3977426896266,39.0192245372535,0.0172763769227299
137,3138,238.73470548154,155.989270752386,80.7147907025523,176.838331981386,0.0398755018268754
137,3138,121.545368232675,121.626072857074,100.48244376136,113.26533120273,0.00410483107041364
137,3138,104.837058214951,121.003751218444,103.17930489987,48.9958720726718,0.010645495962831
137,3138,123.491474275363,50.7361837447252,162.068482905943,56.5452139962738,0.00983355135549641
137,3138,169.989697561668,41.0671530548193,40.1312298385691,21.1446214711922,0.017727457260138
137,3138,22,15,24,13,0.0102846316929045
137,3138,169.338685672968,162.810254191058,63.637524744123,65.9373845738381,0.0435743605936217
137,3138,77.1400725412934,164.771464804198,73.715188428079,177.658547170247,0.00212007758581803
137,3138,56.2385526649703,178.945667933482,32.2404733551752,73.5786877984335,0.0490324326762596
137,3138,166.235249694022,117.435184466014,143.772008940836,129.578243160949,0.00279669809193017
137,3138,166.486280625719,124.609694478471,150.360454138616,118.969439963939,0.00216518561955884
137,3138,124.097804073465,71.0464205353867,163.097799708778,75.0464630906301,0.00888628264693942
137,3138,119.293195090733,69.3670332747781,106.855496884598,63.2581941063519,0.00365375073300555
137,3138,18.9191592561835,109.174057760799,0,100.387095894634,0.00554828815011954
137,3138,129.342514562729,164.941213361921,124.439938265013,52.9807357832232,0.01560737967432
137,3138,136.191170080697,77.9757626090584,135.801961677729,90.9640995931445,0.00189453741711399
137,3138,132.476721171947,91.006154324066,132.580314772879,82.9816722992944,0.00175921331589156
137,3138,146.320403219001,83.6860421126136,140.993128437825,112.185640095153,0.00315756236185665
137,3138,142.336546686265,91.9660384786104,143.156043894713,75.9567987185712,0.00234561775452208
137,3138,136.03821448014,120.71606456175,137.579482338324,131.779968686166,0.00189453741711399
137,3138,16.48792930234,176.474838865403,0,161.155838064441,0.0024358338220037
137,3138,5.24313675196941,175.423274635267,0,166.047949063352,0.00121791691100185
137,3138,127.738655883568,81.8268272916431,130.117241124428,91.9725136379474,0.00153367314718751
137,3138,126.695883640587,75.8996469587563,128.855702684528,90.8765995321856,0.00171410528215075
137,3138,102.953228366729,142.518228741225,166.99540489951,141.657931791176,0.00965311922053318
137,3138,152,11,149,14,0.000451080337408092
137,3138,141.081022560003,129.008056030317,141.976917013378,119.997704870841,0.00180432134963237
137,3138,139.95743506018,119.99826808262,139.588535219224,129.064635631258,0.00153367314718751
137,3138,2.92500776648186,121.837216172345,0,126.330333370194,0.0133970860210203
137,3138,0.715739738449352,155.406625772201,3.86681960853844,165.358790476912,0.0014434570797059
137,3138,164.146352941288,83.488916980687,158.685678659799,96.2924404238834,0.00202986151833642
137,3138,129.844427962214,74.3064507243295,101.137555906528,67.2741663315527,0.0103748477603861
137,3138,155.019653831601,29.9965098329442,153.784010803938,23.0383557970676,0.00058640443863052
137,3138,27.483030377891,141.628019374421,81.907184191847,172.654579661842,0.0114123325364247
137,3138,68.3275490314988,179.515077141798,61.8772661451964,171.094010427667,0.0014885651134467
137,3138,133.887116544532,123.538306805851,126.107670548956,125.44037241292,0.000992376742297803
137,3138,133.998364536505,120.087723168066,127.038070708776,119.957959199009,0.00139834904596509
137,3138,201,39,199,40,0.000225540168704046
137,3138,140,0,137,0,0.000270648202444855
137,3138,215.796062669278,168.960229615172,214.820085216306,173.964914318735,0.000857052641075375
137,3138,178.58122928417,58.6165224074896,106.468461365307,39.6263375910434,0.0217420722630701
137,3138,110.011052669368,81.5699566928502,102.989989184734,81.3895062776984,0.000992376742297803
137,3138,87.0254214108157,26.9053011471717,91.0069471194479,27.9741208602881,0.000405972303667283
137,3138,1.66224469190773,91.1239316559976,17.8714627676671,100.492167554352,0.00387929090170959
137,3138,92.4869636719171,0,95.7411851623149,8.72350793966708,0.000721728539852948
137,3138,76.7517265603941,1.54064903747515,77.6390909112699,3.58943350516648,0.000270648202444855
137,3138,73.8055223421503,6.35472713965274,71.7416338112233,3.01150241428661,0.00058640443863052
137,3138,144.764495409816,17.0552990277414,143.822077259104,13.0417781860514,0.000451080337408092
137,3138,123,17,122,18,0.000270648202444855
137,3138,214,18,216,16,0.000405972303667283
137,3138,223,15,223,17,0.000270648202444855
137,3138,11.5354477845635,51.0358103414111,15.3643485654127,56.4495669888301,0.000676620506112139
137,3138,115.806693630961,21.527234602723,107.78508355273,18.5861751387622,0.000451080337408092
137,3138,60.2078245372851,15.363588006675,63.3307063334305,13.5785691051574,0.000315756236185665
137,3138,90.1118028481834,85.487546264145,46.2038897269372,82.2418074832694,0.00739771753349272
137,3138,222.29190617794,23.8658654252126,225.091333281586,29.9580312038068,0.000315756236185665
137,3138,172.030888768741,9.88104430751405,164.049700192732,7.80859965987084,0.000315756236185665
137,3138,20.9092627429687,23.8729256557003,14.5707884660768,28.3989043087297,0.000360864269926474
137,3138,185.155027274527,6.06105678581964,182.024508967142,14.0096527450542,0.000315756236185665
137,3138,30.5094989237028,0.10766742718652,31.602540820679,5.0872442677847,0.000270648202444855
137,3138,159.900068973227,119.713931383575,139.58453444329,126.810663106163,0.00189453741711399
137,3138,203.10909837502,28.1363191477633,193.110639254664,36.1382444871637,0.000360864269926474
137,3138,159.222331805102,17.6765585230046,164.018345904017,20.973310942672,0.000270648202444855
137,3138,8.95549513893677,19.6120211021764,15.977803224208,18.8064957309994,0.000270648202444855
138,3161,148.066391529828,29.7143976400468,187.272380294286,38.8282774164909,0.0164890073284477
138,3161,145.327215802801,87.2507992450225,104.659847796525,69.4891974559466,0.00849433710859427
138,3161,85.6520230154731,179.153943607538,80.066448532378,166.528207491795,0.00224850099933378
138,3161,128,169,149,169,0.00308127914723518
138,3161,142.662660807196,163.578393767527,86.7274677735186,176.851501634021,0.0109093937375083
138,3161,115.891531586927,171.27572301072,133.789628823986,168.595286888806,0.00458027981345769
138,3161,21,128,11,128,0.00233177881412392
138,3161,42.3192800456581,17.9956343931353,161.990701682864,37.0583726647569,0.0532978014656895
138,3161,105.230501533606,45.9954934177653,107.459251216068,159.991021086328,0.0193204530313125
138,3161,10.327684766888,107.512039536252,1.0370487503667,93.3210587340415,0.00699533644237175
138,3161,21.4433456772002,141.355092789092,0.860471250428656,135.807467767481,0.00591272485009993
138,3161,179,166,151,166,0.00283144570286476
138,3161,185.624986878248,49.573135191026,200.709847153291,59.4434426359501,0.00324783477681546
138,3161,168,167,148,167,0.00258161225849434
138,3161,15.0548794691258,107.887101664954,32.7522223012094,66.8930331377397,0.0110759493670886
138,3161,93.0169222683041,82.759836543863,48.0990085950704,79.5948546641609,0.0104097268487675
138,3161,82.2821199167497,84.2719316855173,57.1360505242395,80.1666501152569,0.0037475016655563
138,3161,42.3646914024835,180,69.750383671001,166.493865832632,0.00491339107261825
138,3161,43.4201070549001,20.1109824455439,32.6943276187484,60.7117782592254,0.00991005996002665
138,3161,53.2377791724651,160.569468737074,79.4286571480737,175.034493294991,0.00383077948034644
138,3161,94,20,98,20,0.000666222518321119
138,3161,68.9830159628824,126.793804799234,61.9483745155149,127.37323929144,0.00191538974017322
138,3161,13.5458546847412,142.639467018725,0,159.702500820771,0.00433044636908728
138,3161,17.7960160394836,179.118644173563,4.69569090267641,156.595361949074,0.00458027981345769
138,3161,122.986327933607,66.423846649107,108.976985433139,61.0601108936681,0.00483011325782811
138,3161,17.4843477525906,133.818740059646,0,156.252575374297,0.00391405729513658
138,3161,129,27,131,29,0.000582944703530979
138,3161,51.7867825804739,88.1053881729896,0,90.9405472691517,0.0139073950699534
138,3161,26.0884349377973,36.0061327648602,22.6184977959401,86.0428914368406,0.0103264490339773
138,3161,15.1313331915997,105.803861965758,30.4962309242482,99.7263857476368,0.00458027981345769
138,3161,185,23,183,25,0.000582944703530979
138,3161,167.00698130753,19.0121991129045,161.947231455244,21.907792425342,0.000749500333111259
138,3161,76.2426172060353,5.28727531705546,81.1328231583026,1.15727167721214,0.000832778147901399
138,3161,184.017635579356,34.0126208310338,189.023932369929,27.0171271037381,0.00108261159227182
138,3161,172,28,171,29,0.0004163890739507
138,3161,21.0951247542449,169.300101263981,82.1897865050138,177.603609165385,0.00691205862758161
138,3161,158,168,139,168,0.00258161225849434
138,3161,137.200144719638,18.8908738886725,136.130405043022,16.9288984727244,0.000749500333111259
138,3161,208.10864968002,53.1537171666318,215.800146400686,47.7172478646785,0.0016655562958028
138,3161,109.027199288378,27.7802876894232,94.1316811485035,25.9362968253249,0.000832778147901399
138,3161,97,24,97,25,0.0004163890739507
138,3161,185.81235963321,37.9464175515394,187.458524032454,62.9037971784876,0.00349766822118588
138,3161,189,9.60711850196813e-15,187,1.00000000000002,0.0004163890739507
138,3161,124.956199097853,5.85655233599007,132.832536722672,3.45155887749417,0.000666222518321119
138,3161,214.091769507341,18.0769709898036,218.205484771061,13.1723488190839,0.000749500333111259
138,3161,32.754228520895,61.4491187168956,35.4281971310018,27.1895212843711,0.00766155896069287
138,3161,3.08399034515592,97.8265284551591,14.6906517095887,103.615198147387,0.00507994670219853
138,3161,11.951194824636,106.043834769019,8.22730068500191,101.897689811733,0.00199866755496336
138,3161,225.619301642556,32.8535670198287,224.22277904985,26.9473242149745,0.000832778147901399
138,3161,122,18,123,17,0.0004163890739507
138,3161,130.33037203995,156.988203776536,127.724615294978,84.0098328524395,0.0105762824783478
138,3161,103,2.99999999999999,101,6,0.000999333777481679
138,3161,136.971217492045,10.0109005308678,135.064267946198,4.97566039997518,0.000832778147901399
138,3161,21,24,21,26,0.000666222518321119
138,3161,151.998166220664,10.9984686143154,157.004404477437,5.00367817084755,0.000832778147901399
138,3161,163.945227116473,29.0142817990489,162.904980255695,25.0247759987509,0.000666222518321119
138,3161,79.0376545899343,22.8724299781662,72.9754803761051,21.0830700576235,0.000666222518321119
138,3161,88.6627401449339,169.695497878304,32.1289064415937,158.357256968659,0.011325782811459
138,3161,55.3849165319254,156.964872555234,55.7410743588653,171.006567468831,0.00274816788807462
138,3161,111,10,111,7,0.000499666888740839
138,3161,149,14,151,14,0.0004163890739507
138,3161,85,25,95,25,0.000666222518321119
138,3161,100.021201703424,13.1751087870992,93.0030091067679,14.0248527689427,0.000582944703530979
138,3161,223,15,223,17,0.000666222518321119
138,3161,23.2432839438961,132.001096459684,23.4145431771168,94.0018683102291,0.00591272485009993
138,3161,20.9333665914077,69.9558245400283,18.9410859053325,72.9609421567089,0.000582944703530979
138,3161,182.297452019246,23.8379935619345,184.275174206058,25.9004321262277,0.0004163890739507
138,3161,175,29,174,31,0.000749500333111259
138,3161,150.705012552226,24.7653513941861,141.858140335575,35.8871573257449,0.000999333777481679
138,3161,191,5.00000000000001,193,8,0.000666222518321119
138,3161,125.007772427557,24.9908166483461,128.81770165209,28.215390857298,0.000666222518321119
138,3161,85,21,83,22,0.000666222518321119
138,3161,109,17,112,20,0.000666222518321119
138,3161,144.721342827654,17.0564183021023,143.903995827922,13.0194374770179,0.000499666888740839
138,3161,120,2.99999999999999,121,0.999999999999988,0.0004163890739507
138,3161,95,9.00000000000001,94,7,0.000749500333111259
138,3161,48,11,52,11,0.0004163890739507
138,3161,11,84,8.99999999999999,81,0.0004163890739507
138,3161,75,9.99999999999999,73,9,0.000499666888740839
138,3161,133,21,133,24,0.000499666888740839
138,3161,172.457689007658,14.6362122007162,170.911748007298,16.9407996543297,0.000666222518321119
138,3161,233,28,234,31,0.0004163890739507
138,3161,154.143797655618,27.93384743671,155.077835991924,29.9641923899258,0.000749500333111259
138,3161,15,54,13,53,0.000666222518321119
138,3161,14,14,14,17,0.0004163890739507
138,3161,69,21,67,21,0.000499666888740839
138,3161,18.9604826970398,44.1298806082939,28.9486231582572,47.1688590809068,0.000916055962691539
138,3161,210.160951769698,46.5408240930477,216.073878375912,46.1662621530972,0.0012491672218521
138,3161,179,21,179,24,0.0004163890739507
138,3161,127.76555702175,79.9772409192003,126.873597957864,49.9740289933413,0.00566289140572951
138,3161,67.1679015554793,45.1587122783665,69.4466104923755,57.1055520655729,0.00274816788807462
138,3161,165.215337293874,73.3175235084732,127.198155404161,68.4517693002807,0.00849433710859427
138,3161,94,4,97,2,0.0004163890739507
138,3161,193.99719861708,52.0134586962042,190.922273204546,51.3734231830038,0.000582944703530979
139,3184,22.9158782597591,151.859640994682,43.0169615989245,153.82666923284,0.00314589068029886
139,3184,158.004589066636,98.252578802375,108.494257071423,46.5269112444083,0.0316836132801528
139,3184,41.6869592543466,60.9994836066641,41.5219965597697,161.000861087729,0.0141565080613449
139,3184,45.2381243241482,15.6013256333583,149.286767727245,33.3156081567363,0.0292680186506376
139,3184,201.767383232453,68.0159893592724,206.63886199234,138.887349680465,0.0175271052188079
139,3184,200.089579284431,144.07544484185,195.551127432486,149.46416671273,0.00179765181731363
139,3184,128.323258991525,45.9945190704365,167.27827597088,52.2735912460689,0.00831413965507556
139,3184,240,132.80561369922,217.32426001211,94.8064998108988,0.0284253693612718
139,3184,137.807336083287,140.638454397036,107.801812032454,156.628088178371,0.00449412954328408
139,3184,240,107.885402357664,217.567533901992,69.6668843876704,0.0259535981124656
139,3184,17.8182885760235,82.3736524342757,44.7669999778867,95.4791169621794,0.00314589068029886
139,3184,23.4922083859752,147.141371424694,30.2529497297668,27.9576233024433,0.035166563676198
139,3184,104.95575587077,11.7190486027448,92.9388147983044,13.6114723420492,0.000786472670074715
139,3184,203.874045934357,106.411864440335,128.150903414077,25.2089329415484,0.0573563282961631
139,3184,189.760489328912,136.149642339125,191.209477633409,119.102806111466,0.00421324644682883
139,3184,35.8910922766968,69.4148168350992,55.5225809053339,27.2432692583056,0.00393236335037357
139,3184,22,15,18,16,0.0128644458176507
139,3184,175.697847748542,154.454369613114,159.992888498283,144.01069411288,0.00191000505589574
139,3184,78,50,70,50,0.000786472670074715
139,3184,104.901278615585,45.8191478642904,183.276178410927,180,0.101848210774676
139,3184,44.1902352088975,108.176255967529,0.00636345408566541,97.9724453882152,0.00646031121847087
139,3184,133,21,133,24,0.000449412954328409
139,3184,68.9650640023407,48.378085283632,78.4746232182968,45.6613589410751,0.00151676872085838
139,3184,72.3174767699714,51.9209359845319,69.3283382325801,39.9182310595455,0.00106735576652997
139,3184,209.815829172173,141.62559620883,106.090944195892,71.2900268138322,0.0839278692208303
139,3184,103,2.99999999999999,101,6,0.00050558957361946
139,3184,129,27,131,29,0.000617942812201562
139,3184,47.0151345721067,27.729337301197,31.0650055264422,26.8374582974746,0.00213471153305994
139,3184,198.993387937163,59.0036727816305,192.673430179432,47.6259318682681,0.0024155946295152
139,3184,154.116838355491,8.05933387348124,151.079496164257,14.0403704359962,0.000449412954328409
139,3184,83,22,85,21,0.000449412954328409
139,3184,111.466383617051,116.838988433663,110.1715784922,80.9217153553226,0.00556148530981406
139,3184,36.749089387815,94.000747419635,36.7247323753465,151.000309692124,0.00870737599011292
139,3184,191.13457357201,37.465417124996,148.329792023951,26.6899272592359,0.00651648783776192
139,3184,18.7337196861529,137.198337886983,9.9975678186203,163.958008527224,0.00696590079209033
139,3184,43.9852613759142,26.1357917843107,45.2584701023949,16.8978000453716,0.00314589068029886
139,3184,26.0552240712347,95.7603731968414,36.4793185795217,141.664067195085,0.00595472164485141
139,3184,171.86115192679,28.030398316715,170.770820536288,23.0501747684459,0.000617942812201562
139,3184,215.21020237688,43.5045268830135,217.744708755554,49.6951062273464,0.0026403011066794
139,3184,191.595521192282,157.321227200993,198.514411183024,137.33152113289,0.00146059210156733
139,3184,76.0387146486551,5.0551458776135,83.0790235912508,0.112562697663066,0.000617942812201562
139,3184,193,7.99999999999999,191,4.99999999999999,0.000561766192910511
139,3184,131,4,133,4,0.000337059715746306
139,3184,127.38240178461,9.41943390942997,134.047589359858,3.34272059124183,0.000730296050783664
139,3184,238,23,239,25,0.000337059715746306
139,3184,52,11,48,11,0.000617942812201562
139,3184,90.1915578828742,21.970531441667,116.220704353206,26.8138927570936,0.000842649289365766
139,3184,125,25,127,27,0.000617942812201562
139,3184,145,7,147,5.00000000000002,0.000393236335037357
139,3184,75,10,73,9.00000000000001,0.000449412954328409
139,3184,120.046277996752,23.9650808043484,117.034673502711,19.9738370087285,0.000617942812201562
139,3184,53.0323356275312,9.97831879155615,55.0402798669337,12.9729921372258,0.000337059715746306
139,3184,146.806793414005,0.577116084527343,141.914288108585,2.81239676661466,0.000337059715746306
139,3184,16,56,15,54,0.000449412954328409
139,3184,65.8269929163353,86.9839824665511,66.4231906191423,154.987522664624,0.0148868041121285
139,3184,199,37,199,40,0.000280883096455255
139,3184,181,14,183,17,0.000280883096455255
139,3184,163,21,165,20,0.000393236335037357
139,3184,171,8.00000000000001,172,10,0.000337059715746306
139,3184,222.067530297802,23.0097594684201,223.22049428354,15.0318658004938,0.000730296050783664
139,3184,224,27,225,30,0.000280883096455255
139,3184,222,29,221,29,0.000280883096455255
139,3184,19,44,17,42,0.000280883096455255
139,3184,10.953382160414,63.9104006084088,8.96999928804949,64.9423386934714,0.000337059715746306
139,3184,167,9,165,6.99999999999998,0.000393236335037357
139,3184,17,67,19,64,0.000337059715746306
139,3184,6.80096565848071,132.158753575229,13.0337935657018,139.973045609446,0.00123588562440312
139,3184,192,171,196,172,0.000337059715746306
139,3184,5.67680306805246,173.115851294757,0.229034335774297,157.917901682472,0.00308971406100781
139,3184,116.907543586629,0,113.058941000355,2.10762831600027,0.000337059715746306
139,3184,163,25,167,24,0.000393236335037357
139,3184,122,18,123,17,0.000617942812201562
139,3184,216,16,214,18,0.000561766192910511
139,3184,13.8108994545017,138.09884596234,9.4535696413005,129.762911695657,0.00191000505589574
139,3184,178.957811676709,21.1034291944607,174.828972071932,19.4192932890038,0.000449412954328409
139,3184,168.68259291452,19.7776438673903,172.349001224307,14.543949783358,0.00050558957361946
139,3184,197,28,195,29,0.000449412954328409
139,3184,16,17,14,14,0.000280883096455255
139,3184,85,9,85,7,0.000393236335037357
139,3184,26,2,31,2,0.000280883096455255
139,3184,146.753033734969,17.4283783062411,143.364390549644,12.9643023934795,0.00050558957361946
139,3184,136,17,137,19,0.000449412954328409
139,3184,18,68,21,70,0.000393236335037357
139,3184,94,4.00000000000001,91,3,0.000449412954328409
139,3184,94,20,98,20,0.000561766192910511
139,3184,137,10,136,7.00000000000001,0.000393236335037357
139,3184,159,18,160,15,0.000280883096455255
139,3184,138,0,140,0,0.000280883096455255
139,3184,204.079923265917,36.1131756180341,208.162500064937,33.2301087808272,0.000393236335037357
139,3184,94,6.99999999999999,95,9,0.000617942812201562
139,3184,0.0362427604790383,87.0565984680716,9.1438091301857,81.2245793740773,0.00050558957361946
139,3184,161,11,158,13,0.000393236335037357
139,3184,185,23,183,25,0.000337059715746306
139,3184,193.802086682629,58.5042092400559,239.159000465655,40.3983105469901,0.0050558957361946
139,3184,64.8774559292076,16.3475021049482,70.8544449829876,15.2249780703326,0.000337059715746306
139,3184,114.711997290069,172.579961404213,108.876937704613,121.013925364086,0.00915678894444132
139,3184,5.96535834616696,14.1204773415498,9.92548249636978,15.259158260156,0.000337059715746306
139,3184,112,20,106,20,0.000393236335037357
139,3184,17,32,19,32,0.000280883096455255
139,3184,158.634262629102,166.414250321014,116.325285454237,125.556595637399,0.0174147519802258
139,3184,109,17,107,19,0.000280883096455255
140,3208,136,17,137,19,0.000616370808678501
140,3208,133.697275452529,81.9729875368814,135.013960764123,115.96071914242,0.0125739644970414
140,3208,26.9713464053716,111.052101568105,31.3208139629134,29.9635694769943,0.032914201183432
140,3208,112.532112711107,114.987860612347,111.733533122778,79.9832654947944,0.0119575936883629
140,3208,126.025457680664,70.684004439393,109.968547643059,69.3904049742378,0.00369822485207101
140,3208,117,0,114,2,0.000616370808678501
140,3208,208.687246585124,121.564826662521,189.523773260067,135.337365573145,0.00530078895463511
140,3208,205.44884666778,146.718384147922,206.87139969447,143.934290727277,0.0014792899408284
140,3208,201.77610371959,147.437339581947,204.337072122979,144.272780862393,0.0020956607495069
140,3208,149.227441694308,26.0358641159696,191.971843007702,36.1193587954196,0.0131903353057199
140,3208,240,126.609361422931,222.984371061151,107.139702804111,0.0170118343195266
140,3208,163,21,165,20,0.000616370808678501
140,3208,127,22,127,29,0.000739644970414201
140,3208,126.043296540619,30.9451567442719,128.510956574764,27.5573977399713,0.001232741617357
140,3208,111.809348110861,77.0048775220215,110.964340219976,43.9753289061,0.00875246548323471
140,3208,16.1163885498407,132.972015400138,19.9171535794097,148.779478514282,0.00530078895463511
140,3208,131,4,130,2,0.000739644970414201
140,3208,113.751223783779,154.980183630008,112.801552535922,118.978856018722,0.0134368836291913
140,3208,227.024709119463,116.899571205032,222.220479532047,67.8803843096946,0.013560157790927
140,3208,214,18,216,16,0.001232741617357
140,3208,123,17,122,18,0.000616370808678501
140,3208,136,7.00000000000001,137,10,0.0011094674556213
140,3208,15,54,16,56,0.000862919132149901
140,3208,90.1482562715999,21.9439623884828,89.0310650273667,18.9882581025641,0.000616370808678501
140,3208,149,14,152,11,0.0011094674556213
140,3208,223,15,223,17,0.000739644970414201
140,3208,215.652776720264,120.656029539452,228.571141799661,145.172111456125,0.00665680473372781
140,3208,186.572984297199,154.958522747507,185.993974955255,133.000158871454,0.00751972386587771
140,3208,171,17,172,15,0.000986193293885602
140,3208,36.6748766651258,72.8536978461465,56.3397857889008,29.1529001072292,0.00641025641025641
140,3208,93.2482883982216,12.9668566717975,94.5772980354402,22.9229380897525,0.0011094674556213
140,3208,47.5569695826566,27.3490193141384,40.3491266808366,24.9818970531953,0.0014792899408284
140,3208,197,28,195,29,0.000616370808678501
140,3208,44.4615712804125,22.7836468765895,47.3003624031281,15.7188694179341,0.0018491124260355
140,3208,103,2.99999999999999,101,6,0.000739644970414201
140,3208,106.851858176983,18.3887045297332,103.691196311312,25.3153942104466,0.000986193293885602
140,3208,76.1148495266322,5.15319282841278,81.2355427280788,1.31418028253606,0.000862919132149901
140,3208,234.164212581057,30.9373192968309,232.244056305399,25.9068425772448,0.000616370808678501
140,3208,117.730212354567,19.4753789906122,120.646976116767,23.5351800591908,0.000616370808678501
140,3208,224,27,225,30,0.000616370808678501
140,3208,207,34,204,36,0.000739644970414201
140,3208,138,0,140,0,0.000739644970414201
140,3208,31,2,30,4,0.000616370808678501
140,3208,93.6891795640035,1.04932655202743,94.9521401355141,9.00759526022805,0.000986193293885602
140,3208,174.239576169186,33.9104373772627,170.263738497436,23.2752423641062,0.0013560157790927
140,3208,130,20,133,24,0.000616370808678501
140,3208,136.599156502385,153.981475096788,135.547028037987,119.952168515978,0.0109714003944773
140,3208,173,9.00000000000002,172,10,0.000616370808678501
140,3208,180,28,179,27,0.000739644970414201
140,3208,191.042346609414,37.8125315268649,169.035792491279,32.8415466129932,0.0019723865877712
141,3231,139.686295155276,153.968079795508,136.28969423388,80.9400151620463,0.0214953271028037
141,3231,134.946018319524,129.978345822818,135.157537065801,148.987119590568,0.00552959501557632
141,3231,189.859687753441,153.952205713284,188.193897458317,123.98922028297,0.00763239875389408
141,3231,42.4472747785502,38.4617529573974,48.9778508292251,17.9929333079932,0.0044392523364486
141,3231,0,99.324646754433,52.8925673052058,103.395777197445,0.00872274143302181
141,3231,134.49107424707,45.9423091055027,135.69168652574,76.9732380768697,0.00841121495327103
141,3231,28.5115992859569,148.025087524611,34.540730961756,25.07555351812,0.0394080996884735
141,3231,27.9748106583287,85.6891380442118,39.3773565390765,69.5598249842305,0.00342679127725857
141,3231,125,5.99999999999999,127,8.99999999999999,0.000389408099688474
141,3231,157.895635781457,166.561022529661,128.622456220827,40.1506931584517,0.0720404984423676
141,3231,128.334930508365,150.051885667399,129.461901751645,121.056820746534,0.00350467289719626
141,3231,220.969312569067,92.9809709241726,225.663235853438,85.4112682281592,0.00171339563862928
141,3231,223,15,223,17,0.000545171339563863
141,3231,192.825004794525,134.626237543248,201.754968292398,108.602205010752,0.00856697819314642
141,3231,93.6385610363108,180,131.853732781336,166.583380386207,0.00950155763239875
141,3231,229.994100436646,123.916242301741,226.800889824077,86.0167759809979,0.0088006230529595
141,3231,239.347420525153,128.949315495429,201.821164778385,116.540841379881,0.00576323987538941
141,3231,218.008628380343,123.43330693815,239.020209686219,123.014906263816,0.00373831775700935
141,3231,13.8242376562327,88.7493839221316,9.5927881448593,102.878042462379,0.00412772585669782
141,3231,2.22044604925031e-16,88.9131583924759,8.62443293301772,98.8121750785724,0.00459501557632399
141,3231,48.9722698855835,18.2052725115304,133.058836021908,29.5644656273666,0.0161214953271028
141,3231,137,10,136,7.00000000000001,0.000467289719626168
141,3231,206.05194409276,63.9953053944684,212.742447420258,138.023277098536,0.0149532710280374
141,3231,38.6555789454545,180,81.9320764358598,28.2470100681359,0.109034267912773
141,3231,17.8392616100717,126.349014188281,5.34253413400207,148.63126837695,0.00303738317757009
141,3231,216.920876385918,49.0258873299225,214.658709351542,42.1116620331186,0.00272585669781931
141,3231,72.4110682707221,155.960524515567,70.4527435094688,85.9593586256718,0.0172118380062305
141,3231,21,24,21,26,0.000700934579439252
141,3231,233.369445558176,117.785414290183,239.660427519296,128.616402728698,0.00257009345794393
141,3231,163,25,171,23,0.000856697819314642
141,3231,172.405299260449,51.9104385467718,179.487256471636,163.032677776774,0.0245327102803738
141,3231,18,32,24,32,0.000467289719626168
141,3231,147,5,145,7,0.000545171339563863
141,3231,238.782311049143,140.516016374258,186.759731080409,118.569540604821,0.00778816199376947
141,3231,226.298576051226,120.969353154827,220.943788622779,68.8004830302828,0.0140965732087227
141,3231,106,20,109,17,0.000389408099688474
141,3231,7,65,11,64,0.000467289719626168
141,3231,187.801750497997,92.5255233605841,194.663636052436,82.0568733002868,0.00327102803738318
141,3231,181.170530979227,83.2659747101802,191.039380036459,82.5232724699402,0.0014018691588785
141,3231,100,13,97,13,0.000545171339563863
141,3231,81.0226525342154,1.02917034770523,75.9658783212772,4.95606049092939,0.000700934579439252
141,3231,224.302587358603,67.8225051182505,226.211956680731,81.834854755567,0.00358255451713396
141,3231,75,9.99999999999999,73,9,0.000623052959501558
141,3231,15.0630510194373,53.9680316727209,16.0742248581008,55.9623662777036,0.000778816199376947
141,3231,216,16,214,18,0.000545171339563863
141,3231,130,17,129,15,0.000467289719626168
141,3231,156,18,155,16,0.000389408099688474
141,3231,140,4.67326152775459e-16,138,4.67326152775459e-16,0.000623052959501558
141,3231,117.481946978512,19.672603171846,120.288502338336,23.8040142283329,0.000545171339563863
141,3231,125,25,127,27,0.000389408099688474
141,3231,221.003658716056,145.350578871132,189.996599622404,145.674175169395,0.00576323987538941
141,3231,209.922180026151,91.7228621817095,217.858050331126,89.4944791215772,0.00124610591900312
141,3231,176,10,172,10,0.000389408099688474
141,3231,147.378733907223,38.6500096014721,153.955797726035,26.975098638634,0.00179127725856698
141,3231,147.791861613895,28.7114248588191,157.542399419394,31.5640960542877,0.00241433021806854
141,3231,95,9,94,7,0.000700934579439252
141,3231,170.892971674748,16.9102995737411,172.702770737054,14.7508921912008,0.000700934579439252
141,3231,163.057589394004,21.096103369268,168.059255441279,18.0988836165562,0.000545171339563863
141,3231,150.623781991037,30.8822604467672,141.323623312568,37.4577240966129,0.00179127725856698
141,3231,195.210661968996,119.192228371485,187.359751910969,107.425538512954,0.00334890965732087
141,3231,137,19,136,17,0.000623052959501558
141,3231,193,7.99999999999999,191,4.99999999999999,0.000467289719626168
141,3231,194.776340919107,58.9362638422728,192.880640240027,35.8456029045793,0.00373831775700935
141,3231,113,18,112,20,0.000389408099688474
141,3231,235,41,233,38,0.000389408099688474
141,3231,116,0,117,0,0.000389408099688474
141,3231,18,68,27,74,0.000934579439252336
141,3231,123,17,122,18,0.000467289719626168
141,3231,221,29,225,30,0.000389408099688474
141,3231,101,6,103,2.99999999999999,0.000623052959501558
141,3231,130,2,131,4,0.000467289719626168
141,3231,98,20,94,20,0.000623052959501558
141,3231,115.657495579975,118.969783654917,117.356418351369,155.937663451695,0.00817757009345794
141,3231,179,21,176,20,0.000467289719626168
141,3231,236.05402443014,41.1263031434296,204.664215218533,54.552861729367,0.00358255451713396
141,3231,40.612143952606,37.1882479728456,26.8335916409196,32.5328330226484,0.00132398753894081
141,3231,12,55,13,53,0.000389408099688474
141,3231,16.9288849762024,92.6485951468275,37.1140676980139,88.5636494306238,0.00264797507788162
141,3231,124.024451515094,170.193908148558,226.041575653335,157.32970791103,0.0118380062305296
142,3254,29.9458505347861,74.9864778544733,35.9395004084572,50.9848921078367,0.00753068055039048
142,3254,32.6125539568419,63.1615264809376,35.9349342119846,29.9934824830369,0.0121792487913723
142,3254,117.12457090151,0,120.267618910212,2.68695447139623,0.000929713648196356
142,3254,30.2858706319919,111.736083791992,60.108208255165,31.0399898304952,0.0165489029378951
142,3254,17.7836424102275,128.35194201987,25.6900371901137,150.112620036022,0.00650799553737449
142,3254,239.21209899184,122.35643948383,225.999371972419,118.001905590171,0.00269616957976943
142,3254,193.016259464255,154.999105416906,191.803453624779,132.955794605619,0.00687988099665303
142,3254,47.921178460531,31.4387553190151,50.9907784570085,17.9978940004169,0.00427668278170324
142,3254,201.402791091831,49.2385965955681,199.308066208769,52.774843710598,0.0013015991074749
142,3254,120.163342712644,157.953889227237,118.657951687837,119.973921132236,0.013015991074749
142,3254,239.106142335713,156.799914589448,95.9724821265079,175.792618578355,0.0270546671625139
142,3254,149,14,151,14,0.000650799553737449
142,3254,122,18,123,17,0.000929713648196356
142,3254,119.826170891768,65.8295683243774,114.835747270849,64.783866768242,0.00213834139085162
142,3254,103,2.99999999999999,101,6,0.00083674228337672
142,3254,164,8,165,7,0.000464856824098178
142,3254,115.510652531323,43.9823684895067,117.962751980305,115.001286077734,0.0206396429899591
142,3254,239.236736447341,40.5435162851276,205.166881608926,55.3831386048005,0.00780959464484939
142,3254,143.07507179366,155.941340716419,137.127534279158,46.9384781989271,0.029843808107103
142,3254,38.2242272558737,28.0796313843055,35.7926944760691,34.9263781480067,0.0015805132019338
142,3254,171.018595151602,17.0124772088591,172.564864121681,14.7080270517704,0.00111565637783563
142,3254,208.959036605843,67.8106223513201,215.536461506078,135.851472164205,0.0167348456675344
142,3254,165.516610539063,58.2249850602978,178.273669746326,162.985212176189,0.0883227965786538
142,3254,221,29,225,30,0.000557828188917813
142,3254,138,0,140,0,0.00083674228337672
142,3254,120.966920861528,172.888770459007,97.0552099076968,180,0.00492748233544068
142,3254,199,27,195,29,0.00083674228337672
142,3254,117.51767723215,63.706486943931,120.423160922725,61.5774981948602,0.00120862774265526
142,3254,78.1084587564791,23.3236035731421,85.0041699322458,21.0124416415815,0.00139457047229453
142,3254,146.82698565207,38.8598917563363,157.145560361171,26.1178758108494,0.00483451097062105
142,3254,147.624927433164,28.3461903704204,157.707518867566,39.2699588307202,0.00223131275567125
142,3254,137,19,136,17,0.000929713648196356
142,3254,122.431472209645,74.3309762995765,117.724329548401,64.2593691171377,0.00334696913350688
142,3254,129.613999413868,138.957653313184,140.810335072751,143.470551736191,0.00241725548531052
142,3254,144.438198164572,137.034855780993,128.001983283708,118.637749726918,0.00632205280773522
142,3254,124,22,125,25,0.000650799553737449
142,3254,32.3461863009777,100.042524450412,33.3905691167303,66.9807487913402,0.0110635924135366
142,3254,22.6757992728898,87.4105157825847,29.9052860515543,93.1199305473941,0.00223131275567125
142,3254,114,22,109,17,0.00083674228337672
142,3254,175,29,172,28,0.00083674228337672
142,3254,16,56,15,54,0.00111565637783563
142,3254,94,20,98,20,0.000929713648196356
142,3254,191,5.00000000000001,193,8.00000000000001,0.00083674228337672
142,3254,85,9,85,7,0.000650799553737449
142,3254,134.624066488903,133.965668285494,131.762974697761,81.9580265404973,0.0119003346969134
142,3254,216.067210290901,45.2639179282475,223.119191475277,43.468034980922,0.00195239866121235
142,3254,171,23,171,25,0.000650799553737449
142,3254,95,9.00000000000001,94,7,0.000743770918557084
142,3254,26.0480797796907,70.9854792364246,26.9619753823168,74.011483964506,0.000650799553737449
142,3254,127,8.99999999999999,125,5.99999999999999,0.000743770918557084
142,3254,76.2500152898354,5.29823944887937,81.155725949758,1.18576312457777,0.000743770918557084
142,3254,45,9.00000000000001,48,11,0.000929713648196356
142,3254,163,21,165,20,0.000650799553737449
142,3254,21,70,18,68,0.000557828188917813
142,3254,183,25,185,23,0.000650799553737449
142,3254,131,4,130,2,0.000650799553737449
142,3254,94,4,97,2,0.000743770918557084
142,3254,147,1,147,5,0.000464856824098178
142,3254,130,17,130,20,0.00083674228337672
142,3254,137.81872684209,12.0665312033218,135.96404296048,7.01319701788593,0.00083674228337672
142,3254,97,13,100,13,0.000557828188917813
142,3254,238,29,239,29,0.000743770918557084
142,3254,214,44,210,44,0.000650799553737449
142,3254,233,28,233,30,0.000557828188917813
142,3254,21,24,21,26,0.000650799553737449
142,3254,163,25,167,24,0.000464856824098178
142,3254,159,16,155,16,0.000557828188917813
142,3254,179.057619729832,20.7918986897741,175.085273540492,19.692023278214,0.000557828188917813
142,3254,234,37,233,38,0.000464856824098178
142,3254,194.843005717498,35.9039462304315,196.330900455478,48.9622965355504,0.00381182595760506
142,3254,143.692487070406,13.0957330641885,144.916073660925,17.026127439963,0.000650799553737449
142,3254,218.112885961302,13.0888197515913,214.153620652635,18.120870195452,0.000743770918557084
142,3254,133,21,133,24,0.000464856824098178
142,3254,149.293547927142,41.784030377263,157.474024523531,28.2873102868614,0.00195239866121235
142,3254,33,36,29,36,0.000743770918557084
142,3254,73,9.00000000000001,75,10,0.000464856824098178
142,3254,183,15,183,17,0.000464856824098178
142,3254,77.0452072814689,21.5446770174552,46.944784874277,18.5561209369137,0.00381182595760506
143,3277,188.694035073361,0,26.0935159587749,158.675292135897,0.254483793125937
143,3277,221.166797413433,124.245376352593,225.589433248967,132.227482227675,0.00254353355507728
143,3277,234.776972294839,145.111254529396,238.665878769362,117.952157238395,0.00430444140090002
143,3277,20.9999999999999,12,21.9999999999999,15,0.0150003260940455
143,3277,219.044359098412,145.860369054136,203.06831300889,140.784968351753,0.00169568903671819
143,3277,219.930758411236,145.240309386513,193.936324531672,137.750398455614,0.00326094045522729
143,3277,51.5821379058862,19.9845938739234,51.1730578512504,31.0801183062538,0.00306528402791365
143,3277,141.748259856525,81.8967436944068,145.999870116369,153.881883005486,0.00978282136568186
143,3277,36.2806311730533,26.9892432212698,34.4264168093525,150.991423165372,0.0353485945346638
143,3277,122.957114492925,157.911627923384,117.80982799436,43.9182785377366,0.0200873932042001
143,3277,172.976111282438,15.1174534172543,167.979420672777,14.1011821710748,0.000326094045522729
143,3277,165.814743679293,18.2710429736023,167.00159871971,13.0849519115066,0.000586969281940912
143,3277,177.978998775702,35.1540143002696,53.1188746961031,18.1282221036219,0.0226309267592774
143,3277,128.983440594395,80.5497859830657,119.334763051826,59.4733627250663,0.00404356616448184
143,3277,120.013084333311,3.00506168236272,118.873431947974,5.95103707148028,0.000652188091045457
143,3277,197.334497530552,34.3695205936661,154.496238378328,25.5811287600191,0.010630665884041
143,3277,134.224328367782,68.8741192727952,125.118184038137,58.9717285892119,0.00247831474597274
143,3277,29.5242595599049,160.643194969508,23.6644723509109,135.61037337502,0.0069784125741864
143,3277,7.8127977021281,173.275553861781,23.8770995674868,137.851231356042,0.00606534924672275
143,3277,119.961159584862,24.0313505388401,115.939473952636,19.0488543748042,0.000586969281940912
143,3277,7.81459039421167,91.0518166082577,11.0701760977966,102.700916813935,0.00221743950955456
143,3277,75.5379168756407,86.9493062281225,77.8449667607057,156.939185058978,0.0151307637122546
143,3277,239.027709009608,155.201421152911,138.994867579382,168.962691626558,0.013500293484641
143,3277,140.105086138664,12.0022213814437,151.973438547835,13.252197381924,0.000652188091045457
143,3277,236.32986406963,123.884353080869,229.31936243877,103.888034843651,0.00306528402791365
143,3277,225.986988036765,133.490248846029,233.96354118486,101.990767604252,0.00352181569164547
143,3277,62.5276203639665,29.2221406018041,38.1713983356372,87.0721627367459,0.0061305680558273
143,3277,223.991490190806,26.9851465210886,220.117297347057,29.2047371017504,0.000717406900150003
143,3277,135.97982204314,17.0116754998458,138.899759870325,22.0580015918713,0.000717406900150003
143,3277,155,29,154,28,0.000717406900150003
143,3277,102.923603191834,4.8560024321419,91.8556915696314,10.7279982829986,0.000847844518359095
143,3277,133,21,133,24,0.00045653166373182
143,3277,201.807214337792,57.3691767744657,198.205960667945,35.6344909688583,0.0030000652188091
143,3277,224.852725792046,130.140447291397,206.061693538261,133.360068803981,0.00247831474597274
143,3277,137,10,136,7.00000000000001,0.000586969281940912
143,3277,31,2,31,4,0.000391312854627274
143,3277,27.3577270781682,106.001759922176,27.4856370740198,80.0023892053696,0.0030000652188091
143,3277,10.1453781628795,16.8977815253292,7.27085835573476,12.8095537360861,0.000717406900150003
143,3277,10,10,14,14,0.000391312854627274
143,3277,141.292832403179,77.924741789775,139.432965870684,45.974796240846,0.00547837996478184
143,3277,87.836433825847,9.63434534211883,104.150583439658,2.33663155842567,0.00104350094567273
143,3277,96,5,94,4,0.000326094045522729
143,3277,216,16,219,16,0.000521750472836366
143,3277,215.402886752331,20.8098895536614,212.540926472266,14.7447526569594,0.00045653166373182
143,3277,122.968257066691,16.9584329304788,121.222610357177,18.291506147303,0.000847844518359095
143,3277,131.104668945037,1.12761502203324,125.066009818266,6.08048083803116,0.000521750472836366
143,3277,171.671574466802,33.7958813038243,175.331080560001,26.1098897908884,0.000782625709254549
143,3277,111,10,111,7,0.000391312854627274
143,3277,238,29,238,32,0.000391312854627274
143,3277,143.982777265432,13.0053277078048,145.199413187972,16.9383132107317,0.000521750472836366
143,3277,129.013380257912,28.1048096209883,137.994668298945,26.9582359644758,0.000521750472836366
143,3277,41.6127907100331,88.0925685344104,64.3660712730319,103.457915098322,0.00273918998239092
143,3277,133.954720848717,24.8583102731672,127.023428127498,27.0733124383132,0.000847844518359095
143,3277,221.355554461444,25.0662175010678,223.22254089624,15.0414454145072,0.000847844518359095
143,3277,94,20,98,20,0.000521750472836366
143,3277,21.0518429458936,24.0163397896564,19.4376268592696,29.1379306423511,0.000652188091045457
143,3277,154,12,152,11,0.000391312854627274
143,3277,18.8057569211467,59.1418076239509,15.0339000479219,53.9752511889947,0.000652188091045457
143,3277,187.029305651423,172.139979409868,192.977932427789,170.89459351404,0.000586969281940912
143,3277,140,0,134,0,0.000847844518359095
143,3277,45.1334208306399,162.252166867511,87.3263377511803,114.932137467144,0.0348268440618274
143,3277,147.993341553204,28.0319828301487,152.026714028179,28.8716832540724,0.000391312854627274
143,3277,165,6.99999999999999,157,4.99999999999999,0.000521750472836366
143,3277,133,4,127,4,0.000391312854627274
143,3277,184.999250475006,6.00688867947933,176.985318869018,5.13493026452614,0.00045653166373182
143,3277,209.174612675857,32.2511288826894,203.929268891443,35.8982741420339,0.000521750472836366
143,3277,22.0650224821856,70.9062019205353,14.9959715664921,66.0058112104243,0.000391312854627274
143,3277,237.710270278331,144.983035052056,238.764064908541,126.986184963966,0.00286962760060001
143,3277,197,28,195,29,0.000586969281940912
143,3277,174.921828287663,28.9788464281253,173.845035843916,32.9580660917395,0.000391312854627274
143,3277,37.0788704632318,38.2335560993232,39.2810791311157,28.0608485890585,0.0015652514185091
143,3277,185,23,183,25,0.000391312854627274
143,3277,225,30,223,33,0.000326094045522729
143,3277,214,44,210,44,0.00045653166373182
143,3277,141.085435513376,1.93429628679504,144.988178668007,7.00909113056449,0.00045653166373182
143,3277,125,25,125,26,0.000326094045522729
143,3277,62,14,60,13,0.000326094045522729
143,3277,163.039067963497,20.9382740916639,155.067723741018,15.8929990443292,0.000652188091045457
143,3277,179,23,181,22,0.000326094045522729
143,3277,176.139224809635,20.6174810580059,183.966762887714,18.8525888646348,0.000521750472836366
143,3277,75.1737127340806,9.67918016891071,69.2778829813328,6.48679426637522,0.000391312854627274
143,3277,44.074685603858,9.74227016196927,55.0245317557991,12.9153442548214,0.000586969281940912
143,3277,27,74,25,71,0.00045653166373182
143,3277,149.833296940194,22.079072630523,146.571804857356,15.2031067476831,0.00045653166373182
143,3277,171.971738294942,23.2319333638868,169.72381708319,32.6501174873986,0.000586969281940912
143,3277,11.035075942519,64.0831579901952,6.07410560277952,66.175689448288,0.000326094045522729
143,3277,90.0480137196208,4.16104310359571,97.0241943382783,2.08115037444605,0.000391312854627274
143,3277,225.124441715263,179.241224251173,233.072694285577,175.140914359511,0.00045653166373182
144,3300,51.9348164528729,20.6805082169629,138.007175927663,28.9250841975537,0.0204391803364604
144,3300,202.049628943295,160.042460800435,198.245608392174,74.8996704191237,0.0209108537288402
144,3300,21.0007861037489,69.9942375430179,46.9275458262144,73.531118265506,0.00241077511660814
144,3300,222.865804639187,134.016620062416,214.176221689271,63.8543252332141,0.0171374665898014
144,3300,52.7376066283181,179.030325784345,49.9743109578253,64.000617113786,0.0214349352759289
144,3300,0,103.56896146699,61.5646120797248,114.460938709264,0.0180284052198522
144,3300,240,90.4865207085468,197.515995020837,67.7985664890274,0.0405639117446675
144,3300,190.804331789658,36.9219969189604,200.099978466311,34.3632043073247,0.00167706095068393
144,3300,144.985106451677,169.942547702641,137.627684458094,43.7884301682782,0.0316545254441591
144,3300,78.991066795433,180,50.6575566950935,20.9517246952222,0.0989465960903517
144,3300,172,10,174,12,0.000262040773544363
144,3300,225.726128018373,179.467217812065,221.876513159526,177.210665038032,0.000419265237670982
144,3300,127.72843722666,155.95229821295,120.326057776029,42.9131629695283,0.027985954614538
144,3300,147.746278696037,114.939388282175,142.058913761169,44.9139964969736,0.0151459567108642
144,3300,152.239373493242,159.895679964447,148.338439135613,113.550655098354,0.00990514123997694
144,3300,111,10,111,7,0.000366857082962109
144,3300,0.107975343322865,86.209453208049,9.25475973018542,81.4941891465858,0.00214873434306378
144,3300,0,80.6126529778762,7.00855417811526,80.4904011940312,0.00141502017713956
144,3300,20.490727163284,179.008930778062,21.4010415806473,128.989099513718,0.00869975368167287
144,3300,197.036908041599,137.752383871364,228.092221479496,142.381285900296,0.00466432576908967
144,3300,48.1458147630541,129.964557920722,13.042309477886,132.570034324108,0.00487395838792516
144,3300,180.61379270658,48.7516288728339,191.371667187206,161.964682968935,0.0244746082490436
144,3300,206.323668929519,52.6467281836291,204.131052677653,44.4312468673792,0.00151983648655731
144,3300,139.329417196433,160.487224538958,133.56271969996,89.3062943386966,0.0128399979036738
144,3300,123.988128644711,28.0992680952687,156.994444528707,32.0464547678082,0.00309208112782349
144,3300,214,18,216,16,0.000419265237670982
144,3300,233.139189123027,69.5722415115306,225.022416296087,66.9311098401753,0.00162465279597505
144,3300,222.198345174857,40.5055394690035,228.057779185664,42.8559605654917,0.00110057124888633
144,3300,232.46494484903,62.9347866609642,240,116.656695880739,0.00911901891934385
144,3300,83.3995608399615,157.031320861274,79.689738120209,85.9118577588282,0.0151459567108642
144,3300,81.2621091999648,139.420598229504,81.8398255209317,142.673218123954,0.000995754939468581
144,3300,92.9321180792029,178.966843489417,91.229881095076,79.7729658982739,0.024684240867879
144,3300,221.955562316441,159.038006106772,205.882620426171,140.245123429716,0.00303967297311462
144,3300,150.114641986427,169.085569992067,148.536277095887,152.754868417469,0.00534563178030502
144,3300,157.003510361047,25.9800118055069,199.109800319384,33.3747907665875,0.00398301975787432
144,3300,109.148215324454,180,141.259820728722,168.741032488841,0.011110528798281
144,3300,135.77209832912,48.0442699189066,114.309444495864,57.4486701590044,0.00676065195744458
144,3300,138.352884143653,165.040532304711,94.2426296077704,180,0.00487395838792516
144,3300,229.556974572011,69.6784085786397,238.627143335349,141.795353718531,0.00938105969288821
144,3300,146.954793372898,148.941777050459,145.739718984536,129.015871840819,0.00607934594622923
144,3300,201.00805165357,140.931112523448,221.955644376227,143.379493102398,0.00220114249777265
144,3300,212.682855968149,145.862978106886,214.317381676094,142.675560812333,0.000890938630050836
144,3300,132.199586947061,171.240791237771,239.009636182406,154.059906175582,0.0106388554059012
144,3300,148.830120771001,26.8771885938268,145.901224913672,30.9285921691645,0.000366857082962109
144,3300,21,24,21,26,0.000471673392379854
144,3300,109,17,106,18,0.000366857082962109
144,3300,201.896201317224,55.8677386185953,198.365832904311,31.9460103836521,0.002882448508988
144,3300,153.536342759854,7.79908682595127,150.873162795514,13.9450385691534,0.000628897856506472
144,3300,119,22,120,24,0.000419265237670982
144,3300,225.030486347043,29.8498916721934,215.036524402087,27.820161565647,0.000419265237670982
144,3300,130,2,132,6,0.000524081547088727
144,3300,189,169,192,171,0.000262040773544363
144,3300,11.9463322046768,93.0895242255898,31.5099413816201,104.81747569543,0.00293485666369687
144,3300,165,20,163,21,0.000419265237670982
144,3300,51.1900299769487,127.663745442055,42.9635171864689,74.0843687728284,0.01441224254494
144,3300,200.204944592616,142.350187826196,207.145354857924,144.53912735635,0.00104816309417745
144,3300,26,72,27,74,0.0005764897017976
144,3300,50.567845810745,65.2293561157645,65.0326243679788,29.4170827883236,0.00529322362559614
144,3300,145,7,147,5.00000000000002,0.000366857082962109
144,3300,144,13,144,15,0.000471673392379854
144,3300,210,44,214,44,0.000419265237670982
144,3300,120.538486454357,165.524316680923,111.827550061662,173.975769526203,0.00131020386772182
144,3300,91.2140969602476,180,118.780139998936,168.911330295198,0.01069126356061
144,3300,175,15,172,15,0.000419265237670982
144,3300,230,28,233,28,0.000262040773544363
144,3300,39,31,55,31,0.00151983648655731
144,3300,54.6551117951646,21.5430108142271,46.6717396638146,45.8765471519745,0.00262040773544364
144,3300,125,25,127,22,0.000419265237670982
144,3300,223.577846452076,109.774852315068,226.733546391634,103.857891960495,0.00120538755830407
144,3300,167.113684459974,23.6117185550662,180.165932047114,27.4332705188635,0.000995754939468581
144,3300,77,0,79,2.99999999999999,0.000419265237670982
144,3300,3.09951314079835,66.0237898031903,0,78.9891046113738,0.00146742833184844
144,3300,185,23,183,25,0.000419265237670982
144,3300,133,21,136,17,0.000419265237670982
144,3300,130,17,130,20,0.000314448928253236
144,3300,157.870635504569,14.7449939546916,151.092985060176,18.1832941286509,0.000733714165924218
144,3300,161,11,165,12,0.000366857082962109
144,3300,207,34,204,36,0.000262040773544363
144,3300,103,2.99999999999999,101,6,0.0005764897017976
144,3300,17,25,13,25,0.000471673392379854
144,3300,92.9805058619408,13.80327480641,100.01056761746,13.1066431654603,0.000524081547088727
144,3300,31,2,27,2,0.000262040773544363
144,3300,123,17,122,18,0.000471673392379854
144,3300,175.011645346744,27.9530827970981,163.00662485385,24.9733095442241,0.000419265237670982
144,3300,15,54,16,56,0.000419265237670982
144,3300,48,11,45,9,0.000419265237670982
144,3300,76,5,74,3,0.000314448928253236
144,3300,193,8.00000000000001,191,5.00000000000001,0.000471673392379854
144,3300,223,15,223,17,0.000366857082962109
144,3300,98,20,94,20,0.000419265237670982
144,3300,179,21,179,23,0.000262040773544363
144,3300,134,19,137,19,0.000262040773544363
144,3300,136,7.00000000000001,137,10,0.000524081547088727
144,3300,197,28,195,29,0.000524081547088727
144,3300,18,68,19,64,0.000419265237670982
144,3300,65,17,66,20,0.000262040773544363
144,3300,54.9016220186602,13.1352162897138,50.8589204227162,10.1939077904923,0.000419265237670982
144,3300,94,4.00000000000001,97,2.00000000000001,0.000524081547088727
144,3300,155.181598923579,31.9031492421971,160.408498170518,28.657949976212,0.00183428541481054
144,3300,141,3.01783583123178e-16,138,3.01783583123178e-16,0.000419265237670982
144,3300,91,0,89,0,0.000314448928253236
144,3300,125,6,127,9,0.000314448928253236
144,3300,94,6.99999999999999,95,9,0.000419265237670982
144,3300,161,5,157,5,0.000314448928253236
144,3300,66.9898952699441,21.1444159066399,84.9022010711089,22.3977336263444,0.00131020386772182
144,3300,167,9,165,6.99999999999998,0.000314448928253236
144,3300,155,29,154,28,0.000471673392379854
144,3300,219,48,216,48,0.000890938630050836
145,3323,190.033556382936,63.0302046777573,205.15071749722,46.2355462038129,0.00148184736972092
145,3323,212.041139425171,63.125671317219,221.599166113813,136.052534564238,0.00815016053346505
145,3323,51.0538463977513,26.455586250332,203.746992998012,41.558026096394,0.0246974561620153
145,3323,88.762078112896,47.8409451097341,83.9835002696866,54.9889696453472,0.00123487280810077
145,3323,20.9999999999999,13,21.9999999999999,15,0.00938503334156582
145,3323,124.995868462495,5.9945964055408,130.081296073896,2.10632628021328,0.000246974561620153
145,3323,196.333949848897,77.2025339781031,203.489232866168,136.062091587958,0.0068741252984276
145,3323,171.821584946254,17.701262258737,172.536184492078,14.8824190197173,0.000452786696303614
145,3323,210.568952183877,136.957225028401,214.735179556536,94.9737205791924,0.00321066930106199
145,3323,216.530528640514,48.2450200334306,211.698283243687,58.7080199159947,0.00115254795422738
145,3323,206.512956921678,50.0123144307094,210.254051522108,55.5078093699803,0.0010290606734173
145,3323,109.478364335301,175.187409641451,238.850420277783,151.193485965374,0.00963200790318597
145,3323,219.201363123693,135.117273270264,214.660920857153,104.196632781284,0.0026343953239483
145,3323,234.975374712141,135.997604913003,238.761131532052,97.074028626432,0.00461019181690952
145,3323,208.67803457067,98.9906648057993,207.981073556279,123.028445638378,0.00222277105458138
145,3323,208.664069425683,58.1912914621455,203.999728903316,50.0001543726148,0.001070223100354
145,3323,185,23,183,25,0.000246974561620153
145,3323,209.262822011941,128.098582634089,206.590999843571,135.221679763026,0.000905573392607228
145,3323,215.906322358659,126.830897941744,198.65941139232,136.385186969345,0.00148184736972092
145,3323,213.000770148682,129.999622986359,216.143427822772,136.419320844334,0.00111138552729069
145,3323,209.632710757424,148.969448901949,210.128361055732,143.010677065226,0.001070223100354
145,3323,167,9,165,6.99999999999998,0.000205812134683461
145,3323,223.629481308068,85.6928050446379,221.826426341664,93.7369492953953,0.00152300979665761
145,3323,18,68,25,69,0.000205812134683461
145,3323,24.0091622933483,75.0546139666674,30.9807128006933,73.8850341917691,0.000411624269366922
145,3323,95,9.00000000000001,94,7,0.000329299415493537
145,3323,235.440442411413,110.262275255906,222.188357517083,132.516682012461,0.00251090804313822
145,3323,230.486533073577,133.09459356479,234.228151113768,113.849934276633,0.00246974561620153
145,3323,213.882058557521,53.7933353310455,239.569899359661,41.1586766525935,0.0031695068741253
145,3323,76,5.00000000000001,74,3,0.000411624269366922
145,3323,25,36,29,36,0.000205812134683461
145,3323,94,20,98,20,0.000329299415493537
145,3323,216,16,214,18,0.000411624269366922
145,3323,148,28,149,29,0.000205812134683461
145,3323,92.9745415968962,13.811089612736,99.9820396782096,12.8667280374583,0.000411624269366922
145,3323,94,4.00000000000001,91,7.54951656745106e-15,0.000329299415493537
145,3323,191,4.99999999999999,193,7.99999999999999,0.000246974561620153
145,3323,223.421371659506,134.250757614035,230.5256304255,122.312801842243,0.00144068494278423
145,3323,101.006978608658,6.00434199542535,104.086951751485,1.0541001975726,0.000288136988556845
145,3323,123,17,122,18,0.000205812134683461
145,3323,223,15,223,17,0.00037046184243023
145,3323,141.985946047289,10.0054776308613,144.750078122623,17.0974088796621,0.000411624269366922
145,3323,137,19,136,17,0.000205812134683461
145,3323,179.029426954571,20.9295225688217,174.912148011906,19.2104051382514,0.000246974561620153
145,3323,224,27,225,30,0.000205812134683461
145,3323,159,18,158,15,0.000205812134683461
145,3323,21,24,21,26,0.000329299415493537
145,3323,163,21,165,20,0.000205812134683461
145,3323,136,7.00000000000001,137,10,0.000246974561620153
145,3323,111,10,111,7,0.000288136988556845
145,3323,151,14,149,14,0.000205812134683461
145,3323,106,23,106,18,0.000329299415493537
145,3323,132,24,133,24,0.000205812134683461
145,3323,129,27,126,27,0.000205812134683461
145,3323,171,23,163,25,0.000288136988556845
145,3323,78.9786963605403,11.0686556848241,72.9395742285105,9.19473539863852,0.000205812134683461
145,3323,212.572064221077,133.215217198778,213.978119630939,136.011004061753,0.00037046184243023
146,3346,22.5166666128405,133.881331764534,29.4626819834447,164.123411459777,0.00669005466264176
146,3346,179,21,179,27,0.00089744635718365
146,3346,0,99.9182078784139,45.6704684287417,92.8659510563551,0.0165619645916619
146,3346,22.2222147115363,99.2332047387096,8.39213407551131,112.411527769636,0.00440564575344701
146,3346,160.077161835584,35.3458824389725,51.1769846052914,22.4996632405555,0.0580076690870523
146,3346,25,14,22,15,0.0186832014359142
146,3346,143.762109240097,13.0629248369247,144.816359470053,17.0485750283212,0.00122379048706861
146,3346,120.202765334283,83.9865012100731,125.394644820896,161.973727128694,0.0124010769356286
146,3346,131,4,133,4,0.000489516194827446
146,3346,131.434623233346,2.82246876228637,127.672135446455,9.3853349059776,0.000734274292241168
146,3346,128.17643269047,86.0289827716778,132.094171174299,62.1797405754943,0.00636371053275679
146,3346,224,27,225,30,0.000571102227298686
146,3346,239.566072354435,124.567848236665,230.832531733269,113.127848862789,0.00342661336379212
146,3346,226.898282017612,120.432783044724,231.010765437177,120.165868170792,0.00130537651953985
146,3346,48.0058589440334,112.965297866694,0.0229464195404745,104.864089893118,0.0163987925267194
146,3346,50.9587033635219,70.0458432425198,51.4454158719002,28.0167384479898,0.00701639879252672
146,3346,45.8075760152594,64.0087642449393,45.572282597666,31.9957937571496,0.00571102227298686
146,3346,138,0,140,0,0.000489516194827446
146,3346,172,28,175,29,0.000734274292241168
146,3346,13,67,11,64,0.000407930162356205
146,3346,97,2,94,4,0.000652688259769927
146,3346,94,7.00000000000001,95,9.00000000000001,0.000571102227298686
146,3346,214,44,210,44,0.000489516194827446
146,3346,21,24,21,26,0.000571102227298686
146,3346,203,133,214,133,0.0017948927143673
146,3346,119.823490399474,24.1201775777807,117.012465301489,19.991512927712,0.000815860324712409
146,3346,83.0133550428256,21.956861231634,86.0334837050627,22.8918426683012,0.000489516194827446
146,3346,95,25,97,24,0.000815860324712409
146,3346,109.063067862786,84.4216091266437,61.0597941729553,82.5035393193279,0.0119115607408012
146,3346,78.9935568044137,83.7906392902528,72.0001804816935,84.005864446445,0.00146854858448234
146,3346,113,13,111,9.99999999999999,0.000407930162356205
146,3346,85,7,85,9,0.000407930162356205
146,3346,129.698337543187,14.8752624050074,130.59474654169,19.8937659102473,0.000652688259769927
146,3346,18,76,18,79,0.000652688259769927
146,3346,124.982552481738,25.0283994082881,131.122525025823,28.8005654339169,0.00130537651953985
146,3346,223,15,223,17,0.000571102227298686
146,3346,103.082624472712,27.3977379919498,85.2804910893851,24.9554589434816,0.0013869625520111
146,3346,165,6.99999999999998,167,9,0.000489516194827446
146,3346,182.079698266865,21.8268057275418,188.99570904344,25.009324783697,0.000652688259769927
146,3346,163,21,165,20,0.000734274292241168
146,3346,189,0,187,0,0.000407930162356205
146,3346,98,20,97,25,0.000489516194827446
146,3346,12.4511791950196,98.2153102516142,0,92.5924940368333,0.00187647874683854
146,3346,92.9496441234561,13.5620029588645,99.9717955204957,12.7546765260079,0.000571102227298686
146,3346,2.13940483814372,66.7661631340656,5.97022009427055,69.0499526409293,0.000652688259769927
146,3346,151.304415619289,100.160091738351,197.400272142195,101.306795217504,0.00775067308476789
146,3346,207,34,204,36,0.000407930162356205
146,3346,16,56,15,54,0.000571102227298686
146,3346,45,9.00000000000001,48,11,0.000571102227298686
146,3346,31,2,30,0,0.000407930162356205
146,3346,135.969190997934,17.0100999980113,137.250286456451,20.917949542573,0.000571102227298686
146,3346,21,70,19,73,0.000571102227298686
146,3346,91,0,91,3,0.000489516194827446
146,3346,9,81,11,84,0.000571102227298686
146,3346,193,8,191,5.00000000000001,0.000815860324712409
146,3346,93,17,94,20,0.000652688259769927
146,3346,76.0447592021402,5.05716471574866,81.0860510833861,1.1099011038271,0.000815860324712409
146,3346,122,18,123,17,0.000734274292241168
146,3346,137,9.99999999999999,136,7,0.000571102227298686
146,3346,216,16,214,18,0.000571102227298686
146,3346,149,27,148,28,0.000407930162356205
146,3346,156,11,152,11,0.000571102227298686
146,3346,147,1,147,5,0.000407930162356205
146,3346,232.723701861228,37.9539285976199,233.724160609588,31.9540050917301,0.000489516194827446
146,3346,65.6498653909996,16.7875548163029,68.0069206046731,23.9977376097398,0.000734274292241168
147,3369,154,28,172,28,0.00350112300171753
147,3369,36.3899773995994,146.994269439493,37.4514954894483,33.9948473412562,0.0266217465979654
147,3369,195,164,182,164,0.00178359096313912
147,3369,199,163,186,163,0.00151935526489629
147,3369,161.132029825058,31.886570247814,53.2263467469025,19.0911797603272,0.0408904743030783
147,3369,221.80413940181,51.3595130391443,215.917049216286,48.1522607845997,0.00112300171753204
147,3369,238.958272184904,154.753007190702,196.001728870892,162.010233430088,0.00739859955079931
147,3369,153.667107145478,7.83091697725065,150.629331184998,13.8117298018625,0.000594530321046373
147,3369,137.003578505313,9.99849812716843,134.056421241169,2.97632041262361,0.000858766019289206
147,3369,145.119194473187,80.9906255881169,147.8672488274,115.931792578164,0.00455806579468886
147,3369,183,25,185,23,0.000660589245607081
147,3369,52,11,55,13,0.00072664817016779
147,3369,218.289409058022,94.2600901529938,224.45031251585,87.4046931078903,0.00145329634033558
147,3369,216,16,214,18,0.00072664817016779
147,3369,172.309416098281,14.4727841811773,170.608329732068,16.700985266957,0.000594530321046373
147,3369,116,0,117,0,0.000528471396485665
147,3369,130,17,130,20,0.000528471396485665
147,3369,163,21,165,20,0.000858766019289206
147,3369,222,23,221,24,0.000462412471924957
147,3369,123.071031337184,75.093033365599,119.858432206894,43.0141775807734,0.00469018364381028
147,3369,190.963205317279,5.02692997846168,194.741474397005,10.1892145387763,0.00072664817016779
147,3369,98,20,94,20,0.000660589245607081
147,3369,79.9574993430709,23.9245203242538,85.0364330697648,21.0647038537987,0.000660589245607081
147,3369,99,25,97,24,0.000462412471924957
147,3369,122,18,123,17,0.000528471396485665
147,3369,223,15,223,17,0.000594530321046373
147,3369,221,29,224,27,0.000594530321046373
147,3369,48,11,45,9,0.000594530321046373
147,3369,94,4,97,2,0.000660589245607081
147,3369,100,13,97,13,0.000660589245607081
147,3369,24.036534531965,75.1015232742314,27.0111765883414,74.0310578453349,0.000528471396485665
147,3369,111,7,111,10,0.000792707094728498
147,3369,178.906725491071,21.2122413222197,174.817549954114,19.4151556456562,0.000396353547364249
147,3369,74,3.00000000000001,76,5.00000000000001,0.000594530321046373
147,3369,167,9,163,15,0.000660589245607081
147,3369,216,45,214,44,0.000396353547364249
147,3369,92.8746258483719,4.05222406373235,94.9451224582515,9.02285900403337,0.000528471396485665
147,3369,18,68,21,70,0.000594530321046373
147,3369,130,1.99999999999999,131,3.99999999999999,0.000594530321046373
147,3369,127,4,125,6,0.000396353547364249
147,3369,15,54,13,53,0.000660589245607081
147,3369,138,0,140,0,0.000528471396485665
147,3369,127,27,129,27,0.000594530321046373
147,3369,17,25,21,26,0.000594530321046373
147,3369,137,19,136,17,0.000462412471924957
147,3369,65,17,66,16,0.000330294622803541
147,3369,75,9.99999999999999,73,9,0.000528471396485665
147,3369,79,3,77,0,0.000330294622803541
147,3369,133,21,133,24,0.000396353547364249
147,3369,143.861509482068,13.0332736854699,144.8246744351,17.0421236615217,0.00072664817016779
147,3369,103,2.99999999999999,101,6,0.000396353547364249
147,3369,112,20,110,23,0.000462412471924957
147,3369,127.434167680521,22.3012555889018,124.91071125585,25.938045288933,0.000330294622803541
147,3369,85,7,85,9,0.000330294622803541
147,3369,145,7,147,5.00000000000002,0.000330294622803541
147,3369,195,29,197,28,0.000594530321046373
147,3369,117.06108429849,19.951700863308,120.161247744278,23.8725019843931,0.000528471396485665
147,3369,215,28,217,29,0.000330294622803541
147,3369,140,28,137,27,0.000330294622803541
147,3369,109,17,106,18,0.000396353547364249
147,3369,149,27,148,28,0.000462412471924957
147,3369,171,25,167,24,0.000330294622803541
148,3392,229.003826584385,180,240,170.564747303443,0.140923566878981
148,3392,227.986481385087,119.936884445944,238.998617927036,120.095782198938,0.00417993630573248
148,3392,156.073554472534,27.6389817896966,203.725426186132,37.3476562806329,0.0287619426751592
148,3392,155.434388638239,28.057288216359,154.639526282865,34.0843422613644,0.00318471337579618
148,3392,230.951806839281,128.124546633773,236.843539237267,130.404344953212,0.00159235668789809
148,3392,216,131,199,131,0.00288614649681529
148,3392,174.835896448059,19.404656997174,178.967487377788,21.0801716959749,0.000696656050955414
148,3392,197.383039383021,48.6076903246808,214.428330916666,58.2886483546833,0.0112460191082803
148,3392,153.75117652555,29.2491346095698,198.566508143367,38.1762001446398,0.00656847133757962
148,3392,157.261865701771,27.9410977733116,158.642785695861,34.0803492697837,0.00179140127388535
148,3392,121.955154473791,72.7989503751995,137.094150430438,69.4220913503439,0.00218949044585987
148,3392,111,7,111,10,0.000497611464968153
148,3392,214,18,216,16,0.000995222929936306
148,3392,117,26,102,26,0.00298566878980892
148,3392,60.020221149595,20.8016396931038,106.940389436957,25.5847525890586,0.00905652866242038
148,3392,193.248858789644,62.5465173021422,240,41.2582024208124,0.0215963375796178
148,3392,110.022823415532,26.8444379322996,153.122099347985,33.1677833227464,0.0226910828025478
148,3392,85,7,85,9,0.000497611464968153
148,3392,172.739145642704,14.8032908415554,171.052666998635,17.0397159590764,0.00109474522292994
148,3392,123.969814088061,174.799458338542,239.218557570385,157.451998481191,0.0260748407643312
148,3392,210.212085039337,93.3726338882924,218.93427579026,135.222116244262,0.00885748407643312
148,3392,28.8233514453248,151.856926627724,20.7984079388855,131.473055804356,0.0108479299363057
148,3392,122,18,123,17,0.000895700636942675
148,3392,195,29,197,28,0.000895700636942675
148,3392,13,53,15,54,0.000796178343949045
148,3392,163,21,165,20,0.000995222929936306
148,3392,34.7436873234397,64.0397938312463,37.5629526689757,153.045518619728,0.0211982484076433
148,3392,116,0,117,0,0.000895700636942675
148,3392,151,14,152,11,0.000597133757961783
148,3392,93.0086657023405,14.0615184046101,100.010593204425,13.0752018717394,0.000696656050955414
148,3392,223,15,223,17,0.000497611464968153
148,3392,83,22,85,21,0.000895700636942675
148,3392,122.24895521397,80.0394028297978,124.08564547203,115.047970715609,0.00626990445859873
148,3392,144,77,167,77,0.0022890127388535
148,3392,210,44,214,44,0.00119426751592357
148,3392,166.938108116898,24.3674547666181,172.93637129708,25.3777663404272,0.000696656050955414
148,3392,94,7,95,9.00000000000001,0.000696656050955414
148,3392,21,24,21,26,0.000796178343949045
148,3392,124.450265800984,120.077716935125,126.353639125569,158.032414065701,0.0097531847133758
148,3392,120,24,117,20,0.000696656050955414
148,3392,95,7,94,4,0.000597133757961783
148,3392,48,11,45,9,0.000497611464968153
148,3392,183,25,185,23,0.000796178343949045
148,3392,215.344745430166,51.0364269678614,215.982767115799,44.9981791151846,0.000796178343949045
148,3392,103,2.99999999999999,101,6,0.000597133757961783
148,3392,136,17,137,19,0.000696656050955414
148,3392,98,20,94,20,0.000497611464968153
148,3392,144.786533976744,17.0688281707153,143.524091979192,13.1534477384332,0.000597133757961783
148,3392,76.3082480131556,5.39452769889118,81.3535880104966,1.45255851841067,0.000497611464968153
148,3392,155,16,154,17,0.000597133757961783
148,3392,193,7.99999999999999,191,4.99999999999999,0.000696656050955414
148,3392,146.954391705706,30.977698610635,148.91880651799,26.9602982859978,0.000497611464968153
148,3392,8.31401391414811,130.771515000697,6.64496323143908,143.087405480225,0.00348328025477707
148,3392,0,140.973788493964,10.9803357456307,144.872087502111,0.00189092356687898
148,3392,138,0,140,0,0.000597133757961783
148,3392,178.738864688009,27.1493365501238,180.955509863691,31.0254427615331,0.000696656050955414
149,3415,14.7870966955999,90.0161721127469,16.0652700729445,106.843122301147,0.0105653382761816
149,3415,239.102583224024,159.75799186779,149.975644015977,171.820032583324,0.0322520852641335
149,3415,36.7901294513088,126.726982576566,3.00125355120725,152.700745846361,0.0126042632066728
149,3415,1.11022302462516e-16,101.035082187489,35.7720110525701,109.021222163834,0.0216867469879518
149,3415,171.951216013989,18.1130372964034,178.94356878659,21.1307566748474,0.00166821130676552
149,3415,131.102088777664,29.2400525231835,54.1474708450653,18.9022290287412,0.0420759962928638
149,3415,21.9999999999999,15,20.9999999999999,17,0.0422613531047266
149,3415,239.495513145441,44.1303154668026,189.936898810687,65.8560598222049,0.0216867469879518
149,3415,52.3729864981299,22.1081622521059,56.6765497980587,47.055796409777,0.00889712696941613
149,3415,235.57654536165,140.691062678726,230.110407276374,129.431881925846,0.00389249304911956
149,3415,226.984789192288,134.992239503702,229.43022682962,130.199107693126,0.00481927710843374
149,3415,223,15,223,17,0.00129749768303985
149,3415,38.800269620655,86.3874895818021,15.8540621198555,103.459789964351,0.00741427247451344
149,3415,29.3189169985005,96.8095709689988,28.4703101462407,90.9320952679202,0.0046339202965709
149,3415,197,28,195,29,0.00129749768303985
149,3415,42.8247338317547,131.144775027031,0,139.921093822731,0.013531047265987
149,3415,25.2530627482749,75.3266112338782,29.2050085204289,72.2645908426636,0.0025949953660797
149,3415,120,24,119,22,0.00111214087117702
149,3415,94,20,98,20,0.00092678405931418
149,3415,103,2.99999999999999,101,6,0.00129749768303985
149,3415,211,42,210,44,0.00092678405931418
149,3415,2.37003153974459,138.210879514488,0,137.09953284944,0.0020389249304912
149,3415,171,23,163,25,0.00185356811862836
149,3415,85,7,85,9,0.00092678405931418
149,3415,154.127776770186,27.9433591020316,156.47286547195,33.2336682401295,0.00352177942539388
149,3415,186.701776682546,21.6569492989275,182.938110115804,24.9288071491394,0.00185356811862836
149,3415,152,11,156,11,0.00148285449490269
149,3415,11,12,14,14,0.00092678405931418
149,3415,128.029327144935,6.98987153396027,126.273407227031,1.90557567672627,0.00111214087117702
149,3415,138,0,140,0,0.00129749768303985
149,3415,76,4.99999999999999,79,2.99999999999999,0.00129749768303985
149,3415,233,38,234,37,0.00111214087117702
149,3415,175.025672561377,28.9248997236768,172.033487093658,27.9020397711777,0.00185356811862836
149,3415,83,22,85,21,0.00129749768303985
149,3415,122,75,122,45,0.00852641334569045
149,3415,159.927575874052,22.8748854426049,164.973399673106,19.9540472448608,0.00185356811862836
149,3415,126,11,121,11,0.00092678405931418
149,3415,122,18,123,17,0.00166821130676552
149,3415,21.5634840470515,68.8519107206944,7.90807430159482,62.1498138661969,0.00278035217794254
149,3415,175.078526783588,10.6724375239805,167.059902230682,8.75012699992386,0.00129749768303985
149,3415,21,24,17,25,0.00092678405931418
149,3415,171,25,173,25,0.00129749768303985
149,3415,135.747839906118,16.10164896134,136.927915958554,19.029057999739,0.00166821130676552
149,3415,146,8.32667268468874e-15,147,0.999999999999992,0.00092678405931418
149,3415,130,2,131,4,0.00111214087117702
149,3415,144,13,144,15,0.00092678405931418
149,3415,15,54,13,53,0.00129749768303985
149,3415,93.9709457450187,4.00604582586055,95.0097047214634,8.99798056924775,0.00185356811862836
149,3415,97,13,100,13,0.00129749768303985
149,3415,106,20,106,18,0.00111214087117702
149,3415,193,8,191,5,0.00092678405931418
149,3415,55,13,48,11,0.00148285449490269
149,3415,224,27,221,29,0.00111214087117702
149,3415,172,15,171,17,0.00129749768303985
149,3415,75,10,73,9,0.00111214087117702
149,3415,128.939789997606,28.0733215015783,125.07942716272,24.903276555304,0.00111214087117702
149,3415,4.42679624091946,86.1314642773365,0,100.502972897168,0.0168674698795181
149,3415,6.77916683567604,100.813214239734,5.29515287507762,70.787711569742,0.0114921223354958
149,3415,133,21,133,24,0.00092678405931418
149,3415,128.859783113616,15.0284728606216,129.874491581262,20.0254861151587,0.00111214087117702
149,3415,216,45,228,45,0.00185356811862836
150,3438,124,116,124,82,0.00937081659973226
150,3438,233,38,239,34,0.00133868808567604
150,3438,197,28,195,29,0.00172117039586919
150,3438,35.1690550172553,66.1384429586679,40.1172992466517,60.0960589932179,0.00363358194683496
150,3438,191,5,193,8,0.00152992924077261
150,3438,216,45,216,48,0.00133868808567604
150,3438,137,10,136,7.00000000000001,0.00229489386115892
150,3438,94.8982032325079,9.02176653491482,93.8321079441799,4.0358992567737,0.00267737617135207
150,3438,223,15,223,17,0.00152992924077261
150,3438,172,9.99999999999999,171,7.99999999999999,0.000956205775482884
150,3438,21,24,21,26,0.00172117039586919
150,3438,173,25,171,25,0.00152992924077261
150,3438,120,24,119,22,0.00133868808567604
150,3438,239.108988793658,160.831116174099,114.884773196072,177.121314612083,0.0566073819085867
150,3438,202.063737046546,37.6845374933707,154.005127178468,27.9746233523647,0.00937081659973226
150,3438,162.154876218552,29.9901710306881,156.57757422501,36.4952022186356,0.00325109963664181
150,3438,125,5.99999999999999,127,8.99999999999999,0.00152992924077261
150,3438,75,10,73,9.00000000000001,0.00114744693057946
150,3438,55,13,52,11,0.00210365270606234
150,3438,76.2937691212766,5.38043353423949,81.3610202104447,1.46752427210368,0.00133868808567604
150,3438,149,14,152,11,0.00191241155096577
150,3438,210,44,214,44,0.00172117039586919
150,3438,129,27,132,30,0.00152992924077261
150,3438,147.109910382209,5.13183801806721,143.274533993643,8.32930481075943,0.00172117039586919
150,3438,185,23,183,25,0.00191241155096577
150,3438,21,70,18,68,0.00191241155096577
150,3438,171,23,163,25,0.00210365270606234
150,3438,133,21,133,24,0.000956205775482884
150,3438,125,25,127,27,0.00152992924077261
150,3438,185,6.00000000000001,184,3,0.00133868808567604
150,3438,140,4.26378917173261e-16,138,4.26378917173261e-16,0.00152992924077261
150,3438,222,23,218,22,0.00114744693057946
150,3438,148,22,150,22,0.000956205775482884
150,3438,127,4,130,1.99999999999998,0.00114744693057946
150,3438,144.699523583654,17.061400746705,143.874824988504,13.0255788433187,0.00344234079173838
150,3438,100,13,97,13,0.00114744693057946
150,3438,123,77,123,47,0.00917957544463568
150,3438,126.782098172966,158.007877498924,125.479728939449,121.98265703296,0.0145343277873398
150,3438,175,19,179,23,0.00172117039586919
150,3438,164.940908906557,19.8966239420335,161.818050140953,21.6816904531669,0.00210365270606234
150,3438,207,34,204,36,0.000956205775482884
150,3438,15,54,13,53,0.00152992924077261
150,3438,123,17,122,18,0.00191241155096577
150,3438,89,7,85,7,0.00172117039586919
150,3438,232.663232292166,28.081742800276,233.635761004425,32.0884108386148,0.0024861350162555
150,3438,175,29,172,28,0.00152992924077261
150,3438,187,30,186,31,0.000956205775482884
150,3438,98,20,94,20,0.00114744693057946
150,3438,136,17,137,19,0.00172117039586919
150,3438,62,14,61,12,0.000956205775482884
150,3438,45,9,48,11,0.000956205775482884
150,3438,156.05077420539,32.9791286784799,154.851295846764,30.0611265537235,0.00133868808567604
150,3438,129,15,130,20,0.00114744693057946
150,3438,157.939871700758,14.8558922380476,150.911696638459,17.7883658782135,0.00210365270606234
150,3438,171,17,172,15,0.00172117039586919
150,3438,214,18,216,16,0.00152992924077261
150,3438,103,2.99999999999999,101,6,0.00191241155096577
151,3461,55.8210130062097,19.1410110506263,158.796930094365,35.2945354378674,0.0380537675123059
151,3461,201.937677345236,39.2668229339836,153.984524104168,28.0662571892627,0.021772056039379
151,3461,101,6,102,6,0.000946611132146914
151,3461,205,134,236,134,0.00908746686861038
151,3461,39.0301518019976,62.036279569141,34.698043696851,65.6366769528895,0.00340780007572889
151,3461,172.966472916007,31.1833711146636,186.867445189939,33.7249876929418,0.00246118894358198
151,3461,130.358906229322,19.9522221134019,129.687479502371,14.9084821743974,0.0011359333585763
151,3461,97,13,100,13,0.00151457781143506
151,3461,144.733261733701,17.0688887778896,143.70227430292,13.076891702502,0.00227186671715259
151,3461,94.2719347827506,19.9293480644744,92.9917852336015,15.0021342953633,0.0011359333585763
151,3461,73,8.99999999999999,75,9.99999999999999,0.00170390003786445
151,3461,137,10,136,7.00000000000002,0.00170390003786445
151,3461,21,70,18,68,0.00151457781143506
151,3461,85,7,85,9,0.0011359333585763
151,3461,163,25,171,23,0.00246118894358198
151,3461,45,9,48,11,0.0011359333585763
151,3461,210,44,213,42,0.000946611132146914
151,3461,38.6211624872915,61.9719463311796,37.5824883943191,38.9736929759277,0.0077622112836047
151,3461,26.7245340508045,151.075743567494,22.9347339006412,137.292911174437,0.00833017796289284
151,3461,237.719056578797,139.738701162191,212.014217843397,129.962616183017,0.00870882241575161
151,3461,217.873190108865,135.576081725269,226.667201634659,137.511862006631,0.0043544112078758
151,3461,106,20,109,17,0.0011359333585763
151,3461,163,21,165,20,0.00151457781143506
151,3461,136.739579893439,19.042409371257,136.263652029504,16.1199141451385,0.00189322226429383
151,3461,216,16,214,18,0.00170390003786445
151,3461,174.826496366385,19.3955697535816,178.91681489646,21.1896531514834,0.0011359333585763
151,3461,95.1885044853331,8.96051786321549,94.1432434297819,3.96999776064673,0.00170390003786445
151,3461,197.19110642971,40.3685647584786,207.524091733209,35.0107548101009,0.00208254449072321
151,3461,221,29,225,30,0.000946611132146914
151,3461,8.99999999999999,81,11,84,0.000946611132146914
151,3461,130,29,135,29,0.0011359333585763
151,3461,150.767250075003,17.944591743499,149.812451678267,21.9553524001478,0.00132525558500568
151,3461,127,8.99999999999999,125,5.99999999999999,0.0011359333585763
151,3461,152,11,149,14,0.00151457781143506
151,3461,82.1171619223208,22.2722267340225,85.0114385372297,21.0265775396165,0.00170390003786445
151,3461,175,29,172,28,0.0011359333585763
151,3461,221.841597827365,14.0425031945294,222.659669985305,17.0913189041422,0.00132525558500568
151,3461,21.2938257331506,28.1184513706408,20.6138740111018,24.0647675152892,0.00151457781143506
151,3461,233,28,233,30,0.000946611132146914
151,3461,76.1377832927505,5.18018566594309,81.2230121369258,1.29164341774112,0.00170390003786445
151,3461,122,18,123,17,0.00151457781143506
151,3461,239.10031459545,161.763983131948,123.984148851392,176.879279679051,0.0488451344187808
151,3461,34.9376400250056,107.041850352058,36.771936540673,65.9451869728771,0.0189322226429383
151,3461,127,27,129,27,0.0011359333585763
151,3461,123.914279406049,27.9561362793694,126.969939658205,21.9846179503223,0.0011359333585763
151,3461,147,5,147,1,0.00132525558500568
151,3461,216,42,216,48,0.00170390003786445
151,3461,15,54,13,53,0.000946611132146914
151,3461,191,5.00000000000001,193,8,0.000946611132146914
151,3461,184.954959206894,22.9324089906956,178.954144863312,26.9311869361808,0.00151457781143506
151,3461,131,4,127,4,0.000946611132146914
151,3461,111,7,111,10,0.000946611132146914
151,3461,173,25,171,25,0.000946611132146914
151,3461,199.974741660233,26.938270458431,194.990825024859,28.9775770294256,0.0011359333585763
151,3461,172.081495154519,14.3735559847143,170.515542434951,16.6695874346466,0.0011359333585763
151,3461,152.580849509857,35.2736046586465,156.958350349461,25.980381254998,0.00151457781143506
151,3461,119.925747188576,3.08856839941268,116.241717528738,0,0.00151457781143506
151,3461,120,24,119,22,0.0011359333585763
151,3461,9,15,14,14,0.000946611132146914
152,3484,123,17,122,18,0.00141083521444695
152,3484,124.495080645056,160.015904039264,123.329812061096,123.02110969839,0.0124153498871332
152,3484,137,19,136,17,0.000846501128668172
152,3484,179,21,179,27,0.00197516930022573
152,3484,24.8109060815051,151.051424818094,20.5527000932514,135.393598773689,0.00931151241534989
152,3484,101,6,103,2.99999999999999,0.00141083521444695
152,3484,31.8903518101306,114.939679018273,36.4608543731929,30.8619708855884,0.0479683972911964
152,3484,222,23,218,22,0.000705417607223476
152,3484,165,7,167,9.00000000000002,0.00112866817155756
152,3484,81.0579959175488,1.07340962504434,76.0337511879417,5.04272131826381,0.00183408577878104
152,3484,143.706400650043,13.0724532170795,144.694244193215,17.0754531365466,0.00126975169300226
152,3484,53.0735296954054,19.7812443286721,50.678621919566,29.9241170738158,0.00536117381489842
152,3484,225.454952956582,31.8721875512038,224.079878022712,26.9775594255622,0.00169300225733634
152,3484,40.4271896305446,27.8235825569662,37.7221905488009,36.6064528715162,0.00352708803611738
152,3484,85,21,83,22,0.00141083521444695
152,3484,163,25,171,23,0.00141083521444695
152,3484,28,34,29,36,0.000705417607223476
152,3484,110,23,112,20,0.000846501128668172
152,3484,204,36,207,34,0.000987584650112867
152,3484,116,0,117,0,0.00112866817155756
152,3484,119.955333938265,24.0333158842242,116.965901987106,20.0254333022814,0.00197516930022573
152,3484,191.020691180007,33.5927034531357,185.270044679604,40.0284068072025,0.00197516930022573
152,3484,109,17,106,18,0.000987584650112867
152,3484,163,15,159,18,0.000846501128668172
152,3484,154.833262177302,42.9773689606331,157.1350828962,26.0183345703585,0.00409142212189616
152,3484,146.324004609439,119.9864569467,144.778396624996,83.0092627889592,0.0104401805869075
152,3484,21,24,21,26,0.00112866817155756
152,3484,64.2480576662653,28.6551296275031,43.9254376177137,72.9658027545468,0.00846501128668172
152,3484,150,22,153,22,0.00112866817155756
152,3484,123,82,123,118,0.0107223476297968
152,3484,29.3609109746521,82.8428165617669,26.1177870965288,96.0289696428472,0.00395033860045147
152,3484,147,5,145,7,0.000846501128668172
152,3484,172.092062219455,28.045916285479,176.084071881331,20.0419310823358,0.00183408577878104
152,3484,143.290921616906,47.0312964869062,144.658448032242,78.0150750282925,0.00719525959367946
152,3484,138,0,140,0,0.000846501128668172
152,3484,45,9,48,11,0.00112866817155756
152,3484,173,33,175,29,0.00197516930022573
152,3484,96,25,97,24,0.000987584650112867
152,3484,118.530478220017,44.3779981718686,122.621945492911,81.9322401546292,0.0136851015801354
152,3484,133.019362453447,24.0079650346125,130.122375799356,31.0503411140669,0.00155191873589165
152,3484,16,56,15,54,0.00126975169300226
152,3484,198.185260108312,32.1253119088353,194.145148550605,38.0981800243274,0.00112866817155756
152,3484,64,21,73,21,0.00112866817155756
152,3484,148,28,149,27,0.000705417607223476
152,3484,92.3433126791789,10.6542899027747,94.7019960410493,19.8193368354483,0.00126975169300226
152,3484,153.536220283532,26.6942825469768,155.317664634118,29.8188885690438,0.00155191873589165
152,3484,193,8.00000000000001,191,5.00000000000001,0.000846501128668172
152,3484,210,44,210,47,0.000987584650112867
152,3484,153.838632438353,3.28548303555529,157.726836351839,5.4832668144965,0.000705417607223476
152,3484,53,31,53,27,0.00155191873589165
152,3484,93.8053723678835,4.0281350245449,94.533837760626,9.06738758471275,0.00141083521444695
152,3484,130,2,131,4,0.000846501128668172
152,3484,189,0,190,0,0.000846501128668172
152,3484,18,68,21,70,0.000705417607223476
152,3484,120,3,117,3,0.000705417607223476
152,3484,214,18,218,14,0.00112866817155756
152,3484,215.979701672718,47.9732483568978,208.013483716317,54.0177705069777,0.000987584650112867
152,3484,223,17,219,18,0.000705417607223476
152,3484,12,11,14,14,0.000987584650112867
152,3484,152,11,151,14,0.00112866817155756
152,3484,136.935699751234,10.0229221765014,135.874071820576,7.04489170742944,0.000987584650112867
152,3484,127,27,129,27,0.00126975169300226
152,3484,182.793590677861,9.88451357650221,184.97485511457,5.98593138692835,0.000846501128668172
152,3484,165,20,163,21,0.000846501128668172
152,3484,172,15,171,17,0.00141083521444695
152,3484,100,13,97,13,0.000846501128668172
152,3484,125.41111410499,25.4049828127864,130.373269288521,20.3677024080591,0.000846501128668172
152,3484,130,17,127,16,0.000705417607223476
152,3484,195,29,197,28,0.000846501128668172
152,3484,183,25,185,23,0.000987584650112867
152,3484,163.849757185105,28.7515384181584,157.685108889911,32.4792540104154,0.00239841986455982
152,3484,198,6.00000000000002,195,3,0.000705417607223476
153,3508,238.844951633529,42.6428478199416,191.627182498763,63.1412190507949,0.0269541778975741
153,3508,167,9,165,6.99999999999998,0.000673854447439353
153,3508,85.1321896052648,9.02563588772674,86.1029527263671,4.01996590071527,0.000673854447439353
153,3508,137,19,136,17,0.00123539982030548
153,3508,189,0,190,0,0.000561545372866128
153,3508,92.9648503831708,14.0073128824746,94.2028494293728,19.957797149134,0.00112309074573226
153,3508,191,4.99999999999997,193,7.99999999999997,0.00112309074573226
153,3508,149,20,150,22,0.000561545372866128
153,3508,199.436708776918,37.0575451846962,154.247750159744,26.8980219399687,0.0284141958670261
153,3508,33.4301265321473,78.0878479129836,39.2000817180617,49.8366267914818,0.00673854447439353
153,3508,173,79,149,79,0.00381850853548967
153,3508,239.070872107208,159.512256050414,120.707816313382,175.888127400214,0.0627807726864331
153,3508,149,121,188,121,0.00741239892183288
153,3508,236,132,202,132,0.00628930817610063
153,3508,216,16,214,18,0.00112309074573226
153,3508,37.2437802005922,59.0300941975393,31.3021435410173,107.160747119137,0.00932165318957772
153,3508,52.2095970058423,17.6190234547522,160.980619976851,34.1276895979856,0.0549191374663073
153,3508,184,3,185,6.00000000000001,0.000786163522012579
153,3508,175.018349501813,18.9631440226944,179.021748055771,20.956317841319,0.00101078167115903
153,3508,172.752614652189,24.9460565912551,170.788424379838,33.9538650519935,0.00134770889487871
153,3508,162,22,163,25,0.000561545372866128
153,3508,51.3849101529947,18.8543265828642,46.3569036291359,40.0845264663326,0.00516621743036837
153,3508,103.930834960093,18.8213423420026,108.952487909138,16.8772732743097,0.000673854447439353
153,3508,122,18,123,17,0.000786163522012579
153,3508,73,9,75,9.99999999999999,0.000673854447439353
153,3508,65,17,67,15,0.000673854447439353
153,3508,237,136,198,136,0.00808625336927224
153,3508,91,4.92049291401591e-15,97,2,0.00101078167115903
153,3508,145,7.00000000000002,147,5.00000000000002,0.000786163522012579
153,3508,238.218419014303,118.643406789373,227.710895187903,122.128302185165,0.00595238095238095
153,3508,28,44,29,43,0.000786163522012579
153,3508,132.273765449561,60.7631180627915,121.154485185656,58.3020304935822,0.0043800539083558
153,3508,208.141908517346,104.995424798831,208.593845163699,119.0130946339,0.00325696316262354
153,3508,83,22,85,21,0.000786163522012579
153,3508,138,0,140,0,0.000561545372866128
153,3508,198.98525283983,134.625618563617,237.924833017086,133.091759856937,0.0165094339622642
153,3508,144.66908984005,17.0905371649554,143.581262587214,13.1145667398673,0.00134770889487871
153,3508,198,133,229,133,0.00831087151841869
153,3508,22.3995166907059,67.1994394415171,19.4033506125135,73.2013533420923,0.000898472596585804
153,3508,180.226784983812,70.126795224521,145.135789546709,65.8784018100319,0.0113432165318958
153,3508,112,20,110,22,0.000561545372866128
153,3508,76.0798897857192,5.09949410211216,81.0726644287286,1.09049570012941,0.00134770889487871
153,3508,219.094165005163,145.940650753813,219.316361915587,150.037081614549,0.00292003593890386
153,3508,238,137,200,137,0.00393081761006289
153,3508,15,54,16,56,0.000673854447439353
153,3508,132.173360347467,70.2427789794388,121.068586632608,67.7004203054553,0.00370619946091644
153,3508,159.983631260994,10.0117108024068,162.892185833884,14.0771342493524,0.000673854447439353
153,3508,153.482667877397,41.9510516928744,154.710645275046,28.9726221834554,0.00348158131176999
153,3508,48,11,55,13,0.000786163522012579
153,3508,183,17,185,23,0.000898472596585804
153,3508,156,11,152,11,0.000898472596585804
153,3508,223,15,223,17,0.000561545372866128
153,3508,33.9725299145475,63.9970630228992,37.7174867467216,28.9697949627066,0.00909703504043127
153,3508,158.351826511653,28.9083014896239,140.653463680166,39.4163396205553,0.00471698113207547
153,3508,216,45,214,44,0.00123539982030548
153,3508,124.928096211847,25.1142895949863,131.029591592158,28.9529647718204,0.00202156334231806
153,3508,101,6,103,2.99999999999999,0.000673854447439353
153,3508,120,24,117,26,0.000786163522012579
153,3508,203.010987928189,49.4612972123356,199.004051225837,49.4326835430197,0.00179694519317161
153,3508,111,10,111,7,0.000898472596585804
153,3508,225,30,224,27,0.000786163522012579
153,3508,159,18,162,17,0.000561545372866128
153,3508,214.701748191645,134.046162541662,215.365353196475,123.958251535441,0.00404312668463612
153,3508,233.625041560942,132.498110717655,237.960589926984,120.620593058823,0.00303234501347709
153,3508,171.877781724776,34.5128058671569,174.386677941514,28.7337354817377,0.00134770889487871
153,3508,214.214787296041,150.673309974402,209.201693522983,144.827050351947,0.00336927223719677
153,3508,137,27,134,29,0.000786163522012579
153,3508,216.3596941841,149.023746550011,216.495498199837,146.966693436375,0.00112309074573226
153,3508,93,25,97,24,0.000673854447439353
153,3508,187,30,183,36,0.00112309074573226
153,3508,136,6.99999999999999,137,9.99999999999999,0.000561545372866128
153,3508,207,34,204,36,0.000786163522012579
153,3508,5,14,9,15,0.000561545372866128
153,3508,21,24,21,26,0.000786163522012579
153,3508,9,20,6,20,0.000561545372866128
153,3508,170.338941337028,17.2549544611758,172.383795653229,14.5364860226767,0.00101078167115903
153,3508,100,13,97,13,0.000898472596585804
153,3508,32,36,29,36,0.000561545372866128
153,3508,233,28,233,30,0.000561545372866128
153,3508,216,48,213,50,0.000673854447439353
153,3508,95,9.00000000000001,94,7,0.000561545372866128
153,3508,215,147,215,148,0.000561545372866128
153,3508,213.55867263967,147.074994631045,213.200285922814,144.965965470906,0.000786163522012579
153,3508,131,4,130,2,0.000786163522012579
153,3508,233,131,226,131,0.00123539982030548
154,3531,122.075868381153,75.9467326497655,139.13143794749,77.1752701643464,0.00361037430002947
154,3531,49.019266864963,20.3073714160791,54.4528789772246,12.6136036953376,0.0017683465959328
154,3531,138.090191704807,72.0814256658523,122.0484704752,70.5063433541061,0.00353669319186561
154,3531,193.274680717233,7.85235240674476,189.053849543032,0,0.000515767757147067
154,3531,9.8792913241795,162.983214469631,11.846085321304,148.839538709614,0.00169466548776894
154,3531,0,137,20,137,0.0015473032714412
154,3531,61,75.9999999999999,99,75.9999999999999,0.00442086648983201
154,3531,85,7,85,9,0.000368405540819334
154,3531,216,16,214,18,0.000736811081638668
154,3531,9.1759021267551,65.2552743586132,10.9992251709832,63.9988755452595,0.000810492189802535
154,3531,171,8.00000000000001,172,10,0.000442086648983201
154,3531,138,0,140,0,0.000515767757147067
154,3531,222,23,218,22,0.000368405540819334
154,3531,16,56,15,54,0.000515767757147067
154,3531,48,11,52,11,0.000515767757147067
154,3531,179,21,176,20,0.000589448865310934
154,3531,125,5.99999999999999,127,8.99999999999999,0.000442086648983201
154,3531,172,15,171,17,0.000368405540819334
154,3531,147,5.00000000000002,145,7,0.000368405540819334
154,3531,81.2450144111578,1.31573653126053,76.1869152456025,5.24086734738327,0.000442086648983201
154,3531,122,18,123,17,0.000810492189802535
154,3531,21,70,18,68,0.000810492189802535
154,3531,195,29,197,28,0.000368405540819334
154,3531,144.816177041438,17.0656773170887,143.435614202671,13.2016469828444,0.000736811081638668
154,3531,162,9.00000000000001,161,11,0.000442086648983201
154,3531,116,0,117,0,0.000442086648983201
154,3531,136,17,137,19,0.000368405540819334
154,3531,17,25,13,25,0.000368405540819334
154,3531,165,20,163,21,0.000368405540819334
154,3531,185,23,183,25,0.000368405540819334
154,3531,223,15,223,17,0.000442086648983201
154,3531,130,1.99999999999999,131,3.99999999999999,0.000663129973474801
154,3531,225,30,224,27,0.000515767757147067
154,3531,149,14,151,14,0.000368405540819334
154,3531,95.1482751536108,8.92524357444747,94.141619626992,6.92859911560238,0.000515767757147067
154,3531,21,24,21,26,0.000589448865310934
154,3531,97,2,94,4,0.000589448865310934
154,3531,137,10,136,7.00000000000001,0.000368405540819334
154,3531,177,4,177,5,0.000368405540819334
154,3531,75,9.99999999999999,73,9,0.000515767757147067
154,3531,155,16,154,17,0.000442086648983201
154,3531,158.049330668903,28.6619883086117,55.339731798338,13.6721718491235,0.0252726201002063
154,3531,233,38,238,36,0.000442086648983201
155,3554,138.003475337575,143.110342106239,124.080279188254,143.548867419894,0.00434546442151005
155,3554,51.8119120277942,16.2267868967738,160.027874049148,32.8181940192488,0.0671995033754947
155,3554,239.048902397522,146.007606332325,239.504503307189,143.078470995447,0.000698378210599829
155,3554,237.886259679274,146.660066699311,232.69574842628,145.765656459767,0.00124156126328859
155,3554,193.152337687906,61.363172993437,239.760405358363,41.8128061021369,0.0183130286335066
155,3554,0,152.07870791132,35.933399241668,180,0.072010553270738
155,3554,88.4263095678344,178.482983334687,67.2679516268756,161.036717024408,0.00496624505315434
155,3554,122.272256219026,72.1511026396346,126.373160946507,64.7621065348027,0.0014743540001552
155,3554,92.0532213642747,179.390041355313,239.313333550337,159.296315479769,0.062466051059207
155,3554,202.226774916505,135.131881045154,203.217515499517,125.915881167481,0.00325909831613254
155,3554,229.975156138129,133.314843904035,237.360848599792,110.439370547142,0.00845813610615349
155,3554,112.91361862651,180,125.572109465247,175.674120075037,0.0048886474741988
155,3554,141.423448281546,133.218652198026,150.383994644278,130.105107607405,0.00310390315822146
155,3554,205.006527901212,135.001434964484,207.031999705329,125.787213991399,0.00481104989524327
155,3554,216.288882137812,144.689298619101,240,126.302810569805,0.0232016761077054
155,3554,45.0086011414395,122.994802064162,25.0504107806893,89.9695352058305,0.00527663536897649
155,3554,10.6447923854022,103.185680667194,7.5994248052166,80.9587822168888,0.00822534336928688
155,3554,0,86.4525479404505,0.901367355876118,102.063434679788,0.00581981842166524
155,3554,138.006346442685,68.2257048336532,122.018986695264,68.6752426688606,0.003181500737177
155,3554,17.0780177886812,90.8064947658129,24.9998287415935,94.0004247672053,0.00263831768448824
155,3554,151.98208258946,170.175880604386,76.9842581130986,169.033105729342,0.0165282843175293
155,3554,128.734528955558,166.503583036211,138.622469531921,171.716153205248,0.00217273221075502
155,3554,155.011548242427,25.949209269905,198.578246231703,35.8549300421203,0.0248312252657717
155,3554,143.85699971624,64.0798539925111,177.921749984818,68.5908980673759,0.00838053852719795
155,3554,150.012439093594,119.818143415205,187.034289106845,119.255261347374,0.0120276247381082
155,3554,182.778315687063,153.202090670649,222.727458956608,164.816604842985,0.00682858694808722
155,3554,103,2.99999999999999,101,6,0.000620780631644293
155,3554,152.999077422149,28.6146156294592,181.00051539418,28.656647600708,0.0046558547373322
155,3554,195,29,197,28,0.00046558547373322
155,3554,134,57,124,57,0.00162954915806627
155,3554,240,146.422757590894,227.147455986699,155.321620038312,0.0112516489485528
155,3554,234.439009165851,128.027241574124,234.129937227551,133.00806291734,0.00108636610537751
155,3554,134.056221441209,60.9163711095772,126.231325587946,55.6559052590928,0.00217273221075502
155,3554,214.297949735384,148.219688263728,218.447158032846,142.592371204077,0.00225032978971056
155,3554,212.476350973753,148.060125627577,208.970091913056,143.020809470485,0.00256072010553271
155,3554,32.8059901206461,25.238801747724,37.1124955694398,39.0770269392172,0.00659579421122061
155,3554,223,15,223,17,0.000931170947466439
155,3554,23,67,19,73,0.000775975789555366
155,3554,200.75966911542,134.131678526613,197.538602493165,128.252802064908,0.00162954915806627
155,3554,160.426160764935,170.395565358725,239.934206141585,156.251426350877,0.0183130286335066
155,3554,192.177818363568,33.4677671737326,206.16127708724,58.0461121752995,0.00581981842166524
155,3554,18,68,22,69,0.000387987894777683
155,3554,0,99.0795247333239,45.7909956278769,108.967859458272,0.0158299061069295
155,3554,17,25,21,26,0.000698378210599829
155,3554,16,56,15,54,0.000698378210599829
155,3554,73,9.00000000000001,75,10,0.000698378210599829
155,3554,143.760448161687,13.066522445371,144.86329851381,17.0379613749209,0.000698378210599829
155,3554,122,18,123,17,0.000698378210599829
155,3554,120.802382936121,25.1177210218655,118.959514726738,22.024117187278,0.000543183052688756
155,3554,173,15,172,15,0.000543183052688756
155,3554,77.0005462150302,125.048764235924,84.0108678012065,124.970240642885,0.00186234189493288
155,3554,93.0164384143015,14.1169927518609,100.018704222251,13.1331185838527,0.000543183052688756
155,3554,25.5445065620286,85.281191160888,35.9026718587438,102.06008387991,0.00341429347404361
155,3554,137,19,136,17,0.000387987894777683
155,3554,60,75.9999999999999,100,75.9999999999999,0.0046558547373322
155,3554,116,0,117,0,0.000543183052688756
155,3554,137,10,136,7.00000000000001,0.000543183052688756
155,3554,140,0,138,0,0.000387987894777683
155,3554,48,11,45,9,0.000387987894777683
155,3554,76.2187898519262,5.27806237626611,81.2507730937905,1.31871022238509,0.000543183052688756
155,3554,95,9.00000000000001,94,7,0.000387987894777683
155,3554,3.00497932322428,92.9478031190961,20.9371874526366,94.6584467218382,0.00442306200046559
155,3554,151,14,149,14,0.00046558547373322
155,3554,214,44,210,44,0.000698378210599829
155,3554,74.0086250246127,17.9437305687873,118.046910803146,24.6939551677513,0.00411267168464344
155,3554,163,21,165,20,0.00046558547373322
155,3554,214.015777754843,18.0135106132816,218.178210470519,13.1526030017528,0.000853573368510903
155,3554,130,2,131,4,0.00046558547373322
155,3554,191,5.00000000000001,193,8,0.000620780631644293
155,3554,10.9523272218133,82.0775606478081,5.98500855077971,79.0243901563394,0.000387987894777683
155,3554,171,23,173,25,0.000543183052688756
155,3554,149.264110503407,37.1566802024012,160.666706964015,24.695031838369,0.00271591526344378
155,3554,0.0221926308641358,137.159260674715,5.06364642633332,136.456744982742,0.000853573368510903
155,3554,83.0085378771324,172.566871134604,150.053574608916,171.557078518589,0.0106308683169085
155,3554,167,24,163,25,0.000543183052688756
155,3554,147,5,145,7,0.000543183052688756
155,3554,233,28,234,31,0.00046558547373322
155,3554,23,91,24,91,0.00046558547373322
155,3554,181.00071153641,32.9997782169205,179.119039252453,26.9628959367355,0.000620780631644293
155,3554,90,4,94,4,0.00046558547373322
155,3554,61,12,62,14,0.00046558547373322
155,3554,136.958711274042,27.0517829691343,133.051017573028,23.936015429198,0.000387987894777683
155,3554,38,27,52,27,0.00193993947388841
155,3554,125,25,129,25,0.000698378210599829
155,3554,208,131,216,131,0.0014743540001552
155,3554,198.096942973525,32.1028068509466,192.954594012512,36.9518474994318,0.000620780631644293
156,3577,149.656062788163,178.687511576072,176.797405082484,152.787693565984,0.00239965095986038
156,3577,19,32,19,34,0.000218150087260035
156,3577,123,124,138,124,0.0012652705061082
156,3577,172,15,171,17,0.000392670157068063
156,3577,0,104.002778459967,49.0897847725833,115.046092466738,0.00772251308900524
156,3577,0,134.347270970156,23.6925146502709,146.594821093199,0.00174520069808028
156,3577,53.3571975403063,46.0636493132571,55.3492990246534,34.8840510766647,0.000654450261780105
156,3577,147,26,148,28,0.000261780104712042
156,3577,195,29,197,28,0.000392670157068063
156,3577,238.816572502451,150.075838734531,239.101365039217,147.009414223816,0.000610820244328098
156,3577,116,0,117,0,0.000218150087260035
156,3577,220.962257455693,28.9946099540009,221.821983618535,22.9745773237522,0.000349040139616056
156,3577,89.2767420860257,47.7595153548947,82.3041600493754,39.7356895635943,0.00174520069808028
156,3577,81.2648247427644,1.34709337565909,76.1755571554875,5.23009453377811,0.000349040139616056
156,3577,131,4,130,2,0.000349040139616056
156,3577,179,21,176,20,0.000349040139616056
156,3577,111,10,111,7,0.000261780104712042
156,3577,136,17,137,19,0.000349040139616056
156,3577,52,11,48,11,0.000218150087260035
156,3577,189,0,190,0,0.000305410122164049
156,3577,94.710391665791,9.04014920743297,93.6033860016395,1.05498369974223,0.000654450261780105
156,3577,123,17,122,18,0.000349040139616056
156,3577,214,18,216,16,0.000349040139616056
156,3577,82.0059520541025,51.0293737943706,87.1980307758803,49.9772954327282,0.00113438045375218
156,3577,80.6039336954561,50.0644406259905,81.9037090040311,37.8830241157605,0.00161431064572426
156,3577,179,23,179,27,0.000349040139616056
156,3577,147,5.00000000000002,145,7.00000000000002,0.000218150087260035
156,3577,92.0037721155178,14.0262540750718,104.042606992372,12.2965463732543,0.00043630017452007
156,3577,223,15,223,17,0.000349040139616056
156,3577,191,5,193,7.99999999999999,0.000261780104712042
156,3577,15,54,16,56,0.000261780104712042
156,3577,159,1.66533453693773e-14,157,2.00000000000002,0.000218150087260035
156,3577,125,6,127,4,0.00043630017452007
156,3577,161,11,162,9,0.000261780104712042
156,3577,152,11,156,11,0.000261780104712042
156,3577,143.40179068831,13.1964861595847,144.685059323279,17.1034445349756,0.000349040139616056
156,3577,21,24,21,26,0.000305410122164049
156,3577,136,7.00000000000001,137,10,0.000349040139616056
156,3577,151,14,149,14,0.000218150087260035
156,3577,138,0,140,0,0.000305410122164049
156,3577,133,21,133,24,0.000218150087260035
156,3577,106,20,106,18,0.000305410122164049
156,3577,31,2,33,4,0.000261780104712042
156,3577,101,6.00000000000001,103,3,0.000261780104712042
156,3577,3.00551072517066,66.992256402633,7.07797881170362,69.8904252158678,0.000261780104712042
156,3577,74.8804805674848,10.2269057295217,68.9466256690847,7.10133031289728,0.000349040139616056
157,3600,158.290593282199,37.1224812196703,48.143258483489,20.0744091151827,0.0476955517622251
157,3600,73,21,67,21,0.000903705191284266
157,3600,21.9999999999999,15,21.9999999999999,12,0.0228938648458681
157,3600,238.978255881927,130.220763044333,195.982471591063,130.28001213305,0.0447836128125314
157,3600,39.3835222619516,110.230286760196,29.2701245790983,78.9127683981612,0.00652675971483081
157,3600,230.872647259236,39.1379803904824,240,50.9397218438434,0.015262576563912
157,3600,144.591575943313,17.0749591418606,143.848781642512,13.0277535030693,0.00130535194296616
157,3600,179,21,179,27,0.00110452856712521
157,3600,164.966554248703,19.9439270175728,161.873903542865,21.7885948393776,0.00100411687920474
157,3600,239.015042759045,44.0345729527574,190.241246090039,65.256146827534,0.0216889245908224
157,3600,158.187859861242,30.624156202339,140.899270047323,40.8293537358691,0.00763128828195602
157,3600,218.17338874416,13.1473718771532,214.028387030587,18.0241275753203,0.000903705191284266
157,3600,49.1969110593489,115.123339971512,0,104.072972031164,0.00753087659403555
157,3600,226.869277173134,138.787733355493,232.842237023564,106.970383707802,0.00783211165779697
157,3600,150,22,153,22,0.000702881815443318
157,3600,223,15,223,17,0.00100411687920474
157,3600,100.985847163799,5.99063066361656,102.976136578724,2.98420214732773,0.000903705191284266
157,3600,21,24,21,26,0.00110452856712521
157,3600,145,6.99999999999998,147,5,0.000702881815443318
157,3600,225,30,224,27,0.000602470127522844
157,3600,135.822820217737,71.3689573287664,118.698999301702,73.2291139726826,0.00361482076513706
157,3600,117.034502812723,68.123802263167,123.890789064835,60.9411844190378,0.00331358570137564
157,3600,28.7724776477946,83.9089167795709,32.557903163885,32.8929951672424,0.0155638116276735
157,3600,136,7.00000000000001,137,10,0.000702881815443318
157,3600,30,45,29,43,0.00050205843960237
157,3600,175,29,172,28,0.000803293503363792
157,3600,174,31,171,29,0.00050205843960237
157,3600,239.027258886618,162.185035057097,126.955100007203,178.695215991488,0.0639622452053419
157,3600,235.917168157788,139.490673088165,128.508509012283,178.403602156912,0.0454864946279747
157,3600,133,21,133,24,0.000702881815443318
157,3600,195,29,197,28,0.000602470127522844
157,3600,151.238736409666,137.311593092978,143.168887372977,134.51300585349,0.00220905713425043
157,3600,211.736152203231,58.9279910022895,186.855203292631,41.8421592619555,0.00753087659403555
157,3600,112,20,109,17,0.000602470127522844
157,3600,215,136,234,136,0.00240988051009137
157,3600,94,20,98,20,0.000702881815443318
157,3600,124,32,125,31,0.000903705191284266
157,3600,61.1975358140037,27.0887119884899,39.3607387510058,75.7129121276117,0.0112461090470931
157,3600,85,21,83,22,0.000702881815443318
157,3600,173.681369900181,40.2916433619728,163.644182383059,29.3256812401365,0.00331358570137564
157,3600,76.0528686905996,5.07218863338231,81.2140645375536,1.29229069693912,0.00100411687920474
157,3600,204,36,207,34,0.000602470127522844
157,3600,223.237247764871,146.64980941844,197.507911092498,144.827755577463,0.00843458178531981
157,3600,209.072699566336,153.80223941447,210.383628891267,147.655284862065,0.00251029219801185
157,3600,209,56,208,57,0.000803293503363792
157,3600,48.1773808219935,21.7759840236574,45.1125089197979,33.03063847305,0.00351440907721659
157,3600,150.112390449261,35.5984422442897,164.964167584399,32.8092041507849,0.00351440907721659
157,3600,94,4,94,7,0.000803293503363792
157,3600,219,137,198,137,0.00321317401345517
157,3600,197.22121783924,44.800454421321,191.047963776274,37.9567351370712,0.00431770258058038
157,3600,97,24,97,25,0.000803293503363792
157,3600,165,7,167,9.00000000000002,0.000903705191284266
157,3600,145.127369072637,117.943774704047,142.734441633393,69.9633711805652,0.00512099608394417
157,3600,230.767305574208,130.775762337272,233.648677241454,114.936091384376,0.00401646751681896
157,3600,122,18,123,17,0.00110452856712521
157,3600,173,25,171,25,0.000702881815443318
157,3600,111,7,111,10,0.00100411687920474
157,3600,214,44,210,44,0.00100411687920474
157,3600,198,32,197,34,0.00050205843960237
157,3600,16,56,15,54,0.000803293503363792
157,3600,239.054900187326,123.829490222608,233.972275712146,123.591100897557,0.00301235063761422
157,3600,119,22,120,24,0.000903705191284266
157,3600,198.898913357067,40.4426838435577,154.909196116651,30.397653052122,0.0148609298122301
157,3600,187.085827634996,30.0635214670928,184.111399990077,34.0824476965272,0.000903705191284266
157,3600,137,19,136,17,0.000702881815443318
157,3600,137,27,139,30,0.000602470127522844
157,3600,129.735036753477,25.6745558355993,127.824367592162,27.7565362784118,0.000803293503363792
157,3600,165,12,161,11,0.00050205843960237
157,3600,227.494279111634,123.96729323887,227.696285066043,127.020097009084,0.00150617531880711
157,3600,216,45,216,48,0.000903705191284266
157,3600,151,14,152,11,0.000702881815443318
157,3600,18,68,21,70,0.000602470127522844
157,3600,193,7.99999999999997,191,4.99999999999999,0.000602470127522844
157,3600,129.883425955303,1.85634680799451,124.911551125772,5.89100521350895,0.000803293503363792
157,3600,140,0,138,0,0.000602470127522844
157,3600,48.5836741181062,0,0,35.2413131023381,0.0891655788733809
157,3600,155.156475264537,29.9139131828605,154.079460935723,27.956283575787,0.000702881815443318
157,3600,150.881818311798,17.7356527731833,157.833570838685,14.6277334676433,0.000702881815443318
157,3600,138.075845444321,78.2673509531662,119.072457433433,76.3000783367292,0.00471934933226228
157,3600,19.0124976570803,72.9035074491549,27.0078921187679,73.9390661252272,0.000602470127522844
157,3600,22.1568571258602,85.8138058297398,32.4404858402229,94.4771299353988,0.00240988051009137
157,3600,233.468717837284,32.1051338597847,232.669314419506,28.0654383939313,0.000602470127522844
158,3623,232.496297471494,94.6171333700773,0,156.631447793547,0.20308443244366
158,3623,195.081359964868,37.4232590099945,47.4794515442045,16.6012846894211,0.0478242808183612
158,3623,94.4996644756037,19.6670258617726,103.727862207435,33.5149559292242,0.0036867795201994
158,3623,237.497934129601,143.687583018223,97.8703654030862,172.36890768469,0.0353619275106449
158,3623,141.186582693516,0,0,41.1033976925063,0.390227437947866
158,3623,22,15,20,15,0.0118911621144459
158,3623,98,20,100,23,0.000311558832692907
158,3623,86.2178124094826,49.4957901523591,81.8790474770234,37.3298702159516,0.00270017655000519
158,3623,93.7645645102891,4.03619690304578,94.5386273847878,9.07093348518237,0.000519264721154845
158,3623,116,0,117,0,0.000311558832692907
158,3623,7.09028030668224,69.8753776421271,3.04168919786684,66.9424524979265,0.000363485304808391
158,3623,174.83108664312,19.3799557890227,178.913402903942,21.1947925763108,0.000415411776923876
158,3623,11.2946757316796,83.8198416032622,9.41541134041649,80.7460264520272,0.000259632360577422
158,3623,151,14,149,14,0.000363485304808391
158,3623,85,21,83,22,0.00046733824903936
158,3623,158.23554376925,5.45497293743586,154.136739530776,3.68359704426836,0.000415411776923876
158,3623,207,34,204,36,0.000311558832692907
158,3623,136,7.00000000000002,137,10,0.000311558832692907
158,3623,137.00720427383,27.0343648709496,141.997524340214,25.9881909362308,0.000311558832692907
158,3623,234,32,233,28,0.000311558832692907
158,3623,81.1709914305048,1.23169783427187,76.0228638342346,5.03098108986909,0.000571191193270329
158,3623,183,15,183,17,0.000259632360577422
158,3623,193,7.99999999999999,191,5.00000000000001,0.00046733824903936
158,3623,127,27,129,27,0.000363485304808391
158,3623,124.726968570761,24.8979817340595,123.620835493851,27.8583250817269,0.000259632360577422
158,3623,48,11,46,14,0.000311558832692907
158,3623,214,18,216,16,0.000363485304808391
158,3623,81.1353482368379,45.7041860835526,80.2084613842094,48.4134377678606,0.000882750025963236
158,3623,106,20,109,17,0.00046733824903936
158,3623,21,24,21,26,0.000571191193270329
158,3623,115.103512035634,17.9154109672981,120.045436650529,23.9628696093754,0.000519264721154845
158,3623,223,15,223,17,0.000519264721154845
158,3623,101,6.00000000000001,103,3,0.000311558832692907
158,3623,126,11,127,9,0.000259632360577422
158,3623,168.944671867483,14.1970070843727,172.912556300703,15.3113611007921,0.000363485304808391
158,3623,111,10,111,7,0.000311558832692907
158,3623,147,5,145,6.99999999999998,0.000363485304808391
158,3623,15,54,13,53,0.000311558832692907
158,3623,161.851799044605,21.7558859630127,164.931074168263,19.8864665683627,0.000415411776923876
158,3623,167,9,172,10,0.000259632360577422
158,3623,123,17,122,18,0.000415411776923876
158,3623,159,18,158,15,0.000259632360577422
158,3623,152,11,156,11,0.000415411776923876
158,3623,183,25,185,23,0.000363485304808391
158,3623,133,21,133,24,0.000259632360577422
158,3623,136,17,137,19,0.000311558832692907
158,3623,18,68,21,70,0.000415411776923876
158,3623,197,28,195,29,0.000363485304808391
158,3623,221,29,224,27,0.000623117665385814
158,3623,144.776731695527,17.0532513455017,143.820224332616,13.0428779902247,0.000623117665385814
158,3623,138,0,140,0,0.000415411776923876
158,3623,161,11,162,9,0.000259632360577422
158,3623,97,13,100,13,0.00046733824903936
158,3623,111.769265253573,19.8732392864184,108.541682438981,25.7482101764841,0.000363485304808391
158,3623,11.2779292282123,64.0541216230739,10.678542779122,67.1321337693317,0.000311558832692907
158,3623,91,0,97,2,0.000311558832692907
159,3646,120.971314158156,101.040552628534,125.246737697388,104.064872577638,0.000679636394528927
159,3646,123.452654097853,99.9809425719467,120.75761590793,35.9681032145166,0.0118086823549401
159,3646,60.8024570240003,33.8488790208399,40.3941077906513,17.6718585943401,0.0170758644125393
159,3646,85.1077931698274,179.684606935548,238.762447402373,155.491275874404,0.0282049103729505
159,3646,81.9690029311401,47.0946731743304,80.7768744300861,34.1123157221353,0.0037380001699091
159,3646,157.347908383877,23.4674327176892,198.28154157333,32.7597844033328,0.0156316370741653
159,3646,44.0317614250299,31.7435192185453,0,89.6641422789342,0.0589584572253844
159,3646,10.9465716833339,136.888898199965,15.6592200479035,177.03999830838,0.0085804094809277
159,3646,27,74,28,71,0.000424772746580579
159,3646,112.415965807313,19.6336058131351,122.736899166254,31.3509188349758,0.00365304562059298
159,3646,156.300845261351,28.9151353292502,46.1415314300941,13.0191838918171,0.0546257752102625
159,3646,58.9781721638251,14.7467608382978,47.8026173012033,15.7100327867018,0.00314331832469629
159,3646,138.174593711268,58.4199156671154,125.972110138939,52.8646862185165,0.00441763656443803
159,3646,148.021961924938,114.998596598165,145.591376502098,76.9622101035908,0.00645654574802481
159,3646,127.74094078051,174.190495443013,114.78747029568,178.335890208884,0.00416277291648968
159,3646,28.6525334177249,129.619061021193,0,145.834651433868,0.0100246368193017
159,3646,207.984245093759,35.8567803918569,189.794501417562,45.4988285568155,0.00144422733837397
159,3646,23.4297993254923,130.112874060091,17.3645309184048,134.011328587466,0.00288845467674794
159,3646,102,75.0000000000001,60,75.0000000000001,0.00577690935349588
159,3646,34.9686948515432,121.713482881466,0,162.758034804674,0.0126582278481013
159,3646,48.5657057735643,10.302009666472,65.2233941588499,24.3666949262048,0.0104494095658823
159,3646,50.4351519922945,27.6974070333983,49.3338137459693,18.8342597671258,0.00220881828221901
159,3646,76.7839300919412,18.8216225804222,73.0441753476223,26.9414834311816,0.00229377283153513
159,3646,63.637073691325,20.2594360485421,67.6934787433221,25.9339601568327,0.00288845467674794
159,3646,127.176780444602,65.9105852211885,120.51492883105,52.7395512403218,0.0032282728740124
159,3646,137.93205544056,63.6256386003723,120.947062132605,66.7083225751315,0.00305836377538017
159,3646,0,144.065009316779,5.56407846807507,133.291318634541,0.00314331832469629
159,3646,152.436677780154,160.403781724219,0,170.393170657606,0.049103729504715
159,3646,143.345150632056,154.510979394491,149.604123143833,125.785293974951,0.00339818197264464
159,3646,35.0225714862158,146.602297330436,21.0143990874801,146.470427239027,0.00305836377538017
159,3646,3.45660513051805,162.870038534298,0,160.711166921486,0.00101945459179339
159,3646,0,158.911471190647,10.0009865975427,153.001669590533,0.00203890918358678
159,3646,46.2994029064129,54.5823983193513,29.3885652452549,42.458036325017,0.00229377283153513
159,3646,68,75.9999999999999,108,75.9999999999999,0.0048424093110186
159,3646,210,44,214,44,0.000934500042477275
159,3646,171,17,172,15,0.000679636394528927
159,3646,110.321583767037,20.9671513272973,89.0626258605964,17.6041190176885,0.00271854557811571
159,3646,11.5890672756281,101.283928147251,40.4569719531991,125.031737666962,0.0108741823124628
159,3646,25.6800831845883,98.9364551634502,55.6734432663507,89.9143811416527,0.00246368193016736
159,3646,75,9.99999999999999,73,8.99999999999999,0.000679636394528927
159,3646,93.9959966723312,4.0006739923369,94.8421475583588,9.02657572520427,0.000934500042477275
159,3646,158,15,159,18,0.000424772746580579
159,3646,82.181404853297,35.3439845601319,87.2175770760451,47.3287845113885,0.00280350012743182
159,3646,165,20,163,21,0.000679636394528927
159,3646,122,18,123,17,0.000594681845212811
159,3646,15,54,13,53,0.000594681845212811
159,3646,6.86505243329984,166.152814156154,31.8678129074594,162.170144106501,0.0037380001699091
159,3646,151,14,149,14,0.000424772746580579
159,3646,150,22,148,24,0.000594681845212811
159,3646,0,135.917750700563,28.2317399401405,144.521047349732,0.00356809107127687
159,3646,32.0480409180229,39.979633411964,33.7901593602305,44.0889603704357,0.00195395463427067
159,3646,127,9,125,6,0.000509727295896695
159,3646,225,30,224,27,0.000509727295896695
159,3646,0.655005048949085,132.987733624751,0.405170091028794,140.014405916264,0.00178404553563843
159,3646,186.809151155837,21.7544340585581,182.86182780525,24.8222133058562,0.000509727295896695
159,3646,155,11,152,11,0.000509727295896695
159,3646,136,17,137,19,0.000679636394528927
159,3646,48,11,45,9,0.000424772746580579
159,3646,200.032822629613,44.317545573589,195.779865447869,56.5767101439588,0.00237872738085124
159,3646,196.736008690576,34.8956433356761,198.999311694519,50.8583103210667,0.00314331832469629
159,3646,191,5,193,8,0.000424772746580579
159,3646,138,0,140,0,0.000594681845212811
159,3646,102.983821978998,3.11110211590946,96.965810489495,2.23479552650577,0.000849545493161159
159,3646,111,7,111,10,0.000424772746580579
159,3646,76,4.99999999999999,74,2.99999999999999,0.000679636394528927
159,3646,134.412399735211,21.0058243969774,134.362932466527,33.0014966462456,0.00127431823974174
159,3646,195,29,197,28,0.000509727295896695
159,3646,131,4,130,2,0.000594681845212811
159,3646,21,24,21,26,0.000764590943845043
159,3646,19.3635997198769,73.1792468706232,22.3297078257764,67.1625388930729,0.000764590943845043
159,3646,179,21,179,23,0.000679636394528927
159,3646,137,10,136,7,0.000424772746580579
159,3646,117.190544554348,19.846139710356,120.329711771152,23.733765424145,0.000679636394528927
159,3646,223,15,223,17,0.000594681845212811
159,3646,216,16,214,18,0.000679636394528927
159,3646,43.6834825569196,41.9454116401988,28.6900752035978,36.9257199453315,0.00144422733837397
159,3646,175.975454585877,20.0351143229288,173.021023196729,17.9699245115516,0.000509727295896695
159,3646,147.120611414948,5.14225544142197,143.313677673042,8.36996793265513,0.000679636394528927
159,3646,232.972480267774,28.0061512381509,233.871604213006,32.028699155097,0.000424772746580579
159,3646,83.6053857594035,43.0738705286467,84.1818190988276,46.1531608580746,0.000849545493161159
159,3646,91,15,93,14,0.000424772746580579
159,3646,0,147,0,157,0.000679636394528927
160,3669,127.160897574632,159.962312137949,125.732914328926,115.976206364173,0.0103455270809385
160,3669,145.102386060984,36.9945061271582,146.924405091858,70.9503978961571,0.00696463587801745
160,3669,137,19,136,17,0.000405706944350531
160,3669,0,95.6163831234053,2.32370386487375,80.0483163344607,0.00283994861045372
160,3669,141.214690382005,97.4686959397249,123.149188700203,94.9358942853697,0.00263709513827845
160,3669,149.392215949561,113.979236362662,147.277767318116,74.0382344917318,0.00885793495165326
160,3669,161.185497603528,27.810554133063,48.1280512989992,10.1789107489618,0.0395564270741768
160,3669,142.416308509976,109.945322491178,134.017497282738,45.9977019258354,0.0107512340252891
160,3669,234.023909861485,157.628105704237,229.374356133704,150.402596507982,0.00256947731422003
160,3669,238.714927873317,153.128327485349,111.914872671053,172.44108712525,0.0329298803164514
160,3669,116.241030202943,18.3789732527185,102.650445943108,27.0227001088129,0.00148759212928528
160,3669,94.0479220605408,24.1047085041864,109.098981825628,17.2162728143613,0.00141997430522686
160,3669,207.141673787706,68.7348140589819,197.645061104438,27.8501663628992,0.00818175671106904
160,3669,30.5837368569323,140.064973895213,35.1400182313586,29.0057443443665,0.0233281493001555
160,3669,123.956424755482,72.9648260878235,125.35339315046,110.950226997428,0.00818175671106904
160,3669,9.85643870447801,101.04339406884,9.28518495517533,85.9891782490142,0.00270471296233687
160,3669,68,72,100,72,0.00358374467509636
160,3669,215.283822133404,76.0476102434197,205.711314679369,133.112840170477,0.0131178578673338
160,3669,205.821565112569,120.893067703102,194.535748977026,139.72538862145,0.00723510717425113
160,3669,226.65343132497,35.7780615773147,230.008927587827,45.6573170142155,0.00290756643451214
160,3669,207.285364795416,32.7667233255984,159.308777103193,21.6655410720787,0.0167692203664886
160,3669,51.9347170848431,105.326458256992,1.93445980249853,95.3277448408635,0.00777604976671851
160,3669,239.076536032371,116.026939562407,234.030545350011,130.362736869292,0.00392183379538846
160,3669,230.376076882487,115.95496717893,232.765368144783,135.908352019702,0.00507133680438164
160,3669,140.261352932271,68.9048956419892,122.10234866019,64.5711451834999,0.00304280208262898
160,3669,131.979946539416,49.9907268513012,122.599119270915,70.2770455535173,0.00385421597133004
160,3669,156,11,152,11,0.000405706944350531
160,3669,220.913997209531,116.530795361073,207.028341090582,127.959563919336,0.00993982013658801
160,3669,218.269460862323,110.866605008067,214.670803182039,130.574693298802,0.0037189803232132
160,3669,24.1806825703979,145.607297324758,0,134.481760993475,0.00277233078639529
160,3669,144.661616534933,17.098770531302,143.50721410898,13.1438389557969,0.000608560416525796
160,3669,19.9967559076925,129.000810816073,23.7017585887132,143.824605131637,0.00331327337886267
160,3669,185.311144455136,62.9901614894326,147.293426157729,57.1046128829341,0.00554466157279059
160,3669,184.959754588847,58.6851376584082,146.99532173989,59.8471560392394,0.00317803773074582
160,3669,210.008444938794,53.2854764176197,202.617354608959,42.8540395566311,0.00324565555480425
160,3669,221.9560042218,13.0071171291978,222.612078263878,17.0627535010762,0.000540942592467374
160,3669,214,18,216,16,0.000676178240584218
160,3669,238.843168388368,37.6187438817168,208.611194488008,50.0548175924077,0.00797890323889377
160,3669,210.730006070891,145.479836171602,221.060981664555,140.117485812372,0.00277233078639529
160,3669,219.661573901156,146.186179762294,209.724831610805,138.108364715157,0.00196091689769423
160,3669,33.9809856361298,81.9654075376016,11.5979854563024,94.2686227590155,0.00263709513827845
160,3669,136,7.00000000000002,137,10,0.000473324768408953
160,3669,139.595079703397,63.8004056695791,120.151724736269,60.1842141427772,0.00331327337886267
160,3669,158.166173488708,110.654606993221,138.119694685917,159.049580706424,0.00818175671106904
160,3669,147.275248896668,32.3529211466224,159.101158065719,23.1297037734785,0.00243424166610318
160,3669,7.97551581623398,63.0832193463222,11.9276292554382,64.2459810836594,0.000676178240584218
160,3669,0,129.29766044966,5.15232948857428,131.669030227463,0.00108188518493475
160,3669,234.042341075399,31.9896642404438,233.064586857432,27.9842338858278,0.000473324768408953
160,3669,158.014294279838,155.786125556282,149.615709014064,140.557442246443,0.00446277638785584
160,3669,49.4145505518326,16.1750967160645,55.8646212704283,37.7414083392419,0.00331327337886267
160,3669,79,3,74,3,0.000540942592467374
160,3669,238.248263367065,122.992188262955,238.909374906849,144.002851566084,0.00425992291568057
160,3669,214.369926262059,50.6738075769375,209.702475066922,45.3805737312491,0.00101426736087633
160,3669,212.582203949152,52.4780770492216,204.544421412674,43.5119476077351,0.00141997430522686
160,3669,73,9.00000000000001,75,10,0.000473324768408953
160,3669,185,23,183,25,0.000473324768408953
160,3669,21,24,21,26,0.000473324768408953
160,3669,125.027271402655,64.8342570010941,122.421788631594,32.9655159577483,0.00635607546149165
160,3669,124.535925104761,56.4895003743834,123.538520217706,53.4886378296,0.00114950300899317
160,3669,224,27,225,30,0.000405706944350531
160,3669,96.9549783330668,1.92670953063268,93.1588703804988,4.25862402590703,0.000540942592467374
160,3669,227.400832833314,98.7617784724661,238.09304705349,112.695939645814,0.00317803773074582
160,3669,138,0,140,0,0.000540942592467374
160,3669,132,55,132,53,0.000473324768408953
160,3669,193,8.00000000000001,191,5.00000000000001,0.000540942592467374
160,3669,18,63,19,64,0.000608560416525796
160,3669,159,0,157,2.00000000000002,0.000405706944350531
160,3669,222.483360967076,140.947087476197,221.864858477204,146.98615923578,0.0015552099533437
160,3669,193,174,192,171,0.000540942592467374
160,3669,15,54,16,56,0.000540942592467374
160,3669,210,44,214,44,0.000338089120292109
160,3669,149,14,151,14,0.000405706944350531
160,3669,228.492772935207,85.9668085193136,236.023486285179,87.908930281952,0.00175806342551897
160,3669,235.069021585663,82.6865064507677,229.029530592669,83.2937188731235,0.00141997430522686
160,3669,171,17,172,15,0.000473324768408953
160,3669,197,28,195,29,0.000338089120292109
160,3669,127,9,125,6,0.000405706944350531
160,3669,54.0642863506471,39.5471072535592,24.9413450602838,35.4132198588506,0.00196091689769423
160,3669,93.8436772108993,7.04708578783983,94.4791655934305,9.15687986702708,0.000473324768408953
160,3669,31,2,30,4,0.000338089120292109
160,3669,147,5,145,6.99999999999998,0.000338089120292109
160,3669,117,0,116,0,0.000473324768408953
160,3669,123,17,122,18,0.000540942592467374
160,3669,103,2.99999999999999,101,6,0.000405706944350531
160,3669,178.841214236449,21.3727896737069,174.734409688025,19.6235403195247,0.000473324768408953
160,3669,21,70,18,68,0.000338089120292109
160,3669,86.4831007139091,180,95.9405439250031,165.95995011006,0.0109540874974643
160,3669,132,0,130,1.99999999999999,0.000405706944350531
160,3669,155,16,159,18,0.000338089120292109
160,3669,176.374529524548,0.910769905855634,177.330038185471,4.9213697814709,0.000338089120292109
161,3692,0,94.7703512863978,42.9392895227145,103.305429510178,0.00760070939954396
161,3692,21.0188453846946,69.976239904388,14.9014694353607,65.1242264710686,0.00139346338991639
161,3692,122.761439316157,16.8748333243362,120.468186288536,21.2456453443349,0.00266024828984039
161,3692,51.9741906053357,11.1771438449216,158.890070198137,26.7545077297118,0.0259690904484419
161,3692,199.793917835037,29.9473894660384,200.726343548102,44.0181343854755,0.00456042563972637
161,3692,39.4268408710054,19.8624845735584,32.6935756343623,47.9264810151647,0.00836078033949835
161,3692,124.543777848118,32.9805438738059,125.76000570639,66.9728073385429,0.0108943501393463
161,3692,153.212453529016,27.3655139234935,165.223335649218,20.3842359775325,0.00557385355966557
161,3692,127.404884138845,107.985766812644,126.139677627439,71.9950898105161,0.00988092221940714
161,3692,46.0941972378601,133.367006262748,56.9259895784131,12.5312092119413,0.0481378261971117
161,3692,35.9994907940012,95.8260674397316,26.9995679312296,95.8524156674798,0.00152014187990879
161,3692,147.291039782669,35.9229031295015,151.712153428775,109.957472417651,0.0206485938687611
161,3692,221.329032410397,120.193871483763,205.177809066627,124.645167975836,0.00354699771978718
161,3692,136,17,137,19,0.000886749429946795
161,3692,201.085825027661,30.6298978550591,160.926460963408,21.317121426247,0.00772738788953636
161,3692,81.1085952924318,1.13092910336076,76.1808788261411,5.21807853723007,0.00164682036990119
161,3692,151,14,149,14,0.00101342791993919
161,3692,129.143805690321,153.969126164038,128.064175567009,113.971275556532,0.0116544210793007
161,3692,145.118835516756,16.9746542134446,144.259306993556,12.9446938096424,0.00101342791993919
161,3692,143.892234321147,165.775909065355,116.073946706138,179.153766826961,0.00988092221940714
161,3692,136.010184852845,170.071382524919,239.052689741326,155.369286314723,0.0296427666582214
161,3692,136.078090896838,62.4512690874939,141.246733560494,50.1032781456785,0.00354699771978718
161,3692,97,2,94,4,0.00101342791993919
161,3692,130,2,131,4,0.000886749429946795
161,3692,138,0,140,0,0.00101342791993919
161,3692,201,38,207,34,0.000760070939954396
161,3692,137,10,136,7.00000000000001,0.000886749429946795
161,3692,196.936672999894,55.853033580624,239.264635342465,37.6141536573231,0.0114010640993159
161,3692,140,174,142,177,0.000760070939954396
161,3692,176,20,175,19,0.000886749429946795
161,3692,66.2410692008869,17.1079511714558,49.6003626067502,54.2688433298757,0.00772738788953636
161,3692,95,9,94,6.99999999999999,0.00114010640993159
161,3692,204,44,214,44,0.00152014187990879
161,3692,109,17,113,18,0.000760070939954396
161,3692,13,53,15,54,0.000760070939954396
161,3692,21,24,21,26,0.000886749429946795
161,3692,167,9.00000000000002,165,7,0.000633392449961996
161,3692,196,28,197,28,0.000760070939954396
161,3692,193,8,191,5,0.000633392449961996
161,3692,225,30,221,29,0.000760070939954396
161,3692,234.110550416364,31.9704327252176,233.045390942851,27.9878599599707,0.000633392449961996
161,3692,179.543273744575,27.0519307229596,178.85700532182,21.0162587916264,0.000886749429946795
161,3692,91,4.92049291401591e-15,94,1,0.000633392449961996
161,3692,173,15,172,15,0.00114010640993159
161,3692,214,18,216,16,0.000760070939954396
161,3692,127,9,125,6,0.000886749429946795
161,3692,156,11,152,11,0.000633392449961996
161,3692,130,17,129,15,0.000633392449961996
161,3692,75,9.99999999999999,73,9,0.000886749429946795
161,3692,111,10,111,7,0.000760070939954396
161,3692,147,5.00000000000002,145,7,0.000760070939954396
161,3692,150,22,153,22,0.000760070939954396
161,3692,103,3,101,6.00000000000001,0.000633392449961996
161,3692,231.040282064046,152.73558892474,238.03039207454,153.800506719333,0.00101342791993919
162,3715,3.8438914092591,104.476308161674,8.7576646547836,85.454034340827,0.00605426414530234
162,3715,52.1089353785701,14.2327956697432,162.022793728365,29.8394695338326,0.0574781373794753
162,3715,154.888663492897,171.084195775979,153.101751301161,105.051368446272,0.0110621122654907
162,3715,90.304409494221,180,239.238287079538,157.583139567706,0.0465655131175723
162,3715,160.117955253309,23.4824079253622,201.043520695801,32.8090295548756,0.0163689363928545
162,3715,28.2199417770753,28.4844349061294,47.2231825926549,60.076400186337,0.0217505045220121
162,3715,39.8678062941781,21.9547197488968,34.4377861820973,37.8074251516737,0.00254129606099111
162,3715,198.044582424297,57.1051381305398,239.265439559038,39.6259825356913,0.00941774422602586
162,3715,10.6970630936932,133.026842838955,9.65739300887339,160.025315204358,0.00523208012556992
162,3715,6.02694839416187,160.029434385208,5.11846274908768,129.996416553687,0.0061290081470962
162,3715,156.395283158571,28.5935752364883,179.311642773519,26.6215925116607,0.00291501606996039
162,3715,156.934429898079,27.2721248182623,160.923831018162,27.4777535696952,0.00156962403767098
162,3715,9.81524521687598,101.72822148465,14.1877245296231,84.8245709736761,0.00620375214889005
162,3715,0,98.5323122845625,33.7850850281536,105.104752609226,0.0177890724269377
162,3715,0.123086937895688,104.36479233907,45.9872084863525,88.8894830300443,0.0150235443605651
162,3715,76.2440522486766,5.31293269767207,81.2928191107694,1.37546334754099,0.000597952014350848
162,3715,110,72.9999999999999,63,72.9999999999999,0.00515733612377607
162,3715,154.150561184185,180,240,154.723703858796,0.0994095223858285
162,3715,13.5191154362948,160.780611092609,43.7508462440636,179.404446722412,0.00500784812018835
162,3715,147,116,128,116,0.00284027206816653
162,3715,22.4808612120926,128.895195880622,26.6608790078755,148.073911715166,0.00440989610583751
162,3715,1.59657002531513,127.860091000342,4.47265431578991,140.123674345041,0.00358771208610509
162,3715,63,72,95,72,0.00388668809328051
162,3715,34.425206718474,104.140755901574,38.2052018020703,39.0119096506021,0.0118842962852231
162,3715,137,19,136,17,0.000672696016144704
162,3715,115.309525975957,27.511596342002,122.829942140198,16.8797103469411,0.00142013603408326
162,3715,0.337499195834214,65.9484192849063,4.90911106073378,95.8610586360174,0.00665221615965319
162,3715,2.30267032608807,99.0652105416069,0,74.4415790236133,0.0056058001345392
162,3715,219.778480719735,49.8024027772168,200.168748996392,44.3887454708413,0.00239180805740339
162,3715,139.167900226592,53.3791133411697,125.9978693935,54.9824994408361,0.00239180805740339
162,3715,87.4299608412512,119.30898234029,79.0187652965373,131.013485286761,0.00164436803946483
162,3715,81.1640277286513,118.988094868663,81.4608043302267,148.005514641195,0.00366245608789895
162,3715,11.95812658196,142.896265743301,20.9758114507605,143.09539463101,0.00194334404664026
162,3715,19,80,18,79,0.00037372000896928
162,3715,161.963416890342,21.9399146518422,165.040458499338,20.066450420465,0.000672696016144704
162,3715,0,90,0,99,0.000896928021526272
162,3715,136,7.00000000000001,137,10,0.000672696016144704
162,3715,138.804361582891,60.8950956646129,130.770784613994,75.8770911762387,0.00254129606099111
162,3715,126.846845890063,79.9194686998,139.722936172404,55.4317708510396,0.00403617609686823
162,3715,85,9,89,7,0.000448464010763136
162,3715,20.1744291427735,65.8901589875958,18.2538027658228,62.8401760605729,0.000971672023320129
162,3715,204,36,207,34,0.00037372000896928
162,3715,216,16,214,18,0.000597952014350848
162,3715,44.5191340308292,174.636198936143,8.87853888181813,123.778057883162,0.0199566484789596
162,3715,19.2223073348192,148.580345204363,14.2245000272643,159.106591452486,0.00224232005381568
162,3715,190.095220390096,32.1543820311316,196.953363679988,27.9243879404328,0.00112116002690784
162,3715,143.258750324349,13.2319376640755,144.487916791042,17.1602312786089,0.000672696016144704
162,3715,224,27,225,30,0.000523208012556992
162,3715,97,2.00000000000001,94,4.00000000000001,0.000448464010763136
162,3715,15,54,13,53,0.000672696016144704
162,3715,0.0437477462381242,178.153959565282,23.828251230045,171.395571926927,0.00366245608789895
162,3715,101,6.00000000000001,103,3,0.000448464010763136
162,3715,130,1.99999999999999,131,3.99999999999999,0.00074744001793856
162,3715,21,24,21,26,0.000448464010763136
162,3715,206,44,214,44,0.000672696016144704
162,3715,172,15,171,17,0.000597952014350848
162,3715,176,20,179,21,0.000597952014350848
162,3715,145,7,147,5,0.00037372000896928
162,3715,94,6.99999999999999,95,8.99999999999999,0.000822184019732416
162,3715,191,4.99999999999999,193,7.99999999999999,0.000448464010763136
162,3715,45,9,48,11,0.000448464010763136
162,3715,15.902989072829,66.1243259577639,20.950773483981,70.0630870555505,0.000597952014350848
162,3715,159,18,155,16,0.00037372000896928
162,3715,138,0,140,0,0.000523208012556992
162,3715,112.932889721224,17.9668791638206,108.974521369684,25.9874255694333,0.00171911204125869
162,3715,109.416290006634,17.1100792672442,107.17769341925,25.5758459056266,0.0011959040287017
162,3715,16.5040282644905,101.702241387987,29.5517128129258,94.8807241078386,0.00366245608789895
163,3738,70,19,90,19,0.00366547699430886
163,3738,239.319720406055,40.7384141048179,212.206879308855,52.4778005931462,0.00916369248577216
163,3738,34.8361846472918,112.151618186572,39.4966182933449,24.97308996733,0.0282627568245394
163,3738,127.299947919019,180,160.780035290147,169.483241315026,0.0127327095591782
163,3738,22.7645576383642,134.741121539455,28.9524476755158,153.016101170062,0.00472653612424038
163,3738,83,18,64,18,0.00327963731069741
163,3738,148.377626540292,33.7365352004719,165.878783181227,24.7635747375005,0.00771679367222919
163,3738,147.082001169499,173.519677803678,239.1563796806,158.991047438105,0.0340503520787113
163,3738,153.620942897717,7.80909928374993,150.60361752637,13.8003738812196,0.000868139288125784
163,3738,26.9650641295084,87.4560990046451,67.2585003645118,178.886078198354,0.0124433297964696
163,3738,25.7289952742573,88.853981397589,27.1927388875684,96.1616953409446,0.00289379762708595
163,3738,137,19,136,17,0.000675219446320054
163,3738,130.533950838856,117.974219645677,132.417231153028,156.979855136134,0.00848847303945211
163,3738,119.993149213391,29.0116543074881,105.656609625612,20.5841631392031,0.00308671746889168
163,3738,107.014578182286,22.8839766840089,83.0165040670958,19.8686491529404,0.00665573454229768
163,3738,209.467129288812,118.924679942489,211.90046585335,134.016048913715,0.00414777659882319
163,3738,111.926103931504,23.4661974114466,158.856541886578,30.9050522238811,0.0136008488473039
163,3738,202.076864712949,33.6511626718164,161.084043782017,24.6185816970573,0.0100318317738979
163,3738,151.851215594726,76.948251190797,153.796824931236,108.951557817326,0.00897077264396643
163,3738,0.0253168526943,99.8649294854901,48.9919482505961,109.042957706782,0.0087778528021607
163,3738,214.069815980539,180,240,161.431732185207,0.0451432429825408
163,3738,122,18,123,17,0.000771679367222919
163,3738,128.145737091167,73.9936067404567,129.811456856598,111.964402649656,0.00839201311854924
163,3738,197.320677353871,28.8561377605626,185.483193110607,33.2900189634251,0.00135043889264011
163,3738,54.9588794891296,16.8108715573719,71.9658548967184,17.6733207464728,0.00376193691521173
163,3738,55.4170977843505,13.1463917440789,46.9304158907927,37.3265546116098,0.00607697501688049
163,3738,94,4.00000000000001,97,2.00000000000001,0.000675219446320054
163,3738,111,7,111,10,0.000482299604514324
163,3738,131.535525726578,69.898255776028,125.49347791784,38.0962338382945,0.00790971351403492
163,3738,12,62,11,64,0.000675219446320054
163,3738,76.0744653194221,5.09852514303993,81.1807710781925,1.2391784051236,0.000868139288125784
163,3738,94,7,95,9.00000000000001,0.000675219446320054
163,3738,127.003066656777,56.9998780423561,127.520825380934,70.0190562595639,0.00308671746889168
163,3738,15,54,16,56,0.000675219446320054
163,3738,171,25,173,25,0.000578759525417189
163,3738,73,9,75,9.99999999999999,0.000482299604514324
163,3738,134.995157973111,5.00188816089421,136.951551779427,10.0188925087731,0.000675219446320054
163,3738,143.517202928152,63.0536427763483,134.682483895838,67.3903521957872,0.00241149802257162
163,3738,133,21,133,24,0.000771679367222919
163,3738,19,73,21,70,0.000578759525417189
163,3738,223,15,223,17,0.000482299604514324
163,3738,130,2,131,4,0.000868139288125784
163,3738,191,5,193,7.99999999999999,0.000868139288125784
163,3738,21,24,21,26,0.000578759525417189
163,3738,214,18,216,16,0.000675219446320054
163,3738,157,26,154,28,0.00144689881354297
163,3738,112,20,112,22,0.000578759525417189
163,3738,103,2.99999999999999,101,6,0.000578759525417189
163,3738,148.999467881672,38.9395494502804,150.995412927143,71.9397947050153,0.00733095398861773
163,3738,143.426099158971,32.4704015648659,148.716030961611,26.7379520160869,0.000964599209028649
163,3738,210,44,214,44,0.000868139288125784
163,3738,226.881841601203,39.6367179820861,238.006032358349,36.0185466910187,0.00125397897173724
163,3738,225,30,224,27,0.000675219446320054
163,3738,147,5,145,6.99999999999998,0.000771679367222919
163,3738,144,13,144,15,0.000482299604514324
163,3738,216,45,216,48,0.000771679367222919
163,3738,119.239658923796,22.1115665649271,117.35300625457,26.1643322710303,0.000578759525417189
164,3761,211.299993177703,153.274112560855,222.38253544835,60.2839499262024,0.0287477667695306
164,3761,231.511592548618,148.792364429786,235.651994612915,72.9638371942428,0.0388176059769368
164,3761,36.3037632735987,149.984808008235,38.9000775418667,30.997819676694,0.0353256456066266
164,3761,0,134.408737340921,32.4176189002958,145.675650490456,0.00714633750203021
164,3761,7.95693144569332,136.019569282019,25.7253706743346,175.124784748665,0.00487250284229332
164,3761,156.627170885397,110.950878579185,150.991867685694,39.0006369409718,0.0207893454604515
164,3761,156.117178789444,148.992746590519,155.057438231619,131.872643828743,0.00674029559850577
164,3761,130.61503573804,70.0276229336173,128.167388748886,35.9162345570681,0.00844567159330843
164,3761,176,20,179,21,0.00064966704563911
164,3761,238.803371411448,71.5307202247044,232.224455480389,69.0932722181848,0.00186779275621244
164,3761,234.11246102201,67.3402727143637,239.215996927225,65.6535407504529,0.00113691732986844
164,3761,111,7,111,10,0.000406041903524444
164,3761,240,129.572144626269,233.317409733298,122.715948433569,0.00381679389312977
164,3761,144,13,144,15,0.000568458664934221
164,3761,237.699855978387,116.894870938731,239.359895141333,127.945938250823,0.0043040441773591
164,3761,133.482209002717,118.920004983568,135.589644015655,157.968176834283,0.00552216988793243
164,3761,63.0865004520396,16.3913683394159,162.076726558247,30.4601390922732,0.0106382978723404
164,3761,172.799500356785,14.8777628589839,171.36863446475,17.2247426595308,0.000812083807048887
164,3761,76.0380252144952,5.05152154324433,81.1860323026761,1.25206094046814,0.000812083807048887
164,3761,21,24,21,26,0.000730875426343999
164,3761,153,14,152,11,0.000487250284229332
164,3761,103,3,101,6.00000000000001,0.000812083807048887
164,3761,48,11,45,9.00000000000001,0.000487250284229332
164,3761,97,13,100,13,0.000406041903524444
164,3761,136,7.00000000000002,137,10,0.000812083807048887
164,3761,15,12,14,14,0.000487250284229332
164,3761,94,7,95,9.00000000000001,0.000487250284229332
164,3761,11,64,14,66,0.00064966704563911
164,3761,16,56,15,54,0.000487250284229332
164,3761,131,4,130,2,0.000487250284229332
164,3761,225,30,224,27,0.00064966704563911
164,3761,163,21,165,20,0.000568458664934221
164,3761,9,20,8,22,0.000406041903524444
164,3761,234.905464546669,64.1250675751277,240,108.710162202808,0.0129121325320773
164,3761,85.9728803529606,157.923610878615,83.1089258269458,83.9570628449546,0.0186779275621244
164,3761,19,32,22,34,0.000406041903524444
164,3761,122,18,123,17,0.00064966704563911
164,3761,204,4,204,6,0.000406041903524444
164,3761,208.696284531239,49.3497084392723,211.104545547597,44.554757261185,0.00064966704563911
164,3761,149,14,151,14,0.000406041903524444
164,3761,137,19,136,17,0.000893292187753776
164,3761,216,16,214,18,0.000568458664934221
164,3761,147,5,145,6.99999999999998,0.000406041903524444
164,3761,116,3.64441790079461e-16,117,3.64441790079461e-16,0.000487250284229332
164,3761,138,0,140,0,0.000487250284229332
164,3761,238.915255654626,63.7298344949711,235.898414320761,64.676144216892,0.000568458664934221
165,3784,208,5,204,4.00000000000001,0.000552913856021232
165,3784,41.7753784277698,80.552731803461,37.5638102625548,73.2516110717409,0.00287515205131041
165,3784,42.9557583702526,150.939760743316,41.4673682578508,77.9089536729748,0.021563640384828
165,3784,12.2456022600872,106.047885849455,15.324171556392,90.2581779165177,0.00552913856021232
165,3784,13.9905847549322,90.9937040241254,0,111.915763881471,0.00464447639057835
165,3784,7.99429024576879,176.173442804808,17.9834646489229,176.502287410832,0.00199048988167643
165,3784,139.05070181665,25.5230715486027,54.9382182481786,16.5811522577988,0.0196837332743559
165,3784,131.606124962643,68.9597241266412,129.348027961637,34.9768741910132,0.00707729735707177
165,3784,134.833435113301,111.943428982652,132.256768613093,73.982571334668,0.0110582771204246
165,3784,14.7996720221762,96.8839228261125,57.8697050377887,99.8757270937919,0.00962070109476943
165,3784,159.34545352568,112.968011573963,152.391607175329,37.8711394735011,0.0175826606214752
165,3784,0.977962133408284,114.321634194121,24.0068833961411,115.899539478495,0.00342806590733164
165,3784,169.633451903217,170.844154574846,165.230120280643,124.691818615874,0.0160345018246157
165,3784,160.453938297391,153.648158544898,175.216526845873,143.309169167174,0.00398097976335287
165,3784,215.486056866477,109.962439279322,212.489617723426,150.962699518917,0.0109476943492204
165,3784,193,7.99999999999996,191,4.99999999999997,0.000995244940838217
165,3784,135.446738576576,116.969413230705,138.254778013123,157.982556159872,0.0134910980869181
165,3784,101,6,103,2.99999999999999,0.000663496627225478
165,3784,30,141,0,141,0.00530797301780383
165,3784,2.33002616755397,161.053749743939,14.4690891864628,134.212144660435,0.0102841977219949
165,3784,6.20041307030345,113.467372497771,14.9628999704836,88.3843996604088,0.00884662169633971
165,3784,26.8804293357129,128.747457596894,41.1204101411257,178.3917814288,0.00951011832356519
165,3784,15.8537867570264,66.1960054672447,20.9832729923263,70.0224233105567,0.000995244940838217
165,3784,51.8430528577586,109.953736850931,8.85524399108557,102.879653736435,0.0102841977219949
165,3784,39.4695747362016,30.0013095328212,39.5806716650155,75.0010352527585,0.00951011832356519
165,3784,28.9173172778036,64.4514478390477,43.9621057776016,67.2069025348915,0.00132699325445096
165,3784,224.558334716812,42.9796963711456,208.729537452039,40.0535776346477,0.00210107265288068
165,3784,238.976301124948,156.861459369003,168.000452756904,169.00264675969,0.00818312506911423
165,3784,132.342090920173,179.853135256365,152.851360561998,171.62931040385,0.0061926351874378
165,3784,13.1615475937293,135.017109002894,13.4270785132258,179.069756726155,0.0189096538759261
165,3784,15,54,13,53,0.000774079398429725
165,3784,145,17,144,15,0.000995244940838217
165,3784,75,9.99999999999999,73,9,0.00110582771204246
165,3784,170.668843982554,16.7688744453362,172.26260148436,14.4853433670019,0.000884662169633971
165,3784,57.0767749893257,14.8978066421216,51.9597720030288,11.053546527682,0.000774079398429725
165,3784,136,17,137,19,0.000884662169633971
165,3784,136,7,137,9.99999999999999,0.000774079398429725
165,3784,111,7,111,10,0.000552913856021232
165,3784,216,16,214,18,0.000774079398429725
165,3784,153.432402335239,7.75051955516481,150.736439558617,13.8841553088755,0.00110582771204246
165,3784,85,7,85,9,0.000663496627225478
165,3784,131,4,130,2,0.000552913856021232
165,3784,76.220709725957,5.2795364518781,81.2461070650512,1.31170305453583,0.000774079398429725
165,3784,93.2300681173016,4.12725884086203,94.0611130877997,9.15518471546909,0.000884662169633971
165,3784,123,17,122,18,0.000663496627225478
165,3784,55.0844005136677,18.0279333983143,50.1164532682306,33.0385416555554,0.00243282096649342
165,3784,21,24,21,26,0.000774079398429725
165,3784,100.048872445075,13.2977765839379,93.0726650599621,14.442743416953,0.000663496627225478
165,3784,27,33,29,36,0.000552913856021232
165,3784,125,5.99999999999999,127,8.99999999999999,0.000552913856021232
165,3784,179,21,176,20,0.000552913856021232
165,3784,15.3422317022308,101.428074550168,32.0540065896857,88.0675531998792,0.00287515205131041
165,3784,88.8823555276884,19.1140934489984,95.2737080755087,25.7043692662879,0.000995244940838217
165,3784,109,17,106,20,0.000552913856021232
165,3784,7,63,11,64,0.000774079398429725
166,3808,184.957693880753,111.997082510472,184.124607528263,124.077554517996,0.00282294489611563
166,3808,180.63793575803,111.789797343795,178.782572558279,123.812118640148,0.00203252032520325
166,3808,229.235478900587,133.445253282166,226.20911801194,121.451905099588,0.00440379403794038
166,3808,22,15,20,13,0.0128726287262873
166,3808,19,73,21,70,0.000733965672990063
166,3808,136,17,137,19,0.000282294489611563
166,3808,135.730627033232,6.08263363710938,136.938150061488,10.0189732675685,0.000508130081300813
166,3808,218,22,214,18,0.000282294489611563
166,3808,17,30,21,26,0.000338753387533875
166,3808,74,3,76,5,0.0004516711833785
166,3808,224,27,225,30,0.000395212285456188
166,3808,14,14,15,15,0.000395212285456188
166,3808,97,2,100,2,0.000282294489611563
166,3808,144,13,144,15,0.000395212285456188
166,3808,155,6.00000000000001,157,5,0.000282294489611563
166,3808,174.992989832271,10.0468262816242,167.021930093222,8.85351210399273,0.000395212285456188
166,3808,140,0,138,0,0.000395212285456188
166,3808,116.886523733059,0.0857417770004429,121.58959758689,6.31009684345468,0.0004516711833785
166,3808,28,38,29,36,0.000395212285456188
166,3808,193,7.99999999999999,191,4.99999999999999,0.000395212285456188
166,3808,27,74,22,77,0.0004516711833785
166,3808,85,9,85,7,0.000395212285456188
166,3808,169,17,172,17,0.000282294489611563
166,3808,163,21,165,20,0.000621047877145438
166,3808,95.0196297248544,8.99177899206501,92.9396395773717,4.02527918842821,0.0004516711833785
166,3808,21,24,17,23,0.000282294489611563
166,3808,223,15,223,17,0.000508130081300813
166,3808,153.913673780873,7.95508255382029,148.540695257155,18.2813357327418,0.000564588979223126
166,3808,131,4,130,2,0.000338753387533875
166,3808,97,13,103,13,0.000282294489611563
166,3808,174.042490712524,14.095647915385,172.001115194787,15.0025103381493,0.000338753387533875
166,3808,221,179,225,179,0.000282294489611563
166,3808,161,11,164,11,0.000282294489611563
166,3808,149.014030952305,13.9776359623422,145.960984066626,12.0621877820045,0.000338753387533875
166,3808,95,0,91,0,0.000282294489611563
166,3808,100.720960750531,5.81138402437701,103.831260835803,1.20999329619989,0.000338753387533875
167,3831,199.15385776781,33.607894024423,205.8999486019,36.2549806332072,0.00444915254237288
167,3831,197.465887503809,31.4425186025061,193.903525141155,34.8555513286349,0.00402542372881356
167,3831,229.795459554658,134.121343935147,230.907219173534,126.833300983111,0.00572033898305085
167,3831,21.9999999999999,15,21.9999999999999,12,0.048728813559322
167,3831,76.1119229290428,5.14893834117197,81.2284548960203,1.30401003205402,0.00169491525423729
167,3831,165.225399568174,26.8105658217489,193.169414582712,32.1059987532195,0.0158898305084746
167,3831,215.51685145443,45.0309471599182,216.090973805081,53.9941728461774,0.00254237288135593
167,3831,132.87374174139,63.1944726923066,142.402122387942,69.3806201330435,0.00338983050847458
167,3831,158.921137760318,175.548880289941,239.093286402348,161.533630986756,0.0364406779661017
167,3831,57.0951773724977,19.2218726595914,161.008304774413,31.9321039039302,0.0472457627118644
167,3831,131,4,130,2,0.00148305084745763
167,3831,165,29,161,29,0.00317796610169492
167,3831,153.931385088923,28.0333858834247,154.909665123169,30.0439541437823,0.00190677966101695
167,3831,236.314410135896,134.961293837804,236.824083558959,125.93361160239,0.00423728813559322
167,3831,137,10,136,7.00000000000001,0.00190677966101695
167,3831,45,9,52,11,0.00127118644067797
167,3831,215.427467660759,129.752649725207,228.041418797154,133.873207785001,0.0086864406779661
167,3831,195,29,197,28,0.00127118644067797
167,3831,238,29,239,29,0.00190677966101695
167,3831,137,27,136,24,0.00105932203389831
167,3831,185,23,183,25,0.00211864406779661
167,3831,189,0,190,0,0.00148305084745763
167,3831,130,17,130,20,0.00190677966101695
167,3831,170.956620027828,16.9656909725751,172.699342380255,14.7622112231794,0.00233050847457627
167,3831,182,20,183,17,0.00127118644067797
167,3831,21,24,21,26,0.00169491525423729
167,3831,17,25,13,25,0.00105932203389831
167,3831,91,0,91,3,0.00105932203389831
167,3831,103,2.99999999999999,101,6,0.00169491525423729
167,3831,158.9517185483,32.927400143438,170.960746471231,24.9409752512016,0.00296610169491525
167,3831,151.95684680225,31.8497766761538,144.959718595037,33.859773855513,0.00127118644067797
167,3831,232.07206808078,48.908938006117,229.254188890408,46.6788183210517,0.00317796610169492
167,3831,230.322900851742,50.1182143697234,226.150076010035,48.5901687208803,0.00233050847457627
167,3831,179,21,179,23,0.00148305084745763
167,3831,161,11,158,13,0.00148305084745763
167,3831,165,20,163,21,0.00190677966101695
167,3831,98.1915083490618,1.29474106545205,93.305157646705,4.46965310056352,0.00169491525423729
167,3831,97,13,100,13,0.00233050847457627
167,3831,223.652176460662,127.082813427585,235.0792047532,130.753426779403,0.00317796610169492
167,3831,15,54,13,53,0.00148305084745763
167,3831,30.9396392697086,62.8174507387346,24.9348484085701,64.8029617132137,0.00105932203389831
167,3831,92.7094979502226,14.0545293489464,93.831444934036,20.0316390125842,0.00190677966101695
167,3831,122,18,123,17,0.00127118644067797
167,3831,165,6.99999999999998,167,9,0.00127118644067797
167,3831,159,18,158,15,0.00105932203389831
167,3831,75,9.99999999999999,73,9,0.00190677966101695
167,3831,224,27,221,29,0.00169491525423729
167,3831,21,70,18,68,0.00190677966101695
167,3831,171,23,173,25,0.00105932203389831
167,3831,149,14,151,14,0.00127118644067797
167,3831,85,9,85,7,0.00190677966101695
167,3831,137.595516952171,19.6882010126917,134.484490792941,13.7463317575621,0.00169491525423729
167,3831,127,8.99999999999999,125,5.99999999999999,0.00105932203389831
167,3831,121.005814690571,0.975045329397977,116.821252378961,0,0.00148305084745763
167,3831,144.721035934514,17.0568964495714,143.897855776432,13.0208329472655,0.00254237288135593
167,3831,214.013560587655,44.1606842807926,205.986338803424,44.8381235679112,0.00233050847457627
167,3831,61,12,62,14,0.00148305084745763
167,3831,133,21,133,24,0.00127118644067797
167,3831,106,20,109,17,0.00148305084745763
167,3831,152,11,156,11,0.00169491525423729
167,3831,213.936925207249,18.9503132272421,218.38520930897,13.3034462193892,0.00190677966101695
167,3831,95,9,94,7,0.00148305084745763
167,3831,181,29,179,27,0.00148305084745763
167,3831,126,27,129,27,0.00148305084745763
167,3831,163,25,167,24,0.00127118644067797
167,3831,18.3088471098953,137.290235998726,30.2277396654068,142.476629662415,0.00572033898305085
167,3831,6.88508688378218,142.818487731874,2.22178637870089,145.770764172637,0.00275423728813559
167,3831,66.0296718250492,20.1925286360595,54.9837991339913,21.894879043319,0.00296610169491525
168,3854,239.013132813436,158.069622939144,133.795632445099,177.91655585398,0.0378361716883717
168,3854,240,111.767553196988,223.985234438532,95.2107207574984,0.0343684981120444
168,3854,143.819020518286,13.0487703540391,144.891665174215,17.0291940708319,0.000924712953687293
168,3854,179.140947174399,30.77503403047,56.1582807776866,16.6243884127215,0.0431532711720737
168,3854,207.910640455057,31.459544342366,163.425969771324,22.8093890411536,0.0211913385220005
168,3854,221.799528563694,52.6825176761952,184.184586132953,23.4744574331692,0.0103259613161748
168,3854,240,137.674175675238,184.572669326589,0,0.130461585882716
168,3854,240,29.2444737334325,211.436580277936,20.0064747223725,0.0416891423287355
168,3854,135.513053475059,74.9602001023524,142.109320673809,159.991519496817,0.0158742390382985
168,3854,137,10,136,7.00000000000002,0.00069353471526547
168,3854,175.48891555173,158.272940160602,163.738792434436,148.143041563585,0.00393003005317099
168,3854,175.04057883925,159.278751766673,131.935040930504,165.553770987097,0.00393003005317099
168,3854,29.0271772303946,138.055294449145,36.0192104969705,153.059007107897,0.00554827772212376
168,3854,98,20,92,20,0.000847653540880018
168,3854,33.2883436694392,112.39022876769,0,95.3499681596472,0.00593357478616013
168,3854,73,75.9999999999999,121,75.9999999999999,0.00585651537335286
168,3854,163,129,172,129,0.00161824766895276
168,3854,31.0350822592346,109.505529169091,64.0150463494436,107.216815242177,0.00408414887878554
168,3854,30,4,31,2,0.000616475302458195
168,3854,158,15,159,18,0.000385297064036372
168,3854,0,101.503838557942,23.3054591843465,106.60425883128,0.00439238653001464
168,3854,54.6644759193375,22.8046125219438,57.3452810999791,18.2010693337187,0.00146412884333821
168,3854,73,9.00000000000001,75,10,0.00069353471526547
168,3854,0.23313196169755,140.173090071518,58.1411922212666,156.499196726439,0.00639593126300378
168,3854,15,54,16,56,0.000539415889650921
168,3854,127,9,125,6,0.000385297064036372
168,3854,173.443858363343,157.605194892582,189.157890657277,112.705279325375,0.019650150265855
168,3854,101,6.00000000000001,103,3,0.000847653540880018
168,3854,18.0279419909164,67.9584012160964,21.0209498001174,69.9688108764147,0.000770594128072744
168,3854,70.9242926992742,40.5905381305052,48.7777586484348,21.5954737132883,0.00570239654773831
168,3854,111,10,111,7,0.000539415889650921
168,3854,153,24,150,22,0.000385297064036372
168,3854,27.996259449461,107.030991057457,36.0003539866344,107.997067164309,0.00146412884333821
168,3854,193,8.00000000000001,191,5.00000000000003,0.000462356476843646
168,3854,79,3,81,1,0.000385297064036372
168,3854,170.617495571784,16.7362674866326,172.19657607475,14.4460482141503,0.000539415889650921
168,3854,185,6,184,2.99999999999999,0.000385297064036372
168,3854,106,75,72,75,0.00393003005317099
168,3854,21,24,21,26,0.00069353471526547
168,3854,136,17,137,19,0.000539415889650921
168,3854,106,20,106,18,0.000616475302458195
168,3854,122,18,123,17,0.00069353471526547
168,3854,116,0,117,0,0.000462356476843646
168,3854,147,5.00000000000002,145,7,0.000385297064036372
168,3854,170,8.99999999999999,172,9.99999999999999,0.000385297064036372
168,3854,179.05041287982,20.8258860841535,175.092664000426,19.67996091416,0.000462356476843646
168,3854,95,9.00000000000001,94,7,0.000539415889650921
168,3854,120,3,120,4,0.000462356476843646
168,3854,197,28,195,29,0.000462356476843646
168,3854,130,2,131,4,0.000462356476843646
168,3854,152,11,151,14,0.000462356476843646
168,3854,223,15,223,17,0.00069353471526547
168,3854,52,11,55,13,0.000385297064036372
168,3854,140,0,138,0,0.000462356476843646
168,3854,214,18,216,16,0.000616475302458195
168,3854,94,3.99999999999999,97,1.99999999999999,0.000462356476843646
168,3854,159.651191807242,76.0362815429804,165.662345617118,133.827089887199,0.0096324266009093
168,3854,55.9820070063707,27.3019127602226,68.9953832499039,28.0774665846883,0.00123295060491639
168,3854,30,76,27,74,0.000539415889650921
168,3854,192.021770572899,72.5240125291377,153.9660711497,0,0.0341373198736226
168,3854,162.971556941751,14.8368690142113,168.963748933905,13.7920873312542,0.000385297064036372
169,3877,158.804986900331,30.4107487508803,172.379466431478,22.6650192617902,0.00751547303271441
169,3877,41.6710405066197,110.989895637628,44.1892741754507,29.0058137700686,0.0368405540819334
169,3877,59.2935452431429,17.5708440931063,55.7271215201232,23.441710516295,0.00471559092248747
169,3877,185,23,182,26,0.0013262599469496
169,3877,136.530742058899,68.9562196320316,133.642865031194,33.9469707230701,0.013262599469496
169,3877,190,5.06221704554857e-16,189,5.06221704554857e-16,0.000884173297966401
169,3877,140.655345793261,117.023962322763,143.640190054565,159.955490342444,0.013262599469496
169,3877,156.734578385923,36.9200612977508,165.013630842507,112.998516656791,0.0257883878573534
169,3877,21,24,21,26,0.00103153551429413
169,3877,139.979977695806,111.9250940274,137.080648636073,73.9938355081449,0.0119363395225464
169,3877,76,4.99999999999999,74,2.99999999999999,0.00117889773062187
169,3877,136,7.00000000000001,137,10,0.00103153551429413
169,3877,120.586019245094,24.7162854015615,115.854633466906,21.9817571647205,0.0017683465959328
169,3877,95,9,94,6.99999999999999,0.00117889773062187
169,3877,95,4,94,4,0.000736811081638668
169,3877,61,12,62,14,0.000736811081638668
169,3877,45,9.00000000000001,48,11,0.00103153551429413
169,3877,37,39,41,40,0.000884173297966401
169,3877,89.02179487003,21.3536110358838,98.9839497197534,20.7395921050949,0.00309460654288241
169,3877,172.225676499238,14.5693501009996,170.903644062719,16.9464104155211,0.00191570881226054
169,3877,101,6.00000000000001,103,3,0.00117889773062187
169,3877,216,16,214,18,0.00162098437960507
169,3877,81,0.999999999999992,79,2.99999999999999,0.0013262599469496
169,3877,140,3.42762465077613e-16,138,3.42762465077613e-16,0.00117889773062187
169,3877,234.320045952798,34.8145350762446,239.981427722241,41.1186305768735,0.00412614205717654
169,3877,223,15,223,17,0.00117889773062187
169,3877,149,14,151,14,0.00117889773062187
169,3877,146.171416931135,176.880382052043,239.151195739516,158.77652781749,0.0358090185676393
169,3877,129.984121978227,1.97955505823022,124.927499628772,5.90664669130545,0.00250515767757147
169,3877,224,27,225,30,0.00117889773062187
169,3877,55,13,52,11,0.000736811081638668
169,3877,137,19,136,17,0.0013262599469496
169,3877,154,17,155,16,0.000736811081638668
169,3877,144.504173790825,17.1290051790873,143.46602711924,13.1389302659592,0.000884173297966401
169,3877,117,0,116,0,0.000736811081638668
169,3877,122,18,123,17,0.000736811081638668
169,3877,19,73,21,70,0.000884173297966401
169,3877,240,121.176953027323,219.643870852408,111.770701356421,0.0173887415266726
169,3877,234,31,233,28,0.000884173297966401
169,3877,15,54,13,53,0.00117889773062187
169,3877,165,20,163,21,0.00103153551429413
169,3877,109,17,110,15,0.000884173297966401
169,3877,145,6.99999999999998,147,5,0.000736811081638668
169,3877,75,10,73,9.00000000000001,0.00117889773062187
169,3877,136.956859293692,63.1593056452756,138.657748965631,52.9430192900505,0.00309460654288241
169,3877,191,5,193,8,0.00117889773062187
169,3877,239.080233228599,40.1652602467523,207.707138795042,55.3967796654749,0.00869437076333628
169,3877,37.9082471606331,77.1146741641807,44.0054665119347,81.9931678660691,0.00103153551429413
169,3877,101.047035094799,21.6247635869017,158.029161778888,28.7673532634253,0.00722074860005895
169,3877,89.011550676885,19.0802749252945,81.0328529583545,20.228321578368,0.00103153551429413
170,3900,138.05355443933,71.1370433385491,140.884275407153,49.3751782692337,0.00758221969481566
170,3900,144.109471530591,64.8837263255484,136.374984349369,57.6017155517293,0.00322244337029665
170,3900,44.5463556632498,28.9935398831306,43.0937148569487,131.001334545324,0.0385745426973747
170,3900,163.28086797028,31.9944107695605,172.501379885979,24.9710689782826,0.00824566391811203
170,3900,24,16,22,15,0.0217041038764098
170,3900,130,2,131,4,0.00066344422329637
170,3900,64.2032792586575,111.960730754158,0.300920038783914,99.4615403271783,0.0194294379679651
170,3900,138.826870863143,73.9476298756466,141.235982995761,111.985053943265,0.0121315515117051
170,3900,239.025671223646,38.6762239942318,232.984362478912,38.1972268321812,0.00255899914700028
170,3900,194,167,210,167,0.00303288787792626
170,3900,224.385760143337,121.608265992349,228.718306599937,133.106145635557,0.00483366505544498
170,3900,174.867027173646,25.5933566916147,210.113788056458,33.4922503598957,0.00748744194863046
170,3900,209.541679172929,57.1776654473482,239.99770328341,43.1691081036479,0.0162069945976685
170,3900,151.903306021756,35.9222500166822,158.533642161922,112.954067981185,0.0201876599374467
170,3900,159.307303208557,36.9718824401095,166.261517434007,112.976071736616,0.0239787697848545
170,3900,162.033023499011,66.5691489857303,163.395207029146,69.8351679806731,0.00113733295422235
170,3900,161,29,167,29,0.00132688844659274
170,3900,179.180644980087,20.9726966087357,179.794052192327,25.0311277599312,0.000568666477111174
170,3900,7,63,11,64,0.000947777461851957
170,3900,232.657363462174,108.305421103881,217.384057348064,141.178438909293,0.0067292199791489
170,3900,221.38706381589,164.873330169561,214.967680994057,153.017499243441,0.00379110984740783
170,3900,136.308474604797,179.751893963983,239.285195581443,161.619687358103,0.0290967680788551
170,3900,0,91.3477577157328,6.37613469676763,111.16591340099,0.0121315515117051
170,3900,64.593161704092,16.3111200159317,54.9897730026089,21.9826831105363,0.00407544308596342
170,3900,62.1010900018754,38.9826365129087,59.011990855781,20.9979404187783,0.00616055350203772
170,3900,59.2823010756795,142.883458953934,21.4267277550613,133.312230823512,0.00852999715666761
170,3900,240,126.929296896423,237.262997221273,133.524168914102,0.00530755378637096
170,3900,0.175232933484983,65.6803840913762,8.50824025611408,70.2490469097682,0.00388588759359302
170,3900,211.695906741156,52.0549423044104,208.388489395489,33.7491335147395,0.00587622026348213
170,3900,17.9837801905778,91.0590439258236,17.0867504222758,106.005206534495,0.00379110984740783
170,3900,137.940322699721,58.0044066196062,136.234925520211,34.908812111404,0.00862477490285281
170,3900,136.775048563224,40.0180012090795,136.519701285676,51.0120705358945,0.0021798881622595
170,3900,16.8647537288451,105.53684745552,9.73185384100715,76.8182280247483,0.00691877547151929
170,3900,45.0483618414786,132.015927555233,46.6287410621586,27.9943595359883,0.0157331058667425
170,3900,143.71149411667,13.0726127797981,144.717834903254,17.0710168950465,0.00104255520803715
170,3900,18.8962209234758,64.0664070844622,22.2012146715792,69.2313560033062,0.00123211070040754
170,3900,80,18,64,18,0.00322244337029665
170,3900,16,56,15,54,0.000568666477111174
170,3900,137,19,136,17,0.000852999715666761
170,3900,107.864537815028,19.188521259009,110.856239988416,26.0625668153604,0.00113733295422235
170,3900,237.854931863648,141.817745733867,231.513439450802,148.44761086466,0.00293811013174107
170,3900,231.103188024302,134.644524381354,235.756989849855,122.903676371635,0.00350677660885224
170,3900,233.359617982954,115.061754941539,230.633452227799,130.937055049201,0.00511799829400057
170,3900,72,20,98,20,0.00464410956307459
170,3900,69,19,89,19,0.0044545540707042
170,3900,219.144542725597,134.039897005567,231.721425378754,88.4751516732256,0.0114681072884087
170,3900,137,10,136,7.00000000000002,0.000852999715666761
170,3900,32.9841825584192,180,45.7121457200095,136.986149641267,0.0411335418443749
170,3900,51.9901097398243,74.4320617472822,75.2576108520504,21.1124156145313,0.0104255520803715
170,3900,25.2425313220213,95.852518549513,29.8738307994881,103.468630143461,0.00274855463937068
170,3900,20.6848123134034,105.969779705432,21.738997647022,94.9749750122692,0.00312766562411146
170,3900,26.5429477023687,143.577409636614,0.0792481783552184,137.6464008,0.00473888730925979
170,3900,154,28,149,27,0.000568666477111174
170,3900,218.864104654762,129.358435807306,226.853140695625,132.387354204308,0.00208511041607431
170,3900,228.608917542466,126.368949222141,223.653094022585,129.440232404512,0.00066344422329637
170,3900,223,15,223,17,0.000852999715666761
170,3900,191,4.99999999999999,193,7.99999999999999,0.000473888730925979
170,3900,45,9.00000000000001,48,11,0.000568666477111174
170,3900,194.162917259709,31.1369859814573,196.883183344503,27.9017768637136,0.00066344422329637
170,3900,147,1.00000000000002,145,2.00000000000002,0.000473888730925979
170,3900,0,79.1075556726256,9.53134167923756,106.848200399666,0.0100464410956307
170,3900,7.86337423654912,99.2846004223809,32.0824756034609,110.911263470405,0.00284333238555587
170,3900,226.751631361619,162.659141390208,223.079718017515,155.470044535513,0.00265377689318548
170,3900,225,30,224,27,0.000852999715666761
170,3900,229,6,229,7,0.000473888730925979
170,3900,93.9642256106423,4.00432895242009,94.5749606250487,9.05143275018421,0.00113733295422235
170,3900,239.258890321921,161.947016302312,237.370422075097,152.719533629556,0.00246422140081509
170,3900,235.228783214352,152.995634856098,235.400439157997,161.992359690576,0.00255899914700028
170,3900,85,7,85,9,0.000568666477111174
170,3900,122,18,123,17,0.000852999715666761
170,3900,74,2.99999999999999,76,4.99999999999999,0.00066344422329637
170,3900,21,24,21,26,0.000758221969481566
170,3900,79,3.00000000000001,81,1.00000000000001,0.000473888730925979
170,3900,138,0,140,0,0.000568666477111174
170,3900,170.681942383365,16.7742855539213,172.295762634142,14.5002271958638,0.00066344422329637
170,3900,214,18,216,16,0.000758221969481566
170,3900,151,14,149,14,0.00066344422329637
170,3900,165,20,163,21,0.000568666477111174
170,3900,27,88,28,91,0.000473888730925979
170,3900,106.022745369603,21.7519963010921,89.0735980528502,20.1975250497931,0.00312766562411146
171,3923,146.060206371842,180,239.361147485405,164.122166058207,0.0366666666666667
171,3923,144.089143899407,112.941114134474,139.815790461959,33.9018271203419,0.0236666666666667
171,3923,130.636285136577,0.814904672780724,133.798524225675,2.51273073325149,0.0005
171,3923,146.118482427246,159.995063921879,144.324972046792,116.944800543986,0.0126666666666667
171,3923,162.799018828025,36.8586489041577,168.77674215778,112.938970424612,0.0221666666666667
171,3923,223.661232454642,113.990113752501,222.111595868642,167.090805649167,0.0128333333333333
171,3923,79.4720225638531,18.2056136809025,40.8260684732475,106.924235186664,0.019
171,3923,230.724358993325,134.073739619239,222.633667396661,103.830480982791,0.00675
171,3923,227.915567606896,134.888223001178,227.388789263742,125.860609621003,0.003
171,3923,48.8300883852964,45.2579590320479,44.4242361456201,42.3559266347105,0.00391666666666667
171,3923,211.257384750324,32.8103741776292,215.224668284714,59.1169275467063,0.00583333333333333
171,3923,209.882516869143,43.4077407250015,215.954670451156,45.1573221872347,0.000916666666666667
171,3923,48.6895313527198,26.985841414613,45.6321088426269,94.0288266370876,0.0315
171,3923,211.992398338913,58.9826316469172,239.794175902568,46.8145412336445,0.00833333333333333
171,3923,158.62334171855,16.1397721813644,154.702318778413,18.2841807025955,0.000416666666666667
171,3923,191,5,193,8,0.0005
171,3923,148.815389952408,66.5326243614496,159.047348318828,61.0889969108582,0.00233333333333333
171,3923,223.788415315025,143.330774961469,232.898732923551,149.158313033453,0.00241666666666667
171,3923,144.585396229641,17.0857772972127,143.750758887706,13.0515654475317,0.000833333333333333
171,3923,52,11,55,13,0.000666666666666667
171,3923,21,70,19,73,0.000666666666666667
171,3923,68.926936824654,137.882457544859,23.9866187633954,134.16161866967,0.00583333333333333
171,3923,48.3810175461521,35.1049344370592,51.1524145713788,25.041975854941,0.00233333333333333
171,3923,103,2.99999999999999,101,6,0.000916666666666667
171,3923,239.336319108837,129.791563820892,228.218871331157,134.515137625613,0.00233333333333333
171,3923,157,26,154,28,0.0005
171,3923,66.2397200468208,136.067470660394,67.9276351250215,55.0193190008968,0.0201666666666667
171,3923,189.106066631865,31.2810055460505,197.099580874196,28.2638226314707,0.002
171,3923,2.10170400996281,142.381367287719,15.919066503273,138.696517490867,0.00125
171,3923,15.1200687187283,164.079485738336,33.9466275973556,135.640663253255,0.00583333333333333
171,3923,238.949137319293,127.187125321282,228.877787406111,124.449623782669,0.00266666666666667
171,3923,41.1400965600187,107.466936066741,55.4966570287182,84.3078833470129,0.00633333333333333
171,3923,46.0146155968946,89.9417012099647,68.8339022774591,95.6625316996357,0.0025
171,3923,138.99827370064,54.3889297705082,157.002357589793,54.4688424973133,0.00266666666666667
171,3923,214,18,216,16,0.00075
171,3923,149,14,151,14,0.0005
171,3923,63.6769633799117,14.0844556493772,62.973675664786,28.0490364974795,0.0055
171,3923,42,70,41,68,0.000416666666666667
171,3923,224,27,221,29,0.000666666666666667
171,3923,165,20,163,21,0.000583333333333333
171,3923,145.977660642095,70.0045876500376,142.071816183567,50.9852517015642,0.00366666666666667
171,3923,105.002917943879,20.9710882845341,65.0066185600477,16.9344216568829,0.00466666666666667
171,3923,125,15,122,18,0.00075
171,3923,94.5681640523612,9.07310358944015,93.7174578592085,4.04783030401452,0.001
171,3923,230.271066263652,126.598411544581,239.700063974482,132.962845444435,0.00241666666666667
171,3923,230.995205536601,130.92870406657,234.048644612537,130.723368345633,0.000916666666666667
171,3923,43.0466964987068,107.313619175545,54.0994493450866,105.667913494123,0.002
171,3923,170.009756331859,107.953939545855,167.777574065022,155.943139758894,0.0095
171,3923,178.411710917075,175.983358661406,176.188977041237,120.992361555647,0.0101666666666667
171,3923,227.104635472698,115.138807063683,239.082604044559,106.109580666842,0.00225
171,3923,228,49,229,47,0.000416666666666667
171,3923,225.943506603969,143.48127507136,238.998392605419,145.013693617239,0.00208333333333333
171,3923,36.5724936352927,140.860884024856,38.7025437164174,164.937847090763,0.00475
171,3923,174.458416504753,25.626546360359,165.260603450005,32.3561829502323,0.00516666666666667
171,3923,169.387271512869,149.777298941825,175.311820917411,133.476791780665,0.003
171,3923,132.892107202849,24.0261292907925,133.862553604473,28.0332865300737,0.000583333333333333
171,3923,155,29,149,27,0.001
171,3923,136,17,137,19,0.000666666666666667
171,3923,92.9772193894175,13.8389410857483,99.9785923427728,12.8486478658157,0.000666666666666667
171,3923,218,22,222,23,0.000416666666666667
171,3923,130,17,130,20,0.000416666666666667
171,3923,8.37675858816749,166.636276286855,18.411259655604,160.694542274069,0.00108333333333333
171,3923,168.993590941562,31.0255170375439,160.995798224775,29.0167289559291,0.000916666666666667
171,3923,234,31,233,28,0.000416666666666667
171,3923,238.019560213749,35.9955815210331,239.142730902821,40.967758353762,0.00075
171,3923,75,9.99999999999999,73,9,0.000666666666666667
171,3923,76.4900440576658,5.59073373261346,81.4174367250708,1.50320772361896,0.0005
171,3923,165,7,167,9,0.0005
171,3923,178.935803228349,28.9315597986108,185.12142886477,23.1294553564861,0.000916666666666667
171,3923,17,25,21,24,0.0005
171,3923,127,4,125,6,0.000833333333333333
171,3923,147,5,145,6.99999999999998,0.0005
171,3923,15,54,13,53,0.0005
171,3923,116.085310839396,23.2434964496981,119.069373390395,22.198007362071,0.0005
171,3923,43,35,46,35,0.000416666666666667
171,3923,138,0,140,0,0.000416666666666667
171,3923,166.961951793391,24.1737953730944,213.156122494975,34.2868686941875,0.006
172,3946,47.315949367337,122.084699774582,50.6841282620953,29.9884478195532,0.0315472723742963
172,3946,230.757552578385,136.489850928824,238.587945175,124.380178879049,0.0056299747621821
172,3946,0,152.704284839119,15.3917628506475,140.248400082173,0.0036886041545331
172,3946,9.10684993503468,143.012269717725,9.04848037344595,134.006166905331,0.001941370607649
172,3946,34.6780894622704,133.82462182694,41.7250084894933,161.071122634111,0.0046592894583576
172,3946,67.1287384000883,17.8167476417634,58.8727405569824,39.3348503469271,0.0060182488837119
172,3946,83.4821270286391,18.3705064491054,75.1971256606664,29.1514877287989,0.003882741215298
172,3946,64.0749249137019,18.3118677158118,148.93988684105,27.5520968037777,0.01941370607649
172,3946,157.22913888454,180,239.19456949233,166.151612190638,0.0374684527276257
172,3946,239.448028510643,49.1223589953976,214.785328359995,58.9673309359624,0.009706853038245
172,3946,141.927996789837,35.952520488717,143.7218745744,71.014229854486,0.0087361677344205
172,3946,104.954560299302,23.3334819902148,172.785259572143,32.5759801266569,0.0144632110269851
172,3946,56.982415573295,112.080087509062,0,99.5687343422127,0.011648223645894
172,3946,111,10,111,7,0.0005824111822947
172,3946,0,139,8,139,0.00165016501650165
172,3946,163.079221003423,24.639856539439,214.033374702209,35.8482765904303,0.0154338963308096
172,3946,148,66,160,66,0.0017472335468841
172,3946,100.010462222057,13.0743334687153,93.0084237515965,14.059850256701,0.00106775383420695
172,3946,224,27,225,30,0.00067947971267715
172,3946,166.029402482713,38.851866293608,174.784629096135,158.796739467675,0.0253348864298195
172,3946,171.638629534197,30.9611092549278,171.153252008804,22.9906673830648,0.0017472335468841
172,3946,137,19,136,17,0.0005824111822947
172,3946,222.802344797798,128.164716879084,229.195879751261,135.836762701188,0.00339739856338575
172,3946,180.122033503612,27.1390882934214,184.930223091253,22.9204714207942,0.00067947971267715
172,3946,127,4,133,4,0.00067947971267715
172,3946,176,28,168,28,0.00126189089497185
172,3946,106,23,106,18,0.0007765482430596
172,3946,21,26,17,25,0.00087361677344205
172,3946,13,63,11,64,0.0005824111822947
172,3946,47.4516550691829,39.7789449366208,48.0696256028872,43.8371196019924,0.00145602795573675
172,3946,143.432757016558,13.1977367701445,144.784397599637,17.0751574255259,0.0009706853038245
172,3946,97,2.00000000000001,94,4.00000000000001,0.0005824111822947
172,3946,43,35,47,34,0.0005824111822947
172,3946,103,2.99999999999999,101,6,0.00067947971267715
172,3946,62,22,55,22,0.00067947971267715
172,3946,140,0,138,0,0.0007765482430596
172,3946,122,18,123,17,0.0005824111822947
172,3946,223,15,223,17,0.00048534265191225
172,3946,157,26,154,28,0.00067947971267715
172,3946,153.684990820123,66.9927377009757,153.43068288517,43.0060359219512,0.003882741215298
172,3946,149,14,151,14,0.00067947971267715
172,3946,163,21,165,20,0.0005824111822947
172,3946,146.041543553776,113.997895565387,144.113859964251,75.9435761929388,0.0083478936128907
172,3946,173,120,146,120,0.00397980974568045
172,3946,42.3962810800749,87.6963092453433,50.3523482163653,95.8753557401465,0.0029120559114735
172,3946,36.8799477564677,98.0747645334687,34.6953886127634,94.5669351635343,0.0017472335468841
172,3946,216,16,214,18,0.00067947971267715
172,3946,171,17,172,15,0.00087361677344205
172,3946,232.777133928984,125.212634112638,230.092273316891,135.025247198875,0.001941370607649
172,3946,227.556972333831,136.15003743009,230.590303808869,124.889635876145,0.00242671325956125
172,3946,120,1,117,4.88498130835069e-15,0.00048534265191225
172,3946,75,9.99999999999999,73,9,0.00048534265191225
172,3946,95,9,94,6.99999999999999,0.00048534265191225
172,3946,76.1159616040041,5.15533485587211,81.2441297630993,1.32702084358692,0.0005824111822947
172,3946,145,6.99999999999998,147,5,0.00048534265191225
172,3946,232.937870174128,134.246497057263,239.053451127629,135.7879352552,0.00223257619879635
172,3946,174.790834865464,19.4797560105927,178.884645588223,21.2645850730389,0.0005824111822947
172,3946,45,9,48,11,0.00048534265191225
172,3946,114.086996905574,21.9040325754713,108.854431132308,17.16057892211,0.0005824111822947
172,3946,233.755099758945,32.0697970938502,232.625609209716,28.1067021780523,0.00067947971267715
172,3946,159,18,158,15,0.0005824111822947
172,3946,192.162769866926,32.2090991026126,196.544994776938,27.5701730921767,0.0009706853038245
172,3946,89,19,92,20,0.00048534265191225
173,3969,43.3433686428426,152.978365712152,47.3640130527019,30.9460985039061,0.0493313521545319
173,3969,212.083636776667,35.9890665045964,214.44757337329,54.0722164844776,0.00549777117384844
173,3969,21.1024438146509,104.256409833818,17.3670660451344,91.1808137393893,0.0037147102526003
173,3969,184.9800824602,6.00432058255179,184.313617197786,2.93196905811159,0.000742942050520059
173,3969,111,10,111,7,0.000891530460624071
173,3969,144.795992120067,18.0573705595213,143.419666320427,13.1631999112828,0.00193164933135215
173,3969,15,17,14,14,0.000891530460624071
173,3969,16,56,15,54,0.00118870728083209
173,3969,91.8719820618737,20.9772901993953,93.1063741400347,14.0188702891567,0.00267459138187221
173,3969,97.0261584035335,2.03440326038604,91.9306328319318,5.90876902169362,0.00133729569093611
173,3969,63.9009532852634,30.6562998448161,51.0428903756002,28.7158013072382,0.00193164933135215
173,3969,151,9.99999999999999,152,11,0.000742942050520059
173,3969,189,0,190,0,0.000742942050520059
173,3969,171,17,172,15,0.00104011887072808
173,3969,127,4,131,4,0.00104011887072808
173,3969,223.346567883604,12.8909225278978,222.669839412931,16.9448862684865,0.00193164933135215
173,3969,97,13,100,13,0.00104011887072808
173,3969,38.8606268607693,160.042288062336,31.5181102662076,135.842796973971,0.00861812778603269
173,3969,225,30,224,27,0.00118870728083209
173,3969,37,39,39,41,0.000742942050520059
173,3969,216,45,216,50,0.00208023774145617
173,3969,117,0,116,0,0.000742942050520059
173,3969,64.4183498008406,18.8552540613948,62.4269836710522,26.8574026339379,0.00326894502228826
173,3969,148,21,150,22,0.000891530460624071
173,3969,137,10,136,12,0.000891530460624071
173,3969,120.178869541661,23.849522392763,116.965088994449,20.02936958709,0.00118870728083209
173,3969,81.2381383326468,1.30088937958732,76.2173303719077,5.27459838171362,0.000742942050520059
173,3969,136,8,136,7,0.000891530460624071
173,3969,21,24,21,26,0.00104011887072808
173,3969,13.9877144242812,24.0426359558559,17.9471131245822,25.1835390165905,0.000891530460624071
173,3969,95,9.00000000000001,94,7,0.00133729569093611
173,3969,122,18,123,17,0.00104011887072808
173,3969,37.1085540227046,178.928845530849,0.313771783015326,122.794330379484,0.00921248142644874
173,3969,193,7.99999999999999,191,4.99999999999999,0.000742942050520059
173,3969,56.59648428607,71.8140336295781,80.5676100799356,19.8007265113464,0.011887072808321
173,3969,109,17,112,20,0.000891530460624071
173,3969,125,6,127,9,0.000891530460624071
173,3969,239.086371550485,168.55954243175,166.126831179632,179.821652804361,0.013075780089153
173,3969,155.180379969446,29.9142362392327,154.220407795385,27.8952045424297,0.00104011887072808
173,3969,180,28,179,27,0.000742942050520059
173,3969,49,53,45,54,0.000742942050520059
174,3992,238.896927019893,164.386160365349,156.85920931995,178.161536810965,0.0403577161201559
174,3992,185.446345666275,172.046695679936,176.231427105806,177.398480507251,0.00366888328365054
174,3992,238.606097759343,125.141413417795,220.251486183638,129.031424620545,0.0149812734082397
174,3992,229.093834357903,136.691753932316,236.501932714052,103.559409972584,0.00710846136207292
174,3992,175.966075958894,117.913193503859,168.876439900774,120.68382837283,0.00152870136818772
174,3992,50.1130604768762,26.6624801132771,65.0905714453856,27.928528229143,0.00290453259955668
174,3992,21,24,21,26,0.00061148054727509
174,3992,206.198055589356,64.6715394554567,165.901036909258,58.6637962697431,0.0104716043720859
174,3992,178.500240757298,30.7529795149381,77.4340567396206,15.1825743811063,0.0471604372085913
174,3992,39.8081084898856,91.8923744765026,31.9297935875134,99.0267483590355,0.00244592218910036
174,3992,220.308219156239,35.6211523157226,171.085350997418,24.6181742024853,0.023159825728044
174,3992,57.1960134371762,110.093696349169,0.0571361216830368,97.7358207864641,0.0132997019032332
174,3992,37.6799734113215,142.856269370735,22.6610842762115,176.296906764559,0.00527401972024765
174,3992,239.308039538561,152.78730667682,233.485785795722,144.355051589953,0.0022166169838722
174,3992,213.448073783456,38.1356667491931,63.3663543710401,14.6580620306421,0.0295803714744325
174,3992,138,0,140,0,0.000535045478865704
174,3992,238.179506545282,45.6554611457913,215.639970906995,59.4100219795684,0.00856072766185126
174,3992,211,120,179,120,0.00473897424138195
174,3992,100,13,97,13,0.000458610410456317
174,3992,143.865610557618,13.0202431256639,144.476950369555,17.0787871369198,0.000840785752503248
174,3992,231.267822750827,54.4829292251368,212.991464343013,45.0164793273106,0.00550332492547581
174,3992,181.898332704135,129.271819937725,169.853881894761,130.953446237877,0.00405105862569747
174,3992,185,23,183,25,0.000382175342046931
174,3992,95.9610094310283,172.836086374675,94.9888531781091,178.998241450845,0.00214018191546281
174,3992,28.0374853058282,139.306304471282,43.0572969121243,137.468191468272,0.00412749369410686
174,3992,182.812184558853,177.784751876049,177.575176731197,133.694124995424,0.00924864327753573
174,3992,191.056079672462,169.244760298652,174.415400935086,131.494459933552,0.00917220820912635
174,3992,105.545852692789,172.954595753173,106.048377132433,178.99597597064,0.00206374684705343
174,3992,76.0751202994878,5.09918446800458,81.177685376633,1.23460542188606,0.00061148054727509
174,3992,233.077028514401,27.9809909997996,234.064883148666,31.9839882179269,0.000458610410456317
174,3992,193.981636409192,74.0071435968807,198.56192692471,85.7814055285503,0.00244592218910036
174,3992,159.169756705295,70.5046100224314,143.037094951442,68.6732298820965,0.00481540930979133
174,3992,97,1.99999999999999,94,3.99999999999999,0.000458610410456317
174,3992,238.750730973527,159.00564150607,177.458355527287,166.666395981367,0.0121531758770924
174,3992,171,17,172,15,0.00061148054727509
174,3992,193,8,191,5.00000000000001,0.000687915615684476
174,3992,72.0491385667812,37.3694683398852,48.0390969988053,35.4983187915927,0.00466253917297256
174,3992,167,28,176,28,0.00129939616295957
174,3992,126,75.0000000000001,85,75.0000000000001,0.0049682794466101
174,3992,207,74,168,74,0.00374531835205993
174,3992,0,72.7135268915649,18.9980115517021,109.131069220539,0.0113888251929985
174,3992,7,63,11,64,0.000535045478865704
174,3992,163,21,165,20,0.000535045478865704
174,3992,130,2,131,4,0.000458610410456317
174,3992,117,5.71316287611999e-16,116,5.71316287611999e-16,0.000382175342046931
174,3992,50.9004978963018,92.297801627064,36.8982491738336,94.281932120796,0.00244592218910036
174,3992,55,13,52,11,0.000535045478865704
174,3992,109,17,109,18,0.000382175342046931
174,3992,1.04813054683488,98.1871135343481,28.0613725966198,91.2385936628779,0.00252235725750975
174,3992,159.09035345778,58.8624509183804,148.652799648621,52.0062141023041,0.00420392876251624
174,3992,61.0818585092978,142.891142151228,0,138.381934872543,0.00986012382481082
174,3992,134.069743187724,13.9593211405368,137.00731376319,18.9957341275231,0.000687915615684476
174,3992,197.855094193163,80.0638393749846,198.825807670089,67.0616529102144,0.00206374684705343
174,3992,159,18,155,16,0.000535045478865704
174,3992,19,73,21,70,0.000458610410456317
174,3992,157.442795463502,60.5618497946855,149.527226018507,70.6282406127553,0.00160513643659711
174,3992,151.696008332784,65.4776253329465,142.314154748141,59.5064066474198,0.00328670794160361
174,3992,94,6.99999999999999,95,9,0.000840785752503248
174,3992,223,15,223,17,0.000535045478865704
174,3992,195,29,197,28,0.000687915615684476
174,3992,123,17,122,18,0.000764350684093862
174,3992,16,56,15,54,0.000458610410456317
174,3992,47.3407237842764,34.2159427490262,55.0591450451074,22.0374847434232,0.00244592218910036
174,3992,10.2427988685374,137.649955334671,0.143963872257039,136.606576990924,0.00259879232591913
174,3992,150.831346230203,13.9252478722011,153.546645933786,7.79906063684986,0.000840785752503248
174,3992,136,7.00000000000001,137,10,0.000535045478865704
174,3992,179.011630355473,173.335150977206,38.0079203171514,178.228239114382,0.022166169838722
174,3992,73,9.00000000000001,75,10,0.000382175342046931
174,3992,147.805852230635,161.962106722268,143.717291827205,75.0132936770559,0.0133761369716426
174,3992,157,2,159,0,0.000382175342046931
174,3992,233.633385963819,151.037964082262,232.997439219401,144.896711907237,0.00183444164182527
174,3992,228.138410328982,151.047137608686,230.482456201201,144.164307330151,0.00206374684705343
174,3992,189,4.87535345428134e-16,190,4.87535345428134e-16,0.000382175342046931
174,3992,85,9,85,7,0.000535045478865704
174,3992,169.160235904122,26.2268771812613,213.136517896621,35.3413142851981,0.00932507834594512
174,3992,225,30,224,27,0.00061148054727509
174,3992,101,6,103,2.99999999999999,0.000458610410456317
174,3992,216,16,214,18,0.000764350684093862
174,3992,133,21,133,24,0.000382175342046931
174,3992,44,45,47,44,0.000535045478865704
174,3992,42.7915132051319,109.892771845991,48.5206432165197,98.7534589994699,0.00160513643659711
174,3992,45.1477512937138,100.314016636738,38.6943786833442,103.350461335672,0.000993655889322021
174,3992,49.0523649479955,94.3790373975675,9.96939179647637,99.7784461886829,0.0044332339677444
174,3992,125,5.99999999999999,127,8.99999999999999,0.000458610410456317
174,3992,227,48,229,47,0.000458610410456317
174,3992,165,120,146,120,0.00282809753114729
174,3992,179,21,176,20,0.000458610410456317
174,3992,237.764442649145,143.077654671207,239.646557402408,148.786853595024,0.00160513643659711
174,3992,200.285616503877,136.165272974371,191.776340639403,150.870578740129,0.00259879232591913
175,4015,161.220558338147,64.3760487217667,143.648768357153,58.1646586153871,0.00280277327039386
175,4015,142.824496620623,52.1164091466374,149.724638547315,62.5193565205812,0.00309780203569848
175,4015,182.023787165515,27.8417301216077,80.3662516044962,12.5631145767698,0.0447706151349757
175,4015,180.174455447057,164.627117922711,198.396535196255,173.152443387743,0.00309780203569848
175,4015,181.49732862195,23.3662988465269,190.264922112715,44.0826390447406,0.010030978020357
175,4015,238.985501053315,161.910052749509,191.761791847243,169.522225865796,0.0184392978315386
175,4015,226.773857611552,153.285142384646,203.322813764735,170.052901209927,0.00398288833161233
175,4015,78,71.9999999999999,126,71.9999999999999,0.00508924620150465
175,4015,24.8923033901835,91.7617461613779,0.00513497407593988,103.011359942406,0.00523676058415696
175,4015,97.343964430168,0.801341930914339,97.7993096635305,3.8818500618066,0.00051630033928308
175,4015,157.629043500899,109.313724270334,153.236393569219,124.489522354971,0.00272901607906771
175,4015,145.528214871131,118.099720388988,161.300825894653,114.183831758066,0.00302404484437233
175,4015,171.622024602302,180,144.884466712113,168.263195835061,0.00486797462752618
175,4015,46.1695889613368,105.146162985488,0.00459223811669318,95.9768792564529,0.0127599940994247
175,4015,0.971745729483031,83.6584473891322,13.9655508434461,82.583560320338,0.00228647293111078
175,4015,68.8302712185834,57.7580952657188,63.0288442109992,13.864018904438,0.00560554654078773
175,4015,214.420294999136,31.1322545400792,170.613322817595,21.2744598189723,0.0137188375866647
175,4015,34.5500851161629,144.977904483224,48.4901127284181,138.841662027492,0.00236023012243694
175,4015,144.172698338612,23.6703660604398,64.0948766643405,13.2695283927277,0.0111373358902493
175,4015,64.0806797270352,13.8193963076652,80.074326451208,14.9123651509629,0.00250774450508925
175,4015,9.04714511661713,23.7026618650504,23.9886248209395,26.0717417787727,0.00110635786989231
175,4015,152,11,151,14,0.000590057530609234
175,4015,184.098671462841,175.986959666256,177.224204632351,123.970369312985,0.00737571913261543
175,4015,176.014769896159,166.062909838814,183.722393601539,174.409454100085,0.00309780203569848
175,4015,5.90198008726058,96.3283914698592,49.9846198484953,89.8946189538763,0.00877710576781236
175,4015,226.304002042226,84.7813069726279,171.99722915615,26.6016896790285,0.0250774450508925
175,4015,193.266982962604,69.9865804275887,193.620462809052,77.0190769731784,0.00184392978315386
175,4015,177.789188961297,172.107613524605,151.820973318821,178.242160230307,0.00612184688007081
175,4015,223.846483108521,150.785420556129,229.407720017828,120.889822931828,0.0051630033928308
175,4015,225.280064767844,114.009379887843,224.476040485505,138.015943477636,0.00383537394896002
175,4015,52.8486453716605,91.1174105979631,14.934704648528,97.6192453059171,0.00523676058415696
175,4015,193,8,191,5,0.000663814721935389
175,4015,237.226465995928,120.117388008798,231.052927026724,132.027434574684,0.00582681811476619
175,4015,10.2145308094423,167.694840147371,40.8525829012572,132.747451537303,0.00958843487240006
175,4015,225.915420547411,55.3711122943536,229.265450132323,47.1076137169104,0.00287653046172002
175,4015,226.3715811282,52.7779757015226,222.677343639154,46.595278837115,0.00295028765304617
175,4015,158.806797442129,48.0053407634659,144.379911935862,50.8076182465855,0.00331907360967694
175,4015,224,27,225,30,0.000590057530609234
175,4015,239.17303363006,129.863914514422,229.990274135457,129.120064972796,0.00280277327039386
175,4015,2.8809097453233,139.94814872557,24.8260411665766,137.463528177587,0.00361410237498156
175,4015,69.4112972313661,45.1341845525963,55.1589163488645,21.9025065545132,0.00560554654078773
175,4015,74,3,79,3,0.000663814721935389
175,4015,61.9431000162811,129.773252322184,0,145.317232381338,0.00590057530609234
175,4015,231.285809916414,68.504636501078,217.552763322535,75.0635806653843,0.00147514382652309
175,4015,224.067008272051,69.2409498618441,230.152553884134,67.5485567106956,0.00110635786989231
175,4015,99.6880863217946,36.6734629557339,107.800510635345,40.4307239680259,0.00206520135713232
175,4015,161,66.9999999999999,144,66.9999999999999,0.00206520135713232
175,4015,113,71.0000000000001,79,71.0000000000001,0.00442543147956926
175,4015,238.99030680973,43.979262888892,229.302442363957,48.50768118644,0.00405664552293849
175,4015,64.3467910573798,40.7742032497984,52.5435298272089,22.6461060168372,0.00331907360967694
175,4015,46.1697919979273,42.8031393254236,50.4237128279183,24.8633495688279,0.00295028765304617
175,4015,185,23,183,22,0.000368785956630772
175,4015,12.1433919527273,136.685814267896,0.068919012070042,135.368357982366,0.00398288833161233
175,4015,92,4,94,4,0.000442543147956926
175,4015,60.977047601096,24.90756669279,57.9173910620367,25.6673194216871,0.00118011506121847
175,4015,153.795220965557,50.5143918701592,161.478849142755,63.0969287812647,0.00250774450508925
175,4015,18,79,18,81,0.000442543147956926
175,4015,134.350653838046,14.7620070455015,137.155431050233,18.8945070868984,0.000663814721935389
175,4015,130,73,96,73,0.00324531641835079
175,4015,126.42980176766,180,221.41582298583,171.08489997031,0.0393125829768402
175,4015,217.581927388722,33.341453047141,168.524604943222,22.6033317896934,0.00626936126272312
175,4015,50.2051371120323,116.444058848554,0.0226839103169638,109.827945176822,0.00567930373211388
175,4015,34,0,28,4,0.000368785956630772
175,4015,238.995327110255,127.733485221508,229.980565081972,127.891543957581,0.00191768697448001
175,4015,148.173343571228,2.89872818461266,147.047756884242,0.972099188160456,0.000590057530609234
175,4015,85,9,85,5,0.00051630033928308
175,4015,223,15,223,17,0.000663814721935389
175,4015,226.917365935755,52.6284678620398,210.853575131564,32.8674216838746,0.00508924620150465
175,4015,11,14,9,15,0.000368785956630772
175,4015,165,20,163,21,0.000663814721935389
175,4015,131,4,133,4,0.00051630033928308
175,4015,186.432340883674,134.859564596869,181.843874316833,125.07320160493,0.00221271573978463
175,4015,181.606882497599,163.909469592401,168.066429772443,73.1392633558516,0.0124649653341201
175,4015,127,9.00000000000001,125,6.00000000000001,0.000663814721935389
175,4015,41.7949561796839,70.0824631810511,42.2803619036632,71.2894193374762,0.00051630033928308
175,4015,48,11,46,14,0.000368785956630772
175,4015,216,16,214,18,0.00051630033928308
175,4015,15,54,16,56,0.000590057530609234
175,4015,73,9,75,9.99999999999999,0.00051630033928308
175,4015,77.1109642159705,25.4365548707889,58.0620202810719,21.6850784284226,0.00162265820917539
175,4015,36,65,34,67,0.000442543147956926
175,4015,101,6.00000000000001,103,3,0.000442543147956926
175,4015,154,17,155,16,0.000663814721935389
175,4015,19,27,21,24,0.000368785956630772
175,4015,238,35,238,36,0.000442543147956926
175,4015,160.037159131531,20.9857260856185,158.904365403097,18.0367360589947,0.000368785956630772
175,4015,144.843134716018,17.0363803133451,143.911760547162,13.0204645595391,0.000590057530609234
175,4015,185,0,190,0,0.000663814721935389
175,4015,82,0,81,0.999999999999992,0.000442543147956926
175,4015,172.647880175661,14.7429926983396,171.000340781119,17.0002487313399,0.000885086295913852
175,4015,95,9.00000000000001,94,7.00000000000001,0.00051630033928308
175,4015,108.553034637193,16.7916063607182,106.280970473653,21.6647588555737,0.00051630033928308
175,4015,6,18,9,20,0.000368785956630772
175,4015,135.877494487755,7.04819541948699,137.508294513998,11.1934439661344,0.000663814721935389
175,4015,98,70,79,70,0.00221271573978463
175,4015,158.968723441875,0,155.945088487493,1.91321828244128,0.000368785956630772
175,4015,11.3064774209306,12.4063129433917,19.2535631082646,16.5088149236151,0.000663814721935389
175,4015,130,17,129,15,0.000442543147956926
175,4015,18.9902359344077,43.9275628384424,11.0006083878537,45.0045134773859,0.000368785956630772
175,4015,217.470792124818,25.2465580913936,228.527681790089,32.1555135396206,0.000663814721935389
175,4015,221,4.00000000000001,229,5.99999999999999,0.000368785956630772
176,4038,173.036672137374,24.7585046988083,79.2258213822821,10.5129090739071,0.0453329767317465
176,4038,172.069823279455,10.0515567092373,169.099881082875,14.0737510467615,0.000668627975394491
176,4038,20.9999999999999,18,21.9999999999999,15,0.0314255148435411
176,4038,239,22,239,25,0.000668627975394491
176,4038,90,1.99999999999999,91,0,0.000802353570473389
176,4038,48,11,45,9,0.00106980476063118
176,4038,29,36,32,38,0.000802353570473389
176,4038,172,15,173,15,0.000936079165552287
176,4038,144.944827703438,17.0136405849289,143.955246347807,13.0110647196448,0.00227333511634127
176,4038,158,0,159,0,0.000802353570473389
176,4038,238.980743743679,159.890909020018,159.80010057467,173.867525242538,0.0215298208077026
176,4038,239.08515907267,42.1879941946013,217.902017947997,51.7836982440717,0.00641882856378711
176,4038,216,16,214,18,0.00120353035571008
176,4038,55,13,52,11,0.000936079165552287
176,4038,21,24,21,26,0.00147098154586788
176,4038,127,4,133,4,0.00160470714094678
176,4038,174.35677147906,20.4152768929075,214.141370765853,29.3720531699886,0.0177855041454934
176,4038,76.0999169579842,5.13232662789755,81.2079308026411,1.27537649768992,0.00173843273602568
176,4038,102,8,101,5.99999999999999,0.00106980476063118
176,4038,127,9,125,6,0.000936079165552287
176,4038,16,13,14,14,0.000936079165552287
176,4038,8,34,5,34,0.000802353570473389
176,4038,152,11,151,14,0.00120353035571008
176,4038,158.064668793119,15.136685036614,151.185229405268,18.3915039514432,0.00133725595078898
176,4038,93.9547918722522,7.02314398056561,94.9737175497601,9.01345511411051,0.00133725595078898
176,4038,145,6.99999999999998,147,5,0.000936079165552287
176,4038,9,8,9,10,0.000936079165552287
176,4038,140,0,138,0,0.00106980476063118
176,4038,2.22044604925031e-16,151.195753537705,9.4707136908675,134.696190791752,0.00588392618347152
176,4038,176,20,179,21,0.00106980476063118
176,4038,171.088488451236,22.5554687128867,213.019457637146,30.9022524593432,0.00427921904252474
176,4038,191,5,194,3.99999999999999,0.000802353570473389
176,4038,225.080409202742,30.5550574564468,215.569735831913,31.9328349358798,0.00120353035571008
176,4038,32,41,29,43,0.000668627975394491
176,4038,37,67,33,65,0.00160470714094678
176,4038,223,15,223,17,0.000802353570473389
176,4038,16,56,15,54,0.00120353035571008
176,4038,163,21,165,20,0.00133725595078898
176,4038,17,25,13,25,0.000936079165552287
176,4038,97.2017175430234,2.4237908414315,88.311870816581,6.6552131946275,0.00120353035571008
176,4038,85,7,85,9,0.000802353570473389
176,4038,19,64,20,64,0.00106980476063118
176,4038,22,43,19,44,0.000668627975394491
176,4038,7,12,9,15,0.000668627975394491
176,4038,147,1.00000000000001,145,3,0.000802353570473389
176,4038,198,5.99999999999999,204,4,0.000668627975394491
177,4061,231.747466784568,164.506603405935,238.90984178448,153.938894329489,0.00428031892572388
177,4061,236.021885171893,163.085281895348,239.318059934681,162.239412429393,0.0019303399076794
177,4061,183.389900732176,180,240,169.966737446908,0.0957616449853126
177,4061,21.9999999999999,15,19.9999999999999,18,0.019639110365086
177,4061,27,37,29,36,0.000419639110365086
177,4061,231.707992066459,125.936362155785,231.361621361645,132.968556663405,0.00461603021401595
177,4061,64,13,100,13,0.00839278220730172
177,4061,183.002511160895,116.08908670735,212.035818297269,115.270700803237,0.00889634913973982
177,4061,0,96.706539991523,60.3547660452589,109.133696983732,0.0263533361309274
177,4061,56.5437308188813,2.59638525022592,0,43.4285126389219,0.08762064624423
177,4061,49.4423612960931,178.880724933981,13.3491269894983,156.027977586899,0.00629458665547629
177,4061,169.951651803115,22.2029734340978,213.392458163545,32.5505574323264,0.0288711707931179
177,4061,144.681687031561,17.064457944029,143.864208058657,13.0274976837971,0.00117498950902224
177,4061,43.98109742099,174.294331779016,31.6691097162329,131.673327458429,0.00973562736047
177,4061,79.0055474541242,11.965342902141,212.11652797262,33.2720045519934,0.0453210239194293
177,4061,91,9.84098582803182e-15,97,2.00000000000001,0.00058749475451112
177,4061,137,0,144,0,0.000671422576584138
177,4061,143,49,155,49,0.00167855644146034
177,4061,216.834191122134,52.5610598005158,239.392713864737,44.0396180490824,0.00872849349559379
177,4061,20,64,19,64,0.00109106168694922
177,4061,228.987081408786,132.000323676367,228.761099771589,122.980930582506,0.00377675199328577
177,4061,103,2.99999999999999,101,6,0.00058749475451112
177,4061,239.875881672288,123.505249789756,235.164925061836,131.671983626552,0.00411246328157784
177,4061,191.124252803906,4.9167670751044,193.130881219992,7.91232691407097,0.000755350398657155
177,4061,35,66,37,67,0.000839278220730172
177,4061,223,15,223,17,0.000671422576584138
177,4061,233.764549124861,126.868477775927,238.121841330947,119.068060238981,0.00234997901804448
177,4061,48,11,52,11,0.000755350398657155
177,4061,15,54,13,53,0.000503566932438103
177,4061,95,8.99999999999999,94,6.99999999999999,0.000671422576584138
177,4061,137,10,136,7,0.000671422576584138
177,4061,118.989620393143,20.0990675176761,60.7903126457868,14.0013480237576,0.00788921527486362
177,4061,152,11,151,14,0.000671422576584138
177,4061,76.0306546301381,5.04083149580953,81.1488654578783,1.19828650002131,0.000671422576584138
177,4061,237.603194235729,134.153060738678,239.392981978304,127.099719308182,0.00142677297524129
177,4061,237.503457046743,129.139810721969,236.400584793339,133.111242954149,0.00058749475451112
177,4061,85,7,89,7,0.000419639110365086
177,4061,38.0853246360862,100.020731658385,40.8320274217642,88.7162131641544,0.00302140159462862
177,4061,233,28,236,28,0.000419639110365086
177,4061,220.204995322645,55.0702219426554,220.616557274984,42.1470223618616,0.00344104070499371
177,4061,120,3.00000000000002,121,4.00000000000002,0.000419639110365086
177,4061,216.37156615417,48.9043291786888,211.231269006581,28.9404528761429,0.00327318506084767
177,4061,218,22,222,23,0.000671422576584138
177,4061,142.50035578909,55.7266239276643,152.091261356582,62.3215628799091,0.00302140159462862
177,4061,179.135385164097,21.4360919486178,170.077070798039,24.248254339553,0.00167855644146034
177,4061,225,30,224,27,0.000503566932438103
177,4061,214,18,216,16,0.000671422576584138
177,4061,21,24,21,26,0.000755350398657155
177,4061,18,68,21,70,0.000671422576584138
177,4061,130,2,131,4,0.000503566932438103
177,4061,143.875346351321,64.9634823936759,159.993680651117,67.0488439885465,0.00436424674779689
177,4061,163,21,165,20,0.00058749475451112
177,4061,73,9.00000000000001,75,10,0.000503566932438103
177,4061,225.28144496424,138.232182719422,239.238878956793,143.348308144409,0.00268569030633655
177,4061,18,79,19,80,0.000419639110365086
177,4061,29,3,31,2,0.00058749475451112
177,4061,222.855746713676,123.380417387712,226.347873220952,133.884346391178,0.00142677297524129
177,4061,227.074053736715,130.897096981638,223.675298279568,128.45119650381,0.00134284515316828
177,4061,159.004733575621,0.00189060614929154,157.007306228642,5.00291813248688,0.000503566932438103
177,4061,222.197784089285,103.517943469196,234.796842791794,125.275758045449,0.00495174150230802
177,4061,226.366629729525,107.741167933331,230.052884915902,112.962664478693,0.00184641208560638
177,4061,176,15,172,15,0.000503566932438103
177,4061,124.1243160957,8.91357733323443,130.297353781085,17.7932841552865,0.000755350398657155
178,4085,32.1248610699286,135.957266094531,37.2446088174628,150.916282232018,0.00403288351171087
178,4085,80.9187286031399,17.5588409359039,61.8849960419178,14.790793834613,0.00651465798045603
178,4085,120.468339954784,20.7056241374124,122.63271449153,16.7966369875928,0.00170621994726229
178,4085,0,100.098372908116,47.8754843722895,109.625699746594,0.0241973010702652
178,4085,178.435600520663,128.150136689748,175.240250376877,116.138056494825,0.00372266170311773
178,4085,177.587948374234,153.410237058587,172.876545603252,116.758777352229,0.0133395377695052
178,4085,0,138,7,138,0.00310221808593144
178,4085,32,134,50,134,0.00341243989452459
178,4085,15.243597781455,133.577625004565,0,150.923199831994,0.0111679851093532
178,4085,83.7229911559412,168.12142413138,51.4960080816013,50.4449764874018,0.164882891267256
178,4085,81.1338936600954,1.1645670969059,76.1672107585664,5.20551674432611,0.00170621994726229
178,4085,158,15,159,18,0.000930665425779432
178,4085,157.93581660452,178.673823196926,238.947417164026,162.732776659661,0.0184581976112921
178,4085,107.419780745478,19.7485924117203,109.559951876307,14.8093282209401,0.00325732899022801
178,4085,191,5.00000000000003,193,8.00000000000001,0.000930665425779432
178,4085,223,15,223,17,0.001085776330076
178,4085,238,129,224,129,0.00372266170311773
178,4085,212.165234858641,32.2289072931527,170.916461103304,23.3898465161066,0.00992709787498061
178,4085,137.626492975227,19.3081574702581,135.652655284045,23.3210261076096,0.00155110904296572
178,4085,139,9.99999999999999,136,6.99999999999999,0.000930665425779432
178,4085,91.561286702872,0,99.3061810177449,17.8672803258014,0.00372266170311773
178,4085,100.699060852359,6.8163586525993,103.020335437136,3.01240924321413,0.00124088723437258
178,4085,140,0,138,0,0.000930665425779432
178,4085,54.4120694597533,14.0397494455574,51.2819730258882,12.2698237242698,0.00139599813866915
178,4085,165,20,163,21,0.00170621994726229
178,4085,172,15,173,15,0.00077555452148286
178,4085,130,1.99999999999999,131,3.99999999999999,0.00124088723437258
178,4085,144.112796966157,12.955201804862,148.431294754864,23.8287079231948,0.00248177446874515
178,4085,161,11,163,8,0.001085776330076
178,4085,216,16,214,18,0.001085776330076
178,4085,18,68,21,70,0.00077555452148286
178,4085,152,11,149,14,0.00139599813866915
178,4085,45,9,48,11,0.001085776330076
178,4085,21.0254856529662,23.9972413779329,21.572009533001,29.046326611617,0.00124088723437258
178,4085,115.789616100733,0.646272576656639,116.876221749336,0,0.00124088723437258
178,4085,32.5432559428745,72.2316192746794,36.4054845470163,63.1728799066176,0.00124088723437258
178,4085,125,5.99999999999999,127,8.99999999999999,0.00077555452148286
178,4085,15,54,13,53,0.00124088723437258
178,4085,136,17,140,18,0.00077555452148286
178,4085,18.992358651398,64.0587518231901,26.0038144321405,64.97067208233,0.00232666356444858
178,4085,32.0326309815803,35.1517705421815,24.9309102113325,36.6786552479433,0.00124088723437258
178,4085,162.552350882724,22.8996753829781,163.639275457285,28.8838870952694,0.00201644175585544
178,4085,16,49,18,52,0.00077555452148286
178,4085,89.0556471909739,7.09596155935943,94.0992810207233,4.17120651369209,0.00077555452148286
178,4085,197,28,199,31,0.00077555452148286
179,4108,188.924659648519,108.548626543959,169.512598967397,154.795413714122,0.00883865826269651
179,4108,17,25,21,24,0.000652032166920235
179,4108,156,11,152,11,0.00079692820401362
179,4108,120,1,120,3,0.000507136129826849
179,4108,9,20,10,18,0.000362240092733464
179,4108,117,4.04718885072007e-16,116,4.04718885072007e-16,0.000362240092733464
179,4108,218.036945297948,13.0339409327652,211.803338451762,19.81933082809,0.000869376222560313
179,4108,223,15,223,17,0.000579584148373542
179,4108,21,70,18,68,0.000579584148373542
179,4108,78.0488414790602,68.0142780613863,130.069771841233,70.5918601171812,0.0147793957835253
179,4108,144.49450716669,6.95659993926351,143.805360332753,14.9832888365104,0.000941824241107006
179,4108,75,10,73,9.00000000000001,0.000507136129826849
179,4108,37,39,38,37,0.000362240092733464
179,4108,233,28,233,30,0.000434688111280156
179,4108,101,6,103,2.99999999999999,0.000724480185466928
179,4108,106.022182308755,35.608167915946,98.9881139711471,35.2099568402938,0.00210099253785409
179,4108,34.9487995847427,50.0141060379668,36.0436271005689,53.9879804580898,0.000434688111280156
179,4108,19,64,17,65,0.000434688111280156
179,4108,137,10,136,7.00000000000001,0.000507136129826849
179,4108,55.7586726536536,12.5775455012784,54.1985511190839,9.7757726518101,0.000579584148373542
179,4108,48,11,45,9.00000000000001,0.000362240092733464
179,4108,161,11,158,10,0.000362240092733464
179,4108,124.870727331082,5.84416656208418,129.798107210471,1.75662568317058,0.000507136129826849
179,4108,94,6.99999999999999,95,9,0.000362240092733464
179,4108,97,1.99999999999999,94,3.99999999999999,0.000434688111280156
179,4108,153.857990709733,16.7052716784082,157.886410078494,14.7642536847254,0.000507136129826849
179,4108,191,5,193,8,0.000507136129826849
179,4108,31,2,29,5,0.000362240092733464
179,4108,15,54,13,53,0.000507136129826849
179,4108,131.246047490595,6.93978972258791,130.035128055603,1.99140381408602,0.000652032166920235
179,4108,76,5,74,3,0.000434688111280156
179,4108,139.300365652098,0,135.933489440217,0.661453332045607,0.000507136129826849
179,4108,76.7980931240432,1.2847917570741,84.9529874233661,7.0663117302999,0.000434688111280156
179,4108,171,17,172,15,0.000434688111280156
179,4108,9,10,9,15,0.000362240092733464
180,4131,101,6.00000000000001,103,3,0.000428701570119501
180,4131,18,14,22,15,0.01291463479985
180,4131,215.368462706936,25.2915741545335,79.3019262445674,6.78065777399476,0.0525159423396388
180,4131,62.1738960139814,106.239801902104,0,92.0174660130106,0.018005465945019
180,4131,225.237646497508,48.6105999499748,210.030053893651,24.1185781417634,0.00589464658914313
180,4131,230.447486939726,46.2791202614337,215.586962296651,37.0544322316607,0.00380472643481057
180,4131,162.906167537698,49.3398889608663,143.420799020706,39.1920064157627,0.00476930496757944
180,4131,171.045469494316,16.7509372109398,205.362224648787,23.0158855370805,0.0103960130753979
180,4131,109.062802070649,178.996876259389,103.438839601557,65.928432905962,0.0132897486737045
180,4131,209.252873279124,53.44468822524,168.06249371224,49.3684942937121,0.00852044370612507
180,4131,238.890232188602,156.46576694021,129.008811570165,179.04288535984,0.0293124698569209
180,4131,209.105598162529,26.0929801299394,59.1588365096264,8.63569718570682,0.0176839397674294
180,4131,72.3527050400381,11.2259919738351,69.2755237393137,10.6141924002881,0.00150045549541825
180,4131,142.02059725333,159.928231477491,142.860286511506,171.86918442712,0.00203633245806763
180,4131,166.895796360899,28.0091637186653,177.713882971139,151.02516127057,0.0174695889823696
180,4131,190.331390466634,172.96247525429,189.272582958047,78.963137661422,0.0131825732811746
180,4131,187.616124359686,170.023859645158,184.566874965376,120.964766101044,0.00632334815926263
180,4131,79.3472949539929,160.460250795669,64.00950094393,179.007856729403,0.00246503402818713
180,4131,72.2542544202384,156.746773089962,71.4143604375732,165.853764088783,0.00176839397674294
180,4131,142.93562147444,23.9325964231982,152.447632458404,155.967751885123,0.0166657735383956
180,4131,162.187965227748,61.2976323405246,144.186596445836,59.310029155022,0.00321526177589625
180,4131,154.822078425523,71.3819015844139,153.434880523673,60.5597138781127,0.00203633245806763
180,4131,34.1610638842109,131.942680736826,39.8895198200882,148.039317582206,0.00423342800493007
180,4131,183.086585989205,58.9056832413491,184.221516876952,71.9807721118916,0.00208992015433257
180,4131,193.349308626306,138.335899958504,198.730027193073,132.740390451839,0.00139328010288838
180,4131,218.02718504896,133.647720357113,186.999518183544,133.023967239709,0.00310808638336638
180,4131,70.1526492773632,30.9602427795856,46.0630538908244,29.1574501281248,0.00450136648625476
180,4131,14.9711332885886,74.990703079503,3.2447349410432,111.400883967066,0.00412625261240019
180,4131,12.8794920485131,71.9230516774513,0,92.0934875173792,0.00380472643481057
180,4131,36.0541762564938,88.1268856214516,55.4904678206912,111.593773333612,0.00391190182734044
180,4131,38.3588452275737,105.900157745314,33.8677370321941,89.7585677191403,0.00225068324312738
180,4131,211.187277296542,70.7901799932245,144.07604809618,65.1026536183554,0.012003643963346
180,4131,240,148.688459209331,215.013519400705,180,0.0247575156744012
180,4131,140.23423835426,170.916334326404,77.2433678919823,163.835122586218,0.00986013611274851
180,4131,131.959680152448,66.838181610892,79.1300313907569,64.296866749526,0.0139328010288838
180,4131,108.244196846136,24.2251952307955,100.122763950989,23.1077606072761,0.00192915706553775
180,4131,204.972537338636,30.5769437600656,164.977544127907,30.7479478605693,0.00632334815926263
180,4131,59.0521286703252,177.955011790274,8.3021981470211,119.150129058177,0.0232570601789829
180,4131,11.9283496797931,67.837304989178,0,73.090508942875,0.00182198167300788
180,4131,104.108586028682,119.361430416522,94.1097822938775,122.365412205276,0.00150045549541825
180,4131,49,22,74,22,0.00235785863565725
180,4131,143.690699353191,13.0678871302707,144.574252656005,17.093445538192,0.000589464658914313
180,4131,166.495409110861,178.881989056489,143.563696488662,165.762627567383,0.00267938481324688
180,4131,193,7.99999999999999,191,4.99999999999999,0.000321526177589625
180,4131,17.8971560188192,102.16277585688,15.3562308384117,84.9474215927555,0.00289373559830663
180,4131,172.894912003147,14.9139645098076,171.112003402422,17.091697129255,0.000482289266384438
180,4131,27.4104800852153,90.2607480780639,32.1884844268308,99.3770990417127,0.00219709554686244
180,4131,21.3458016872493,103.758766785531,25.7198910508999,91.8967108583501,0.00166121858421306
180,4131,98.5246962373928,179.236401340012,102.195843172404,171.088236936134,0.00176839397674294
180,4131,168.154567655665,137.970526371152,152.019674823599,136.74166952669,0.00273297250951182
180,4131,75.0672621804804,18.2187042333831,48.1313832532037,17.5672934875171,0.0030009109908365
180,4131,68.4045011749255,28.6267309471003,59.3199036112527,18.7820080597246,0.001714806280478
180,4131,7.8576264546775,17.0532454683776,9.41541338651863,21.2186262059541,0.000428701570119501
180,4131,129.170548865822,0.901754117188649,130.966448989912,4.01932729713226,0.000482289266384438
180,4131,138,0,140,0,0.000428701570119501
180,4131,49.9415634322662,157.713246035803,43.3092037133183,112.806640695588,0.00503724344890413
180,4131,8.70365764393451,87.2021462228913,15.6175547033849,93.299775456269,0.00150045549541825
180,4131,125,6.00000000000001,127,4.00000000000001,0.000267938481324688
180,4131,7.24983268003806,76.9555142779968,0,63.6763613401716,0.00364396334601575
180,4131,7.36810549617955,78.1064038464706,6.00299439571485,69.9994957778237,0.00107175392529875
180,4131,211.281811534595,71.871076675105,219.337682630241,151.966036218059,0.00964578532768876
180,4131,47.7173347543866,80.0403068918739,43.4649251258474,50.2188953114365,0.00326884947216119
180,4131,180.230694786643,131.584935860076,172.134344770425,141.708091333171,0.0012861047103585
180,4131,176.95623603859,135.95003463112,181.768175048553,131.735325166154,0.000964578532768876
180,4131,177.557053844936,124.051079552042,211.168741899973,108.361494591342,0.00455495418251969
180,4131,165.617475035502,93.3514506159547,146.655839718163,126.665765370937,0.00401907721987032
180,4131,210.189839602381,64.4235021402624,167.12888935836,61.2507171749661,0.00905632066877445
180,4131,24.2737778456168,96.4781831503756,21.6076102478274,84.8605575008429,0.00219709554686244
180,4131,19.3948140895147,103.038439362089,18.3113340173199,85.9802251162577,0.00176839397674294
180,4131,72.0722598691663,1.90822187090157,75.9996802615218,5.0004061036875,0.000375113873854563
180,4131,182.852491335728,169.45376714062,152.626324690764,177.616259365839,0.002572209420717
180,4131,23.9530808945633,102.68017335061,32.6641339114026,90.4739641622755,0.00133969240662344
180,4131,29.8893563178362,96.2694916043189,30.3775597094434,91.0352151692735,0.000589464658914313
180,4131,185.030652746771,164.348296682616,148.140365172556,167.594921470529,0.00450136648625476
180,4131,37.8639878872144,88.6754891959601,60.9288361110372,86.3069930474699,0.00305449868710144
180,4131,18,68,21,70,0.000482289266384438
180,4131,236.875608578604,45.0264425032673,233.245135768224,27.9478902702498,0.00150045549541825
180,4131,178.833854750614,140.064798700758,184.910312850303,155.644966737231,0.00225068324312738
180,4131,148.94891394441,51.8940909649676,144.110051923083,54.2281540988533,0.000857403140239001
180,4131,45.3140679151947,34.0585472898125,46.8465668332753,52.013096188789,0.002572209420717
180,4131,233.314883151002,49.5060529410524,240,41.6209669538201,0.00251862172445207
180,4131,240,80.212615213352,236.853549485071,43.3890281939589,0.0201489737956165
180,4131,94.1933328131358,6.89469861723597,97.4000045860895,12.7821319860608,0.000803815443974064
180,4131,70.169298596007,52.7657546772562,48.0370456529855,49.7299243761986,0.0030009109908365
180,4131,46.003783480279,81.5890540965746,43.8049265396967,86.9195309073964,0.000589464658914313
180,4131,43.9307757243821,83.7264546163079,46.9880481795066,82.9527714043449,0.000535876962649376
180,4131,42,133,35,133,0.000696640051444188
180,4131,149.608680804465,0,129.333702500651,5.56485562183911,0.0103960130753979
180,4131,180,112,146,112,0.00267938481324688
180,4131,161,11,158,13,0.000267938481324688
180,4131,81.9444140768951,179.451357972006,76.110602655774,165.807887387409,0.00294732329457157
180,4131,72.793498438553,170.101835734365,77.3417008607834,179.32463859258,0.00139328010288838
180,4131,214.203772525711,18.1710970911991,218.320040305722,13.2687210416829,0.000482289266384438
180,4131,45,69,45,82,0.00139328010288838
180,4131,227,4,229,6,0.000267938481324688
180,4131,97.427279026947,178.03241465786,98.3438699451619,165.950224022482,0.00192915706553775
180,4131,103.56531165041,40.9877368321331,104.016335123781,25.0004608367472,0.00144686779915331
180,4131,201.667316065259,43.9295427903767,197.847134672595,61.9676255349527,0.00230427093939232
180,4131,48,11,45,9.00000000000001,0.000428701570119501
180,4131,223,15,223,17,0.000482289266384438
180,4131,222,23,218,23,0.000375113873854563
180,4131,147,5.00000000000002,145,7,0.000267938481324688
180,4131,190,0,189,0,0.000375113873854563
180,4131,225,30,224,27,0.000375113873854563
180,4131,137,10,136,7.00000000000001,0.000321526177589625
180,4131,35.0258540569713,65.9162075908363,22.0289913492811,61.9060396979914,0.000964578532768876
180,4131,94,3.99999999999999,97,1.99999999999999,0.000428701570119501
180,4131,157,4.99999999999999,160,5.99999999999999,0.000321526177589625
180,4131,215,29,221,29,0.000375113873854563
180,4131,19,64,20,64,0.000696640051444188
180,4131,43,35,51,35,0.000535876962649376
180,4131,142.766272677937,176.034932894211,138.533372460849,150.743368479859,0.00471571727131451
180,4131,154,8,152,11,0.000428701570119501
180,4131,35.9028462868638,145.34992726954,0,135.381870668773,0.00337602486469107
180,4131,202.966220855098,1.00496272436088,203.418787403094,4.08538990320556,0.000321526177589625
181,4154,152.123902098996,104.921180788665,149.252857643692,63.9822671030922,0.0116130764583473
181,4154,150.226822811013,60.8844733069111,146.551416553945,21.8539071637145,0.0146338188897093
181,4154,110.397935530671,152.98166679998,106.665634210261,71.9693337131866,0.0125528629925488
181,4154,0,71.5621001882078,38.3040805493215,111.709883713823,0.00899509968450024
181,4154,80.9376711149685,4.4464107662635,216.232254969533,23.336547832276,0.0285292340739746
181,4154,48.9050983392124,155.057333756525,50.4838006784504,19.9939663500763,0.0472578371484191
181,4154,47.3943711382229,20.0293611076757,47.8788481713542,63.0239018565349,0.00396052896556354
181,4154,101,6,103,2.99999999999999,0.000469893267100759
181,4154,138,0,140,0,0.000402765657514936
181,4154,37.1062013771717,66.7023843534094,26.0825397001445,62.7686931480354,0.0014768074108881
181,4154,233,28,233,30,0.000335638047929113
181,4154,233.479278780331,158.969468940157,228.446944905606,79.9715286755441,0.0119487145062764
181,4154,236.428476333021,62.9800593775591,239.546296997441,129.974576186998,0.0108075451433174
181,4154,21,24,21,26,0.000604148486272404
181,4154,13,25,17,25,0.000335638047929113
181,4154,110.446756134698,34.8294253963459,113.795512463547,20.9133499169615,0.00349063569846278
181,4154,16,56,15,54,0.00114116936295898
181,4154,223,15,223,17,0.000738403705444049
181,4154,45,9,48,11,0.000402765657514936
181,4154,167,9.00000000000002,165,7.00000000000002,0.000402765657514936
181,4154,47.0905854005755,64.0752846114477,42.0985469081645,70.0819013399886,0.000604148486272404
181,4154,214.251764178816,18.2048848648732,218.293263960004,13.2386572510038,0.000537020876686581
181,4154,81,0.999999999999992,79,2.99999999999999,0.000469893267100759
181,4154,125,5.99999999999999,127,8.99999999999999,0.000402765657514936
181,4154,35.0465145793566,130.43700026899,41.943033103945,145.48442777193,0.00181244545881721
181,4154,65.9898460867575,9.19354056970487,61.6625577544711,31.3250731394227,0.00328925286970531
181,4154,190,18,186,17,0.000335638047929113
182,4177,183.412756079651,17.6120744721829,174.44483568721,23.6596452042267,0.0037832214130332
182,4177,181.442241921386,17.8790782838764,170.656554244261,23.3050833727123,0.00558025158422397
182,4177,84.871282522404,6.81096197423352,223.706807327389,28.8472091984087,0.0633689586683061
182,4177,238.484744753641,128.006786403019,238.568923962006,121.993964956394,0.00340489927172988
182,4177,236.779868915081,86.9966159654396,236.133890675807,129.017431092188,0.00955263406790883
182,4177,170.974698740024,63.1885270044994,213.873081961143,68.9457030086668,0.0121063085217062
182,4177,159.518212852253,164.946371252956,160.962287185955,178.900414943676,0.00491818783694316
182,4177,138.933448795744,17.0173910763505,136.295535482198,6.92277104234828,0.00132412749456162
182,4177,149,111,171,111,0.00425612408966235
182,4177,218.017936133423,111.521333703772,177.02363426106,112.004645988356,0.00898515085595385
182,4177,49,53,45,54,0.00151328856521328
182,4177,157.018435937873,43.02893109168,149.774001921229,47.6453464325323,0.00312115766575239
182,4177,162.400565983089,175.215484241857,239.239173479427,161.32284092287,0.0423720798259718
182,4177,240,154.904372992417,228.771382360764,164.151059707607,0.00510734890759482
182,4177,240,44.4538929391625,224.703454331475,54.113912942556,0.00907973139127967
182,4177,162.028215787446,163.327436723166,171.438170214245,177.713389739098,0.00435070462498818
182,4177,160.473290239644,164.808416765009,165.143822168868,176.346572366966,0.00349947980705571
182,4177,219.633813586923,28.5004313926789,217.871889933024,33.3188209423024,0.00236451338314575
182,4177,234.841919533125,160.485459220561,239.913185103908,157.611198195682,0.00170244963586494
182,4177,192.486324072035,172.451094736143,183.609575661513,162.342858900653,0.00312115766575239
182,4177,96.1130697909881,180,210.629484642436,171.095431656936,0.0496547810460607
182,4177,168.777770853803,163.460193485645,166.603481151628,168.383217153579,0.00226993284781992
182,4177,182.896242029818,20.6188225928129,216.945040487193,26.3277838623385,0.00983637567388631
182,4177,87,9.99999999999999,65,9.99999999999999,0.00453986569563984
182,4177,66,8.99999999999999,98,8.99999999999999,0.00520192944292065
182,4177,149.360885524647,53.2735807770568,158.952696623222,58.0869898896818,0.00321573820107822
182,4177,130,2.00000000000001,131,4.00000000000001,0.00047290267662915
182,4177,234.077869224959,129.060682783657,234.692040220206,118.151558733189,0.00482360730161733
182,4177,54.0285880862523,86.2182800371373,3.11607589393561,92.8862800474095,0.00813392603802138
182,4177,61.8980015721896,13.765316417808,69.7236375836838,10.3641301808604,0.00113496642390996
182,4177,94,4,97,2,0.000945805353258299
182,4177,225,30,224,27,0.00056748321195498
182,4177,184.028035533717,121.707070698849,193.937267687854,122.655458624112,0.00264825498912324
182,4177,213.789203559569,28.2310714563496,216.968155126834,31.1310907199478,0.00264825498912324
182,4177,42.4682810555262,154.426234322503,35.5083788723161,129.415076227322,0.00595857372552729
182,4177,45.8066090582125,102.786277651125,50.2673463302534,98.2101955447779,0.00302657713042656
182,4177,176.301802337781,169.741075821825,59.7457665301051,158.947058481724,0.0257259056086257
182,4177,207.512950929872,45.5215529607212,196.424664881816,49.2596723596976,0.00208077177716826
182,4177,169.620058875491,51.1258734106819,209.767462134586,58.3011122860134,0.010025536744538
182,4177,156.742218110963,44.3079482789988,162.143126299215,48.829020193438,0.00217535231249409
182,4177,15,54,13,53,0.00047290267662915
182,4177,53.0122674465541,20.2100815681823,79.9787102509409,18.6354103644279,0.0028374160597749
182,4177,10.7725610446263,94.0490618228163,55.0750274772445,103.653935879585,0.0116334058450771
182,4177,171.089218861712,136.584016264002,154.426744077248,133.010301945554,0.00293199659510073
182,4177,35.0032338835751,65.9947736037833,31.9389262919146,64.0987034287002,0.000945805353258299
182,4177,151,14,152,11,0.00066206374728081
182,4177,19,73,21,70,0.00056748321195498
182,4177,80.9008814494569,0.879832275762791,75.9618353664049,4.95373058685443,0.00075664428260664
182,4177,103,2.99999999999999,101,6,0.00066206374728081
182,4177,2.72833656372796,129.698917152219,37.8619829185949,143.355080929613,0.00595857372552729
182,4177,21,24,21,26,0.000945805353258299
182,4177,48,11,45,9.00000000000001,0.00056748321195498
182,4177,125,5.99999999999999,127,8.99999999999999,0.00056748321195498
182,4177,138,0,140,0,0.00085122481793247
182,4177,190.038798116684,3.9715501558167,192.9953019307,8.00344499555604,0.00047290267662915
182,4177,43.0453132842892,35.1591845137127,49.1222155443103,33.4293403644059,0.00085122481793247
182,4177,169.38002286874,20.1912602316884,171.994184970729,14.9970733765329,0.00104038588858413
182,4177,216,16,214,18,0.00075664428260664
182,4177,148.720218219255,13.8905542491383,147.09772109318,18.0382267865677,0.00056748321195498
182,4177,223,15,223,17,0.00075664428260664
182,4177,134,16,133,12,0.00066206374728081
182,4177,45.1070487096783,42.3160051577571,54.0922173899325,39.2722234666925,0.00122954695923579
182,4177,52.1159629043218,87.7372136329717,14.11248745413,93.7151190737067,0.00529650997824648
182,4177,59.0214742932859,68.3466849698397,41.9630402648909,69.4033151880254,0.00217535231249409
183,4200,228.041418673763,117.497028322418,237.150064169493,129.413985876321,0.00643382352941176
183,4200,239.024319679452,160.137573145071,187.855573315879,169.182997736207,0.0175551470588235
183,4200,197.036887233634,171.980464736235,196.678818986938,97.9870366863227,0.0319852941176471
183,4200,185.489664376949,100.956967206983,189.452375601006,146.048126448487,0.0111213235294118
183,4200,225.386724450224,28.2593327021461,176.57438044244,17.4146831106695,0.0206801470588235
183,4200,40.7618025315162,102.501928444848,51.7097553074168,75.2855028690822,0.00533088235294118
183,4200,58.8864768977964,79.1348242604542,46.9377645179994,69.0739131742515,0.00220588235294118
183,4200,187.089969856805,146.906403197442,185.192676665719,124.811712660058,0.00836397058823529
183,4200,182.224846739544,157.986043463905,179.365172072324,111.915261954243,0.0157169117647059
183,4200,154.380331537424,111.983198062626,156.322284799296,155.941585316488,0.0159926470588235
183,4200,231.985169064769,104.000693169402,234.088157583738,148.99587968401,0.0141544117647059
183,4200,81.6127326832623,178.917501988685,79.9521892068918,25.6862495857716,0.173069852941176
183,4200,18.3669243850566,99.0069218642743,18.2577199003326,89.0190495828509,0.00266544117647059
183,4200,178.79954421135,107.941064696808,175.856224583826,68.010597847653,0.0113051470588235
183,4200,42.5301277641448,145.779583635869,36.328319394748,130.863491459684,0.00330882352941176
183,4200,137,10,136,7.00000000000001,0.000919117647058824
183,4200,147,5,145,7,0.000643382352941176
183,4200,21,24,21,26,0.000735294117647059
183,4200,171.81785214006,14.3710901083793,168.447582531227,20.7061105279732,0.0015625
183,4200,238.988845904292,40.9722902423312,222.102234705211,47.7697108386436,0.00707720588235294
183,4200,148.255746328765,27.9828490072095,153.55235130948,106.962957930335,0.0152573529411765
183,4200,98.6053821361313,9.75544029515249,102.849708692537,2.90685875841007,0.000827205882352941
183,4200,224.340051950637,46.9127002538072,218.849357848176,25.5252241004269,0.00533088235294118
183,4200,214.098646571451,32.1293055386921,218.705880352889,28.614469120923,0.00193014705882353
183,4200,125,6,127,9,0.000643382352941176
183,4200,44.4987988953855,45.3060003334101,49.87753173638,36.538343220874,0.000827205882352941
183,4200,93.6777358159826,4.02254955888197,93.956261231856,8.00306050121796,0.000919117647058824
183,4200,47,34,43,35,0.000551470588235294
183,4200,130,2,131,4,0.000643382352941176
183,4200,191,5.00000000000001,193,7.99999999999999,0.000827205882352941
183,4200,140,0,138,0,0.000643382352941176
183,4200,101.200046283066,7.82753091169201,221.121400632026,28.2884722166807,0.0237132352941176
183,4200,74,3,76,5,0.000643382352941176
183,4200,145.507630652972,13.0209573287805,145.452231241098,17.006286393014,0.000643382352941176
183,4200,15,54,16,56,0.000735294117647059
183,4200,239.934793995089,95.4646396742374,232.170752014894,111.084872347269,0.003125
183,4200,173.089276574548,62.2202118333675,216.09797875636,67.1442024385727,0.00863970588235294
183,4200,45,9.00000000000001,48,11,0.000643382352941176
183,4200,13,53,14,55,0.000459558823529412
183,4200,238.674336551629,123.286056979902,232.197405448373,126.240494040796,0.00238970588235294
183,4200,167.993175024048,60.0997802114815,151.695913995126,51.5818010218555,0.00349264705882353
183,4200,149,14,151,14,0.000643382352941176
183,4200,81,1,79,3,0.000551470588235294
183,4200,232.851530519734,28.0369141759748,233.846374863302,32.0381960340944,0.000643382352941176
183,4200,223,15,223,17,0.000459558823529412
183,4200,214.43208267735,18.3503321431432,218.464660498181,13.3767462032045,0.000551470588235294
183,4200,185,6.00000000000001,183,10,0.000459558823529412
183,4200,65,16,62,14,0.000459558823529412
184,4223,63.640907528686,22.2269527027798,67.97388618154,9.99075279753453,0.00381585425898572
184,4223,150.646750866649,53.8446326730061,155.511059861581,42.7849525584235,0.00443131462333826
184,4223,129.494571813335,2.5107057378498,132.01009871088,5.0002375838885,0.00110782865583456
184,4223,43.0006033138888,35.2656975920296,56.0028069535559,35.2361737639018,0.00270802560315116
184,4223,223,15,223,17,0.00147710487444609
184,4223,0,94.668853654592,49.822002296234,103.954993384124,0.0148941408173314
184,4223,68.9434513841649,11.6169010630844,87.9551707962649,12.2818065677842,0.00812407680945347
184,4223,99.8803490756854,7.92439118201104,102.994375407299,2.99644575411143,0.000984736582964057
184,4223,84.9633673624975,7.24876238435244,220.527030759493,27.2118068480832,0.0374199901526342
184,4223,197.741515084198,165.83958413012,162.611715481653,180,0.017479074347612
184,4223,147,5.00000000000003,145,7.00000000000002,0.000984736582964057
184,4223,21,70,18,68,0.00086164451009355
184,4223,172.726045697151,14.7851736466031,170.12699073344,18.0995821416069,0.00110782865583456
184,4223,185.904587987998,171.529290681999,239.149321783478,160.736669874041,0.0251107828655835
184,4223,91,4.92049291401591e-15,97,2,0.0017232890201871
184,4223,21,24,21,26,0.00135401280157558
184,4223,48,11,45,9,0.000984736582964057
184,4223,46.2678700520908,79.1098586890245,55.4657963059384,61.2115729601097,0.00443131462333826
184,4223,46.6132577141003,68.5564933890887,52.4983068522848,63.424670547357,0.00184638109305761
184,4223,17,25,13,25,0.00086164451009355
184,4223,214.090009212931,18.0772926563638,218.258995697032,13.2224046267995,0.00147710487444609
184,4223,154,8.00000000000001,152,11,0.000738552437223043
184,4223,60.8052984156061,65.3471963288025,85.9672028489243,6.98585983751117,0.0121861152141802
184,4223,224,27,225,30,0.000615460364352536
184,4223,138,0,140,0,0.00123092072870507
184,4223,0.859707331235073,133.578835957665,47.7701056200283,144.948525213501,0.00947808961102905
184,4223,61,91.0000000000001,28,91.0000000000001,0.00615460364352536
184,4223,18.831283510753,63.8802037370279,21.7250311926949,59.8047598329242,0.000738552437223043
184,4223,159.36191251583,56.7506140787238,168.620346511921,52.2866115571258,0.00233874938453964
184,4223,136,7.00000000000001,137,10,0.00135401280157558
184,4223,193,7.99999999999999,191,4.99999999999999,0.000738552437223043
184,4223,44.2194935659161,54.4701532148004,50.0611295620468,64.1679162780445,0.00246184145741014
184,4223,125,6.00000000000001,127,4.00000000000001,0.00086164451009355
184,4223,76,5,74,3,0.00110782865583456
184,4223,38,37,37,39,0.000738552437223043
184,4223,44.2979472215764,45.2102234268151,51.0027835774875,35.7075367204231,0.00184638109305761
184,4223,224.133194765076,48.3083812695781,239.322939018442,41.747689629144,0.00529295913343181
184,4223,136.032743244869,16.9800209033031,132.995672217817,12.0026407028094,0.000615460364352536
184,4223,72.8073610385351,9.69346690999883,74.9219720509705,10.2808871076525,0.000615460364352536
185,4246,23.9293575490396,138.47103478148,1.97327227165262,135.178217056606,0.00828682563842381
185,4246,166.273400724736,179.805530462991,202.206881566488,167.609542656475,0.0135295112464062
185,4246,45,54,47,57,0.00135295112464062
185,4246,76.1300807486037,5.16132042830748,81.1145661811773,1.14207994353861,0.00186030779638086
185,4246,21,24,21,26,0.0015220700152207
185,4246,95.0733899939044,9.88018835726563,90.1013283478569,6.83457805122424,0.00253678335870117
185,4246,53.0740245109549,105.589061359412,0.789114112659462,96.1707089819985,0.0170810079485879
185,4246,108.250416159796,10.1600261574267,94.2979824033809,6.00047415234407,0.00321325892102148
185,4246,154.747239371031,15.3611526296804,151.811195842765,16.5228013166154,0.00101471334348047
185,4246,149.787604461799,15.8982152912521,153.652427872389,7.83343563580771,0.0015220700152207
185,4246,101,6,103,2.99999999999999,0.0015220700152207
185,4246,137,10,136,7.00000000000002,0.0015220700152207
185,4246,21,70,18,68,0.00135295112464062
185,4246,193,7.99999999999999,191,4.99999999999999,0.000845594452900389
185,4246,15,54,16,56,0.00101471334348047
185,4246,225.234113729111,28.8789792907748,209.302439327437,25.5518117599146,0.00236766446812109
185,4246,43,35,51,33,0.0015220700152207
185,4246,145,6.99999999999998,147,5,0.000845594452900389
185,4246,94,4,97,2,0.00118383223406054
185,4246,117,3.46143100848938e-16,116,3.46143100848938e-16,0.00101471334348047
185,4246,127,4,133,4,0.00135295112464062
185,4246,0.509601237681463,62.8735832941027,12.9128384766577,82.2554753244967,0.00794858785726366
185,4246,223,15,223,17,0.00135295112464062
185,4246,218.282871101445,13.2369208366361,214.172505173234,18.1444830163203,0.00135295112464062
185,4246,222,23,218,22,0.00118383223406054
185,4246,140,0,138,0,0.00101471334348047
185,4246,45,9,48,11,0.0015220700152207
185,4246,172,15,171,17,0.000845594452900389
185,4246,16.0879401578516,71.7838531488638,19.0109484205987,72.973090034233,0.00101471334348047
185,4246,41.9821010467421,69.715438579284,57.9816999317322,68.7090615663129,0.00338237781160156
186,4269,10.0260904825272,63.9926786470637,21.5673823624529,105.121398537097,0.016636690647482
186,4269,0.0225650738361073,98.5425297068592,58.0074728757376,98.1731795999578,0.0358588129496403
186,4269,4.01790343440245,62.7800193150235,15.0386245229938,113.775541248531,0.0132643884892086
186,4269,139.466907195075,0,130.012191919931,2.05606398082838,0.00112410071942446
186,4269,84.8228567243689,8.3011212734375,211.069546082932,25.4891824842642,0.030238309352518
186,4269,0,97.8084269366811,50.8227398728117,106.982039050894,0.0214703237410072
186,4269,32.1994873019907,101.394752805476,34.1773663981885,105.405661175646,0.00427158273381295
186,4269,199.581420124197,173.027595074153,196.27777409251,122.915762145119,0.0107913669064748
186,4269,223,15,223,17,0.00101169064748201
186,4269,70,24,54,24,0.0041591726618705
186,4269,56.535121454915,178.463269298202,13.4721632295493,135.529424110427,0.0122526978417266
186,4269,45,54,47,57,0.00101169064748201
186,4269,66.492132729514,23.1194024268861,65.3257988937019,18.1585084390735,0.00179856115107914
186,4269,13,161,36,161,0.00314748201438849
186,4269,51.7335376029222,96.1839259121422,45.929009960044,90.9664593161503,0.00202338129496403
186,4269,181.757436995535,165.978842169543,180.876660271302,176.076467676632,0.00258543165467626
186,4269,37,67,33,65,0.000899280575539568
186,4269,66.9510881980514,13.5662067428759,82.9183197359436,14.9455369548079,0.00910521582733813
186,4269,13,137,1,137,0.00303507194244604
186,4269,64.9135957558713,21.2194163615477,53.9373918764105,22.4343926342862,0.00247302158273381
186,4269,206.104426575774,167.29684580755,169.99409702857,180,0.0107913669064748
186,4269,14.8369250784636,90.708847719,4.04281023315004,59.6808736882569,0.00933003597122302
186,4269,20.1374076535321,120.970029662943,6.9637675933353,60.5716775946597,0.0119154676258993
186,4269,74,33,53,33,0.0043839928057554
186,4269,225,30,224,27,0.000674460431654676
186,4269,1.94270647081513,117.570681696941,51.0501156362208,122.500814896052,0.00843075539568345
186,4269,0,138,14,138,0.00359712230215827
186,4269,186.116966531573,175.471295696862,239.314843457759,162.26860534233,0.0119154676258993
186,4269,19,64,21,63,0.00123651079136691
186,4269,0.145071372471089,160.078666803625,11.4445330640072,139.241053728625,0.00944244604316547
186,4269,47.0823704776306,34.3213915367681,43.088424471062,35.3450128912691,0.000674460431654676
186,4269,27.1568051980539,180,89.6606569063564,123.106312869449,0.0817221223021583
186,4269,0,71.1128784631969,6.89220608684407,97.028667383681,0.00629496402877698
186,4269,151.015028838422,14.0922099397249,144.037398401739,15.2294591420474,0.000674460431654676
186,4269,94,4,94,7,0.000786870503597122
186,4269,130.908225515956,159.838448524619,98.5991148857644,178.298358354668,0.00966726618705036
186,4269,76,5,79,3,0.00101169064748201
186,4269,17,25,13,25,0.000674460431654676
186,4269,127,4,133,4,0.000786870503597122
186,4269,101,6.00000000000001,103,3,0.00112410071942446
186,4269,216,16,214,18,0.000899280575539568
186,4269,191,5,193,8,0.00056205035971223
186,4269,21,70,18,68,0.000674460431654676
186,4269,42,70,43,68,0.000674460431654676
186,4269,136,7.00000000000001,137,10,0.000786870503597122
186,4269,44,45,45,42,0.000674460431654676
186,4269,170.964427001463,16.9735680643182,172.63330595397,14.7275339769463,0.00101169064748201
186,4269,21,24,21,26,0.00056205035971223
186,4269,16.4409093789008,72.9096093337555,17.9390963691456,80.2174954550826,0.00236061151079137
187,4292,240,126.051524273015,236.299160767604,85.8803126680564,0.00845398400323985
187,4292,240,110.735557312501,237.054945891573,103.197183984256,0.00121494380884884
187,4292,172.763999570826,180,239.015397910195,163.060221157039,0.00587222840943606
187,4292,204.477212899333,173.041194833105,199.910419924329,115.085857262573,0.00531537916371368
187,4292,214,18,216,16,0.000354358610914245
187,4292,147,5.00000000000002,145,7,0.00040498126961628
187,4292,16,56,15,54,0.000253113293510175
187,4292,21,24,21,26,0.00030373595221221
187,4292,76,5,74,3,0.000354358610914245
187,4292,55,13,52,11,0.00040498126961628
187,4292,103,2.99999999999999,101,6,0.00030373595221221
187,4292,45,9,48,11,0.000253113293510175
187,4292,226.666273679078,44.0615699760759,224.003815839338,29.6303111695003,0.00349296345044042
187,4292,136,7.00000000000001,137,10,0.000253113293510175
187,4292,224.981175569582,30.0734031685385,203.135647602104,24.4710616163142,0.00161992507846512
187,4292,182.084680475142,21.2863523664992,172.043792902312,14.9308131702095,0.000860585197934596
188,4315,86.6282098278259,163.657421238798,0,140.426316405905,0.0145410481672221
188,4315,196.765566888886,167.439731205429,204.321665032916,177.764594207424,0.00212056952438655
188,4315,18.039481768158,166.828262068426,69.6126932021516,178.684708447729,0.00411130826156576
188,4315,144.231575873821,43.5526899998668,163.048183672751,75.6601671183023,0.00830917038126974
188,4315,153.510451887495,54.4644116155279,150.040072599191,48.5646522068592,0.00173107716276453
188,4315,32.2411177604898,138.116002603433,26.2424416387047,178.740476060925,0.017959925563682
188,4315,157.849277957423,112.230160963024,153.337575258212,70.0708898283845,0.00956420132427403
188,4315,180.327791265253,20.6395259235803,221.827976943625,173.503733517674,0.0688535941489592
188,4315,142.024388531197,15.9087956841992,171.746414162033,180,0.136625265071191
188,4315,185,5.99999999999999,186,3.99999999999999,0.00025966157441468
188,4315,23,16,22,15,0.0100835244731034
188,4315,73.0851168079872,134.057996671789,80.6309948276904,140.583156110649,0.00142813865928074
188,4315,219.525206865352,28.1062705884624,229.713684814375,69.3180063557199,0.00869866274289176
188,4315,38,77,37,74,0.000432769290691133
188,4315,227.158077570329,50.4029665757356,239.597514992505,45.5231672018994,0.00315921582204527
188,4315,239.588202439452,167.95960544296,206.121415004831,174.610912986842,0.00467390833946423
188,4315,238,29,239,29,0.00025966157441468
188,4315,153.679674712267,7.84952055279803,150.828259836247,13.9193214963242,0.000346215432552906
188,4315,21,70,18,68,0.00025966157441468
188,4315,76,5,74,3,0.000302938503483793
188,4315,231.008691115358,75.2328686051791,239.395903455608,146.953702066915,0.00796295494871684
188,4315,101.430228343853,28.9065838805827,110.027004366941,42.8349704375643,0.00354870818366729
188,4315,200.026072928071,25.9535192975659,224.496642808466,39.6800633240066,0.00662137014757433
188,4315,231.787246360887,57.5417769879323,237.24718280262,120.152852676406,0.00991041675682694
188,4315,116,0,117,0,0.000216384645345566
188,4315,191,5,193,8,0.000346215432552906
188,4315,227.122511793842,48.3133919202883,234.211880427411,45.5420018100732,0.000995369368589605
188,4315,223,15,223,17,0.000216384645345566
188,4315,21,24,21,26,0.000302938503483793
188,4315,214,18,216,16,0.000389492361622019
188,4315,94,6.99999999999999,95,8.99999999999999,0.000562600077898472
188,4315,138,0,140,0,0.00025966157441468
188,4315,233,28,233,30,0.000216384645345566
188,4315,79,3.00000000000001,81,1.00000000000001,0.000302938503483793
188,4315,131,4,130,2,0.000302938503483793
188,4315,101,6,103,2.99999999999999,0.000302938503483793
188,4315,136,7,137,9.99999999999999,0.000216384645345566
188,4315,94,4,95,7,0.000216384645345566
188,4315,10.9251296288112,63.8704085344956,8.99247856355773,64.9869813124234,0.000302938503483793
188,4315,15,54,16,56,0.000302938503483793
188,4315,48,11,55,13,0.000216384645345566
189,4338,94,7,95,7,0.000448671931083991
189,4338,90.4081308446587,5.04136999928082,97.1555653393336,2.39693416812296,0.000807609475951185
189,4338,179.674844222257,22.683685751258,176.230536494831,26.2242678222606,0.00233309404163676
189,4338,47.5012608046392,118.001082720388,47.3189000933533,33.999307695012,0.020908111988514
189,4338,79.8095073707282,17.0425496844994,82.0547341030617,27.0943079662788,0.00439698492462312
189,4338,82.0990115689975,18.3266031380308,63.0473725454133,17.1993554930937,0.00807609475951184
189,4338,21,24,21,26,0.000717875089734386
189,4338,181.866856440088,178.457863789096,238.86716577553,164.459123346408,0.0303302225412778
189,4338,212.161574076411,57.5297627370893,176.048241283269,53.5610302478681,0.0110373295046662
189,4338,215.385938664926,28.1666649523105,83.1158249342921,10.1496813469327,0.0647882268485284
189,4338,162.142022681195,21.3196019353332,156.1006598865,20.809002357642,0.00314070351758794
189,4338,15.9606673182524,110.496221171922,0,77.066685906188,0.00798636037329505
189,4338,66.974823781491,10.8846779088989,0,67.185943654827,0.10229720028715
189,4338,51.3960974723239,144.299950229821,42.4810305509851,136.978810218037,0.00278176597272075
189,4338,127,4,133,4,0.000628140703517588
189,4338,238.862622310973,42.6935218032774,223.759490511406,49.4634433372618,0.00861450107681263
189,4338,63,22,55,22,0.000717875089734386
189,4338,223,15,223,17,0.00053840631730079
189,4338,167,65,152,65,0.00278176597272075
189,4338,103,3,101,6.00000000000001,0.00053840631730079
189,4338,144.935264134026,17.0150722236176,144.000425924268,12.9999008335532,0.000987078248384781
189,4338,149,14,151,14,0.000717875089734386
189,4338,204.856702089808,42.0377321990713,208.49857996008,55.8687174273408,0.00215362526920316
189,4338,75,9.99999999999999,73,9,0.00053840631730079
189,4338,0,144,13,144,0.00323043790380474
189,4338,161.251960914419,56.7742882536604,165.962973808286,62.0331688206937,0.00188442211055276
189,4338,159.690797326053,57.733908501142,161.290909632929,61.8879431385461,0.00188442211055276
189,4338,52,11,55,13,0.000628140703517588
189,4338,157.296989401408,46.6782339288851,149.402700418166,50.8769866014234,0.00394831299353912
189,4338,172.492538512841,14.6345751723878,170.861175157936,16.9000317358791,0.000807609475951185
189,4338,81,6,77,0,0.000717875089734386
189,4338,19,73,21,70,0.000717875089734386
189,4338,238.259817782204,112.786779351234,233.707716326405,107.239863930709,0.00215362526920316
189,4338,35,142,43,142,0.00170495333811917
189,4338,83.7917673598733,6.60469594574563,78.8752042532345,21.6319944486371,0.00332017229002154
189,4338,222.277441250021,31.7862810148449,201.234068231415,26.9760244510563,0.00574300071787509
189,4338,239.145335182242,131.997304362154,238.792361688477,112.966755757786,0.00466618808327351
189,4338,217.153061311523,69.2400110232376,177.021750208971,65.7499033057372,0.00888370423546303
189,4338,200.067091212319,67.6323597646553,196.027755725715,67.4342053759823,0.00206389088298636
189,4338,205.980343617361,171.798802246499,132.993104954873,178.92942406467,0.0166008614501077
189,4338,144.05825520269,26.6194555086027,165.474867191739,29.8979921858143,0.0052943287867911
189,4338,6.26968706660934,142.244105703348,33.0693387161051,151.805653490544,0.00601220387652548
189,4338,200.755030402537,124.885460568905,201.838045588167,132.024568767208,0.00224335965541996
189,4338,137,10,136,7.00000000000001,0.000448671931083991
189,4338,137.054838265603,71.1685202934246,81.0451683174239,69.4914756906876,0.01821608040201
189,4338,145,7,147,5.00000000000002,0.000448671931083991
189,4338,216,16,214,18,0.000717875089734386
189,4338,38.8462401489278,113.162135079288,5.03047944587603,172.924732641268,0.0233309404163676
189,4338,36.3929521944973,148.82850636673,27.3278809818849,147.188096479409,0.00107681263460158
189,4338,121,1,117,4.9960036108132e-15,0.000628140703517588
189,4338,185.956523081377,22.8000230986235,180.974594109603,23.8831427939423,0.000448671931083991
189,4338,74,3,76,5,0.000628140703517588
189,4338,175,19,176,20,0.00053840631730079
189,4338,193,7.99999999999999,191,5,0.00053840631730079
189,4338,154,8,152,11,0.00053840631730079
189,4338,9.00168021654263,51.9949321988347,15.0048810082589,53.9852781003434,0.000448671931083991
189,4338,140,3.3452573378059e-16,138,3.3452573378059e-16,0.00053840631730079
189,4338,103.125414470707,139.173885396325,111.140763076434,138.317549074173,0.000987078248384781
189,4338,103.33910694009,141.007098483263,107.035716391377,138.546568923813,0.000897343862167983
189,4338,50.8471219328675,60.8053458688024,0,104.819904480865,0.04091888011486
189,4338,233.793771017503,32.0538502399349,232.752135149649,28.0647221428395,0.00053840631730079
190,4361,212.347352036251,23.3103596714497,83.3041162476895,6.64514602194175,0.048055575449402
190,4361,12.8879655633702,158.042054243685,2.4406621188212,130.20995804741,0.00322280312253814
190,4361,66,108,18,108,0.00444030652438588
190,4361,169.956454989032,58.1429562628858,150.539602309331,52.2285105027798,0.00501324930172599
190,4361,168.835692435572,178.348476629158,238.680791574293,160.734253348334,0.0153978371410155
190,4361,82.0330869943851,15.4139862028752,61.984078148641,14.2819967405797,0.00565780992623362
190,4361,173.939978802114,27.0074073313968,190.33255480663,159.835546850035,0.0292916994915133
190,4361,44.5707867441126,153.45560965668,38.7746876859006,136.731515116948,0.00522810284322853
190,4361,238.977875859757,159.119420402438,199.698963661352,96.9269845509526,0.0361670128195946
190,4361,213.356701545068,144.884015149278,189.439200545257,152.155376961606,0.00343765666404068
190,4361,226.974961234316,50.00595535852,221.647730181996,27.6080947399022,0.00773472749409153
190,4361,226.460953844681,44.8190865319825,238.658299221688,39.2514202222603,0.00350927451120819
190,4361,48.556139191939,30.0054573504736,50.0805116131593,153.986714910493,0.0257108071331376
190,4361,163.235212285532,158.869837694819,149.022851694364,23.99759196921,0.0258540428274726
190,4361,27,74,18,68,0.00107426770751271
190,4361,26.5897378993749,107.140500418543,29.0590406201962,96.7758238247281,0.00279309603953305
190,4361,168.954969318946,47.6522698350034,154.848407516895,41.9142451175039,0.00401059944138079
190,4361,68.4424225005978,41.8752502068735,62.2540623906635,19.9283620732813,0.00365251020554322
190,4361,60.0545631604957,110.684182289942,0,100.30868191782,0.0113872376996347
190,4361,15,142,2,142,0.00243500680369548
190,4361,240,126.043808029831,234.320765187955,56.8915301727374,0.0162572513070257
190,4361,18.5919681932787,77.6575206792022,0.568756950061452,69.7101596797143,0.00257824249803051
190,4361,219.30305534203,25.6648820932899,83.3860540662314,8.02535597301629,0.0237055074124472
190,4361,216.561994310953,53.2243199518942,177.398271158882,48.6155962967292,0.00837928811859916
190,4361,151,14,152,11,0.000429707083005085
190,4361,42.9563072372319,99.5230415355569,33.9930315426925,87.495673115215,0.00236338895652797
190,4361,225,30,224,27,0.000572942777340113
190,4361,45,9.00000000000001,48,11,0.000358089235837571
190,4361,139,67.9999999999999,85,67.9999999999999,0.00637398839790876
190,4361,155.820447023487,53.1950669936695,153.067939413773,46.9699597539116,0.00171882833202034
190,4361,138,0,140,0,0.000572942777340113
190,4361,21,24,21,26,0.000572942777340113
190,4361,13,53,15,54,0.000501324930172599
190,4361,76.1790420070215,5.23441444741517,81.2663913394736,1.34877836591385,0.000429707083005085
190,4361,136,7.00000000000001,137,10,0.000501324930172599
190,4361,214,18,216,16,0.000429707083005085
190,4361,101,6,103,2.99999999999999,0.000501324930172599
190,4361,234.191930480084,31.9461996285707,233.079516330642,27.9777106370945,0.000429707083005085
190,4361,127,9,125,6,0.000501324930172599
190,4361,149.00524101032,14.0246048283527,144.018493088378,15.086818998148,0.000501324930172599
190,4361,130,2,131,4,0.000501324930172599
191,4385,176.61533843504,180,239.452226521812,164.879313278894,0.0307025805236391
191,4385,70.9246852307195,148.854397759761,46.2640407077895,85.8965749807258,0.0138444151440949
191,4385,226.684729145604,49.4232714873496,240,43.0173579869026,0.00866453192691656
191,4385,221.181727381245,46.1648779266597,232.100008737481,51.1561679012877,0.00433226596345828
191,4385,13.8829294625007,141.284594866077,0,157.221100936985,0.00725183650404973
191,4385,218.203274617301,13.1757456696566,214.018515963041,18.0160083947872,0.00113015633829346
191,4385,108.020028345782,9.88919066891193,224.819221412256,31.0001801747101,0.0489734413260501
191,4385,143.703973522141,15.9348715500283,147.627248579416,17.1771740854306,0.00178941420229798
191,4385,206.644311819147,130.317279950105,199.568498794145,122.384906467051,0.00310792993030703
191,4385,43.4135521412712,159.586646771712,34.8489313637789,136.425649475804,0.00866453192691656
191,4385,234.152949877352,96.9885459652295,238.946905748777,161.003976096027,0.016952345074402
191,4385,158.019079105702,57.1609618330484,168.983562149312,55.8613212474699,0.00226031267658693
191,4385,15,54,16,56,0.000659257864004521
191,4385,193,8.00000000000001,191,5.00000000000003,0.000470898474288943
191,4385,110.557871041467,116.110220839145,113.99463609722,161.076839212162,0.0109248446035035
191,4385,68.0812821755832,45.0268946253347,71.6539439540417,167.068678648322,0.0258994160858919
191,4385,205.375681233055,107.374874510514,212.252634414816,137.172483575036,0.00621585986061405
191,4385,205.51289637251,120.01558108238,205.877103662133,108.026645196082,0.0024486720663025
191,4385,180.016774842188,169.035444387983,157.359073379961,179.758703781005,0.00649839894518742
191,4385,160.771953552066,58.3602767045261,150.469062593931,51.8387956957942,0.00263703145601808
191,4385,125,6.00000000000001,127,9.00000000000001,0.000470898474288943
191,4385,159.827133616754,45.1928002950728,168.792601225504,53.2313147540295,0.00178941420229798
191,4385,150.911972876412,46.718912700995,159.053050405142,44.1694000040502,0.00178941420229798
191,4385,21,24,21,26,0.000659257864004521
191,4385,158,114,175,114,0.00348464870973818
191,4385,76.2589471082169,122.942905150281,49.1433871150873,61.0608084565191,0.0119608212469392
191,4385,55.4189618407254,22.1842197648315,52.8841337937716,27.9490530086789,0.00113015633829346
191,4385,145,7,147,5.00000000000002,0.000659257864004521
191,4385,50.8853072969026,53.8549073502035,44.7362484148518,101.095832899168,0.00687511772461857
191,4385,131,3.99999999999999,130,1.99999999999999,0.000659257864004521
191,4385,45.4321027428944,96.2696170289199,55.7406335269247,156.216561796542,0.0124317197212281
191,4385,208.620461530057,117.558391561443,192.957834527965,134.962052693636,0.00291957054059145
191,4385,180.943289472122,107.515229336992,207.736572956514,162.466961898807,0.0193068374458467
191,4385,79,3,74,3,0.000659257864004521
191,4385,175.587752605173,52.4626471708997,216.772832391299,59.357033848866,0.010265586739499
191,4385,212.1161612045,61.1074020292135,201.102458651472,73.0193273804446,0.00404972687888491
191,4385,48.9690732988778,43.0459227590129,47.5010862061183,74.0237456352527,0.00442644565831607
191,4385,54.0032570323536,33.018350545456,42.9950642099554,34.9721911145663,0.000847617253720098
191,4385,200.820312925903,174.894146751848,205.819386474308,175.898756898062,0.00160105481258241
191,4385,138.232596487362,16.2028356438641,135.813206156851,7.0493722648139,0.000753437558862309
191,4385,21,70,19,73,0.000470898474288943
191,4385,222.907349394492,17.0157567714659,222.218095483271,12.9629092473942,0.000659257864004521
191,4385,238.996119165999,129.000038590095,238.856920242578,115.001422751251,0.00207195328687135
191,4385,45,9.00000000000001,48,11,0.000659257864004521
191,4385,151,14,149,14,0.000470898474288943
191,4385,94,4,94,9,0.000753437558862309
191,4385,183,17,182,20,0.000565078169146732
191,4385,138,0,140,0,0.000470898474288943
191,4385,99.4723219532691,9.76524083774373,102.567683546947,2.80766634318593,0.000753437558862309
191,4385,11.4442987618697,64.0941214143404,10.590372865965,68.1250661354513,0.000565078169146732
191,4385,47,45,44,45,0.000470898474288943
191,4385,17,25,13,25,0.000470898474288943
191,4385,91.8731770918225,8.923461741586,139.928166403928,15.5230567464994,0.0041439065737427
192,4408,86.2724312153141,5.32085228203048,202.300842677934,24.1457363630757,0.0325959367945824
192,4408,42.5818991323245,108.25211705826,86.537761148722,6.79972766253792,0.0216704288939052
192,4408,171.383511086044,54.169204665402,152.379513558286,50.1882879603436,0.00568848758465011
192,4408,151.117367814441,24.8500536713734,156.100925726856,61.9864561677808,0.014176072234763
192,4408,167.695568676108,67.8957595539103,165.421910981625,30.9125835260388,0.00812641083521445
192,4408,160.026030281064,43.6083949837479,164.698126370929,47.0531311037378,0.00153498871331828
192,4408,101,6,103,2.99999999999999,0.000451467268623025
192,4408,55,13,52,11,0.00054176072234763
192,4408,200.719243614649,108.391048688006,204.98904434527,100.537737820288,0.00225733634311512
192,4408,137,10,136,7.00000000000001,0.00054176072234763
192,4408,155.247664550598,67.9045622939247,158.388905652299,108.970251408267,0.0127313769751693
192,4408,16,56,15,54,0.00072234762979684
192,4408,161.484272082257,158.969989008596,158.752661798224,114.891385194218,0.010744920993228
192,4408,226.886340701121,50.7764472752521,239.653493940994,44.2853356703489,0.00297968397291196
192,4408,190.351178581484,165.556083099456,237.630408360909,146.067758687165,0.0260045146726862
192,4408,210.225734601568,137.67684725627,193.374978515035,134.802047858138,0.00225733634311512
192,4408,145,6.99999999999998,147,5,0.000451467268623025
192,4408,129.655524280199,2.36417316397969,132.237303209116,4.80630850747257,0.000812641083521445
192,4408,20.8977271677856,62.8518118317969,19.0755166742928,64.1094198467956,0.00090293453724605
192,4408,184.577848217689,110.04586342442,175.752180368626,28.8096395768695,0.0308803611738149
192,4408,81.0477983446157,1.06163377253205,75.9885288176059,4.98520843656743,0.000993227990970655
192,4408,227.507343680374,48.9328614462811,224.594481201104,26.9213302351066,0.00803611738148984
192,4408,239.65446530305,153.951606441546,232.482868722509,56.9642949203882,0.0213092550790068
192,4408,125,6,127,4,0.00054176072234763
192,4408,193.998947126176,125.993133482321,226.162736327056,121.06131602989,0.00424379232505643
192,4408,206.660922453631,136.924491729525,205.073046565081,101.996679182835,0.00749435665914221
192,4408,138,0,140,0,0.000632054176072235
192,4408,94,4,97,2,0.00072234762979684
192,4408,187.081995452374,153.924208923407,184.284010879913,113.980105747852,0.00848758465011287
192,4408,78.7165738935572,38.9072615172514,81.6667541405408,29.8909602373035,0.00252821670428894
192,4408,151,14,152,11,0.00054176072234763
192,4408,216,16,214,18,0.000632054176072235
192,4408,223,15,223,17,0.000632054176072235
192,4408,149.095288532084,14.0850082735194,146.275511530393,17.2457878091011,0.00072234762979684
192,4408,21,24,21,26,0.00054176072234763
192,4408,191,5.00000000000003,193,8,0.00072234762979684
193,4431,109.942425636177,9.27353638276304,227.01773722046,33.9157302868354,0.0585370253449986
193,4431,207.20246977971,26.7379556768628,215.740959701464,33.3352601054443,0.00450978623613241
193,4431,18,68,21,70,0.000541174348335889
193,4431,236.572627412888,173.27403653224,239.857341733203,166.410289396253,0.00270587174167944
193,4431,174.317822088406,180,189.885527618209,172.957488092219,0.0144313159556237
193,4431,165.149642071784,171.924750468719,168.766557569756,179.117389670214,0.00189411021917561
193,4431,165,7,161,11,0.000631370073058537
193,4431,193.266115207766,180,236.574495055234,170.665401084471,0.0308469378551457
193,4431,195.255239603992,131.364014902948,207.826687131006,157.08470975031,0.0046901776855777
193,4431,50.260203997952,107.07695646633,53.0899015357308,23.9690125484752,0.0264273473437359
193,4431,154.547136751404,56.894188526796,173.876749529471,61.5155190400671,0.00478037341030035
193,4431,223,15,223,17,0.000631370073058537
193,4431,240,61.0958147141102,235.878316728567,85.3195961236481,0.00532154775863624
193,4431,174.189637112411,144.985039345476,173.948242823566,141.925192209967,0.00117254442139443
193,4431,159.048848470982,145.231005210544,172.107649067913,144.712808832047,0.00324704609001533
193,4431,180,116,158,116,0.00387841616307387
193,4431,228.115846688203,55.6983395825017,240,47.8901878726229,0.00703526652836656
193,4431,233.590652469981,47.53384333221,227.655116330246,52.7460331946005,0.00270587174167944
193,4431,137,9.99999999999999,136,6.99999999999999,0.000811761522503833
193,4431,90.1892164153843,6.08391735207674,52.2776819083472,91.5666510610463,0.0220077568323261
193,4431,151,14,152,11,0.000541174348335889
193,4431,173.790816197553,58.5832713796839,164.863187668808,55.3814765590772,0.00198430594389826
193,4431,164.978374414222,56.9409835242982,175.086814323107,53.2369172998478,0.00153332732028502
193,4431,8.69749418653544,99.4069438143926,49.5299273692832,108.186291141078,0.00721565797781185
193,4431,215.155156525734,46.118931350739,204.067005166527,60.5844110666763,0.00523135203391359
193,4431,188,68.0000000000001,221,68.0000000000001,0.00378822043835122
193,4431,86,15,74,15,0.0024352845675115
193,4431,217.287199537689,106.917627359768,208.066967822209,130.02671930337,0.00514115630919094
193,4431,87.958164547051,7.26701018476694,141.887698867187,15.7167496491197,0.0101921168936592
193,4431,179.400566307966,180,232.339922657934,116.266139919942,0.0280508703887436
193,4431,85,14,62,14,0.00423919906196446
193,4431,155.661103105542,51.1445289895172,171.989436446485,41.7129532243822,0.00523135203391359
193,4431,238.57620414118,83.9990082744158,238.498981194367,116.998827564835,0.00478037341030035
193,4431,55.3184414052389,22.0797995582538,53.0781816132768,31.0195918561482,0.0046901776855777
193,4431,178.765160863931,56.0987481053354,219.907788482275,59.216748922789,0.00802741950031569
193,4431,195.773837004703,121.982038762059,198.712660252151,84.9771802740127,0.00622350500586272
193,4431,116,0,117,0,0.000631370073058537
193,4431,62.8829836249355,34.6159897808962,70.2809672455244,13.0965915056604,0.00613330928114007
193,4431,190.711274818057,153.570811170612,206.307564295526,179.417821159818,0.00423919906196446
193,4431,64.47150082373,19.4136254893062,56.5761341948099,26.5297171400109,0.00171371876973031
193,4431,58.0354097363151,22.0173032089043,55.4848143688781,27.2369078444938,0.00153332732028502
193,4431,130,2,131,4,0.000541174348335889
193,4431,193.432845199299,120.01622316779,193.772500303974,110.953992943522,0.00279606746640209
193,4431,46.5708109635096,102.082295595368,46.9246247165272,91.0295986529615,0.00342743753946063
193,4431,216,16,214,18,0.000541174348335889
193,4431,76.2095121230164,5.28217953437525,81.3471691791061,1.46758171269131,0.000631370073058537
193,4431,43.0308584442862,35.117494685304,47.0184393824,34.0702086408567,0.000901957247226481
193,4431,135.603061929055,180,209.148514296025,175.347850306663,0.0166862090736899
193,4431,13,53,15,54,0.000631370073058537
193,4431,97,2,94,4,0.000450978623613241
193,4431,21,24,17,25,0.000721565797781185
193,4431,53.1374971789596,56.1228722418324,80.9536607850105,33.6570965955617,0.00667448362947596
193,4431,23.9295438245873,90.3706360876249,27.9735056230433,91.1393741877385,0.000721565797781185
193,4431,48,11,45,9.00000000000001,0.000450978623613241
193,4431,149.261292436622,5.89583630143761,146.923143356557,0.0306387446328742,0.000541174348335889
193,4431,169,19,173,15,0.000721565797781185
193,4431,178.995219414703,21.0157689722341,172.02913339537,18.9039022056705,0.00117254442139443
193,4431,51,30,49,31,0.000450978623613241
193,4431,73,8.99999999999999,75,9.99999999999999,0.000450978623613241
193,4431,7.77695415098995,66.7037734150946,14.0086918195359,62.0115435818652,0.00099215297194913
193,4431,233.022317146348,37.6009167589645,230.031669385554,37.4336766524137,0.000541174348335889
193,4431,229.944896944586,49.0129523698217,224.730246536207,26.8283502951538,0.00432939478668711
193,4431,156.981291189354,17.0479029273976,149.023464573233,13.9399201921886,0.000631370073058537
194,4454,180.339113703825,26.3264422927105,174.690506697162,27.7465509946295,0.00290629172885084
194,4454,169.456388612035,76.1466305157738,172.675495353311,22.2194033048109,0.0116251669154033
194,4454,153.993566756125,57.0114339874126,166.431872257321,64.0097496045776,0.00384887283009976
194,4454,87.9980712022438,8.00897099167297,232.756489153162,39.132588303876,0.0650380959861755
194,4454,223.170112992777,40.0713118405825,213.188204434536,32.3388702619801,0.00361322755478753
194,4454,207.009947421768,120.705629368083,227.020068004016,120.423542031486,0.00596968030790983
194,4454,94,70.0000000000001,129,70.0000000000001,0.00455580865603645
194,4454,84.7528099072068,10.245714965616,158.622225868169,24.9037934907783,0.0152383944701909
194,4454,186,120,198,120,0.00243500117822638
194,4454,239.537769653123,174.938116692297,211.882055437116,180,0.0181446861990417
194,4454,65.0992134174857,64.8417802851194,0,95.5063121720491,0.0378603409001649
194,4454,174.944354164421,174.929150790119,168.488064017893,180,0.00290629172885084
194,4454,64.0029022287118,179.599546364344,181.006145860103,179.38725481681,0.0242714633571597
194,4454,156.944721424735,55.952235108908,165.80628824222,45.6966943321797,0.00290629172885084
194,4454,229.663352680016,52.2115480813292,238.79212388841,54.7481179537173,0.00377032440499568
194,4454,10.2607856468695,27.4097477658477,29.1149200528305,35.7398943586568,0.001021129526353
194,4454,52,36,79,36,0.00377032440499568
194,4454,47,34,40,34,0.00047129055062446
194,4454,21.9999999999999,15,22.9999999999999,17,0.0183017830492499
194,4454,60.9081818029811,73.4316088970614,90.8595933833538,10.408517491644,0.0128033932919645
194,4454,160.978837830443,121.504072719785,197.976195438642,121.816741097453,0.00989710156311366
194,4454,35.8439087202987,160.694901508072,34.1879630727031,177.824830879452,0.00502709920666091
194,4454,5.55111512312578e-17,98.93190910849,49.9572370106198,110.189762708912,0.0094258110124892
194,4454,37.4296921758547,104.87660952892,47.6555784652452,111.529403922844,0.00282774330374676
194,4454,184,0,190,0,0.000628387400832613
194,4454,54.3247552030959,60.3362096684568,43.0806701666314,54.8351124904438,0.00149242007697746
194,4454,197.0317096326,134.135937430273,210.466985141889,131.00193931493,0.00541984133218129
194,4454,36.7694218400824,126.367112173744,33.5108588690334,115.444247960355,0.00298484015395491
194,4454,81.9865627812751,68.4673235432992,120.983075294856,69.588612371276,0.00526274448197314
194,4454,61.8129849435081,15.4098229504626,85.067054125197,18.4945089106766,0.00848322991124028
194,4454,216.639647307604,103.970697218757,216.895133654841,100.828838692315,0.001021129526353
194,4454,210.660410033496,101.905051275709,219.865338540634,105.358890242967,0.00125677480166523
194,4454,32.7490598811777,141.969003580623,29.4039953773557,169.049901985388,0.00400596968030791
194,4454,44.4686290028311,28.3905500436754,69.0867362565869,20.262712238943,0.00502709920666091
194,4454,152.992813263616,17.0499475060238,162.930948638006,18.4799039696321,0.00117822637656115
194,4454,140.574982522049,81.127807921025,143.422753224793,68.3162515812558,0.00164951692718561
194,4454,139.862675982339,74.2873386562227,133.906425577885,67.0773023415198,0.00141387165187338
194,4454,12.9166984522856,139.356750085765,0.00375424717787887,141.028990087717,0.00204225905270599
194,4454,171,179,205,179,0.0036917759798916
194,4454,203.963414769947,99.5542564524001,234.990804457599,46.7454325715545,0.0247427539077841
194,4454,177.077512478386,57.6699566518118,218.629044671209,65.8779064915491,0.00761919723509544
194,4454,0,134.107628420974,29.8312228110786,150.310732432778,0.00549838975728537
194,4454,110.431251400897,138.744586862181,107.71958293948,134.166079927338,0.000785484251040767
194,4454,151,14,152,11,0.000549838975728537
194,4454,144.968679057118,10.057012784978,153.64602304407,14.8240592551424,0.00094258110124892
194,4454,214,18,216,16,0.000628387400832613
194,4454,16.9892156115186,25.0466694821659,25.0224187343825,26.9029828417023,0.000785484251040767
194,4454,21,24,24,24,0.000392742125520383
194,4454,37.3676246775273,39.1820364494383,38.3598656963761,37.1781944402742,0.000392742125520383
194,4454,124.185459720987,4.8715176746276,127.030798168948,8.97866372092784,0.000864032676144843
194,4454,94,3.99999999999999,97,1.99999999999999,0.000785484251040767
194,4454,71,27,58,27,0.00188516220249784
194,4454,229.679680104632,54.5672603158591,237.751277252224,56.2169499861771,0.00267064645353861
194,4454,41,45,44,45,0.00047129055062446
194,4454,9,15,11,15,0.000392742125520383
194,4454,180.893567663791,10.8003504040422,181.973627709243,4.81479679647282,0.00070693582593669
194,4454,145,2.00000000000001,147,1.00000000000001,0.000628387400832613
194,4454,145.053080351696,16.9653901586005,143.083896931469,13.9452969055542,0.00047129055062446
194,4454,239.00835463078,74.9919206924043,236.059442302394,71.9425165925484,0.0013353232267693
194,4454,35,66,38,66,0.000549838975728537
194,4454,141,4.66524136655263e-16,134,4.66524136655263e-16,0.000785484251040767
194,4454,191.054926432257,4.96188008671226,193.90379234202,9.06676981244078,0.00070693582593669
194,4454,81.2409706233396,1.31197536648542,76.1742158620164,5.225550553204,0.000785484251040767
194,4454,7.26973033970862,25.0937235141448,10.3832632506096,16.1331729264438,0.000549838975728537
194,4454,157.845279774368,67.1435056898954,174.938268433767,69.4562454387911,0.00432016338072422
194,4454,45,50,45,54,0.000628387400832613
194,4454,196.499804830752,142.342522617067,221.839170903187,147.753197591518,0.00392742125520383
194,4454,209.115457513435,145.281992828603,236.076895821367,142.853819631211,0.00353467912968345
194,4454,35.1682421936959,135.275895714411,41.2409088698883,153.583494017583,0.00447726023093237
194,4454,47.3980727000357,134.765281156445,44.7110064333214,153.104178640188,0.00306338857905899
194,4454,13,53,13,54,0.000392742125520383
194,4454,223,15,223,17,0.00047129055062446
194,4454,112.286414398193,137.939807091754,111.640303459037,134.865433694666,0.000785484251040767
194,4454,178.056770637465,147.833500532771,162.062857251062,148.922863553917,0.00432016338072422
194,4454,132,6.00000000000001,130,2.00000000000001,0.000628387400832613
194,4454,15.0579497736512,51.9795406140409,16.4244781924416,55.8501363746019,0.000549838975728537
194,4454,55.0699174667883,12.8846505205121,51.2581075510823,10.5741754809371,0.00070693582593669
194,4454,11.024893742021,8.98475527192586,15.9515392919008,17.0296769491959,0.00047129055062446
194,4454,54.6464157754127,29.9780069884385,52.9580667499825,57.1217921549548,0.0057340350325976
194,4454,73,9.00000000000001,75,10,0.00047129055062446
194,4454,43,41,75,41,0.00212080747781007
194,4454,41.3223889003042,66.9788272178719,42.1156895357852,79.0580767910271,0.00094258110124892
194,4454,135,71,102,71,0.00377032440499568
194,4454,63.8864862455507,5.27726997516679,68.870010260739,7.31751440124315,0.000392742125520383
194,4454,178.565683147218,28.5183607402704,184.858872193079,22.8434951533262,0.000785484251040767
194,4454,90.6544973027904,0.129250493541143,91.7617673219211,3.08912142066621,0.000392742125520383
194,4454,96,6,101,6,0.00070693582593669
195,4477,183,17,184,15,0.00186150409530901
195,4477,223,15,223,17,0.00297840655249442
195,4477,15,54,13,53,0.00223380491437081
195,4477,163,15,161,11,0.00372300819061802
195,4477,173,15,172,15,0.00223380491437081
195,4477,144.540415482519,17.1323498661605,143.400139832724,13.1727460561317,0.00297840655249442
195,4477,103,3.00000000000001,105,6,0.00260610573343261
195,4477,195,29,197,28,0.00297840655249442
195,4477,204,3.99999999999998,206,2,0.00186150409530901
195,4477,137,10,136,7.00000000000001,0.00297840655249442
195,4477,76.0370346012074,5.05046923304214,81.1948987976618,1.26560007447458,0.00409530900967982
195,4477,191,5,198,6,0.00186150409530901
195,4477,116,0,117,0,0.00186150409530901
195,4477,89,7,95,9.00000000000001,0.00223380491437081
195,4477,49.2319013349438,84.9605267023934,50.2525971865364,90.9570039391056,0.00409530900967982
195,4477,17.6616073898312,78.946272173124,18.6154137361185,72.9389378385231,0.00335070737155622
195,4477,17,25,21,24,0.00223380491437081
195,4477,72.1523343850383,8.61798919299658,75.0847924265321,9.78736499130404,0.00223380491437081
195,4477,90,4.99999999999999,94,4,0.00186150409530901
195,4477,127,9,125,6,0.00223380491437081
195,4477,140,0,138,0,0.00260610573343261
195,4477,225,30,224,27,0.00297840655249442
195,4477,152,11,156,11,0.00297840655249442
195,4477,176,20,179,21,0.00335070737155622
195,4477,233,38,234,37,0.00223380491437081
195,4477,184.799339134356,22.8344074708176,181.620314353697,26.6866698134493,0.00297840655249442
195,4477,216,16,214,18,0.00372300819061802
195,4477,55,13,52,11,0.00186150409530901
195,4477,189,0,190,0,0.00186150409530901
195,4477,27.8510978395078,32.0406162766558,28.9358762533952,36.0174911352777,0.00223380491437081
195,4477,45,42,44,45,0.00186150409530901
195,4477,144,8,145,6.99999999999998,0.00186150409530901
195,4477,48.9042788144069,30.9373651215853,46.9301572135721,33.9542985765487,0.00260610573343261
195,4477,147,1.00000000000001,145,2.00000000000001,0.00260610573343261
195,4477,230,8,229,6,0.00260610573343261
195,4477,35.0940017158474,4.86731771297282,31.015645961315,1.97791591449895,0.00297840655249442
195,4477,45,9,48,11,0.00186150409530901
195,4477,218,22,222,23,0.00186150409530901
195,4477,155,16,158,15,0.00186150409530901
195,4477,239,29,238,29,0.00186150409530901
195,4477,67.0132764241677,21.0163637036027,71.9855503784739,16.9821902855138,0.00223380491437081
196,4500,233.279521319807,38.4437231509231,227.896063532887,41.8350071589716,0.00188679245283019
196,4500,192.786395910547,8.10499016678853,188.841051088923,0.0781261853533071,0.00272536687631027
196,4500,53.8708730886597,25.7938680636434,48.9072483218892,52.9830673746084,0.0192872117400419
196,4500,21,16,24,13,0.0492662473794549
196,4500,163,13,163,15,0.00125786163522013
196,4500,33,27,35,27,0.0010482180293501
196,4500,50.172822284947,47.9210726892652,47.1903791317259,116.965027376745,0.0429769392033543
196,4500,70.0631106456551,94.3433364019664,40.4080208678151,82.4802573536013,0.0148846960167715
196,4500,184,2.99999999999999,185,6,0.0010482180293501
196,4500,68.1260294072061,16.77941482372,65.276409819902,28.069764256774,0.00754716981132075
196,4500,90.1504854319787,8.59586119509255,61.1346042443933,69.5883060519404,0.030398322851153
196,4500,143.905634426158,13.0163564339872,144.944451351268,19.0096282761719,0.00272536687631027
196,4500,34.9697177366493,139.375136641064,40.26027802348,153.905230025844,0.00754716981132075
196,4500,239,29,238,29,0.00125786163522013
196,4500,97.6845872557869,14.12701131657,93.661501719023,4.13630746731822,0.00377358490566038
196,4500,52,11,55,13,0.00125786163522013
196,4500,21,24,21,26,0.00146750524109015
196,4500,186,23,185,23,0.00125786163522013
196,4500,127,4,133,4,0.00167714884696017
196,4500,17.965100666431,55.0900458295408,12.9441638268289,53.1440662046351,0.0010482180293501
196,4500,1.98829986005852,65.9523092244554,14.0012583903937,63.0051293073512,0.00146750524109015
196,4500,116,0,117,0,0.0010482180293501
196,4500,103,2.99999999999999,101,6,0.00146750524109015
196,4500,223,15,223,17,0.00146750524109015
196,4500,224,27,221,29,0.00125786163522013
196,4500,216,16,214,18,0.00146750524109015
196,4500,172.012307989775,14.949380765452,176.018599762495,15.9235045074404,0.00167714884696017
196,4500,45,37,49,31,0.00167714884696017
196,4500,15.9646779545538,62.0576825823572,20.9371727986182,65.1025998118796,0.0010482180293501
196,4500,29,36,31,35,0.0010482180293501
196,4500,44.917091131157,15.9480562587838,48.0123000131768,11.0077061562934,0.00125786163522013
196,4500,58,27,58,22,0.0010482180293501
196,4500,222,23,218,22,0.0010482180293501
196,4500,198.041456117072,32.4461889419787,196.154925170053,28.3933706645911,0.00251572327044025
196,4500,158.059773578518,13.0959099191371,161.838519696599,10.7408961747746,0.0010482180293501
196,4500,21,70,18,67,0.0010482180293501
196,4500,50.0256064452075,26.0326867594578,55.0659266723793,22.0841557375282,0.00125786163522013
196,4500,44,72,40,68,0.00125786163522013
196,4500,36.048198746428,97.974658687786,35.0078251737947,95.9958857815409,0.00167714884696017
197,4523,21,66,19,64,0.000884173297966401
197,4523,64.1875987811413,26.8534752030357,66.1405606724344,16.025351542454,0.00618921308576481
197,4523,48.7699475253056,30.9084293162066,44.2916107005382,139.970912033111,0.0577238853100922
197,4523,9,20,8,23,0.000884173297966401
197,4523,48,11,45,9.00000000000001,0.00101048376910446
197,4523,153.404906251853,29.9737975555728,155.801789721147,67.0128266575109,0.0104837691044588
197,4523,133.174165985627,3.81822825789177,130.111459753306,0.883672845416143,0.00113679424024252
197,4523,59.1252017152386,70.5904801357398,88.144968415882,8.59973353358637,0.0222306429202981
197,4523,226.386640794205,37.9464742172749,228.771049923359,55.1701334048764,0.00618921308576481
197,4523,226.970616876429,45.0267510014632,228.872655190074,47.1159373403031,0.00214727800934697
197,4523,144.948464596441,17.0124762791898,143.978347517929,13.0052418801991,0.00151572565365669
197,4523,111,10,111,7,0.000757862826828344
197,4523,31,2,30,3,0.000631552355690287
197,4523,116,0,117,0,0.00101048376910446
197,4523,156.216882724913,72.9888704111158,158.42556148323,116.029477979555,0.0125047366426677
197,4523,146,1,147,1,0.000757862826828344
197,4523,127,9,126,11,0.000884173297966401
197,4523,31.8067223845016,138.463557187306,38.6691079612212,156.128542914747,0.00997852721990653
197,4523,54.6881859032556,18.3361025576231,49.114236168228,37.7456299175217,0.00505241884552229
197,4523,149,14,151,14,0.000757862826828344
197,4523,112,121,112,79,0.00707338638373121
197,4523,47,34,43,35,0.000757862826828344
197,4523,147,5.00000000000002,145,7,0.000631552355690287
197,4523,233,38,238,36,0.000884173297966401
197,4523,81.2452279375007,1.32999925932162,76.1090651678678,5.14676722799603,0.00138941518251863
197,4523,185,6.00000000000002,188,5.00000000000001,0.000631552355690287
197,4523,84,7.99999999999999,85,8.99999999999999,0.000757862826828344
197,4523,58,20,58,22,0.000757862826828344
197,4523,206,1,204,4,0.000631552355690287
197,4523,15,54,13,53,0.00113679424024252
197,4523,19,73,21,70,0.000631552355690287
197,4523,163,21,165,20,0.00113679424024252
197,4523,183,17,186,17,0.000757862826828344
197,4523,167,9,161,11,0.00138941518251863
197,4523,176,20,179,21,0.00113679424024252
197,4523,93.7330912978837,4.05868433733598,95.5031410610366,12.1092427386269,0.0017683465959328
197,4523,172,15,173,15,0.00113679424024252
197,4523,71.0667448237925,48.961669335065,69.2223788320063,141.984582099247,0.0224832638625742
197,4523,14.8390826984253,110.284160598143,0.0510526133337557,101.909847225875,0.00315776177845143
197,4523,156,11,152,11,0.00101048376910446
197,4523,50.23045104245,35.9360121827691,45.8903253432598,155.959873583142,0.0323354806113427
197,4523,136,7,137,9.99999999999999,0.000884173297966401
197,4523,21,24,21,26,0.000757862826828344
197,4523,155.788353347202,51.2134526747888,157.868829935669,63.0231078928986,0.00416824554755589
197,4523,44,94,46,91,0.000757862826828344
197,4523,223,15,223,17,0.00113679424024252
197,4523,18,33,19,32,0.000631552355690287
197,4523,191,4.99999999999999,193,7.99999999999999,0.000631552355690287
197,4523,196.736629709081,28.1273143137964,198.290981362911,31.3427426113059,0.000757862826828344
197,4523,140,0,138,0,0.000631552355690287
197,4523,158,15,155,16,0.000631552355690287
197,4523,47,57,45,54,0.000631552355690287
197,4523,125,6.00000000000001,127,4.00000000000001,0.000631552355690287
197,4523,214,18,216,16,0.000757862826828344
197,4523,224,27,221,29,0.000757862826828344
197,4523,122,0,120,3,0.000631552355690287
197,4523,33.9607962484887,108.422269785176,37.2647424935021,85.3227127164719,0.0068207654414551
197,4523,6.16989904282195,140.604689659727,36.2085003357707,153.514874614291,0.00555766073007452
197,4523,101,6.00000000000001,103,3,0.000757862826828344
197,4523,234.074884839021,31.9787058405705,235.202038239073,35.9425486583139,0.000631552355690287
197,4523,45,42,47,41,0.00113679424024252
197,4523,159,0,157,5,0.000757862826828344
197,4523,178.148860155148,119.033658375897,175.255154815085,131.831585025598,0.00303145130731338
198,4546,46.2648682649836,28.8682583999351,42.3081584862155,111.014842901908,0.0515961395694135
198,4546,23,16,22,15,0.0287057658995298
198,4546,227.441944037366,58.0868842544268,224.330818978193,38.1041854187559,0.00816629547141797
198,4546,76.1014972170699,5.13393010957413,81.2029778777791,1.26783837229109,0.00136104924523633
198,4546,178.952032291878,21.1030176364223,174.899418056472,19.2160143666377,0.000866122246968572
198,4546,29.2498772248611,141.872445543196,36.4321606880011,156.280081600686,0.0089086859688196
198,4546,165.009727794169,20.0147971784415,160.14148787484,23.2152205623363,0.00123731749566939
198,4546,124.924946501119,5.90813256901897,129.883358751044,1.85722808332934,0.00185597624350408
198,4546,48,11,45,9.00000000000001,0.000989853996535511
198,4546,216,16,214,18,0.000989853996535511
198,4546,0.0668909135711843,140.813742698632,75.97336378835,168.074168353155,0.0148478099480327
198,4546,238,29,239,29,0.000742390497401633
198,4546,75,9.99999999999999,73,9,0.000989853996535511
198,4546,101,6.00000000000001,103,3,0.00136104924523633
198,4546,56.2604752263807,72.1227312073653,86.1839382989325,8.61548651191028,0.0230141054194506
198,4546,23.8281205703142,101.123762011042,1.69881417583205,105.464560527376,0.00544419698094531
198,4546,150.666637247307,48.0698844753084,157.565617412393,63.1162036997619,0.00680524622618164
198,4546,109.697270591479,117.005542361111,109.038404489777,81.0176048623308,0.00754763672358327
198,4546,224,27,225,30,0.00111358574610245
198,4546,116,0,117,0,0.000618658747834694
198,4546,7.03756042514494,72.0180226929019,10.9064117191887,63.9550933505738,0.00148478099480327
198,4546,30.1863893147325,103.779701074475,15.0927227331445,107.387876390687,0.00358822073744123
198,4546,151,14,149,14,0.000742390497401633
198,4546,59.4883654495462,38.0915435999514,63.4948405127327,16.7178594061198,0.00779510022271715
198,4546,217,29,221,29,0.000618658747834694
198,4546,56.5168247165648,30.5792555830804,50.6169929709046,25.6580205372828,0.00259836674090572
198,4546,48.8775759892516,26.8894414161327,46.7395178519591,67.9343405838929,0.0117545162088592
198,4546,186,17,183,17,0.000618658747834694
198,4546,15,54,13,53,0.000989853996535511
198,4546,191,5.00000000000001,193,8,0.00136104924523633
198,4546,172.987959190864,15.0564732473342,168.001432201753,13.9932827534341,0.00123731749566939
198,4546,27,74,18,68,0.00210343974263796
198,4546,179.426657603373,76.0422016504672,182.371212650825,116.046282751954,0.0118782479584261
198,4546,147,5,147,1,0.000989853996535511
198,4546,154,8,152,11,0.000866122246968572
198,4546,61.9648797625378,114.187604240824,23.019311274305,106.896843608781,0.00866122246968572
198,4546,167,9,165,6.99999999999998,0.000742390497401633
198,4546,138,0,140,0,0.00136104924523633
198,4546,93.6637165645503,4.083605128941,95.8874248819407,13.0279878705542,0.00173224449393714
198,4546,146.029191314514,20.3885497785249,143.200170919299,13.3201180797105,0.00185597624350408
198,4546,126,11,127,9,0.000866122246968572
198,4546,44,45,45,42,0.000989853996535511
198,4546,154.006862229562,72.9996221133572,156.376680834248,116.034324702317,0.0107646622123237
198,4546,7.70781116137506,89.2088102175146,21.7666557967392,108.881398730236,0.00581539222964613
198,4546,17,25,13,25,0.000618658747834694
198,4546,21,24,21,26,0.00111358574610245
198,4546,185,6,187,6,0.000618658747834694
198,4546,83.8728524116306,19.1543615685798,64.9917723697137,17.0746979185744,0.0044543429844098
198,4546,217.011353570268,21.947092000353,221.996387483142,23.0168344438044,0.000742390497401633
198,4546,186.914889799063,21.8972463976664,183.068739840392,25.0829896551337,0.000742390497401633
198,4546,234.190984110287,31.9513488202127,233.173181702641,27.9558837950531,0.000742390497401633
198,4546,55,13,52,11,0.000742390497401633
198,4546,136,7.00000000000001,137,10,0.000989853996535511
198,4546,223,15,223,17,0.00111358574610245
198,4546,36,74,38,77,0.000989853996535511
198,4546,161,11,163,15,0.000742390497401633
199,4569,223.918499622988,39.3581226685359,101.133125161842,11.4150316850543,0.0375767346685682
199,4569,41.5803907088252,31.9076822325357,39.3983472092866,160.006785456859,0.0488621566317356
199,4569,83.8176636062996,8.44032934134734,34.4471772348535,112.73831586109,0.0204005704718795
199,4569,84.0221422925176,180,39.8658608561742,165.63186362205,0.0181062813914553
199,4569,65.7038188212551,52.2031615546679,22.2585522798384,177.39566942417,0.0634960004960625
199,4569,149.63227953649,59.3978482681043,171.932740319305,72.1179177420896,0.00489861722577045
199,4569,150.962224678615,55.9285539875954,169.943306778722,45.8927737887559,0.00266633595833075
199,4569,136.895481459657,20.5164272282457,84.9973912297935,10.0128899615554,0.00930117194766541
199,4569,76,5,74,2.99999999999999,0.000372046877906616
199,4569,239.238712996557,176.209481969988,220.033377382907,180,0.00334842190115955
199,4569,0,101.198500268767,5.62361347470381,115.31870882074,0.0224468283003658
199,4569,0,91.3548189293126,1.49672680995368,79.9340445358326,0.00192224220251752
199,4569,0,111.1930970263,64.9871751270708,124.119459542622,0.0158740001240156
199,4569,49.5956240844714,79.5826307589712,39.3034672784203,106.849810322928,0.0062007812984436
199,4569,39.8967853490049,7.0324492863185,0,138.365528379627,0.110435914925281
199,4569,221.192541748262,37.1419084797437,225.062980626393,59.1646784765809,0.00694487505425684
199,4569,156.558060031214,168.019815733898,154.540382559201,123.020608357571,0.0091151485087121
199,4569,151.976599094843,55.7719004516158,155.9349381179,55.3658114579545,0.00062007812984436
199,4569,117.30287356242,7.21523361043548,120.198258738766,3.14089029033764,0.000434054690891052
199,4569,182.994224105272,165.06636541162,177.18243292151,76.9879622926017,0.0195324610900974
199,4569,27.2852769667497,88.6241085805408,33.6685510748997,115.015150531241,0.00731692193216345
199,4569,193,8.00000000000001,191,5.00000000000001,0.000434054690891052
199,4569,166.511930615159,66.9917952154604,189.307298719749,38.2436676061111,0.00750294537111676
199,4569,189,0,193,0,0.000434054690891052
199,4569,145.116316447089,16.9712585487914,144.127260054597,12.9685544156348,0.000496062503875488
199,4569,0,145.690445941715,34.2068516854557,165.76055307106,0.00440255472189496
199,4569,172.747163630926,35.1260137431938,176.571089931586,73.1437237223096,0.00719290630619458
199,4569,105.863784177956,80.0637030782404,108.48832429845,168.074899489124,0.0176102188875798
199,4569,152,11,156,11,0.000372046877906616
199,4569,18.8808552427772,63.9694373699445,17.8563974473414,67.9631635348946,0.000496062503875488
199,4569,96.7526199532033,82.0363653393626,99.2311001522929,167.051569402145,0.0205245860978483
199,4569,168.832640912846,71.1356009663741,175.14656944837,172.053394939593,0.0210206486017238
199,4569,172,122,157,122,0.00198425001550195
199,4569,20.8281227046753,57.3217487913732,12.9418212172694,53.1089088177223,0.000558070316859924
199,4569,230.469507081649,141.547769520645,239.267090563067,131.227687287029,0.00254232033236188
199,4569,237.747930295634,123.311182682918,231.518354864569,134.634740431642,0.00248031251937744
199,4569,27,74,30,72,0.000434054690891052
199,4569,188.123856263451,27.4164094188081,198.099016176802,29.5334518694695,0.00062007812984436
199,4569,150,1,147,1,0.000372046877906616
199,4569,148.675982848122,31.0216824872703,151.22535189717,69.1187553951257,0.00744093755813232
199,4569,188,3,184,7,0.000372046877906616
199,4569,137.303634718092,9.71461303186121,130.027955704642,1.97372436907003,0.00111614063371985
199,4569,94.1885176244615,4.01490111537499,93.4753330567008,13.0375720452646,0.000806101568797669
199,4569,223,15,223,17,0.000496062503875488
199,4569,151.590083560944,74.0242538305026,154.132397962295,116.992166311398,0.00818503131394556
199,4569,185.080345047122,26.462697607195,171.041497241869,26.7884412950373,0.00105413282073541
199,4569,238,29,238,30,0.000434054690891052
199,4569,225.553890810749,70.397771597627,234.683296169617,126.539342473862,0.0114094375891362
199,4569,81,0.999999999999992,79,2.99999999999999,0.00062007812984436
199,4569,138,0,140,0,0.000496062503875488
199,4569,221,29,225,30,0.000372046877906616
199,4569,19,73,23,67,0.000806101568797669
199,4569,100.845759113914,5.89970309834804,104.022382796266,1.01455466947038,0.00062007812984436
199,4569,34.8584013700467,95.6684829609287,0,110.557316096588,0.00347243752712842
199,4569,52,11,48,11,0.000558070316859924
199,4569,201.034587966271,102.03963130603,213.863343726877,90.8434176054567,0.00279035158429962
199,4569,18,79,7,79,0.000744093755813232
199,4569,127,3.99999999999999,125,2.99999999999999,0.000372046877906616
199,4569,0.9110125415664,31.1232554708584,4.96421315254821,34.0495679369975,0.000434054690891052
199,4569,147,5.00000000000002,145,7,0.00031003906492218
199,4569,176,20,179,21,0.000372046877906616
199,4569,88,0,92,0,0.000434054690891052
199,4569,233.876021822795,32.024610052236,233.074200501967,27.9852709705006,0.000372046877906616
199,4569,7.43405407767036,60.5009497982614,13.8951478238346,66.1205529503349,0.000496062503875488
199,4569,99,3,97,2,0.00031003906492218
199,4569,217.031035219745,59.0692865395898,199.887303688826,66.7484039910162,0.00217027345445526
199,4569,65.4791892197668,130.927647176276,64.3623709737566,169.838187625046,0.00713089849321014
199,4569,35.942949606939,72.0231281203568,37.9661303543845,77.0137306896273,0.000372046877906616
200,4592,46.0024830846884,24.7176297711575,39.5296866140177,47.5837937974813,0.00778520810460126
200,4592,81.1868634474367,1.2453650382501,76.0942529850429,5.12376089383701,0.000998103603154007
200,4592,21,24,21,26,0.000898293242838607
200,4592,101.034653846838,6.02320493907135,103.040772777064,3.02730230245348,0.00119772432378481
200,4592,88.3431695150837,12.0829687261032,91.2498844788211,0.0604150309670786,0.00239544864756962
200,4592,21.9999999999999,15,21.9999999999999,12,0.0237548657550654
200,4592,238.603463244989,122.021817773529,237.843909265364,143.030510924043,0.00918255314901687
200,4592,127,8.99999999999999,125,5.99999999999999,0.000499051801577004
200,4592,57.2975119910815,102.106073307333,24.2664969824766,110.990767456903,0.00429184549356223
200,4592,221.807819946225,50.0492580781188,237.384228471684,52.902202544762,0.00489070765545464
200,4592,81.1100122520079,8.58439763100894,35.8665015593333,105.470684132167,0.0269487972851582
200,4592,146.308601332138,22.2088328943904,143.566661370458,13.1308873801251,0.00289450044914662
200,4592,157.35396006017,5.14600818025683,159.407367607775,0.168038741654209,0.000998103603154007
200,4592,222.467573119741,55.8191873114845,239.136672913101,48.3031122506212,0.0103802774728017
200,4592,176,20,179,21,0.000698672522207805
200,4592,167,9.00000000000001,163,15,0.00109791396346941
200,4592,221.628145989202,36.1184174891958,90.7438957600869,7.58742227288557,0.0836410819443058
200,4592,238.9595343704,173.809380496483,213.065041648169,179.306388577278,0.0156702265695179
200,4592,18.8684082429508,151.326460289189,0.0967916425802144,143.759873807171,0.00339355225072363
200,4592,95,7,94,7,0.000698672522207805
200,4592,94,4.00000000000001,97,2.00000000000001,0.00109791396346941
200,4592,147,1,145,6.99999999999999,0.000898293242838607
200,4592,204,3.99999999999999,208,3,0.000499051801577004
200,4592,204.055752762581,46.5152784712248,209.650638007119,58.7012764155891,0.00269487972851582
200,4592,49.9445346816231,70.1426019343486,38.2033367488262,57.850586019,0.00389260405230063
200,4592,155.779979546892,29.8553281558744,152.579160967909,78.9725752261573,0.0195628306218185
200,4592,240,151.522284059275,214.273734387076,85.8008596947273,0.0701666833017267
200,4592,194.748740029842,128.831879356093,192.241148760515,147.494956679023,0.00339355225072363
200,4592,18.9647124016578,72.9766826739481,20.9524189621055,69.9685594195525,0.00129753468410021
200,4592,61,12,62,14,0.000898293242838607
200,4592,136,7.00000000000002,137,10,0.00139734504441561
200,4592,165,20,163,21,0.000898293242838607
200,4592,193,8,191,5,0.000798482882523206
200,4592,218.24496790882,13.2095637932415,213.168259255713,19.1439414984807,0.000698672522207805
200,4592,180,28,179,27,0.000598862161892404
200,4592,172,15,171,17,0.000998103603154007
200,4592,80.1035914040291,18.6648402423023,57.1640949649003,16.8850272797335,0.00808463918554746
200,4592,173.97362186984,57.1646826359598,209.503636441329,62.8557219098137,0.0140732608044715
200,4592,227.680134776628,48.8238434514237,228.757970127786,46.86670902672,0.000998103603154007
200,4592,195,29,197,28,0.00119772432378481
200,4592,18.9209183623236,55.2255234840577,12.9533775727075,53.1329569359863,0.000898293242838607
200,4592,233,38,235,35,0.000499051801577004
200,4592,237.250698405698,54.8472608643779,238.660561936542,47.9308082662521,0.00109791396346941
200,4592,116.947861365589,0,113.038247675982,3.04904281335741,0.000898293242838607
200,4592,10.0979008666469,59.9722909314803,11.2202291192827,63.9376681334371,0.000698672522207805
200,4592,164.829774227745,23.7966905381985,172.889169216167,25.5187101556428,0.00149715540473101
200,4592,189,0,190,0,0.000698672522207805
200,4592,54.4025010849898,44.9063650116052,59.1110066222948,14.8606844589784,0.00479089729513924
200,4592,236.094254167172,137.887792777445,232.764049670765,135.090418025832,0.00279469008883122
200,4592,233.001336419025,134.979322846962,235.988856417568,135.172414156798,0.00139734504441561
200,4592,24,72,27,74,0.000898293242838607
200,4592,218.26829621658,74.9568631728398,150.130102549388,66.009239439335,0.0150713644076255
200,4592,219.435695499213,107.751406726506,229.248350586731,71.6939568912846,0.020660744585288
200,4592,117.052296198325,7.03938983207118,120.060479378366,3.04555345577481,0.000499051801577004
200,4592,9,15,6,17,0.000698672522207805
200,4592,148.760547902834,58.8597633550674,154.217661599447,49.5418185357575,0.00299431080946202
200,4592,225,30,224,27,0.000598862161892404
200,4592,130,1.99999999999999,131,3.99999999999999,0.000998103603154007
200,4592,151,14,149,14,0.000698672522207805
200,4592,35,66,33,63,0.000598862161892404
200,4592,140,0,138,0,0.000898293242838607
200,4592,55,13,52,11,0.000598862161892404
200,4592,154,122,175,122,0.00419203513324683
200,4592,111,7,107,6,0.000499051801577004
200,4592,75,10,73,9.00000000000001,0.000499051801577004
200,4592,26.0181637188654,140.992514969281,32.6705794596507,157.135749891427,0.00399241441261603
200,4592,111,10,113,10,0.000499051801577004
200,4592,234.047132295342,31.987411796606,232.983352561799,28.0044462366312,0.000998103603154007
200,4592,37,39,38,37,0.000698672522207805
200,4592,172.889426517144,148.430722638592,154.968583853448,148.985896638365,0.00528994909671624
200,4592,74,3,69,7,0.000499051801577004
200,4592,162,13,161,11,0.000499051801577004
200,4592,18,79,18,82,0.000598862161892404
200,4592,45.4638118002092,164.255196462418,69.7601024078008,179.385235078639,0.00229563828725422
200,4592,239.100594976123,63.2428445590767,225.176041705728,69.0108968023834,0.00349336261103903
200,4592,46,14,48,11,0.000598862161892404
200,4592,13,25,17,25,0.000499051801577004
200,4592,38.0753175384004,76.9606912815089,42.8373074424098,86.084910315482,0.00239544864756962
200,4592,223,15,223,17,0.000898293242838607
200,4592,171,8,172,10,0.000598862161892404
200,4592,152,11,156,11,0.000499051801577004
200,4592,137.068708322978,16.0551043203977,133.062611806074,21.050214892069,0.000898293242838607
200,4592,137.153093161009,19.30286801226,83.1234761399968,7.43773342749734,0.0141730711647869
200,4592,25,107,29,108,0.000898293242838607
200,4592,187,22,189,25,0.000499051801577004
201,4615,9.21341530117188,105.12490995671,17.7939146289845,90.4646707213277,0.00188919850753318
201,4615,16.113967102443,65.6753995541795,11.0375434398807,63.8930689904219,0.000708449440324942
201,4615,33.1567964240175,82.9835038495816,32.5524678610781,113.873862655448,0.00335332735087139
201,4615,30.577387603981,93.8346019253596,33.4449991932477,97.7159666473127,0.000708449440324942
201,4615,28.0548436141916,108.278759923681,22.8189752570328,93.3615485654754,0.00198365843290984
201,4615,14.3642458805299,106.211682594377,20.4758289906219,95.6953764336309,0.00179473858215652
201,4615,140,4.44523061027278e-16,138,4.44523061027278e-16,0.000472299626883295
201,4615,37.9795586945227,77.2195142425111,42.9365741702205,77.681114667318,0.000472299626883295
201,4615,33,63,35,66,0.000283379776129977
201,4615,75,10,73,9.00000000000001,0.000425069664194965
201,4615,21,24,21,26,0.000330609738818306
201,4615,21,70,18,68,0.000566759552259954
201,4615,238,29,239,29,0.000283379776129977
201,4615,234.082029787675,31.9769897609372,232.9688893051,28.008726885042,0.000425069664194965
201,4615,222.456886019978,18.094648608009,223.093942526683,15.0194611544119,0.000425069664194965
201,4615,15,54,16,56,0.000377839701506636
201,4615,214.204917242586,18.1655905711974,218.229373068535,13.1853529598424,0.000472299626883295
201,4615,48,11,45,9,0.000330609738818306
201,4615,193,7.99999999999999,191,5,0.000283379776129977
201,4615,145,6.99999999999998,147,5,0.000236149813441647
201,4615,31.0756664345932,28.1753688370838,37.2252333773054,25.5220136995072,0.000283379776129977
201,4615,222,23,218,22,0.000236149813441647
201,4615,9,15,10,15,0.000283379776129977
201,4615,131,4,130,2,0.000330609738818306
202,4638,55.9145435514588,66.9591613770246,86.3906520463232,3.18668797857502,0.026281208935611
202,4638,152.35007730013,23.903302333082,155.073202072349,61.9231331891013,0.0162067455102935
202,4638,168.946370902165,19.9643386338109,172.478199850093,14.6530222029748,0.00189808731201635
202,4638,138.911487262124,12.3186964597369,126.997298983018,9.00972520532789,0.00219010074463425
202,4638,0,64,13,64,0.00160607387939845
202,4638,228.220054494183,52.4878987251408,239.984138055884,47.1820036196497,0.0113885238720981
202,4638,15.9907959110681,66.011868102153,21.0500421630234,69.935473732695,0.000876040297853701
202,4638,234.122831885138,31.9668390655629,233.048378029643,27.9869393792386,0.00102204701416265
202,4638,19,63,19,64,0.00102204701416265
202,4638,45.9436412241838,23.9534980318546,42.463037977782,103.020383394152,0.0335815447510585
202,4638,224.500535455221,26.9085066331204,229.293433312843,53.1291540178794,0.0112425171557892
202,4638,48,11,45,9.00000000000001,0.00160607387939845
202,4638,202.409251246686,180,239.459746093301,172.177557841267,0.0273032559497737
202,4638,155.692457301107,57.9611678726637,157.339539393028,44.9166064078812,0.00511023507081326
202,4638,165,6.99999999999998,167,9,0.000876040297853701
202,4638,62.7638824912256,11.9533142504547,60.7858003988419,21.9576479144461,0.00613228208497591
202,4638,150,17,152,11,0.0020440940283253
202,4638,116,0,117,0,0.000730033581544751
202,4638,216,16,214,18,0.00160607387939845
202,4638,164.122934288117,58.1398422201664,171.542620002226,51.6172499713494,0.002920134326179
202,4638,138,0,140,0,0.000876040297853701
202,4638,229.158248749625,69.1032383584021,236.281833711042,58.1838627460838,0.0032121477587969
202,4638,222.091332882091,56.6335658351682,208.108230324886,43.7931469788283,0.00496422835450431
202,4638,45.6783441343713,68.040189093009,48.4671517186012,20.9684309363703,0.0115345305884071
202,4638,81.131481025534,1.17418565594811,76.0228863987174,5.03031983023165,0.0011680537304716
202,4638,52,11,55,13,0.000730033581544751
202,4638,223,15,223,17,0.00131406044678055
202,4638,136,7,137,9.99999999999999,0.00102204701416265
202,4638,13,53,15,54,0.00102204701416265
202,4638,145,7,147,5.00000000000002,0.00102204701416265
202,4638,21,24,21,26,0.000876040297853701
202,4638,145,2.00000000000002,147,1.00000000000002,0.000730033581544751
202,4638,185,6.00000000000001,183,10,0.00131406044678055
202,4638,131,4,130,2,0.00102204701416265
202,4638,204,3.99999999999999,208,3,0.000730033581544751
202,4638,193,7.99999999999999,191,4.99999999999999,0.000730033581544751
202,4638,43,32,43,36,0.000876040297853701
202,4638,144.121721566713,12.5214935352919,227.094632421641,33.6279851898983,0.0198569134180172
202,4638,182,97,199,97,0.0023361074609432
202,4638,97,2,91,0,0.0011680537304716
203,4662,225.181861925978,29.1677483824191,91.7019944831092,0,0.0544529686457638
203,4662,83.1207680719475,12.9995820571124,61.1987961087885,10.3532138006252,0.0061707805203469
203,4662,161.57142112424,63.0658218380535,155.408413911006,22.9372751299014,0.0126751167444963
203,4662,186.234646566516,112.980423354283,179.219640796914,28.8982449386016,0.0235990660440294
203,4662,179.936399609181,41.7898227078845,180.41173670273,43.9075846418604,0.000917278185456971
203,4662,198.589369336388,137.680988424473,216.200936354088,145.550303416512,0.00366911274182789
203,4662,204.996426929148,139.9749227363,211.016690487147,139.11714062352,0.00166777851901268
203,4662,203.884150519885,154.999774825443,203.877697002056,100.999895106558,0.0130086724482989
203,4662,160.241923201511,42.5571587329375,173.619796124604,49.8654610247153,0.00350233488992662
203,4662,188.120148455944,165.995366965211,186.229014638828,116.952608066972,0.013425617078052
203,4662,161.864254192579,163.006052801446,157.582260278039,66.9740374607531,0.0235156771180787
203,4662,43,32,73,32,0.00300200133422282
203,4662,231.544701991369,52.7148444330735,226.705484578251,26.5005612778174,0.00900600400266845
203,4662,72.1976880737697,112.131135238992,0.0639485573176017,95.7189377846068,0.0155103402268179
203,4662,152.641351890946,52.4962936245131,174.728962991828,58.1542778373329,0.00400266844563042
203,4662,47.2341418404588,27.9603641390697,43.2464089780329,105.012752533695,0.0215143428952635
203,4662,37.2150905012313,151.178037678675,30.4128473802128,132.846803103167,0.00650433622414943
203,4662,209.883701625292,144.985979626711,210.423244727106,178.993285008314,0.00783855903935957
203,4662,79,3,74,3,0.00066711140760507
203,4662,50,22,67,22,0.00266844563042028
203,4662,19.4195757154769,123.59079300585,0,127.58467512295,0.00942294863242161
203,4662,7.64565696944206,140.355084879898,13.0292328428793,130.566035894752,0.00308539026017345
203,4662,63.8191973380245,12.9919716871492,62.2641893497782,48.0117309929439,0.00483655770513676
203,4662,229.477315228635,31.802768604198,87.4456483794557,0.948541022608669,0.0240160106737825
203,4662,162,11,161,11,0.000416944629753169
203,4662,130,1.99999999999999,131,3.99999999999999,0.000583722481654436
203,4662,23,67,19,73,0.000750500333555704
203,4662,222.055896573128,22.7973028792413,218.082307308249,21.7015299245387,0.000416944629753169
203,4662,152,11,149,13,0.000500333555703803
203,4662,21,24,21,26,0.00066711140760507
203,4662,36.4232011282218,104.952800313567,2.1711732369568,58.4024380757951,0.0171781187458306
203,4662,183,17,180,15,0.000416944629753169
203,4662,48,11,45,9,0.000416944629753169
203,4662,136,7.00000000000001,137,10,0.00066711140760507
203,4662,204,3.99999999999999,208,2.99999999999999,0.000583722481654436
203,4662,238.895245565549,172.482482054719,206.988065104686,178.941038080801,0.00483655770513676
203,4662,214.147227139981,18.1232718166203,218.256835706427,13.2150459766347,0.00066711140760507
203,4662,171,17,172,15,0.000833889259506338
203,4662,138,0,140,0,0.000750500333555704
203,4662,222.445874488768,60.0758498501109,182.505035696323,50.8205424726913,0.00850567044696464
203,4662,15,54,16,56,0.000416944629753169
203,4662,191,4.99999999999999,193,7.99999999999999,0.000583722481654436
203,4662,73,9,75,9.99999999999999,0.000500333555703803
203,4662,238.984544827095,47.968626398556,231.765848983626,51.5246794901188,0.00141761174116077
203,4662,42,45,60,45,0.00225150100066711
204,4685,214.23246721217,18.1964835286461,218.364321460525,13.3079280103941,0.00217108119843682
204,4685,223,15,223,17,0.00108554059921841
204,4685,16,56,15,54,0.00173686495874946
204,4685,11,64,5,64,0.00130264871906209
204,4685,81.1711885584247,1.21543203448317,76.1581083814735,5.19897130160523,0.00173686495874946
204,4685,19,73,18,68,0.00151975683890578
204,4685,218,22,222,23,0.00108554059921841
204,4685,191,4.99999999999999,193,7.99999999999999,0.00151975683890578
204,4685,21.4734829916905,136.477356111572,9.95865630747259,126.045636334575,0.00629613547546678
204,4685,52,11,48,11,0.00108554059921841
204,4685,8.37865055844145,143.381345705251,17.3590466436924,134.361826823858,0.00217108119843682
204,4685,10.9817116863916,143.816036105701,7.58740527056642,125.702534604149,0.00303951367781155
205,4708,62.8589397467835,112.620995246873,0,98.3424673479095,0.0246227164416203
205,4708,131.780146649469,8.23307755437266,135.74191490674,15.3652684767896,0.00370664548583532
205,4708,9.2534825733549,112.952216424103,7.07650290733893,55.8446010417644,0.0193275086047127
205,4708,3.74657217159313,95.9679512307192,3.08553844407295,59.9433818359703,0.00714853057982526
205,4708,48.740442978308,59.6699848873799,41.9952377162373,105.853251440415,0.00864883946694908
205,4708,64,12,82,12,0.00423616626952608
205,4708,182,116,162,116,0.00370664548583532
205,4708,239.431860633756,48.0706628075697,231.163648151776,51.4057141955959,0.00335363163004148
205,4708,209.190726657286,180,239.364235028956,173.761752626601,0.0126202453446298
205,4708,128.806541695552,11.2989432763406,131.981025321871,2.73426358922251,0.0039714058776807
205,4708,124.647009865786,4.81741513578504,126.436590227138,11.1589930885372,0.0030888712381961
205,4708,127.110258656232,7.55356917728288,229.065618448022,32.734314758251,0.0528638249051275
205,4708,42.1053947838785,103.947134549289,46.6571678975691,26.9206472049968,0.014385314623599
205,4708,147,5,145,6.99999999999998,0.0004412673197423
205,4708,87.7134571757109,1.57716143078209,133.826475734704,9.95509555756117,0.0171211720060012
205,4708,164.006325198676,57.7993521826537,155.490975715208,47.2139201417994,0.00476568705321684
205,4708,174.126333477537,180,213.100810194636,177.73358788257,0.0083840790751037
205,4708,39.0927995794219,107.993325200809,37.8047764210236,90.0859688958531,0.00467743358926838
205,4708,155.862336510261,180,108.408328247651,0,0.218427323272438
205,4708,165.288856328657,180,200.336852027361,172.59414184896,0.0052952078369076
205,4708,177.949977026837,177.043435975149,175.175200945255,173.847869420328,0.0013238019592269
205,4708,34,67,35,66,0.0004412673197423
205,4708,161.061228366925,43.8259684864032,173.881617723312,48.3364820561068,0.00300061777424764
205,4708,223,15,223,17,0.00097078810343306
205,4708,81,13,72,13,0.00202982967081458
205,4708,193,7.99999999999999,191,5,0.00061777424763922
205,4708,76.0561407036288,5.07542459235757,81.1894641612484,1.2545436057056,0.00079428117553614
205,4708,213,14,216,16,0.0004412673197423
205,4708,15,54,16,56,0.00061777424763922
205,4708,166.040168048386,57.1470605394299,175.177866749328,54.6511937013001,0.00185332274291766
205,4708,55,13,48,11,0.00052952078369076
205,4708,224.966191486538,125.778939856574,205.124415574427,128.813502929027,0.00467743358926838
205,4708,166,15,163,16,0.00079428117553614
205,4708,215.885960632823,59.4701783037222,181.713363342956,51.1817878380978,0.00670726326008296
205,4708,18,68,21,70,0.00061777424763922
205,4708,167.240089122453,17.4857146066234,172.05278815597,15.1067935862708,0.00079428117553614
205,4708,17,25,21,26,0.00079428117553614
205,4708,233.003608169978,27.9990491626323,234.054189343805,31.985719837663,0.00105904156738152
205,4708,138,0,140,0,0.00052952078369076
205,4708,177.157161943399,144.941899518792,158.039585855689,146.489124481742,0.004412673197423
205,4708,119.970772841062,177.926092917524,117.102907545382,108.571230333779,0.0840172976789339
205,4708,11.0845621340587,63.9783696846892,10.0628170062461,59.9839319138866,0.0004412673197423
206,4731,145,7,147,5,0.00168918918918919
206,4731,217.94693789571,178.046079155761,218.846173001913,101.021553441064,0.0451254826254826
206,4731,215.973610289558,179.092380814859,213.896009282817,156.009359746199,0.00868725868725869
206,4731,3.63227782342624,155.856729093321,13.2004463688628,131.298862845988,0.0127895752895753
206,4731,73,9,75,9.99999999999999,0.00144787644787645
206,4731,126.102927804513,7.57564913043886,228.162382122422,32.3305308009143,0.0386100386100386
206,4731,131,3.99999999999999,130,1.99999999999999,0.00168918918918919
206,4731,79,3,81,1,0.00168918918918919
206,4731,162,15,163,15,0.00120656370656371
206,4731,138,7.99999999999999,136,6.99999999999998,0.00144787644787645
206,4731,43,35,45,32,0.00144787644787645
206,4731,35,66,36,66,0.00120656370656371
206,4731,193,7.99999999999999,191,4.99999999999999,0.00144787644787645
206,4731,152,11,154,8.00000000000001,0.00168918918918919
206,4731,17,25,21,24,0.00144787644787645
206,4731,223,15,223,17,0.00193050193050193
206,4731,48,11,45,9.00000000000001,0.00168918918918919
206,4731,206.996469177501,102.943150867966,207.984099506279,155.000301664797,0.027992277992278
206,4731,183,17,182,20,0.00120656370656371
206,4731,140,3.53382293427637e-16,138,3.53382293427637e-16,0.00193050193050193
206,4731,214,18,216,16,0.00120656370656371
206,4731,44,45,45,42,0.00217181467181467
206,4731,42,70,44,71,0.00168918918918919
206,4731,173,15,171,17,0.00144787644787645
206,4731,161.944612082098,10.7560755675714,156.973839027069,11.8847889446712,0.00120656370656371
207,4754,37.4881799341716,162.084491318979,20.1530489283038,133.90584631652,0.00665368386887374
207,4754,2.52760697056892,145.763487074516,19.177845841604,134.257356344581,0.00567997403440441
207,4754,24.4183691191348,137.025392086536,33.6933935205393,150.523546583788,0.0035702693930542
207,4754,21,24,21,26,0.00113599480688088
207,4754,222.324031845256,165.738878504019,217.097529744867,151.962997689711,0.00811424862057773
207,4754,204.832955727777,158.561942455089,224.705051946089,173.409874908098,0.00795196364816618
207,4754,81.2328647673799,1.29531677625067,76.2049692213807,5.25993992294241,0.00113599480688088
207,4754,234.016771981485,31.9305593143784,137.342749658556,8.58092072736089,0.0355404089581305
207,4754,138,0,140,0,0.00146056475170399
207,4754,75,10,73,9.00000000000001,0.00129827977929244
207,4754,0,145.380026700428,24.9840648985211,147.216756737017,0.0131450827653359
207,4754,223,15,223,17,0.00129827977929244
207,4754,167.984756967471,14.0670884144509,172.955364767459,15.1964508685565,0.00113599480688088
207,4754,21,70,19,73,0.000973709834469328
207,4754,15,54,16,56,0.000811424862057773
207,4754,214,18,216,16,0.00146056475170399
207,4754,161,11,162,13,0.000811424862057773
207,4754,156,11,152,11,0.000811424862057773
208,4777,238,29,239,29,0.00129533678756477
208,4777,131,3.99999999999999,130,1.99999999999999,0.00111028867505551
208,4777,13.9704403345066,134.187199922339,23.0596214354975,135.622420351901,0.00499629903774981
208,4777,56.0445682192481,109.851562573072,34.104665128582,110.999830994145,0.00610658771280533
208,4777,145,7,147,5,0.00111028867505551
208,4777,81.2169511941982,1.29058713255405,76.0889459892636,5.11913536621826,0.00148038490007402
208,4777,55,25,55,22,0.00333086602516654
208,4777,18,68,21,70,0.00203552923760178
208,4777,76,14,62,14,0.00222057735011103
208,4777,223,15,223,17,0.00111028867505551
208,4777,66.017008938952,14.8271590890758,79.9801954560653,16.201249203361,0.00499629903774981
208,4777,126,7.99999999999999,125,5.99999999999999,0.000925240562546262
208,4777,43,32,43,35,0.000925240562546262
208,4777,138,0,140,0,0.00111028867505551
208,4777,21,24,21,26,0.000925240562546262
208,4777,75,10,73,9.00000000000001,0.00111028867505551
208,4777,193,8,191,5,0.000925240562546262
208,4777,204,4,208,3.00000000000001,0.00111028867505551
208,4777,13,53,15,54,0.00111028867505551
208,4777,39,72,42,70,0.000925240562546262
208,4777,0,101.966827819365,39.8700474501832,109.672398519118,0.0142487046632124
209,4800,112,5,86,5,0.00453015790836138
209,4800,8.87974065756072,137.311480354379,0.437727523645195,161.15498149712,0.00815428423505048
209,4800,15.7616114389278,66.3212374346076,20.900165553006,70.1345306230029,0.00116489774786435
209,4800,7.86066098973487,65.7976945520017,10.8297045892944,63.7527491454884,0.000776598498576236
209,4800,24.9907313563791,138.029175692919,18.0553074115803,135.825904185942,0.00440072482526534
209,4800,186.093048554684,19.4522608926279,86.0910260597969,2.46416649984617,0.0300284752782811
209,4800,90.5180711776921,0,84.057301310303,7.14792641457496,0.00297696091120891
209,4800,7.14170133430084,160.009331152839,8.46166712325674,139.964550324274,0.00621278798860989
209,4800,1.8965544193614,151.638259208432,60.0743820282177,137.301845703128,0.0174734662179653
209,4800,0.056417120283609,104.375207347006,50.2743091640223,96.8243188091631,0.0213564587108465
209,4800,63,16,86,16,0.00582448873932177
209,4800,1.08352523087552,104.559802517815,44.8364956958993,112.861705885002,0.029640176028993
209,4800,47.8589269241997,35.283802281125,72.0068847517515,37.9373469391423,0.00918974889981879
209,4800,48.6277181145239,28.3259325090234,80.8195956357115,31.0963069509745,0.0102252135645871
209,4800,64.642714501528,36.2443333627,54.9329415264896,22.0458586267856,0.00388299249288118
209,4800,15,54,16,56,0.00129433083096039
209,4800,64.0078741911859,55.1490057691675,41.963744454811,56.313925040689,0.00543618949003365
209,4800,64.8397811511961,172.816686007298,101.455398275292,180,0.00634222107170593
209,4800,239.177022399515,174.64659202245,220.228411758978,179.834296798563,0.00711881957028216
209,4800,12.3336277425237,78.8534175797434,0.228903808438428,83.5855344424114,0.00414185865907326
209,4800,21,24,21,26,0.000776598498576236
209,4800,0,144.041569306809,6.93297159849358,144.702794921475,0.0036241263266891
209,4800,55,13,52,11,0.00116489774786435
209,4800,191,5.00000000000001,193,7.99999999999999,0.000906031581672275
209,4800,38,68,35,66,0.000776598498576236
209,4800,0,86.2713823564962,3.90405535554036,102.267479530294,0.00660108723789801
209,4800,21.0091053311558,109.483757996266,0,66.4502358001979,0.013202174475796
209,4800,131,3.99999999999999,130,1.99999999999999,0.000906031581672275
209,4800,80,17,68,17,0.00478902407455346
209,4800,135.360023534206,6.70744505904063,134.430936865455,8.7398619470756,0.000647165415480197
209,4800,73,9.00000000000001,75,10,0.00103546466476831
209,4800,8.75777621378492,116.576613999007,2.94426827152083,119.902585811171,0.00284752782811287
209,4800,14.6153631366194,93.2881014437668,27.9243856787557,111.056636784443,0.00517732332384157
209,4800,223,15,223,17,0.000647165415480197
209,4800,117,0,116,0,0.000647165415480197
209,4800,76.037329573959,5.04782505660185,81.0845132420117,1.10827475789707,0.00116489774786435
209,4800,26,72,27,74,0.00142376391405643
209,4800,152,11,156,11,0.000647165415480197
209,4800,138,0,140,0,0.000906031581672275
209,4800,137,179,186,179,0.00530675640693761
209,4800,216,16,214,18,0.000776598498576236
209,4800,162,13,161,11,0.000647165415480197
209,4800,45,9,46,14,0.000647165415480197
209,4800,37,80,38,77,0.000906031581672275
209,4800,40.7050146327655,157.266630232353,35.9695283624098,152.027542585881,0.00245922857882475
209,4800,32.3854367832365,103.436532427716,38.7338801728634,97.8311674117413,0.00207092932953663
209,4800,6.95319859012456,69.1450791666773,3.03804021875455,67.8820795516241,0.00103546466476831
209,4800,12.0969916512369,80.2880104604001,1.90572776418321,83.7200646685124,0.00232979549572871
210,4823,18,68,27,74,0.00565681961030798
210,4823,76.100771729373,5.13468441111502,81.2249928910926,1.30070968544859,0.00282840980515399
210,4823,138,4.64162015489971e-16,140,4.64162015489971e-16,0.00188560653676933
210,4823,21,26,17,25,0.00282840980515399
210,4823,231.092447259493,29.5682782614808,125.23545098557,6.9004616320314,0.0672532998114393
210,4823,214,18,216,16,0.00282840980515399
210,4823,64.7067088976582,17.2529559327009,61.943297770602,14.0489041952145,0.00345694531741043
210,4823,55,13,48,11,0.00219987429289755
210,4823,130.019526993998,2.02101782459105,123.270586152567,8.2912446376551,0.00251414204902577
210,4823,150,14,154,8.00000000000003,0.00282840980515399
210,4823,223,15,223,17,0.00157133878064111
210,4823,190.966960086376,4.81546736874716,184.97984632828,5.88743886820552,0.00219987429289755
210,4823,15,54,13,53,0.00188560653676933
210,4823,75,9.99999999999999,73,9,0.00188560653676933
210,4823,145,7,147,5.00000000000002,0.00219987429289755
210,4823,86.9529196876131,2.54094543504782,60.9037445437703,61.9578002698923,0.0348837209302326
210,4823,42.6330465515941,34.6182453144765,52.3069917366569,25.319374390389,0.00471401634192332
210,4823,183,17,184,19,0.00157133878064111
210,4823,135.937869130832,7.01759391592615,137.06071852006,10.9828060261926,0.00219987429289755
210,4823,173,15,162,15,0.00282840980515399
210,4823,42.1291651348976,70.0499403330739,47.7485110743246,55.5161250453838,0.00817096165933375
210,4823,73,17,62,17,0.00408548082966688
210,4823,37.9523672592105,155.021208928573,31.9228439440675,141.479613926751,0.00691389063482087
211,4846,120.670508269083,138.398812673213,107.830697133689,125.216824026172,0.00247592847317744
211,4846,221.829375242478,23.0833905575157,224.976520204184,29.5227388719256,0.00213204951856946
211,4846,235.803386782739,49.5550168840829,229.759136346406,25.0594327629067,0.00729023383768913
211,4846,0.123031929958333,118.005199766994,2.27997920841481,66.9695693601811,0.0112792297111417
211,4846,112.562951695868,3.13464973270909,0,61.2144963555354,0.0922971114167813
211,4846,81.0427972053922,14.4869280820685,62.091245380878,12.9061098232844,0.00859697386519945
211,4846,100.873054079839,0.895631528859935,101.712162109243,7.91486521595621,0.00233837689133425
211,4846,106.772106606299,0,233.735524899808,24.129918285966,0.0674690508940853
211,4846,35.054357782428,126.89909871035,72.9235425481868,177.05772449552,0.0237276478679505
211,4846,12.9138736341573,63.6257696421311,8.89651305476971,64.5503356472858,0.000825309491059147
211,4846,64.1879073154409,42.3784532634138,54.5677849129433,21.735399595014,0.00502063273727648
211,4846,159.295494783099,56.856961696311,177.940996735021,59.4279136692935,0.00563961485557084
211,4846,41.7768047266771,151.830814491724,0.348876708280635,140.701353210804,0.009353507565337
211,4846,21,26,17,25,0.000687757909215956
211,4846,179.689303846412,64.1297634775997,156.756301090239,72.317417710861,0.00268225584594223
211,4846,238.820676793814,171.38031815399,212.960559134812,178.863705380537,0.00715268225584594
211,4846,232.944935758205,45.8754378780216,239.073486474082,43.1662354887644,0.00185694635488308
211,4846,226.688335570396,55.094765138637,183.506166625791,44.8636394948159,0.0101788170563961
211,4846,76.0515757428027,5.06934208943224,81.1861688540203,1.25029862147305,0.00061898211829436
211,4846,166.308765177501,53.8096030085386,156.681165246062,38.1966062961327,0.00481430536451169
211,4846,165.904013298895,53.2005365659742,176.984413361007,51.8701804750975,0.00254470426409904
211,4846,112.524019901928,178.269646754396,56.0790592980341,137.77104844183,0.018019257221458
211,4846,184,115,166,115,0.00268225584594223
211,4846,3.16499716996836,102.157253026363,52.0530955678344,111.728806687323,0.0115543328748281
211,4846,0,155.068516552991,11.535868550366,180,0.0314993122420908
211,4846,216,114,167,114,0.00495185694635488
211,4846,21.0330574001899,69.9580843693841,16.0055007309738,65.9930252649545,0.000550206327372765
211,4846,187.078972970471,142.675639557874,168.104438056041,144.89350168277,0.00268225584594223
211,4846,157.304546310807,43.7011066793647,169.543801845603,37.1479623376218,0.00240715268225585
211,4846,27,74,26,72,0.000825309491059147
211,4846,223,15,223,17,0.000550206327372765
211,4846,212.41457975721,43.4388807875083,221.948825682623,39.8635352790974,0.00185694635488308
211,4846,164.859875111432,37.0797012034304,177.786811524385,49.1578989909207,0.00337001375515818
211,4846,112.636771988701,133.817154883062,106.604322396624,145.800820103604,0.00130674002751032
211,4846,140,0,138,0,0.000550206327372765
211,4846,176.003120786284,92.719512123259,164.004606131335,92.5860133054219,0.00261348005502063
211,4846,190,3.25079949625716e-16,189,3.25079949625716e-16,0.000412654745529574
211,4846,14.9317266687688,54.0399280258011,17.8751929144455,59.0729904406641,0.000481430536451169
211,4846,214,18,216,16,0.000412654745529574
211,4846,73,9,74,3,0.000412654745529574
211,4846,18.5432996236759,11.9780030712804,0,15.3099209121213,0.0150618982118294
211,4846,41,11,52,11,0.000481430536451169
211,4846,172,10,176,10,0.000343878954607978
212,4869,7.73867257235323,85.8422342746351,10.0131259589695,110.908069780162,0.00620750812887969
212,4869,21.9999999999999,18,21.9999999999999,15,0.0341412947088383
212,4869,30.2493216783149,135.904930471913,38.2559282691954,156.902411294754,0.0101980490688738
212,4869,168.39678881725,161.044843680558,164.752087117158,112.018430238766,0.0165533550103458
212,4869,43.4987177538806,27.9540396126794,42.0098543725784,108.981806340883,0.0557197753473249
212,4869,61.0370233879381,11.8213467343683,58.4263176915146,25.893569359253,0.00591191250369495
212,4869,69.9954876591413,26.8873217928796,67.5743859337731,112.931748532434,0.0308897428318061
212,4869,85.1319357759768,0,72.5229356519329,28.2335412213577,0.0171445462607153
212,4869,26,72,27,74,0.000738989062961868
212,4869,74.531869739517,167.066147383866,70.9695645166697,88.0013712867674,0.0190659178244162
212,4869,46.429814545486,19.8943895489717,44.7018617602832,61.9466587266095,0.0131540053207213
212,4869,13,25,17,25,0.000886786875554242
212,4869,41.9405025912189,35.0713686219946,42.2803023737788,40.1158402548355,0.00162577593851611
212,4869,223,15,223,17,0.00147797812592374
212,4869,160.326364814094,62.9710701013157,164.235222761256,107.06779201396,0.0137451965710907
212,4869,21,24,21,26,0.00118238250073899
212,4869,48,11,52,11,0.000886786875554242
212,4869,0.884926466858214,99.788977582192,17.7712951791591,90.5805999612549,0.00369494531480934
212,4869,37,28,33,27,0.000738989062961868
212,4869,14.9256346293749,54.0262100872854,16.2901542599915,57.897735082651,0.00133018031333136
212,4869,76.3283212602395,13.7482990623291,82.0955919906473,11.2178701340126,0.000738989062961868
212,4869,72.4098357585489,13.3121849521,74.9574952838421,9.96762280376717,0.00103458468814662
212,4869,14,14,12,15,0.000886786875554242
212,4869,35.1435250867519,61.8228008479006,34.3088730951449,65.857010287588,0.000738989062961868
212,4869,138,0,140,0,0.000886786875554242
212,4869,77.2337903691088,6.48598705376201,82.1593727208157,2.39635783902366,0.00118238250073899
212,4869,21,70,19,73,0.00103458468814662
212,4869,214,18,216,16,0.000738989062961868
212,4869,193,7.99999999999997,191,4.99999999999999,0.000886786875554242
212,4869,229.396591676533,27.117918421776,233.120140685123,46.1719426427516,0.00487732781554833
212,4869,172.03576099143,10.1260967119459,168.071039093104,11.2504907079435,0.000738989062961868
213,4892,40.6342991367569,42.6448601992012,46.3095639265526,20.8204575129241,0.01304497082046
213,4892,60.3900699494544,82.0252894829025,11.5216856882541,101.81910339848,0.0185375901132853
213,4892,40.6219136806976,108.995311059066,41.4654121601671,40.9809683890383,0.0477171301064195
213,4892,29.0134704694257,138.419136616612,36.0491405591921,154.979122157949,0.00926879505664264
213,4892,214.152912240095,18.128340626516,218.268225934061,13.2251244531102,0.00154479917610711
213,4892,83.8772516091353,0,54.1348507041028,66.6137189514968,0.0264332303467216
213,4892,72.9864954015255,9.02083210358436,77.8763579185038,12.1907294507115,0.00154479917610711
213,4892,194.040833935335,17.8315830488033,181.075628955137,14.6880732179768,0.00137315482320632
213,4892,59.352770125829,11.8526090076261,56.7740777502267,23.1762775365192,0.00549261929282527
213,4892,15,54,13,53,0.00137315482320632
213,4892,17,25,21,24,0.00154479917610711
213,4892,137.994034967849,6.01942613951355,131.035967147648,3.88286687977667,0.00188808788190869
213,4892,189,0,190,0,0.00120151047030553
213,4892,138,0,140,0,0.00188808788190869
213,4892,223,15,223,17,0.00188808788190869
213,4892,48,11,45,9,0.00154479917610711
213,4892,191,5,193,7.99999999999999,0.00102986611740474
213,4892,74,3,76,5,0.00102986611740474
213,4892,117,0,117,2,0.000858221764503948
213,4892,234.129176208952,32.8903201765702,229.090162844649,33.6214286703357,0.00137315482320632
214,4915,42.8833916015048,106.607141570173,0.116527043315742,98.3932820194824,0.0223214285714286
214,4915,76,5,74,3,0.00127551020408163
214,4915,62.267688628708,170.914373424725,31.8822842325579,121.055023548455,0.0341198979591837
214,4915,228.611244366117,23.2763790916112,124.89489738653,0,0.0487882653061225
214,4915,33.203985230498,85.5925268990485,57.1963852236399,7.89898813078192,0.0232780612244898
214,4915,10.431379170938,80.2607346688544,23.5722983146188,105.704424717321,0.00690901360544218
214,4915,194.338334510425,142.854731175786,181.206011384325,21.8690941207715,0.0334821428571429
214,4915,0,122.235568339366,0.347335939131842,123.270051807374,0.0289115646258503
214,4915,216,16,214,18,0.000744047619047619
214,4915,42.2877609477682,68.9653880804718,46.5703547542047,104.570557324064,0.00903486394557823
214,4915,230.129838164516,25.8056467185368,233.75337050356,46.8704061925656,0.00712159863945578
214,4915,233.000508402692,37.9997921262774,230.118628284272,30.9514957268321,0.00201955782312925
214,4915,25.4206407395731,146.795236284512,0.0249987066876791,137.928400813526,0.0078656462585034
214,4915,41.2559235212313,136.48781008294,28.1819901650341,143.346887371166,0.00180697278911565
214,4915,34.3066605975232,81.3047693341353,19.7876201473198,95.7843130662288,0.00903486394557823
214,4915,19.2836067995142,73.2379257628469,23.8902327244926,67.746841403129,0.000850340136054422
214,4915,159,6.99999999999998,157,5,0.000531462585034014
214,4915,88.9363277157731,176.753988732077,4.10972314366444,57.0868048474789,0.0553784013605442
214,4915,34.2465183118539,133.355624194164,29.9495660786557,129.705166549023,0.00201955782312925
214,4915,80.0534487720334,11.5027781449918,61.1642215369419,9.47228413068903,0.00807823129251701
214,4915,9,15,8,16,0.000531462585034014
214,4915,43.764111123524,59.8499235653828,79.5647823938725,48.235505986824,0.0314625850340136
214,4915,158.054317908698,46.865997874818,169.242713558464,51.4012263464462,0.00414540816326531
214,4915,174.959675191866,11.1044939315755,172.012649994816,9.96721998804405,0.000850340136054422
214,4915,25,71,27,74,0.000531462585034014
214,4915,160.18989064209,56.8673266556283,155.502979232739,14.8324171362687,0.0138180272108844
214,4915,161.994167086998,48.000867545482,160.641257317039,38.9046240038202,0.00308248299319728
214,4915,76.1605854499622,10.7186806582083,73.0368006268981,8.93553134397341,0.00116921768707483
214,4915,191,4.99999999999999,193,7.99999999999999,0.000637755102040816
214,4915,12,61,10,67,0.000956632653061224
214,4915,160.451490004219,61.9614626988653,164.293652011077,106.974935090757,0.0102040816326531
214,4915,21,24,21,26,0.000744047619047619
214,4915,13,53,16,56,0.000744047619047619
214,4915,42,67,42,50,0.00286989795918367
214,4915,21,65,19,64,0.00106292517006803
214,4915,140,0,138,0,0.000637755102040816
214,4915,223,15,223,17,0.000531462585034014
214,4915,28.5989030604233,89.0039715461343,28.5458544553249,97.0036197613523,0.000744047619047619
214,4915,48,11,45,9,0.000637755102040816
214,4915,227.963536600955,28.8534815245167,232.906278111268,27.623403505539,0.000531462585034014
215,4938,239.667237497666,45.5688997974672,235.199461307093,47.4690006263056,0.00561482313307131
215,4938,22,15,25,15,0.0426726558113419
215,4938,18,68,21,70,0.00112296462661426
215,4938,86.0631765929704,0,62.1280272228508,49.0624581567557,0.0211491671345686
215,4938,78.9645736068868,3.12683710179466,87.8314625802599,5.60341445981967,0.00299457233763803
215,4938,151.925621165023,6.26764850795756,232.794133313291,28.7408009489879,0.0385551188470896
215,4938,21,24,21,26,0.00131012539771664
215,4938,17,25,19,25,0.000935803855511885
215,4938,0.127426000703557,136.610575456575,37.0958007726123,148.707224805548,0.00748643084409508
215,4938,217.174705428533,180,239.442936029054,174.955138076152,0.0183417555680329
215,4938,211.600949327805,33.6752889447716,220.134145228044,49.4678474601236,0.00542766236196893
215,4938,208.24048385498,48.7495113550706,223.327647492809,41.9427080750417,0.00449185850645705
215,4938,15,54,16,56,0.00187160771102377
215,4938,45.4643116350606,20.9769709269522,43.4867447536387,66.9779353196108,0.0168444693992139
215,4938,62.2723076070038,9.07608243023466,59.1318233478041,20.3162301334317,0.00542766236196893
215,4938,216.116834419779,16.1379985622224,211.231824744599,20.273818978198,0.00149728616881902
215,4938,179.696447614428,180,222.118996489807,176.403703691898,0.015908665543702
215,4938,238,23,238,29,0.000935803855511885
215,4938,76,5.00000000000001,74,3.00000000000001,0.00131012539771664
215,4938,191,4.99999999999999,193,7.99999999999999,0.00149728616881902
215,4938,223,15,223,17,0.00112296462661426
215,4938,172,10,170,12,0.00112296462661426
216,4962,239.140307964292,176.635008638789,224.206524772106,179.934694014509,0.00927464008859358
216,4962,61.1641598385301,20.0422906683678,64.0083104856671,9.0021409377377,0.00719822812846069
216,4962,211.172345825825,49.2536899723153,226.548697048307,38.8076722388136,0.00609080841638981
216,4962,88.6842431722658,0,57.9633137157779,62.4737016047824,0.0253322259136213
216,4962,43.0742736577767,122.002915942084,46.9611324338828,22.9984740811864,0.0380675526024363
216,4962,204,4,204,5,0.000692137320044297
216,4962,232.998909589849,26.7885040194225,237.917121795852,50.0175475410717,0.0110741971207087
216,4962,160.068015558804,16.994628571239,163.219773446532,56.903670185355,0.0168881506090808
216,4962,19,73,21,70,0.000968992248062015
216,4962,239,46,239,50,0.00124584717607973
216,4962,81.0817000438648,11.7295536926772,75.0298111741045,9.90131802172765,0.00138427464008859
216,4962,235.917686514216,154.219296180923,210.167456493777,144.553869342231,0.00526024363233666
216,4962,76.1102668422418,5.14571825616541,81.2144122743106,1.28334703413808,0.000830564784053156
216,4962,13,53,15,54,0.000692137320044297
216,4962,162.898796449764,49.9784462610449,165.881231120884,35.9747053002539,0.00470653377630122
216,4962,48,11,52,11,0.000692137320044297
216,4962,81,179,137,179,0.00609080841638981
216,4962,218.297321870739,13.2536488927498,214.143623192674,18.1225266870028,0.00138427464008859
216,4962,154.120227149107,6.5919037588602,231.854793032239,29.4928871571066,0.0163344407530454
216,4962,21,24,21,26,0.00152270210409745
216,4962,158,1,159,0,0.000692137320044297
216,4962,140,0,138,0,0.000830564784053156
216,4962,147,5,143,5,0.000968992248062015
216,4962,222.942748131944,17.0119792718314,222.299418605281,13.9373502212971,0.000830564784053156
216,4962,44.0906489143674,37.9630884441082,42.9005851449565,35.0404809809806,0.00110741971207087
217,4985,90.1182797800915,0,65.2633313927678,48.1359708355808,0.021866774650739
217,4985,208.537251977307,51.1023017031511,226.393325372481,46.5391075982729,0.00465681312006479
217,4985,210.056627768981,60.0943340591997,228.672419763561,41.7053864977553,0.0115407977323345
217,4985,239.500193258245,51.8878402133089,234.088998223928,27.7558107661602,0.0105284470540595
217,4985,236.769516030757,32.5680623336323,211.232958629818,18.844846056901,0.0117432678679895
217,4985,65.5946411318318,8.80334286763828,60.5243809964993,19.2543999185279,0.00283458189916987
217,4985,61.3369310370089,14.6861957133741,64.1497829267862,13.3050487815244,0.00242964162785989
217,4985,81.9070970426656,12.2545898615577,72.9986213543792,9.00377801964331,0.00344199230613484
217,4985,28,35,29,36,0.00101235067827495
217,4985,18,68,21,70,0.00161976108523993
217,4985,39.8315729507278,45.3879457492489,48.0358473558992,43.1302672382561,0.0022271714922049
217,4985,15,54,16,56,0.00202470135654991
217,4985,64.2816059900976,23.9386330273215,62.7800013191623,17.047941640132,0.00182223122089492
217,4985,14,14,16,11,0.00141729094958494
217,4985,55,13,59,13,0.00101235067827495
217,4985,223,15,223,17,0.00141729094958494
217,4985,79,3,74,3,0.00121482081392995
217,4985,193.163373228708,7.92050069055196,189.30916565527,0,0.00161976108523993
217,4985,214,18,216,16,0.00121482081392995
217,4985,21,24,21,26,0.00141729094958494
217,4985,162.070600682335,42.6224635697612,171.068272321566,41.6019351597266,0.00344199230613484
217,4985,48,11,45,9.00000000000001,0.00101235067827495
218,5008,165.907667933959,59.0058054946917,163.3867701458,18.912805084243,0.0141900329208764
218,5008,237.166338295152,159.298663595865,219.002224649505,154.990620153448,0.00522193211488251
218,5008,192.055430153064,63.9940603513082,187.878396352335,25.0130305060847,0.0148711545010784
218,5008,168.824780340039,110.959302640179,166.555645153913,64.9725826505993,0.0168009989783176
218,5008,21.9999999999999,15,19.9999999999999,12,0.0263367011011466
218,5008,51.7137895015741,18.9742475374762,43.8683170595214,106.168106220151,0.0396185719150868
218,5008,234.196774477521,163.967948637381,228.22326339975,162.829018382679,0.00351912816437734
218,5008,192.187269767826,67.9859966063466,195.481386467145,112.03878014876,0.0166874787149506
218,5008,237.970112201199,31.1020040914232,138.321062278788,1.90424630278831,0.0275854239981837
218,5008,29.3697969151749,132.459696867995,36.7255411682052,151.108257629129,0.00783289817232376
218,5008,91.8048395783359,0,58.8923096369915,63.9445713338447,0.0166874787149506
218,5008,230.241471313404,159.966167825975,230.528642496585,178.992020810244,0.00578953343171756
218,5008,195.71778120317,116.943721531845,197.192648496162,161.960926088673,0.0186173231921898
218,5008,73.0161412142984,8.97047001372699,76.9376856711001,11.1140026545095,0.00124872289703712
218,5008,76.0534896514655,5.07013948359105,81.1436143136745,1.18831743190372,0.00124872289703712
218,5008,117.333652075442,68.9952223704259,118.693901861391,163.990063883013,0.0219094108298331
218,5008,169.271003386444,114.93960151128,170.575382626431,163.984697406759,0.020206606879328
218,5008,237.064574570712,32.8429067512144,239.872480021862,51.8712530574132,0.00862754001589284
218,5008,66.2317216667633,10.061357757891,63.8737066796795,18.9665586948354,0.0030650471109093
218,5008,54.8215596101311,138.990611811521,32.4694828076623,129.851728837716,0.00578953343171756
218,5008,223,15,223,17,0.000681121580202066
218,5008,171,13,172,9.99999999999999,0.000681121580202066
218,5008,165.689461566786,46.2493715602354,172.827629593211,55.1384185423832,0.00431377000794642
218,5008,18,68,21,70,0.000794641843569077
218,5008,26,37,29,36,0.000567601316835055
218,5008,138,0,140,0,0.000794641843569077
218,5008,61.9807685032873,14.0094955356367,60.9908197720089,12.0045327299973,0.000908162106936088
218,5008,15,54,16,56,0.000794641843569077
218,5008,216,16,214,18,0.0010216823703031
218,5008,234,29,238,29,0.000794641843569077
218,5008,224.226361340013,154.898211086315,221.327527193832,119.972814996547,0.0124872289703712
218,5008,45,9,48,11,0.000794641843569077
218,5008,21,23,21,26,0.00113520263367011
218,5008,17,25,13,25,0.000794641843569077
218,5008,31,2,32,5,0.000567601316835055
218,5008,149,1,147,1,0.000567601316835055
218,5008,74,131,35,131,0.00283800658417528
219,5031,138,0,140,0,0.00254777070063694
219,5031,237.015329812185,31.9504239936128,168.110179087837,10.6436851869746,0.0426751592356688
219,5031,76.0827704032747,5.11126039710914,81.2170188801297,1.2917178825777,0.00318471337579618
219,5031,15,54,16,56,0.00222929936305732
219,5031,216,16,214,18,0.00254777070063694
219,5031,66.0752328513175,17.0372430004446,61.3135407589935,11.7192574985064,0.0035031847133758
219,5031,47.9862661658806,34.9977249432462,46.9921832051872,40.9987051211135,0.00222929936305732
219,5031,21,24,21,26,0.00286624203821656
219,5031,43,35,47,35,0.00191082802547771
219,5031,223,15,223,17,0.00191082802547771
219,5031,144,5,147,5,0.00318471337579618
219,5031,189,0,190,0,0.00191082802547771
219,5031,18,68,21,70,0.00159235668789809
219,5031,193,7.99999999999999,191,4.99999999999999,0.00159235668789809
219,5031,52,11,55,13,0.00191082802547771
219,5031,48,46,44,45,0.00159235668789809
220,5054,214,18,216,16,0.00282386163078009
220,5054,45.5955110581888,48.0498487239387,46.872889082805,84.0400039041155,0.0268266854924109
220,5054,235,31,238,29,0.00176491351923756
220,5054,17,25,21,24,0.00352982703847511
220,5054,191,5.00000000000001,193,8.00000000000001,0.00176491351923756
220,5054,21,70,18,68,0.00282386163078009
220,5054,16,56,15,54,0.00176491351923756
220,5054,50.0263857719741,43.0971763999317,43.9326041773497,44.7517873109032,0.0031768443346276
220,5054,74,3,76,5,0.0031768443346276
220,5054,223,15,223,17,0.00176491351923756
220,5054,67.0364786011138,9.77955802264462,86.0132672770718,12.9198251933316,0.0091775503000353
220,5054,140,0,138,0,0.00211789622308507
220,5054,75,10,73,9.00000000000001,0.00211789622308507
220,5054,79,3,81,1,0.00211789622308507
220,5054,147,5,142,5,0.00423579244617014
221,5077,193.91521984012,120.957462506307,224.986867395227,122.303214590423,0.0119104335397808
221,5077,192.523248903344,53.6515712862189,228.418810380717,64.0133694369856,0.0120057170080991
221,5077,119.806968984416,0,238.868379858795,34.4548239667828,0.0821343496903287
221,5077,93.4495631138989,0,62.3290584202093,58.1760255022959,0.0138161029061458
221,5077,188,119,170,119,0.00438303954263935
221,5077,171.408549964346,56.1630874776609,165.532513928102,34.8531636687494,0.00524059075750357
221,5077,34.7861754685253,152.543410093003,26.9435760873688,135.025260095521,0.00771796093377799
221,5077,174.85987983841,62.3601654277838,183.122875012379,42.6326113460567,0.00657455931395903
221,5077,174.847658915166,57.2274842557474,170.236780221763,54.1396825972026,0.00228680323963792
221,5077,65.841196909437,11.0516644554239,84.0304610030639,13.7982737358241,0.0124821343496903
221,5077,193,8.00000000000003,191,5.00000000000003,0.000857551214864221
221,5077,51.9273373475883,20.5766468278833,67.9253349852532,22.5925374656524,0.00438303954263935
221,5077,192.601478647126,65.9032341754002,232.726717843079,74.305124397548,0.0123868508813721
221,5077,223.965532324687,61.6143773674177,231.329708139644,26.0683065287011,0.0075273939971415
221,5077,214.747264078838,31.6295949184907,226.266151272315,54.8680737017775,0.00495474035254883
221,5077,0,137.639831957806,31.8375027341122,151.376617026553,0.00705097665555026
221,5077,177.613271308372,36.8865227412342,179.826405728807,48.8470852044548,0.00295378751786565
221,5077,79.0071753495353,11.983389079715,71.1730772155601,8.59932658100437,0.00152453549309195
221,5077,40.3696240248717,90.8544027240861,43.9758765449438,100.009502383789,0.00323963792282039
221,5077,138,0,140,0,0.000666984278227727
221,5077,0,97.5946845884479,50.9950251948646,111.018897964902,0.0243925678894712
221,5077,167.580999163488,66.9828963960319,186.227566426805,70.9230554971513,0.00686040971891377
221,5077,159,0,159,1,0.000571700809909481
221,5077,21,24,21,26,0.000952834683182468
221,5077,169.685536813467,38.3387866150903,175.634400984326,44.3747538480666,0.00314435445450214
221,5077,2.02675404160552,96.3502536710337,53.1106222996171,92.4482247994666,0.0126727012863268
221,5077,223,15,223,18,0.000666984278227727
221,5077,84,3,74,3,0.000952834683182468
221,5077,169.696153313456,38.3472016924646,177.129338515943,44.8522065448633,0.00257265364459266
221,5077,168.814421322926,40.8134827760575,169.784511748801,45.0493507098532,0.00152453549309195
221,5077,55.9941391434495,13.0117291219139,49.1931793210007,9.61339715658773,0.000762267746545974
221,5077,214,18,216,16,0.000666984278227727
221,5077,18,68,27,74,0.00114340161981896
221,5077,172.262289964518,9.84410458038485,177.081175011366,17.951752586179,0.00104811815150071
221,5077,13.1973515846749,52.9592607130134,11.9685227651712,47.006497845484,0.000476417341591234
221,5077,50.9004590810361,12.1786106079206,45.0466718080129,8.91625474137977,0.000666984278227727
221,5077,195,99,208,99,0.00209623630300143
222,5100,101.792416796975,0.687970969569558,237.869457454083,41.7468371241903,0.054058481448112
222,5100,21.9999999999999,15,20.9999999999999,17,0.0191661888770579
222,5100,81.2693418204448,1.33580370927912,76.2744206400189,5.34213576142367,0.000573347530510279
222,5100,52,11,55,13,0.00081906790072897
222,5100,140,0,137,0,0.000573347530510279
222,5100,167,9.00000000000002,165,7,0.000655254320583176
222,5100,221.997239771226,22.9996392482953,223.042044880168,15.0054951105269,0.000982881480874765
222,5100,11,64,12,61,0.00081906790072897
222,5100,24,66,19,64,0.000900974690801867
222,5100,34.09161301111,3.85939411009849,31.0708827152961,1.89121056996068,0.000491440740437382
222,5100,36,80,38,77,0.000409533950364485
222,5100,85,9,85,7,0.000573347530510279
222,5100,216,16,214,18,0.000573347530510279
222,5100,21,70,18,68,0.000900974690801867
222,5100,21,24,21,26,0.000491440740437382
222,5100,208.095103902235,26.8597825403213,211.078946773253,28.8836039769639,0.000982881480874765
222,5100,191,5.00000000000001,193,8.00000000000001,0.000409533950364485
222,5100,9,20,1,20,0.000491440740437382
222,5100,236,23,239,25,0.000491440740437382
222,5100,159.002732439437,0.00109328392062262,157.002246386085,5.00089880776584,0.000409533950364485
222,5100,189,0,185,6,0.000573347530510279
222,5100,45.0840523736372,27.6089247489539,36.7682923933013,110.876992644574,0.0140879678925383
222,5100,84.0306053120767,17.8376666695033,64.7724666254603,14.2068575022425,0.00319436481284298
222,5100,173,15,165,15,0.000900974690801867
223,5123,26.418951462954,141.789572089413,33.2447280823582,155.379352516001,0.00399639035709682
223,5123,21.9999999999999,15,21.9999999999999,12,0.0311976279489493
223,5123,74,16,85,16,0.00309397963130076
223,5123,238.489687044468,34.3405562459212,122.116950175682,0,0.100167590563362
223,5123,235.875974222567,151.868426123455,201.959041897095,149.617026484481,0.00670362253448498
223,5123,178,58,170,58,0.0025783163594173
223,5123,41.7842539123193,110.852056341155,2.99247209107488,101.029730330706,0.0126337501611448
223,5123,48.4619740884387,80.7141372846443,91.3468276911698,0,0.028619311589532
223,5123,206.627560645909,26.8755993185093,115.649036291501,0,0.0259120794121439
223,5123,58.8963002615682,35.0356229573739,54.0668868590566,20.9770230111948,0.00386747453912595
223,5123,64.4909151220463,12.8031685128955,56.0506908446501,34.6329611409389,0.00631687508057239
223,5123,68.5598521089735,39.0713984015956,43.1502718130916,34.213924061442,0.00631687508057239
223,5123,189,122,168,122,0.00489880108289287
223,5123,184,3,185,6.00000000000001,0.00077349490782519
223,5123,65.9959152027804,13.0271410694288,81.2523516569449,15.3232720075414,0.00618795926260152
223,5123,196.877897842623,20.1458295255672,159.071281910349,8.51711047702759,0.00412530617506768
223,5123,223.255770040944,48.1957749455831,209.881444863162,53.7125886352607,0.0077349490782519
223,5123,170.386226523836,41.6066670647433,182.994528411181,53.9871726693414,0.00541446435477633
223,5123,227.710651763792,163.954310761625,226.686213899137,148.020173942698,0.0055433801727472
223,5123,224.358091196791,61.6449757374173,190.107405867087,52.5935740471967,0.0145674874307077
223,5123,76.0684552737309,5.09401168502352,81.2393888051574,1.32875984160254,0.00141807399767952
223,5123,223,15,223,17,0.00154698981565038
223,5123,214.024595789905,18.0198919024468,218.051052582793,13.041288895397,0.00141807399767952
223,5123,48,11,52,11,0.00103132654376692
223,5123,21,24,21,26,0.00103132654376692
223,5123,21,70,19,73,0.000902410725796055
223,5123,227.765523335646,38.4765461167277,223.421439151508,27.2233423551866,0.00244940054144644
223,5123,177.212863731897,58.5518040321391,167.93168070467,54.1438499288785,0.00386747453912595
223,5123,157,5,159,0,0.000644579089854325
223,5123,140,0,138,0,0.00077349490782519
223,5123,165,7,167,9.00000000000002,0.00128915817970865
223,5123,191,4.99999999999999,187,6,0.00077349490782519
223,5123,37.9845428997932,77.0917929585114,44.9552752138775,78.2656009459758,0.00154698981565038
223,5123,14.7952447038361,54.0596355302082,16.215830623291,58.9371387510054,0.00103132654376692
223,5123,225.254163472944,72.6421011668367,189.206832070606,65.894974859752,0.0125048343431739
223,5123,215.980691877302,71.1269555181033,212.071120533757,70.5323655048077,0.0025783163594173
223,5123,235.586124322634,146.109212240731,189.313679710073,137.58879724314,0.0315843754028619
224,5146,223,15,223,17,0.00512820512820513
224,5146,76.0355525412568,5.04778699957369,81.169694992434,1.22809099559222,0.00355029585798817
224,5146,19,73,21,70,0.00236686390532544
224,5146,216,16,214,18,0.00355029585798817
224,5146,140,0,138,0,0.00394477317554241
224,5146,43.8987137953864,33.0004783074711,44.1442920814281,85.0040409401463,0.0220907297830375
224,5146,21,24,21,26,0.00315581854043392
224,5146,62.6873301625682,12.9292543818553,60.6527342217641,21.9214266002004,0.00907297830374753
224,5146,55,13,52,11,0.00315581854043392
224,5146,15,54,13,53,0.00276134122287968
224,5146,43.0596758858249,51.0037022923739,39.459815358434,109.028526948053,0.0504930966469428
224,5146,73,9,75,9.99999999999999,0.00276134122287968
224,5146,42.5069484315587,38.7942982491661,50.2963688707007,20.1236454754389,0.0142011834319527
224,5146,165,7,167,9.00000000000002,0.00276134122287968
224,5146,193,8,191,5,0.0019723865877712
224,5146,193.353241437992,20.7310625137603,230.534114986943,31.0813164708349,0.0165680473372781
225,5169,218.177298740255,26.3617049523162,123.272249243817,0,0.0710181567455757
225,5169,58,22,48,22,0.00390714778211905
225,5169,76,5,74,3,0.00114916111238796
225,5169,62.9517532975227,11.3274519228464,86.0398917019849,14.7292537344554,0.0156285911284762
225,5169,45,9,48,11,0.00160882555734314
225,5169,21,24,21,26,0.00137899333486555
225,5169,216,16,214,18,0.00137899333486555
225,5169,13,53,15,54,0.00137899333486555
225,5169,27,74,29,72,0.00114916111238796
225,5169,32,66,35,66,0.00160882555734314
225,5169,223,15,223,17,0.00160882555734314
225,5169,4.0214696439002,62.8792940510501,10.9792162380031,64.1168498055324,0.00114916111238796
226,5192,45,9,48,11,0.00148104265402844
226,5192,185,5.99999999999999,184,2.99999999999999,0.00148104265402844
226,5192,222.874452207919,46.7442114857469,212.032307992206,52.0658236452271,0.00622037914691943
226,5192,16,56,15,54,0.00325829383886256
226,5192,218.190896459027,13.1561358684493,214.137244750647,18.1122536711345,0.00325829383886256
226,5192,57.4631547700343,27.1499589390967,63.014409327453,10.004665411214,0.00710900473933649
226,5192,223,15,223,17,0.00266587677725119
226,5192,139.927924716026,0.000513202309306056,139.970695435491,6.00732902390889,0.00533175355450237
226,5192,125.308211219397,1.77463108453792,131.016902893322,0,0.00651658767772512
226,5192,193,7.99999999999997,191,4.99999999999999,0.00207345971563981
226,5192,72.4342448438071,12.4614044544703,73.0374168936244,9.5880205029407,0.0023696682464455
226,5192,67.7861805583553,8.98376684171086,71.6058546874694,6.68423382411077,0.00266587677725119
226,5192,21,24,21,26,0.00266587677725119
226,5192,44.4867649624091,75.0365851366423,38.9559952833982,82.9693195385115,0.00710900473933649
226,5192,189,4.1072476086873e-16,190,4.1072476086873e-16,0.00266587677725119
226,5192,74,3,76,5,0.00266587677725119
226,5192,79,2.99999999999999,81,0.999999999999992,0.00325829383886256
226,5192,21,70,19,73,0.00177725118483412
226,5192,8.99999999999999,81,11,84,0.0023696682464455
226,5192,218,22,222,23,0.00207345971563981
227,5215,20,66,19,64,0.000956937799043062
227,5215,15.0811248420991,53.9603378729731,16.0632113504312,55.969095821385,0.00210526315789474
227,5215,35.8010917353377,108.984256521293,42.3794020174189,25.8717305694918,0.0505263157894737
227,5215,59.0124111287741,114.951241965549,0,99.9299097473323,0.0304306220095694
227,5215,224.433041063465,51.5173916161295,218.67571842377,45.2085040746052,0.00421052631578947
227,5215,22.9943649588905,137.406681120996,29.8867959773952,154.450182264245,0.0101435406698565
227,5215,55.7021482215224,31.9382048945739,60.1268119215999,10.6113709463838,0.0111004784688995
227,5215,1.92067761112758,87.8991041579851,13.0108058757036,88.877517458641,0.00516746411483254
227,5215,81.9098854723561,14.5503353669185,61.9537227100209,11.2826184637099,0.0109090909090909
227,5215,10.979664108534,9.01214743110511,13.9698598695998,14.0180038902227,0.00114832535885167
227,5215,82.4341190519316,0.53748467105231,76.358900370457,5.44435609701375,0.0015311004784689
227,5215,233.141572125333,27.9685196386868,238.721414612739,53.0619470014095,0.0105263157894737
227,5215,140,0,138,0,0.0015311004784689
227,5215,21,24,21,26,0.00191387559808612
227,5215,43.1220091351006,7.80295201415438,48.0790747726307,10.8722921470983,0.0015311004784689
227,5215,80.4730718184822,13.8955766053739,72.7820511029814,9.37042986156984,0.00267942583732057
227,5215,191,5.00000000000001,193,8.00000000000001,0.00133971291866029
227,5215,16.8747255684711,74.8982239310063,20.9121492299355,69.9286278458731,0.0015311004784689
227,5215,223,15,223,17,0.00133971291866029
227,5215,214,18,216,16,0.00133971291866029
227,5215,185,5.99999999999999,184,2.99999999999999,0.000956937799043062
227,5215,17.8555899126314,67.975395359796,16.8339364437697,73.9717060343464,0.000956937799043062
227,5215,161,5,157,5,0.00114832535885167
227,5215,185,16,187,16,0.000956937799043062
227,5215,188,0,190,0,0.00133971291866029
227,5215,159,4.33272060895727e-16,163,4.33272060895727e-16,0.000956937799043062
227,5215,202,1.00000000000001,204,4.00000000000001,0.000956937799043062
227,5215,217.011958488583,21.9465085482868,221.986878001726,23.0586959407274,0.000956937799043062
227,5215,43.7408339476205,93.4311498144137,1.31326620744622,85.7479672904448,0.0250717703349282
227,5215,87.3198087897153,0,39.038046994794,92.4978827137156,0.0334928229665072
227,5215,71.8499070930306,0,74.2643829531101,2.7695092523882,0.00114832535885167
228,5238,76,5,79,3,0.0029004189494038
228,5238,19,73,21,70,0.0029004189494038
228,5238,80,14,71,14,0.00483403158233967
228,5238,191,5,193,8,0.00225588140509185
228,5238,238,29,239,29,0.0029004189494038
228,5238,0,101.447482346189,38.9870175825913,111.052694902151,0.0341604898485337
228,5238,204,3.99999999999999,208,3,0.00225588140509185
228,5238,151.132664198787,6.42196954065247,123.151535624181,0,0.00805671930389945
228,5238,75.9304934183218,13.7315100701292,60.9705400590475,12.3100460841527,0.00805671930389945
228,5238,224,27,224,29,0.00161134386077989
228,5238,218,13,223,15,0.00354495649371576
228,5238,7,16,9,15,0.00161134386077989
228,5238,48,11,52,11,0.00257815017724782
228,5238,75.2401285816173,9.38218706829204,73.1649476798744,8.57561565976342,0.00193361263293587
228,5238,27.9418307470377,90.9816740250607,25.7550493789695,97.9228293520411,0.00386722526587174
228,5238,39.0550592988947,39.8570311980827,29.0051358251508,35.9866641460496,0.0029004189494038
228,5238,12,63,11,64,0.00257815017724782
228,5238,64,13,55,13,0.00225588140509185
228,5238,155.974986054873,7.99021758316636,159.086551229674,0.033848327476421,0.00257815017724782
228,5238,34.979425555967,65.9445145827183,42.6643719055569,63.0948739688031,0.00354495649371576
228,5238,21,24,21,26,0.00257815017724782
228,5238,138,0,140,0,0.00225588140509185
228,5238,28,2,31,2,0.00161134386077989
228,5238,235,34,238,36,0.00161134386077989
228,5238,27.9733004568401,70.9928521969621,27.1569972279619,74.0420301297385,0.00193361263293587
229,5262,33,5,31,2,0.000936329588014981
229,5262,138,0,140,0,0.00112359550561798
229,5262,196.474227610437,115.95411862431,192.027919404818,69.997298806157,0.0198501872659176
229,5262,236.14849719996,31.5096071462133,142.277310837587,3.08421671878668,0.0464419475655431
229,5262,11,64,12,67,0.00112359550561798
229,5262,50,23,55,23,0.00224719101123596
229,5262,170.350544846073,54.3339755002217,162.577053682132,39.2174957073217,0.00823970037453184
229,5262,15,54,13,53,0.00112359550561798
229,5262,39.6668324518821,48.9850750479537,36.7101345615795,114.987014858462,0.0230337078651685
229,5262,17.8448035918466,67.5034580437055,20.0491204138888,70.6633305238102,0.00205992509363296
229,5262,171.795279664323,168.967563302014,169.756018470756,118.969164629869,0.0219101123595506
229,5262,34.9965135494761,110.018525300569,24.0092720210488,107.950732994592,0.00337078651685393
229,5262,169.098290449331,112.928351057863,166.032441615463,65.9326468243337,0.0189138576779026
229,5262,159,1.66533453693773e-14,160,1.00000000000003,0.00131086142322097
229,5262,17,25,21,24,0.00243445692883895
229,5262,23.284868086052,138.871968287489,30.9857959268595,156.006383908545,0.00655430711610487
229,5262,76.0657250982156,5.09080850397648,81.2467416184731,1.34090838736798,0.00205992509363296
229,5262,223,15,223,17,0.00131086142322097
229,5262,193,7.99999999999999,191,4.99999999999999,0.00131086142322097
229,5262,28,46,29,43,0.000936329588014981
229,5262,55,13,52,11,0.00168539325842697
229,5262,223,30,224,27,0.00149812734082397
229,5262,167,9,165,6.99999999999998,0.00112359550561798
229,5262,218.166232145535,13.1383511721707,214.070889869905,18.0590000000591,0.00149812734082397
229,5262,189,0,190,0,0.000936329588014981
229,5262,239.183289659608,54.9689819300695,235.452523838121,32.9234194875693,0.00880149812734082
229,5262,45,9,48,11,0.000936329588014981
229,5262,73,9,75,9.99999999999999,0.000936329588014981
229,5262,171,13,172,9.99999999999999,0.00112359550561798
229,5262,16.1682115048788,49.0429726956741,15.1476786362592,53.0377272000396,0.000936329588014981
230,5285,15,54,16,56,0.00105652403592182
230,5285,238.381947498628,29.7283699704996,139.406334048029,0,0.0593414333509421
230,5285,18,68,21,70,0.000880436696601514
230,5285,189.453769162282,0,187.845213177505,0.531886208794994,0.00176087339320303
230,5285,14,14,10,14,0.00105652403592182
230,5285,178.250190505858,13.1724586950944,134.680377095201,0,0.013382637788343
230,5285,36,77,39,77,0.00105652403592182
230,5285,11,64,12,66,0.00105652403592182
230,5285,81.2346294030502,1.31712843416097,76.0908455993111,5.12278820252461,0.00140869871456242
230,5285,223,15,223,17,0.00140869871456242
230,5285,164.452085115362,39.7114810482768,172.95222457234,53.0304900909988,0.00739566825145272
230,5285,193,8,191,5,0.00140869871456242
230,5285,56,18,55,13,0.000880436696601514
230,5285,214,18,216,16,0.00105652403592182
230,5285,48,11,52,11,0.00158478605388273
230,5285,44.0134760402578,39.9208799069713,37.0453004779857,38.7340332943577,0.00140869871456242
230,5285,75,10,73,9,0.00105652403592182
230,5285,238.874930511095,46.9770082433449,240,40.8569075450466,0.00422609614368727
231,5308,0,80.6214295758882,5.60851330997508,78.1216568318413,0.00256856408981689
231,5308,12.1880337456973,74.5463097657857,0.228121058493075,78.6627787026952,0.00314856243267876
231,5308,52.0135666859265,143.905661666827,23.8764261842103,139.859292230135,0.0055514127102494
231,5308,39.7708276002605,48.2078351308396,47.7858184046479,18.4815029997115,0.00712569392658878
231,5308,92.0217817715774,151.111692701849,21.7018930515759,69.9895021363049,0.0507912834534758
231,5308,88.8601932930688,0,38.1806589278302,102.583284547483,0.026431353053277
231,5308,0,172.329277955731,6.1318071412057,180,0.127185350898997
231,5308,203.841286890043,164.854277911812,196.090130947378,66.9137254716201,0.0278399204573701
231,5308,22,15,23,15,0.0192228022205651
231,5308,46.7715763830006,7.00749909177868,27.5510364914316,117.663974580105,0.0458198690860883
231,5308,50.3941259782274,20.3369810662987,38.9982287887366,67.4830017361798,0.00679426630209628
231,5308,176.442644832479,170.922289678375,173.479875728641,115.920284177887,0.0189742315021957
231,5308,3.35031295891128,63.0944528612936,0,75.5203130188423,0.00240285027757064
231,5308,0.61192562886814,71.028018995099,0.247611565171974,65.9821224287222,0.00124285359184688
231,5308,59.3934546430816,21.1318764010871,50.433311810547,24.2465360907399,0.00240285027757064
231,5308,0.050159062162912,96.8667440718537,18.124207003008,103.670023346642,0.00323141933880189
231,5308,172.743474253427,111.86193349913,168.947325672309,63.9249808590506,0.0117656806694838
231,5308,13,25,17,25,0.000414284530615627
231,5308,0.643917534888047,104.677640858445,61.8577095672601,117.670384720166,0.00861711823680504
231,5308,70.8830681569823,7.16204545938228,74.9369750612342,10.0873406669327,0.000579998342861878
231,5308,60.9724540598141,14.2224758691637,78.9445677884027,16.4477004368543,0.0062142679592344
231,5308,69.8882541646463,15.4051946360473,61.0117985182046,12.9572181256272,0.00240285027757064
231,5308,237.773813631746,29.0231234506474,239.301773473299,43.9691491398426,0.00339713315104814
231,5308,60.7151511193722,114.166332118145,64.0868487749281,59.1278418628361,0.0144171016654238
231,5308,21,24,21,26,0.000745712155108128
231,5308,14,14,12,16,0.000579998342861878
231,5308,12.124502642628,52.8145921834623,15.5113450662228,56.4546609833981,0.000579998342861878
231,5308,76.0557468610262,5.07047132080331,81.0775029778315,1.09797389688731,0.00107713977960063
231,5308,48,11,52,11,0.000579998342861878
231,5308,156.58717452113,6.83485707619679,159.277001134191,0.110808996872887,0.000828569061231254
231,5308,198,6,199,4.00000000000001,0.000414284530615627
231,5308,141.21111743357,3.42973006086815,139.493212506296,0.276063675107091,0.00107713977960063
231,5308,137.875968397028,0,137.497237686534,2.93512663964251,0.00132571049797001
231,5308,18,68,21,70,0.000994282873477504
231,5308,78.4388005391343,97.380401551381,67.5447394846761,81.308592253536,0.00289999171430939
231,5308,219.805874736054,45.9431226634246,220.864259662702,60.9390019496519,0.00281713480818626
231,5308,0.88450510562342,32.2494795285707,4.94101465345665,34.1274137400415,0.000414284530615627
231,5308,216,16,214,18,0.000911425967354379
231,5308,20,63,19,64,0.000414284530615627
231,5308,42,43,42,45,0.000414284530615627
231,5308,18.9267037370068,73.0420791241958,17.815245874614,71.1060666870359,0.000497141436738752
231,5308,223.707545286974,20.0438479371319,222.952387962889,15.0071385056112,0.000828569061231254
231,5308,189,0,190,0,0.000414284530615627
231,5308,9.71821129766613,19.4873227147951,5.80202942686794,21.6398187182694,0.000414284530615627
231,5308,193,8,191,5,0.000579998342861878
231,5308,14.6025861965616,103.773856275281,13.1333045715609,97.6465931337405,0.00165713812246251
231,5308,27,72,27,77,0.000745712155108128
231,5308,11.0114198828657,64.0277612154193,6.03140544561803,66.0763452087374,0.000662855248985003
231,5308,18.9742727702774,44.0502055393389,24.1519629444589,46.7034511034284,0.000579998342861878
232,5331,42.1928579871401,30.90729281685,37.9815145119403,112.999051686301,0.0577602327030958
232,5331,87.8522708550063,0,54.7453620071053,66.8739377835464,0.0367753999584459
232,5331,239.435222945063,28.8602356701123,136.082074669661,0,0.0482027841263245
232,5331,60.0874221438978,14.0273897847733,56.591580267907,25.1853449880276,0.00810305422813214
232,5331,45.0017928753136,24.9298457008667,61.9906971176546,25.3640170545578,0.00560980677332225
232,5331,18,68,21,70,0.00166216496987326
232,5331,55,13,48,11,0.00186993559110742
232,5331,29.0385890101664,63.8883125468392,35.0160401870025,65.9535751856083,0.0014543943486391
232,5331,184,3,185,6.00000000000001,0.00103885310617079
232,5331,81,6,77,0,0.00166216496987326
232,5331,138,0,140,0,0.00103885310617079
232,5331,33,48,35,50,0.00103885310617079
232,5331,172.461125192002,10.824571661822,171.337684721117,7.87153278441255,0.00186993559110742
232,5331,21,24,21,26,0.00166216496987326
232,5331,223,15,223,17,0.00186993559110742
232,5331,193,7.99999999999999,191,4.99999999999999,0.00103885310617079
232,5331,56.857042319023,18.9307418111561,54.3249005530429,24.1574033917194,0.00373987118221483
232,5331,76,5,73,5,0.00103885310617079
232,5331,15,54,13,53,0.0014543943486391
232,5331,21,76,27,74,0.00166216496987326
232,5331,223.857654624524,44.7240592420297,218.27880249388,47.6019371137343,0.00457095366715147
232,5331,216,16,214,18,0.00103885310617079
232,5331,38.9087932147297,157.960195080701,40.6029678680256,68.9543738709903,0.0292956575940162
232,5331,9,81,11,84,0.00124662372740494
232,5331,81.026725307332,16.7925435611572,61.9567311779667,14.3358762397161,0.00810305422813214
232,5331,71.310051961599,77.0038046625596,71.7518937428297,40.9969554761641,0.00914190733430293
233,5354,201,116,239,116,0.00700218818380744
233,5354,69,7.00000000000001,75,10,0.000962800875273523
233,5354,35.3448138783106,96.9698096519504,34.604873767657,113.027872003034,0.00323851203501094
233,5354,170.476060758017,61.9613693384756,179.160811472913,168.986950712751,0.0273960612691466
233,5354,232.689885067231,72.6594892842827,219.226309261065,45.3818751843923,0.00638949671772429
233,5354,239.892613188862,25.8622644265018,148.980952780088,0,0.0540919037199125
233,5354,225.373675924296,22.4198364638135,229.385788070208,23.3686178273681,0.00262582056892779
233,5354,21.9999999999999,15,21.9999999999999,12,0.0210940919037199
233,5354,222.275379484087,20.5600154450242,229.869289054016,59.8319077058348,0.00796498905908096
233,5354,220.265671866511,43.7539309746678,222.62494438919,42.363574459299,0.00175054704595186
233,5354,48.4460307606276,22.6339781763378,63.115963168855,27.6075398894104,0.00385120350109409
233,5354,40.284357345536,113.012147216778,43.8716094298534,29.0372335332875,0.0164551422319475
233,5354,230.435334976038,31.4940855854998,190.318839008111,19.897069418612,0.0102407002188184
233,5354,0.888894326269378,103.525711778188,55.2100488361374,115.006125038944,0.0101531728665208
233,5354,188.32176340295,57.4910551538149,167.446675515836,44.2934771337635,0.00638949671772429
233,5354,223,15,223,17,0.000700218818380744
233,5354,35.0808915694387,157.525638541616,26.1520429207208,141.913046582478,0.0062144420131291
233,5354,192.9131683097,44.3751742144373,225.263289290577,51.8624043546668,0.00927789934354486
233,5354,187.148270788469,47.9392239256536,176.064086733165,35.9407964794475,0.00367614879649891
233,5354,183.168094556541,30.4721539588138,163.340891443994,36.9972183532241,0.00393873085339169
233,5354,16.8197841190925,58.0819355540185,13.6684918567508,51.1507209200543,0.000787746170678337
233,5354,192.001094713817,40.9957825445001,225.349886286463,49.6520405416215,0.00358862144420131
233,5354,43,14,41,11,0.000437636761487965
233,5354,195.146351645974,43.8032674812788,206.880937853249,171.827595053158,0.0316849015317287
233,5354,60.9908741027588,12.0782332782643,79.0944844777466,14.1900160341638,0.00586433260393873
233,5354,48,11,45,9,0.000700218818380744
233,5354,51.9493515161787,10.9027438779605,46.0004149706445,14.0007968340333,0.000437636761487965
233,5354,33,27,33,24,0.000612691466083151
233,5354,21,70,19,73,0.00113785557986871
233,5354,18.0415458268928,85.8341583742215,0,81.3144792147593,0.00113785557986871
233,5354,238.736268904236,25.011109126448,239.240848765675,36.9898547443373,0.00227571115973742
233,5354,75.52140197316,173.011953821318,72.3482156047266,45.9663259613834,0.0203938730853392
233,5354,6,15,13,15,0.000612691466083151
233,5354,21,24,17,25,0.00087527352297593
233,5354,231,4,229,6,0.000612691466083151
233,5354,189.002739302709,0.0089519441265211,182.042472788485,2.13879956683463,0.000612691466083151
233,5354,27,74,31,73,0.000437636761487965
233,5354,37,59,40,59,0.000437636761487965
233,5354,7,81,12,81,0.000437636761487965
233,5354,76.1134567288327,5.15301774179504,81.2534915335995,1.34188101873421,0.00087527352297593
233,5354,195.982925218212,115.259680774539,174.984946514505,115.465698095449,0.00577680525164114
233,5354,17,18,9,20,0.000525164113785558
233,5354,37,39,41,40,0.000525164113785558
233,5354,167.692360487053,48.7459219306661,172.372762400915,44.4015995351691,0.0012253829321663
233,5354,120.982626629446,118.940656420428,124.186349610602,171.988745824087,0.0105032822757112
233,5354,215.582878123572,15.6316269522939,210.41501493968,21.483381856214,0.00131291028446389
233,5354,120.288316376289,107.588019029291,116.66380327774,105.051478371631,0.000962800875273523
233,5354,118.728598909429,70.9630858421462,120.805648916491,111.959182135887,0.00647702407002188
233,5354,70,135,70,84,0.00551422319474836
234,5377,136.479608498861,0,239.16854539894,27.3675821360278,0.0653864851725814
234,5377,6.09995076474594,123.451964800544,21.9428014494689,95.4561378631451,0.0294117647058824
234,5377,6.22936164794664,76.3262003697521,0,80.7062587195159,0.00328147788040836
234,5377,64.3622641043547,22.0222882784458,63.1901563475152,41.0732243016864,0.00449684005833738
234,5377,45.0010949500431,98.0079729960884,0.0253510260465504,104.184596213112,0.014948954788527
234,5377,80.9101056608564,16.7357510696109,59.8578337705397,14.1635766654999,0.0144628099173554
234,5377,0,105.460208280329,48.8766990049966,115.594659306576,0.0218765192027224
234,5377,22.4549771552,70.8809836165304,20.5892570593567,73.9622896323455,0.00218765192027224
234,5377,26.2160174990565,141.817344014743,34.2465302599496,159.345207412065,0.00838599902771026
234,5377,43.3780807682704,147.445598426176,30.1124879651864,141.738531280043,0.0052260573650948
234,5377,193,8,191,5.00000000000001,0.00121536217792902
234,5377,225.83997472771,41.847610748615,215.115243255167,53.1097441243547,0.00631988332523092
234,5377,40.6970390783847,66.3866126957295,47.5154263241509,63.0189119469113,0.00170150704910063
234,5377,220.007924867041,46.0151799500771,227.149694456776,42.2867372245915,0.0054691298006806
234,5377,60.9068603926866,35.6031847820225,54.4338679867185,20.8101522338923,0.00631988332523092
234,5377,45.9049891933441,24.206673033952,61.9629114262299,25.4710388576975,0.00437530384054448
234,5377,209.248506117225,21.3384157499141,216.181595078753,16.2472962655541,0.00145843461351483
234,5377,21.6106992383229,154.865229111152,0,145.141721700905,0.00802139037433155
234,5377,59,34,43,34,0.00364608653378707
234,5377,9.2599974525481,105.48738160568,40.3585690423724,100.051285475161,0.00984443364122508
234,5377,76.1166103998325,5.1539199316496,81.2186431333167,1.28859806830364,0.000729217306757414
234,5377,179.290934096467,53.577743111091,170.59572285413,47.5867610979423,0.00461837627613029
234,5377,39.6885466473211,99.9984984886519,39.6748076054241,111.998482758525,0.00267379679144385
234,5377,187.441797030185,73.3664969356524,176.348558327943,50.4437389399442,0.011181332036947
234,5377,223,15,223,17,0.000850753524550316
234,5377,189,0,190,0,0.000607681088964511
234,5377,0,169.380914797447,14.4726228103484,180,0.0255226057365095
234,5377,41.2375607307114,180,43.578065037635,148.189686034873,0.0263733592610598
234,5377,42.0575755494967,98.3242300714329,30.0265447019386,98.5326071082729,0.00109382596013612
234,5377,17,25,21,26,0.000972289742343218
234,5377,73,9,75,9.99999999999999,0.000607681088964511
234,5377,173.231710597073,7.06158033418868,172.421045770851,10.1118988065512,0.000729217306757414
234,5377,38,78,38,73,0.00121536217792902
235,5400,222.583588865199,41.9925190926586,222.259997041132,60.0046708976086,0.00755336617405583
235,5400,175.782013426241,111.020432598538,171.176827522021,61.8896920856568,0.0177339901477833
235,5400,52,11,55,13,0.000985221674876847
235,5400,214,18,216,16,0.00114942528735632
235,5400,27,74,18,68,0.00246305418719212
235,5400,89.5160089032491,0,57.1573201009694,66.0770414666973,0.0346469622331691
235,5400,75,10,73,9.00000000000001,0.000985221674876847
235,5400,25.0000888125756,107.00022259763,14.996586922915,110.991445548522,0.00262725779967159
235,5400,184,3,185,6,0.000821018062397373
235,5400,28,91,31,89,0.000821018062397373
235,5400,56.477874399727,29.1846020122151,62.2990347223787,14.1155165698452,0.00738916256157635
235,5400,37.5400227878,109.045871973773,44.6887202480216,24.8886139775012,0.0326765188834154
235,5400,21,24,21,26,0.0013136288998358
235,5400,202.749273374343,111.02790071644,197.839478246176,66.9065833377571,0.0185550082101806
235,5400,168.726451521191,50.8972394923977,173.953600118375,36.9825695415701,0.00656814449917898
235,5400,48.9535937316335,43.1352673095408,36.9894601587542,39.0307220558447,0.00262725779967159
235,5400,223.807632939975,46.9101876765871,227.534932334226,43.6028590394484,0.00344827586206897
235,5400,240,59.2241308213258,229.661996656652,44.1717372576032,0.00985221674876847
235,5400,227.656832386586,47.1241835139362,232.46727952528,56.2243828595406,0.00344827586206897
235,5400,223,15,223,17,0.000985221674876847
235,5400,11.0168827915422,83.9872494434853,4.99018963391589,76.0074091791558,0.00147783251231527
235,5400,29,36,32,36,0.000821018062397373
235,5400,79,3,81,1,0.0013136288998358
235,5400,190,0,189,0,0.000985221674876847
235,5400,46,14,45,9,0.000821018062397373
235,5400,13,53,15,54,0.000985221674876847
235,5400,40.8476860662011,89.5855315588387,46.7813288565581,87.4049639078391,0.00180623973727422
235,5400,45.7621517687532,35.9802688889485,41.5329360560247,86.9612539033887,0.0139573070607553
236,5423,0.226536977026437,103.99058250989,47.3231329781745,114.560164066449,0.0251856165380696
236,5423,76,4.99999999999999,79,3,0.00160139758334547
236,5423,69.5631504677404,36.4412497790555,54.9883373456399,22.0117801285788,0.00888047750764303
236,5423,63.7847571936717,49.1238198684015,50.0194934701707,21.9901107232944,0.00553210074246615
236,5423,239.588346796737,26.8927386351406,143.267555325793,0,0.0550298442276896
236,5423,191,5,193,7.99999999999999,0.00145581598485951
236,5423,41.6052774050218,71.981483415736,43.4819636974279,31.9756987236849,0.00800698791672733
236,5423,83.2241661794955,16.4156362683183,65.0225872796973,13.8403574222021,0.0112097830834183
236,5423,56.5225477242085,28.2308363004542,63.0035034373868,13.5597960353241,0.0053865191439802
236,5423,1.30784818557483,120.278771449505,8.79164785787097,85.1687419253016,0.0122288542728199
236,5423,17.0738602304704,96.3511766348572,0,94.4075363170269,0.00494977434852235
236,5423,75,9.99999999999999,73,9,0.00101907118940166
236,5423,33,48,35,50,0.00101907118940166
236,5423,177.299452129652,52.82463031348,168.715278390866,38.1667429762394,0.00815256951521328
236,5423,223.331375920408,45.8953743065839,224.59328820643,61.9533766616612,0.00596884553792401
236,5423,170.028770178944,46.9414277019511,182.07060116205,52.8562653254861,0.00363953996214878
236,5423,10.1323038555344,148.493369162894,0.0373128956122137,145.857117818203,0.00436744795457854
236,5423,13.6205551573261,97.8436064837915,7.17416816253976,113.483949883903,0.00582326393943805
236,5423,20.2896098984376,100.659361933209,24.6722614988394,104.385484785053,0.00363953996214878
236,5423,13.5971499016579,99.2882679479606,18.4162889228805,104.536034657168,0.00465861115155044
236,5423,31.6122848233256,106.316206605188,22.490213023657,100.850874863727,0.0050953559470083
236,5423,19.0386063774441,73.0255932963528,21.0308172273482,70.0204296410208,0.00174697918183142
236,5423,55,13,52,11,0.00131023438637356
236,5423,27.8876759727906,145.413766053379,50.9972982542502,140.985899231776,0.00494977434852235
236,5423,13.6372849993889,86.3044546901694,0,70.0575450625471,0.0048041927500364
236,5423,15.9999609494036,98.0014482613602,0.0385294097335755,97.57106778051,0.00334837676517688
236,5423,33.1991981771874,87.7712931893436,36.1350245167428,103.164965047342,0.0056776823409521
236,5423,28.6729892781383,99.2432922329721,32.370111202265,104.212618604184,0.00262046877274712
236,5423,185,6,184,3,0.000873489590915708
236,5423,12.9836773769637,53.0263948695584,16.0484492924768,54.9216539674857,0.00131023438637356
236,5423,27.532960537421,142.17284239946,34.2351987339825,160.283038365107,0.00611442713640996
236,5423,21,24,21,26,0.00160139758334547
236,5423,23.9947603790158,74.9846087225273,26.9882672604479,73.9655353220194,0.000873489590915708
236,5423,22.8639235068133,154.832071147678,0,151.092916701598,0.00684233512883971
236,5423,216.000589496388,16.0005021418636,211.850452345374,20.8726130650352,0.00145581598485951
236,5423,189,0,190,0,0.000873489590915708
236,5423,39.8303760375193,111.992371529477,41.4032665688945,77.0181360409734,0.0056776823409521
236,5423,11,64,9,65,0.000873489590915708
236,5423,198,6,202,6,0.000727907992429757
236,5423,48,11,45,9.00000000000001,0.00101907118940166
236,5423,223,15,223,17,0.00116465278788761
237,5446,237.533900048704,73.2426615300931,221.102155544282,39.9620945218964,0.00829148662851804
237,5446,234.995781504334,40.9827711309778,223.693944472566,43.7500305765389,0.00432091556697419
237,5446,73,9.00000000000001,75,10,0.000583907509050566
237,5446,179.38916328016,51.7534867341033,170.317503797971,37.432323336506,0.00735723461403714
237,5446,239.562941756717,25.029853746589,151.965118369368,0,0.0553544318579937
237,5446,36.0296079537189,157.985472422021,28.3440274077248,142.32186260073,0.006189419595936
237,5446,123.842743894873,117.007890986374,126.550638532565,170.972369396062,0.0120284946864417
237,5446,1.16810977580637,103.223264860977,64.2435371332442,116.874759970737,0.0142473432208338
237,5446,43.4375288612023,39.9601980296476,44.4464002163758,51.0503609341664,0.0035034450543034
237,5446,81.9968959997118,15.0231038383516,62.0875579513369,12.3482846113816,0.00759079761765736
237,5446,173.88729567844,62.0100873675788,178.447458034057,112.959951192615,0.0143641247226439
237,5446,12.9902537961065,148.051370462718,2.00617946282966,145.967429178748,0.00268597454163261
237,5446,230.829295104262,43.87687295467,223.689279211588,53.7758814565085,0.00291953754525283
237,5446,41.1136501531742,114.041197096387,43.3712301652959,53.0137328629265,0.0128459651991125
237,5446,52,11,55,13,0.000934252014480906
237,5446,205.863884377319,113.016987303646,194.374284827781,20.9532890501875,0.0279107789326171
237,5446,223,15,223,17,0.00105103351629102
237,5446,36.8730757720766,74.8789192449802,35.6296114409737,65.9126836053864,0.000934252014480906
237,5446,197,117,177,117,0.00432091556697419
237,5446,76.1821188651962,5.21575893233818,81.0734710379265,1.08704223301482,0.000934252014480906
237,5446,189,0,190,0,0.00070068901086068
237,5446,193,8,191,5,0.000817470512670793
237,5446,10.071038590865,106.682273569453,51.035488421122,115.841274872832,0.00408735256335396
237,5446,48,11,45,9.00000000000001,0.00070068901086068
237,5446,21,24,21,26,0.000817470512670793
237,5446,15,54,13,53,0.00070068901086068
237,5446,21,70,19,73,0.00070068901086068
237,5446,160,2,159,0,0.000583907509050566
237,5446,216.12519953188,16.1054981392684,212.493283898406,20.415660766709,0.000934252014480906
237,5446,54.4451422907666,20.6575156408565,50.4787020726802,38.6649077644787,0.00373700805792363
237,5446,26,74,27,74,0.00070068901086068
237,5446,0.0404880597300076,143.863925759073,3.98850468730654,145.038634006159,0.000934252014480906
238,5469,27,74,28,71,0.00176233635448137
238,5469,76.1008178077262,5.13214599510683,81.190206619853,1.24931154151497,0.0027693856998993
238,5469,73,9.00000000000001,75,10,0.00201409869083585
238,5469,10,63,11,64,0.00125881168177241
238,5469,15,65,19,64,0.00125881168177241
238,5469,21,24,21,26,0.00151057401812689
238,5469,237.916333782531,44.6644853513041,220.031042049925,49.1244834867697,0.00427995971802618
238,5469,55,13,52,11,0.0027693856998993
238,5469,45,9,48,11,0.00201409869083585
238,5469,18,68,21,70,0.00201409869083585
238,5469,222.262886383142,20.0649982920669,223.485519442736,15.1200440059539,0.00201409869083585
238,5469,190,0,189,0,0.00201409869083585
238,5469,60.6756946319246,21.2518446535589,64.5581413526591,10.8353106082186,0.00352467270896274
238,5469,17,25,13,25,0.00201409869083585
238,5469,15,54,13,53,0.00151057401812689
238,5469,11.2338613628502,82.7293116723555,4.83003915815419,77.1967251686367,0.00201409869083585
238,5469,191,5.00000000000003,195,11,0.00151057401812689
238,5469,41,76,38,77,0.00201409869083585
239,5492,48.2739415142662,111.745273361874,0.165519683715857,101.24187483285,0.018176810795924
239,5492,239.553032771048,23.1471258558019,162.001189090106,0,0.0486091985678876
239,5492,81.2199525629493,1.29652338075573,76.0806427329623,5.10871642271741,0.001239328008813
239,5492,79,12,65,12,0.00468190581107133
239,5492,15,54,13,53,0.001239328008813
239,5492,0.156140113620644,141.622504364994,20.9138337000843,150.208321880576,0.006196640044065
239,5492,41.5469769138516,107.976645288604,44.3287626090666,54.0169487076646,0.011567061415588
239,5492,21,24,21,26,0.00110162489672267
239,5492,189,0,190,0,0.000688515560451666
239,5492,223.629067733344,56.1662688820643,227.167221736691,42.7798883911725,0.00426879647480033
239,5492,30.5367967226932,139.180615776373,37.4210498315981,156.835821018651,0.00605893693197466
239,5492,48.8780843191668,41.4069180147393,44.3839522248359,51.1047607677178,0.002891765353897
239,5492,69.0287757870999,13.6617330031114,85.041980499795,12.9653908720196,0.00440649958689066
239,5492,54.4689797779806,13.2014111811187,65.4684888608563,42.2015973815566,0.00592123381988433
239,5492,46.9592699110443,74.8253788326443,37.9812219234739,76.9194931872787,0.00137703112090333
239,5492,173.755364438043,44.3349544375651,186.870759718492,50.2848836222296,0.005370421371523
239,5492,62,16,62,21,0.00316717157807766
239,5492,23,67,19,73,0.00151473423299367
239,5492,45,9.00000000000001,48,11,0.000963921784632333
239,5492,218.756894777902,21.8389194660376,223.502677121783,17.5571522421713,0.001239328008813
239,5492,216.098990599883,15.9345384404264,218.392023210119,19.4020493753648,0.000963921784632333
239,5492,18,68,25,68,0.000826218672541999
239,5492,191.059607705344,4.94676629210038,198.140016533775,12.874955775984,0.00137703112090333
239,5492,12.7315046205909,25.2044839318244,8.85304721752466,20.1119180628703,0.000963921784632333
239,5492,75,10,73,9.00000000000001,0.000826218672541999
239,5492,17,25,14,26,0.000688515560451666
239,5492,205,116,239,116,0.00564582759570366
240,5515,165.638884565363,0,239.199091267777,22.3445749197313,0.0460335195530726
240,5515,84.1106108802478,12.1776442687372,63.0874383538524,9.34992442640709,0.0127374301675978
240,5515,63.8217381929232,10.9302959260697,57.938563902202,25.9759772080564,0.00603351955307263
240,5515,55,13,52,11,0.0017877094972067
240,5515,78.8911092030726,11.3197965628668,72.9042299207133,9.28126290784512,0.00223463687150838
240,5515,45.4984762540696,72.8356988467028,42.2491912407133,82.7540320950753,0.00558659217877095
240,5515,76.0795971233661,5.10544714259441,81.1881429915815,1.24924444530722,0.0017877094972067
240,5515,28,36,29,36,0.00134078212290503
240,5515,21,24,21,26,0.00156424581005587
240,5515,189,6,191,4.99999999999999,0.00134078212290503
240,5515,189,2.43694571189213e-16,190,2.43694571189213e-16,0.00156424581005587
240,5515,18,64,19,64,0.00111731843575419
240,5515,48.7847860028273,77.1726431067517,52.4476365185378,18.0897463811416,0.026145251396648
240,5515,13,53,15,54,0.00111731843575419
240,5515,19,73,18,68,0.00111731843575419
241,5539,52,11,55,13,0.00143325143325143
241,5539,74,3,76,5.00000000000001,0.00204750204750205
241,5539,222.906912202485,14.9615254037949,220.850050197372,19.9380234761035,0.00143325143325143
241,5539,41.7317915811627,64.7396292705474,49.8472376796487,65.9908331926043,0.00327600327600328
241,5539,45.5217328811042,69.0696046720123,40.3222714171647,108.042994407872,0.0212940212940213
241,5539,34.9758464535026,154.013011220629,26.7209835840216,138.688990528931,0.0110565110565111
241,5539,77.9185569718777,11.1812158285082,73.0109589091931,8.97561574201294,0.00307125307125307
241,5539,45.5754705253382,19.9084042628844,40.4879473044416,99.0313744951009,0.0487305487305487
241,5539,35,50,33,48,0.00184275184275184
241,5539,21,70,18,68,0.00184275184275184
241,5539,11,9,9,9,0.00122850122850123
241,5539,69,7,70,10,0.00163800163800164
241,5539,48.0308153329149,18.9314663578941,45.0557579054883,61.0039427907489,0.016994266994267
241,5539,45,9,48,11,0.00122850122850123
241,5539,15,54,13,53,0.00184275184275184
241,5539,59.1976002537215,22.7980891297409,62.6893364655447,8.9218265647633,0.00675675675675676
241,5539,43,32,43,38,0.00204750204750205
241,5539,21,24,21,26,0.00163800163800164
241,5539,17,25,13,25,0.00102375102375102
241,5539,79,2.99999999999999,77,0,0.00122850122850123
241,5539,226.28939787522,41.0193844841072,226.561984592314,51.0119486030409,0.00491400491400491
242,5562,56.9325800816503,174.05126575094,56.1973485203257,44.0101919049322,0.0460691036554832
242,5562,39.2941293124869,19.7084154799599,34.0640486490025,157.926745014497,0.0570230345518277
242,5562,1.12426820557921,143.608383188344,64.9918976349675,141.533615790445,0.0617801702553831
242,5562,204.603410066729,111.147816208709,199.628609738894,64.145149055015,0.0117050575863796
242,5562,201.936585789655,87.0272601059293,205.256219542804,94.7496054862481,0.00225338007010516
242,5562,68.8002031664737,78.9081749343168,78.8155941076073,92.139584306719,0.00269153730595894
242,5562,68.0530604606715,84.8761990291708,74.6909184317401,87.7211508858331,0.00237856785177767
242,5562,165.48630101807,28.7568864737804,176.486419068413,50.7568274478171,0.00813720580871307
242,5562,109.232575528814,69.0254918013251,112.553955148082,169.014816424514,0.0259764646970456
242,5562,177.215017672977,109.063401270502,173.176878072228,59.0664817209285,0.0126439659489234
242,5562,21.9999999999999,16,21.9999999999999,15,0.0146469704556835
242,5562,158.882315946413,0,239.112721409305,25.6473837463374,0.0338007010515774
242,5562,72.7364686090253,80.993182677898,74.0052134918627,31.9483966517215,0.011329494241362
242,5562,227.051716113294,115.061243201183,229.311046202042,150.044494836036,0.00582123184777166
242,5562,122.003489238668,113.033623785073,120.383463811998,65.020802866441,0.0093264897346019
242,5562,77.9908883175918,139.038911126458,69.7407751128063,137.107010968427,0.0021907861792689
242,5562,60.0121310956745,9.90219286507559,82.9079714028329,12.7419819001949,0.00563345017526289
242,5562,86.7421638552302,0,55.0156379852107,61.4921237875016,0.0136454682023035
242,5562,198,115,178,115,0.00256634952428643
242,5562,69.712651474452,76.98788333671,71.4858523616843,34.9361527362293,0.00951427140711067
242,5562,72.5857940357296,37.4344534391912,71.1378693533215,41.0551344999115,0.000876314471707561
242,5562,192.840699697926,15.8757789688307,199.374119599863,60.0924795249545,0.00951427140711067
242,5562,195.950028913917,35.0001049189808,195.949729127163,32.0000050233467,0.00112669003505258
242,5562,67.8581782266181,83.0988667421282,72.2971371012365,179.263244814583,0.0349273910866299
242,5562,0,142.468079924103,8.44682231427579,180,0.0705433149724587
242,5562,204.658049434847,115.081492987208,208.00047400146,170.121425744624,0.0126439659489234
242,5562,210.05704389488,106.260749597684,204.443323235821,128.608973466443,0.0035678517776665
242,5562,15,54,13,53,0.000563345017526289
242,5562,0.709200457964219,150.021748150531,0.955235325723819,141.998627258536,0.00150225338007011
242,5562,228.082556440422,40.3784143302491,234.386050055076,72.3185187821635,0.0078242363545318
242,5562,121.950480025477,117.045367586055,124.242832614792,170.075957051316,0.0123935903855784
242,5562,177.76414869357,116.012297324062,180.530929620074,169.076597559731,0.0153355032548823
242,5562,180.303930947992,49.5996376594957,191.071882062362,44.1418190280362,0.00200300450676014
242,5562,222.311606668649,42.2791273661747,225.619961256002,74.1432850525774,0.007135703555333
242,5562,59.1522316556706,10.6932706293692,55.787180933701,30.9646720550958,0.00419379068602904
242,5562,81.0495207591306,1.06420120421849,75.9802121783004,4.97434607214674,0.000688532799198798
242,5562,216.013159471532,16.1741624553712,223.048552295965,15.642578013738,0.000688532799198798
242,5562,172.699895240068,53.4167788485627,192.854689092102,57.6860051830638,0.00419379068602904
242,5562,167.9225718488,12.0102920647796,170.848215123673,34.0201758631132,0.00450676014021032
242,5562,29,2.08166817117217e-15,31,2,0.000312969454181272
242,5562,190.61424830967,59.1481783847109,196.085160327196,110.311683714637,0.0125187781672509
242,5562,203.503717419134,45.2215067911979,230.514264721773,56.1955465776027,0.00469454181271908
242,5562,21,24,17,25,0.000375563345017526
242,5562,77,11,69,7,0.000563345017526289
242,5562,6.51742375312151,143.821224325919,4.64729508744242,148.869336588981,0.000813720580871307
242,5562,1.31228892938346,143.25680241817,2.41782189376093,146.217394705241,0.00106409614421632
242,5562,19,73,21,70,0.000688532799198798
242,5562,238.536303316617,140.027638949891,236.632134350556,108.081532543788,0.00456935403104657
242,5562,200.792458200289,59.0492230494827,232.729684669729,65.3665732664121,0.00450676014021032
242,5562,217.490694665432,64.8118943297032,208.063772300751,58.8983392360975,0.00169003505257887
242,5562,55,13,52,11,0.000312969454181272
242,5562,11,9,9,15,0.000438157235853781
242,5562,191.112559559323,5.32604410273662,170.189610401815,12.5492323681886,0.00143965948923385
242,5562,19.0053545567662,64.0014633925617,17.9186374664927,67.9777637381521,0.000375563345017526
242,5562,70.3011958614434,179.108335986825,67.6648322410432,89.0976852725524,0.0120806209313971
242,5562,7.75864625804858,79.1650038014839,11.8281284949015,85.1175016035746,0.000375563345017526
243,5585,52.2918505358215,37.6183346788128,48.0483809706904,178.911353684656,0.0466604244694132
243,5585,69.0043963909963,33.985434634959,68.2993635841554,178.986868838346,0.0163857677902622
243,5585,190.595196214432,20.9361409685676,206.392290617377,168.172492300034,0.0368809821057012
243,5585,224.540724291801,30.0376057852022,228.322107934599,76.2192674944664,0.00920724094881398
243,5585,149.488158758895,0,239.075721723613,28.7641605192184,0.0298064918851436
243,5585,228.84972176267,44.9037763795944,219.276074285834,74.3206630442497,0.0107677902621723
243,5585,233.69642985093,105.684443194487,240,91.6051686780842,0.0253329171868498
243,5585,230.989818112808,112.152452466981,237.763412678136,157.035704778844,0.00561797752808989
243,5585,155.575367335031,13.251106721478,172.117666969228,60.4626394176207,0.0149812734082397
243,5585,126.204824703329,7.00487538696364,125.871775189216,20.9969478995417,0.0022367873491469
243,5585,127.145224784799,11.0453147655984,119.413469925571,18.3818756760269,0.0015605493133583
243,5585,182.508245883946,16.1375049503738,197.141961445116,174.894737778733,0.0344361215147732
243,5585,24,14,22,15,0.0122763212650853
243,5585,79.311493879447,15.2951585650185,80.3108285641642,31.1692931525908,0.00400540990428631
243,5585,177.43008354484,170.090474661504,174.372550680835,117.036160054617,0.0124843945068664
243,5585,182.952972527985,8.14174791603184,168.547928993974,3.36261041167501,0.000780274656679151
243,5585,105.56301590005,69.0146414124351,108.981239743987,171.034134168915,0.0242925509779442
243,5585,21,70,18,68,0.000884311277569705
243,5585,126.170541877716,151.738456208854,118.269582202155,146.586567521589,0.000832292967124428
243,5585,119.157497662197,144.438508847112,124.933318638705,147.821277528172,0.00119642114024136
243,5585,196.596771176467,16.212189118662,190.762423951775,5.1250184742412,0.000468164794007491
243,5585,116.661864520098,69.0844148406968,119.29659162854,142.061498979659,0.0133166874739908
243,5585,163.588949395456,36.2950838833089,182.797876715033,51.5503442987579,0.00509779442363712
243,5585,173.913034104869,112.007634401067,167.341186197691,37.1456208763541,0.0148252184769039
243,5585,21.947412743259,75.860574794907,26.9851018904999,73.9605004691008,0.000520183104452767
243,5585,121.22070438043,172.095251022119,119.984391172432,149.000835587276,0.00431751976695797
243,5585,0,67,3,67,0.00031210986267166
243,5585,214,18,216,16,0.000572201414898044
243,5585,21,24,21,26,0.000468164794007491
243,5585,204,3,204,4,0.000260091552226384
243,5585,29,36,32,34,0.000260091552226384
243,5585,189.846614307481,0,186.032814321725,2.06072958841004,0.000416146483562214
243,5585,16,56,15,54,0.00031210986267166
243,5585,159.187014709435,0.619207543900906,149.192612942753,3.63774334952415,0.000780274656679151
243,5585,79.8147345504491,0,58.0420171382906,46.0747512157754,0.00936329588014981
243,5585,52.8051535124058,11.8248354784204,53.752045597604,18.5941997288255,0.00234082397003745
243,5585,232.797200181079,24.654817962717,187.496709304851,10.6250694374643,0.00182064086558469
244,5608,79.469034990576,0,47.4746265246541,64.2402989583699,0.0353843129545901
244,5608,140,0,159,0,0.00314527226263023
244,5608,219.330298599112,140.122157674466,213.695469382303,150.839893608825,0.00304698250442304
244,5608,212.833572625872,148.488202624496,214.005195753019,143.528746917417,0.00275211322980145
244,5608,63.8446964319018,82.1969043136179,71.5638067026105,88.2851679253083,0.00255553371338707
244,5608,149.714718318413,68.9919832978266,150.052453355829,56.9733729863081,0.00255553371338707
244,5608,52.9674547275208,10.7240652531506,48.3273036283991,28.0874677810769,0.00668370355808925
244,5608,229.385230537934,35.0022045542626,204.118700143153,50.5696150545008,0.0143503046982504
244,5608,32.6307002491606,21.8635886081365,29.675131721814,159.864540197678,0.0515038333005701
244,5608,240,82.3360745210547,231.557703431195,73.7999953754166,0.0370552388441124
244,5608,221.100968477565,124.001759262882,221.345132297096,109.98858966214,0.0037350108118734
244,5608,185.273157562759,38.1146693642235,165.3212602053,31.9587639495146,0.00511106742677413
244,5608,164.29001698442,41.7904148531893,169.062205245886,35.0440019232894,0.00304698250442304
244,5608,216.915818578898,53.3902919522452,224.151922446959,40.5230690185746,0.00599567525063888
244,5608,236.660376163314,24.9277579441208,158.437764203251,0,0.0509140947513269
244,5608,154.667424572584,0.0192052269109505,164.293038338398,6.56937385523221,0.00344014153725182
244,5608,185.328365489019,56.1536435811266,167.018267899593,52.8972819775518,0.00668370355808925
244,5608,226.646108574765,55.4855690759065,223.648054718419,47.1262241136634,0.00324356202083743
244,5608,38,22,46,22,0.00167092588952231
244,5608,185.124357581003,48.7558568926723,166.015409628761,46.8458334163909,0.00540593670139571
244,5608,0,108.850609962437,28.0704808661778,120.482693912324,0.0170041281698447
244,5608,11.822935914958,107.468460273971,19.2708032143104,110.283533145991,0.00117947709848634
244,5608,170,116,218,116,0.00707686259091803
244,5608,72.0347525095393,13.7303383531953,48.0465405047441,10.6388695573707,0.00688028307450364
244,5608,235.279629055372,65.5799925406215,194.104040895046,57.4716613162809,0.0129742480833497
244,5608,216.125479274686,16.1035649474179,212.946191819583,19.9555891489691,0.00108118734027914
244,5608,62.3171961022356,75.9393876665903,66.1357254858606,32.9232785647826,0.0107135836445842
244,5608,67.3127526684244,34.9810616344406,65.9902691797097,82.9721750081628,0.0100255553371339
244,5608,70.2929510455982,158.482985920147,66.2943025598698,160.565179257875,0.00108118734027914
244,5608,13,53,15,54,0.000688028307450364
244,5608,192.984498417556,8.01074226245843,190.138587921318,3.90396155813375,0.000982897582071948
244,5608,76.0294211440194,10.9517959065406,72.9542847070122,9.07490069911134,0.000688028307450364
244,5608,11,84,11,87,0.000589738549243169
244,5608,21,24,21,26,0.000884607823864753
244,5608,21,70,18,68,0.000491448791035974
244,5608,78.9082913201557,7.10726024098043,74.04414854423,2.94836493665496,0.000982897582071948
244,5608,223,15,223,17,0.000589738549243169
244,5608,221.018433881842,74.0012171810092,222.670688883183,48.9782557336028,0.00530764694318852
244,5608,38.5749883120523,84.9929961513739,37.8663040041496,127.997796798198,0.00540593670139571
245,5631,2.58020787480711,108.256861821939,5.53374676013582,90.0867602088612,0.00736429504691769
245,5631,24.7221146166841,95.3246074158596,42.4599337171779,165.153263980588,0.0302886328542582
245,5631,77.8616676748854,0,46.2998365567116,62.1522614069346,0.0252999168547333
245,5631,20,146,0,146,0.0035633685710892
245,5631,25.4396099872913,157.302841660159,16.2948710893708,140.381060342044,0.00843330561824445
245,5631,29.7190324643311,97.9872194838262,32.9976954899812,25.9089201351528,0.0365839173298491
245,5631,2.18913556530101,104.122259387637,47.0456922888733,113.787951157932,0.014847369046205
245,5631,71.1358104956816,11.9193023634352,52.0600615351981,9.52206669439413,0.00890842142772301
245,5631,15.7680091441182,92.2376031007547,27.1113306019825,97.6864498339869,0.00439482123767668
245,5631,12.0256406953739,79.1117060776617,0,99.4823028491558,0.0149661479985747
245,5631,55.0025478866124,140.361164808526,18.999684846812,140.326402799499,0.00760185295165697
245,5631,67.4003075047406,173.037830577104,64.1133048661801,34.0446178036991,0.0344458961871956
245,5631,21,24,21,26,0.0011877895236964
245,5631,26.2634423817094,163.656608239151,12.9590894533775,180,0.00593894761848201
245,5631,52.3812737960361,8.78195701832858,46.2788921627882,26.098283341403,0.0041572633329374
245,5631,237.823724848297,42.1504536838839,235.7618666204,26.0304588974482,0.00320703171398028
245,5631,18,68,21,70,0.00106901057132676
245,5631,223,15,223,17,0.000950231618957121
245,5631,64.2877483907634,172.017263720166,61.2827979501481,48.0416219426844,0.035633685710892
245,5631,15,54,13,53,0.000950231618957121
245,5631,37,36,29,36,0.00106901057132676
245,5631,189,0,190,0,0.000712673714217841
245,5631,29,77,27,74,0.000950231618957121
245,5631,10.1169219640909,172.260818193814,2.60346618481803,146.821765513407,0.00712673714217841
245,5631,191.217903171637,4.9975881973901,191.284304422293,10.9968532530181,0.00201924219028388
245,5631,184.112167216,2.93731201857421,188.896957960121,11.4987083931546,0.00201924219028388
246,5654,238.644107524346,36.8310444447678,235.815701988148,26.0483431286605,0.00843454790823212
246,5654,33.0355286533471,37.9303851673395,29.0523082473138,35.8975072359783,0.00202429149797571
246,5654,21,70,18,68,0.00236167341430499
246,5654,11,64,9,65,0.00202429149797571
246,5654,215.946534009893,15.8705880877903,213.031033429396,17.0751149549937,0.00303643724696356
246,5654,53,9,63,9,0.00641025641025641
246,5654,194.716679746053,10.2099559270561,190.906927264557,5.06897202787767,0.00269905533063428
246,5654,69,10,54,10,0.0067476383265857
246,5654,21,24,21,26,0.00236167341430499
246,5654,13,53,15,54,0.00337381916329285
246,5654,223,15,223,17,0.00168690958164642
246,5654,165.593002383691,0,211.220659530912,14.2957209019555,0.0155195681511471
247,5677,15,54,13,53,0.00143884892086331
247,5677,223.228197944801,15.0338621391073,222.480691561447,20.0713294965721,0.00287769784172662
247,5677,223.130362640606,39.2037499970994,215.893712980386,43.8338789407968,0.00776978417266187
247,5677,46.0253001660383,111.883203131798,0.0179287888631947,101.917232701687,0.0247482014388489
247,5677,190.863655738393,5.10093937246933,194.670924816031,10.2436233265231,0.00258992805755396
247,5677,74.037514158416,10.76224226828,52.9318188094738,7.43211965535035,0.0112230215827338
247,5677,19,73,23,67,0.00258992805755396
247,5677,189,0,190,0,0.00201438848920863
247,5677,11,84,8.99999999999999,81,0.00172661870503597
247,5677,45,9,48,11,0.00172661870503597
247,5677,21,24,21,26,0.00230215827338129
247,5677,5,34,2,34,0.00172661870503597
247,5677,162,0,170,0,0.00230215827338129
247,5677,28.9687841753551,36.1434781423422,34.9053448422164,37.435066071661,0.00201438848920863
248,5700,13,53,15,54,0.00738688827331487
248,5700,223.764901589162,15.2440704622843,222.132079682022,20.3612323666844,0.00646352723915051
248,5700,167,0,157,0,0.012927054478301
248,5700,19,73,21,70,0.00554016620498615
249,5723,0.131666928614752,98.1296763870393,46.0901060637762,92.7730923296227,0.0260690601417791
249,5723,0,104.058340458993,37.6973979767732,112.372099941352,0.0397896181111365
249,5723,43.9637526935681,15.7600333826572,47.5380298321306,30.1150268312989,0.00983306654470615
249,5723,39.1824174800469,34.9617464597955,40.1161453567215,15.0054342784544,0.00937571461239424
249,5723,222,20,216,16,0.00205808369540361
249,5723,0,100.807549827142,30.1802423862111,96.1739917350876,0.016007317630917
249,5723,51.8677461309093,8.88567454799015,70.8915281184236,11.7264119026943,0.0189801051909444
249,5723,42,19,68,19,0.0048021952892751
249,5723,27.8194066967959,96.9983613245994,27.7376664992049,106.006693470492,0.00548822318774297
249,5723,48.9562870469884,17.9927600566198,50.2993063856007,9.88394785193852,0.00503087125543105
249,5723,21,24,21,26,0.00205808369540361
249,5723,39.883881856745,40.2792158544726,29.0876061255655,35.7893436932323,0.00434484335696318
249,5723,32.9924992466652,24.9293765966542,28.2944750027509,91.9505443779706,0.0304139034987423
249,5723,11,64,9,65,0.00114337983077978
249,5723,21,70,19,73,0.00274411159387148
249,5723,15,54,16,56,0.00137205579693574
249,5723,236.401467300967,25.9322919972723,239.272216583663,42.9540903053752,0.00686027898467871
249,5723,11,84,8.99999999999999,81,0.00228675966155957
249,5723,48,11,45,9,0.00114337983077978
249,5723,21.4285089626114,156.087958944404,18.4561612926355,136.775880281925,0.00846101074777041
249,5723,23.1088780398353,103.940190435896,26.3362299233128,109.815300080874,0.0032014635261834
249,5723,1.47439707303428,160.884490740616,10.7379345346595,145.442686895562,0.0123485021724217
249,5723,50.9651512840456,67.8653862507889,23.9626624122249,74.8557722274911,0.00708895495083467
249,5723,164.646451836897,0,178.035057317674,3.87899744663172,0.00388749142465127
249,5723,28.6775916184363,123.050540006823,27.8616660736248,133.98968198928,0.00297278756002744
250,5746,190,0,189,0,0.00290170475154153
250,5746,13,53,15,54,0.00181356546971346
250,5746,21,24,21,26,0.00326441784548422
250,5746,18,68,21,70,0.00253899165759884
250,5746,222.007374265008,20.0010038614012,222.693836418897,14.9583218393688,0.00326441784548422
250,5746,8.99999999999999,81,11,84,0.00290170475154153
250,5746,30.3401166256586,111.258899532677,33.3046534769193,50.1117342091914,0.0348204570184984
250,5746,28.6960446438208,112.303189684469,0,105.610137571951,0.0192237939789626
250,5746,28,75,27,74,0.00181356546971346
250,5746,238,34,238,39,0.00507798331519768
251,5769,212.926158130286,18.4577544009432,223.725883467981,16.9870704291134,0.00311310965063992
251,5769,168.523517649553,0,219.071648120016,16.7842212356662,0.0220223682693416
251,5769,217.000245733387,41.8753334560019,232.000187453586,41.904900221629,0.00438141358238211
251,5769,166.222898179577,37.3212274159728,173.964746885663,31.9491953373285,0.00299780929320881
251,5769,174.796631540618,113.945559777083,178.488324492371,167.966628870607,0.0212152657673239
251,5769,166.700380682878,38.1165621605685,177.963592220054,47.0459236116017,0.00599561858641762
251,5769,237.195818098059,20.7941290703336,240,37.082448523805,0.00680272108843537
251,5769,29.2242180080537,111.012564813497,34.0999471448201,24.0056008758849,0.0367808140205235
251,5769,206.933968734161,162.799258010396,192.121167076777,20.0912210556565,0.051193358699412
251,5769,78.7154003734251,0,48.0837167825951,60.0427093650971,0.0171797532572351
251,5769,163.897415591111,16.766606781053,170.187196001268,40.9513154465527,0.00818632537760867
251,5769,174.51998846965,109.952091738718,169.727296365603,57.932991775114,0.0198316614781506
251,5769,71.0326920234733,11.7270339608429,51.0793681248272,9.33730615704793,0.00472731465467543
251,5769,24.7041525843787,157.152341722,15.6891152375092,139.645151532866,0.00760982359045313
251,5769,219.428688081191,51.882087962541,218.602189411015,41.8677686051034,0.00461201429724432
251,5769,224.685894227852,69.3544398710402,228.645501173516,39.3491094641979,0.0086475268073331
251,5769,117.676150589101,116.017594919629,120.553081699289,168.969950761928,0.0125677389599908
251,5769,223.068472926661,18.814417578436,239.099844810841,24.7293902469182,0.00553441715669319
251,5769,50.6018004602608,10.9742596690289,49.3703948344006,30.0239429850515,0.00449671393981321
251,5769,20.3123228339403,85.6609272610699,26.8681344702778,111.034070889553,0.00553441715669319
251,5769,24.1988372221846,109.097794998938,0.0494753873806779,103.775510131182,0.0071486221607287
251,5769,17,25,13,25,0.000691802144586648
251,5769,45.8277354521879,78.7115502501611,25.0756501580814,73.6875219562515,0.00253660786348438
251,5769,18,68,21,70,0.00103770321687997
251,5769,21,24,21,26,0.00103770321687997
251,5769,20.0597477700471,42.0341757350273,18.9512471163641,43.9721133419433,0.000691802144586648
251,5769,12.004956723103,86.997394078303,8.88398446001048,81.060993403619,0.000691802144586648
251,5769,67.80734503358,173.003433725025,65.3122564663881,33.0122577799371,0.0387409200968523
251,5769,28,89,28,93,0.00103770321687997
252,5792,166.613858210193,6.81918911016291,178.048667013884,108.882511106164,0.0305923193751356
252,5792,173.103790261688,63.8961599189792,172.815265754737,60.8292272095626,0.00122947855644753
252,5792,57.0843726844149,116.661171552428,0,102.446421297419,0.00875099443118536
252,5792,45.5150781713706,169.907671982526,77.7739588838656,151.601669805831,0.00390540247342157
252,5792,193.520195567756,13.8185010162568,211.519863062231,164.579756985048,0.0452014175164533
252,5792,239.899294616867,21.404779264186,178.128517888008,0,0.0295074853547407
252,5792,36.5225727703978,18.0252819380418,32.1186207496071,109.054118588043,0.0336298546322413
252,5792,68.1218234016067,22.0148232506571,70.670198562177,172.988687330891,0.0355102336009257
252,5792,22,15,26,16,0.0169957329861864
252,5792,59.0232717530025,175.973682379266,55.7063799241408,47.0075516418523,0.0248065379330296
252,5792,35.6842373079208,51.9981213524472,35.0416373028861,160.006197278586,0.018442178346713
252,5792,205.442348595277,48.9283908807552,233.736561853058,35.4471021816835,0.00607507051421133
252,5792,19.8377833084962,139.926055358148,6.3121124760043,169.598111613595,0.0051348810298691
252,5792,0,72.1775349318797,4.60350470201189,0,0.0995154408042236
252,5792,65.1703081859975,24.9964425673125,68.3452393642844,176.992788568604,0.0284949736023722
252,5792,63.8333906476956,126.816620198942,68.3317569250529,133.78586427041,0.00144644536052651
252,5792,235.2954245323,96.6972621692098,229.7793737327,36.6528036389943,0.0107760179359225
252,5792,181.834855607753,168.945988167607,178.210307188473,112.921697945847,0.0203948795834237
252,5792,170.774870779537,34.1538166143689,178.444635768478,45.3794453943318,0.00412236927750054
252,5792,186.66438823305,15.5115184614177,172.374552921112,50.1544988191842,0.006002748246185
252,5792,222.57067876537,43.5284732934331,216.31103459917,50.2880315318698,0.00282056845302669
252,5792,112.170377145322,169.897453791791,107.211466729776,64.9427604922133,0.0268315614377667
252,5792,218.875108166209,43.6676472967776,238.747513325997,77.1498562264449,0.00462862515368482
252,5792,218.630350700993,54.9176547048651,236.288808813364,42.7877965015841,0.00296521298907934
252,5792,123.81221753904,170.956095818416,117.976750279103,63.001256756865,0.0216966804078976
252,5792,201.21247708626,163.833273232244,197.304720164877,111.977037046632,0.012222463296449
252,5792,18.099533225928,55.8285592046796,13.0573474459922,52.9012220124604,0.000650900412236928
252,5792,235.883499518941,142.792988697456,240,127.824393060552,0.00433933608157952
252,5792,206,113,239,113,0.00470094742171114
252,5792,14,14,14,16,0.000361611340131627
252,5792,18,68,21,70,0.000867867216315904
252,5792,17.5344672855449,65.688902474353,18.7671017019913,63.8443630662504,0.000361611340131627
252,5792,53.3809013689287,23.999316923065,55.1529883030935,9.13747933219319,0.00216966804078976
252,5792,22.1326158698937,30.2812496676342,20.1819286882258,24.2652599656272,0.000578578144210602
253,5815,82.6221182787947,0,52.1081649427056,61.5493879706252,0.0267779300037365
253,5815,33.0677537926959,66.1392010699166,37.1100874345957,64.171662776245,0.00224187320961515
253,5815,35.6184940584416,64.118017867686,40.9492670643158,36.1811342781165,0.0102129779549134
253,5815,2.99999999999999,67,5.99999999999999,69,0.000622742558226429
253,5815,35.2629832277831,67.9504490703419,33.892387477259,115.996930196283,0.0190559222817287
253,5815,176.255517276229,41.8723083376288,170.23037340233,36.7300721249752,0.00286461576784157
253,5815,177.366782448139,30.2824070180154,172.716709318065,36.3217937820478,0.00373645534935858
253,5815,174.617033164555,55.9355634463267,179.9394291003,106.901895753549,0.0168140490721136
253,5815,180.688775297874,112.876051481129,184.730689286222,167.946370689519,0.0195541163283099
253,5815,37.2213432083215,68.999585226609,37.2032318755954,103.000108257162,0.00709926516378129
253,5815,12.2052076613138,165.080745238942,24.0358478932231,135.01410545145,0.00660107111720015
253,5815,232.708332950542,27.5934804342351,222.929917906537,58.6632187000898,0.00946568688504172
253,5815,71.1482027775009,34.071612534747,66.284349750714,44.1373996273665,0.00460829493087558
253,5815,218.014427352672,14.0636410486193,222.034523916515,13.1522897720307,0.00112093660480757
253,5815,35.1958915554762,63.2307050663909,39.6258318452115,21.065751233042,0.0151949184207249
253,5815,56.3379782698047,8.83105094635906,51.1180147649795,29.2853192393612,0.00572923153568315
253,5815,216.293085036327,46.3907093817614,233.892008445223,33.1891295186112,0.00747291069871715
253,5815,35,3,31,2,0.000622742558226429
253,5815,190,0,189,0,0.000747291069871715
253,5815,208,3,204,3.99999999999999,0.000871839581517001
253,5815,28.9834645333311,36.0736918393893,42.0011901511791,38.9946959809906,0.000996388093162287
253,5815,19.5838306269314,73.283905318538,21.9327286204579,68.4535675312076,0.000996388093162287
253,5815,223.471153348079,50.0199687962641,224.107548432981,35.0045582033015,0.00411010088429443
253,5815,21,24,21,26,0.000747291069871715
253,5815,19.2209754910253,157.480737865665,30.886164314686,147.861945787653,0.003487358326068
253,5815,68.0640090548804,11.3326464747212,78.0780671820217,9.40570467630643,0.00286461576784157
253,5815,219,141,239,141,0.002615518744551
253,5815,69,10,60,10,0.00224187320961515
253,5815,15.0426388606403,53.941437271477,11.0009337806814,50.9987174904835,0.000871839581517001
253,5815,22.0201675416334,76.0288736173834,17.9234171395752,78.8903572755553,0.000747291069871715
253,5815,220.028844340173,13.9222243679459,236.929497423955,20.1901025428394,0.00249097023290572
253,5815,48,11,45,9,0.000747291069871715
253,5815,11,84,8.99999999999999,81,0.000871839581517001
253,5815,11.0328244350988,9.1228134023331,7.05005733667304,10.1872907122403,0.000622742558226429
253,5815,76,5,78,4,0.000747291069871715
253,5815,34.180102425251,52.9638184722074,33.1758049974005,47.9646818004219,0.000747291069871715
254,5839,94.252787753242,180,155.173183624037,151.352273619148,0.26808848153697
254,5839,188.996181853757,72.3259757876282,205.005698422594,72.51349485456,0.00185070943861814
254,5839,210.124239018701,107.981911454264,196.553629642456,14.7737997197799,0.0340178020622191
254,5839,176.797659258135,56.8168861074501,182.212810944621,109.978322565708,0.0202696748039129
254,5839,176.954023031048,52.863701120169,170.353552337146,6.66375387518258,0.0180664492817485
254,5839,20.7192764975813,141.74614364335,129.952580247563,81.4878472273417,0.0848682471137746
254,5839,186.570797937184,167.959048335092,182.690824889465,113.878692458782,0.0227372873887371
254,5839,214.038233373669,163.841765057577,210.09066894058,112.992961063842,0.0204459328456861
254,5839,128.096166449797,170.994555418612,121.922349647111,61.9477800445749,0.0268793513704063
254,5839,186.65947196284,52.2345177053431,175.324866590519,35.7762681511144,0.00511148321142152
254,5839,8.97689647623001,19.8421365596299,1.00137062992417,21.00936534,0.000528774125319468
254,5839,227.837833668824,60.5046904942145,236.965780260094,27.2652144886874,0.00969419229752357
254,5839,53.8860101411873,24.2024038550862,57.3411093512895,9.07792444408644,0.00493522516964837
254,5839,230.840794387101,36.7507110366123,215.393408781537,46.6160113676331,0.00387767691900943
254,5839,5,34,4,32,0.00044064510443289
254,5839,233.677657791676,48.9923353010407,233.598493897324,41.9932306901679,0.00246761258482418
254,5839,30.0772287103297,158.561357197159,20.0016928995002,141.99897014425,0.00326077377280338
254,5839,219.1172567553,47.5267248779769,229.069289961722,45.3112549595931,0.00308451573103023
254,5839,21,70,18,68,0.00114567727152551
254,5839,21,24,21,26,0.000616903146206046
254,5839,13,53,15,54,0.000881290208865779
254,5839,31,2,30,4,0.00044064510443289
254,5839,177.260651743319,31.1034247892891,175.2745055022,36.1089218639484,0.00132193531329867
254,5839,48,11,45,9.00000000000001,0.000528774125319468
254,5839,224.318446016571,43.318356063619,225.818163481994,41.8182148462145,0.00105754825063894
254,5839,194.632586828998,54.9003635846853,187.854314942931,11.8654400082938,0.0111042566317088
254,5839,27,72,27,74,0.00044064510443289
254,5839,179.459319349275,0,239.554572257005,20.3633775935637,0.0160394818013572
254,5839,226.563217066323,50.3127954184564,227.217394061755,47.0434999514664,0.00132193531329867
254,5839,218.938099456389,54.6989136859838,224.423816133093,46.0054072860302,0.00132193531329867
254,5839,220,13,222,13,0.00044064510443289
255,5862,55.2870172114024,64.6467016032851,87.320856449334,0,0.0328647792516333
255,5862,199.99057617299,14.7200077390756,216.990519633315,135.579356788837,0.0390021777865769
255,5862,182.521511528779,30.3810843007139,176.27391189899,38.9308860847907,0.00485052464858444
255,5862,15,54,13,53,0.00069293209265492
255,5862,39.4680914839837,117.052230055437,50.5873429844713,17.4002788543735,0.0534547614333795
255,5862,239.464490304844,69.9075792111431,240,69.0501567071969,0.0240546426450208
255,5862,236.074678566756,39.7433526388883,228.04361382845,39.2660919349362,0.00415759255592952
255,5862,189.464114050353,169.036725472819,185.616200104363,112.889238161512,0.0175212829142744
255,5862,179.543350204248,51.7864377921702,173.456481526861,7.79845830863042,0.0168283508216195
255,5862,125.041031104841,63.9977543626203,130.840030739725,169.954025015009,0.0206889724806969
255,5862,191.155778056589,4.60483484065527,188.24448413769,0.541282206367108,0.000791922391605623
255,5862,90.2122197025039,9.97747340127322,90.3447897820177,22.9964890733701,0.00425658285488022
255,5862,179.950443542314,55.8009249862823,185.355747601092,108.759557005456,0.0197980597901406
255,5862,196.528932651373,43.8425577963838,183.988232162935,47.4425457980839,0.00425658285488022
255,5862,215.964919705507,11.0847642074775,238.781635976261,20.5276310726928,0.00306869926747179
255,5862,7,12,9,15,0.00069293209265492
255,5862,194.976979023513,41.9784207643886,194.289667928008,10.8610755984833,0.0101960007919224
255,5862,21,24,21,26,0.00128687388635914
255,5862,57.7569705936457,21.1753465070593,60.3280523034146,10.0759908324305,0.00643436943179568
255,5862,21,70,18,68,0.000791922391605623
255,5862,11,84,9,81,0.000593941793704217
255,5862,73.3682701800568,8.37354881486349,79.1379426479636,11.7653507126634,0.00158384478321125
255,5862,84.9288793291071,6.44884812908655,69.9871173914573,4.08130315236844,0.00108889328845773
255,5862,11,64,11,65,0.000494951494753514
255,5862,20.9989459331296,106.004489421694,25.9602392863303,107.169346571381,0.000890912690556325
256,5885,89.1760925582283,0.0895702045540898,57.5442772900904,62.276848883894,0.022011385199241
256,5885,239.534492233334,20.4296205485745,179.510689623937,0,0.0123972169512966
256,5885,201.508491471472,16.789485179706,214.369567040253,108.94842573489,0.0333965844402277
256,5885,226.546418644158,58.1999064265448,239.181149150412,41.916484330839,0.00708412397216951
256,5885,37.6062269240798,113.055981522391,46.3893003891964,17.9436054510637,0.0413662239089184
256,5885,190.479519935001,168.970471817187,187.151724719669,114.929078364442,0.0216318785578748
256,5885,129.117653947376,118.994364121372,131.6575244359,172.016405320479,0.0140417457305503
256,5885,186.601001458927,106.932283924908,175.547128074717,8.82568188591138,0.0363061353573688
256,5885,25.8767105398845,141.071713432726,34.0043132161783,157.50323161292,0.00746363061353574
256,5885,229.667441772314,49.9973224996408,229.619303509789,37.9975156104417,0.00506008855154965
256,5885,13,53,15,54,0.000885515496521189
256,5885,34.8639833283033,75.4101108902422,56.1732856746831,82.4775174144169,0.00303605313092979
256,5885,33,70,35,66,0.00113851992409867
256,5885,11,84,8.99999999999999,81,0.000885515496521189
256,5885,189,0,193,0,0.00139152435167615
256,5885,48,11,45,9,0.00101201771030993
256,5885,43.6303427755981,26.9618051152664,38.6703093341349,74.9659346655517,0.0108791903858318
256,5885,58.4843185192181,22.1333683849006,61.5113731628538,11.1408185111761,0.00442757748260595
256,5885,184.126000491012,45.2966341797611,180.261783812968,33.9111509493587,0.00531309297912713
256,5885,21,24,21,27,0.00126502213788741
256,5885,26,42,29,43,0.000632511068943707
256,5885,79.766271927068,134.978649824419,71.2519168675343,132.945191328162,0.00354206198608476
256,5885,9,15,10,16,0.000632511068943707
256,5885,76,5,74,3,0.00113851992409867
256,5885,81,1.00000000000001,79,3.00000000000001,0.000885515496521189
256,5885,27.0010015860332,73.9984825208002,20.9827021597469,70.0262075467462,0.00101201771030993
257,5908,227.5171228508,11.8526762104638,239.958789286988,20.6429371596267,0.00460034502587694
257,5908,203.551530756533,63.8107363488711,178.623175638807,31.2888395951805,0.0113091815219475
257,5908,229.314372149934,14.0605778178194,187.297868146239,0,0.0251102165995783
257,5908,48.3113619272442,163.700167828502,26.2529129252278,140.793482535281,0.0066129959746981
257,5908,65.1779376188732,54.9972591877769,66.9647616733381,171.000542783685,0.0192639447958597
257,5908,39.8818026161161,112.044532108872,44.1283770772005,27.9559819780708,0.0209890741805635
257,5908,231.060417868345,40.9867630991751,233.497422584728,52.1101092704039,0.00565459076097374
257,5908,239.46184659216,47.568659877665,215.815795715756,66.7731939836261,0.00603795284646348
257,5908,83.1151358663231,12.0254028969757,61.1849271866596,9.43463634621826,0.00900900900900901
257,5908,10,21,8,19,0.000479202606862181
257,5908,55,13,52,11,0.000670883649607054
257,5908,55.3928995944777,113.256460751821,0,165.894618230954,0.0292313590185931
257,5908,21,24,21,26,0.00076672417097949
257,5908,128.169803829373,64.9911468829225,133.749639509901,172.013053125708,0.0187847421889975
257,5908,44.6523738942153,9.59404863809416,47.7589347649284,11.411949713221,0.000862564692351926
257,5908,188.582878562936,109.940634323127,183.188960667268,56.9807545196754,0.0143760782058654
257,5908,240,19.0346769049497,234.815060736896,14.9622736008699,0.00249185355568334
257,5908,230.045205585905,19.12947732058,236.907039404329,16.7337433282639,0.0010542457350968
257,5908,238.609480010051,36.9296175914203,231.465840628627,39.5359141421398,0.00297105616254552
257,5908,0.0226922496164441,101.899942534824,57.0384050442097,114.830659743369,0.0161970481119417
257,5908,13,53,15,54,0.00076672417097949
257,5908,222.019213446633,48.7859930018343,215.865787601668,41.1075565376441,0.00239601303431091
257,5908,217.477514349367,43.3964097994705,206.279362688228,40.0618433355358,0.00392946137626989
257,5908,225.19048679614,47.5434570033352,226.841172631917,43.9274953357013,0.00153344834195898
257,5908,12,64,11,64,0.00124592677784167
257,5908,192.940303438707,169.938418550388,189.275655952472,113.981947005138,0.0157178455050795
257,5908,190.353259758991,133.12967424856,189.890452765939,130.821460323666,0.00115008625646924
257,5908,75,10,73,9.00000000000001,0.000862564692351926
257,5908,27,74,18,68,0.00201265094882116
257,5908,0.126188880194884,143.726664596008,12.3012600558511,149.347446154166,0.0031627372052904
257,5908,76.213916439637,5.28042668884775,81.3035495270764,1.39792822339311,0.000670883649607054
257,5908,14,14,16,14,0.000575043128234618
257,5908,13,25,17,25,0.000575043128234618
257,5908,0.845260260575758,68.4083153805825,12.3083799233414,84.7841331645546,0.00182096990607629
257,5908,9,15,9,18,0.000479202606862181
257,5908,33,48,35,50,0.000575043128234618
257,5908,18.7941146406283,31.142802997394,20.0555502166322,32.9614701236398,0.000479202606862181
257,5908,30.0852580519982,43.8821491544807,26.0348056901188,40.9518886496554,0.000479202606862181
257,5908,176.591724513103,6.90891831123786,180.293021725829,30.9548963866774,0.0066129959746981
258,5931,75.8872500896443,147.077328959807,87.1650663444625,140.160921901644,0.00264453766186394
258,5931,74.987535559599,137.042629371331,80.132464809075,138.546959883263,0.00127667335400328
258,5931,223.397519370752,64.3076018983816,239.069812155688,44.0540208935709,0.00492431150829838
258,5931,240,37.1356720118905,224.3494938963,61.8544227296163,0.0060186029545869
258,5931,234.582907880139,41.8461101031647,179.421123517088,14.1609257730472,0.0190589093561919
258,5931,57.8309488890285,112.759872670697,0.234440261555832,99.9462077673212,0.0188765274484771
258,5931,238.958103204033,34.930402111532,231.610750579252,39.3533887939057,0.00373882910815247
258,5931,10.2149138134861,81.0013517629572,10.1926597824591,101.00243964324,0.00556264818530002
258,5931,52.7900181108983,168.702299403652,9.818824379903,158.407847162595,0.00948385920116725
258,5931,26.0082517948293,95.8353587135708,24.8237000408482,102.970732236347,0.00173262812329017
258,5931,239.690422095332,15.0194556886793,196.605622630656,0,0.0279956228342148
258,5931,33,37,29,36,0.000455954769286887
258,5931,52,19,76,19,0.00255334670800657
258,5931,237.093798812879,46.4154017117026,231.251958330417,65.4639064465938,0.00455954769286887
258,5931,180.415249607741,43.0925226310906,185.530980619071,34.1587938080379,0.00383002006200985
258,5931,195.947409764084,44.1003180916793,185.673867394921,38.7145695407966,0.00501550246215575
258,5931,9.00165092802111,15.0079417061416,13.9937989399056,13.9701701125629,0.00109429144628853
258,5931,55.3679549779507,83.4337925016468,33.2007343311642,102.236651364705,0.00437716578515411
258,5931,84.100817866003,10.220463010575,63.0646845548354,7.49985052116494,0.00993981397045413
258,5931,31.6040204662797,157.199279019752,38.0424883571474,137.68409682744,0.00510669341601313
258,5931,18,68,21,70,0.00155024621557541
258,5931,27.8280727187846,76.0386694332843,26.2331586560589,68.9475585664394,0.000547145723144264
258,5931,45.0040590208752,81.0150639863601,31.879175013753,84.5515899028929,0.00155024621557541
258,5931,21.7377540285994,21.9661138423576,21.2129590612901,26.0275175411988,0.000729527630859019
258,5931,17,25,13,25,0.000638336677001641
258,5931,35.8235718893376,156.426097032141,0.143813169026963,141.652672330531,0.00738646726244757
258,5931,48.6246150270722,92.5122589303527,55.0224057431534,9.77499852060353,0.0184205726791902
258,5931,55,13,48,11,0.000455954769286887
258,5931,17.3725772930688,100.163457624734,14.4347406487407,88.8867403537784,0.00346525624658034
258,5931,14.7175845628436,105.996003626615,14.6756980487684,87.9937743452642,0.00437716578515411
258,5931,218.26589170273,107.674151686401,204.376484704205,11.0896651006723,0.0218858289257706
258,5931,72,30,58,30,0.0020062009848623
258,5931,31.3043841895869,138.984545921268,31.4703704145128,152.994427146943,0.00410359292358198
258,5931,22.6045393138769,148.599370695678,33.6248353377647,137.619741893593,0.00355644720043772
258,5931,189,112,210,112,0.00410359292358198
258,5931,183.548199639196,35.2467750830188,179.263504600857,27.4022766005396,0.00264453766186394
258,5931,196.280610416907,9.03140366582845,174.647735694313,2.76417986923692,0.00446835673901149
258,5931,198.343251856823,9.29047153141088,188.736243957362,4.5104517801612,0.00255334670800657
258,5931,54.5308390441914,117.827877861897,47.7728631837065,146.650154825844,0.00328287433886558
258,5931,43.5229844086965,104.582962194858,19.801569862145,95.8281287563572,0.00364763815429509
258,5931,190.202782808218,107.979213553198,184.673027260337,54.0335166551759,0.0134962611708918
258,5931,27.8623327611117,96.3646043889042,38.9899577772756,93.9536506702954,0.00246215575414919
258,5931,33,150,33,148,0.000911909538573773
258,5931,41.9189306972113,95.9937266297157,40.9899119595836,107.999219359106,0.00273572861572132
258,5931,78.0106534285961,120.852909604134,80.3532174969659,136.948592761885,0.00373882910815247
258,5931,44.9252438850067,77.1276984647418,32.9361152652777,70.1091279629126,0.00100310049243115
258,5931,76.0979084762734,5.12412659163267,81.1251889175384,1.15871224061153,0.00100310049243115
258,5931,34,68,36,64,0.000638336677001641
258,5931,16,43,19,44,0.000455954769286887
258,5931,18,79,20,80,0.000455954769286887
258,5931,16,56,15,54,0.000547145723144264
259,5954,0.00329128997113641,98.984747239445,55.9860005893382,111.064877194233,0.0182757250695272
259,5954,57.5585503443827,77.3555700234646,20.2076429346524,110.096065752072,0.00701893788902132
259,5954,233.96205194183,63.1450013139878,237.44048057468,40.0663896192477,0.00622434114686796
259,5954,234.183714387843,39.1836881778762,228.183999782762,45.1842588659301,0.00317838696861343
259,5954,239.440002725256,12.7446506779295,203.078890236121,0,0.022248708780294
259,5954,27,2,31,2,0.00092702953251225
259,5954,45.021100951874,36.0012990999416,44.4653237234681,45.0286480925411,0.00211892464574229
259,5954,0,91.5193670872355,31.8222941944128,100.621297480955,0.00834326579261025
259,5954,21.8867112268866,95.369636048081,40.8145181475623,91.9679376843919,0.00490001324327904
259,5954,13,53,15,54,0.000662163951794464
259,5954,68.2073626318046,57.8677752333032,94.543197619454,2.64348794675016,0.0154946364719905
259,5954,83.0899975660075,8.31027080906162,64.0231756615637,5.82238485984733,0.00874056416368693
259,5954,182.976371098073,37.0829106202743,202.394189459935,42.616842512228,0.00569460998543239
259,5954,2.85630166211896,140.985190695051,0.479343660747777,164.049400337903,0.00344325254933121
259,5954,81.1397519024733,1.18214073835641,76.060726743859,5.07914607077762,0.00198649185538339
259,5954,234.966859383764,34.9347274852492,238.954382890229,32.9101542515341,0.00264865580717786
259,5954,233.839190503577,34.951376586601,232.09319427812,40.725812278079,0.00238379022646007
259,5954,30.7529629056974,138.627505515687,38.6848996049184,154.661176768191,0.00582704277579129
259,5954,233.930777398002,43.2816988505839,208.963989325051,37.1465441264702,0.00768110184081579
259,5954,45,9,48,11,0.00092702953251225
259,5954,17.1238098961811,65.6314321500791,0.036472155466555,59.8914265794825,0.00238379022646007
259,5954,15,16,14,14,0.000794596742153357
259,5954,179.34500185484,19.8237272126202,188.708066889374,38.1491582216632,0.00569460998543239
259,5954,19,73,21,70,0.000794596742153357
259,5954,72.5722500856953,27.3332352926676,52.6537847744067,10.2382340786616,0.00450271487220236
259,5954,15.9334281077788,94.0336418020229,9.27636121298141,80.8603421218216,0.00304595417825454
259,5954,18,79,17,81,0.00092702953251225
259,5954,46.1975566951442,82.9327341565852,41.8154955576652,70.0628216974291,0.00225135743610118
259,5954,35.8226313655949,127.842150675853,33.9009147767144,117.827129386787,0.00423784929148457
259,5954,43,35,43,37,0.00092702953251225
260,5977,239.243892282962,11.3073654729518,207.131881023672,0,0.0220338983050847
260,5977,18,79,17,82,0.00112994350282486
260,5977,73.9580840855163,6.94678083063932,81.1946760957493,1.24717342417021,0.00244821092278719
260,5977,19,73,21,70,0.00150659133709981
260,5977,21,24,21,26,0.00169491525423729
260,5977,63.9862363832857,5.10964707120685,83.062237145627,7.50419131250505,0.00885122410546139
260,5977,43,35,45,35,0.000941619585687382
260,5977,193.17189520625,39.8233487951874,183.037329811273,29.9616373470756,0.00753295668549906
260,5977,44.5857078408669,155.060181929612,41.9009891496165,136.578589357878,0.00696798493408663
260,5977,38.8017312584067,154.103571139391,30.3060679295477,137.840116984959,0.00546139359698682
260,5977,55.0133588343825,15.9810229829039,45.0319422512759,8.95462413626863,0.00244821092278719
260,5977,15,54,16,56,0.000941619585687382
260,5977,15,65,11,64,0.000941619585687382
260,5977,235.011745790667,44.0015034364802,236.413146305683,33.052881857445,0.00546139359698682
260,5977,42.9035086744639,73.0310071169952,41.9361042627677,70.0205326498403,0.00112994350282486
