Index,Tick,X1,Y1,X2,Y2,Score
115,3021,216.918081198054,37.1194098040499,218.385196980084,74.9850754355101,0.00518682646792225
115,3021,219.85623675048,137.464781037061,238.468846612848,143.609013215233,0.00548897169906335
115,3021,226.978312536958,78.5560187290827,227.886014927498,81.8564301129858,0.000805720616376272
115,3021,105.849776840741,110.779670268001,119.720205024727,113.452158405086,0.00282002215731695
115,3021,238.901886680183,114.968133462785,232.842564761952,133.624072927548,0.00156108369422903
116,3048,3.40347544796145,98.8654747598993,45.4276286904908,127.830431739947,0.00948121645796064
116,3048,101.813397440244,69.2951217522474,131.441194759711,103.484252395104,0.00742397137745975
116,3048,3.07431011207384,85.484150322803,146.963936321338,78.2797222499925,0.0440966010733453
116,3048,161.671936885915,153.519095114476,135.306130280683,178.260576413863,0.00661896243291592
116,3048,53,92.9999999999999,92,92.9999999999999,0.00822898032200358
116,3048,0,138.683086088555,80.3092672068878,116.099796495732,0.0211985688729875
116,3048,63.4741918823216,13.937661027584,92.3530745510186,26.2223832330476,0.0073345259391771
116,3048,64.2920626591975,103.273301140211,0.00441335161571033,118.01924082202,0.0167262969588551
116,3048,152.519210818145,75.3960956002564,193.861229040512,83.6915889500439,0.0101967799642218
116,3048,141.838231982728,75.4789475894045,111.878468075603,65.3598203353616,0.00411449016100179
116,3048,5.80510997431222,117.887234873105,0,127.920106410309,0.00232558139534884
116,3048,116.201713035401,40.3533758680458,130.031161002001,58.729140201606,0.0054561717352415
116,3048,122.955862081964,53.8220451579625,200.945794734399,58.0095441313562,0.0143112701252236
116,3048,110.95832503897,0,106.189173155836,144.986516009147,0.103935599284436
116,3048,16.387358666692,112.03517753127,14.1192238041392,137.010827172486,0.0035778175313059
116,3048,41.6045274530661,176.124223913431,50.7659186043824,131.540920213831,0.0214669051878354
116,3048,85,4,66,4,0.00295169946332737
116,3048,0,18.2919219382564,79.8359834386987,22.2818607349498,0.0243291592128801
116,3048,54.344791998086,98.8737950428788,51.592638675565,134.968939844162,0.00724508050089445
116,3048,46.7877826157176,96.365635745272,52.3480285750477,114.799902361552,0.00304114490161002
116,3048,52,94,84,94,0.00438282647584973
116,3048,132.897782917142,160.335403630372,161.664100912422,169.102181457957,0.00608228980322004
116,3048,66.4988350833038,2.32985233937107,128.635232863501,15.6957563029341,0.00903398926654741
116,3048,54.0904471838159,102.478634136581,33.0303416182706,98.8251014200799,0.0035778175313059
116,3048,33.9697504747666,98.2701817303333,58.0043558838506,100.961094257619,0.00277280858676207
116,3048,80.1166765662998,99.473490875812,56.5015130768426,113.138543360838,0.00447227191413238
116,3048,0,102.221116540577,6.05837905212401,101.47235922924,0.00205724508050089
116,3048,153.854272744209,18.8243739665563,180.893205338832,23.6041336464908,0.00626118067978533
116,3048,216.715142134425,87.7885815642216,233.350593097126,93.7977748666063,0.00241502683363148
116,3048,227.299701278034,94.7945689120727,225.790571086811,91.5651798730231,0.00152057245080501
116,3048,14.1334559945114,101.163083335044,40.9304473513656,105.436172020201,0.00348837209302326
116,3048,17.993337586652,124.968925753864,34.861155586435,121.352414019309,0.00304114490161002
116,3048,165.110248244413,167.675740631353,160.444901449006,151.701821016332,0.0037567084078712
116,3048,227.726285554655,82.0327654026597,238.994887590872,85.0192898817051,0.00277280858676207
116,3048,5.99489387251657,116.746057102011,1.42000668728102,134.853463053683,0.00205724508050089
116,3048,76.3276758891897,109.730332955994,56.4388235419588,119.902808278091,0.00483005366726297
116,3048,180.081613538674,171.282110898744,197.103495479092,166.357749499616,0.00286225402504472
116,3048,238,43,238,70,0.00384615384615385
116,3048,1.41302387664103,94.0634519003572,0.535114631073753,85.9421543076466,0.00286225402504472
116,3048,24.9442408420757,0.96125685260645,61.9935983500218,3.11036088310243,0.0102862254025045
116,3048,36,0,48,0,0.00178890876565295
116,3048,7.06193056153974,122.841375197765,11.7393738325544,124.667550450706,0.00107334525939177
116,3048,12.4483965512092,125.475829001182,8.0112888536096,124.911275297739,0.00134168157423971
116,3048,135.276646209664,158.666980210586,139.599990158894,149.276225270448,0.00205724508050089
116,3048,9.07987167483533,126.343179079172,52.1923123431985,119.003656904296,0.0106440071556351
116,3048,80,1,73,1,0.000894454382826476
116,3048,202.823886626545,67.5178888518372,237.548914314819,79.3264878356183,0.00635062611806798
116,3048,46.3312550441704,162.740544661663,54.6374661317958,178.115362574252,0.00134168157423971
116,3048,49.5677808714033,174.792253342484,47.63065126457,178.822472074541,0.000805008944543828
116,3048,47.5446230118643,86.0116992351981,54.6547722105472,96.2399836560601,0.00259391771019678
116,3048,177.042997985301,82.8666567873814,199.921312751634,90.2440209794913,0.00491949910554562
116,3048,96,21,117,21,0.00259391771019678
116,3048,200,63,200,60,0.000805008944543828
116,3048,77.6080383604751,121.812503329872,61.0780406573833,113.838228317276,0.00205724508050089
116,3048,238.913567766701,65.7773032354922,222.115268967996,72.2969959844977,0.00214669051878354
116,3048,46.2420297144212,6.09747694664371,41.525311422731,17.808820197018,0.0018783542039356
116,3048,203.690168629135,140.910794817051,209.732851134502,119.923083762129,0.00232558139534884
116,3048,192.26248742627,108.444469459381,140.890231929347,82.2149883694482,0.009391771019678
116,3048,237.741211124129,145.761103412718,220.196495229086,137.762455807827,0.00411449016100179
117,3074,135.363713362393,169.074702818464,132.890954654836,148.01280239776,0.00397983550013266
117,3074,133.075768501069,158.028082197193,131.53074341172,162.19671025474,0.00150349341116123
117,3074,144.923309815313,111.193166979668,169.085062536835,120.785744767854,0.00831343415583267
117,3074,145.434628909451,84.9179418291148,188.775334237162,111.611988291663,0.0134429999115592
117,3074,62.7483510360415,105.457802804477,55.199410136686,136.807217916469,0.00601397364464491
117,3074,162.093197163846,58.4820136234219,180.438307509565,44.9498690577877,0.00397983550013266
117,3074,173.703538379583,34.4706031366216,158.746740735185,56.8305926046693,0.00424515786680817
117,3074,225.766469145155,97.7328931269077,221.915035832618,86.6811191141053,0.00274166445564694
117,3074,68,20,31,20,0.0050411249668347
117,3074,122.047703667903,92.1621402838285,103.207469451333,97.7051691663122,0.00344919076678164
117,3074,108.458078284107,97.9142573357596,109.249150533095,102.140543300064,0.00229946051118776
117,3074,160.996643292036,169.02050381523,187.610769753421,173.377539286416,0.00663305916688777
117,3074,151.996823945943,20.0178726921876,180.001006509523,24.994336042596,0.0057486512779694
117,3074,176.755698893492,63.937026650433,238.95963907223,80.1548059503182,0.0133545591226674
117,3074,37.3896645575036,178.877918441745,47.2754162274199,129.455018651397,0.0360838418678695
117,3074,125.082366781876,104.328390859888,145.547364726677,99.1953733867494,0.00362607234456531
117,3074,119.998359134877,98.9370099843522,144.000036702738,98.9790410366023,0.00353763155567348
117,3074,223.953740794727,70.2756865966012,236.924143814669,72.4520729105019,0.00265322366675511
117,3074,55.5585846874654,96.7854995562266,45.3960999072485,91.0746415935091,0.00221101972229592
117,3074,42.2520873805508,77.8809891964202,49.8870656219713,94.0533164772136,0.0033607499778898
117,3074,194.351316215557,35.993063080114,193.741608407126,93.0079306408305,0.0133545591226674
117,3074,144.560781771307,171.049614862881,165.831752591989,159.685091439976,0.00539488812240205
117,3074,81.2088367453503,120.202374116207,48.9958992454755,99.0062321411772,0.00787123021137349
117,3074,47.1839829729668,134.42415485305,55.6902769666101,122.370079599428,0.00707526311134695
117,3074,131.965073898831,149.319043626788,146.716792255882,105.235960036175,0.0247634208897143
117,3074,234.785525537589,39.9436318753755,236.952866325492,70.1468992165956,0.00769434863358981
117,3074,221.85399834104,92.9365276911448,195.051903326137,154.58782738952,0.0123817104448572
117,3074,169.208659032151,47.6751462655747,175.196260392793,76.3051511251711,0.0147696117449368
117,3074,105.466890347246,63.3140137245207,129.876563901441,104.068642881291,0.0169806314672327
117,3074,153.688660722381,147.960319765728,149.878319357028,177.857041645912,0.00804811178915716
117,3074,149.723235738335,41.5696525299171,107.778198354041,68.545266677088,0.00831343415583267
117,3074,201.622219800633,86.3449846457505,195.142136416949,60.4651935122498,0.00424515786680817
117,3074,38.9323200250827,93.9873591288326,37.2405983290757,103.044937553311,0.00159193420005306
117,3074,236.316834456988,146.445149798085,217.696212140802,137.642624570093,0.00707526311134695
117,3074,55.9072520722624,92.6900207579082,76.9306635111715,95.5158456661965,0.00309542761121429
117,3074,89,22,104,22,0.00274166445564694
117,3074,0.0321784531183044,130.12587582976,32.9275570408752,121.716617279377,0.00371451313345715
117,3074,212.975926334069,81.0900593620389,201.961056568731,78.1456870169138,0.00229946051118776
117,3074,175.750532915818,84.8020175101896,191.757115276671,89.780855725741,0.00415671707791633
117,3074,3.61171245713468,122.306953251853,9.63687415645476,133.768018623523,0.00318386840010613
117,3074,128.086378801345,79.9760294461379,124.779918389601,68.0610737590004,0.00397983550013266
117,3074,228.656140162581,92.5563652077996,239.823322321086,88.0322729563825,0.00415671707791633
117,3074,0.482365529846173,98.7031146934307,16.5877676679127,110.559944568049,0.00397983550013266
117,3074,229.983868129393,94.0482727401294,225.784481425256,92.6449141829289,0.00141505262226939
117,3074,9.85186957009049,147.595303190861,65.2690430054401,113.985477839652,0.0167153091005572
117,3074,19.9941902187343,83.8768618294609,60.9972774407465,81.9422954238155,0.00583709206686124
117,3074,182.646904198609,84.0891727253831,145.033873794475,71.8955116064767,0.0101706907225612
117,3074,144.41415946815,150.998383860444,144.36726246825,167.998254487189,0.00318386840010613
117,3074,135.288753416218,162.286686636555,148.63337628639,169.663243724051,0.00309542761121429
117,3074,0,19,27,19,0.00362607234456531
117,3074,107.382715741466,83.4029537225915,117.905138342326,90.147986595393,0.00274166445564694
117,3074,166.878361680687,43.7429292571064,146.861478912147,61.6032627930848,0.00389139471124082
117,3074,143.079804407365,50.9464950542791,153.276646351463,66.1554241985862,0.00486424338905103
117,3074,178.538810408286,33.1706310923443,238.039798336267,45.8126854818983,0.00822499336694083
117,3074,67.673561457569,107.886312317445,63.7161698003666,119.249418111946,0.00194569735562041
117,3074,56.0338162990965,176.869652331617,51.1060469478324,175.591233435994,0.000707526311134695
117,3074,204.563605147491,94.7368913150041,212.511169503554,111.761369929836,0.00442203944459185
117,3074,127.025832732348,178.709732804361,141.043659716768,178.199514352613,0.00309542761121429
117,3074,225.666725723914,90.5039232469304,236.616245284218,85.2955198004096,0.0040682762890245
117,3074,227.558475989298,84.7283269712182,226.175554552473,76.7950777118405,0.00221101972229592
117,3074,143.669940635874,12.8374610599562,127.864291539423,44.9331698726511,0.00397983550013266
117,3074,129.707249401513,40.0363252106676,130.788259846529,18.9891247618377,0.00300698682232246
117,3074,235.67064634783,71.0040504803582,211.088855850842,79.2302344919421,0.00663305916688777
117,3074,215.420504189154,70.0040799228444,215.701943018955,40.9971081156449,0.00672149995577961
117,3074,134.75549506744,150.58869486872,165.799649409897,163.482384396519,0.00477580260015919
117,3074,165,70,150,70,0.00185725656672858
117,3074,160.90025531146,54.388667742818,191.91094555856,62.3470118484425,0.00318386840010613
117,3074,12.2139572597956,85.0817398178971,13.341461781753,82.1304513989661,0.000972848677810206
117,3074,9.68059206832173,87.4073231733043,5.26137139446734,83.9419319862162,0.00159193420005306
117,3074,221,120,221,119,0.000442203944459185
117,3074,151.769094550263,42.5759183952282,120.704519500075,0,0.0323693287344123
117,3074,19,0,0,0,0.00194569735562041
117,3074,22,82,16,82,0.00106128946670204
117,3074,105,23,113,23,0.000795967100026532
118,3101,36,22,72,22,0.00650230289894338
118,3101,0,139.858726671381,76.054501315918,119.200651335412,0.0186941208344622
118,3101,177.896787215512,70.0494625784293,180.270371245304,27.0149124103183,0.0184231915470062
118,3101,157.614663261259,66.4388503162026,178.5293197955,26.8652461104794,0.0127336765104308
118,3101,161.516969453469,42.0091022926612,161.403944780761,36.011232144813,0.00257382823083175
118,3101,142,179,134,179,0.000948252506095909
118,3101,177.73604633273,66.0499614301877,188.189502334604,52.1424376000525,0.00596044432403143
118,3101,238.965509554614,73.0011135319611,238.092633503456,45.9647240760674,0.0135464643727987
118,3101,0,20.0202650146156,45.98553210486,16.7937951144625,0.0112435654294229
118,3101,15.3822182202183,21.132015535209,17.293228162526,1.12351610297562,0.0062313736114874
118,3101,45.0665763363536,9.04923001948593,33.4570431811176,20.4469531208453,0.00406393931183961
118,3101,42.2632097372255,145.615359835628,55.303451902187,120.636368192725,0.00501219181793552
118,3101,195.007467411517,153.99739115283,188.532741597565,135.46451476919,0.00338661609319967
118,3101,38.2309387877469,179.036877431334,40.6412485686573,163.942712822716,0.00298022216201571
118,3101,206.237071489895,147.060963871705,202.129707932995,163.033354908217,0.00230289894337578
118,3101,218.280463917194,87.9907500578481,216.730961050459,41.008873136854,0.0144947168788946
118,3101,40.5780801170142,159.919024239258,43.4612165638937,144.896595537747,0.00257382823083175
118,3101,240,114.609018897502,232.987208377648,131.412015011683,0.00352208073692766
118,3101,239.146708028339,145.619008868216,226.148687322242,140.61386877171,0.0020319696559198
118,3101,74,6,74,17,0.00162557572473584
119,3127,189.146428228471,53.679223181063,191.41767927358,75.9574178023504,0.00572753306968499
119,3127,184.626838886668,56.9036908183886,187.420874481888,75.0889783736872,0.00436383471975999
119,3127,43.2747800799947,133.697747563925,35.4978995107149,178.087230235571,0.0261830083185599
119,3127,164.6608923765,167.365566255615,149.119592396953,152.949100782634,0.00354561570980499
119,3127,146.842747906745,153.232636492344,150.82459858802,173.040384578237,0.00545479339969999
119,3127,192,136,190,139,0.000681849174962498
119,3127,131.85012629204,146.601995938861,239.413332427023,106.097644055081,0.0267284876585299
119,3127,175.094782990407,174.662501775561,194.134277314192,171.938554045274,0.00545479339969999
119,3127,209.964643071236,94.162238602486,228.935370029731,98.2965607144531,0.00436383471975999
119,3127,178.589812855359,71.0387748586143,181.482876907006,27.0317447875663,0.0165007500340925
119,3127,164.566991792816,45.5581029010775,161.804698918858,38.4655248990915,0.00340924587481249
119,3127,161.691779802218,59.2555700514055,164.65263059732,51.2411068301953,0.00422746488476749
119,3127,183.838230474384,73.0059956331692,183.429727055523,61.9840731078489,0.00300013636983499
119,3127,232,74,239,74,0.00259102686485749
119,3127,238.134784732974,79.3006149363957,211.906237443752,87.7074702059634,0.0126823946543025
119,3127,235.975668833738,87.1560072563136,224.932363453229,85.433673913307,0.00490931405972999
119,3127,27.2294992037335,0.0179331813119325,25.6579671745165,20.1295543752054,0.00831855993454248
119,3127,237.513675457511,148.143257229908,239.21057023256,142.058725227722,0.00218191735987999
119,3127,235.988232686394,148.032902389702,220.152601226896,142.369397604188,0.00490931405972999
119,3127,43.0719410053461,139.451853284938,53.1022204033971,122.469737441733,0.00627301240965498
119,3127,239.917885775095,116.409996665858,232.795502803608,132.3553312471,0.00409109504977499
119,3127,51.459524379505,127.345751110296,59.6516049098804,120.578265712188,0.00300013636983499
119,3127,150.981748644227,174.958637679303,141.134123022423,179.303957664045,0.00163643801991
119,3127,132.200265898191,158.717792786369,142.977471185239,110.667821801805,0.0110459566343925
120,3153,158.317867354195,62.6115485165385,153.961641172288,59.0468766085349,0.00330952795680195
120,3153,185.004248346563,55.033025812815,156.953863953523,58.6413474248681,0.0085350984149103
120,3153,183.229955535364,28.0185826096159,179.745248562453,71.1410327986555,0.0205539104685595
120,3153,44.1958025985592,132.7801102991,36.2614933152171,161.798071948829,0.0102769552342797
120,3153,68.1258040536809,23.0124835750898,70.40534857688,0.0402228644386291,0.00627068454973001
120,3153,132.295030521887,21.8121490319242,135.949718361904,47.0072936152724,0.00748998432328863
120,3153,153.74755033944,63.443718175293,132.496766967805,34.8861963989808,0.0111478836439645
120,3153,177.669193276446,61.0545509180817,174.834168520824,43.8624433682698,0.00539975614004529
120,3153,155.235157310247,23.0145076123377,153.380003280502,53.0851368498697,0.0144574116007664
120,3153,156.268299559825,65.0953246271457,165.479256207761,39.1702757892779,0.00766417000522557
120,3153,226.467277231617,72.1702983191209,224.624194396742,77.2274864884857,0.00330952795680195
120,3153,1.4457507649652,20.8454310426873,21.2209326188774,10.4190307881036,0.00696742727747779
120,3153,240,120.788508702825,232.08843959544,138.040557224298,0.00487719909423445
120,3153,175.215094042899,29.7068874223419,171.834220974113,27.225910103992,0.00121929977355861
120,3153,166.228917701987,23.8117089335849,178.026930882667,38.1553212820437,0.00435464204842362
120,3153,54,152,51,154,0.000870928409684724
120,3153,147.019611076708,59.8765751379051,154.002216992376,60.9860470701172,0.00139348545549556
120,3153,144,37,144,28,0.0034837136387389
121,3180,42.1199585658839,132.642241908607,33.2879888688225,179.054802168815,0.0470841300191205
121,3180,239.307501172112,126.145276220199,233.760334781939,137.886772278772,0.00430210325047801
121,3180,181.992357313641,68.0719748206319,185.254788017136,23.0910086933637,0.0258126195028681
121,3180,223.052228913986,73.650115734835,220.418196170878,80.7852181732207,0.00239005736137667
121,3180,172.475894434987,32.0144649889244,172.309663048764,25.9914534916824,0.00334608030592734
121,3180,165.688230830848,46.9836250359865,166.159634856788,38.0083844564949,0.00478011472275335
121,3180,43.3340429642505,134.519368300058,50.1343446629435,125.09695866289,0.00908221797323136
121,3180,136.053917064864,39.0006737359989,136.191349230064,28.002391058656,0.00693116634799235
121,3180,205.368139173617,132.200286762648,214.979972702963,114.533155866657,0.00597514340344168
121,3180,139,179,142,178,0.00119502868068834
121,3180,20,127,28,127,0.001434034416826
122,3206,21.9999999999999,20,21.9999999999999,9,0.0400534045393858
122,3206,193.938364190342,71.2383351881592,239.026248175287,82.8985027724849,0.0133511348464619
122,3206,187.91682574197,176.455240893808,140.843820694054,167.854822255309,0.0136849132176235
122,3206,126.814820600993,152.647839455813,143.402592929529,96.822488309184,0.0517356475300401
122,3206,232.968157279213,99.0624472946248,217.825991089622,91.3412517971171,0.00534045393858478
122,3206,229.993263301516,100.074038439435,218.001553879503,98.9829223745516,0.00400534045393859
122,3206,217.848552453915,81.5262423543227,195.936628802705,75.2201990651093,0.00500667556742323
122,3206,231.08963743487,92.4973916879875,236.532991783873,82.6379725147738,0.00550734312416555
122,3206,227.99530758314,87.0203908083605,239.097727842348,89.5753255168673,0.00500667556742323
122,3206,41.1409176343589,122.623535367625,29.7355153488962,178.946441793658,0.0679238985313752
122,3206,157.178095089756,35.089354639731,143.540348965867,62.2711062233107,0.0058411214953271
122,3206,54.8723601885812,125.355158156583,45.9515007338477,124.514919094474,0.00183578104138852
122,3206,23.4091819006245,120.883910612821,20.6490711799205,134.931046270062,0.00383845126835781
122,3206,175.154787545478,88.4701710012506,200.72524150267,95.940482770034,0.00734312416555407
122,3206,152.807301484734,165.490901425378,169.918462026594,172.207718815644,0.00500667556742323
122,3206,220.005409668475,141.98291213621,238.092183212314,147.708815025711,0.00667556742323097
122,3206,46.7882939321828,124.519346702799,40.1519657308315,134.432273232391,0.0078437917222964
122,3206,193.468191945072,179.133012731748,215.42776806999,101.837429641826,0.0200267022696929
122,3206,129,179,124,179,0.00150200267022697
122,3206,226.164552963905,70.6502349311771,238.73463522965,76.5640453077351,0.005173564753004
122,3206,183.948628632285,174.195593782386,187.936203205649,175.242902941195,0.00116822429906542
122,3206,159.011670221325,23.934413724625,183.934327881383,28.3690752331322,0.00467289719626168
122,3206,45.6758303160077,122.638908727783,59.5294243881451,125.379095009295,0.00233644859813084
123,3233,158.94843720538,61.1217664885625,144.074774247296,54.823419238713,0.00110509448557852
123,3233,77,25,43,25,0.00696209525914466
123,3233,44,22,6,22,0.0066305669134711
123,3233,155.977089179338,25.1321978654616,184.001890231753,29.9890931622786,0.00486241573654547
123,3233,196.199963449805,158.941453325529,193.805738830566,150.764090242154,0.00110509448557852
123,3233,34.8327362697617,133.648998592844,27.5520770109433,178.603544136424,0.00817769919328102
124,3259,98.108800491612,11.2182034045949,74.0186971656554,7.86564968377848,0.00717360114777618
124,3259,37.9967701565584,101.999455168714,25.0075944875649,179.001281088233,0.0800573888091822
124,3259,38.7980555290763,172.221013557829,12.9778710218777,178.914639039843,0.0113342898134864
124,3259,21.9999999999999,15,20.9999999999999,18,0.033142037302726
124,3259,119,165,130,165,0.00157819225251076
124,3259,71.8629391459535,120.423804780689,0,137.518003905454,0.033142037302726
124,3259,139.772341634829,94.6087753748408,120.66292429909,154.573906752287,0.0505021520803443
124,3259,131.009103893604,121.786342822662,129.684005375739,127.931865188451,0.00602582496413199
124,3259,11.9555300408154,131.080983709694,0,124.515935813611,0.003012912482066
124,3259,121.894988654294,112.612721876465,98.0232128790361,119.085608275701,0.00746054519368723
124,3259,43.0443344395978,122.155772676489,15.0361926889058,130.127165970098,0.00473457675753228
124,3259,0,133.713932169746,2.92995808773323,128.772576504557,0.00344332855093257
124,3259,17.7263424862761,102.62041947784,9.61608576442339,108.467486333477,0.00373027259684362
124,3259,10,22,44,22,0.0114777618364419
124,3259,31,25,67,25,0.00760401721664275
124,3259,66.072496070911,7.16631735826304,33.0612453274812,4.29569746653874,0.0078909612625538
124,3259,0,24,16,24,0.00559540889526542
124,3259,0,118.874493785311,55.9634223413408,107.814910658358,0.0281205164992826
124,3259,62,99,52,99,0.00286944045911047
124,3259,116.331425139499,84.0130146993501,115.664881747413,100.986840276176,0.00559540889526542
124,3259,170.014068104386,47.8368225304546,178.040622085649,48.5288200199627,0.00129124820659971
124,3259,32.9695397466738,113.84000652557,0,120.116890856708,0.00889526542324247
124,3259,22.0654320465515,115.61596900195,24.761223974399,130.114733598774,0.00459110473457676
124,3259,39.6021740118696,113.263270027575,43.7374095063374,119.512003170079,0.00358680057388809
124,3259,45.5310442862943,118.660279281639,62.8582561303599,112.595063684464,0.00358680057388809
124,3259,56.4685732800633,112.500575025841,1.66931529682291,120.822453660199,0.00961262553802009
124,3259,35.9439453365033,119.55998806451,29.5132268976576,178.838710775699,0.0261119081779053
124,3259,20.7041716369824,83.5215789115891,0,87.6644318856274,0.0084648493543759
124,3259,57.1544645113484,98.0526538571049,56.4023518030006,85.9749444291512,0.00344332855093257
124,3259,24,3,0,3,0.00616929698708752
124,3259,56.0643219665743,121.140514686362,67.05094082001,116.111282874699,0.003012912482066
124,3259,19.2063330728542,123.249759589578,3.07207457245961,122.039308633365,0.00473457675753228
124,3259,1,128,2,128,0.000717360114777618
124,3259,3.67910573429706,130.43093996191,3.21691999068347,134.376803353416,0.00129124820659971
124,3259,76,26,49,26,0.00559540889526542
124,3259,27,4,16,4,0.0024390243902439
124,3259,26.0038688384831,121.109356257835,31.1326064955549,126.051334416458,0.00229555236728838
124,3259,29.6372213194818,120.421599890648,31.2645083997217,133.468088332475,0.00329985652797704
124,3259,231.099627496875,100.767706432688,219.997380995775,96.0061065253401,0.00229555236728838
124,3259,117.016510576215,97.8655861772223,106.059005371579,96.5196329034702,0.00315638450502152
124,3259,240,134.848237698258,223.068438688467,131.738389684391,0.00803443328550933
124,3259,218.716181101793,80.2427999525959,238.810074872968,84.8316533548778,0.00286944045911047
125,3286,217.529850426783,89.6029038870784,224.886434846398,73.4025297644771,0.00424628450106157
125,3286,205.210718267921,103.993839275093,206.205628132807,138.023224880291,0.00868558193398958
125,3286,21.9999999999999,24,21.9999999999999,14,0.0228720324261726
125,3286,123.389522989068,156.246280212874,171.882407115255,180,0.0120633082416522
125,3286,127.393786796061,115.537620240144,115.765347918519,155.932450827313,0.0280833815865663
125,3286,126.052950682828,128.526386841056,124.908979565434,124.294958527765,0.00279868751206331
125,3286,145.419256467647,178.847768885243,152.001262981836,153.738199667919,0.00511484269446053
125,3286,198.815287812987,57.751379888898,175.212996491937,75.2866904038439,0.00598340088785949
125,3286,187.155752556642,142.195164536792,192.726753912094,166.294336079929,0.00540436209226018
125,3286,118.166579918239,109.001628033743,118.61620379935,62.9962490486743,0.00781702374059062
125,3286,143.415717696999,96.0839580554681,182.406512119629,117.10103620364,0.0124493341053851
125,3286,19.482573605297,170.641813267266,25.7977829245932,179.150094146775,0.00231615518239722
125,3286,31.1121734748723,114.480543588195,19.5220096620758,178.91402006192,0.0415942868172168
125,3286,37.1126150866752,137.129965707911,30.3990927243126,124.8771649,0.00347423277359583
125,3286,108.927641580916,57.7212947945193,200.014159050165,66.8588574859931,0.0166956186064466
125,3286,183.073909824767,30.0050623094063,181.019374134215,60.0013269935653,0.00636942675159236
125,3286,121.417661280492,121.212139439676,126.596242580473,84.5196124129151,0.00974715305925497
125,3286,228.68477820685,102.671814409436,216.927241949202,97.1550651255434,0.0032812198417294
125,3286,56.7960331090715,119.087174369551,55.9212625262711,107.005701061785,0.00347423277359583
125,3286,139.550289709518,166.135618701919,143.200893660338,178.240985734091,0.00337772630766261
125,3286,214.207767479862,96.5653389886674,208.092600595925,121.779933050971,0.00588689442192627
125,3286,28.019857606947,116.491500173109,0,119.719266623909,0.00916811426365566
125,3286,154.970013209006,68.0153220930749,148.460531207916,55.275647735865,0.00308820690986296
125,3286,29.2752948917275,134.348363631329,53.42885297529,107.486439147577,0.00675545261532523
125,3286,127.06892696904,85.3154544754401,121.691350072048,69.44338033949,0.00270218104613009
125,3286,124.72115440068,85.0649699877924,122.135691230975,73.9683844477321,0.00241266164833044
125,3286,223.216708922571,88.5961156207526,238.972992143397,97.0503350359066,0.00540436209226018
125,3286,99.8832949258888,95.3119858884089,120.9307115929,103.185227638217,0.00395676510326192
125,3286,178.669032369848,92.5428278486813,203.561134230836,107.719794141879,0.00810654313839027
125,3286,182.047172687606,90.8743105147528,147.091878917525,77.7551927940785,0.0101331789229878
125,3286,167.091754944372,169.306880252728,171.037969400933,168.126991078617,0.000482532329666088
125,3286,129.68486060589,88.1824915224695,131.520122749859,121.521847508215,0.0121598147075854
125,3286,233.089568331436,143.364027652159,227.038308764714,152.026760179681,0.00289519397799653
125,3286,100.554402356355,90.2611472200044,123.61138028516,76.3556232606574,0.00405327156919514
125,3286,117.245736390467,73.2262932596996,106.218389681799,85.2011102746527,0.00279868751206331
125,3286,153.812770398807,100.738267286674,171.201597133424,105.148191921702,0.00299170044392974
125,3286,154.999912582747,99.0208220628331,177.999507198395,99.1173812456051,0.00250916811426366
125,3286,102.351922912596,97.7712022866539,107.036286314726,104.976408964754,0.00299170044392974
125,3286,146,55,137,55,0.0016406099208647
125,3286,102.066658789575,107.383065119529,110.338230416622,105.943693784394,0.00212314225053079
125,3286,111.393617044336,102.785531531,120.758674453399,74.2489799720967,0.00501833622852731
125,3286,116.356167146789,85.4049769464607,109.503705740909,96.8966562084179,0.00270218104613009
125,3286,158.307612328125,166.310136606925,161.164231504922,174.36101113092,0.00202663578459757
125,3286,150.902995589729,170.822337633894,159.212937540501,163.081542622136,0.002219648716464
125,3286,34.0634651901312,119.320760889834,44.0675431641408,117.341371472884,0.00183362285273113
125,3286,226.988928210989,103.068227393719,214.980600851738,101.119542860232,0.00299170044392974
125,3286,222.666576106772,143.02903258919,222.79715198417,149.026189565433,0.00173711638679792
125,3286,220.468410963261,147.272548817359,222.965955221187,142.980190762108,0.00154410345493148
125,3286,222,83,237,83,0.00173711638679792
125,3286,153.024135515446,157.000104212483,152.976659173529,167.995581412421,0.00250916811426366
125,3286,221.939408110516,46.1919425368847,193.94683255663,48.2909554434478,0.00357073923952905
125,3286,48.1303460960854,99.4612708722146,42.8930351833389,89.5871423381113,0.00347423277359583
125,3286,192.484037184096,64.6458374149995,200.906276324792,41.6996866372559,0.00395676510326192
125,3286,192.503781162961,39.7935112533926,195.391747795839,46.8394312505183,0.00135109052306505
125,3286,189.417444893715,67.4379844077552,205.76265134524,89.178446654857,0.00801003667245706
125,3286,203.370764395045,131.994756996148,203.44581965555,122.987050043786,0.00250916811426366
125,3286,179.277216027568,71.0143499017318,179.538018387872,65.97608583171,0.00125458405713183
125,3286,162.132901784118,61.2182413416728,170.919359484022,55.8675781930463,0.002219648716464
125,3286,231.046469880795,143.653971499743,224.498736451537,148.29240303082,0.0016406099208647
125,3286,50.8026469291809,115.47865996863,56.534053862166,124.302644120701,0.00260567458019687
125,3286,59.4288796970189,120.498513769807,65.9235022384875,114.911081854099,0.00260567458019687
125,3286,0,105.094047495593,26.8296046545752,127.087439763981,0.00579038795599305
125,3286,15.1035852355803,101.208061455235,2.19365559541101,99.5194479738712,0.00154410345493148
125,3286,124.994866310518,165.013714791363,146.040609874701,172.891509612971,0.00482532329666088
125,3286,92,28,110,28,0.00250916811426366
125,3286,201.447159019499,126.5755468224,192.428352157815,159.570406159381,0.00849256900212314
125,3286,152.192841277375,59.0498406193395,110.100091742924,50.5068322002431,0.00646593321752557
125,3286,164.415530160385,25.6437997901642,177.757411462587,41.2079514224678,0.0038602586373287
125,3286,162.279037369929,25.823988285063,160.784127352236,31.947298079878,0.00241266164833044
125,3286,194.982829056047,95.5682064783857,179.490474280471,73.7847719422222,0.0101331789229878
125,3286,194.39896254982,90.2155823006776,199.664944339278,81.3739990940135,0.00241266164833044
125,3286,170,30,182,30,0.00125458405713183
125,3286,136,41,136,30,0.00154410345493148
125,3286,145.56790516187,162.770715240869,151.220998982759,152.117269853881,0.00318471337579618
125,3286,175.950834651994,55.96723078103,179.181096381903,51.1207026337428,0.00154410345493148
125,3286,179,49,161,49,0.00154410345493148
125,3286,66.3401498019534,89.0805851599748,70.670198636825,81.2634039451103,0.00250916811426366
125,3286,66.0165649661706,102.860786535819,60.0064645607751,95.9943416629632,0.00135109052306505
125,3286,57.9834793647104,102.119349177202,62.889476323628,102.798450519919,0.000868558193398958
126,3312,16.411916772864,178.676061514339,28.837056242364,117.762781803044,0.0803752535496957
126,3312,113.624390969769,156.606848802888,124.759606767255,117.645493687795,0.0605983772819473
126,3312,18,15,22,15,0.0580628803245436
126,3312,199.566211618242,128.623161109269,186.369360841506,178.834250741628,0.0207910750507099
126,3312,128.163644867871,108.509217932463,134.672428304558,119.199443244955,0.0058316430020284
126,3312,137.336673979329,93.5093818430978,129.981431361567,111.585541418391,0.0109026369168357
126,3312,114.032809697302,149.718139103327,121.02740568331,125.716564252726,0.0101419878296146
126,3312,77,85,79,85,0.00202839756592292
126,3312,34,164,32,166,0.00152129817444219
126,3312,29.6568885961237,126.231958777564,17.9260229486611,177.293789285779,0.0367647058823529
126,3312,104.871053728568,74.8774867714252,97.5356691621785,106.427034112444,0.0220588235294118
126,3312,98.6657197447701,107.0858378317,104.763370682532,91.5157052218954,0.00608519269776876
127,3339,196.566372512485,95.9283071610183,163.254262677184,44.4828822710483,0.0101167843563281
127,3339,162.625949979441,50.0872475610943,161.416674514018,44.9028102309314,0.00190114068441065
127,3339,117.229978633182,161.661470585854,143.360598598494,179.413205037017,0.0062466051059207
127,3339,197.888228891335,103.249004220438,201.869704874295,137.015363424601,0.00719717544812602
127,3339,146.182869266695,151.430600344108,137.708560759071,174.709725006512,0.0115426398696361
127,3339,117.991643132843,125.025017866273,135.088222178066,130.735890183301,0.00346279196089082
127,3339,120.565562675779,117.617488438104,108.814670614726,161.683916343456,0.020844649646931
127,3339,186.782325452789,97.8113031966825,197.701098713972,114.199149739478,0.00387017925040739
127,3339,175.805483962148,96.2984870197454,190.695434128573,106.001870813967,0.00549972840847366
127,3339,158.895365701544,62.6842704186848,213.52903638524,92.5240836861236,0.01582020640956
127,3339,141.604496123182,31.8707097009545,137.766182310529,102.987380375675,0.0126290059750136
127,3339,143.024452091309,60.6115268366406,157.988858586376,69.6703244496525,0.00427756653992395
127,3339,152.057111476585,27.6769509691933,182.005053660644,32.9714141487702,0.00583921781640413
127,3339,225.520213199963,99.6324182140868,238.478903467482,95.5027891317691,0.00346279196089082
127,3339,239.350670566925,67.1281250472055,226.773246795954,101.551779285167,0.00733297121129821
127,3339,49.9276054896458,97.5659822943702,72.9349150839926,100.508835682574,0.00271591526344378
127,3339,97.8786728738042,0,82.3657044770475,121.407849821122,0.0532998370450842
127,3339,215.582861710765,148.210205067196,236.509426307651,155.423256468262,0.00468495382944052
127,3339,215.404498352181,147.091450798811,233.479799885626,156.953436203668,0.00509234111895709
127,3339,27.4074473150062,25.8185718811546,30.348772253145,0,0.00414177077675177
127,3339,191.877287634105,46.7944345429596,238.988949656337,54.0715394463593,0.00706137968495383
127,3339,111.958004668805,162.432190983472,119.883177492228,163.202267801885,0.00149375339489408
127,3339,37.8650130737981,108.65992251915,44.9409631262078,105.8512662531,0.00142585551330798
127,3339,191,179,162,179,0.00305540467137425
127,3339,146.290798604975,80.8215762796101,164.174059305352,74.4917595685682,0.00271591526344378
127,3339,20.1271500482971,111.729798218518,17.034184645149,178.955564158524,0.0234926670287887
127,3339,18.9778743948278,114.462873422806,22.6648901844183,122.604609499099,0.00135795763172189
127,3339,57.6852285552036,111.617380466122,44.4011030932605,126.361387762958,0.0025122216186855
127,3339,212.223236030344,74.1972754169913,238.74001360519,91.400733467846,0.00509234111895709
127,3339,138.400011125769,97.0112782117948,184.572825523379,124.405495359369,0.0124932102118414
127,3339,116.391477287378,115.897907492669,118.111280993098,122.492554907461,0.00237642585551331
127,3339,222.497907856173,121.548827485987,200.829937668944,114.524599350753,0.00291960890820206
127,3339,222.997644582933,82.4764854021261,212.997888940517,82.4270534678004,0.00210483432916893
127,3339,98.0649188554584,100.165183264234,146.587827899335,143.531381368647,0.0293997827267789
127,3339,38.347196618337,85.219508547075,44.3944480396849,103.203620009824,0.00468495382944052
127,3339,13.8060312477785,178.976293841979,19.1311631992256,135.404948409175,0.0255296034763715
127,3339,228.004595653664,75.7015227524758,232.157312464515,81.5938938096328,0.0024443237370994
127,3339,209.494754103527,90.310724873469,208.019148983213,114.941237569819,0.00733297121129821
127,3339,0.0937030691388984,129.445771249365,20.2539276759025,125.208003733235,0.00217273221075502
127,3339,149.485912933144,63.4491031760144,172.520515455952,68.2842572696097,0.00359858772406301
127,3339,142.768544529032,157.133277307749,153.9729664975,176.591389175675,0.00319120043454644
127,3339,179.183335497505,119.327876538185,141.348701934267,96.0589947502432,0.00631450298750679
127,3339,203.020568332301,122.677964311841,213.011372629093,122.374859592105,0.00190114068441065
127,3339,230.903208186921,90.6232538572342,210.936540507299,95.752994407931,0.00230852797392721
127,3339,133.852505621846,76.3984904378288,180.397980174111,93.6264968672202,0.010048886474742
127,3339,236.917842859066,74.9822637250191,237.262203534822,53.9715179664752,0.00475285171102662
127,3339,110.26903381965,179.836406762445,106.188690313357,171.392026670451,0.00258011950027159
127,3339,191.499347877,41.9963428232356,191.192561545253,83.9941018023898,0.00889462248777838
127,3339,219.157767898378,106.265979391933,226.091025808493,102.153459540516,0.00196903856599674
127,3339,12.1151472793022,109.427002605815,50.0529960717633,99.1965262303896,0.00400597501357958
127,3339,166.706092603562,60.9327858789219,173.356433005705,31.8528217037044,0.00393807713199348
127,3339,173.516026261214,28.1601298009254,170.509788470606,37.8478808531401,0.00149375339489408
127,3339,237.199627708814,54.423373853606,229.497479466383,58.0550629470397,0.00142585551330798
127,3339,160,178,168,178,0.000882672460619229
127,3339,154.674768850414,174.859166552391,163.87114858354,178.340388143606,0.00203693644758284
127,3339,29.3639372715959,106.924017974666,40.0675941349705,135.936312657609,0.0135116784356328
127,3339,52.1786669364855,109.09012334156,44.5208323112273,124.271560568892,0.00190114068441065
127,3339,171.656692010767,49.2829009685847,195.595516156751,78.33331257827,0.00509234111895709
127,3339,58,28,85,28,0.00264801738185769
127,3339,235.659123400001,100.873201795624,237.657587018955,95.5006534460602,0.00135795763172189
127,3339,216.071874690801,46.9647453462946,216.702146281099,84.0050682262597,0.00848723519826181
127,3339,155.17693790349,38.955247520283,167.483578290646,103.088297911029,0.0285850081477458
127,3339,122,56,140,56,0.00210483432916893
127,3339,142.118313908662,158.925652148442,131.848243124152,176.913354478052,0.00325909831613254
127,3339,218.481123415865,82.9101128197045,232.414546463287,89.0609293560144,0.00298750678978816
127,3339,5.81490287773721,86.6213556279443,22.8950016858489,91.7093873366217,0.0024443237370994
127,3339,131.407670060763,30.3899029277072,138.040962216148,57.4796961663477,0.00502444323737099
127,3339,0,92.8656768828116,158.577553311796,180,0.132197175448126
127,3339,181.512488708488,144.624795246657,185.771725173049,168.399200290336,0.00332699619771863
127,3339,0,87.0667002013928,4.60973057634949,90.5208356534347,0.00162954915806627
127,3339,22,152,28,152,0.000543183052688756
127,3339,37.9859434577567,118.994966728889,39.9137786121415,113.61105322799,0.00101846822379142
127,3339,79.3597158970932,82.3347174736011,72.2087904767492,89.2169422217874,0.00203693644758284
127,3339,54.6320141810892,89.831963815134,45.9948435986399,86.0116578931238,0.00183324280282455
127,3339,17.9485159026991,119.862218415823,1.06402862267558,126.171353204725,0.00196903856599674
127,3339,110.0458529106,166.60258234185,126.936385251948,168.551363563706,0.00305540467137425
127,3339,169.43531033088,29.4371369914243,158.746752398366,33.2990994341709,0.00183324280282455
127,3339,67.5277269744593,80.8893569560729,64.7065780029791,92.9312577658476,0.00237642585551331
127,3339,138.554015988907,178.954686485346,139.177843285757,172.814862589424,0.00108636610537751
127,3339,136.12295693181,178.127837124389,138.660724605703,175.68694893702,0.000678978815860945
127,3339,226,94,234,94,0.000950570342205323
127,3339,0,131.591834315864,19.960799869751,126.835490050527,0.00190114068441065
127,3339,217.636808103342,86.4048417520062,224.554708756208,92.6110332985944,0.00176534492123846
127,3339,8.96786342957911,124.811307468942,19.9888121337606,122.934309518091,0.00101846822379142
127,3339,217.856900663863,84.5556391331752,232.648443890536,88.3650540750064,0.00135795763172189
127,3339,2.66387411427001,110.425139937225,8.16439412618339,97.6404856382112,0.00237642585551331
127,3339,224.723947584377,105.971503302953,217.717441568151,101.436553291109,0.0012900597501358
127,3339,217.150643073616,100.94440677865,218.689591138164,105.114553083331,0.000407387289516567
127,3339,108,179,113,179,0.000339489407930473
128,3365,20.1834770590251,117.699722207383,10.3973936876233,176.900387003535,0.0462357414448669
128,3365,114.025636062359,117.006214611891,103.333832749287,161.111259511314,0.0334600760456274
128,3365,193.816423395364,131.679010148025,180.983993262882,178.995658920464,0.0121673003802281
128,3365,179.3326798957,32.9308765408209,175.180239518356,73.0186698690917,0.0106463878326996
128,3365,18.2869951614162,121.186687012352,19.1651478854712,148.059958475277,0.0088212927756654
128,3365,24.0917850704762,132.781124740675,21.0338223287754,132.550850704334,0.00212927756653992
128,3365,130.372667311036,127.086297854774,112.251853968462,95.5806245695764,0.0139923954372624
128,3365,53.7817614148671,125.107457087866,34.9593618783754,108.621274190884,0.00653992395437262
128,3365,21,136,28,136,0.00091254752851711
128,3365,51.9358884303158,111.623709037487,41.8868423032966,113.335841895339,0.00243346007604563
128,3365,214,77,214,51,0.00532319391634981
128,3365,52,103,52,105,0.00091254752851711
128,3365,107.457319139797,19.0687848223598,93.9545247005279,108.842751316318,0.0255513307984791
128,3365,71.0377710241644,0.00478815364430047,67.3563816423384,29.0451777545691,0.00653992395437262
128,3365,46,171,56,171,0.00091254752851711
129,3391,17.546350958721,129.693248380321,8.59232810539939,172.124994135829,0.0735650767987066
129,3391,12.6422512549113,157.955771916009,10.161733425973,178.019994925618,0.0295068714632175
129,3391,18.0319311507338,16.1137591208656,21.9999891446618,14.999961326363,0.0929668552950687
129,3391,114.737131730085,119.930591331693,104.458836189146,158.857109192146,0.0622473726758286
129,3391,17.6889507544233,136.904387535398,20.281071832443,128.471623992306,0.00848827809215845
129,3391,113.067524748288,118.017811707747,104.161996580736,151.77895109018,0.0234438156831043
129,3391,191.808029484508,136.947731952646,180.333671364245,179.090849110981,0.0194017784963622
129,3391,28,152,28,153,0.00282942603071948
129,3391,144,163,143,165,0.00202101859337106
130,3418,2.77555756156289e-17,116.694396146097,42.8876075251698,109.344201784077,0.0199524940617577
130,3418,83.7734737325764,121.229979923659,100.773176208396,116.228968563721,0.00712589073634204
130,3418,49.9960002056231,87.9435090974028,36.9199451359495,88.869348996133,0.00395882818685669
130,3418,37.739819623273,105.743858113418,45.8139152933776,129.064426633626,0.00459224069675376
130,3418,18.8877413946893,173.454830760702,0,177.344102850167,0.00807600950118765
130,3418,37,23,0,23,0.00902612826603325
130,3418,22.9914743937853,180,33.3979020345858,113.531985526172,0.0608076009501188
130,3418,100.426107531799,162.334472126811,111.411800101417,119.847909952591,0.0319873317498021
130,3418,5,3,24,3,0.00364212193190816
130,3418,76,10,87,10,0.00285035629453682
130,3418,109.762135820018,118.672717860616,101.084545635507,151.493568024311,0.0104513064133017
130,3418,191.213057172638,131.053823942089,179.094536941005,179.023882560605,0.0125098970704671
130,3418,239.145993607109,111.47846005511,108.138269334952,151.453145551584,0.0372129849564529
130,3418,91.6281001772306,106.809553997829,99.1678906694743,92.0859750525428,0.00443388756927949
130,3418,42.0761246225297,127.592543384303,39.3840075169004,123.395077387646,0.00237529691211401
130,3418,32.7437106137108,127.31802504069,42.8233853384681,123.530036033268,0.00316706254948535
130,3418,6.52231405424026,177.931685225525,12.5487260485678,135.792450555487,0.0172604908946952
130,3418,179.039238624249,32.7800586793045,150.069279284951,27.6116740145564,0.0063341250989707
130,3418,60.0052968629001,122.019670172521,43.1503764568942,126.558430698704,0.00506730007917656
130,3418,104.108047440301,96.0156130002772,104.178684720285,91.0025177663752,0.00269200316706255
130,3418,51,7,59,7,0.00205859065716548
130,3418,134.046934352904,32.6949599895278,118.116346102332,30.2438328414475,0.00300870942201108
130,3418,158.471663687124,104.900571092006,160.373277848449,113.921311286277,0.00174188440221694
130,3418,111,87,62,87,0.00918448139350752
130,3418,141.097442875173,170.026763948098,138.588435889724,179.161621540659,0.00395882818685669
131,3444,150.037986984525,26.7871026045794,179.976969612875,32.1290734048988,0.0103113226254214
131,3444,180.321256428503,33.0333395548701,176.171721368201,73.0178210098524,0.0186396985921079
131,3444,166.002596185393,58.0037809616154,148.850004691324,69.7815539267602,0.00793178663493952
131,3444,86.0608367804704,9.55131959276874,71.0653445676982,7.51807398388762,0.00475907198096371
131,3444,16.3076817605661,118.862913738931,7.62210134881771,162.7271616383,0.0138806266111442
131,3444,7.71764253031164,175.968343544664,9.05873288999857,164.006584827067,0.00376759865159627
131,3444,188.351335457075,69.0135670296747,189.1625445872,48.0062767568533,0.00555225064445766
131,3444,41.0371078156756,3.19716223016325,20.9942446633095,6.96942059249314,0.00634542930795162
131,3444,133.883840693272,40.7153237119967,142.969042085368,42.1906427563523,0.00515566131271069
131,3444,160,179,168,179,0.00257783065635534
131,3444,120.035955114751,29.8100068222951,135.065431448669,32.6542486669671,0.00456077731509022
131,3444,161.807552032067,178.503872252378,150.001960137524,173.994867917185,0.00277612532222883
131,3444,28,136,25,136,0.00218124132460837
132,3471,99.269219416973,159.820376821241,109.053678508338,120.013193979866,0.0431499460625674
132,3471,14.7499581195737,128.715177165462,18.367433675919,138.240239193037,0.00593311758360302
132,3471,6.03315009085533,123.976974712856,16.315558984862,138.780820020399,0.0075512405609493
132,3471,21.9999999999999,17,21.9999999999999,9,0.0631067961165049
132,3471,10.3694643805233,132.9218499427,4.6484692546904,179.080372793932,0.064185544768069
132,3471,19,136,26,136,0.00269687162891046
132,3471,5,1,25,1,0.00647249190938511
132,3471,232.090260244408,154.780158751222,213.8760319871,147.301941158514,0.00809061488673139
132,3471,26.0219424849043,150.928279691367,29.9593377649691,152.132906918192,0.00161812297734628
132,3471,13.5657279501974,131.816456398294,11.4696562866942,136.775852037158,0.00269687162891046
132,3471,134.955130378874,161.9228345817,121.763560572913,169.593378619299,0.00269687162891046
133,3497,140,162,142,159,0.00223214285714286
133,3497,214,60,214,77,0.0107142857142857
133,3497,181.17990031619,33.0174304165525,178.368341481159,62.0356883500049,0.0223214285714286
134,3524,216,82,216,49,0.00997328584149599
134,3524,43.9477825147253,107.673117140697,0,114.693499583541,0.017453250222618
134,3524,171.130092831109,36.0549719136404,170.748466354861,30.0158951280237,0.00231522707034728
134,3524,4.87647784209403,153.655315186699,17.4050944931173,112.817489230516,0.0122885129118433
134,3524,76.5167479473228,0,72.1749248337305,29.0261657943944,0.011219946571683
134,3524,6,155,6,171,0.00641139804096171
134,3524,183.651500163155,32.0810549918443,178.797144660205,71.0991750387579,0.0210151380231523
134,3524,238.954286033362,76.0015126153128,238.260183470211,55.024479560491,0.00837043633125556
134,3524,26,136,26,139,0.00160284951024043
134,3524,139.474152371667,57.8970296272156,158.050417087584,65.8827200764782,0.00641139804096171
134,3524,14,0,38,0,0.00534283170080142
134,3524,227.868832141191,139.936616301888,234.097396558651,127.047064533391,0.00320569902048085
135,3550,178.120376905515,174.034373897727,183.589183457697,154.882690406858,0.00314640014806589
135,3550,191.698743134192,82.9941029535782,192.38398215171,47.9879415666154,0.0124005182306126
135,3550,168.847815692335,34.6016012881245,177.079926811815,36.6840405316345,0.00333148250971682
135,3550,187.015786209574,84.9897204713011,161.12113536059,45.2234629783468,0.0103646122524523
135,3550,180.350513016129,69.0462216912213,185.231720166481,32.0305566341105,0.0223949657597631
135,3550,138.66863858485,35.5950863618709,154.368921090726,44.3374608519281,0.00777345918933926
135,3550,216.71116983352,83.9058964699108,219.46040902683,46.2526606789991,0.0192485656116972
135,3550,213.991720769568,61.8898366531864,218.043987118521,61.5852921032365,0.00203590597816028
135,3550,78.218890513944,0.0347741340720186,73.9366474092679,26.9899354638799,0.0107347769757542
135,3550,175.65350942743,60.9910153876874,175.964464217927,48.9990785457082,0.00462705904127337
135,3550,36.6085213353406,0.0881257713115526,33.7100024832637,20.1028222230462,0.00980936516749954
135,3550,177.639926467308,65.0320472806694,196.174881122302,71.4987535313629,0.00462705904127337
135,3550,190.430497379418,75.6609560264072,183.75895509733,67.1898381396093,0.00444197667962243
135,3550,198.745284293542,89.9775986819578,201.836182239306,81.2977653924386,0.00407181195632056
135,3550,76.9628014289345,20.9133469332084,82.7541239836811,18.427238459589,0.00259115306311309
135,3550,238.867213328402,118.376993653067,230.64883208038,137.282059290602,0.00462705904127337
135,3550,165.650177902246,65.8582623742919,168.50947093805,58.801252050605,0.00296131778641495
135,3550,163.391952575193,64.2331048139581,167.773713536024,56.8654213100641,0.00370164723301869
135,3550,152,37,152,29,0.00333148250971682
135,3550,8.33597086142886,2.8485825230765,4.83747197416904,18.1909673626607,0.00758837682768832
135,3550,157.222495918859,66.6413012240372,130.831643098929,50.271418076559,0.0107347769757542
135,3550,26,136,29,135,0.000925411808254673
135,3550,104.897589091119,175.133159599769,110.600631635063,179.519277997004,0.00203590597816028
136,3577,23.7702239223055,3.0848165538547,27.6184311338999,13.5099743685735,0.00461919783686345
136,3577,188.120811304538,31.4007694846202,158.130173022794,25.3543348626514,0.00856241550247859
136,3577,131.835368729558,59.6351713361275,117.12257823481,25.9464666894472,0.00867507886435331
136,3577,0,112.837039489983,48.85838992561,105.105154761729,0.0202794051374493
136,3577,127.7829022552,94.2816396696712,171.80358914944,37.7484350050355,0.0332356917530419
136,3577,156.151715324082,28.5859611446982,107.767195573409,57.6119292093424,0.0175754844524561
136,3577,201.23880160661,88.5719049569902,203.340999103635,80.3425600698265,0.00281658404686796
136,3577,219.73436443997,45.9897545847117,218.269417305537,83.9718218332426,0.0092383956737269
136,3577,217.297687141076,60.9083523449509,217.716101658966,57.7019648370856,0.00259125732311852
136,3577,93.737396547358,25.7919237767885,76.7271944625007,13.8064028742361,0.00540784136998648
136,3577,12,19,68,19,0.0110410094637224
136,3577,34.9836153282953,27.9976541114015,38.9922020579881,0,0.00766110860748085
136,3577,159.943356916442,60.8680361172349,158.928867525053,68.9911162835107,0.00270392068499324
136,3577,0,120.691076287499,17.3047980464167,99.5891843773634,0.016786840919333
136,3577,1.59765954924415,132.936430944339,1.36088438099792,126.985640821091,0.00191527715187021
136,3577,163.11370003151,48.5861973265632,171.992878581584,51.0259178642266,0.00191527715187021
136,3577,192.336881909647,46.4920007404332,187.344278885837,82.4930265491389,0.00709779179810726
136,3577,176.126758802152,41.6351263976574,184.976072053622,81.6684355162376,0.0120549797205949
136,3577,115.038498759279,30.4766318490588,0,22.0144442596887,0.0223073456511942
136,3577,169.418233845354,65.1526248289974,171.910861912614,41.9904073045577,0.00777377196935557
136,3577,6.11076247924005,85.805984186899,0,82.3173860596142,0.00315457413249211
136,3577,119,84.0000000000001,13,84.0000000000001,0.0155475439387111
136,3577,173.050543724517,64.5089182824738,169.436334852709,57.7661200525413,0.00270392068499324
136,3577,163.737765183544,61.8597597138753,166.718180090808,66.2353816495404,0.0012392969806219
136,3577,187.058552858805,33.0066276160253,184.673675447089,54.0762535302303,0.00822442541685444
136,3577,186.844863338871,38.022257655419,186.101637487034,32.8419466591287,0.00191527715187021
136,3577,177.313340673862,57.3962827245664,182.209060939943,65.8793473914538,0.00281658404686796
136,3577,51.9861559712763,0,134.110741585507,11.1870408885939,0.0170121676430825
136,3577,82.9941358171856,21.0995905982019,0,16.2126555487118,0.0153222172149617
136,3577,178.176936335195,48.0796852735216,176.716429632077,51.3226521625885,0.0012392969806219
136,3577,141.548346228243,37.8398313525689,146.202048482222,24.7170248023813,0.00450653447498873
136,3577,142.828143665616,30.5501070952508,147.02322279184,16.6088083961876,0.00394321766561514
136,3577,37.9664559694219,83.5258828642339,5.96907051529866,81.4848936077054,0.00540784136998648
136,3577,6.36347081862161,81.5243296766205,12.4718507803213,143.559674183884,0.0575709779179811
136,3577,0,151.166316656555,10.0324539531769,159.421094094677,0.00957638575935106
136,3577,0,171.110032763714,8.71377614234052,168.881058853611,0.00315457413249211
136,3577,2.93520192765915,0,0,1.31032068359616,0.0143082469580892
136,3577,9.26589334344483,16.3130872559434,11.2202902206121,2.16861222428289,0.00405588102748986
136,3577,171.816422753066,179.462144263657,149.206269745456,170.48072878736,0.00315457413249211
136,3577,74.0907320826208,21.9176309933272,120.019471933896,25.7677137221972,0.00664713835060838
136,3577,228,145,232,145,0.000563316809373592
136,3577,103.76287308911,33.7551514316785,110.426873569646,0.0844855782070368,0.00473186119873817
137,3603,109,17,8,17,0.0122822688700313
137,3603,43,95.0000000000001,80,95.0000000000001,0.00558284948637785
137,3603,101.028153810292,32.5339106840684,107.288539240847,2.11762267456746,0.0193538782194432
137,3603,17.8518677753481,135.262936404484,28.0441176263316,119.38635456431,0.00506178353431591
137,3603,32.4265730979239,178.626319970172,34.8668486798132,91.2476296479366,0.051659967247283
137,3603,76.0334894205084,0.0844501084352837,73.7247517222499,0,0.00372189965758523
137,3603,159.165669692278,24.2186212275143,193.123312697143,31.4183973990587,0.00900699717135626
137,3603,62.9691151138259,152.02319038202,92.0161337718373,78.6107149294415,0.0884323358642251
137,3603,165.232578210332,30.6405219190976,171.991349819232,35.01336991276,0.00119100789042727
137,3603,41.6262518349593,27.3191189142467,18.3002575383982,0,0.00543397350007444
137,3603,213.981804028426,120.923624483655,96.7280613324887,148.858568444074,0.0215870180139943
137,3603,130,75,194,75,0.00729492332886705
137,3603,106.965624803738,109.915181740244,129.505621686582,100.780157998645,0.00349858567813012
137,3603,90,116,101,116,0.00186094982879262
137,3603,105.151512990611,120.03916574952,96.1697014710218,154.785369795144,0.00975137710287331
137,3603,11.5231726801007,144.641775567008,3.08103701968816,108.745758390706,0.0079648652672324
137,3603,0.501093720494601,108.947943132569,2.69144801817218,130.032054382158,0.00565728747952955
137,3603,28,26,83,26,0.00491290754801251
137,3603,128.218151622881,37.2017898681242,109.943353105495,32.207269258581,0.00223313979455114
137,3603,155.931209614977,37.4003744806754,117.542188787304,59.4634576409634,0.00923031115081137
137,3603,74.138008049668,24.9205237069004,0,20.000226259336,0.0174184903974989
137,3603,29.9139749767824,18.049167159223,26.7749888815685,12.5570590938435,0.00126544588357898
137,3603,132.863714619486,172.078086368775,137.118946557249,179.504810301605,0.00119100789042727
137,3603,83,18,36,18,0.00454071758225398
137,3603,0,123,0,131,0.00096769391097216
137,3603,171.23296468932,56.1681138126717,165.856740400215,63.6182477506371,0.00104213190412386
137,3603,0,8.53907362760011,3.62274335184871,5.54372461786899,0.0015631978561858
137,3603,1.54405638986975,162.043658890252,2.87244665035482,175.91645885212,0.00409408962334375
137,3603,69,16,34,16,0.00357302367128182
137,3603,0.291158062441575,15.0162604951911,0.461289357010464,11.9699142735521,0.00111656989727557
137,3603,8.23816313236103,90.7349257364951,3.44746580160792,104.503632664167,0.0032008337055233
137,3603,0.909119380912632,78.9841146479459,0,84.1852163849476,0.00178651183564091
137,3603,5.57226040871578,128.890212724348,4.02095807343122,120.804130770311,0.00141432186988239
137,3603,233,143,232,145,0.000372189965758523
137,3603,9.10620320744176,177.97656398443,8.62779546938428,134.981887293766,0.0116867649248176
137,3603,0.061653303952413,166.997389892071,0.484248380699792,176.979499224584,0.00133988387673068
137,3603,181.353516431628,161.107528393612,188.071321106275,139.021693599794,0.0015631978561858
137,3603,24.8217752368408,146.698735066472,17.6822326104882,88.305255615577,0.0250856036921245
137,3603,52.043958786943,76.0399028989098,7.58451642979792,62.9835810475611,0.0124311448563347
137,3603,107.109850441256,176.353833806356,123.962787915858,179.218890251988,0.0015631978561858
137,3603,42.537749822421,137.096027988734,43.5748501976813,142.088320745794,0.000372189965758523
138,3629,29,15,12,15,0.0683453237410072
138,3629,6.61626609764395,128.785135803796,0,171.394150558565,0.0531267293857222
138,3629,103.453215982711,117.848327426243,93.4661690832344,153.851920490474,0.0332042058660764
138,3629,28,138,26,136,0.00166021029330382
138,3629,156.901480924271,105.554906603507,138.025655400628,58.6857555440976,0.0323741007194245
138,3629,93,159,93,160,0.00138350857775318
139,3656,6.99607158005072,112.999444165975,0,162.444972736813,0.046396479002384
139,3656,93.6956387348201,137.019948150947,94.7483643589963,153.082033489652,0.00935264991747662
139,3656,41.9842447908617,101.883765119469,0,107.574574575036,0.0185219145424537
139,3656,118.577915263713,100.95089019571,101.533656477652,75.3154457577445,0.00880249403997799
139,3656,112.007676867615,3.95554571403592,89.1023762759423,0,0.00623509994498441
139,3656,94.0326684921162,145.269550170564,100.759990470879,117.940918323705,0.024390243902439
139,3656,133.856063512691,178.085562499188,129.99811140784,171.595568875243,0.00458463231248854
139,3656,0,99.7680179196021,8.76951047599192,91.7479714968167,0.00256739409499358
139,3656,154,49,148,49,0.0022006235099945
139,3656,0.0368753113846519,126.786182602002,50.1393898738289,125.751828206447,0.0236567027324409
139,3656,14.1245104481942,123.157309044066,6.90090841043322,128.874805661245,0.00348432055749129
139,3656,123.072670247776,32.1649225533761,118.985046179014,33.9660628329309,0.00183385292499542
139,3656,33.1876981270576,14.5619407499837,43.9851079342962,10.955415332579,0.0053181734824867
139,3656,133.975371742165,156.989592272872,129.783676499858,166.908583222736,0.00238400880249404
139,3656,172.145739462749,179.048088380842,188.097957927135,130.702361035801,0.0187052998349532
139,3656,21.9809432552014,132.020716392824,26.1406118306272,135.847142313665,0.00201723821749496
139,3656,218.959870212948,75.9974873304405,220.215061768682,55.9508522086755,0.0053181734824867
139,3656,98.9958226622434,116.768237156907,93.2647951016312,141.599516932443,0.0100861910874748
140,3682,0,151.546404744543,2.40123724961156,129.93347632528,0.0212984346933539
140,3682,152,49,150,49,0.00179625352835515
140,3682,220.299645732848,50.8115933134006,218.840273670811,63.9823016244165,0.00590197587888119
140,3682,23,136,26,136,0.0023094688221709
140,3682,92.5389269318462,126.603349551129,88.17092793011,153.705208972896,0.0130869899923018
141,3709,55.7693670077042,115.690925602134,47.997376131444,122.997208884231,0.00462829042522418
141,3709,95.5463666120246,117.89626004513,87.3749073953275,153.628362819103,0.025455597338733
141,3709,39.8665275336893,100.663593204648,0,104.645227967111,0.0229968180503327
141,3709,13.1140649714544,16.968802959728,107.070602313622,27.3617243232914,0.0215504772924501
141,3709,26.0456814141544,110.964054899277,13.7849717966076,95.3823332570585,0.00433902227364767
141,3709,22.0821590414272,111.275190730094,11.2778701722298,95.1441071865488,0.00491755857680069
141,3709,119.566138158641,100.257111470459,114.866530901285,115.654030817314,0.00781024009256581
141,3709,190.829225783414,129.415843968928,196.619795649207,117.81029761212,0.00303731559155337
141,3709,188.499743898066,129.872203685027,190.239687138174,123.061230903304,0.00216951113682384
141,3709,125.349094045091,179.373414736421,146.567303321753,159.537158200405,0.00969048307781313
141,3709,105.7919738007,76.5615174294967,99.0675622341059,98.0211707180157,0.00592999710731848
141,3709,0,122.04238489662,51.985215813737,113.905545740944,0.0238646225050622
141,3709,82.6219054560818,15.9427884320266,95.8170771955319,7.23866243733171,0.00506219265258895
141,3709,39.3043464407244,76.2828325119041,37.5491809474578,82.880061454342,0.00318194966734163
141,3709,43.8056018764785,12.1143169680751,44.1919444882579,6.01215246407429,0.00404975412207116
141,3709,12.1196066662476,105.047987175073,0,135.255761385238,0.0199595024587793
141,3709,7,15,0,15,0.00303731559155337
141,3709,41,12,8,12,0.0115707260630605
141,3709,129,46,139,46,0.00245877928840035
141,3709,185.121439481623,131.683321238263,168.058459797575,179.021071942023,0.0182238935493202
141,3709,6.91690060488415,123.180689689478,13.0082322001854,125.982100065913,0.00303731559155337
141,3709,130.041009713295,169.02497210679,123.975854115576,178.98529681005,0.0039051200462829
141,3709,35.1231731185823,95.7821145996627,28.0465980730009,124.260072364295,0.0075209719409893
141,3709,31.4058610965316,93.7630968852637,24.2529657696772,111.702132388664,0.00376048597049465
141,3709,77,13,63,13,0.00361585189470639
141,3709,13.4898132860229,71.9898848845549,0,78.8032900176208,0.00520682672837721
141,3709,86.0665192631896,80.2297581812783,4.07351810216277,73.1487170181453,0.0202487706103558
141,3709,86.8395594290416,95.7219668592464,114.771353186105,79.6037698481699,0.00824414231993058
141,3709,10.8283171391014,104.915656752634,1.17024575814368,124.574910779917,0.00477292450101244
141,3709,2.20040052647896,115.043322785041,0.916578751526478,120.981965911572,0.0013017066820943
141,3709,12,122,45,122,0.00723170378941279
141,3709,5.61006936733942,98.8388287568439,0,96.2309807546998,0.00245877928840035
141,3709,113.075426112327,2.5731740500505,98.5141896332062,0,0.00564072895574197
141,3709,147.036052577655,24.804980973376,129.094614622557,21.4882015990043,0.00347121781891814
141,3709,153.004825009552,47.9550187449064,139.058032950901,46.4589865697903,0.0039051200462829
141,3709,44.4809336327674,123.703263943172,34.1267625005663,106.921787535724,0.00274804743997686
141,3709,100.960279361118,65.9933607009802,97.4639980515789,86.9104073521759,0.00303731559155337
141,3709,43.1892714452216,114.083033711178,35.7437876616457,104.426515944269,0.00202487706103558
141,3709,50.9197411669345,112.453635518846,5.86370869700627,119.072192751854,0.00607463118310674
141,3709,84.1334669931961,14.9808481385072,111.06447074453,18.5077024084661,0.00477292450101244
142,3735,63.117111767934,150.945269225949,99.5310363490694,180,0.0680558901469525
142,3735,143.073312531319,169.963410695164,139.079162313671,161.960491146953,0.0018067935437244
142,3735,38.6801479063519,104.24769697626,44.0620451387313,123.421195080585,0.00529992772825825
142,3735,37.2405751842379,105.251018949881,34.1166674365129,116.760240124237,0.00313177547578897
142,3735,0,129.578022139827,5.08316448247747,134.043626988299,0.00277041676704409
142,3735,40.7853630630903,135.709831066936,39.2996024388977,90.7258750984726,0.0218019754276078
142,3735,181.896989489623,172.178506974017,177.221434567905,143.287836181421,0.00807034449530234
142,3735,46.0373119684109,121.049701816845,55.9532401364128,113.605652040453,0.00457721031076849
142,3735,118.891109021841,68.8607074215383,86.413545109971,94.2498110021136,0.0112021199710913
142,3735,53.9945756772634,116.979461336953,71.8084620200606,112.27476033014,0.00373403999036377
142,3735,44.5703051818982,4.0482043984218,44.0525722529507,10.1734913407966,0.00264996386412913
142,3735,9,9.99999999999998,47,9.99999999999998,0.0101180438448567
142,3735,24.9789857409131,154.300063685259,28.6583097324477,83.6067718390117,0.0489038785834739
142,3735,10.6535880009722,3.7566097209402,1.37337193704104,16.9649359143083,0.00421585160202361
142,3735,239.045642752982,102.895343861953,218.577504837544,93.9687564653226,0.00662490966032281
142,3735,221.335350670019,122.180426987816,163.032405419781,80.149186912308,0.0396290050590219
142,3735,35.9813094765102,6.21315355732301,0,3.0581064710246,0.00722717417489761
142,3735,37.6520004523978,88.0038866273902,37.5178706396762,75.9942161700306,0.00397494579619369
142,3735,193.339038844745,124.100828159384,187.014953659693,126.048553167082,0.00252951096121417
142,3735,5,16,37,16,0.00481811611659841
142,3735,202.725166942992,116.640752173241,200.342163345242,111.830492220636,0.00168634064080944
142,3735,10.9699648028578,77.0534914451824,1.99278619008101,72.0128474974215,0.00264996386412913
142,3735,4.00483990981252,75.8217917608258,0,75.713025386909,0.00216815225246928
142,3735,101.075346630164,15.4723875221148,81.0552123859168,12.6133769528882,0.00421585160202361
142,3735,214.723465574527,149.289318774179,225.989341981019,160.057381332053,0.00626355095157793
142,3735,96.2390464394605,86.0396258723346,106.347809378504,25.0576551153008,0.0108407612623464
142,3735,27.8113688184414,139.113357048276,25.9562211813431,136.026308681412,0.0018067935437244
142,3735,63,11,75,11,0.00277041676704409
142,3735,239.028788042478,163.602478176734,236.285650354231,156.503227047949,0.00192724644663936
142,3735,117.622496806187,110.055573045795,115.850999383091,98.0219346968257,0.00361358708744881
142,3735,51.8627189556756,92.3957023023829,32.7150255729442,96.745570511959,0.00325222837870393
142,3735,47.7340506735899,93.2436108032551,49.5264177017691,87.842831335451,0.0024090580582992
142,3735,113.004965426768,115.972652784396,113.105396418909,104.973569804861,0.00457721031076849
142,3735,217.623788521386,92.323965697543,194.052627502321,101.59006898687,0.00698626836906769
142,3735,131.548069767137,116.747675488879,122.206735628716,122.769438953194,0.00264996386412913
142,3735,105.118138832842,25.9248311506133,15.1061028931936,16.0343689467137,0.0148157070585401
142,3735,12,75,35,75,0.00397494579619369
142,3735,94,20,101,20,0.00156588773789448
142,3735,98.3693850111639,96.3311733090322,97.7137301095282,87.1635099369724,0.00264996386412913
142,3735,239,159,238,158,0.000722717417489762
142,3735,178.689791523255,102.101996184238,189.457190439576,134.849676318338,0.00710672127198266
142,3735,116,30,128,30,0.00168634064080944
142,3735,2.16840434497101e-19,103.435570819835,18.9987561841253,103.396419529032,0.00469766321368345
142,3735,0,126.170482773108,17.7584287336691,111.497364101995,0.00529992772825825
142,3735,130.257809063058,169.29929081608,111.825426370651,174.364755643614,0.00301132257287401
143,3762,47.9418890279723,111.570629304643,0,118.059078102814,0.0186889818688982
143,3762,0,102.466720319501,27.220673941929,86.3157526068394,0.0142259414225941
143,3762,13.6370173582887,0,112.144814069833,15.0522822581,0.0281729428172943
143,3762,159.300636174488,32.8156737506159,115.9270424873,48.8020546658399,0.0107391910739191
143,3762,151.691739445188,53.3306902514988,114.101944751798,37.7539863178714,0.00794979079497908
143,3762,100.04082140524,78.3230332109403,10.0664788731696,72.8975394392773,0.0246861924686192
143,3762,112.020191906341,25.8276242093536,0.149560086954395,12.7232241570906,0.0308228730822873
143,3762,118.088845254697,158.238869952714,137.945473144567,150.853398727672,0.00390516039051604
143,3762,153.243835325375,56.1416785217057,112.151158222308,44.4679099567355,0.00836820083682008
143,3762,158.066336713239,29.2254701862141,146.210005063572,32.7137809288076,0.00292887029288703
143,3762,190.243203435185,29.0336257673772,158.959581196733,21.1606050093869,0.0112970711297071
143,3762,94.0345802719331,149.402650072759,85.1060012214509,133.938796608017,0.00460251046025105
143,3762,148.391138065919,22.4887583929726,132.182795797663,18.2937311934363,0.00557880055788006
143,3762,0,123.895031464082,13.7840376312135,117.532155954666,0.00641562064156206
143,3762,46,7.99999999999999,12,7.99999999999999,0.0104602510460251
143,3762,120,174,107,174,0.00404463040446304
143,3762,25,98,38,98,0.00348675034867503
143,3762,88.1004814712829,147.391641019777,84.0096325766121,137.995806076243,0.00348675034867503
143,3762,126.477446212364,42.3121118127163,114.694806329488,22.5850048968846,0.00641562064156206
143,3762,133.102464893491,162.596261342052,126.304816729149,175.16485824907,0.00320781032078103
143,3762,126.889980884609,176.780103222677,124.216121002287,165.958279399884,0.00460251046025105
143,3762,9,11,0,11,0.00278940027894003
143,3762,86.187282570052,139.056932473324,92.5386519296612,118.163746079562,0.00878661087866109
143,3762,82.7586558946346,5.66643269708143,101.796843468171,12.5609838915758,0.00557880055788006
143,3762,141.067603206335,36.6707850727523,120.129134514308,32.3711391509705,0.00529986052998605
143,3762,163.321514901395,179.123160010938,180.990866374128,132.996501258706,0.00892608089260809
143,3762,133.97545986086,43.1735431260593,153.018890582429,45.8664094482453,0.00697350069735007
143,3762,128.178388111506,59.5945289602594,117.119219697152,54.7290170619915,0.00306834030683403
143,3762,95.1186205184147,99.4050035296603,103.843972268121,75.3055654191011,0.00641562064156206
143,3762,12.8739358417849,102.118769103757,47.1338041924523,108.252657773011,0.00641562064156206
143,3762,29.1483693662072,105.699602505877,16.7223028176208,99.5622423269982,0.00292887029288703
143,3762,7.53339870034514,69.237252647162,0,73.8457165262176,0.00348675034867503
143,3762,160.868841040594,55.6553993761158,182.02228529315,59.8886407204443,0.00376569037656904
143,3762,1.13141939890597,149.177628899547,6.92146097945789,144.893845201648,0.000836820083682008
143,3762,146.660507699541,162.533025790516,137.264567967583,169.363915226796,0.00264993026499303
143,3762,27.9188671628877,137.137537126003,22.8967625520767,134.175009064007,0.00195258019525802
143,3762,104.159033484873,18.8550373040784,95.0568431087791,17.5907576374608,0.00306834030683403
144,3788,49.2976314230104,118.516495240528,65.0879586521367,109.417287359742,0.00385090459928795
144,3788,126.258297696251,116.847604400744,122.292665278529,126.282371022999,0.00247039162973189
144,3788,191.608895281007,45.8552313830807,186.510657803389,94.8450080666256,0.0106808108697232
144,3788,30.0073120883021,91.9324428432604,29.2848003329166,123.938706883277,0.00675724769309017
144,3788,47.9605956211876,109.700643557188,0,116.01371121718,0.0114073966431737
144,3788,86.6185876412536,110.905490889877,76.7598253480774,150.692700563938,0.0251398677613892
144,3788,0,94.5990710426419,38.0742799633248,99.4124369107173,0.00515875899149895
144,3788,207.632113728778,114.09827731102,203.309523531742,97.9173137385751,0.00254305020707695
144,3788,214.554616053131,95.1611600819632,213.219598276723,50.0526922785336,0.0173653999854683
144,3788,235.048990441685,70.6323940852405,214.029408559202,100.618667705382,0.0161302041706023
144,3788,157.907929020875,53.5613420345644,155.329321521975,65.8593745338626,0.00319697740318245
144,3788,87.101772975409,81.9098721755069,86.5095576904702,100.953650862493,0.005231417568844
144,3788,122.911949688226,175.656581655984,131.477196229029,148.519361610737,0.00646661338370995
144,3788,11.0097520178193,13.9833738286156,0.207011372377586,7.64706724090806,0.00305166024849233
144,3788,160.059826897626,54.3777419087586,192.768126456279,76.3452458391181,0.0153309598198067
144,3788,205.545374328909,147.640326163657,223.842115858758,160.630843916802,0.00741117488919567
144,3788,107.574645607924,109.388294999344,124.847650361899,127.122388403169,0.007847126353266
144,3788,165.512846660383,178.440098413209,178.358888002744,167.26314859125,0.00341495313521761
144,3788,129.158678035271,146.294979993542,144.290556503385,177.713092617721,0.009154980745477
144,3788,205.650554493798,102.552935404882,216.220709585891,109.233088573179,0.00232507447504178
144,3788,105.476455548947,69.5360162961997,97.0788902474552,97.1103985700869,0.00741117488919567
144,3788,113.1499314501,64.4340918498542,104.507476391434,73.7652476211918,0.00348761171256267
144,3788,93.3758505552549,142.835351751644,91.9891430431981,164.936575324393,0.00552205187822422
144,3788,181.58826672628,61.9172285422126,188.236529287979,28.8465181518098,0.00813776066264623
144,3788,109.921661230816,90.8873325261711,108.564513270737,115.922181760789,0.00472280752742861
144,3788,89.9926976082933,83.5570055559062,101.006189100035,83.3754573897755,0.00290634309380222
144,3788,144.177332708326,50.8170069631911,153.332409483489,59.6888995104981,0.00377824602194289
144,3788,32.592987957845,123.587394349756,41.6608587406603,114.642454785482,0.00305166024849233
144,3788,110.830726970383,84.7091277747766,118.233434016761,80.4011239832567,0.00174380585628133
144,3788,149.580256642837,91.8678507113372,200.292491024065,116.395252982656,0.00828307781733634
144,3788,162.032716013951,95.8674499309138,166.701012351475,106.454648453448,0.00276102593911211
144,3788,146.868068279501,55.1971227813822,141.565969481007,51.6484968344606,0.00152583012424617
144,3788,16.3675264975258,122.113677825052,12.032400300487,97.994176521742,0.00479546610477367
144,3788,14.6253528823454,112.824500225858,10.4310391501145,97.8790326619941,0.00305166024849233
144,3788,186.362103518497,110.469259693953,157.597297625598,178.830552419792,0.0211436460074112
144,3788,170.66878506318,39.140975318131,168.969095831843,47.2042787746244,0.00239773305238683
144,3788,162.87713080491,46.9458283550238,166.318454898862,39.1404031800607,0.00210709874300661
144,3788,3.84049881440061,61.8359980717211,0,66.4168555789679,0.00203444016566156
144,3788,0,71.0482838925424,1.4779550697264,67.3857961619247,0.0019617815883165
144,3788,80.1519400821461,0,79.9796105843022,22.9773471590215,0.00443217321804839
144,3788,193.197266761796,121.380149158555,175.835832659206,111.282254934113,0.00406888033132311
144,3788,157.006412878443,98.4820403840773,108.001543802131,97.8753091663734,0.00450483179539345
144,3788,143.671039364546,10.4414612738841,101.118575923971,35.5034395379447,0.00646661338370995
144,3788,83.2478939774794,89.866879614771,82.8897800649957,99.960610679829,0.00414153890866817
144,3788,110.930072337483,83.0821501725362,156.939343791546,122.246046090917,0.00995422509627262
144,3788,139.767937052887,99.6219471067544,134.072459438419,103.118043404508,0.0019617815883165
144,3788,176.513649297246,74.6458218966904,198.721439946641,91.3698980611809,0.00530407614618906
144,3788,189.877444936781,78.1557911074521,204.974661936043,90.0322095631216,0.00370558744459783
144,3788,41.1142677233113,103.0962696295,32.3730019444169,113.471759226851,0.002615708784422
144,3788,119.972112560038,99.7844703225572,111.976582180277,100.819014038645,0.00101722008283078
144,3788,183.805615115957,56.8582275542006,190.521040116886,47.6506759545474,0.0019617815883165
144,3788,47.0063365589132,5.8452674582258,4.00763134946702,5.609313400558,0.00712054057981545
144,3788,27.0030542523639,98.9415612137346,14.9836216748106,98.3133760184509,0.002615708784422
144,3788,98.5155310919607,70.6386690325283,87.9285282859424,82.1833094398839,0.00385090459928795
144,3788,134.457532812265,177.903388659053,117.490514757243,170.824337771466,0.0032696359805275
144,3788,122.46569779011,45.8166530177881,120.891850509474,58.9870762861529,0.00254305020707695
144,3788,117.712245601164,57.9533548789326,119.526507796383,46.7611462326639,0.00232507447504178
144,3788,93.0366652196137,77.5314638465899,5.94396648324123,70.7160390331974,0.0119160066845891
144,3788,0,109.704339169562,11.6776853836036,98.6592258867396,0.00225241589769672
144,3788,154.456410738646,44.8678761485851,160.013820108408,22.0033590912838,0.00617597907432972
144,3788,154.9391713511,47.0297830854736,145.694899906328,28.1493839224143,0.00297900167114728
144,3788,19.9847806127863,100.487218921998,27.1463027680664,115.4097020312,0.00254305020707695
144,3788,200.790388111425,84.1353831132515,192.672082951339,71.5659183124864,0.00203444016566156
144,3788,211.333369116913,110.939651847772,199.57562258516,102.598182640686,0.00268836736176706
144,3788,142.142858644888,56.5729300285992,152.039040662397,59.8832895651045,0.00268836736176706
144,3788,140.708776365888,57.7445319440101,138.043223827743,71.2171534891328,0.00305166024849233
144,3788,12,142,12,145,0.000363292886725278
144,3788,9.71973383345235,103.276968775881,1.7014919865736,95.29529419601,0.00268836736176706
144,3788,25.9333407479295,118.140755996672,0,120.152637477659,0.00479546610477367
144,3788,111.163350088342,16.3770602321242,94.4744115507386,24.9804595877484,0.00341495313521761
144,3788,4,0,32,0,0.00247039162973189
144,3788,122.748207684881,147.469168669993,117.637342254462,178.777556081904,0.00806510208530117
144,3788,123.297859430669,14.1932748940315,100.875884168757,33.7084459968692,0.0045774903727385
144,3788,102.353736340666,30.1888902940981,113.326395733244,9.6403046749067,0.00377824602194289
144,3788,34.5929500566664,74.881974279952,32.7394858052037,96.9781476303885,0.00595800334229456
144,3788,189.262018396853,75.4814814788963,197.860738099799,46.6601066463692,0.00465014895008356
144,3788,167.261244375565,102.632999442522,188.668050961977,117.871144741121,0.00465014895008356
144,3788,134.053404797161,38.1968754702455,156.061550890163,32.2269058415902,0.00181646443362639
144,3788,106,35,138,35,0.00232507447504178
144,3788,120.822631686649,150.522786355507,127.103130221454,173.369924449283,0.00704788200247039
144,3788,85.2753783575557,84.2024844665737,84.3700594957267,98.6471435355337,0.0058853447649495
144,3788,94.2661064706921,165.668529470739,102.667966342901,172.413591491274,0.00188912301097145
144,3788,85.1472648406423,164.034798768203,102.247631607869,178.126508604361,0.00377824602194289
144,3788,174.191714775161,163.115951716737,176.766509400254,158.858781693484,0.00152583012424617
144,3788,5.22657144647298,98.3755335145614,8.19820574419276,99.4537138443676,0.000871902928140667
144,3788,233.954671075009,165.066804695522,213.290536921617,151.045589873231,0.00312431882583739
144,3788,28,136,26,136,0.000799244350795611
144,3788,7.8370342851607,127.192271832041,3.49321370051152,100.918457525811,0.00181646443362639
144,3788,187.137562161089,121.679217923426,186.41083841108,125.898524141862,0.00152583012424617
144,3788,177.073568545068,161.91258549503,176.494778497256,168.046685393913,0.00217975732035167
144,3788,48.1930049177791,111.128053012609,42.0579470563576,120.374975939167,0.00319697740318245
144,3788,73.1251366718153,74.2680243158288,41.2033108597043,68.8107514490146,0.00377824602194289
144,3788,0.433832269184177,98.6210876519803,3.28111811700523,101.881061856653,0.00159848870159122
144,3788,117,173,107,173,0.00123519581486595
144,3788,63.216674395031,22.5599334944762,65.9475058518947,11.4935114906397,0.00268836736176706
144,3788,112.287858820919,151.754140200881,110.137001735364,166.73247744713,0.00312431882583739
144,3788,233.170935784334,144.037428453184,231.616823481162,151.135060946293,0.00108987866017583
144,3788,121.924152786697,174.72563912722,110.005670054788,178.020510195595,0.00232507447504178
144,3788,41.6896023092862,103.705053701825,31.9969725661699,120.998303164755,0.00428685606335828
144,3788,77.7012983654521,148.04512577618,88.3596989509618,159.591080202138,0.00312431882583739
144,3788,48.9094152108846,0,41.7885737747938,18.9204281948792,0.00363292886725278
144,3788,84.4633803128907,11.8847437672978,109.163433029832,0,0.00297900167114728
144,3788,193.600024576067,114.798426311018,195.413629812071,120.196986601223,0.00101722008283078
144,3788,17.8671545945823,80.6496155564549,7.18493538284376,94.8880272635552,0.00385090459928795
144,3788,158.004967861083,20.605480939011,154.584716071799,29.231833351476,0.00239773305238683
144,3788,146.307842096501,71.2906607600786,143.363684580815,78.3140694888366,0.00268836736176706
144,3788,105.278000790926,18.1320938031005,94.7205672389499,14.7504208895062,0.00181646443362639
144,3788,158.593315029404,9.92835678184259,159.819444811583,2.96819269043985,0.0006539271961055
144,3788,158.009920614518,102.039526204507,162.008987216215,101.035807312687,0.000508610041415389
144,3788,5,12,0,12,0.000871902928140667
144,3788,177.281326066827,31.4019947405901,174.062116736988,24.5043015113251,0.00108987866017583
144,3788,111.659314618628,119.965063594536,111.928140397092,101.954150295691,0.00348761171256267
144,3788,116.725797863559,166.504602832571,112.798630211136,164.370572480485,0.0006539271961055
144,3788,0,13,4,13,0.000581268618760445
144,3788,98.7731087518739,67.6974010165082,85.2542639152711,98.3851292174725,0.0113347380658287
144,3788,88.447040661634,24.0294295458738,91.7575552055842,16.1600578803258,0.00152583012424617
144,3788,222.304960120145,171.769928616752,227.846766044918,179.115604453427,0.00167114727893628
144,3788,0.0281977644258269,103.934700454029,2.92066169222274,105.183729298456,0.000363292886725278
144,3788,94.6106047086454,16.9461668554531,95.2307032226934,23.9796603600351,0.001307854392211
144,3788,195.975473118762,128.048368972019,199.964051793809,130.070892738564,0.000363292886725278
145,3814,81.0273131494468,74.9178886941537,101.732203705155,81.8050738898989,0.00679734429339235
145,3814,104.000400990454,111.231532301377,124.978337922709,128.258714581808,0.0132785330382548
145,3814,85.0677415713415,167.875736719157,103.497136559413,177.922438905771,0.00695542206765729
145,3814,157.898494403163,21.3713698439815,186.917187976758,29.3029772653889,0.00663926651912741
145,3814,171.039154971253,110.931049430116,195.525269924869,124.835983482402,0.00837812203604173
145,3814,208.874738672236,157.908939039044,215.575560100928,148.691445829549,0.00300347771103383
145,3814,220,171,238,171,0.00252924438823901
145,3814,111.519700952128,97.1955700292359,105.295716265721,113.73496913958,0.00474233322794815
145,3814,209.028138772635,104.003369006585,236.916135858634,108.518044524119,0.00853619981030667
145,3814,24.111978130402,100.601434690423,37.8003945662534,120.812462336093,0.00648118874486247
145,3814,157.431265464561,96.4832027856259,177.778922164182,113.463251004175,0.010275055327221
145,3814,124,125,145,125,0.0053746443250079
145,3814,209.614915452424,152.539269620752,211.776496501491,150.73259157689,0.00142269996838445
145,3814,210.453414258846,150.321729443933,208.702686590779,152.789035135185,0.00126462219411951
145,3814,172.431173473743,147.956876991029,174.728501418837,170.927140292404,0.00490041100221309
145,3814,23,135,26,136,0.00158077774264938
145,3814,151.744489572728,175.527834194701,133.214077944212,166.557757151076,0.0074296553904521
145,3814,88.0634199046903,170.891416794229,98.8784442760471,177.20811936333,0.0020550110654442
145,3814,103.010355472838,25.9328479170318,16.0730473517639,12.5263102030366,0.0189693329117926
145,3814,234.494779987345,98.0173431820469,234.356452667021,93.9877637002882,0.00221308883970914
145,3814,213.042810553493,94.899323965299,238.030115836828,94.336112849643,0.00553272209927284
146,3841,201.864295943271,149.773957231857,218.91717063829,160.691367540418,0.0115194733955019
146,3841,194.358672121573,116.358039859681,145.798869152837,93.4259033743065,0.0153592978606692
146,3841,229.293923133323,101.907814128811,216.648224790206,106.002114010362,0.00548546352166758
146,3841,219.721885405776,104.832169890151,233.900503474525,81.3365014764369,0.00836533187054306
146,3841,82.7675687272721,121.245116297992,76.0859903953875,114.909316646022,0.00466264399341744
146,3841,83.646305553704,123.909852776837,76.889847192444,121.283359942122,0.00356555128908393
146,3841,83.065585479354,91.5005990587859,88.7595109799061,102.128838512724,0.00287986834887548
146,3841,141.266778041973,24.6701638442519,170.423636125692,129.139341839808,0.104086670323642
146,3841,222,172,238,172,0.00287986834887548
146,3841,226.120370321321,160.613615720185,238.733276692727,167.489284220379,0.00589687328579265
146,3841,235.584054509948,90.5965335151823,233.175296413858,99.0499498239145,0.00342841470104224
146,3841,102.615912832354,111.451624564009,125.339296861639,130.776880333259,0.0130279758639605
146,3841,82.2962599259431,130.311036177356,74.6307754602801,137.612360027922,0.00452550740537575
146,3841,127.493490567215,149.832951923475,120.955912764086,169.655657420781,0.00575973669775096
146,3841,124.315662639637,168.021512927117,103.119479063346,153.821653157059,0.00671969281404279
146,3841,81.2742471935071,146.100477320285,73.1637541260587,140.751695480584,0.00315414152495886
146,3841,81.1940295707681,124.283162569618,74.5879513008753,152.139431891171,0.0116566099835436
146,3841,108.799763901054,121.359880768089,102.995288924903,102.001412576514,0.00562260010970927
146,3841,163.28325849211,104.499800733696,176.885311770257,112.20252514918,0.00548546352166758
146,3841,102.000688609072,26.9958579663041,40.8617524111623,16.8315693109538,0.00809105869445968
146,3841,93.0678608312489,96.1521354461586,96.2193673435797,74.0312527135667,0.00562260010970927
146,3841,231.404082059953,97.8865387598221,234.081345562143,83.8250905622914,0.00411409764125069
146,3841,228.724220905226,95.9070247613441,230.037194549489,92.0125396456112,0.00274273176083379
146,3841,220.86823819221,60.0990428916799,220.245108661281,52.9785500178377,0.00411409764125069
146,3841,149.80339667006,121.22654513222,106.960226678924,84.0458306188651,0.0178277564454196
146,3841,112.456838053646,98.5621387608473,108.373631860554,109.144170417967,0.00370268787712562
146,3841,239.101317335833,96.8346055987575,237.201610631557,95.6708828808403,0.000959956116291827
146,3841,236.945027113694,98.0239174709398,239.092499626205,102.95975548547,0.00178277564454196
146,3841,93.5763834302541,165.921285771176,92.0727276708475,174.013513877723,0.00205704882062534
146,3841,90.1828227695924,172.850618356192,81.990752219956,162.824640676481,0.00548546352166758
146,3841,155.7402934716,178.520130490949,128.132244219837,164.735146238283,0.00850246845858475
146,3841,91.3318395314124,167.268779396066,88.0047997139006,158.998069229977,0.00370268787712562
146,3841,14.0915936729562,104.841105321766,39.7309523618679,117.579707948982,0.00959956116291827
146,3841,27.4165273193514,109.673401819882,24.643085763719,103.151784555042,0.000959956116291827
146,3841,132,168,127,168,0.00150850246845858
146,3841,108.958423162466,153.017489578175,109.823594856379,155.074206017891,0.000822819528250137
146,3841,136.766841394964,116.141306233765,125.815319152998,113.904008676442,0.00164563905650027
146,3841,141.858482966313,163.617356448933,131.693316240424,151.422097144337,0.00617114646187603
146,3841,132.143592638035,165.198237519604,129.354579009918,153.149399295075,0.00411409764125069
146,3841,174.918819621161,175.263017601529,170.984930818636,174.048822880555,0.000685682940208448
146,3841,199.06202974806,129.8999983196,171.501097634828,112.804308842659,0.00932528798683489
146,3841,201.001035433649,73.9959892872853,197.008942237836,72.9653625830988,0.000822819528250137
146,3841,234.712383638664,138.77698519496,238.635535943849,133.717398273001,0.0013713658804169
146,3841,173.33307792667,133.72956704192,154.979547843362,178.991706771391,0.00973669775095996
147,3867,30,15,15,15,0.0503552026744672
147,3867,81.5472157860981,90.8320933268832,83.4019238047779,96.8766744479579,0.00229837024655244
147,3867,83.2577717016374,0,76.6875348920569,9.77310479808615,0.0100292519849561
147,3867,67.16625321165,7.25389252794331,92.1252426300173,3.94458805577409,0.00710405348934392
147,3867,239.357655489281,66.9144545079502,237.665741756676,59.8407651836477,0.00271625574592562
147,3867,215.894209664915,55.9793515756409,210.634187445496,82.928599783192,0.0106560802340159
147,3867,155.923903099745,22.2679957025833,186.975826417981,31.0851337712224,0.00647722524028416
147,3867,9,4.99999999999999,39,4.99999999999999,0.0117007939824488
147,3867,168.943631627435,52.9709878436799,165.257631745611,60.132600111314,0.00271625574592562
147,3867,111.048060619615,23.6372448932236,77.2439610535624,19.1586147090307,0.0117007939824488
147,3867,186.511870509074,33.1256579232658,181.133917738397,55.0328751600201,0.00814876723777685
147,3867,11.0417993169129,8.7363602276154,10.0093696328411,0.740547590426415,0.00271625574592562
147,3867,0.36184260968949,6.31230657279503,7.49239873247308,10.0641804950048,0.0043877977434183
147,3867,98.1782702542978,40.029497044133,96.51444148868,50.0851207811153,0.0029251984956122
147,3867,162.276509754992,41.7133899896278,166.741167381177,46.2412587385691,0.0029251984956122
147,3867,151.370864290613,179.435660305326,154.591098709962,176.694373254525,0.00125365649811952
147,3867,173.716223496756,46.0480450011053,174.731616909388,52.0454388074336,0.00167154199749269
147,3867,146.073186146958,21.70585618709,130.068727833306,17.7237746789273,0.00501462599247806
147,3867,124.057205833525,40.6722864341882,148.995542737486,45.0255342034596,0.00543251149185123
147,3867,127,19,128,19,0.00104471374843293
147,3867,130.206216135845,1.95678774685874,132.297683366001,11.937620938755,0.00229837024655244
147,3867,237.935258479411,73.0733146472937,237.656412282092,69.0236583357235,0.0014625992478061
147,3867,93.8311027627827,148.952666350713,102.900613473871,150.560590573993,0.00167154199749269
147,3867,73.0293557256593,4.42858971849956,61.0172156679141,5.25134647839202,0.00355202674467196
148,3894,48.0228142574591,2.90022690578171,10.0184243568409,2.11184433820831,0.0188474870017331
148,3894,95.234548740716,14.6894120239372,138.042669985226,0.125420417037063,0.00812391681109186
148,3894,130.68620091021,0,125.858284065216,55.1626398042782,0.0114818024263432
148,3894,126.50264048947,42.9868297858784,126.392158168206,21.9926737295095,0.00693240901213172
148,3894,5.22486105002932,8.70323836616711,123.147182943795,29.1512038450293,0.0393197573656846
148,3894,38,121,0,121,0.00725736568457539
148,3894,121.412986451523,25.2369001779166,97.8268493778992,12.472180840708,0.00444107452339688
148,3894,66.1651234187944,14.0012293197507,122.284484886887,23.2792558071314,0.0127816291161179
148,3894,18,13,22,15,0.0259965337954939
148,3894,39.9559866458512,109.560968737791,0,113.56659918369,0.0137564991334489
148,3894,213.195578283799,85.2180193312824,218.89192499147,53.980292013156,0.00985701906412478
148,3894,99.1764432176755,1.1478748020961,54.1639919313451,8.06687130408314,0.00855719237435009
148,3894,159.220089393718,19.8518393434105,153.257451526901,51.2388797412863,0.0087738301559792
148,3894,5.15758779632092,67.2045086778674,5.56076312572199,64.9224009161856,0.00162478336221837
148,3894,148.282958384869,63.9394765094264,147.473883004544,46.7889448176602,0.00660745233968804
148,3894,103.186911967795,78.2607558199403,0,67.171531553617,0.0271880415944541
148,3894,79.5275398420376,8.00621582715104,95.2923006574849,0.511408012137346,0.00389948006932409
148,3894,149.317476476065,19.526567211798,58.6931734489362,0,0.0213388214904679
148,3894,179.172152623127,70.3267310925881,190.311133845718,30.3654713434825,0.013973136915078
148,3894,35,97,0,97,0.00758232235701906
148,3894,165.166524623169,60.5068619079381,106.446403246925,40.6780426744762,0.0116984402079723
148,3894,16,10,30,10,0.00184142114384749
148,3894,167.628744072461,39.2778300656202,173.261305364354,46.8044516433536,0.00270797227036395
148,3894,168.81170737505,47.1045656052939,165.322244940886,40.8210458996706,0.00292461005199307
148,3894,69.3295110778663,87.6279012614587,31.585118116576,78.5635422188229,0.00953206239168111
148,3894,130,18,133,18,0.000866551126516464
148,3894,188.987796088449,30.0415845599649,161.046489420341,21.841588323565,0.00714904679376083
148,3894,3.62981006107154,13.3704501172183,11.4942204910309,0,0.00444107452339688
148,3894,6.01069522112254,5.06123980443394,0.0188079511828887,6.10769251416559,0.00281629116117851
148,3894,49.8594401552102,117.988240288997,34.8361634622639,76.443111179171,0.0161395147313691
148,3894,25.6618543380611,113.078611670754,24.7584895797564,86.2098481588009,0.00498266897746967
148,3894,181.209333937545,40.1019637333061,174.355455284315,54.1731374675177,0.00259965337954939
148,3894,44,88,41,88,0.000974870017331023
148,3894,4.00328970681729,96.0706718387735,31.9891984994443,94.7679544262803,0.00747400346620451
148,3894,132.094168425343,43.0691646772796,139.051526496629,33.7882694714511,0.00595753899480069
148,3894,128.963347891824,39.1923134573391,153.041683096018,43.7812889706297,0.00606585788561525
148,3894,147.592615364752,41.0689908935687,152.355401299613,0.157792646573554,0.0106152512998267
148,3894,160.980730972128,20.0380659314831,164.970735561799,22.0578118474277,0.000974870017331023
148,3894,146.084623303645,25.8475216294582,158.22895782019,32.58745270107,0.00281629116117851
148,3894,64.9314687544224,110.717158883432,43.8846902336103,111.841508523304,0.00595753899480069
148,3894,25.0616912402116,88.5511015659325,0.0219294797510621,87.4849578520019,0.0067157712305026
148,3894,178.010040861491,43.2075116508395,180.891334132142,29.183123499516,0.00303292894280763
148,3894,19.6349862510639,105.862713308647,0.159636200938802,97.6226983901479,0.00454939341421144
148,3894,5.00502723287843,4.30394404400571,0,4.38672716793528,0.00194974003466205
148,3894,0,101.295047243235,0.234324493671001,98.0167489236738,0.000974870017331023
148,3894,167.025275708832,61.42052627035,176.333402958077,38.726589086768,0.00433275563258232
148,3894,166.749597480166,58.7849222116487,162.810008459813,45.0545132038861,0.00303292894280763
148,3894,99.6887351589975,23.4411815534944,96.5589766797675,14.1390196155395,0.00292461005199307
148,3894,98.2126199817168,17.615863746419,79.0503376443584,14.6723066293499,0.00249133448873484
148,3894,120.009383225219,169.054189192868,101.860906744788,172.196720630947,0.00357452339688042
148,3894,0,11.2191741691756,3.44549010008231,9.09890684566883,0.0012998266897747
148,3894,173.732742519415,27.626132442554,177.194566555663,34.4109566819735,0.0020580589254766
148,3894,2.63266592091025,100.431151314149,19.887523954429,115.132016596387,0.00292461005199307
148,3894,89.1344267127923,21.235726673064,42.9793182613165,13.1175845254422,0.00725736568457539
148,3894,117.58962909758,145.676023391373,114.876320327517,149.11288561804,0.00108318890814558
148,3894,108.924978398668,146.088712199235,113.319321850572,149.804894250924,0.00184142114384749
148,3894,95,28,105,28,0.000758232235701906
148,3894,112.993007151524,0.00305836316852629,117.834282367364,11.0724775755902,0.00238301559792028
148,3894,107.788735756991,16.9613187775964,110.894252026798,0,0.00281629116117851
149,3920,196,106,201,106,0.00115130000959417
149,3920,81.8475237916197,21.5349085793075,88.0824677776864,0,0.00757939172982826
149,3920,125.611701533979,21.015496631434,126.210975863238,36.0314892210758,0.00441331670344431
149,3920,169.678711459522,30.5530702470011,171.057168577326,28.8614684163361,0.000959416674661806
149,3920,167.97543356569,29.0132590747053,166.6883219524,26.6284966685452,0.00134318334452653
149,3920,229.155421834134,120.127761274494,239.193093253867,121.916346505655,0.00259042502158688
149,3920,220.611912555141,54.1320003204353,213.292382494547,88.0630720560406,0.0142953084524609
149,3920,22,7,22,15,0.0141034251175285
149,3920,184.797217531589,56.2356344621238,192.235562475234,31.0696254597384,0.00863475007195625
149,3920,109,164,112,164,0.000575650004797083
149,3920,239.773878637502,128.029167398855,128.07661823756,138.794931692596,0.0303175669193131
149,3920,139.400264360284,171.466616263315,130.282080588017,164.62410543378,0.00115130000959417
149,3920,202,137,194,137,0.000959416674661806
149,3920,234,149,238,149,0.000767533339729444
150,3947,178.397549816514,41.8173446763603,172.33916781612,61.7996439876243,0.00555303717135086
150,3947,204.87932123345,85.1193909746062,168.08419239848,47.9273772775806,0.00872620126926564
150,3947,0,0,19,0,0.00362647325475975
150,3947,194.962935752225,140.746642973119,240,116.409440370748,0.0979147778785131
150,3947,182.103968950974,59.1113931578302,196.640630008673,44.6718383113127,0.0043064369900272
150,3947,162.534951451499,55.1646172526362,160.113107689051,63.03480591925,0.0035131459655485
150,3947,217.922618764071,130.165720667009,208.179227730429,125.616163548221,0.00339981867633726
150,3947,167.674615717468,48.4693134005822,173.239086326094,40.4706512543303,0.00317316409791478
150,3947,169.437492615382,19.5324976305126,152.84870994405,64.3143918997309,0.0130326382592928
150,3947,136.047355001456,26.7244833860685,0.443898081544461,3.417352072709,0.0369446962828649
150,3947,95.168803379665,15.3451038299328,86.0044012545836,12.9829247211991,0.0043064369900272
150,3947,109.682517145487,0,100.58571028853,16.7753420782426,0.00475974614687217
150,3947,195.459997172044,32.1460901407843,185.220441648737,64.3875991052089,0.00759292837715322
150,3947,151.469412649968,37.1291010181722,161.562704752931,0.429785551624128,0.00713961922030825
150,3947,84.1937008627761,13.8196623706489,159.004603510673,24.1845190269661,0.014505893019039
150,3947,209,130,185,130,0.0035131459655485
150,3947,216,177,239,177,0.00328649138712602
150,3947,21.9465497287231,3.35646694963425,5.02706753083967,0.819483046165111,0.00396645512239347
150,3947,0,93,40,93,0.00634632819582956
150,3947,117.95624704732,51.8426731627766,143.89670517103,44.6285725248678,0.00475974614687217
150,3947,236.040608918022,118.603077384264,220.013545597527,138.39109554955,0.00509972801450589
150,3947,8.09324887196758,7.21905206010261,16.7936837859634,3.51534007046217,0.00226654578422484
150,3947,173.469758320091,53.0495790202847,174.744337373239,40.9730169706079,0.00237987307343608
150,3947,149.836563358747,24.1204058036976,150.409556284251,39.174720131175,0.00464641885766093
150,3947,82.0093226867105,0,70.6993089152689,18.8192907289526,0.00487307343608341
150,3947,69.5583065250273,14.1064641593681,78.3012408101557,0,0.0043064369900272
150,3947,204,116,213,116,0.00169990933816863
150,3947,113.23105591506,46.5586110523194,101.720830841266,40.533300267022,0.00237987307343608
150,3947,196,138,203,138,0.00147325475974615
150,3947,145.19121405595,52.9113174785951,148.012396995697,58.994250439222,0.00147325475974615
150,3947,35,92,14,92,0.00407978241160471
150,3947,39.3743126889629,66.6161118238024,7.7915216026553,58.0736300974604,0.00917951042611061
150,3947,1.78532440849661,65.8286733257155,5.77943665890783,60.8239744750031,0.00169990933816863
150,3947,36,69,44,69,0.0013599274705349
150,3947,137.92128377041,160.047014706379,136.074737500833,156.955361662068,0.00101994560290118
150,3947,24,151,28,152,0.000679963735267452
150,3947,233,150,237,150,0.00101994560290118
150,3947,161.171951469505,104.747956022668,173.76740814098,113.340929783335,0.00169990933816863
150,3947,122.697730124665,162.566008160816,116.799269269095,169.837164502717,0.00203989120580236
150,3947,235,162,236,158,0.00056663644605621
151,3973,82.2358113552993,146.960494021899,239.249540019152,128.074631712074,0.0481927710843374
151,3973,208.585281051049,113.859498682581,214.320850752052,84.1950682807905,0.0377025342750312
151,3973,196.439427011973,113.930783910937,208.188974337138,121.00705454114,0.00519318653926049
151,3973,97.9369764423271,68.9824911598556,90.9877057635024,93.9965844863495,0.00394682176983797
151,3973,92.9410344234915,82.0301768691193,93.1127328047115,70.986205836588,0.0020772746157042
151,3973,232.802353078537,180,224.075074278214,166.602507103843,0.0052970502700457
151,3973,103.09454597612,24.989514781854,103.268223689373,9.99152598138766,0.00238886580805983
151,3973,218.837097715954,160.254547789395,215.88435744227,169.964834980589,0.00176568342334857
151,3973,190.495199002868,131.737393930053,169.670491874783,117.481332827824,0.00716659742417948
151,3973,125.591468867657,133.043963063162,124.28055825,120.862195904373,0.00280432073120066
151,3973,163.935283148937,22.1790819719013,196.074582140235,33.7936191807445,0.00643955130868301
151,3973,189.132037693201,50.5482823192382,238.96640419446,65.1149355081422,0.0162027420024927
151,3973,178.084667705306,111.732497060188,136.087229913176,113.784925758791,0.014852513502285
151,3973,173.779707910695,52.7059629046448,207.857129554974,57.1064023231727,0.00560864146240133
151,3973,183.920809640694,66.6699800443818,199.238607328934,62.9943783661982,0.00342750311591192
151,3973,195.158607657981,103.842760890084,211.17159873313,119.829748684589,0.00612796011632738
151,3973,215.344201224871,164.579569852056,200.590158101903,152.50060800892,0.00695886996260906
151,3973,160.16763645098,47.4364964210461,137.111794145478,56.2910926836622,0.00373909430826755
151,3973,163.770361701612,91.3680302726695,212.986353645183,96.1407212191721,0.0133984212712921
151,3973,238.184019073603,178.83439499552,229.073453757654,169.92488862692,0.00342750311591192
151,3973,180.006311958261,129.401830925538,117.006148693504,130.391437189467,0.0146447860407146
151,3973,140.681057663939,98.8234072932169,173.080735908084,111.373246421357,0.00976319069380972
151,3973,146.480602836763,97.789323296762,173.587702304534,115.626565178378,0.00488159534690486
151,3973,92.461699146385,0,86.4232383040752,21.1210031506503,0.00446614042376402
151,3973,234.966000471547,88.9321388033309,186.963267615931,88.0874426154936,0.0113211466555879
151,3973,164.965527004008,55.4121086145444,159.501390217162,68.2140046077251,0.00384295803905276
151,3973,151.026579225722,179.700095020949,126.162068594845,165.463460661046,0.00592023265475696
151,3973,214.417420751625,133.477466741855,198.820220127167,101.392662411495,0.0133984212712921
151,3973,175.784186499126,64.1062170611772,167.690032118609,47.6603864750829,0.00457000415454923
151,3973,170.992186304249,28.0075453577389,174.421408203781,31.5587217913735,0.00176568342334857
151,3973,196.181567515566,35.0648009436329,185.758110299926,64.2705674672033,0.00986705442459493
151,3973,218.660510595565,143.684106738418,236.488687506326,124.524226178478,0.00301204819277108
151,3973,219,79,202,79,0.00176568342334857
151,3973,158,161,158,164,0.000519318653926049
151,3973,225.179867488161,101.264465976043,238.191928719698,109.704087653666,0.00467386788533444
151,3973,158.264079430211,177.667797522636,165.343369376712,174.868303975568,0.00145409223099294
151,3973,167.451995576237,61.5767231738971,177.045473253035,54.0580215386973,0.00197341088491899
151,3973,212.77213862776,101.223353467527,238.872582779372,93.5657090027784,0.00290818446198587
151,3973,102.232448241142,17.6642039866076,120.139109957664,11.3974966125947,0.00186954715413378
151,3973,113.895544628133,8.74712598667103,105.785174528997,9.42330867995813,0.00186954715413378
151,3973,202.097513827926,155.882307005225,214.718697934957,166.339513720005,0.00259659326963025
151,3973,103.232492430491,177.067776355853,110.454761727082,172.76296253311,0.00155795596177815
152,4000,78.193811200341,127.170828353268,49.1616630006629,131.976618608818,0.00657894736842105
152,4000,219.339208441674,67.9090336802192,221.474833456911,75.8726628032288,0.00394736842105263
152,4000,219.958393383248,72.7689195096168,223.091269896807,80.2974939778558,0.00545112781954887
152,4000,99.0416138613637,14.8666526904924,90.2715722476153,12.1297748545878,0.00451127819548872
152,4000,0,122,54,122,0.0118421052631579
152,4000,224.357390450598,62.091826475544,222.064314140395,71.0165246184676,0.00413533834586466
152,4000,184.059591142482,72.3962055129432,198.243019050497,34.4647934290456,0.0212406015037594
152,4000,146.195140491237,68.8586524326365,169.589115486555,36.2970644079694,0.0129699248120301
152,4000,148.653611572219,49.9344650382523,149.368393593026,57.0633285937398,0.00206766917293233
152,4000,160.91853626236,44.2970985285754,127.930911193072,35.2519671141308,0.00639097744360902
152,4000,177.443022316005,26.6578521923648,186.984283707324,39.012137752183,0.00357142857142857
152,4000,179.000822680232,61.0908824168658,175.680000580643,53.7822830704872,0.00338345864661654
152,4000,107.21674374691,0,120.079623379162,7.86985969486368,0.00319548872180451
152,4000,117.12382862301,24.4365440821646,51.2296085233327,9.95521505357822,0.0178571428571429
152,4000,171.409659774978,57.710127953748,173.019961054956,59.9858757139491,0.00169172932330827
152,4000,130.421052330953,7.84674363520886,127.615855390042,0.139822540212752,0.00244360902255639
152,4000,227.276114955817,152.527934584179,231.128099511909,154.780992126352,0.00093984962406015
152,4000,92.0024559242864,150.023466575877,71.0229307551717,152.219105413441,0.00507518796992481
152,4000,223.669800561925,97.2554475611318,226.714349295573,89.2724374921781,0.00244360902255639
152,4000,93.2605267981836,1.05285686954136,126.914734378601,10.3099824975214,0.00695488721804511
153,4026,145.901661812133,103.424412688306,163.864130637028,107.586391541757,0.00537010159651669
153,4026,198.757758623394,155.356295290244,213.887947868659,169.214152979161,0.0142235123367199
153,4026,81.9393720527828,20.2507788346037,20.8816477585237,5.48954712393319,0.0121915820029028
153,4026,21.9999999999999,15,20.9999999999999,18,0.0338171262699565
153,4026,188.735994159354,96.7431320796991,189.4589220559,90.371324427626,0.00304789550072569
153,4026,181.077009324007,95.2143328231514,207.53570782113,85.7077791585929,0.00638606676342525
153,4026,12.8821266107639,59.1049236048213,0,60.8013820661978,0.00478955007256894
153,4026,161.188285193562,109.739674908408,173.997152159119,119.003937454795,0.00653120464441219
153,4026,225.351216060571,102.55392761917,238.854028030359,113.185396032079,0.00841799709724238
153,4026,211.996818040791,122.003259538156,200.865952739422,111.137315449942,0.006966618287373
153,4026,28,109,0,109,0.00667634252539913
153,4026,238.65234616244,97.6887146763202,217.491640975962,87.0070773938569,0.00972423802612482
153,4026,197.788159323441,54.6907552623882,238.907609782374,67.3012595600367,0.0171262699564586
153,4026,224.570400132686,93.0561079138676,238.240712746916,111.560918684462,0.00827285921625544
153,4026,223.716384456956,170.145212395682,228.762078714762,180,0.00682148040638607
153,4026,113.179547035918,14.9713839947844,91.1524690708983,11.1265123045653,0.00595065312046444
153,4026,191.619591654486,55.2188893827239,238.998281829168,70.0055052950576,0.0132075471698113
153,4026,0.00202412728000665,2.99017278383493,38.0362227950389,10.8241369302877,0.0100145137880987
153,4026,146.68294017466,116.715185935113,129.881726474329,109.26678738615,0.00551523947750363
153,4026,232.633044094933,118.645854010559,214.46941953491,86.1779576821577,0.0132075471698113
153,4026,201.146096361373,123.275719713039,206.704875902495,120.33027393521,0.00275761973875181
153,4026,202.139620619494,115.056590396565,199.420542892252,121.765137071884,0.00362844702467344
153,4026,234.123490430588,179.735573734952,228.610393790584,173.166168476925,0.00362844702467344
153,4026,228.901554775541,118.186434184109,219.799311790525,113.380060513848,0.00624092888243832
153,4026,133.508671078851,157.244254844149,107.218530485277,174.336136035443,0.00885341074020319
153,4026,233.698546272953,104.475947038925,208.362040290229,88.4283965045189,0.00986937590711176
153,4026,215.290048906611,104.982479774851,238.945140301082,122.075918672628,0.011611030478955
153,4026,167.510677641407,173.006227964587,167.693731511026,157.996264905395,0.00522496371552975
153,4026,127.713489985306,166.987623602595,147.817263883615,180,0.00566037735849057
153,4026,116.461453760604,152.552109797062,137.628708958272,174.360377646096,0.00507982583454282
153,4026,135.198390769328,27.1438522229093,54.1477480207019,8.36239906764787,0.0152394775036284
153,4026,139.998954811122,16.9971708271049,145.928546537239,14.8065859631543,0.00130624092888244
153,4026,176.000279877212,57.0008874501648,169.059830261319,59.1897131062222,0.00174165457184325
153,4026,188.420903314163,121.0774416122,178.036081983497,138.85261678064,0.00609579100145138
153,4026,198.143017507112,142.064384759448,170.40876082428,119.734327682359,0.0104499274310595
153,4026,239.848398188129,160.819026989624,237.795308652579,128.504724978571,0.0136429608127721
153,4026,175.829196263115,130.351360224697,148.906075378758,178.947964596201,0.0121915820029028
153,4026,109.425073722531,109.066318581318,110.058073574973,105.009060445048,0.00130624092888244
153,4026,211.415922490671,174.076821556994,213.089377048536,165.016508085478,0.00101596516690856
153,4026,153.024041358334,169.013965441926,148.287875253031,177.167224541656,0.00159651669085631
153,4026,203,87,196,87,0.00130624092888244
154,4052,116.827556507113,30.3959050749003,120.848421830596,1.67885992840878,0.0343798495881581
154,4052,36.5642617961714,0,23.5644982468576,9.75246073123354,0.00501372806493972
154,4052,7.74757900057566,109.189561195668,1.64977007468417,68.9016535235973,0.00919183478572281
154,4052,0,88.5506987574053,1.57918418444298,99.9195487224509,0.00680434523098961
154,4052,118.33800807707,27.5945478412195,3.59868832397036,0,0.0312761131670049
154,4052,127.673434133326,145.997282961981,104.633311571402,176.478703936964,0.0124149456846126
154,4052,7,90,34,90,0.00978870717440611
154,4052,0,107,43,107,0.00966933269666945
154,4052,31,108,0,108,0.0041781067207831
154,4052,159.996033139547,19.0117261466901,154.902374783056,17.2885827792969,0.00190999164378656
154,4052,78.7498496927616,125.349966015014,66.9970601246639,150.531913028894,0.0127730691178226
154,4052,76.1513300390723,20.38638668937,35.1772443478977,10.2813093040176,0.00393935776530978
154,4052,27.0504210443783,124.053731106693,45.7020139734546,106.551154802629,0.00775934105288289
154,4052,38.6088227024191,63.7132060959063,0.0785162399294492,56.5761217547456,0.0169511758386057
154,4052,164.367011231905,174.006859611649,164.741039262954,153.995159902657,0.00501372806493972
154,4052,107.195969708258,79.5504033166094,79.4417916883753,89.4322081774321,0.00895308583024949
154,4052,130.077426305198,33.7325688286855,163.196534635687,43.3211675580843,0.00847558791930285
154,4052,119.136862508995,69.6194977327741,88.1049865322384,76.4752135495029,0.0053718514981497
154,4052,128.087262055373,168.086239652767,132.737407237242,158.352276952024,0.00393935776530978
154,4052,85.1883705004594,13.1807514208447,53.2665057427078,5.84093076932106,0.00931120926345947
154,4052,6,80.9999999999999,29,80.9999999999999,0.0041781067207831
154,4052,50,122,3,122,0.00704309418646293
154,4052,112,171,112,173,0.0005968723886833
154,4052,103.583878516332,173.777415745004,111.408739092482,159.148831200727,0.00656559627551629
154,4052,14.0851400136286,98.9623547155254,5.21634218501577,78.9043427085378,0.00513310254267638
154,4052,190.526881607462,125.8616712591,189.022620863411,131.006613810841,0.00167124268831324
154,4052,147.002611846595,14.0099010025261,137.159954489846,16.6063563652366,0.0023874895547332
154,4052,119.975853608917,44.1568687004626,105.999157671562,42.005472244979,0.00274561298794318
154,4052,145.211442976812,30.40492705554,133.320626159511,36.6140199530753,0.00370060880983646
154,4052,23.2882928008877,81.6340280546323,17.4619028322353,108.88495201318,0.005968723886833
154,4052,85.473396577754,161.132065190517,80.9304858775178,143.017433224779,0.0029843619434165
154,4052,223.974043949271,180,216.545438846343,170.349919926028,0.00334248537662648
154,4052,141.422837813994,22.6724625446186,128.463515545717,18.5447511368967,0.00393935776530978
154,4052,147,15,166,15,0.00190999164378656
154,4052,9,61,1,61,0.00143249373283992
154,4052,103.984849679329,173.464264017098,94.9944236891995,173.170879581305,0.0029843619434165
154,4052,111.798206243378,34.3536418482068,147.995277570376,55.0082760178915,0.00763996657514623
154,4052,158.650074550239,29.0808958190872,162.029228159548,27.0485984191254,0.00214874059925988
154,4052,37.1176839596804,76.4479828925773,72.0235512300267,83.8895288541371,0.0114599498627194
154,4052,37.0755709161251,66.9279916675016,36.1404382473903,78.9330445032891,0.00322311089888982
154,4052,40.1564903283148,98.9224949209459,19.5542873869838,104.288843649224,0.00584934940909634
154,4052,39.1884492503436,100.111479206616,32.8824033858256,105.871250150444,0.00214874059925988
154,4052,101.552457272388,76.2977312396335,91.3668509229119,95.1977039410979,0.00441685567625642
154,4052,171.163487207792,24.5837583977365,197.957691721691,35.1077176972445,0.00346185985436314
154,4052,133.665663883467,33.4973474105123,107.661328283019,16.0162297975204,0.00513310254267638
154,4052,33,91.0000000000001,7,91.0000000000001,0.00465560463172974
155,4079,128.279425935746,154.900845350411,97.885904787097,174.825960591729,0.00831372549019608
155,4079,102.233943353897,167.468462675324,117.037776754742,160.075646515691,0.00486274509803922
155,4079,21.9999999999999,16,21.9999999999999,15,0.0371764705882353
155,4079,115.132236380956,26.5104152312994,16.9815201002594,0,0.0371764705882353
155,4079,136.21029379102,33.2947477135624,163.196349098241,41.341513366597,0.00972549019607843
155,4079,34,87.9999999999998,0,87.9999999999998,0.0130196078431373
155,4079,118,9,93,9,0.0043921568627451
155,4079,134.149352868064,6.61585539149692,162.187783095105,17.5170105235504,0.008
155,4079,200.097441507531,34.7568875756479,170.105816736904,22.7359917339387,0.012078431372549
155,4079,1,105,41,105,0.0101960784313725
155,4079,91.1653659605573,11.431690062674,119.125824416846,19.5675817065944,0.0155294117647059
155,4079,95,171,107,171,0.00298039215686275
155,4079,141.982920562567,16.9448340917064,124.14475516153,22.4675534541182,0.00596078431372549
155,4079,187.369618803985,37.2360901682601,190.796956379154,31.8703079981515,0.00266666666666667
155,4079,186.92553587451,29.2490965328404,181.177733556752,33.583530601844,0.00250980392156863
155,4079,104.023787820148,7.28879352421448,93.0161026599211,8.19549264619015,0.00345098039215686
155,4079,10.7786006879034,97.2378893698426,13.2703248884157,89.0825935789129,0.00282352941176471
155,4079,1.49894742952297,108.934596030246,21.6334540573386,76.6419626594949,0.00925490196078431
155,4079,150.386370940597,62.4162765011485,125.234111700518,27.372352594864,0.0164705882352941
155,4079,127.58515476735,51.8811142427357,124.734608880763,37.8507496854582,0.00486274509803922
155,4079,4.55399584430149,0,33.1133349921825,5.40067230602987,0.0116078431372549
155,4079,177.971049510113,59.1553242690131,166.013677024676,56.9266204520744,0.00345098039215686
155,4079,113.985446990265,23.9510735557172,134.91811866208,17.7247192992676,0.00407843137254902
155,4079,135.319662755878,46.3149202963032,164.115966825074,59.7514677055761,0.00690196078431373
155,4079,99.08531336104,167.83620783901,89.9573903627386,163.081805762673,0.00376470588235294
155,4079,114.001369999451,41.9962957546341,105.108281692354,38.7072247314349,0.00392156862745098
155,4079,183.8266893468,72.928574007786,199.039278756304,36.0161878343318,0.0087843137254902
155,4079,37.1105671130453,74.5112164339107,72.1283626612294,82.4325477297874,0.0133333333333333
155,4079,165.923078430645,142.953274880037,144.019657738166,179.011940866284,0.00847058823529412
155,4079,85.8962698522433,9.5293067775083,70.9605106892726,12.8208105230522,0.00407843137254902
155,4079,45.8487576199493,80.8612013224915,42.9827427951659,83.9841626585903,0.00188235294117647
155,4079,168.349428198585,30.0695525418362,114.165901958231,23.6086784816661,0.0149019607843137
155,4079,111.413769874315,22.41979693582,125.841032119746,7.84266647654494,0.00501960784313726
155,4079,81.1755520662254,9.27302315460957,57.1289073204383,3.4661832288567,0.00894117647058824
155,4079,110.214701290172,3.45002219960468,119.040771866815,6.89555898052224,0.00266666666666667
155,4079,117.214422798956,0.391579067198764,87.4904221076433,14.9092322453693,0.00501960784313726
156,4105,198.347218968043,124.511066538671,203.49319599324,110.945792092242,0.00615384615384615
156,4105,216.887013508276,118.487505724235,230.645522203913,93.4539882492933,0.0067032967032967
156,4105,76.504688724903,124.245118337007,64.5806114107431,148.79631042168,0.0150549450549451
156,4105,79.7222369389661,162.545437626526,74.2576024663591,149.743775747003,0.00483516483516484
156,4105,30,85.9999999999999,0,85.9999999999999,0.00846153846153846
156,4105,230.1687401745,113.634178124169,238.592180585838,116.292338383792,0.00263736263736264
156,4105,163.708014013177,109.353646780677,190.073514797666,131.122137787209,0.0114285714285714
156,4105,31.2344031299745,117.200922860376,43.5074105094937,105.442138170357,0.0056043956043956
156,4105,165.990075120228,120.131422969637,190.276845230714,141.810153243038,0.010989010989011
156,4105,113.127103768322,163.90718838544,101.552968782244,148.056627237825,0.0056043956043956
156,4105,109.478780032921,166.525014723895,99.0716038811426,170.202629747646,0.00373626373626374
156,4105,96.9047045416549,169.857995936266,108.880224455973,161.821517055659,0.00307692307692308
156,4105,221.342586120105,180,216.420030371922,167.830103491815,0.00615384615384615
156,4105,42,104,0,104,0.00901098901098901
156,4105,95.2345687743707,167.355768572462,136.127783141074,169.269524141572,0.0203296703296703
156,4105,92.3655303885051,94.3272829548677,111.853765004383,132.107107603706,0.0148351648351648
156,4105,164.176761666561,142.484124927605,141.493357281784,178.682516789705,0.00912087912087912
156,4105,165.496280792705,117.599808570924,170.531454605296,113.433712632563,0.00263736263736264
156,4105,164.283394545141,116.108031741371,165.741629300697,112.282713644917,0.0021978021978022
156,4105,191.401161903768,85.0170728109745,192.295080555847,64.012558157953,0.00384615384615385
156,4105,195.323740982188,102.112650542539,174.821521356945,76.1408918193542,0.0116483516483516
156,4105,35.8543346942457,74.8532939082802,37.5083025876109,61.9370365801268,0.00362637362637363
156,4105,190.043674736012,59.0660712635959,180.324399320371,65.4907522051326,0.00241758241758242
156,4105,124.034504113025,165.448010987873,142.033613464076,177.449346746504,0.00637362637362637
156,4105,193.117697872795,155.927339597904,216.201629207532,177.890169360525,0.0154945054945055
156,4105,38,95.0000000000001,12,95.0000000000001,0.00274725274725275
156,4105,238.85771137916,131.230547475676,197.96174111964,138.793107896495,0.00516483516483517
156,4105,173.418791912703,141.050231354096,174.393095762627,132.927205801438,0.00395604395604396
156,4105,30.1934551965822,107.776589556834,40.3806726103617,101.060570977568,0.00384615384615385
156,4105,205.911550434688,157.882602863694,208.148565116662,156.197187167506,0.000549450549450549
156,4105,210.757756771907,166.534705478823,198.331579776,160.444714214268,0.00318681318681319
156,4105,82.1049133793935,85.6312049579047,80.0839069828029,96.0163287941134,0.00373626373626374
156,4105,93.9383867158305,70.3807944537035,105.130777227404,72.1917450345723,0.00252747252747253
156,4105,173.81055002772,24.4569587998814,199.888626668041,35.2686356904594,0.00593406593406593
156,4105,163.784252251162,151.590366344017,159.79886842981,173.147689824225,0.0078021978021978
156,4105,210.56844829559,108.174135124864,187.865769478448,103.956629945997,0.00934065934065934
156,4105,100.042106486251,73.0211043996428,92.0265704752362,89.0133175189386,0.00472527472527473
156,4105,155.101365825335,104.920987955695,162.973684386347,115.020512341561,0.0056043956043956
156,4105,176.151343993474,42.7113042758813,178.915837205789,44.1605444541335,0.000989010989010989
156,4105,176.759309771362,46.2154502972199,174.875744250697,44.1112256956586,0.0010989010989011
156,4105,118.810108908536,96.8896082029732,144.437876640801,131.167903318521,0.0154945054945055
156,4105,101.982718488438,7.06713250090989,93.9970570698807,5.01143223254538,0.00186813186813187
156,4105,84.0051173646395,85.9989695436025,86.0182322010969,95.9963286790009,0.00285714285714286
156,4105,187.369303839932,97.902025243962,190.450098977726,78.0699200983417,0.00384615384615385
156,4105,143.318848483434,72.7465061977431,170.002068929303,97.0936799097963,0.00835164835164835
156,4105,166.647340230687,118.487948272797,173.619244177689,123.526822626283,0.00164835164835165
156,4105,87.0220911466344,8.91626632330099,57.2477310847624,1.0610068864633,0.00505494505494506
156,4105,200.030119457595,104.777499752563,204.726633435622,97.2097536340302,0.00230769230769231
156,4105,147.841476730524,178.682488246745,159.844990086238,172.689525268729,0.00208791208791209
156,4105,3,95,0,92,0.000659340659340659
156,4105,28,1,12,1,0.00263736263736264
156,4105,83.0136625678036,159.172969058146,81.0825297660616,148.160892162318,0.00230769230769231
156,4105,158.132220528084,56.6946830082643,141.741644052844,49.5965825558665,0.00241758241758242
157,4132,230.728876684292,150.384689035391,238.493988505858,159.58297946608,0.0027342325920525
157,4132,232.307389930962,166.034364908779,231.710997959832,154.014339278609,0.004739336492891
157,4132,119.348160182658,16.9045319449718,92.8468376912273,8.48191730373655,0.0133065986146555
157,4132,191.808279668714,155.177872337855,205.300846631504,169.720883573889,0.0107546481954065
157,4132,223.861545582724,138.018155770634,223.312075917316,133.827945183131,0.0038279256288735
157,4132,220.92014524557,179.083837971646,212.730326582287,171.283124937385,0.00601531170251549
157,4132,122.341342232294,10.5963433325973,95.0120642060106,3.95038995588128,0.00893182646737149
157,4132,204.050145418473,89.9368573788538,237.075407200535,116.164238222131,0.016040831206708
157,4132,225.470026799639,123.643427046407,215.586197030217,115.502387710285,0.00637987604812249
157,4132,237.846523963827,120.603409643796,217.186474746829,105.740787499684,0.010207801676996
157,4132,46.5840767749839,6.39268548453774,40.7613131926009,0.225351312403103,0.003281079110463
157,4132,232.24397851981,125.707478260615,211.00546844276,107.993443527778,0.011666059059424
157,4132,192.079964183791,123.500007759624,203.93662678001,125.396253881932,0.0045570543200875
157,4132,22,136,26,136,0.0020051039008385
157,4132,191.866159607655,53.9397302310174,199.036574994934,38.0164701138169,0.002551950419249
157,4132,190.911046841292,115.708818150655,198.128062117816,124.531293996057,0.0045570543200875
157,4132,162.121292474206,16.702806551942,148.021153778505,10.948168553618,0.003281079110463
157,4132,120.135460837881,4.67107329441511,112.239197179932,1.41918017331847,0.003281079110463
157,4132,94.4246916549055,154.096381988503,128.637598014574,179.805378342174,0.017863652934743
157,4132,18,149,20,150,0.000911410864017499
158,4158,0.115837281787049,48.5486544069468,95.9621469114712,73.1474898618765,0.0278821675354588
158,4158,0,101,39,101,0.0124863619832707
158,4158,108.437958481346,16.2434256272035,101.402773463861,0,0.00666747484543581
158,4158,106.342348633318,1.1817886664754,99.4179679984271,14.2219428899923,0.00497029943023397
158,4158,131.876438450992,28.3395956372145,166.078586126213,40.7840144784387,0.00909201115286701
158,4158,173.458404872369,60.9405119245554,87.401192641413,0,0.0524912110558856
158,4158,35.1653998920617,78.5362113980397,12.5458375326811,70.4694474523288,0.00763728936840829
158,4158,37.4422815097115,56.3159303122101,5.54154939531961,47.937949244829,0.00787974299915141
158,4158,11.9724372408168,46.3919039231892,62.8699282176577,98.8869050330254,0.0567341495938902
158,4158,14.9359598112865,82.985632224951,15.0743204704751,91.9988591178933,0.00230330949205964
158,4158,107.989538242313,24.9398588604494,150.908493409159,17.4739592701124,0.00642502121469269
158,4158,189.755870304166,29.7478159897196,193.805107900151,35.4258441316947,0.00206085586131652
158,4158,183.233443799659,31.6166759166677,192.019770574303,36.967535923923,0.00206085586131652
158,4158,71.0846953308096,79.7049556550808,35.8319775749,69.5853223061002,0.012122681537156
158,4158,47.6790251186258,78.2896812773787,40.1573647029064,69.9554731382856,0.00290944356891744
158,4158,201.231239531224,37.1039694270409,185.282163095264,72.5764834484909,0.0122439083525276
158,4158,36.6529791794713,104.246579616474,65.6341260418134,112.31430447827,0.00751606255303673
158,4158,164.399086502853,16.1388623092155,140.064349773588,4.86114785883677,0.00945569159898169
158,4158,188.488042490667,94.9316310816128,183.308311976511,57.956809177965,0.00448539216874773
158,4158,171.514394334405,30.8710992725555,162.427539132587,18.6812922322649,0.00509152624560553
158,4158,117.625610195277,157.29722189783,93.9515547173885,169.909061936668,0.00642502121469269
158,4158,5.62759047625778,52.4211009106848,0,50.1842117953011,0.00266698993817432
158,4158,178.197870157686,17.7470435512047,164.95939961168,38.9746798448262,0.00763728936840829
158,4158,237.12680807343,117.490573099112,228.890389479892,115.440339057701,0.003030670384289
158,4158,162.113218185156,20.4846294805206,167.394146098684,31.8916168141687,0.00424293853800461
158,4158,98.1729383484016,0,140.791399860112,16.5375767658707,0.00921323796823857
158,4158,126.908598669282,10.3309715444118,93.2651236011835,1.03996619026787,0.00557643350709177
158,4158,170.173721887264,22.6101296252677,186.959948349843,30.0898847698544,0.00363680446114681
158,4158,35.6138030783227,0,106.632603724039,21.9535542513581,0.0249727239665414
158,4158,177.070115004869,29.9516348318392,178.327324661278,31.7742122058542,0.000848587707600921
158,4158,105.317894534989,10.0737591522769,121.474071519744,15.6187104275167,0.00630379439932113
158,4158,188.893755391256,38.2112966143214,184.100093144012,35.8009372645219,0.000969814522972482
158,4158,192.289099045757,54.4739995904731,238.515787964839,79.8809981649224,0.00763728936840829
158,4158,136.868556156513,178.909227625267,158.9352716464,146.955299950055,0.00606134076857801
158,4158,108.505532208739,161.281061908905,116.576357318949,146.764466400812,0.0024245363074312
158,4158,191.512000814127,45.9333443099691,186.05654836671,48.9260192153343,0.0018184022305734
158,4158,170.14433512659,3.23414433256401,130.576475009116,0,0.00994059886046793
158,4158,220.326021419437,123.60377804737,227.811083924484,94.7679901474823,0.00787974299915141
158,4158,214.692138561188,98.3920861056417,237.663319462122,116.428789527689,0.00509152624560553
159,4185,166.412426733281,15.1038042865731,134.308487539414,0.32966224505137,0.00951535143364628
159,4185,29.5148409063203,113.792685045387,46.2193587698824,78.0468396543401,0.0588683075361583
159,4185,131.213980629377,129.367753930993,84.0140530355354,165.018605509557,0.0257548845470693
159,4185,45.8780156847069,65.8237872238435,36.9857942451604,71.9794790380086,0.00266429840142096
159,4185,123.124677634671,159.436454867599,114.935913906871,161.775655935683,0.00279116975386958
159,4185,125.902109515111,28.2833284626377,44.0405069226562,0,0.0296878964729764
159,4185,170.110423579223,30.9293106933191,96.9179939052905,4.46144253299583,0.0263892413093124
159,4185,136.300504132704,39.1294267897723,140.547700613381,62.0836883538032,0.00380614057345851
159,4185,0.00825508315375417,49.0787313609544,17.0308151927437,47.293894321547,0.00647043897487947
159,4185,18.6145000303178,46.6244843034048,41.0508540352967,56.6477361284533,0.00647043897487947
159,4185,34.0002228173528,53.9971479436536,25.0548214353618,53.2982870469138,0.0036792692210099
159,4185,144.027937765085,13.9132745540982,100.837835193026,0,0.0120527784826186
159,4185,30.3127812786637,97.9787703701837,31.9480377847141,122.071400591834,0.00545546815529054
159,4185,11.0687684745457,48.6945113992671,29.0576324338086,52.7439807749506,0.00608982491753362
159,4185,23.9511542502911,50.4534844725891,12.9496596210239,51.4367616644204,0.00304491245876681
159,4185,162.729661887075,16.1836928506555,158.794562621925,31.9487208983675,0.00494798274549607
159,4185,163.908653197427,44.007618956016,110.489430083121,31.8495740820126,0.0157320477036285
159,4185,72.3654275499014,77.7459398881871,36.2285115335106,67.2158029701313,0.0123065211875159
159,4185,166.202837547143,39.465780772714,135.126638796554,27.6664676683766,0.00761228114691703
159,4185,123.127655555601,0.49745840687724,111.486825569298,20.7043696470924,0.00850038061405734
159,4185,91.1261414824281,2.59504017507243,82.795123051782,0,0.00469424004059883
159,4185,11.0630046218853,50.4794757601652,0.102544009042647,49.1528138609619,0.00190307028672926
159,4185,202.082671200881,36.8280537413772,167.827695427007,20.3583730047961,0.00583608221263639
159,4185,188.526884297879,155.529588974761,204.321596842623,169.640015874747,0.00532859680284192
159,4185,143.832485271572,175.575864056453,153.849721070578,171.619503931839,0.00329865516366404
159,4185,102.848015718854,82.847754419518,90.0791394614935,80.5585673220056,0.00329865516366404
159,4185,126.188947010637,13.4372667821243,97.1162172003737,3.67561558716674,0.00938848008119767
159,4185,158.639861243707,143.011342657502,133.005750348738,178.277300044978,0.0115452930728242
159,4185,7.98564257665192,118.297706736924,29.9764516940916,117.848134780498,0.0044404973357016
159,4185,14.873853733619,114.570909272544,25.9255889423603,123.096459615225,0.00342552651611266
159,4185,176.848385022673,0,185.217543251131,3.47626085423703,0.00215681299162649
159,4185,162.111133719104,42.440249270959,138.923929152491,11.0562027685824,0.00748540979446841
159,4185,107.022225369613,174.005830822682,108.068443731122,170.017956203509,0.000634356762243085
159,4185,32,39,40,39,0.00139558487693479
159,4185,24,135,26,136,0.00114184217203755
159,4185,119.301997200095,159.757969692255,111.684371440823,150.252954919074,0.00202994163917787
159,4185,33.898148612183,14.9278390697524,37.593521485261,9.71201307730897,0.000634356762243085
160,4211,212.306169105519,118.62375553269,222.840467674342,127.196045759693,0.00632763065385517
160,4211,26,136,30,136,0.00234356690883525
160,4211,106.967311979814,1.09486679574376,103.789802173896,0,0.00210921021795172
160,4211,202.840389772841,127.134779742103,194.088090828078,116.770043907589,0.00679634403562222
160,4211,162.885387878146,123.110263694712,181.030349872567,141.970801613048,0.0128896179985939
160,4211,236.98908811231,153.897008482006,226.006422138269,155.060615155493,0.00304663698148582
160,4211,227.215203780465,136.981641858572,227.164387756778,152.994174655789,0.00890555425357394
160,4211,201.933052562733,128.272930630164,188.745361367429,125.038108182906,0.00609327396297164
160,4211,208.512388917539,109.516276521857,229.701223904538,130.304533344893,0.0159362549800797
160,4211,70.0243661390371,145.989703322229,73.1403070281401,153.363290281629,0.00257792359971877
161,4238,174.404796743472,47.0841174699713,179.285652765342,40.4726403861382,0.00301637460499856
161,4238,28,139,26,136,0.0011490950876185
161,4238,167.087035041494,12.8212797451318,142.964129600773,1.07365730838918,0.0106291295604711
161,4238,125.274645229333,0.933134326720257,118.252264709047,0,0.00660729675380638
161,4238,172.726064138128,30.6886560207229,166.361027864787,15.8451874343465,0.00675093363975869
161,4238,170.029957529362,19.939756410041,202.064744510064,35.8698009549054,0.0166618787704683
161,4238,70.9220297225369,142.87068972744,240,138.750364605109,0.266159149669635
161,4238,158.172830504622,43.3036542747101,116.980196259168,33.0797906035351,0.00833093938523413
161,4238,101.395897105296,151.392464357497,134.867175255956,173.203830149637,0.0107727664464234
161,4238,100,164,84,164,0.00244182706118931
161,4238,92.1675809670879,164.589196172469,78.9238667936479,159.186631054321,0.00416546969261706
161,4238,181.09018250178,32.1802235763864,180.442843019634,28.9122782833564,0.002298190175237
162,4264,141.027093900346,51.13963945235,166.055013338053,46.2835336477846,0.00591715976331361
162,4264,158.983036891415,51.2341876341656,143.990392936159,51.5662818373007,0.00476259200461827
162,4264,124.029497850588,0,158.05523346556,2.10880268046929,0.00952518400923654
162,4264,185.499183998622,73.2646482766931,205.199423853876,36.1057269051199,0.0125559243758118
162,4264,66.166186836493,9.34829562629277,85.1406449940064,0.294764840020674,0.00490691297445519
162,4264,110.999326826142,31.000891861852,115.627159452752,34.4939619341614,0.00360802424592293
162,4264,169.32975334794,12.3311113373418,150.475206473415,3.03606673146929,0.00894790012988887
162,4264,166.266846060522,15.8010571939014,175.232399798354,27.8267380529023,0.00649444364266128
162,4264,176.298393936695,35.3331230143766,168.177271351748,13.1081939484131,0.00865925819021504
162,4264,167.499663925428,26.1703246687485,160.357710961574,47.1219359612277,0.00548419685380286
162,4264,129.959174068357,11.1095031290776,100.161315056541,0,0.0151537018328763
162,4264,176.208354771368,21.5849096202081,203.387708325565,35.2275963010072,0.0132775292249964
162,4264,47.5578007694109,55.2115650677525,1.6564583718877,40.8952465678917,0.015730985712224
162,4264,134.121943290802,30.6739641924284,52.1099636147069,0,0.024390243902439
162,4264,162.025468740409,33.9384902235347,127.199407233281,19.5184098566353,0.0106797517679319
162,4264,185.130881179816,57.9701221812076,187.182717918162,66.9582887863891,0.00317506133641218
162,4264,166.885107339247,93.1077338203398,140.780320059587,65.2683008596355,0.00736036946168278
162,4264,152.269894779447,79.8682548563728,150.702427100727,76.6571206028412,0.00259777745706451
162,4264,185.136008220461,88.9027860957466,175.9427816311,76.0408976826321,0.00404098715543368
162,4264,194.005687686551,37.9916379090322,180.248645248473,28.6344393862189,0.0041853081252706
162,4264,0.0233151557799286,65.8150689670153,28.0816312715636,69.3525174990637,0.00808197431086737
162,4264,135.557989585941,173.249788765961,108.118375682878,152.84084511724,0.00736036946168278
162,4264,149.19307998725,27.5125606899453,131.716927621992,0,0.0145764179535286
162,4264,174.11981965554,62.0729007051083,186.512893663457,41.7036346396039,0.00606148073315053
162,4264,149.396795262005,48.4405751385215,116.588672888908,25.1700549858649,0.0127002453456487
162,4264,136.888799080209,50.0743999200024,126.092623397086,33.9380295293736,0.00620580170298744
162,4264,99.0186031346726,162.231867685949,84.9487094046003,163.360718939278,0.00375234521575985
162,4264,100.086208214166,149.860952221351,115.399767198474,159.355203660549,0.00404098715543368
162,4264,22,78,0,78,0.00562851782363977
162,4264,108.251408957924,19.2077798166316,100.118433458401,16.6268017778446,0.00202049357771684
162,4264,13,175,16,175,0.000721604849184587
162,4264,153.584597495405,29.2009804176648,141.519879644728,4.26465044765296,0.00764901140135662
163,4290,100.273678286424,0,105.084750687224,3.89532538308002,0.00204975968334747
163,4290,195.2817945649,36.0787629470848,188.321293116997,33.949635084944,0.00169635284139101
163,4290,193.942329117611,43.1277068027212,186.172151527862,39.6187864604086,0.00141362736782584
163,4290,203.822001702027,33.4358704009197,178.907944191494,80.4209320955097,0.0104608425219112
163,4290,137.153230577616,80.4927620123827,0.260105945234812,39.1389733153706,0.0218405428329092
163,4290,104.064583636852,73.262971302869,78.4020992723159,79.5654710541416,0.00777495052304213
163,4290,205.497291060676,70.7179936590739,183.891121337189,35.9596270466915,0.0139949109414758
163,4290,171.224090981141,40.6057432216987,176.680143289741,101.637732884819,0.0206389595702573
163,4290,237.078335802428,70.6210309402993,233.238152135005,77.2889878290279,0.00190839694656489
163,4290,205.865466314455,93.9401460916266,234.518451855813,67.5631882810437,0.00508905852417303
163,4290,161,138,239,138,0.0111676562058241
163,4290,219.367694447413,67.2116270110326,211.333487932719,43.2067829928676,0.0119451512581284
163,4290,19.2998006478693,47.1540523067199,0.215901380835394,40.3907909259311,0.00254452926208651
163,4290,61.6989492400776,137.745448815648,72.2774243838765,125.234574081467,0.0044529262086514
163,4290,34.0722715406403,76.8411157145198,0.0176259961645187,74.7173646806196,0.0130053717839977
163,4290,232.154023237625,173.114150656072,227.511122729502,179.378806443791,0.00120158326265196
163,4290,79.7479486216698,66.6391680412003,42.9454674602801,27.9011918471461,0.0137121854679107
163,4290,126.351331986086,179.203322695467,133.12722175834,167.494906152395,0.00226180378852135
163,4290,175.493595410566,27.8824509331234,173.80868483328,20.8074128212816,0.0017670342097823
163,4290,166.825036289553,14.0765699785525,174.033379881844,30.5477583597926,0.00381679389312977
163,4290,90.8950131203804,13.4262231722283,97.8667300545831,0,0.00438224484026011
163,4290,138.306345006013,29.1909708589029,127.427099031272,46.6428621720056,0.00438224484026011
163,4290,145.693208279563,94.4810878068969,134.285138189796,114.927270615698,0.00614927905004241
163,4290,125.305610861114,25.176914813902,57.4979893012719,0,0.0135001413627368
163,4290,34.0275005112917,69.7418592003185,0,66.1168078206252,0.00438224484026011
163,4290,41,99,54,99,0.00204975968334747
163,4290,73.9871737065419,0,72.9627059714146,5.19002996379755,0.00183771557817359
163,4290,69.7839858761219,9.03639826531811,69.5139399464171,0.0145489615979333,0.00190839694656489
163,4290,78.3048836045845,0,74.7285098907098,0.829559659828576,0.00254452926208651
163,4290,236.199549001452,116.867822218061,232.67780219848,111.551035632669,0.00169635284139101
163,4290,65.0056359201236,117.867281856528,2.99007286489108,115.233770336121,0.010884930732259
163,4290,204,137,234,137,0.00254452926208651
163,4290,0,95.0000000000001,40,95.0000000000001,0.00643200452360758
163,4290,225.361012647958,92.5417389158359,216.822814765267,98.2343801202664,0.00275657336726039
163,4290,227.212772720967,107.694788562334,209.043545200288,104.732880732019,0.0044529262086514
163,4290,18.6522271201089,61.3617253245273,12.8105183524851,71.8949134307266,0.00219112242013005
163,4290,19.9888199657121,67.0590156988648,6.10809037643644,64.4294266956904,0.00219112242013005
163,4290,40.62276469787,102.201013014622,31.9921477335407,86.0041841464563,0.00254452926208651
163,4290,1.46720326848291,77.0060368243874,30.766558653651,120.255234621948,0.0116624257845632
163,4290,0,57.3615804305917,0.62733979301801,52.0744362557343,0.00212044105173876
163,4290,221.067869495127,91.7693407923088,184.015115080103,89.7259223386197,0.00523042126095561
163,4290,196.479379691147,54.8048629705989,239.7393244723,72.1567970652365,0.00735086231269437
163,4290,238.676844380133,91.8333018416633,233.354438059369,102.151145367531,0.00204975968334747
163,4290,29.1211215179357,67.449678563032,17.9995790602885,65.0019125598066,0.00212044105173876
163,4290,0,94,28,94,0.00247384789369522
163,4290,201.995639832029,124.75712583991,190.981237264321,124.954860523915,0.00162567147299972
163,4290,197.926262666209,127.046319671388,189.524121982912,113.670761651288,0.0017670342097823
163,4290,191.10384147746,113.587479938795,195.102208387834,114.593967541329,0.000706813683912921
164,4317,179.444110737248,25.727121493014,145.074819225048,0,0.0324028461959496
164,4317,132.473091285971,0,135.746434697971,3.25499467546437,0.00186097427476738
164,4317,11.4296866673824,53.13903526704,7.44092661810204,65.4662458306033,0.00350301039956212
164,4317,1.70680426337081,65.624382948014,5.61242689776578,52.1778833469521,0.00306513409961686
164,4317,238.390541751081,143.570778066029,232.062815665814,136.814238021668,0.00262725779967159
164,4317,229.859907014177,138.931200749342,231.241231664746,136.118468156504,0.00175150519978106
164,4317,218.860706004148,101.868461102291,225.654695687162,94.6739202690883,0.00328407224958949
164,4317,202,126,192,126,0.00229885057471264
164,4317,186.066837333019,70.6408234120066,207.084219923147,35.6512647139466,0.0201423097974822
164,4317,157,114,129,114,0.00613026819923372
164,4317,176.002347175158,16.7325649006011,182.001885036831,16.7852205402693,0.00197044334975369
164,4317,188.39658412863,73.7166202858662,215.926570421979,58.4812776076242,0.0101806239737274
164,4317,11.0188193527926,41.2924366445828,9.95807377711927,44.9879657135432,0.00197044334975369
164,4317,186.295194408916,78.5795077820871,188.659584852842,73.2951175148204,0.00197044334975369
164,4317,184.377121760627,40.839048866993,174.188153189867,45.4186173731172,0.00207991242474001
164,4317,179.3319319975,38.5212587384084,185.967337569586,47.0254847967681,0.00448823207443897
164,4317,184.362476039046,49.9587200869167,179.14166169073,43.1274786843767,0.00218938149972633
164,4317,171.848853808481,46.8641544285077,180.08595863416,65.2067476189389,0.00405035577449371
164,4317,209.969564448624,106.206223384535,225.917369057605,108.559885786118,0.00426929392446634
164,4317,124.105002254611,54.2786179502372,131.753064786285,23.946306863627,0.00591133004926108
164,4317,127.044120082969,10.7622624147239,121.131513836941,34.5352874554502,0.0073344280240832
164,4317,95.001751677123,11.4839304228647,100.445492458879,0.215210374917845,0.00426929392446634
164,4317,174.038297559029,22.9364766033639,195.92175958518,36.1297758141665,0.00503557744937055
164,4317,213.832237737721,95.9179744167734,227.196418136961,68.5849759900335,0.0134646962233169
164,4317,121.377747598409,20.1913962265519,87.4196059763281,87.2126049267979,0.0200328407224959
164,4317,87.0054888248234,141.38879514168,229.019537359968,139.38390837407,0.0410509031198686
164,4317,154.796900570197,53.0520972164541,153.050439812078,46.2435725333863,0.00372194854953476
164,4317,157.181970264473,49.1975546662964,172.273310678633,35.2967177086265,0.00645867542419267
164,4317,39.8827206302298,63.1851750262552,43.0653543651631,48.013709882686,0.00492610837438424
164,4317,16.6819661955561,82.4973922000715,33.536204599405,125.136128711152,0.0232074438970991
164,4317,150.037357324232,51.7283533944258,173.150326430292,54.9068900046795,0.00448823207443897
164,4317,69.3761092635726,144.685345872259,76.8272622369038,107.979928074032,0.0145593869731801
164,4317,211.800275461589,93.3651114855742,224.785915685898,64.9023278287146,0.00821018062397373
164,4317,170.078233935229,51.0408350658779,165.315848193602,60.1648604503325,0.00284619594964423
164,4317,229,137,79,137,0.016967706622879
164,4317,211.815815472271,88.9334058310415,182.984817384988,93.9120789957706,0.00569239189928845
164,4317,86.3665262283118,77.9944128813049,86.2870763240619,87.0025319588099,0.00218938149972633
164,4317,81.2801459324331,84.8666086793382,103.162274960394,67.4612167764574,0.00613026819923372
164,4317,236.960121411721,116.419867206528,228.002448648035,117.03562164776,0.00295566502463054
164,4317,120.409134042603,132.801047172251,150.968005113099,125.859155448879,0.00788177339901478
164,4317,102.479861135667,65.1499907938737,109.919266397691,71.1009269747784,0.00295566502463054
164,4317,138.228341186356,36.8460892710825,142.025274273858,31.0164615531757,0.00197044334975369
164,4317,137.564116076788,38.0964614078422,135.361054051964,28.1413991716613,0.00240831964969896
164,4317,102.846892674818,78.3486062006994,99.3811573709246,66.8847689022133,0.00383141762452107
164,4317,189.632527411695,65.8224724641924,207.225149226732,52.2927604968536,0.00591133004926108
164,4317,126.246710187009,33.6530380168633,108.511256068032,40.3532868375862,0.00350301039956212
164,4317,186.640693671043,54.911632919559,187.760824055889,63.0329881202954,0.00415982484948002
164,4317,121.361728038993,154.830190540232,116.06092972866,157.139837886201,0.00120415982484948
164,4317,124,129,111,129,0.00251778872468528
164,4317,117.630635167493,32.3271876995843,124.626173939699,18.8436955911755,0.00437876299945265
164,4317,106.144029033236,77.9442662608578,102.930559670163,69.6399089214998,0.00273672687465791
164,4317,238.92221805844,103.438285219983,233.902835569485,102.547501553043,0.00197044334975369
164,4317,239.821269444023,96.7098272700821,236.559555721365,100.483626796353,0.0013136288998358
164,4317,187.441923032051,39.9104302587113,190.909389505081,57.0183650952752,0.00437876299945265
164,4317,198.262254901079,77.6908854216399,182.828905718318,83.5492685000217,0.00361247947454844
164,4317,192.528012550195,40.4522616706683,195.600662665089,43.4142559955879,0.00175150519978106
164,4317,108,128,121,128,0.00175150519978106
164,4317,215.444413937028,140.543839214424,200.57067368594,152.698346076024,0.00350301039956212
164,4317,150.69609711462,168.306073822803,154.660314220942,159.290340088488,0.00218938149972633
164,4317,205.004066980114,83.981341950105,195.041469817683,81.8097492719824,0.00109469074986316
164,4317,189.429646370134,45.2116371562215,199.927780238251,50.153420864121,0.000875752599890531
164,4317,139.913057212123,171.763503831577,149.136954276523,168.372534196772,0.00186097427476738
164,4317,141.057103655238,47.082525309777,146.986111772426,42.979928950642,0.00109469074986316
165,4343,97.5348731017533,142.648578732684,102.601123861214,135.943095255588,0.00160670224364492
165,4343,105.684101861421,97.3115675325736,98.0187327486324,111.96346938832,0.00235267114248006
165,4343,225.713555339714,161.01165189984,237.883285304023,177.620029338812,0.00252481781144202
165,4343,94.9962272276381,14.2092993960309,103.441931575824,0.267718814938551,0.00258220003442933
165,4343,199.999557814295,126.980489985824,199.88249054404,120.982774980318,0.00166408446663224
165,4343,101.804988314626,15.4960717423289,62.3860001973415,0,0.00355769782521375
165,4343,197.359044910608,169.229746681926,184.165931402711,151.625058599499,0.00430366672404889
165,4343,166.621202310053,42.0461145179667,169.590742124262,2.04385332742992,0.00418890227807425
165,4343,167.621753297149,32.2634406011997,165.083504108542,18.9840388716248,0.0015493200206576
165,4343,140.486756177371,29.212673656286,133.448258850299,45.3220127873907,0.00195099558156883
165,4343,188.564855073185,113.706260577419,195.179741560324,126.426555858088,0.00315602226430252
165,4343,202,124,202,127,0.00040167556091123
165,4343,149.225846128286,40.4730007188173,114.225588684201,25.4736014501581,0.00275434670339129
165,4343,220.744559303915,176.45910895547,238.718877776024,179.605805029784,0.00177884891260687
165,4343,191.199202333716,0.150061942936548,190.583174544317,5.0729754293591,0.000860733344809778
165,4343,53.9904869788422,179.046115823431,48.0375220634389,177.818106064981,0.000631204452860504
165,4343,70,119,22,119,0.00258220003442933
165,4343,99.993969081608,167.979417882845,103.947536373825,166.820953886276,0.000344293337923911
165,4343,19.2440811452039,34.9628297557938,108.590003012554,180,0.155276295403684
165,4343,182.514520551127,56.380871443926,175.524642261777,50.572003488374,0.00109026223675905
166,4370,83.1549654385354,150.610012333102,119.043343731639,127.351706308989,0.0111665145024229
166,4370,63.6633433815316,109.338053483316,50.0835763472848,135.98486834985,0.00905962497366388
166,4370,57.9533809924915,132.989056085088,58.7775448928598,129.478273758123,0.00189620057588314
166,4370,84.0194135591978,166.727641055556,67.7445576572138,176.577953772688,0.00175574127396587
166,4370,34.9458718394857,45.4980345726139,32.009635069726,57.5136163351029,0.00498630521806307
166,4370,23,137,26,136,0.00105344476437952
166,4370,76.0177071793001,178.971963823425,74.1365232857718,177.783839600783,0.000561837207669078
166,4370,83,164,85,164,0.000421377905751808
166,4370,78.8620774665468,154.183911755266,67.9817507967535,146.02433426154,0.00147482267013133
166,4370,212.039604190627,138.050563278492,217.080235884194,134.102438385771,0.000351148254793174
166,4370,95.7498027008887,142.433356778048,91.8907116465488,137.326868632732,0.000491607556710443
167,4396,213,91,159,91,0.00580789277736411
167,4396,160.401938800597,39.9854024319126,136.835947962992,49.5978062431688,0.00491437081161579
167,4396,186.388730490315,100.712984188033,179.652824532355,38.2531282369474,0.0133283693224125
167,4396,0.0067274576943611,116.424514570831,23.0167961105539,116.059864511581,0.00439314966492926
167,4396,10.995202375404,121.55132696272,66.0102978692638,120.963054984332,0.016530156366344
167,4396,49.482147241191,128.261149031343,59.7072277891305,109.383061098958,0.00387192851824274
167,4396,109.986263820092,89.9864613808936,93.6102336519052,106.601456957782,0.00372300819061802
167,4396,89.850316818358,94.2594650607129,99.2000418812125,99.653241745101,0.00171258376768429
167,4396,25,69,44,69,0.00223380491437081
167,4396,69.5296966486593,143.471087082191,61.2891090498133,104.05781860288,0.00990320178704393
167,4396,70.3260093789648,133.461063151869,97.9108109894381,150.147441292618,0.00483991064780342
167,4396,213.941317078567,103.429778913774,220.813199429601,104.368080257044,0.00171258376768429
167,4396,146.034906807292,117.01627498659,153.59121393241,100.809407153377,0.00364854802680566
167,4396,188.789353591586,54.4670954712595,201.543614676045,32.9134251522205,0.00737155621742368
167,4396,39.1154864650288,48.6044466331423,11.8149721740587,40.633739888871,0.00558451228592703
167,4396,0.0253992238617099,35.9183862446735,33.5767544847481,46.3599886403179,0.00551005212211467
167,4396,97.7489155990204,127.193917172333,160.838149833165,134.414209162251,0.0141474311243485
167,4396,56,138.000000000001,239,138.000000000001,0.0250930752047655
167,4396,129.701969461361,64.8978089688054,105.692065288389,56.9276450230697,0.00379746835443038
167,4396,0,72,24,72,0.00290394638868205
167,4396,61.245317294789,0,125.727570256383,26.6589488483633,0.0071481757259866
167,4396,181.921770673493,20.3202033942534,192.484472607847,34.6427063217975,0.0032017870439315
167,4396,185.35807230127,29.751083757893,189.941992110314,36.3451681815032,0.00148920327624721
167,4396,186.826625612916,96.6055738920214,155.793609703498,87.7208941137737,0.00580789277736411
167,4396,5.02123048131491,84.400633944557,9.70773507817341,72.4545634476445,0.00215934475055845
167,4396,30.5945902503318,56.4374108170687,38.866782360648,107.23021972518,0.0132539091586001
167,4396,24.9576883617519,89.3263291006541,20.2770278769084,82.118941900773,0.00141474311243485
167,4396,2.83855391373379,114.996328543369,10.8669183084657,115.645594424455,0.00178704393149665
167,4396,0.953103259427353,115.004316228771,0.962201300606961,112.995300218984,0.00134028294862249
167,4396,194.447589153961,51.2381997345455,201.128074246145,63.9326003552568,0.00305286671630678
167,4396,175.535074162065,78.5669602670629,195.597374341658,59.6329730349449,0.00379746835443038
167,4396,67.0293934078831,70.9152300961644,33.547313104387,59.3055384649982,0.00915860014892033
167,4396,0,93.8822634644214,34.1768871566568,98.327889913298,0.0103499627699181
167,4396,219.930901736616,115.692666386618,228.940995226263,116.591485536916,0.00156366344005957
167,4396,209.461792604277,71.0829993859121,209.670885470375,85.0349057126006,0.00215934475055845
167,4396,236.761182601045,159.022199797034,236.584739917359,173.019975727954,0.00119136262099777
167,4396,223.183314345489,65.1472375194211,209.881008743792,90.4629320958314,0.00506329113924051
167,4396,4.31057513458937,40.9997358213704,0,38.027132841182,0.00148920327624721
167,4396,184.736773789427,126.173210266147,176.047753012636,112.968577171666,0.00297840655249442
167,4396,35.0986210964827,99.2251306846018,50.9956086614179,97.945448146134,0.00327624720774386
167,4396,186.638257328577,25.6368669728275,198.71725820449,32.4977817814233,0.00282948622486969
167,4396,188,125,198,125,0.00148920327624721
167,4396,189.108998954968,115.336989376187,184.591713647275,123.189901653624,0.00201042442293373
167,4396,236.384890105182,81.2479948809822,239.924539550294,74.4838045256363,0.00260610573343261
167,4396,184,179,189,179,0.000595681310498883
167,4396,68.8177778841028,0.558793761719078,106.997058291641,13.0090209043597,0.00275502606105733
167,4396,238.793354153782,165.597499464208,214.517764707729,178.060712000412,0.00245718540580789
167,4396,176.74661501747,163.332711638379,195.759769899459,171.159337433798,0.0039463886820551
167,4396,23.4554900511652,125.652261894246,32.3003578318305,133.035980834735,0.00163812360387193
168,4423,17.2572520202217,45.683304316754,11.8446390668243,110.397879386488,0.0270722724446358
168,4423,30.2249250587522,106.554944661869,15.8527189327262,99.2914225100548,0.00334816090304683
168,4423,99,12,106,12,0.000717463050652891
168,4423,62.0898911364683,120.465047173306,51.0073319972195,141.476411836021,0.0110967618500981
168,4423,123.51936432445,0,71.6385630862199,89.370693827422,0.0152580475438848
168,4423,0,63.5241275159585,24.7142742957489,67.693614468357,0.00243937437221983
168,4423,189.336903990063,153.204610363687,177.830756763624,162.796991213622,0.00253503611230688
168,4423,127.037737399194,106.61743096761,111.986901767346,105.132785467457,0.00143492610130578
168,4423,238.855660719796,67.1497708219984,203.221443947537,32.8078534116576,0.00650499832591955
168,4423,22.0306863856844,104.96658727202,40.8066596619194,122.210517725688,0.00454393265413498
168,4423,21.9999999999999,16,21.9999999999999,15,0.0113837470703592
168,4423,200.026526625789,180,191.283806551543,167.796674985512,0.00248720524226336
168,4423,117.247994094235,104.272198791607,126.931465429849,131.024807022173,0.00353948438322093
168,4423,141.613701565433,106.945084435227,166.47043482757,143.406218621047,0.00636150571578897
168,4423,88.0475013418111,104.365302254378,97.5601031725672,129.168709216935,0.00516573396470082
168,4423,199.864851571019,117.113893580366,200.361519918829,122.064061034294,0.000908786530826996
168,4423,2.96607662346699,36.0714474543268,0,39.3741102620276,0.00138709523126226
168,4423,67.5844216104894,63.4775045531014,61.3481219865617,68.437684339549,0.00138709523126226
168,4423,7.30385552171062,36.9472872457407,8.2627757362172,42.4748527496129,0.00119577175108815
168,4423,14.813089345279,97.2635599102143,1.44470753759598,87.7830095708153,0.00124360262113168
168,4423,57.1603597939069,122.203017681859,51.748125977094,99.8191096608925,0.0031090065528292
168,4423,62.1403225135826,70.1887696917383,67.9200237770099,65.8924115127731,0.0011001100110011
168,4423,55.0746207578027,133.73932316117,57.8546191178815,102.541501627009,0.00722246137657244
168,4423,166.450248038291,156.161776371793,178.825363031351,173.332825320053,0.00325249916295977
168,4423,157.872378336848,149.097677392241,157.907652872481,157.088693132109,0.00119577175108815
168,4423,20,81,13,81,0.000621801310565839
168,4423,18,78,7,78,0.000908786530826996
168,4423,1.54454743861279,168.774232445965,0,170.608198044348,0.00172191132156694
168,4423,62.0743704589321,65.0169014982854,63.9013916763765,56.977590182492,0.00191323480174104
168,4423,25.8552752109735,101.798294306143,37.465634533188,93.4678065975486,0.00267852872243746
168,4423,52.7794119264767,51.3194237957617,48.4051619429877,65.5917525716647,0.00253503611230688
168,4423,42.0897102865455,69.5248230448909,34.9660323864061,68.1799194699002,0.000956617400870522
168,4423,28.691381137596,57.7826884106803,30.5227121199938,46.7546789318801,0.00234371263213278
169,4449,115.641693781415,30.6664339153609,120.852162139129,25.0695123448433,0.00858632321373812
169,4449,190,64,190,67,0.00183992640294388
169,4449,138.041173472589,19.9133218363579,159.866636765118,30.2807555343291,0.00981294081570071
169,4449,151.910357544391,0.161964232527754,160.918307455206,5.14760048942139,0.005213124808341
169,4449,136.69738004556,159.818564606116,133.699039975197,164.819559814736,0.00275988960441582
169,4449,103.817686249694,32.910880023476,112.260818710769,15.6386678512576,0.00490647040785035
169,4449,56,130,57,130,0.00153327200245324
169,4449,53.9509109124335,132.038393088347,56.5453329716636,135.355599833952,0.00429316160686906
170,4475,0,33.0981942713912,31.4231955033741,43.7517655124487,0.00960577883654807
170,4475,25.7714681840667,43.1817019760509,7.08361892374267,39.5676197337406,0.001998001998002
170,4475,185.09104103829,75.6437414049706,100.024245410733,53.9051237098561,0.0094520863751633
170,4475,21.9999999999999,16,21.9999999999999,15,0.0176746330592484
170,4475,0,70,10,70,0.00153692461384769
170,4475,221.94870536205,171.114575219426,226.859769240422,173.31322903701,0.000614769845539076
170,4475,176.14355136344,26.6913693704519,174.018543000156,24.834423524706,0.000461077384154307
171,4502,205.732604667666,81.1164505049938,201.434205111685,71.2464033305752,0.00179003895967148
171,4502,202.290195653725,78.8793814907576,198.285183983384,75.6466835998338,0.00152679793619038
171,4502,157.124547258717,6.54140170506912,135.781898089698,48.86432920887,0.0134252921975361
171,4502,126.315087188247,145.019298234988,126.878957273763,165.031586715259,0.00305359587238075
171,4502,150.20389882799,115.76413451453,101.52627059219,176.621078177612,0.0180056860061072
171,4502,100.561419546273,23.1836621534291,92.5980384375542,38.2594514278273,0.00173739075497526
171,4502,18.901802073675,92.9011263882921,18.5192325230989,104.888917344811,0.00152679793619038
171,4502,21.9999999999999,15,19.9999999999999,18,0.0123196798989154
171,4502,159.870414761117,6.72906432852373,168.477382223569,1.12538614572787,0.00205327998315257
171,4502,26,136,22,136,0.000684426661050858
171,4502,196.029838832472,117.442127639177,192.615135826024,112.992920542269,0.00147414973149416
172,4528,118.221005415458,97.2822067862973,107.519279806165,105.66308006518,0.00297988577104544
172,4528,102.95777779411,21.032150410585,115.922821591797,38.0587680690707,0.00463537786607069
172,4528,226.044334447043,114.670384401251,230.936150323812,145.01029471928,0.00463537786607069
172,4528,91.9770661015595,132.518935987362,98.0983476048423,144.951578001383,0.00240046353778661
172,4528,83.332944674899,143.454750613722,96.957323915132,147.157047161726,0.00231768893303534
172,4528,100.365057182342,1.53034437853019,179.357437747748,137.539211886141,0.143696713848191
172,4528,20,71,1,71,0.00206936511878156
172,4528,124.078189450152,32.7339333684017,111.950092087426,29.1698289240154,0.00173826669977651
172,4528,216.439636005383,164.127319448025,221.101616770189,148.029428415626,0.00513202549457826
172,4528,46.0991772324743,138.878129239335,59.260528665764,122.403722971964,0.0140716828077146
172,4528,74.0085793498368,83.4777626166813,102.53643862082,23.2541102187087,0.0206108765830643
172,4528,85.4024908447444,89.8718362536688,91.2761833934512,62.4882338429055,0.00827746047512623
172,4528,63.1399893998333,78.378211073492,89.2625453438744,68.7093219662728,0.00893965731313633
172,4528,136,112,109,112,0.00529757470408079
172,4528,4,116,52,116,0.00736693982286235
172,4528,222.082410434199,149.147180814481,226.724166806241,144.767500238686,0.00157271749027398
172,4528,208.039222673235,143.548294718596,237.047742130087,143.101803317351,0.00513202549457826
172,4528,126.131012509031,114.902757038887,115.04485279885,99.9667083776455,0.00364208260905554
172,4528,145.615993361154,140.864399609124,160.2901795262,130.407197682379,0.00413873023756312
172,4528,64.7950737513015,76.5840113480398,75.5891623282007,71.1660599505728,0.00463537786607069
172,4528,26.5466949229715,109.45774219216,13.5998804931134,96.4049882896411,0.00405595563281185
172,4528,145.988292006728,138.004819408318,140.398158390846,124.424470443206,0.00347653339955302
172,4528,62.380346810657,153.671928319354,92.9364665329564,146.720719617463,0.00496647628507574
172,4528,66.2725537779601,153.888242522152,62.0426874987028,143.57245822857,0.00107606986176641
172,4528,107.553392975069,55.2626054786774,87.8911581163303,48.307707561591,0.00297988577104544
172,4528,94.6949696218784,52.6309611723357,107.583412371676,58.8617194784548,0.00140716828077146
172,4528,0,86,24,86,0.00496647628507574
172,4528,16.7232926201704,103.711297746333,24.0863492288868,71.1501777999549,0.00976740336064895
172,4528,118.346000561161,120.381508414528,108.878098078364,128.968211740907,0.00389040642330933
172,4528,122.123775141293,96.8541652442311,138.33109619209,110.609894751038,0.00463537786607069
172,4528,123.545897263478,106.675585291575,133.209117856841,93.1493955070013,0.00347653339955302
172,4528,26.9432978414882,39.4111500501086,24.1081800176983,52.8113146515254,0.00455260326131943
172,4528,4.1720630554915,82.5901014059567,2.18785504883415,86.5979197741443,0.000993295257015148
172,4528,110,111,137,111,0.00273156195679166
172,4528,96.2206568247156,93.8040915476987,86.1553704571452,96.5661826753538,0.00297988577104544
172,4528,228.609148595619,81.4392387641664,212.566602515035,103.687490085246,0.00629086996109594
172,4528,92.4871302169137,142.898595426745,91.8716495145232,133.872375789191,0.00231768893303534
172,4528,85.7530044455888,132.880112128375,84.6959764013368,143.874629373586,0.00281433656154292
172,4528,24.1793433284888,39.4677918876459,0,31.3198440970273,0.00513202549457826
172,4528,0,113.609828636311,36.0550188923502,118.602691424265,0.0094363049416439
172,4528,80.5824532874061,108.859762332944,83.9047119208152,98.9679964480139,0.00322820958529923
172,4528,19.2735739792396,57.1380754267862,84.1765336264802,180,0.200562867312309
172,4528,0,66.7121413611854,19.0331038350399,68.6797851688386,0.00579422233258836
172,4528,22.8027031380904,170.335865456092,31.8917874139896,167.635738167554,0.000662196838010098
172,4528,169,125,180,125,0.00165549209502525
172,4528,30.9698981607401,90.9480667681102,13.1578751289608,101.272374243021,0.00455260326131943
172,4528,24.4875961543013,90.9582706478482,23.4535398563988,78.8756034558531,0.00339375879480175
172,4528,190.669315726849,34.2296757509267,176.068590951416,54.0505264692189,0.00844300968462876
172,4528,53.6881606381691,106.500025494117,50.1785263807182,118.34907414764,0.0043870540518169
172,4528,65,146,80,146,0.00140716828077146
172,4528,203.689095998752,62.7062635826539,208.940311553171,75.025443001498,0.00215213972353282
172,4528,208.465465878847,176.874280146945,239.671063029741,160.260451326108,0.00761526363711613
172,4528,230.027467690265,90.0292944960539,214.527550389932,104.562636416356,0.00455260326131943
172,4528,206.148410769237,72.7266046878127,192.491773159482,94.3111471022319,0.00380763181855807
172,4528,12,85,0,85,0.00148994288552272
172,4528,119.435925231204,37.4690064540992,114.934168256759,32.0547365600674,0.00190381590927903
173,4555,117.405251096334,131.9729413563,118.149777304561,143.1235394972,0.00239600665557404
173,4555,0,33.2750632039124,30.4496950243652,45.3838406668071,0.00825291181364393
173,4555,140.226399018369,88.5334299574853,189.79549933261,103.669709746229,0.0124459234608985
173,4555,203.001509632653,95.9869252345188,154.949341528585,90.4387475535734,0.00698835274542429
173,4555,200.002856259976,77.0614738006772,222.048190561505,76.0371804376732,0.00359400998336106
173,4555,220.095801968082,86.3817399135992,203.644158562509,63.7094651342612,0.00605657237936772
173,4555,136,52,164,52,0.00286189683860233
173,4555,0,117.140787061714,57.8713100326687,124.953275862236,0.0121797004991681
173,4555,163,39,172,39,0.000732113144758735
173,4555,15.1866992866876,101.774635705475,38.1127783488126,125.845042379075,0.00672212978369384
173,4555,24,88.9999999999999,0,88.9999999999999,0.00312811980033278
173,4555,17.307949755659,69.2136243333061,25.3314733540783,95.206362991994,0.00612312811980033
173,4555,14.9312906571352,68.4641170661231,2.01540580177518,70.1201540563451,0.00179700499168053
173,4555,21,87.9999999999999,0,87.9999999999999,0.00252911813643927
173,4555,235.185462703291,130.44230094666,231.758457320849,124.131159808248,0.00212978369384359
173,4555,8,68,0,68,0.00119800332778702
173,4555,15.2755887599582,69.801692575966,16.9755018970848,97.8804011366829,0.00366056572379368
173,4555,159.966551019206,150.61910067736,169.925250953788,167.242904646222,0.00778702163061564
173,4555,177.703132679671,168.206068333441,185.782362779569,179.845214193574,0.00219633943427621
173,4555,20.7669310194277,99.0294889141955,21.7789341124022,107.027970229993,0.00126455906821963
173,4555,7.97935364819249,79.1182964530834,1.98734520792187,78.0725075805793,0.000798668885191348
174,4581,71.1505756611201,92.1193139407963,88.8019472166519,69.843065885342,0.00384967919340055
174,4581,87.9464594203379,130.34242709318,111.831601953418,134.077015862588,0.00494958753437214
174,4581,45.7069687307891,143.437764847384,67.8334552432057,158.248804300773,0.00244424075771463
174,4581,56.8204364651915,128.475928916377,49.0941929867354,141.794917678234,0.00409410326917201
174,4581,55.2640591981745,70.7662995790798,21.6781348924703,56.7724944758329,0.00653834402688665
174,4581,178.929793784952,130.861235459368,165.853651166401,129.795294118133,0.0028719828903147
174,4581,161.853920255151,55.1776794396223,153.54040525016,48.3426953057946,0.00116101435991445
174,4581,2,91.0000000000001,23,91.0000000000001,0.00219981668194317
174,4581,35.0404012862863,49.289911303398,84.2066201181137,69.8932596860087,0.00647723800794378
174,4581,173.031407189891,161.498388308381,171.750757354866,169.2878389282,0.00134433241674305
174,4581,168.831111025815,168.108360998243,158.642841362879,152.229156856666,0.00177207454934311
174,4581,220.963251370061,180,240,169.288285881273,0.00849373663305836
174,4581,61.3659722518217,0.0132397100404944,7.105427357601e-15,77.8826381816892,0.0928811487931561
174,4581,173.586758471522,171.096908879519,174.128087407926,178.991216782884,0.000549954170485793
174,4581,25.98339486362,136.022918209216,13.1824738914964,126.748151732931,0.00109990834097159
174,4581,196.701128673942,164.877986370821,192.980358231718,173.991981286853,0.00073327222731439
175,4608,188.926328436755,40.1266264321236,146.368606114074,15.3664410658816,0.00900621118012422
175,4608,212,146,48,146,0.0188664596273292
175,4608,0,125.953683010098,60.0189230799565,134.872659960138,0.0229037267080745
175,4608,142.801589330308,95.7567525037377,200.009059667976,99.8741233905672,0.00923913043478261
175,4608,125.954749790323,6.23639884338258,95.9071916296642,0.484855021888182,0.00590062111801242
175,4608,58.3794072635878,56.8817382210732,58.9046497354864,63.0081747372224,0.00263975155279503
175,4608,25,14,22,15,0.0180124223602484
175,4608,92.7105930196187,74.7076447983024,73.7480975396206,93.749142672605,0.00527950310559006
175,4608,73.5456011200691,140.368227164067,108.511875760086,170.565218112637,0.00815217391304348
175,4608,63.18452821086,56.6400703771242,118.765276016065,89.6626045930494,0.0229037267080745
175,4608,57.4819710362723,75.2962614667941,22.4775456460238,61.3073351002322,0.0177795031055901
175,4608,49.7310498614754,146.156160371235,62.113028541167,135.441938918433,0.00760869565217391
175,4608,164.046761103949,18.4895143800768,128.889943814083,21.8478867889403,0.00489130434782609
175,4608,140,120,114,120,0.00481366459627329
175,4608,0,76.0845016072118,20.0850035391478,78.1885760583836,0.00993788819875776
175,4608,69.0516972665504,151.124144884468,14.7713868863879,112.319788599837,0.0133540372670807
175,4608,49.3819421893014,142.467027693212,75.0825679380804,160.884782499399,0.00527950310559006
175,4608,68.9648250570545,161.587462793301,47.5807009396165,147.643004027639,0.00574534161490683
175,4608,128.89800299934,73.8258540184915,73.417590364404,37.5046911640312,0.0319099378881988
175,4608,120.265543113962,56.6001787820317,149.328163276292,43.741712456911,0.00427018633540373
175,4608,123.529011624282,31.7887264299987,144.731426314958,44.4497587938809,0.00590062111801242
175,4608,128.443986315001,40.861738940187,119.703333783243,45.3651098885077,0.00209627329192547
175,4608,222,145,55,145,0.0166925465838509
175,4608,168.38904348072,101.561494195608,177.181959560236,1.51001798490842,0.104425465838509
175,4608,99.4320791084914,95.3971639973458,81.6819874546934,114.707685164087,0.0047360248447205
175,4608,0,40.3381053753823,32.4122730435993,52.5587962121305,0.0150621118012422
175,4608,0,136.820585645987,41.7181606088506,140.340433980946,0.00954968944099379
175,4608,3.50164174862312,74.2888582064471,17.86878613916,99.0760541245149,0.00442546583850932
175,4608,6.23285107500631,86.9657918211077,5.06127322461799,78.9909983433446,0.00131987577639752
175,4608,87,154,68,154,0.00194099378881988
175,4608,178.077285085867,47.8336692378754,170.791643894514,44.4484180800236,0.00131987577639752
175,4608,11.1763648073476,61.9399888013929,17.1380754561984,73.50606845207,0.00326086956521739
175,4608,86.9992136440175,90.4706101621347,64.999275067899,90.4338498354223,0.00357142857142857
175,4608,14.8866199507874,84.9452596079413,18.3969884360581,77.6744722305412,0.00116459627329193
175,4608,11.8663470826967,76.7962797352931,11.185960035859,83.9222758136378,0.00100931677018634
175,4608,136.051900006825,148.834192730179,126.374083114686,145.804899965786,0.00186335403726708
175,4608,91.64947382432,107.169988357512,142.769398224253,115.427577177714,0.0105590062111801
175,4608,49.8462373015291,0.319148544156371,125.996363922635,37.0075470111343,0.0137422360248447
175,4608,93.8364867351614,154.570068071146,99.2014384903053,152.529650232157,0.00147515527950311
175,4608,0,96.3985427105223,24.9430464902143,97.9285116735607,0.0121894409937888
175,4608,81.9436218834246,144.045710876144,141.430918607178,134.76086148055,0.0165372670807453
175,4608,52.7604995570799,117.008281206119,53.2106578927951,130.027293079747,0.00333850931677019
175,4608,54.8143590705804,61.2302417195756,40.9550938956093,50.0556949306744,0.00287267080745342
175,4608,26,131,26,137,0.00108695652173913
175,4608,113.326126770502,149.638030103799,120.314243341675,135.113435723001,0.00201863354037267
175,4608,108.921714453961,149.19414973063,110.30179658267,142.642290804258,0.00178571428571429
175,4608,81.3836641605887,155.858686509671,70.3519458630936,160.787697147185,0.00271739130434783
175,4608,7.20907606100451,69.964857412565,7.96490758649261,52.9540084401905,0.00372670807453416
175,4608,57.2462044046945,129.934059003363,36.1035382435497,112.871701520701,0.00559006211180124
175,4608,121.945916996274,176.101979393684,107.707772712329,168.551026377269,0.00279503105590062
175,4608,66.5835041598887,80.2481068057812,72.1120935759282,89.5289263553034,0.00209627329192547
175,4608,22.00293068307,42.9777028562654,3.92099849990683,40.6010570780719,0.00240683229813665
175,4608,0,67.1063131756054,21.8530867396518,72.5859030172636,0.00427018633540373
175,4608,205,124,213,124,0.00108695652173913
175,4608,0.03138855597005,62.2632712489517,10.0087885828945,61.0737141650402,0.00194099378881988
175,4608,112.825060722373,96.2174920106591,76.3550526734123,66.8829116561191,0.0114130434782609
175,4608,67.6710816856546,78.2794233458789,69.8220462135895,88.5092634678234,0.00178571428571429
175,4608,3.93786806123246,86.2493019758244,0,85.2678922760172,0.00100931677018634
175,4608,169,33,167,33,0.00062111801242236
175,4608,90.9967907670362,141.101151370272,98.7078350969653,158.23122379067,0.00295031055900621
175,4608,2.47721918320756,77.036660825811,3.24483651951205,87.9828304545506,0.00116459627329193
176,4634,0,99.2216539048162,25.9455045337193,100.861973637823,0.0138949196699957
176,4634,91.3706029862309,83.7040434681767,71.3592180282482,81.8253107311763,0.00705601389491967
176,4634,91.9754201269977,78.0760401129928,74.2149623753,72.3349939885571,0.00336517585757707
176,4634,49,148,190,148,0.0231220147633521
176,4634,92.9764689454638,137.345836598064,126.887516258084,139.653176851118,0.0109639600521059
176,4634,0,43.8030136702066,25.8194703524993,52.5338740597625,0.0103126356925749
176,4634,0,40.6029006142031,6.81020620131243,46.2297100889234,0.00510204081632653
176,4634,57,130,2,130,0.0111810681719496
176,4634,0,78.6035292742785,22.9365822906074,81.5018686030703,0.00955275727312201
176,4634,0,70.4160934008745,22.7977822785866,75.8486144059695,0.00542770299609205
176,4634,108.495437525649,20.4141359514083,115.826437151017,47.0477737660071,0.00651324359531046
176,4634,113.556362582589,38.7378771487649,111.878629972227,47.9779627090913,0.00151975683890578
176,4634,28,11,22,15,0.0250759878419453
176,4634,5.63824733420293,61.8227901413164,8.17297222504152,70.951974129913,0.0036908380373426
176,4634,41.717216389519,58.7764599402566,91.9713022993969,77.0787974057545,0.0131350412505428
176,4634,60.0052084543061,157.788885427077,51.5790686427979,117.668362914466,0.0123751628310899
176,4634,76.9369236527843,162.181317988298,61.9263241977744,161.379828641214,0.00510204081632653
176,4634,64.4754258919802,90.9115403680338,90.6590539866424,78.2925575880585,0.00488493269648285
176,4634,55,129,0,129,0.00597047329570126
176,4634,100.270410868662,154.781145463019,89.2110257288883,158.609597504408,0.00249674337820234
176,4634,83.6683083519233,115.322418649361,97.3532949944795,105.491814887193,0.00466782457663917
176,4634,78.3842180721012,103.196355532682,89.9287210726996,109.138482367176,0.00227963525835866
176,4634,27.5116946720891,130.963303688543,26.5981074214877,143.120098316216,0.00325662179765523
176,4634,69.9336668444491,87.967478839504,72.8866003589671,81.9444035505986,0.00249674337820234
176,4634,50.7333747104806,146.838966001162,68.5254201039083,152.493318200887,0.00293095961788971
176,4634,48.4104998039564,149.962077139829,55.0001304013341,153.999787182187,0.00173686495874946
176,4634,57.8160349671923,77.4661212081221,23.9590646602526,64.1037198739714,0.0161745549283543
176,4634,44.6617788858998,128.216354794932,56.4397843111729,121.808327021349,0.00293095961788971
176,4634,20.1997739162492,117.928332060622,17.5188009823184,110.455137393448,0.00358228397742076
176,4634,63.2259249697335,135.131742684491,58.1657021457994,145.084249107163,0.00814155449413808
176,4634,17.8029810736306,129.474968014207,0,127.096933925659,0.00575336517585758
176,4634,134,151,70,151,0.00727312201476335
176,4634,76.3834632071811,161.572421084242,87.9031458860429,153.855419409512,0.00390794615718628
176,4634,117.91493629518,38.4351760333769,157.080829417089,32.5367082479693,0.00488493269648285
176,4634,2.2983186217075,75.9106205347627,0.110811591600582,89.367800146054,0.00314806773773339
176,4634,3.1257251017204,89.1014877741917,1.94044930754183,78.8908305532386,0.00249674337820234
176,4634,0.0223106574001984,69.7275775748172,5.0788845653877,69.5725212729401,0.00217108119843682
176,4634,158.257256288528,34.2970772078789,129.961131255964,58.8003238809159,0.00488493269648285
176,4634,84.8934721697637,94.390962960991,71.1001052286612,90.6326083379222,0.00379939209726444
176,4634,66.2716288793909,98.2021532566878,87.7065991177364,82.9960423934384,0.00575336517585758
176,4634,163.046636133061,140.120248948788,151.152125631502,151.233157815588,0.00347372991749891
176,4634,84.9824694485458,72.8217971847074,93.0032229666668,72.0327623312435,0.00173686495874946
176,4634,221.097407907005,156.013714346773,218.139913344836,177.01969881284,0.00434216239687364
176,4634,143.031127897004,4.94949912945491,154.129300024531,11.7902279167976,0.0023881893182805
176,4634,43.7860694056836,0.458845191727552,105.821804781437,29.3821988130671,0.012266608771168
176,4634,49.8810801741712,59.1932833785652,43.0180222837216,54.970707929793,0.00195397307859314
176,4634,59.7106319446446,9.65388243911879,37.9829417848973,0.0385462980171845,0.00325662179765523
176,4634,227.100161303828,88.0652009871838,212.576989354483,110.375596902886,0.00347372991749891
176,4634,41.9850432463306,177.028704355834,46.7369873106175,179.504762597003,0.000542770299609205
176,4634,218.745227765076,103.867633943872,215.031207275734,111.016213634946,0.00141120277898393
176,4634,173.480903672971,154.087756210259,171.682665824124,163.942092260413,0.00097698653929657
177,4661,22,15,19,12,0.0668209430141741
177,4661,0,101,26,101,0.013595603124096
177,4661,83.1700549396942,18.6370012652009,43.3875711618971,0,0.0115707260630605
177,4661,75.0251351940156,11.4458257723078,81.5316596051249,0,0.00665316748625976
177,4661,66.1377844903324,138.926030693375,52.8539601302629,153.670319965052,0.0141741394272491
177,4661,62.3287403818982,135.077119403805,60.4455852769519,143.104530117974,0.00723170378941279
177,4661,141.961266076899,27.4254948832057,168.01842980191,29.7975473232948,0.00809950824414232
177,4661,173.037069587052,32.9463504987114,168.926620224904,30.1061999512698,0.00173560890945907
178,4687,58.475418187875,127.303528889746,0,132.688466378948,0.0292222388730706
178,4687,21.5764656666011,123.149025472429,18.428082047161,114.201235971658,0.00314701034017683
178,4687,4.14087376560372,44.2332073469397,0,46.7345885765849,0.0028472950696838
178,4687,0,82.5108870521827,21.9324342020861,84.6824147100671,0.0121384684549678
178,4687,57.8429040810673,80.4249185365316,22.8233210925746,67.4778872887929,0.0161846246066237
178,4687,21.9999999999999,15,20.9999999999999,18,0.0346171137419451
178,4687,2.35293536655477,47.7756772781345,30.9309034831108,58.189614929787,0.0170837704181028
178,4687,69.1967507628767,166.621197840998,82.4507901766535,162.423272166197,0.00524501723362805
178,4687,121.764825180377,10.3971423371022,104.207055119921,0,0.00419601378690244
178,4687,37.6324195180441,60.0192546494137,87.0564833971627,77.8433786123071,0.0176832009590889
178,4687,0,103,27,103,0.0106398921025026
178,4687,58.4259172885927,140.866212698453,54.7347302811606,156.705134786244,0.00749288176232579
178,4687,179.983818309873,37.9867912116833,174.155479191227,45.1269145378819,0.00179829162295819
178,4687,69.9754746040607,168.942475534939,82.1380699420525,174.708775315646,0.00179829162295819
178,4687,5.24248584994574,76.9640965463155,5.76267782583823,65.9887517801645,0.00404615615165593
178,4687,93.8726936526043,5.08154447328125,96.17241616827,1.09957621933379,0.00344672561066986
178,4687,93.1584885861891,0.403058580592864,76.0510938645881,7.12993882419593,0.00419601378690244
178,4687,66.0263096145008,139.43819142664,59.1594207540574,149.113150310334,0.00719316649183276
178,4687,60.5223726891279,146.843620499167,61.8401629577483,144.465575019086,0.00299715270493032
178,4687,10.3146257160787,69.947864732727,11.4970156944413,77.0833473548547,0.00329686797542335
178,4687,37.0463454104944,0,105.98968279838,31.0229282776227,0.0164843398771167
178,4687,87.1518882770998,0,76.6812228825883,4.20651442072884,0.00269743743443728
178,4687,43.0578129893074,146.14721732214,39.8738146794,125.769711427801,0.00539487486887457
178,4687,25.801043574928,133.413627552954,36.311506416597,147.771973978086,0.00449572905739547
178,4687,0,104,27,104,0.00689345122133973
178,4687,1.51801951010596,82.0262133854577,8.39499605166026,92.746615991861,0.00329686797542335
178,4687,182,49,175,49,0.00149857635246516
178,4687,161.78978320312,27.3565650511561,186.903960123225,42.1629007010066,0.00419601378690244
179,4713,0,72.9204836211552,10.9994784065747,68.9985371407674,0.00441651095634449
179,4713,93.805634754859,80.5571342806016,48.1315267409541,64.622987864172,0.0157975199592322
179,4713,17.9638223075728,15.8222349590294,22.000159440633,15.0007834377693,0.0394088669950739
179,4713,63.7585507270204,157.800441064936,69.8824002084774,138.213852772549,0.0144385935111262
179,4713,3,136,49,136,0.0112111431968745
179,4713,0,105,29,105,0.0139289960930865
179,4713,56.8841942803167,157.45801550052,65.7380312944501,143.467044702378,0.011550874808901
179,4713,1.11022302462516e-16,48.8624356528608,31.9294993801144,59.2173886732753,0.0157975199592322
179,4713,66,89,80,89,0.00271785289621199
179,4713,23.2077541844897,69.2339310649347,58.7078600373933,81.8237601575157,0.0188551044674707
179,4713,0.00240915197351403,75.0124254766012,10.9775994773458,72.8844667446656,0.00356718192627824
179,4713,79.5450726931073,165.516071841879,74.1845391380044,160.79065786686,0.00356718192627824
179,4713,12,84,0,84,0.00407677934431799
179,4713,78.0015614826706,166.201480273484,67.0022221394182,166.286725729409,0.00560557159843723
179,4713,132.132256361445,137.54801621249,91.5643730036196,147.3385306574,0.00968235094275522
179,4713,223.640425616909,155.023620903347,223.308928375323,164.011394246423,0.00339731612026499
179,4713,153.609247060357,39.864785809589,132.792677278989,30.4588314736667,0.00492610837438424
179,4713,91.999686026452,25.0007027060486,36.0454659216413,0,0.0112111431968745
179,4713,29.5570279606691,124.424815950815,32.1168112619871,84.9145982958603,0.0261593341260404
180,4740,159.048085473203,46.8914013288811,172.138355987224,52.6875298223583,0.00223507757033921
180,4740,67.1938859825795,169.79075995668,71.886771362151,151.711043347002,0.00374704180909808
180,4740,42.2265016766612,68.4657639766254,92.887714881268,84.3579433756047,0.0147252169339995
180,4740,60.0381098837653,74.3430283012881,78.0236279062036,73.8326697327924,0.00368130423349987
180,4740,0,56.6436380532914,30.9192263193957,64.3251270317837,0.020773073889035
180,4740,12.2844198028093,4.42791214188067,144.52007257973,145.254515203743,0.179463581383119
180,4740,159.781347519333,29.3937455534548,184.831067907314,43.3042099505487,0.00479884301866947
180,4740,0.131188370134235,82.1053339214594,7.2687776403343,73.2158072611775,0.00400999211149093
180,4740,16.297825555581,72.009641044073,58.0876628199393,86.6111321163232,0.0184065211674993
180,4740,17.2307525408761,64.6580706263465,38.3827258182671,89.3835348055086,0.00506179332106232
180,4740,40.9625720418664,8.37333538625826,41.6744700204126,0.817268829800523,0.00216933999474099
180,4740,66,139,0,139,0.00631080725742835
180,4740,0,92.4249386006909,23.9486580414492,95.4116768541964,0.00644228240862477
180,4740,148.788184214428,0,152.681344071009,3.16078362076231,0.000986063633973179
180,4740,224.665873953999,154.034423592216,223.580468157952,175.030008380781,0.00262950302392848
180,4740,177.256657142111,42.4706311571314,161.971087049439,35.0596344799,0.00157770181435709
180,4740,156.149476919031,24.0469459137004,156.477326945535,16.0194945624579,0.00157770181435709
180,4740,166.833296816467,163.062547428459,164.941984318865,158.02176762068,0.000460163029187484
180,4740,117.671090249369,57.7673408843786,185.821118269013,29.2313335981906,0.0334604259794899
180,4740,183.410766207889,43.2466645319155,170.255710073213,65.1535535404414,0.00374704180909808
181,4766,92.4283240881199,73.3854462133035,89.1059227541136,65.6636390118998,0.00316205533596838
181,4766,174.056689671817,171.595064995074,142.705890473483,0,0.227931488801054
181,4766,162.095520269726,62.0085498957746,125.142857089824,65.5083552785756,0.00342555994729908
181,4766,21,15,26,15,0.0158102766798419
181,4766,17.4573399294118,0,19.615378016803,6.13528768839274,0.00191040843214756
181,4766,0,115.726241464501,52.6364793112425,122.03364778497,0.0196969696969697
181,4766,0,93.9239074961082,21.9747476453646,94.707850280993,0.00770750988142292
181,4766,28.0165746472003,104.97413920273,6.77092249401234,91.3574209978578,0.0038866930171278
181,4766,172.175196914503,48.6951337374351,163.818921353499,71.3026922386276,0.00368906455862978
181,4766,14.7325356005568,3.02370722443451,14.4645234615838,0,0.00118577075098814
181,4766,6.13806076082941,3.46944695195361e-18,13.0955950826894,1.57870020838735,0.00131752305665349
181,4766,33.9959048231066,68.0138659074214,94.991605448475,86.0284232103568,0.0104743083003953
181,4766,24.5179016318009,77.5940863897907,59.9099716601962,88.29768395963,0.01133069828722
181,4766,148.575315737272,48.9826565187373,130.065364451147,59.8196744064648,0.00276679841897233
181,4766,206.448478473075,77.2234568923151,193.085652939113,104.04267705306,0.0069828722002635
181,4766,7.8268184169035,105.0321788578,5.75100146424793,93.8604564706382,0.00210803689064559
181,4766,0,142.343136863423,72.9166522612911,149.813535933392,0.0191040843214756
181,4766,220.059637727658,122.418593577428,207.03898980724,124.273667081842,0.00144927536231884
181,4766,162.199373767469,148.658192652831,169.970849674305,145.151710785444,0.00197628458498024
181,4766,8.36152841816775,62.462803909458,0,56.8999872185971,0.00375494071146245
181,4766,200.780719778281,103.157187406096,207.078966839843,111.943393924791,0.00191040843214756
181,4766,92.0399885850734,117.511891687782,97.8694826368834,71.5039372939172,0.0240447957839262
181,4766,69.4500461859565,94.1198859957577,72.24612288715,106.946346971962,0.00276679841897233
181,4766,64.5975653486046,132.13837295394,59.1738114056694,144.514418302492,0.00428194993412385
181,4766,184.508965086527,43.2796340092007,165.142451692684,78.5288484856708,0.00961791831357049
181,4766,24.7347002838744,133.048012934038,17.7101839038564,94.2334260136053,0.00625823451910408
181,4766,15.0953044209682,95.5370480116795,19.1665160549886,113.963208716608,0.00263504611330698
181,4766,211.997833708026,164.288353835343,232.996648547164,164.446109892244,0.00164690382081686
181,4766,92.6538895405536,180,115.240705350152,148.309772460478,0.0326086956521739
181,4766,70.6335974873833,156.917762847395,68.7323148759838,165.388809131789,0.00197628458498024
181,4766,182.803133928589,42.3755913866775,157.84579004477,29.2942098174112,0.00276679841897233
181,4766,32.780036234741,89.6348644916767,47.2542202360706,79.8565354458898,0.00204216073781291
181,4766,215.458137069231,106.476666164611,227.191580219248,95.1993285731662,0.00263504611330698
181,4766,229.237060413482,152.840166780699,227.262688944827,162.264528991015,0.00309617918313571
181,4766,185.97919252046,62.990904946039,170.407603188579,98.6152704334494,0.00586297760210804
181,4766,22.8735355598631,95.0149207266806,27.2201823226205,131.856038528169,0.00685111989459816
181,4766,62.0385149284664,133.858318851393,49.0198560383434,134.442498862199,0.00217391304347826
181,4766,62.5712102673865,130.34771827325,49.8554251502787,135.737113936231,0.00289855072463768
181,4766,182.052422422431,111.1764803869,183.058392663908,105.177481534826,0.00158102766798419
181,4766,3.54315725789248,58.4126759952553,29.7164500173059,66.8768099327989,0.0075098814229249
181,4766,8.46021125763059,96.8330547502534,11.0530905954785,103.980740969339,0.00125164690382082
181,4766,193.911580039683,110.432545331654,217.942093947501,149.036046269538,0.00527009222661397
181,4766,27,88,17,88,0.00125164690382082
181,4766,28.7690815336421,3.46944695195361e-18,28.0802949257516,6.12155292721905,0.00223978919631094
181,4766,19.7255101235994,0.314744625381508,25.6102803952178,5.44687313288008,0.00158102766798419
181,4766,192,101,170,101,0.00250329380764163
181,4766,140.585489611464,64.4812519250488,162.180339513794,47.2256898215481,0.00237154150197628
181,4766,228.477926459931,98.5184690453106,214.886778195721,111.046833920829,0.00217391304347826
181,4766,51.5045002119182,154.261983780828,43.9717197583783,140.014952508156,0.00296442687747036
181,4766,9.17245102277901,93.9181538559418,13.9651884568081,104.016521737784,0.00158102766798419
181,4766,10.8731132282194,78.6750710421647,5.24096917212191,85.9594887870695,0.00276679841897233
181,4766,11.7046056709893,87.2198879970902,10.8502877900497,78.3017276380372,0.00191040843214756
181,4766,146.803090935887,1.25009854816295,151.833891475745,5.21097810271382,0.000988142292490119
181,4766,25.3380995752388,88.4300926238955,1.76048618258832,77.51749014019,0.00316205533596838
181,4766,184.06363127103,130.971406776709,186.978826225047,137.458872646956,0.00105401844532279
181,4766,184.226164139145,132.079057260906,182.762411915302,136.266506431717,0.00144927536231884
181,4766,237.920678599287,145.032764055573,226.498936323273,117.380857718669,0.00474308300395257
181,4766,171.855425396298,158.913806639557,168.869494504358,163.922194445376,0.00072463768115942
181,4766,166.470737221371,158.663669710442,176.810454616934,173.135425563726,0.00230566534914361
181,4766,216.800210950557,104.459425082724,227.299573120205,86.1719939041527,0.00428194993412385
181,4766,48.8006568216918,154.524241418305,47.0118729218181,150.431917361353,0.000988142292490119
181,4766,24.16609352145,168.67837609151,48.8078369600284,156.84899619207,0.00447957839262187
181,4766,109.868705182394,176.365493511162,119.680266269594,179.890062577444,0.00138339920948617
181,4766,179.340510141999,162.464544520326,176.44880164059,170.808986019983,0.00144927536231884
181,4766,19.2854892440851,1.57261037911164,23.7777496190355,7.17811190923058,0.00111989459815547
181,4766,228.033200464069,166.053532581434,220.463880112657,170.747962433739,0.00158102766798419
181,4766,76.55925049042,168.019623664919,82.562513951152,147.019482239243,0.0080368906455863
181,4766,63.9649861266235,160.416600639865,66.7767492033664,153.903618899628,0.00118577075098814
181,4766,202.560191972404,103.498734142018,197.369549725622,109.32900697336,0.000988142292490119
181,4766,191.711946306477,102.865499271201,204.593721320727,75.2772259205043,0.00494071146245059
181,4766,229.480538196074,157.204190958546,235.437253137262,143.18579821116,0.00217391304347826
181,4766,232.008643611346,146.938967718204,226.126620775812,146.105934480296,0.000658761528326746
182,4793,103.000504521288,149.162273866347,134.006422953607,149.065874204046,0.00644821687064087
182,4793,130.002165547768,151.991292434904,99.6416953522067,144.440726033187,0.00322410843532044
182,4793,143.737507163354,52.822709186736,125.700583587748,26.2028769716288,0.00565863929464403
182,4793,24.5755781273759,82.4101128767154,61.2619459412989,93.4521345364502,0.0213185945519147
182,4793,36.9366603877892,4.96615318326821,32.3070988110491,13.629734083663,0.00302671404132123
182,4793,66.4751020925609,0.300788197857768,52.9782743738826,21.6193476950281,0.00539544676931175
182,4793,103.285059957199,136.822978740259,165.574858467498,18.1236744279608,0.0363205684958547
182,4793,89.1565038478683,0.490631104896183,103.813982777399,25.6898631829912,0.00750098697197
182,4793,69.9735694016893,17.4319183934761,168.807954265923,23.4799403464334,0.0474404526911436
182,4793,79.8995519172361,75.1392899356782,91.6819266035279,103.230568904861,0.00769838136596921
182,4793,0,110.108092394249,10.6373620950858,121.295627072131,0.00500065798131333
182,4793,0,147.69363468761,66.6445997406938,151.786716901789,0.0280958020792209
182,4793,99.529209066152,180,126.293193762876,146.685905318165,0.120542176602184
182,4793,73.4195149725977,27.8836750462667,75.4232902272719,17.8844315796906,0.0024345308593236
182,4793,58.2107897592923,3.4045408735238,64.7446742494452,0,0.00171075141465982
182,4793,21.9999999999999,15,20.9999999999999,18,0.0157257533886038
182,4793,9.28865958820744,57.5690913290194,15.8635700145176,68.0852983336685,0.00421108040531649
182,4793,67.851573358011,104.714624286876,97.8002823761503,107.307137612095,0.00467166732464798
182,4793,0,62.7481447158104,87.7533868749427,88.2839637760736,0.0338202395051981
182,4793,0,4.65064487104419,55.1155477663512,16.960124344486,0.0252006843005659
182,4793,9.39442001849408,0.520327757478354,19.0788429219209,11.7914786012746,0.00388208974865114
182,4793,176.533720330207,166.731567134228,180.552534571716,174.722104574007,0.00171075141465982
182,4793,2.9920937646937,120.218096275524,1.45568864469499,113.117781074428,0.00177654954599289
182,4793,0.915698915724638,120.128382274029,0,112.394500515847,0.00151335702066061
182,4793,21.0923882251082,76.4033317283037,145.480201247043,89.803411966433,0.0543492564811159
182,4793,229.68078883858,154.996604135784,229.467820586717,175.015615116286,0.00335570469798658
182,4793,149.166102939284,174.654052219947,137.073107648717,168.847736416421,0.000855375707329912
182,4793,14,34,4,34,0.000592183181997631
182,4793,26.2293836775153,134.027561145976,50.3608784398452,97.5068320120718,0.0324384787472036
183,4819,0,150,55,150,0.00909937665687469
183,4819,228.842618892873,116.032373136515,240,137.278994121116,0.00644837715841513
183,4819,88.0728905422326,159.901162442249,113.989567489303,179.014146195746,0.0049437558214516
183,4819,115.622169707503,152.147530292651,115.917380453551,148.901539784784,0.00150462133696353
183,4819,5.28781665600966,0,2.79747217438485,8.65394890020075,0.00365408038976857
183,4819,94,179,76,179,0.00272264813355306
183,4819,91.6369422218037,177.680759033552,81.3317576147311,124.839822061985,0.0331733180482912
183,4819,55.7199133944707,24.0977552544482,51.754668684991,12.7366070784214,0.00257935086336605
183,4819,46.6177617406848,9.35602909027354,50.4276453071788,24.1474238751718,0.00300924267392706
183,4819,139.874125601458,151.089156348675,109.511072171197,108.221417312516,0.0133982947624848
183,4819,82.357029503225,168.367975808721,81.5358979153813,99.0460369285403,0.0775954718062621
183,4819,61.5151498561145,95.7473974561323,26.4408081867408,86.0153244549924,0.0126101597764563
183,4819,85.4793623571036,11.9332271275113,84.7999317216121,17.23084502816,0.00272264813355306
183,4819,81.655234813472,16.3065312802693,84.5863270411963,0.478959319052823,0.00358243175467507
183,4819,227.234723720857,152.059893990042,193.183534551955,107.337479129486,0.00838289030593967
183,4819,2.33850900093915,79.3984958481284,39.5201408744516,73.3596997319968,0.0113921329798667
183,4819,14.3466417710996,64.0344484066219,14.7174668472766,71.0676217450042,0.00164791860715053
183,4819,193.64033856656,118.546002452626,181.605112246822,101.570977775993,0.00386902629504908
183,4819,17.6149122232875,82.4055341201689,9.6827227805829,95.8122808568173,0.00351078311958157
183,4819,167.903035435712,130.046937494335,181.792090305919,144.107684840779,0.00601848534785412
183,4819,194.056335602456,114.96648163246,204.841844424615,133.094098873059,0.00551694490219961
183,4819,184.07263988377,123.75636931055,206.193275464876,130.351763352065,0.00257935086336605
183,4819,184.87259146707,67.3222140470327,172.264304071789,101.4668582573,0.00523035036182561
183,4819,190.1466318118,99.6926433343422,231.731919779037,136.165486085416,0.0103174034534642
183,4819,233.464194460568,144.003994025818,233.368714821724,179.006461374093,0.00888443075159418
183,4819,186.867339014402,176.124338077174,172.368320028738,160.654787698495,0.00694991760406964
183,4819,4.2468823012032,4.96038147627602,35.3340600547628,34.4206336594157,0.0143297270187003
183,4819,27.8035951388816,15.875321955354,30.7623808248024,11.2143578427675,0.00179121587733754
183,4819,109.499158359684,174.250481595822,117.119950771087,159.063807991802,0.00451386401089059
183,4819,67.9983752751112,80.0028593537251,121.275233215915,110.275517238775,0.00788134986028516
183,4819,0,66.2006054998642,76.8002771185079,86.7465592886643,0.0123952138711758
183,4819,240,16.620507748235,209.006591390021,0,0.210432041269614
183,4819,213.981386948719,112.413747075755,220.928281212937,124.042842783566,0.00279429676864656
183,4819,210.09929468739,111.020028215912,195.964540621977,96.033443883981,0.00386902629504908
183,4819,165.874703547511,79.4517214731835,183.526202712993,45.2717458565047,0.00386902629504908
183,4819,15.4261867134668,77.3760511711346,0,94.8588735139067,0.00451386401089059
183,4819,1.10173957566681,7.58832560153338,2.75873129681437,3.97282244637357,0.00114637816149602
183,4819,0.556835263413238,8.02443842913552,0.333891246981041,3.98158748450709,0.00121802679658952
183,4819,13.3763858049087,10.5526085013214,14.6912968610038,7.27755046656619,0.00121802679658952
183,4819,7.72008440846502,10.0142239154835,7.70701822044655,7.00127056564545,0.00128967543168303
183,4819,18.9810682233009,97.2531665089249,25.9945747103317,97.3591206161762,0.00222110768789855
183,4819,201.92703699998,73.1690142701801,228.209363280409,84.5150229290029,0.00773805259009816
183,4819,11.4836322401314,95.150904320001,9.28416358385192,87.6247135327727,0.00329583721430107
183,4819,13.9170647336397,96.2025049361857,0,90.5028143884964,0.00250770222827255
183,4819,169.770219228596,44.8298092272494,172.746109130422,40.8119517006413,0.000358243175467507
183,4819,220.477641178078,110.41667348434,215.382485457956,113.532035137272,0.00121802679658952
183,4819,220.554481087495,109.92641905486,220.180331014408,96.9371963184443,0.00257935086336605
183,4819,163.007683379957,39.9825752930277,160.964082711299,39.081454806918,0.000358243175467507
183,4819,193.9404599555,169.606571139863,173.043643831477,167.555373382241,0.00136132406677653
183,4819,183.090506858723,166.042034063268,179.502006609824,173.76871713409,0.00114637816149602
183,4819,206.796719966913,77.9123634010885,195.827351773482,103.35668183653,0.0048004585512646
183,4819,226.480075815937,155.613669191205,218.451374806682,145.636765718359,0.00150462133696353
183,4819,163.380178055953,74.1594009580353,168.050254346464,63.0210706295282,0.00121802679658952
183,4819,18,123,0,123,0.00315253994411406
183,4819,0,102,26,102,0.00343913448448807
183,4819,1.64558607138482,89.0851456055757,8.57329825917382,84.9636392639206,0.00114637816149602
183,4819,25,45,21,45,0.000358243175467507
183,4819,169.976122861096,101.018689426207,158.622092808458,86.5130673869989,0.00229275632299205
183,4819,147.48300509278,171.285401871247,143.382041122925,178.22574348181,0.000788134986028516
184,4846,156.96789889593,33.0729958584913,181.970053693051,44.0680959875901,0.00260636259103105
184,4846,172.10364070312,156.325957838893,179.62469561994,144.393755479704,0.00229973169796857
184,4846,0.689412507866003,117.868319628101,17.0543949854034,129.3480156188,0.00544269835185895
184,4846,103.060909366071,129.831101511735,97.9879490277109,130.945123049804,0.00214641625143733
184,4846,79.4043664278424,116.411141323677,82.1478320496069,100.367274514269,0.00398620160981219
184,4846,75.3035507106612,115.059592480059,78.2132603731681,100.238184896477,0.00291299348409352
184,4846,0,128.921008366515,39.0805480957064,126.126410109247,0.0200843234955922
184,4846,101.658326145041,55.3730863558709,150.128051385454,59.160077172881,0.0142583365274051
184,4846,108.474796758256,38.2045456285947,116.968092969629,60.0124265104728,0.00344959754695286
184,4846,194.241230161277,135.783075902408,186.189715767461,126.82939976727,0.00291299348409352
184,4846,2.96116159305739,96.0250323435375,158.970915328203,90.5916902068795,0.124492142583365
184,4846,27.2713173849067,14.7798863508167,33.9666794909943,21.0356619049742,0.00237638942123419
184,4846,0,107.375514447611,29.0158220937993,106.569778666158,0.0137983901878114
184,4846,96.2533344383583,99.12212401833,96.7266192078527,71.0122340501755,0.00950555768493676
184,4846,98.6637970215331,176.437096204629,56.3280759580482,143.873565873436,0.00935224223840552
184,4846,13.0802664484758,99.9073248118818,1.76976069124559,90.1112386529881,0.00406285933307781
184,4846,79.1323839099162,89.09167376225,84.4972780295891,81.3443571645946,0.00260636259103105
184,4846,72.9383031270312,86.0877133948233,76.5554616365143,88.631992629679,0.00199310080490609
184,4846,92.6926200763801,77.6886895310717,181.481193210079,93.8502303744222,0.00751245688003066
184,4846,40.1591514206188,141.582204858341,30.9689982419046,138.081384029529,0.00153315446531238
184,4846,48.9887633159108,123.336839885662,31.11841081843,136.832651987624,0.00367957071674971
184,4846,133,151,113,151,0.00329628210042162
184,4846,66,154,0,154,0.0105021080873898
184,4846,0,97.8982511129241,28.6571786734973,102.254973269645,0.00712916826370257
184,4846,34.7178720770537,99.8327613808056,55.7461797648928,81.705558000902,0.00467612111920276
184,4846,90,166,122,166,0.00268302031429667
184,4846,80.6709472098509,116.059862405997,111.65063834826,96.4481305304796,0.00835569183595247
184,4846,90.3884269304099,114.195036654072,121.286929731434,85.7411580021874,0.0123418934457647
184,4846,142.217466971672,179.881600751088,156.40297018558,160.291801606565,0.00567267152165581
184,4846,70.605996324406,160.751424847556,43.6706629253134,146.628095818568,0.00452280567267152
184,4846,126.974459092193,134.809689509938,162.996681416097,129.975272557509,0.00574932924492143
184,4846,30.0527069582725,112.031201230546,20.0056226288916,129.003328458824,0.00222307397470295
184,4846,28.5989412981162,89.6803077809119,64.6909525497432,98.2948100437626,0.0125718666155615
184,4846,112.835591009402,27.420873322967,74.7827985366946,12.5560176562239,0.00406285933307781
184,4846,64.0825550893637,173.862439997273,72.0945294381325,180,0.0259869681870448
184,4846,80.5635509060904,171.523463749586,84.3320987456697,153.067812835013,0.00390954388654657
184,4846,219.98950486456,140.007837565384,204.193400016831,118.855572585427,0.00344959754695286
184,4846,196.94588672849,115.595833731269,206.649706223661,132.763248695192,0.00375622844001533
184,4846,53.8147219947917,82.9907903040834,57.0444317403039,91.8299496751211,0.00367957071674971
184,4846,58.8217500054544,85.8558839561479,61.8696408514723,82.0860987736181,0.00206975852817171
184,4846,54,153,0,153,0.00919892679187428
184,4846,158.273289259078,62.9913600934874,158.202106319468,68.9786247368524,0.000919892679187428
184,4846,45.0265124150894,77.8010111315662,56.9481187849017,79.3893943365996,0.00183978535837486
184,4846,224.673396290963,122.88112600777,210.419761201933,114.302550521746,0.00252970486776543
184,4846,0,71.3362168576124,52.4333122928718,82.6307658313334,0.0157914909927175
184,4846,2.52501707297895,175.300335428582,6.52828864428516,168.302206927283,0.001609812188578
184,4846,15.2685836259958,151.825604725583,0.58817939765377,174.38279202115,0.00383288616328095
184,4846,36.2903500067186,80.3281308355602,0,112.440027147538,0.00559601379839019
184,4846,237.753720472556,178.982048924099,237.063429977039,149.998489312187,0.00636259103104638
184,4846,230.383789865753,112.712256592958,240,130.513181947816,0.00406285933307781
184,4846,186.679743972648,166.108926824016,185.067322908081,176.171035123892,0.00214641625143733
184,4846,9.48296536823913,98.5771120155951,13.5791763582573,83.8826913651668,0.00314296665389038
184,4846,26.6716802632702,104.245057748528,21.8985273865008,117.327821301842,0.00237638942123419
184,4846,18.8122749593362,116.042579720429,16.7729230178815,107.051505512426,0.00183978535837486
184,4846,144.316687887939,143.51721388899,127.780829112432,153.642050639038,0.00352625527021847
184,4846,70.9154813371813,152.986158581695,72.9888526399599,140.325709617471,0.00390954388654657
184,4846,229.489619689351,83.8425540514819,208.088958943432,74.7897037825491,0.00352625527021847
184,4846,10,12,26,16,0.00827903411268685
184,4846,0,124,8,124,0.000996550402453047
184,4846,90.0498943991763,90.5938441101123,80.94165596488,89.4749385481138,0.00206975852817171
184,4846,29.187380524845,115.889659933944,38.5004964469148,131.70527987869,0.00245304714449981
184,4846,0,69.8858574387626,27.9003674117457,75.495534057882,0.00498275201226524
184,4846,25.0733608380264,124.051685134032,28.7543649785628,118.826942012286,0.00114986584898429
184,4846,24.9608968986049,117.03090357443,23.7055093519842,115.442428861342,0.000536604062859333
184,4846,13.7232795970244,97.2172073315552,4.94957619291766,86.039579374941,0.00237638942123419
184,4846,0,155,57,155,0.0060559601379839
184,4846,51.0505809692871,166.615184076939,0.0122756499160843,159.906607848363,0.00513606745879647
184,4846,65.0713611017357,84.7874598687504,74.0647886738611,87.8070350245304,0.00153315446531238
184,4846,164,41,161,38,0.000536604062859333
185,4872,0,130,32,130,0.00722504682900723
185,4872,77.4585727011038,86.0951653191791,78.1705411814126,90.1457918974121,0.00254214610650254
185,4872,71.8405894616096,85.2976953774582,72.2987681197804,90.1602985305556,0.00227455177950227
185,4872,27.8176996534452,91.8226253988225,64.7755594845724,100.012781774718,0.0183302113995183
185,4872,36,129,0,129,0.00789403264650789
185,4872,8.28911392744306,92.9864974067723,8.71070583702228,102.013511010834,0.00441530639550442
185,4872,6.4201338790843,100.580685954113,0.425999399028249,94.5748318799201,0.00280974043350281
185,4872,0,73.8831485844382,35.8704305038165,81.602115978834,0.0184640085630185
185,4872,3.42821685099698,166.481905765377,4.54143140225734,163.182688584105,0.00133797163500134
185,4872,97.0683734333554,0,90.796234607804,29.9087217005724,0.0137811078405138
185,4872,93.968529078906,7.96097122772711,86.6774519802363,13.8401444299486,0.00374632057800375
185,4872,74.1009769076767,10.6224062685403,84.6163934277337,13.4344610106126,0.00414771206850415
185,4872,20.8710611459263,106.11153837171,3.64643733307225,116.408568916483,0.00575327803050575
185,4872,10.9987548905291,3.00364739363629,2.19994270139073,0,0.00401391490500401
185,4872,73.0138724995583,14.1460766335063,79.9513052987469,13.4872475577497,0.00200695745250201
185,4872,119.28311268217,60.314011429029,112.160702938394,44.0535675544572,0.00428150923200428
185,4872,109.480010089394,47.0238943029977,109.844740204071,54.961182942248,0.00227455177950227
185,4872,39.0210650843234,127.481432292864,9.03471899307129,128.793485759831,0.0105699759165106
185,4872,73.4606387484728,177.910082369654,87.2499895014284,155.778832828235,0.0104361787530104
185,4872,73.5768499822761,170.689674741984,80.1561498435341,165.186690831861,0.00388011774150388
185,4872,17.1277243996059,154.569937676204,0,158.408301776164,0.00749264115600749
185,4872,3.01083343549313,110.343025173876,30.0470309300555,109.489166845559,0.0121755418785122
185,4872,1.62578997264112,115.064301893757,0.428771401306823,108.098156323933,0.00334492908750334
185,4872,100.862484443644,20.2588520845927,89.0178614931187,13.9663784603706,0.00561948086700562
185,4872,59.9208748123348,86.2729845239148,70.6031177238928,89.3692570266221,0.00454910355900455
185,4872,0.0328719596511293,98.8761756406112,4.0175235772232,99.9339909835954,0.00133797163500134
185,4872,66.5017117869803,31.1907100933928,72.6995216462714,14.8857825221787,0.00508429221300508
185,4872,9.90791430428401,100.44772889286,26.8099540788829,103.924020274731,0.00454910355900455
185,4872,24,3.54549742898042e-16,50,3.54549742898042e-16,0.00401391490500401
185,4872,82,179,99,179,0.00307733476050308
186,4898,75.266726646551,0,64.6481161109158,33.8311659629396,0.0368141097424412
186,4898,81.3322124510169,102.746812112165,103.76394776946,132.179901642718,0.00566909294512878
186,4898,151.33645749641,70.5337107640635,160.748136820114,64.6004782428372,0.00167973124300112
186,4898,4,158,70,158,0.0107082866741321
186,4898,28.7025961777604,95.3852367618849,65.714145561068,103.331442462221,0.0177771556550952
186,4898,153.650663874387,180,162.990474316683,166.695306697847,0.00230963045912654
186,4898,0.019441980532953,114.312338210423,31.023804527868,112.382423160112,0.0162374020156775
186,4898,13.6392219028244,113.016175835053,7.68027634451265,110.900540956185,0.00223964165733483
186,4898,36.3405184065215,180,86.9204676941252,160.623530640337,0.0376539753639418
186,4898,56.3462536822224,161.795269557303,55.1119521637683,153.678826578414,0.00258958566629339
186,4898,35.5939035315972,148.414129678184,29.2074065710579,111.308535484587,0.0073488241881299
186,4898,31.8652472265893,133.038557723946,22.0403834874391,98.7023080246079,0.0062989921612542
186,4898,131.994821028895,135.966470695223,165.956852873067,130.720660119585,0.00475923852183651
186,4898,21.9999999999999,14.9999999999999,14.9999999999999,21.9999999999999,0.0174272116461366
186,4898,0,29.511968071792,64.7047573805976,31.215317299209,0.0314249720044793
186,4898,52.3331143594796,82.9550751840231,53.145701290145,88.9803502807336,0.00139977603583427
186,4898,2.37566393388027,73.3207644473952,5.84750081785294,80.0783493354687,0.00293952967525196
186,4898,0.36532808844051,79.9405032916695,1.11745866203493,71.9172670105323,0.00251959686450168
186,4898,66.3181860489746,80.0621081085112,0,98.8456852672223,0.0173572228443449
186,4898,20.7233467234167,99.2691108573573,18.5193652826565,105.193222464377,0.00216965285554311
186,4898,32.4157070007733,132.863837192458,0,135.63437325319,0.0204367301231803
186,4898,13.7654092945112,75.0573282499734,31.1176701478217,85.4703189669345,0.00566909294512878
186,4898,1.93193096907338,77.2759759533604,25.4856252729456,83.0854572740485,0.0110582306830907
186,4898,173.439402691616,157.653510422021,74.0193371366287,174.116775100735,0.0194568868980963
186,4898,86.522848908208,179.926465080832,89.8832244742879,156.267481546691,0.0109182530795073
186,4898,78.4754010285624,176.080140380693,79.8419948605417,167.973364399177,0.00125979843225084
186,4898,138.258667085234,180,177.439290296368,139.490488372169,0.0511618141097424
186,4898,0,2.61884218190173,47.9355971334797,4.57676661017785,0.0162374020156775
186,4898,224.043784748972,112.83447821474,234.378713021964,115.568331280435,0.00125979843225084
186,4898,13.6332114896155,12.1301325392312,65.9312085569551,16.7746092620038,0.013437849944009
186,4898,163.713212047392,37.8341169513978,161.351747577462,42.6843832990512,0.00118980963045913
186,4898,33.0015924178283,141.728782000611,50.6968719398003,131.476790833252,0.00440929451287794
186,4898,156.019569220147,34.9510629808023,181.882690153386,45.2933583542237,0.00258958566629339
186,4898,1.22561894049192,111.068949829406,18.8415670664438,122.249622401599,0.00349944008958567
186,4898,49.2658496875162,136.812214241941,61.287201845291,132.877448573427,0.00258958566629339
186,4898,239.97133866363,127.54350004213,234.651451747269,116.223867347939,0.00202967525195969
186,4898,2.77555756156289e-17,164.320837748504,14.6034345721524,158.073073634994,0.00706886898096305
186,4898,50.4253983901287,133.282393374195,6.43529344295514,107.204986682008,0.00706886898096305
186,4898,5.98732515502537,0.000768228441574455,6.47409441738344,8.0318753899521,0.00195968645016797
186,4898,3.4903011002808,4.22615194748133,1.61516953966436,0,0.00167973124300112
186,4898,31.4418280917151,116.377690652041,0.884823270300998,124.570417010049,0.0041993281075028
186,4898,239,151,239,166,0.00195968645016797
186,4898,209.865177717798,115.924571424396,203.083303462736,128.046605512341,0.00181970884658455
186,4898,148.126331455163,179.745768961928,160.834564067031,160.552583322679,0.00370940649496081
186,4898,148.590165022094,166.394526743837,153.493231486754,171.487839599322,0.00125979843225084
186,4898,233.560282368371,147.472552638212,209.307775017727,121.710261949531,0.00349944008958567
186,4898,180.276156741317,163.523523021549,205.497630143532,178.141395911445,0.00384938409854423
186,4898,188.645082367514,171.477570279605,190.415434463892,173.663554110695,0.00111982082866741
186,4898,16.3785862649207,34.8536655970254,81.6438319916922,50.7657282292679,0.0146276595744681
186,4898,11.9090327417166,122.160391889334,1.01147211951606,115.979772558187,0.00153975363941769
186,4898,230.733234672421,130.208995607404,213.612797492453,114.338921730609,0.00251959686450168
186,4898,201.156618214677,121.326915471942,207.205530051755,118.429011108358,0.000909854423292273
186,4898,202.769541837357,122.113583436089,199.212039829502,114.895494209681,0.00118980963045913
186,4898,7.77820450893815,122.892602885823,1.7416962793303,135.359141836539,0.00237961926091825
187,4925,240,118.919243228701,233.857623056539,112.214330679217,0.00327047526268179
187,4925,0,81.3903621277372,102.765753594598,99.3410364401377,0.0233804188991719
187,4925,70.8028522237212,18.4705620159847,97.5895446337176,22.0616630950905,0.00605385846496416
187,4925,154.677391427641,178.96838925982,154.055366316395,145.961266255728,0.00591468930485005
187,4925,5.24711598947738,101.875783156303,8.10407735840753,140.215793865505,0.0172569758541507
187,4925,9.72665062875655,109.861935410694,14.5679976788246,100.276717515538,0.00306172152251061
187,4925,198.675441147524,177.382196810875,181.890699082972,163.128711515939,0.00563635098462181
187,4925,0,24.0890912987449,44.0130676697758,26.7868013125235,0.0103681024285018
187,4925,5.71403418573309,0,3.27377459610207,24.9289107122831,0.00654095052536358
187,4925,201.899497904521,105.97279718645,210.631432438018,73.7122474973152,0.00779347296639065
187,4925,201.226440472555,109.527129155022,209.90524798274,132.036532932065,0.00382715190313826
187,4925,40.2352881261584,135.435037462367,32.8772129186034,122.500961741122,0.00320089068262473
187,4925,90.7053098323531,33.2987467641444,103.84136093573,21.97611205637,0.00396632106325238
187,4925,89.5894351709384,126.964513727566,150.914445311788,33.2147097464081,0.0440470391761186
187,4925,145.006236565597,143.132898975199,133.98358303254,143.650160313815,0.00160044534131237
187,4925,81.1117400662412,179.745475415561,95.1679710319031,158.7831809942,0.0116206248695289
187,4925,87.9604690414463,169.660957432397,92.4063100498101,156.474126884957,0.00605385846496416
187,4925,80.3468157346244,157.740508302955,77.4170294331343,142.534309665912,0.00431424396353768
187,4925,41.5936414977711,108.265062138755,45.9415312629714,98.5273915514741,0.00285296778233943
187,4925,69.5152719928465,18.9218620379509,76.5623612558129,30.2717282510054,0.00340964442279591
187,4925,0.0329267620493736,118.43497986662,32.0764070847104,116.009377826655,0.0109247790689583
187,4925,124.009364665163,180,135.637447430678,162.755527958595,0.0138473314313548
187,4925,121.228569343735,167.854065084196,97.6461406923653,175.972052922309,0.00278338320228237
187,4925,0.0563953572381157,141.395204664209,43.4569208552997,135.201987930074,0.0183703291350637
187,4925,36.5718958674763,0,30.9371030883609,7.68692986752616,0.00167002992136942
187,4925,201.649544511526,74.142228375663,202.861618517917,179.393139066854,0.0423770092547491
187,4925,192.638444417836,113.004554713487,175.676227616263,106.899576967484,0.00146127618119825
187,4925,189.037162396025,105.372420092697,178.046810304449,106.469105864721,0.00153086076125531
187,4925,81.3119368873998,179.609517723708,94.2148987350819,177.10882469143,0.00160044534131237
187,4925,119.197939639055,111.17756416178,102.725145187088,141.924260662161,0.00661053510542064
187,4925,67.8888275134233,105.614386835876,30.8354056288204,98.9096190795572,0.0112727019692436
187,4925,6.95992239768776,164.299250612927,77.0167303660415,160.292527323809,0.0180224062347784
187,4925,10.7671022755585,162.681765076683,30.5125235802586,169.426997191505,0.00340964442279591
187,4925,110.96217678297,32.1131815693615,97.7650855009397,27.7029542634761,0.0022267065618259
187,4925,0,109.448284018419,3.67739327571763,114.156908166842,0.00361839816296709
187,4925,0.683114410976097,110.052099747995,1.21968585911168,103.016754994059,0.00180919908148354
187,4925,3.47751444646707,180,14.8775361050945,165.473435226931,0.00361839816296709
187,4925,0.0491842358770397,177.108030810513,34.6966637298663,161.333736459741,0.00278338320228237
187,4925,84.256957377245,0.696192829080745,88.6215952439919,5.3545458491279,0.0018787836615406
187,4925,84.6328187105223,0.575794098512862,76.5294259283485,9.4817182552822,0.00313130610256767
187,4925,24.9120271886946,112.378549280135,54.1324370654356,104.490605058311,0.00473175144388004
187,4925,1.73999780499943,117.325723161577,12.7040747876204,129.35845577027,0.0018787836615406
187,4925,0,118.757135753973,4.27583948474788,127.870581847054,0.00132210702108413
187,4925,149.923126041351,152.341339211717,119.980856447574,155.835976869757,0.00501008976410827
187,4925,81.909307647269,21.0030758613552,81.8822468286782,29.0029843243199,0.00285296778233943
187,4925,8.15209314417596,21.4203095383485,109.7196460459,48.0685459489863,0.0167698837937513
187,4925,68.9901896458432,37.0544078043643,75.1505263144187,38.1651875013193,0.00125252244102707
187,4925,139.102497994379,58.8827279445461,137.253536620854,73.033128350103,0.00208753740171178
187,4925,144.605999971005,60.1921726977291,121.691792172636,71.3680744177776,0.00215712198176884
187,4925,0,173.972778334447,12.0266260290708,165.035831172375,0.00709762716582005
187,4925,9.22256031659898,2.30350292591096,34.6847274164926,10.8970666267328,0.00688887342564888
187,4925,24.9309307097128,18.8646807743828,46.044809209599,8.08778934195277,0.00292255236239649
187,4925,38.5965537055154,132.465183543028,42.7925215897747,152.836763018682,0.00459258228376592
187,4925,34.1828127547302,151.192196120153,53.1722971413901,133.129813024815,0.00466216686382298
187,4925,8.72032744886502,171.124156962837,0.323382855817995,176.504677545751,0.0022267065618259
187,4925,191.652528425745,137.859755321516,196.030687516949,127.01238593677,0.00201795282165472
187,4925,0.0399088699650518,9.02937661348463,5.61632624849033,1.45367303053657,0.00285296778233943
187,4925,156.527805299511,175.803439451421,177.143368897045,136.601272740517,0.00737596548604829
187,4925,92.6951237177069,3.40357168621386,72.7856622244296,13.5806918232452,0.00229629114188296
187,4925,98.0705330065175,11.9405486322015,88.0059975004082,0,0.00208753740171178
187,4925,171.822935970113,158.518950128646,158.364716718292,179.860601483278,0.00299213694245355
187,4925,23.9694069311484,13.5641252267762,8.45414921622901,8.76452532748631,0.00487092060399415
187,4925,162.364894303373,135.591373242612,166.428427936858,129.2756503674,0.00167002992136942
187,4925,37.7928547391825,8.13435179889083,45.8143509774281,8.91286213223004,0.00243546030199708
187,4925,34.4456877373052,7.84025823642847,35.3972947396801,4.53813223700977,0.000974184120798831
187,4925,0,0,0,5,0.000835014960684712
187,4925,195.108068544696,111.897134365813,185.360659381183,101.656704399274,0.0022267065618259
187,4925,46.8497436728593,161.092778842146,46.0992665910025,176.055136656511,0.0022267065618259
187,4925,195.394132793582,176.39877573969,190.062976133235,172.903933953891,0.00104376870085589
187,4925,72.8521193082783,161.250274438125,80.5170459427296,145.091333773793,0.00549718182450769
187,4925,65.0053079816723,150.456312921882,75.0043549234903,150.553932968493,0.00160044534131237
187,4925,171.857754490692,71.9433754886053,181.816232194377,46.9268464624713,0.00278338320228237
187,4925,7.91716989117501,85.0594060031384,2.90368513270156,78.0690773124674,0.00194836824159766
187,4925,78.614472823631,28.1203024608938,76.07341140939,19.9770922161948,0.0025746294621112
187,4925,187.973437374664,136.88695717188,200.01357797805,134.057783935869,0.00153086076125531
187,4925,26.3751399623325,115.807284995797,35.5704626713439,133.706944801556,0.0018787836615406
187,4925,21.9992791565988,114.000400263674,35.9089219265809,139.050573043012,0.00271379862222532
187,4925,182.749222428019,141.016147957346,182.447621159513,155.00964755875,0.0025746294621112
187,4925,1.69242295644697,0.8945125697436,0,21.8730632885668,0.00382715190313826
187,4925,0,1.02510749741556,2.38884018039559,13.5000152018972,0.00146127618119825
187,4925,175.916989560301,135.048831791036,175.382399984611,156.035214102661,0.00264421404216826
187,4925,44.8200700714557,84.4665890967042,55.7388593133763,88.677182490263,0.00153086076125531
187,4925,83.9343091055863,28.9715811736564,88.2090363831971,19.0904321478128,0.00243546030199708
187,4925,168.914872386284,130.587016778266,132.038798877355,138.188226647859,0.00528842808433651
187,4925,209.022433785149,178.960359776988,205.135484920347,176.760599808652,0.000974184120798831
187,4925,53.8630605483043,156.527956919007,64.8987518736824,159.390352437986,0.000974184120798831
187,4925,20.7394022974651,117.127386713484,26.438302081529,128.785746915125,0.00208753740171178
187,4925,76.0298684390001,25.9882292357469,73.7143480536206,20.1125717256023,0.000626261220513534
187,4925,177.09889061561,136.888370316283,185.650489558308,145.341969535738,0.00208753740171178
187,4925,175.358440209432,143.440178729397,179.437748846115,149.385764510428,0.00146127618119825
187,4925,196.140890731689,134.27737295564,198.929379503641,132.860968741031,0.000695845800570594
187,4925,8.46596743549682,51.1905261520482,21.2569809426725,58.5535753431061,0.000904599540741772
188,4951,113.762008778794,51.0970351560807,0,26.4174619937465,0.0331923393255787
188,4951,36.6304223530082,27.6011821951721,54.4346303338286,38.5463454833503,0.00340735518740454
188,4951,106.899968950525,53.3165230866883,140.733085968565,64.0088306770947,0.00851838796851134
188,4951,0,85.3479977866612,37.6061311583085,92.9487413549424,0.0180354834919516
188,4951,30.5328793834037,102.875139913242,68.8219471696468,109.095919942357,0.018270473504876
188,4951,102.37295510032,66.1975448681862,109.721929625726,52.3230385014122,0.00287862765832452
188,4951,158.653634465077,78.3627093035835,164.76226504203,70.4465356690221,0.0051110327811068
188,4951,150.555139117294,73.1727177919644,148.812587573227,68.6845118622892,0.0014099400775467
188,4951,135.773010145173,61.9497801944319,136.508524699433,0.0416839013785051,0.0828339795558689
188,4951,33.6544287635276,116.378418889842,25.5829319709865,130.337076365845,0.00328986018094231
188,4951,0,87.523249360041,23.4108246843316,92.0482165693854,0.00328986018094231
188,4951,170.318481465908,41.993227395566,170.249979715783,59.0010068362003,0.00252614263893785
188,4951,127.140054950407,34.7430948571516,123.171202471261,78.9255501963077,0.00605099283280461
188,4951,19.0599004377503,171.311186659735,92.8289444822861,157.111355489444,0.0166255434144049
188,4951,187.613350370841,94.9527884894602,175.070458527819,59.4986292577043,0.00704970038773352
188,4951,167.848002705596,53.9710134418515,167.067208734224,85.0016911063005,0.00281988015509341
188,4951,191.813907516967,82.0210790625066,0,31.0093309468879,0.0796616143813888
188,4951,0,4.14220671483058,2.31851266858054,14.1577583609177,0.00328986018094231
188,4951,18.0528531074993,180,31.2196367971284,163.572981618637,0.0136881682528493
188,4951,152.520731009466,75.9457027715511,169.716339367975,78.7434466373564,0.00240864763247562
188,4951,96.9188402207513,159.556139881632,84.8418041756703,179.509512822841,0.00687345787804018
188,4951,94.1720234108975,84.3110520313889,103.520830045962,139.251698419835,0.00622723534249794
188,4951,11.3521742225695,116.618296337532,19.8724755384511,95.9474358197807,0.0074021854071202
188,4951,22.7807059484013,149.956001602619,189.410734542395,100.826476867819,0.0797203618846199
188,4951,87.2735879570265,100.496142537046,80.537118780382,90.6331455721699,0.00234990012924451
188,4951,24.6701891770789,142.364277966939,37.0573427575714,119.574713354466,0.0051110327811068
188,4951,139.972655722027,0.123352495958105,162.740540676854,5.17044432995361,0.00252614263893785
188,4951,11.4110680455497,143.121053498202,6.43468035360547,118.910652534633,0.00628598284572906
188,4951,4.31931456208122,118.880618295754,0,143.508299252211,0.00605099283280461
188,4951,8.19663769989306,122.203896100573,34.9833963111706,119.813907480173,0.0112207731171425
188,4951,0.936457552888939,117.39374837407,10.9281638535838,113.484896076606,0.00581600281988015
188,4951,158.706495287465,14.9597510599698,139.65348705982,9.13308627571488,0.00281988015509341
188,4951,36.7074277473392,141.190349568481,44.272938152538,131.838840983471,0.00411232522617789
188,4951,14.1293245128593,143.09152123426,16.2422085886453,117.019628750398,0.00540477029726237
188,4951,1.13088572092624,145.67377562136,36.355704863232,138.831103221567,0.0143343907883915
188,4951,38.0765843962768,145.634503688328,74.9955334469243,143.904672520367,0.0088121254846669
188,4951,62.0244230764772,140.981237154653,58.9785356651183,137.016489814305,0.00170367759370227
188,4951,2.42696094390903,120.154725898693,0.388945733195024,125.778560728024,0.00105745505816003
188,4951,0.892605519731746,119.977433566003,0.246595999495016,123.051816372058,0.00105745505816003
188,4951,17,164,46,164,0.00346610269063565
188,4951,120.182392016329,55.3995601757231,107.157559872681,61.3451612174831,0.00211491011632006
188,4951,65.6638480077124,30.7736611233718,86.2645329471591,0.178116124446181,0.00393608271648455
188,4951,78.5497743812039,0,74.2979263086731,12.7661702281982,0.00193866760662672
188,4951,101.358756621851,66.421259938082,147.196626352388,82.437254224421,0.0150393608271648
188,4951,128.99946475054,159.765086956702,133.260166191589,154.199156358093,0.00170367759370227
188,4951,119.940464606163,157.563707283767,173.043315335574,150.317427402323,0.00616848783926683
188,4951,36.805074149515,170.790200052942,35.3826632793823,178.891610670863,0.00129244507108448
188,4951,41.0705286787431,178.891597323354,27.120192281362,169.815264297531,0.0014099400775467
188,4951,165.022364655859,54.4375403290611,157.938643236854,54.7996212190157,0.00135119257431559
188,4951,82.8841229154041,178.491795185444,173.421403129259,157.848157467069,0.0153918458465515
188,4951,47.3511549454965,88.1710126963056,66.2102167643235,98.6206081894429,0.00258489014216896
188,4951,22.5768105207344,8.9069448838389,56.5170682404342,37.1824232972678,0.0165667959111738
188,4951,49.3214268247308,0,48.2322861480645,5.65983287804905,0.00146868758077782
188,4951,23.009580939443,131.003628457391,26.3667935532082,122.138910676449,0.00146868758077782
188,4951,61.4450834803524,153.541582630584,92.2849514400424,160.275006123744,0.00375984020679121
188,4951,65.1066721170517,145.977985280323,66.8127998865481,154.245011333987,0.00158618258724004
188,4951,160.972035195329,57.9633818886714,155.884456700299,61.8487034877778,0.000763717542004465
188,4951,157.964689929743,56.2624530624968,182.06658470701,59.5050884877007,0.00135119257431559
188,4951,17.3736941249765,99.3045847163347,14.2050933300526,129.496785774016,0.00534602279403125
188,4951,71.8748254800271,23.6753678428994,81.0526356274673,20.136507152484,0.00152743508400893
188,4951,137.153593831716,138.73278301413,169.969493871491,131.854457874064,0.00434731523910234
188,4951,11.5026173671853,130.83610668621,14.5729413670546,121.518302321062,0.00123369756785337
188,4951,39.1729383873155,148.18688184961,73.3172171727536,171.979833343073,0.00516978028433792
188,4951,9.81374289056959,82.0250736138563,32.6202320557468,90.968446029462,0.00346610269063565
188,4951,211.072450862641,83.9166599549716,205.179421531506,78.7936118636868,0.000763717542004465
188,4951,121,173,108,173,0.000939960051697803
188,4951,83.1510682260731,70.7693237991988,209.247800610992,63.0455321207452,0.0549289155210904
188,4951,225.039511642205,149.927333999062,221.884751175653,148.211954520508,0.000293737516155563
188,4951,38.6679528022722,132.713137399663,35.4557999030551,125.233715098406,0.00164493009047116
188,4951,67.2162399332304,97.1176548540924,71.0808384384796,92.9121713716237,0.00158618258724004
189,4978,34.5830684518478,109.544764361545,27.5236221970578,91.1831518608025,0.00395703787450537
189,4978,26,14,18,16,0.0171707179197287
189,4978,67.9713652022141,24.14160781919,109.875609673723,32.615148148211,0.00565291124929339
189,4978,6.40033522986226,180,20.7002442749739,168.623225408132,0.00946862634256642
189,4978,31.8441871781806,3.70881252422428,38.7753225266294,0,0.00162521198417185
189,4978,0.0092808553442652,17.2445797479353,43.9839075300661,15.5759127694487,0.0109525155455059
189,4978,13.6597929848931,12.2604091666086,14.9910052808916,24.2235531460024,0.00211984171848502
189,4978,0,156.693919637533,89.0152884305845,157.175790410593,0.0751130582249859
189,4978,1.27096640868187,119.08041271971,0.15718025181083,108.9826629504,0.00233182589033352
189,4978,0,33.883237935508,66.8465151373863,41.3703459553279,0.016464104013567
189,4978,83.9481816118042,24.0862071437005,77.7118856592439,44.9137311619202,0.0034624081401922
189,4978,78.7271622312444,36.0505338809632,78.4877528944186,30.0203371041405,0.00197851893725269
189,4978,187.299595258954,163.301640445121,204.591659212861,176.533634970354,0.00862068965517241
189,4978,90.4080304766782,180,99.8557704330924,163.489700162556,0.0071368004522329
189,4978,223.852013251437,121.276231670845,207.855438654769,119.24919967528,0.00416902204635387
189,4978,133.259139493765,35.7748866380056,141.033249227845,40.1740731074408,0.00141322781232335
189,4978,143.932689006591,43.8717815951376,135.49054372719,41.3547271331146,0.000989259468626343
189,4978,204.03776623909,135.285543917489,191.001290514428,137.009757353505,0.00275579423403053
189,4978,53.7560401677635,165.990683208502,53.7335164645487,168.998004138499,0.000847936687394008
189,4978,0,140.058869096298,2.49338080744398,141.323357676724,0.00968061051441492
189,4978,214.982473226907,179.036715173185,210.94728339474,177.110431012118,0.00120124364047484
189,4978,209.909868159828,176.930674413571,208.199943494837,179.153788050989,0.000706613906161673
189,4978,156.832854415954,44.2999929004588,159.972526808917,46.0493088843764,0.000777275296777841
189,4978,196.545782645506,136.275211669499,199.339134854935,130.670621902773,0.00169587337478802
189,4978,196.836343079247,134.041060719334,188.257095193233,126.55863222852,0.00226116449971735
189,4978,192.863825406143,125.887828266681,203.115972508311,133.850685862365,0.00275579423403053
189,4978,16.1604900000937,104.932098800393,14.57325866345,101.180548623944,0.000918598078010175
190,5004,115.90777518409,136.923031409624,111.864623329141,138.83161849825,0.00137551581843191
190,5004,191.219017782023,76.2184375992943,184.577424759126,113.282661075607,0.00302613480055021
190,5004,84.9947020681087,0.0168498946760449,110.658524699209,8.08605074034058,0.00557083906464924
190,5004,105.849395306981,37.3553691170182,74.4104092238008,24.0315921731614,0.00419532324621733
191,5031,19.2086855393976,177.600098848294,86.370501882563,168.840827578619,0.0187786798446876
191,5031,85.5512642491314,30.3435828327286,93.817523695771,41.1397163595534,0.00275326509001059
191,5031,173.199241634007,180,175.019980180755,175.383904411302,0.0797740910695376
191,5031,7.13360608793113,25.6150628320299,42.1227723425101,24.3219274591596,0.0120014119308154
191,5031,0,37.6050813472531,107.907512164601,54.5876685401392,0.0252735615954818
191,5031,199.731770534412,170.975577512496,210.056068913447,167.151370517597,0.00254147546770208
191,5031,75.5636354774966,41.8758895024527,67.7900414639002,29.1280318991725,0.00451817860924815
191,5031,0.940725301922896,13.058336106457,14.2236031248172,1.2515583029678,0.00374161666078362
191,5031,5.55111512312578e-17,8.14621072533445,9.04859588891383,0,0.0031768443346276
191,5031,71.1706631452565,26.7845606523089,86.9461458680682,34.1158829060352,0.00338863395693611
191,5031,0,27.8534706619016,38.1598844103649,36.2755766000384,0.00543593363925168
191,5031,67.1239338243672,33.3959024885882,68.8254501255156,41.4588909059016,0.00352982703847511
191,5031,100.076422250562,180,108.298681932262,165.749303746353,0.00656547829156371
191,5031,86.2557286404572,36.09308329085,81.4924620441493,49.1792524591933,0.00247087892693258
191,5031,74.8028221060542,0.657045253287079,102.41664146224,8.94389416850563,0.0062124955877162
191,5031,206.940128413816,170.791200820308,202.05504363705,172.191961947157,0.00162372043769855
191,5031,1.66726896604191,40.7945829366682,19.7678641503042,42.94969154765,0.00536533709848217
191,5031,0,39.409812539968,1.63733419404452,40.5300640940373,0.00112954465231204
191,5031,72.1909735026689,31.7797046066284,83.0305573049784,29.1247590431387,0.00176491351923756
191,5031,72.6053324357899,11.8793558833106,86.8730289619078,18.2829032316854,0.00423579244617014
191,5031,13.0647050085152,4.84709056188554,22.2403233123038,4.14621100166748,0.00232968584539358
191,5031,24.2467778507145,11.8754396442612,7.01773658534569,4.95583786889075,0.00345923049770561
191,5031,69.9007488507069,19.843197277259,82.7974476530446,11.6799960531801,0.00218849276385457
191,5031,228.202387940028,178.650641391783,218.546404509013,173.05680586123,0.00282386163078009
191,5031,208.101459755104,171.38390808604,205.889523769466,174.609909689362,0.00148252735615955
191,5031,225.617236499693,92.0206318919898,221.650091589052,91.9039140468283,0.00141193081539005
191,5031,83.2049827579496,30.0026114278097,83.0518060915313,42.0261394838331,0.00240028238616308
191,5031,91.8948053864438,27.4263819500764,82.7135094314159,25.1612230244669,0.00190610660077656
191,5031,202.038193117155,166.920668065123,193.980142772911,163.041245972144,0.0031062477938581
191,5031,91.8447729602629,2.49385042060092,83.9919669774757,0.0255568331331442,0.000847158489234028
191,5031,3.36517755885057,99.5945992602686,0.311510711874819,98.8011383112338,0.00120014119308154
191,5031,2,98,26,98,0.00218849276385457
192,5057,22.9999999999999,13,19.9999999999999,19,0.0130960932751285
192,5057,1.95339345593761,141.766610873683,44.2631153140506,133.317588645593,0.0187876443609438
192,5057,0.31711366239957,142.332345478965,3.38578498627383,139.404315270021,0.00198927999115876
192,5057,197.215077005574,144.923857505505,193.623628542179,134.779220318263,0.00254185776648063
192,5057,56.5754304496206,141.714621890298,57.2352411453501,149.981223890569,0.00259711554401282
192,5057,202,108,239,108,0.0031496933193347
192,5057,208.397934533008,74.9233233410752,216.086818633279,77.7650980544337,0.00121567110570813
192,5057,219,68.9999999999999,189,68.9999999999999,0.00348123998452782
192,5057,0.572357771787848,111.720600397759,13.7746530864682,101.234294322586,0.00569155108581533
192,5057,0,103.697342398795,3.08400203194409,106.919602251512,0.00226556887881969
192,5057,202.427341702456,61.8798597025771,222.758377061379,171.818641163515,0.0532132397634967
192,5057,222.209146324336,94.560409884677,239.658233690923,109.216317582121,0.00287340443167376
192,5057,112.95044858552,125.894415452057,110.353790542009,77.9267146217291,0.00663093330386252
192,5057,122.772594978972,107.75152713478,95.0381791491344,133.134360827349,0.00397855998231751
192,5057,168.218982888958,69.5669474237103,192.189512333603,102.588340367856,0.00508371553296126
192,5057,83.2824627415365,1.10550419928133,69.4473390777437,27.6705706299149,0.00425484886997845
192,5057,70.9216006944671,25.169127192063,75.5405032563092,0,0.00331546665193126
192,5057,109.899802755925,102.056623150409,108.830295154586,119.052249148064,0.0031496933193347
192,5057,108.013085717825,180,114.373379284463,164.834114922041,0.0133723821627894
192,5057,33.102043089845,145.934606447898,25.9391544376093,134.75730735964,0.00248659998894844
192,5057,40.416104854541,155.746904409274,18.1068086590739,119.069037277316,0.014422279935901
192,5057,0.17340814779309,163.6960176693,54.5361335330055,150.151908182084,0.0253633198872741
192,5057,212.047998213537,175.108778239204,213.517632733399,160.949932107486,0.00276288887660938
192,5057,205.901905204488,171.894446740143,211.07808362168,167.084020571802,0.00165773332596563
192,5057,34.9983023247575,42.0002214733913,35.8014133653812,48.1563638557428,0.00187876443609438
192,5057,23.7856540960811,33.1388613519057,33.5867133711055,48.2677426485115,0.00381278664972095
192,5057,108.905143120209,54.8290860102226,37.9190574293553,46.7074695383241,0.0123224843896778
192,5057,133.855748319248,0,88.1690967691508,65.4297538784108,0.0677460352544621
192,5057,0.885545307683424,45.2326465002178,11.1155742999752,6.2930786876406,0.00751505774437752
192,5057,15.4492474958367,37.3823663461157,0,15.1295927110708,0.0035917555395922
192,5057,0,31.6019835120866,65.2492354554672,24.195785636757,0.0111620710615019
192,5057,5.71035967730832,27.7393095741194,19.8187005108484,30.0887155984838,0.00232082665635188
192,5057,106.784984447204,125.472804753274,90.8890870249638,118.243890179641,0.00298391998673813
192,5057,198.364446897213,156.140960539108,186.278485881063,122.8993732867,0.0135934132729182
192,5057,201.402522934263,167.17239653674,204.038953205611,161.016683267388,0.00209979554622313
192,5057,27.453935642065,180,93.3732661422861,169.299458867944,0.0149195999336907
192,5057,44.1397495785356,176.691821728165,39.2291551932982,180,0.00193402221362657
192,5057,7.08923291185853,163.04547486895,7.61185026643797,139.03508401539,0.00381278664972095
192,5057,38.8425005240051,117.283277694412,77.9444023692676,119.159003607427,0.0121567110570813
192,5057,154.009148997447,38.9595991614834,180.984527300652,45.0683255221542,0.00292866220920595
192,5057,58.6948108398522,166.458525410475,63.2919956348904,159.492338247393,0.00276288887660938
192,5057,0.0478923455775444,108.000173601342,38.2738728587066,180,0.0517765375476598
192,5057,0.590908792971375,44.5791069200713,28.8123555465664,47.1003727297682,0.0101121732883903
192,5057,159.425350507696,154.415557032199,144.412166320332,121.959091811682,0.00696247996905564
192,5057,108.160263638919,110.161493206734,95.2225444473448,94.9595453855631,0.00370227109465657
192,5057,76.4078903853916,4.217388419003,101.737967730891,10.981283371511,0.00453113775763939
192,5057,0,129.13218465048,8.77498113895696,135.467172145369,0.00552577775321877
192,5057,234.257313523293,178.503275662884,199.310705334447,160.400206800962,0.00757031552190971
192,5057,206.751953023824,165.916385762205,207.203518549726,169.977369532573,0.00116041332817594
192,5057,201.460237755328,139.248307920233,172.987679507458,124.13880317222,0.0044758799801072
192,5057,40.9575141961934,1.58432083652758,27.8208166878236,23.111149196975,0.00182350665856219
192,5057,31.6572558227002,11.209531101851,38.1847775084396,21.8870392627947,0.00176824888103001
192,5057,89.218750667957,114.875467658655,108.060241065371,102.631546041993,0.00292866220920595
192,5057,99.9986541676219,104.951424923329,53.9785683460131,106.22646813042,0.00674144885892689
192,5057,166.371264040584,153.877755207232,151.621230998711,135.85478015037,0.00591258219594408
192,5057,93.4129394441187,87.787292887509,98.1886002548405,121.677991720412,0.0053600044206222
192,5057,173.981945641188,179.847577520839,184.152461059665,156.065199854269,0.00552577775321877
192,5057,173.877428847494,177.69247937861,171.061091260099,160.498596877482,0.00419959109244626
192,5057,46.5054248734422,43.5616950925009,56.0221984675427,29.9222687087282,0.00243134221141626
192,5057,224.337528653096,169.761700504215,239.209828254133,178.648860998723,0.00414433331491407
192,5057,40.9339746991866,58.7629858403065,140.022666855772,31.7515486725482,0.0292313643145273
192,5057,73.7934898648953,109.187351974581,66.6520622430809,101.315659208479,0.00154721777090125
192,5057,112.234033404112,133.821887083669,104.962550764066,124.267443361964,0.00176824888103001
192,5057,6.76947443101602,143.353867535214,23.9523861593757,146.279634199938,0.00171299110349782
192,5057,149.000133298424,137.147391989586,124.873104826722,108.845705550053,0.00596783997347627
192,5057,135.568366248848,158.636783242275,118.414442284681,138.90137782839,0.00613361330607283
192,5057,25.0297003326828,175.764070196554,39.7661721253415,144.410170842968,0.0136486710504504
192,5057,35,103,13,103,0.00254185776648063
192,5057,117.222769339361,151.478209121421,127.575255384416,125.007148752567,0.00419959109244626
192,5057,31.73739646573,31.6517805195508,21.9976276134105,38.996854150391,0.00121567110570813
192,5057,197.019936615674,143.617945793352,168.519956305141,122.585360150262,0.00712825330165221
192,5057,91.780842640223,130.287519811254,99.4259419294477,109.525056564915,0.00364701331712439
192,5057,168.273839620245,126.47062648101,150.792050468631,136.642613599565,0.00160247554843344
192,5057,0,7.97165077707184,21.8021249656204,10.6255617643998,0.00414433331491407
192,5057,129.320522018999,168.618453494843,159.505214804473,152.974821831114,0.00215505332375532
192,5057,16.0642534619267,20.0997871540445,13.9217207467121,0.00834762789762422,0.00243134221141626
192,5057,34.7336869222007,17.0006172964006,64.9961373757119,21.0290170990631,0.00497319997789689
192,5057,1.91934869129175,35.3427450293953,8.05048296781545,36.7854618038442,0.000884124440515003
192,5057,0,34.119608586694,14.5801187594428,38.1440619168318,0.00198927999115876
192,5057,179.192664052215,179.526143272649,188.207401062373,159.091494896241,0.00204453776869094
192,5057,184.347718869919,167.798978437984,186.44388865492,164.263153890669,0.000552577775321877
192,5057,64.7355953244589,40.3112932236278,74.6214049099019,9.9248146096672,0.00574680886334752
192,5057,26.1073722925306,33.0714628205628,26.8756013332108,31.917205087146,0.000276288887660938
192,5057,30.6251743592277,39.8103465343702,17.3654110259,37.0649609446262,0.0013261866607725
192,5057,16.7545338270665,0,15.5694584095093,4.89578290854441,0.000552577775321877
192,5057,210,131,199,131,0.000718351107918439
192,5057,105.114006207398,60.6400451805582,123.821048572763,66.5650080828926,0.00165773332596563
192,5057,227.331896297409,101.645373591614,232.667843352583,121.685979586832,0.00348123998452782
192,5057,231.108574473422,108.641708505592,235.049696880218,109.836002248783,0.000386804442725314
193,5084,42.9921109138651,119.987773646061,79.99773713626,120.28332776811,0.0146419380601651
193,5084,14.3456199046243,167.329139776526,29.2251406864852,118.680575627801,0.0140207649303399
193,5084,37.8528414645273,176.785981803638,67.7837708943618,118.750359778937,0.0439258141804952
193,5084,44.542903516532,69.2359551603868,110.219587685831,38.4687388994666,0.0244032301002751
193,5084,216.495331467366,127.138181620678,202.083396741934,118.854899497186,0.00363829976040465
193,5084,12.309011788275,112.833182459724,38.7514685162793,103.026169908577,0.00869642381755258
193,5084,118.811532792333,165.512725977037,113.061805072536,180,0.00976129204011004
193,5084,231.851916311101,112.852956546393,238.856795308957,105.856620448385,0.00292838761203301
193,5084,7.16684369092886,34.4147766855743,41.1657273534476,30.4053105305587,0.0121572455408643
193,5084,0.257299413298327,110.891417589726,16.6254559028034,106.166901145283,0.00816398970627385
193,5084,1.97715294260986,130.388465980798,32.98751418458,132.212294933669,0.00514686307569438
193,5084,21.9948540498644,108.024620996275,106.992710109917,108.451505405737,0.0145531990416186
193,5084,15.8571426049738,164.505699495611,61.3891589076835,151.34652773362,0.0131333747448753
193,5084,0,146.213157364678,46.3941995214435,135.747481074521,0.0155293282456296
193,5084,0.167715656214316,168.582808110515,12.3130190236091,165.087734024496,0.00860768479900612
193,5084,21.8338516986995,45.9654337068577,20.7538094035462,51.1568261403364,0.00239595350075428
193,5084,16.7466518847774,51.2831382061474,19.2387515857438,44.711326637166,0.00221847546366137
193,5084,78.3764881399311,0,79.915709143349,25.9456757743092,0.0045256899458692
193,5084,77.3941633328914,25.8773591382006,70.6236291093229,4.11710488149739,0.00408199485313692
193,5084,232.707826705717,107.34543737881,201.440910888299,93.9693597752633,0.00789777265063448
193,5084,18.9597069105282,53.7082294412646,1.84447130812202,53.4535886383287,0.0063004703167983
193,5084,201.145504622827,64.9641201964658,234.195735772892,69.6065134562139,0.00922885792883131
193,5084,51.0900949600795,6.76741260905889,45.6833688629038,27.9190636309979,0.0045256899458692
193,5084,72.5908919096404,7.18819619410873,121.742435588293,16.377634612262,0.00860768479900612
193,5084,0.410615560718349,157.722108195956,27.6885727031959,142.210923403924,0.00718786050226284
193,5084,12.9214110260983,157.768899709077,9.32195018002742,143.417628672858,0.00292838761203301
193,5084,2.1394866017768,27.4105701539886,23.4030988809774,20.1864965346304,0.0045256899458692
193,5084,78.2625505797359,171.150637219307,74.6820010867509,177.391295069223,0.00204099742656846
193,5084,71.0727514630224,172.768228626602,69.6024017372888,178.650661871235,0.00212973644511492
193,5084,14.01183810006,179.729086574424,42.3401966729333,138.930562383365,0.015795545301269
193,5084,200.972482680432,150.108740568429,182.402480349384,145.409512893693,0.00266217055639365
193,5084,33.4811640382946,5.55111512312578e-17,66.7604409958146,6.27125316678055,0.0090513798917384
193,5084,96.4419104409912,25.6289602324756,78.608708558913,21.843233977989,0.00283964859348656
193,5084,11.6488091155037,18.9325484426155,13.6078609873645,8.73261850280467,0.00328334368621883
193,5084,14.2792962325186,1.30638560680165,10.0394912287462,19.0094579689795,0.00390451681604401
193,5084,8.01302432314218,17.9915996924999,0.49066861641325,6.3285038458322,0.00337208270476529
193,5084,5,133,16,133,0.00230721448220783
193,5084,101,37,68,37,0.00301712663057947
193,5084,0.251137696730327,127.239073365915,8.54892522867027,118.522555569166,0.00266217055639365
193,5084,74.0352077269901,0.00474800712590616,72.9577605113602,7.9943037108555,0.00159730233383619
193,5084,26.0617583084287,33.3113161861152,0.0918828396661766,38.4631703157368,0.00408199485313692
193,5084,239.924109946466,174.299644947833,229.267423507945,168.507942843229,0.00292838761203301
193,5084,228.303518897159,169.353158528289,224.519913532484,172.604943875613,0.00124234625965037
193,5084,29.4507817559657,0.19697594985843,31.2352298935493,23.2909006200047,0.00612299227970539
193,5084,30.7232809828419,52.2075082240135,18.1223267169542,38.8843046005005,0.00354956074185819
193,5084,75.3269564354326,22.6011357557723,69.8850142880867,18.1402746179887,0.00159730233383619
193,5084,68.6752612368631,21.7273505013828,76.8564275611315,36.6278807640602,0.00425947289022983
193,5084,225.921235660341,112.305013773764,217.035367480647,113.312069040544,0.00230721448220783
193,5084,239.159885596532,119.716435049258,222.327644804078,84.1635681254416,0.0130446357263289
193,5084,224.064888669343,119.968397937849,219.563456657493,110.725585491426,0.00221847546366137
193,5084,15.9228531034047,126.814073361928,6.41146802074147,135.45302167054,0.00195225840802201
193,5084,14.1563290103153,127.430209877852,5.24312761087867,130.669075429875,0.00168604135238264
193,5084,4,134,7,134,0.000798651166918094
193,5084,186.2645017154,158.103864964061,177.917496489332,179.360284014591,0.00488064602005502
194,5110,87.8343951849697,11.049641054574,100.540420134919,53.4375179775077,0.0074719800747198
194,5110,96.3295799932077,44.9102866327733,95.1112330557669,54.0148848361902,0.00339635457941809
194,5110,239.08374220654,129.190895760064,128.809606266176,177.565985205889,0.0388316540246802
194,5110,36,15,0,15,0.0306804030340768
194,5110,167.141247296617,29.3977870350123,202.768717053859,82.034234194235,0.0260387184422054
194,5110,171.20299434297,83.0359173798331,181.689703286623,23.7681589345799,0.00973621646099853
194,5110,70.968038844335,0,62.0786706578616,50.8389021912302,0.019585644741311
194,5110,228.058009989693,108.006423290527,232.481905488945,68.0533601019162,0.0104154873768821
194,5110,234.02565778826,69.3827997095313,216.998212748498,69.1126497583978,0.00384920185667384
194,5110,197.790679105987,87.8622316831489,225.611335106037,123.05095973,0.0183403147288577
194,5110,128.770594238687,10.2813507595336,116.16120801983,0,0.00362277821804596
194,5110,81.8525671461309,44.0109359175292,76.9104672459781,33.5129137297032,0.00441526095324352
194,5110,29.010989521378,0,23.5652931162293,33.9302308987726,0.0123400883052191
194,5110,157.957300878321,55.8298722020061,156.792928442119,62.9662140041771,0.00226423638627873
194,5110,108.423696919628,65.0457274380709,104.837920092022,19.854168093058,0.00803803917128948
194,5110,103.972899455144,53.7506076891929,94.1799525510686,27.3036523877579,0.00407562549530171
194,5110,184.012893981748,101.042578870718,217.930765359019,90.7713714130174,0.00554737914638288
194,5110,232.353218468762,110.329815365724,238.606619837448,103.632683923252,0.00294350730216235
194,5110,229.621561812079,108.60297287347,239.331436976092,99.3477172083672,0.00316993094079022
194,5110,0.146134624405456,38.8535250418275,12.6612386509148,51.3395502923389,0.00543416732706895
194,5110,146.917801489236,59.9868633302289,150.289981146914,38.8865273455983,0.00815125099060342
194,5110,173.276675069849,77.0730321615939,171.74717479055,61.9245597825158,0.00384920185667384
194,5110,18.7677909226719,29.6236872274954,3.15794483342421,39.2559618204962,0.00328314276010415
194,5110,205.004304380291,130.011681990765,215.106616473312,126.289354697417,0.00237744820559266
194,5110,160.121191616503,62.0145784503271,160.875443651726,55.7444316687544,0.00316993094079022
194,5110,144.806189834593,59.3563173077551,135.902725213016,75.8691841296198,0.00464168459187139
194,5110,2.73117479364153,37.9897838877204,3.14860280923587,27.0056473237937,0.00362277821804596
194,5110,143.139717875321,40.6930429935206,106.0798873942,23.8244892049583,0.00724555643609193
194,5110,48.1828525788317,24.2984977959807,42.846732307852,9.69069506782737,0.00430204913392958
194,5110,231.127159176086,67.8456920074289,196.111444725881,63.9883424714313,0.00713234461677799
194,5110,222.976948058561,67.2191287663855,227.037212678407,67.6462611040912,0.00192460092833692
194,5110,50.2672996357316,45.9850918707257,50.4135565665953,28.9863502632773,0.00554737914638288
194,5110,91.0273108703073,24.8126084055078,69.0567563092246,21.6105706202901,0.00475489641118533
194,5110,186.192179777875,84.9978717962807,186.347197121452,98.9961551302984,0.0024906600249066
194,5110,150.6481375583,15.6023010970398,137.16154488369,7.72347528711129,0.00384920185667384
195,5136,1.16967412659059,5.93422549927639,0,38.48308248494,0.0120006316121901
195,5136,109.968842842536,0,108.949245923254,29.9982749441297,0.00631612190115269
195,5136,147.138525268285,38.8768346950937,142.995313747497,67.8563597003265,0.00907942523290699
195,5136,35.1723385958012,107.942020943342,43.1401289979533,131.625707582816,0.00584241275856624
195,5136,101.240624650258,73.081836418097,111.431223547372,80.2349415198722,0.00221064266540344
195,5136,110.160062720871,68.2801306143575,103.066085201841,66.7027870487872,0.000868466761408495
195,5136,20.8606886913518,17.9517601510637,27.0769119558575,0,0.0247118269382599
195,5136,36.2428822658878,25.0450300153914,38.7391238972425,11.5808368909394,0.00465813990210011
195,5136,239.158880938219,126.348393615581,128.015529293033,177.034052584329,0.0314227064582346
195,5136,1.98755201277487,114.011798394474,2.22044604925031e-16,111.9148162908,0.00189483657034581
195,5136,42.026128635416,109.350950677125,10.0544441801099,111.731275153519,0.0072635401863256
195,5136,0,134.41600411731,6.34879385712389,139.771925706976,0.00268435180798989
195,5136,93.6440568520379,133.331831529126,116.577579253697,86.7918436148692,0.00671087951997474
195,5136,96.2212268355549,93.4041615127163,100.954839606906,114.23747468983,0.00426338228327807
195,5136,6,109,22,109,0.00197378809411022
195,5136,72,122,42,122,0.00355281856939839
195,5136,140.890111522157,92.9330492213728,140.465762329488,99.967773673908,0.00205273961787462
195,5136,59.0964157326497,152.313198890176,0.142157696080837,170.461788044534,0.00900047370914259
195,5136,98.4053883588719,119.482612950932,90.2674368278261,126.318382296483,0.00134217590399495
195,5136,89.178237023969,123.344573008827,97.4189927987712,129.747744805366,0.00142112742775936
195,5136,231.881540359111,148.380841686074,237.635856107313,150.170703988494,0.000631612190115269
195,5136,16.3616562519945,160.208662406799,0.946496480090586,164.821190169424,0.00189483657034581
195,5136,104.871674724482,107.017314174075,104.191236684605,101.974197559807,0.000947418285172904
195,5136,239,179,231,179,0.000868466761408495
195,5136,0,148.314624278417,34.6790352223481,179.381404969947,0.0329227854097584
195,5136,39.0523809514975,142.815256612669,48.3187550635747,153.586089357475,0.00173693352281699
195,5136,232.444712754926,71.6846953470288,227.941125570951,65.332734965967,0.00126322438023054
195,5136,67.5602699727162,0,59.1237195565439,52.0200646862426,0.00773724932891205
196,5163,12.0497860206675,111.188286190407,0,114.374451328532,0.00623896409652737
196,5163,226.830767933544,58.9994481565997,226.794888135737,70.0025920251457,0.00423778693349029
196,5163,221.67466786016,63.7968316030055,223.580703649124,70.1262662303981,0.00329605650382578
196,5163,185.032540634266,61.3645956709741,224.08375773568,63.3645055162127,0.0134196586227192
196,5163,224.612554012324,117.075996565489,225.006255246286,88.0000846989148,0.0161271336080047
196,5163,239.07928298958,124.164415466859,193.150377915709,146.311850692659,0.0183637433784579
196,5163,91.789283676418,16.8802829229656,70.1820525141441,40.2435306684223,0.00623896409652737
196,5163,0.0545349058719012,173.165505281857,60.4200337192599,153.274739508282,0.0266038846380224
196,5163,90.1035827454374,33.3257480406545,62.1698923751033,22.559215469685,0.00682754561506769
196,5163,118.290986792547,164.754849760649,113.751636500342,159.366762091329,0.00329605650382578
196,5163,37.9802577277111,110.80320426342,1.94166924150699,114.418544916467,0.0124779281930547
196,5163,0,52,34,52,0.00529723366686286
196,5163,87.8985203570272,44.3551822656197,60.162648166646,36.4307257826706,0.00588581518540318
196,5163,221.858508486321,164.3477942538,203.971202812634,157.070785137789,0.00812242495585639
196,5163,16.0710398148561,26.8724593404728,0.0336124915813727,17.9396541312316,0.00329605650382578
196,5163,75.6914907996356,33.9659892638528,102.510931587594,42.5313476392789,0.00353148911124191
196,5163,21.9510639185569,0.333729081092977,28.9450315097318,0.128325887789514,0.00164802825191289
196,5163,239.078465610337,95.2912596143303,210.963736913809,102.865393610615,0.00623896409652737
196,5163,214.098136972865,121.798065536989,201.223073097767,115.540987001181,0.00482636845203061
196,5163,216.122990219981,88.0145765538371,213.83308105328,107.33577107598,0.00576809888169511
196,5163,212.00810715975,89.0021415100416,207.731242560444,105.19315806452,0.00400235432607416
196,5163,44.0085419306542,51.0441526833319,68.0750936978529,46.3881544343735,0.00329605650382578
196,5163,57.8529610288915,53.8475615587545,59.8291796146477,38.9772984232167,0.00306062389640965
196,5163,22.7372461314432,5.90020314861139,94.7432264407647,15.8569542987856,0.0197763390229547
196,5163,62.386270927592,18.8985401357583,65.5105213546052,0,0.00553266627427899
196,5163,3.14345488188593,139.692829906014,34.0603146102342,133.291295529232,0.00576809888169511
196,5163,138.121067481912,126.815464574192,165.252337686318,144.615377790496,0.00859329017068864
196,5163,18.5294609621265,38.0665477112054,22.3192660208457,7.91443885103345,0.00576809888169511
196,5163,111.848696968905,179.320466041165,117.099329819478,165.415104434316,0.00718069452619188
196,5163,0,150.698775329743,46.0179043307395,138.065216761741,0.0175397292525015
196,5163,211.807524630117,127.375755053794,212.107175530872,121.149539958446,0.00412007062978222
196,5163,195.70540205753,145.69535222064,201.312726567976,131.942979720046,0.00412007062978222
196,5163,76.8738019864829,55.4000035916023,85.0721614852584,37.4908073585495,0.00482636845203061
196,5163,72.5308442747721,54.9462373872273,73.8268905114368,43.6363794630534,0.00353148911124191
196,5163,0,53,57,53,0.00753384343731607
196,5163,231.922041637446,99.914126499767,211.949427702632,118.045823403323,0.00470865214832254
197,5189,239.08542710879,122.172637377831,135.675228572283,173.343678037693,0.0319148936170213
197,5189,1.56134047682105,154.569240551204,45.0097016849204,139.027121289165,0.00852980640214683
197,5189,39,124,72,124,0.00469618554724938
197,5189,231.348879378728,103.866609971258,227.836544396462,94.6801568453419,0.00239601303431091
197,5189,173.722146894097,22.8544320024811,166.984714876539,81.9982587788817,0.0147594402913552
197,5189,45,113,4,113,0.0066129959746981
197,5189,61.2323352083207,153.67341682392,0,174.799154778875,0.0138010350776308
197,5189,105.3378691904,0,98.2747547055877,40.0484568967491,0.0102549357868507
197,5189,65.5528852482199,0,0,11.1041801426871,0.173375503162737
197,5189,1.88661611981007,24.1543086487044,31.3828608492047,1.49845652432073,0.00498370711136669
197,5189,0,117.760107840612,4.01428495240694,117.67517612016,0.00153344834195898
197,5189,12.040687555937,112.106552400686,0.234731720552944,116.614714444409,0.00191681042744873
197,5189,63.0721446310123,0,58.3412480138602,34.9107298082886,0.0076672417097949
197,5189,156.080715344445,67.1693554260693,157.360786625566,74.1177592302039,0.00249185355568334
197,5189,91.61266801026,56.0956028617912,90.3345679349448,50.9174205774592,0.00182096990607629
197,5189,16.5619611574172,39.9470474356867,21.3909817666182,0,0.00929653057312632
197,5189,166.212891769047,71.577713510074,162.303403123498,73.7412654481157,0.00124592677784167
197,5189,229.795192256566,96.344992755312,238.848136593972,93.5143170395637,0.00258769407705578
197,5189,135.539537690195,80.0343477575805,134.272922030101,63.0542357046829,0.00469618554724938
197,5189,132.532262755564,64.0331480953667,131.039509323547,88.0024605494394,0.00546290971822887
197,5189,218.487221688755,92.2087843102326,223.763247840868,102.125954337748,0.0021084914701936
197,5189,218.475461310727,96.0322333115746,217.39572356593,111.959033826439,0.0031627372052904
197,5189,143.439036033409,38.8611006997803,141.392792546245,61.856985814271,0.00910484953038145
197,5189,126.913440652752,54.330397144135,129.677488844487,120.993796666398,0.0692926969522714
197,5189,203.91032853034,78.9743805811505,209.042219001285,61.012062100481,0.00402530189764232
197,5189,38.9958780698427,113.856816481773,6.99361169678456,114.778089464166,0.00517538815411156
197,5189,23.2282775005254,139.9412772778,20.6293124209695,129.838113969231,0.0021084914701936
197,5189,0.138900033580274,144.411888152301,42.2394957570245,143.331345835984,0.0119800651715545
197,5189,236.085494814197,142.863203061119,239.14170590242,144.773261877292,0.000670883649607054
197,5189,110.05503061951,106.045776665306,96.0412138185854,106.783208514612,0.00239601303431091
197,5189,2.17068816947787,156.578650941635,52.2388542188432,141.809741056277,0.00479202606862181
197,5189,105.533597131648,45.1843607368339,91.4277354257309,53.2504441848922,0.0045045045045045
197,5189,103.826367802842,39.8249224877433,86.7520384157997,56.7582983865592,0.00325857772666283
197,5189,87.8673035901451,50.8355113305696,77.9584243880325,49.2617772019018,0.00172512938470385
197,5189,56.6249213997138,53.9614839667302,58.1596017785028,39.0163891712458,0.00354609929078014
197,5189,163.477427523772,43.0884010613985,165.342116559941,54.1112909634996,0.00220433199156603
198,5216,185.506174746089,71.8516334711601,165.895814582952,83.5071982328042,0.00571280186964425
198,5216,238.913508529938,115.933469895027,230.028881867377,127.483796191895,0.00285640093482212
198,5216,235.469134826809,112.726621760573,123.198259087046,167.228575607045,0.0333246775729248
198,5216,129.829136208593,63.8630199125551,128.30886032065,87.9563895376169,0.00649182030641392
198,5216,101.085081599703,73.0145304712376,129.626212337755,4.75313732751205,0.0740933090972042
198,5216,52.0199322003274,5.94892332524771,100.978683626796,25.054623646319,0.00718428113909807
198,5216,179.79987319871,101.002045855709,179.350117122763,57.006643620875,0.00943477884532156
198,5216,59.6815749731163,0,53.7477172522669,54.9727681544748,0.018523327274301
198,5216,201.617610880826,91.985853819927,202.801174105087,59.9926445948078,0.00978100926166364
198,5216,18.0584044652625,0,13.8846000276446,40.9882489023167,0.0167056175885051
198,5216,3,115,36,115,0.00528001384921665
198,5216,1.81004657861039,115.034872293221,1.73301131415128,119.033388134546,0.000952133644940708
198,5216,223.014770563083,94.0007335345934,224.55542312433,62.977921456622,0.00900199082489397
198,5216,5.01693514789474,112.945719218569,16.8054322700431,116.623631307446,0.00216394010213797
198,5216,153.063836693516,54.0443289788428,153.39455746481,61.0286687687363,0.00233705531030901
198,5216,38.0191595586244,126.269620316602,72.9847164214336,123.78492389242,0.00926166363715052
198,5216,18.9116027169626,10.8282858333668,74.0308656351064,16.7107878498288,0.0114256037392885
198,5216,164.719471254147,81.9707290969394,171.824464770954,13.8773424176933,0.0154072535272224
198,5216,92.1094752551941,101.041238158956,102.276081619538,119.500243658492,0.00398164978793387
198,5216,0,142.01602257627,5.68906472026431,145.506751202822,0.00233705531030901
198,5216,131.792873734062,46.6116084667333,129.401015716367,84.8373766784163,0.00952133644940708
198,5216,153.713243427139,67.0853743050059,156.145371130534,75.2544434990305,0.00259672812256557
198,5216,156.641697829031,51.0001491917228,165.690958926372,45.1941242020945,0.00164459447762486
198,5216,155.247749109638,46.4660103602702,157.333903601538,43.5271676239975,0.00147147926945382
198,5216,184,75,184,90,0.00190426728988142
198,5216,42.0025369913148,35.8593601856313,39.0213349788107,57.003008179184,0.00649182030641392
198,5216,38.7460472152113,0.14452117113251,39.9972052202177,11.0003221053074,0.0032026313511642
198,5216,140.124529437256,38.8382163323731,137.611835710004,67.9665157941027,0.0101272396780057
198,5216,97.7276462046259,69.3490957485473,108.869131216104,64.6872338507225,0.00233705531030901
198,5216,37.7599599180461,125.099395969007,31.9331365387902,111.027686869893,0.00432788020427595
198,5216,16,114,44,114,0.00328918895524972
198,5216,52.9259611151326,37.947625622603,74.8787033769227,6.91419596438524,0.00553968666147321
198,5216,5.37601785582818,16.565748297825,8.49670951089169,25.5237028241978,0.00294295853890764
198,5216,137.55151935165,99.9833209466925,137.812871884391,92.9558505518669,0.00268328572665109
198,5216,0,175.815857667139,60.3973396553534,154.105376618275,0.0107331429066043
198,5216,147.139725552031,61.1737550000819,152.129585633099,57.1611455554293,0.00147147926945382
198,5216,149.86134432485,75.0317495780957,149.30255604488,54.9915637123804,0.00441443780836146
198,5216,208.317693717268,92.6341257459508,212.126338658861,85.5315150987602,0.0013849216653683
198,5216,65.0256077700477,45.6415205444103,53.0154596471107,44.7835826442714,0.00233705531030901
198,5216,116.373182858306,45.8196836965964,131.777111082401,57.5991619275042,0.00380853457976283
198,5216,222.173807521153,89.1702231992982,206.831806277551,104.83527482961,0.0032026313511642
198,5216,182.02897965154,64.6577625387231,179.947810810252,76.643668814019,0.00216394010213797
198,5216,161.680512055703,63.911351819501,215.722910443955,58.3212380360835,0.00484722582878906
198,5216,218.132382752209,83.586690678097,229.94029308093,89.1272460783178,0.00121180645719726
198,5216,16.3390434380113,57.2117108860285,21.7850567384251,48.4902175917327,0.00164459447762486
198,5216,103.655282990659,100.894668059168,101.916368500472,106.585566734552,0.00147147926945382
198,5216,123.579507792074,38.8558693992315,121.222130782902,45.7333725679894,0.00129836406128278
198,5216,45.6008616754606,17.873234453503,42.1697115779024,55.7435685576767,0.00597247468190081
198,5216,110.772059918416,118.613615073186,104.065428886611,127.052001340943,0.00155803687353934
198,5216,106.413333597002,119.304559349103,102.080458446613,110.958231165096,0.0018177096857959
198,5216,57.3916025792732,56.2529171264809,69.7159044404003,37.1706649132302,0.00424132260019043
198,5216,61.0161933008376,14.1687184482377,74.9835071132865,12.828160158255,0.00077901843676967
199,5242,136.537628689376,69.0761536110808,49.4884041134635,48.1256811938312,0.0323626503183212
199,5242,92.5510785105098,103.041234058575,90.0100814986785,137.000754340986,0.00518745578872907
199,5242,130.314072922309,180,240,151.529778918752,0.468403678377741
199,5242,97.3797465102009,80.1404569748568,107.813571390476,51.9310455848388,0.00324215986795567
199,5242,135.553967605762,178.777933292161,142.72872326429,164.367067856287,0.00176845083706673
199,5242,57.3854041343106,59.2230835051328,61.424212245571,52.2455468072015,0.00106107050224004
199,5242,140.637100067863,173.977510642571,140.320777833082,179.081850235125,0.00129686394718227
199,5242,16,80,16,98,0.0011200188634756
199,5242,11.3187688748771,46.0299197916318,15.6391580895547,0,0.00636642301344023
199,5242,102.579984588961,0.958819954811448,111.968649705802,5.0715671065297,0.00182739919830229
199,5242,56.6222955854692,0,52.5892536615598,41.9605210526117,0.00448007545390238
199,5242,6.98247382045256,105.680930032615,207.034526210817,74.4179680145036,0.132339070973827
200,5269,122.217160000774,117.428060564483,115.977110237645,147.789771961938,0.00304936153992758
200,5269,11.6730997080025,0,7.63197045666221,48.9696290337034,0.00800457404230989
200,5269,79.9844091767048,155.027099242227,98.2628567915965,165.543114578898,0.00424051839146179
200,5269,218.3140339636,112.001641224683,218.591100377305,58.9874104524443,0.00681341719077568
200,5269,109.301188721154,179.089222978142,114.848662386743,160.362696092644,0.00547932151705737
200,5269,111.556374999753,175.940085491968,112.12275133979,171.746465077785,0.00152468076996379
200,5269,52.7016670687383,3.89372812991634,47.9458827235263,61.9955703625501,0.007242233657328
200,5269,138.694733897522,81.6864361065979,124.315027553337,75.2916138233879,0.00166761959214789
200,5269,43.5111258025554,49.8480998655185,30.0811898725206,46.6581810256457,0.00119115685153421
200,5269,29.4819868400399,46.0667171551498,28.5550258998093,24.9756064373838,0.00223937488088431
200,5269,62.9627704065789,113.8358885758,104.014951308394,115.66430931066,0.00347817800647989
200,5269,203.783402103969,159.660028387999,220.019408477845,164.988109550064,0.00357347055460263
200,5269,200.716189091757,156.325249118845,203.410142405814,158.675980581369,0.00119115685153421
200,5269,36.1061496418037,50.7024550259148,32.8101485244256,60.6039221518249,0.00123880312559558
200,5269,106.217556607496,122.530093077368,83.8765175140232,131.699125612659,0.00214408233276158
200,5269,32.0005721571544,133.005078431104,72.0554676548732,128.49232743419,0.00347817800647989
200,5269,133,119,91,119,0.00157232704402516
200,5269,63.6587442564551,54.1366629116241,82.6450315533137,46.6318543311932,0.00233466742900705
200,5269,110.014279641138,87.9979849599779,105.15392552835,53.5549407646372,0.00295406899180484
200,5269,103.476551406798,98.0022683657873,103.400393767183,114.001905858445,0.00166761959214789
200,5269,77.3377367779588,155.237142918048,87.1287656939517,168.392670089213,0.00257289879931389
200,5269,197.524509914335,61.9992444033618,197.580692279875,100.999163468368,0.00371640937678674
200,5269,143,179,134,179,0.000762340384981894
200,5269,239.188671793241,149.633523786194,224.866184697859,142.259922929844,0.00100057175528874
201,5295,13.204390799521,163.168605166881,0.0861808068897858,179.071091895338,0.00131233595800525
201,5295,0,1.89529016588219,128.01833106009,15.8316118287126,0.0136602242901456
201,5295,47.9914484506529,3.85475493424023,43.644006621855,63.9742569307541,0.017120019088523
201,5295,224.752988670522,89.0049319654703,128.520908516661,180,0.225304223335719
201,5295,41.0412551090256,164.92378029434,66.1734896555083,178.526995726585,0.00351944643283226
201,5295,108.006175232556,14.8164689328611,79.0053604594512,13.8406844058857,0.00316153662610356
201,5295,214.260941273717,91.0140393549163,214.010565425686,59.9999147057205,0.00829157718921499
201,5295,3.5527136788005e-15,88.8630442636742,129.561840550104,140.631755887399,0.213672154617037
201,5295,53.7842227378722,41.1895608617931,44.3834922037781,31.5816502471872,0.00232641374373658
201,5295,112.110128261704,161.023006877109,108.33973060257,179.07097306452,0.00357909806728704
201,5295,133,179,136,179,0.000477213075638272
201,5295,2.49859875413558,122.832198819081,0.80086935148729,125.889419172358,0.00137198759246003
201,5295,2.35954638486456,127.418441987652,8.28268169688935,122.328986456542,0.00161059413027917
201,5295,106.342461973758,2.77555756156289e-17,105.900328889111,3.12728767860486,0.0011333810546409
201,5295,103.451044337069,3.44978620279464,100.77530857689,0.18410066390729,0.00137198759246003
201,5295,3.94476254518554,104.214868830765,7.93793808857316,105.2414153655,0.00029825817227392
201,5295,77.7874592078198,169.422427736534,83.3710367092144,157.700404511057,0.00172989739918874
201,5295,37.2299942228972,51.7910275820135,156.428699566023,100.520425882067,0.073490813648294
201,5295,86.611815904759,12.5799450687914,100.58103530445,6.29051616057305,0.00190885230255309
202,5322,238.441336054005,114.012823958504,122.389830618437,179.688842459802,0.0434258142340169
202,5322,159.60959515085,148.990847364376,136.041911424701,158.108336320084,0.00559271849983551
202,5322,99.0618363800113,110.569737741705,84.0837700220315,108.417121784133,0.00186423949994517
202,5322,86.4503333948236,0,99.0811932226932,12.920627678443,0.00394780129400153
202,5322,84.4097310603971,0,87.0692847106738,43.1805072483475,0.0138173045290054
202,5322,133.816161221922,86.0814627658311,116.309612507831,70.5261149164326,0.0058120407939467
202,5322,18.0840272373076,32.7920085197309,14.4851480282126,65.9441094227347,0.00975984208794824
202,5322,174.207057792537,89.9437102864778,167.074702194773,63.7078367448804,0.00745695799978068
202,5322,149.806017593039,73.0681853863957,175.95118674464,75.5204330793647,0.00800526373505867
202,5322,1.36629963525446,55.9630796428219,4.34450082406188,4.8452865367984,0.0241254523522316
202,5322,111.906661223006,31.0214124716092,111.593046275842,15.0079699771454,0.00405746244105713
202,5322,126.912473341332,69.9886749912825,127.162371342185,45.9912773155709,0.00975984208794824
202,5322,136.896591401084,45.3816511045176,109.007628791898,50.0456176284524,0.00383814014694594
202,5322,213.267251755954,91.0408599473204,212.629806917218,64.0087295254304,0.00975984208794824
202,5322,215.760741337793,91.0080546621181,215.187950797115,73.9936726212893,0.00339949555872354
202,5322,92.7706419158825,110.75030488303,97.3508428980921,124.886323652176,0.00307051211755675
202,5322,42.771706018138,50.9848453924712,45.5606792641195,8.97083701779061,0.0167781554995065
202,5322,15,16,27,16,0.00252220638227876
202,5322,53.1325342452591,39.7483359617193,67.349404668914,47.235389751438,0.00427678473516833
202,5322,199.476955724746,101.077030195046,200.218916412059,106.115032367188,0.00197390064700077
202,5322,42.8629807577463,66.0319828214542,42.5811260007462,56.0117823620147,0.00318017326461235
202,5322,56.172110756606,24.4257717271088,67.629827915551,46.7046601214922,0.00570237964689111
202,5322,147.749431396164,79.5708129511371,137.892852155641,75.2440903461568,0.00285118982344555
202,5322,30.8856949495067,137.547600548097,23.7878364931015,123.104263058498,0.00559271849983551
202,5322,47.5192948480247,55.3208829047012,101.681240619973,66.5389957706468,0.0123917096172826
202,5322,139.592006858303,67.9032381527631,141.270261823653,60.8269313703439,0.00285118982344555
202,5322,138.187903494802,62.0293092852293,137.098221788914,69.0153206859194,0.00252220638227876
202,5322,155.532306661422,47.9511352965614,154.19871800536,88.0066160253948,0.0134883210878386
202,5322,96.3804524712496,0.322168082328353,103.744398090699,4.45539231687135,0.00274152867638995
202,5322,97.765958631505,2.02618106718933,114.225981668896,31.8753848342126,0.00548305735277991
202,5322,178.583655340694,92.8214795624345,173.490620925406,103.26383263224,0.00252220638227876
202,5322,163.577202877404,94.7575998409523,174.943670639261,101.100935206169,0.00219322294111196
202,5322,134,51,150,51,0.00164491720583397
202,5322,56.0105718608824,50.9976923874942,58.8555801937953,64.0315237737786,0.00383814014694594
202,5322,125.635516317931,79.007526377914,114.701523883664,80.3392880993018,0.00383814014694594
202,5322,116.406347875687,137.123562671393,118.3726271529,140.693003087458,0.00153525605877837
202,5322,113.790803037512,137.818211689228,117.922448863917,133.063627891778,0.00208356179405637
202,5322,89.4541209905643,128.373486324922,83.9412232173718,141.976178951995,0.00285118982344555
202,5322,88.4242631457315,149.61898167652,128.09406132021,123.124573954234,0.0154622217348393
203,5348,133.381452211305,82.0274538343314,133.959413424587,73.9970789076994,0.00273805902038333
203,5348,204.017335671081,82.2595724221876,218.021657661348,81.3242869334899,0.00273805902038333
203,5348,121.551965687128,85.8895654333003,122.800812865302,46.897535577389,0.0120170368116824
203,5348,50.0505310324627,161.124804310488,5.12695364888019,179.31355707256,0.0130818375418315
203,5348,151.579862692171,47.9796416924167,151.006151576465,88.0000881856178,0.0131578947368421
203,5348,156.783934754083,139.073672864933,170.668846649294,179.794865204797,0.00836629145117128
203,5348,39.7002023824809,164.080961763397,22.5264331949571,150.996507142956,0.0038028597505324
203,5348,239.268854855888,111.478808800004,119.004569563583,179.008138023947,0.0359750532400365
203,5348,96.8621506019519,9.15536404322465,72.0502899570109,24.4603680444762,0.00578034682080925
203,5348,100.487756057672,95.7032154835145,79.305713362657,120.404632985388,0.00578034682080925
203,5348,0.921822982111666,6.94682989643396,0,25.6394463710206,0.013386066321874
203,5348,54.5507710848453,23.007635102365,17.4437214440345,62.5391685945459,0.0146790386370551
203,5348,19.4876177663134,125.172639638989,38.0375745146137,164.915950559541,0.00836629145117128
203,5348,49.1759455748403,179.466006112815,105.887665451288,158.053891809069,0.0122452083967143
203,5348,38.496757858043,168.182666161379,14.4707251203664,153.580162268754,0.00425920292059629
203,5348,0.0693945339397261,171.606788237718,35.0690864997093,167.604094775607,0.00311834499543657
203,5348,159.875521022417,73.6020070563645,171.034939634781,70.1117114581608,0.00258594463036203
203,5348,163.274012796322,71.1484759871501,169.76909639692,67.2969925775925,0.00266200182537268
203,5348,106.499005163196,160.910073999011,103.275304846924,178.869920940766,0.00988743535138424
203,5348,166.387085259703,96.8384235202056,176.887499338865,100.337595190363,0.00235777304533009
203,5348,210.269605423436,102.086367056027,208.168580388029,59.9915858544547,0.00958320657134165
203,5348,78.9277259816996,117.833264830659,86.8934877210997,18.8305100201811,0.0171889260724064
203,5348,38.7126735029866,64.9828262676902,42.0026038246614,9.94038484059043,0.0123973227867356
203,5348,103.411450600863,157.394559526499,75.8201617888004,167.509438726188,0.00509583206571342
203,5348,169.330500540642,122.611012650136,139.901619513926,136.795893411532,0.00463948889564953
203,5348,117.523838565264,95.0842643638043,110.24563003651,53.9565318456141,0.00829023425616063
203,5348,78.8298156559219,142.459031212036,73.4685698025181,117.112406601922,0.00501977487070277
203,5348,71.1301791447521,127.719875939281,115.636123507795,100.295253429692,0.0167325829023426
203,5348,0,160.311689675386,31.3918706944882,148.397660724004,0.00943109218132035
203,5348,42.1745474681207,52.5726105295322,62.1157173812015,60.7166593660275,0.00342257377547916
203,5348,128.929453649515,78.9966974506491,128.32220384434,91.9682697228342,0.0020535442652875
203,5348,114.340703891034,85.9921317125975,131.333222462785,91.0174293798987,0.00403103133556434
203,5348,156.408266555651,17.4520883740624,121.644414535058,0,0.0960602372984484
203,5348,173.360211628835,94.5608907842889,166.124663538519,72.6386345858227,0.0074536051110435
203,5348,114.337995897588,119.751428070134,109.818042375176,149.972786133385,0.00783389108609675
203,5348,185.798592350069,78.1049134468347,191.937784519336,76.7235048412487,0.00167325829023426
203,5348,124.928485098784,98.7070417074613,123.263042447575,104.798511597004,0.00212960146029814
203,5348,58.1458118994851,159.347515578558,46.873346946246,171.995907362807,0.0039549741405537
203,5348,132.943565476643,62.1372700628819,133.965803350148,70.004443414307,0.00220565865530879
203,5348,184.855938268679,68.0405845703607,192.973231205684,66.8217264636225,0.00182537268025555
203,5348,148.977449921982,119.686045311457,130.220404020628,134.283214389695,0.00532400365074536
203,5348,111.96054593877,178.926826564775,238.404443243229,110.750100256813,0.0153635533921509
203,5348,4.14839237167511,172.287352363455,33.4550707494093,165.639282232522,0.00783389108609675
203,5348,185.813328768481,97.0959752302992,185.422249840873,80.0361683367294,0.00616063279586249
203,5348,138.121251687093,46.151858309814,130.310254968586,52.3885702233978,0.00152114390021296
203,5348,146.005275030642,46.4491823060594,119.884726368084,78.0049154555935,0.0114085792515972
203,5348,191.394055611284,91.2197901652575,197.016188981106,106.719574534894,0.00334651658046851
203,5348,126.042216703417,167.053639567397,178.341038574863,125.892161965053,0.00783389108609675
203,5348,127.940820934893,158.827595938951,179.679986104537,141.067716006155,0.00486766048068147
203,5348,101.037570226141,21.5451674182952,19.7917094658082,36.2776876315996,0.0494371767569212
203,5348,109.944426383398,136.991771062237,108.32911721115,147.900660546253,0.0019014298752662
203,5348,211.97960465188,96.0114257463444,216.158722844547,103.471294695571,0.00235777304533009
203,5348,71.9813347995123,155.623263334213,61.5259599509975,163.359329918995,0.0036507453605111
203,5348,171.835735007525,99.0022734546275,188.818097324325,108.185637027468,0.00311834499543657
203,5348,166.216348481375,98.3949298780019,173.03736581943,95.0074012907821,0.00159720109522361
203,5348,224.978950637335,93.0366335228079,237.776049155285,100.389755666633,0.00152114390021296
203,5348,8.57926781451423,175.940164510214,29.46385166247,167.649428174249,0.00212960146029814
203,5348,45.8947053935989,166.361842368772,50.2225737097302,179.581879379004,0.00289017341040462
203,5348,184.36809795334,75.2408584212574,187.196385705867,69.1609799096133,0.00197748707027685
204,5374,20,18,21.9999999999999,15,0.0643620011242271
204,5374,107.216702425671,156.777281178113,90.2459194602434,156.073124979096,0.0171444631815627
204,5374,41.0781011455393,179.386646814252,77.9861365810913,171.931367885597,0.0219224283305228
204,5374,123,47,131,47,0.00252951096121417
204,5374,189.957967721723,116.131090187446,198.991192055143,119.027470201229,0.00309162450815065
204,5374,110.832375742224,147.347913920957,136.205827054074,159.572793947772,0.0089938167509837
205,5401,72.7321970641521,167.98346574736,30.9945037912848,178.979137329466,0.0329153605015674
205,5401,48.6649643203443,159.149090118952,0,178.310342984415,0.038205329153605
205,5401,3,156,12,156,0.00450626959247649
205,5401,28.0001815357978,159.013288926041,0,159.395790512625,0.00842476489028213
205,5401,33.1535174758936,131.735587285976,0,145.767556820382,0.0454545454545455
205,5401,101.169476985658,153.969590302273,81.0770050018146,162.188256917337,0.0150862068965517
205,5401,71.6332796618148,154.071052771835,51.5975531242526,161.980553106056,0.0121473354231975
205,5401,100.742757242286,180,97.2145358093479,170.051886369031,0.00960031347962382
205,5401,82.3413606030362,76.0581138929878,84.3830555267384,64.0652121178931,0.00313479623824451
205,5401,81.776351996257,98.005780449317,81.5697204928329,90.0111210868941,0.00195924764890282
205,5401,79.6977667976288,102.106970642826,87.5080794706289,124.174107460177,0.00607366771159875
205,5401,185.332524396354,62.9530640434659,186.61713122381,72.0540420866395,0.00293887147335423
205,5401,238.914610161092,148.823356193101,234.88859410323,150.769537430119,0.00117554858934169
206,5427,155.357565208054,73.8988353004771,149.494021672942,69.707918044505,0.00211466165413534
206,5427,93.2285261683193,11.8879321535368,89.3835643085554,106.975073688363,0.0166040100250627
206,5427,213.296401651128,115.431582571858,200.348517562997,85.9010694675685,0.0173872180451128
206,5427,240,74.806840215064,229.173164901754,38.6031295633403,0.068687343358396
206,5427,157.028788183597,147.075174270086,131.348324205898,156.909575202737,0.006265664160401
206,5427,92.0021653984588,60.5991645419642,38.0028706946289,60.7943195976101,0.00822368421052632
206,5427,86.9855448188286,115.879252798119,1.02041353299363,126.170518581556,0.0101033834586466
206,5427,130.548521885652,70.4880097389873,144.310720062586,58.3523662407754,0.00297619047619048
206,5427,127.575819266517,80.9917802666023,127.40110823476,90.0077726367397,0.00407268170426065
206,5427,143.314623537497,111.394707544877,198.964148380118,98.8410718881906,0.0117481203007519
206,5427,114.417269739619,180,240,114.802214081601,0.03109335839599
206,5427,107.352249760886,158.316673286081,102.430144521577,179.334914879128,0.00712719298245614
206,5427,121.965232998436,48.573990085131,150.97992496155,50.3314313144845,0.00642230576441103
206,5427,73.0306365427187,1.80339962337946,98.3821530148426,113.83372631326,0.0768327067669173
206,5427,83.4639860783076,140.477673862008,96.1192642125675,101.691480018856,0.0075187969924812
206,5427,16.1419207319134,50.6620797400775,70.0240352757943,39.1121278683954,0.00657894736842105
206,5427,139.080124297217,56.371128987461,144.270010699856,55.2506667904942,0.00148809523809524
206,5427,135.446801529639,84.1596555240364,133.177667226496,62.0845287787694,0.0056390977443609
206,5427,140.183493069809,136.394513852022,168.174647643809,123.375496005259,0.00736215538847118
206,5427,146.869700986835,84.0330078476794,146.460358672125,70.0157590146895,0.00399436090225564
206,5427,152.052752395029,50.0399692593679,150.30593126584,96.0495815594697,0.0115131578947368
206,5427,200.989903120656,102.943013586238,174.296350227072,107.672589726261,0.00485588972431078
206,5427,36,62,48,62,0.00172305764411028
206,5427,168.870518188342,100.686881276292,192.897161136463,90.7513104482716,0.0068922305764411
206,5427,213.978300421882,165.073450291314,195.792929555593,159.700906920008,0.00548245614035088
206,5427,195.368484123163,118.009263570076,195.242233549678,123.031229344265,0.00180137844611529
206,5427,0,39.4128425670572,1.7097910479447,7.98421195392299,0.00720551378446115
206,5427,132.562217621497,52.3407681703455,131.138337206226,54.6899625201521,0.00101817042606516
206,5427,165.709684147626,107.956901540283,164.625774814096,64.9590167631652,0.0093984962406015
206,5427,96.0758163418143,111.282581123758,92.9981671012872,122.999518558551,0.00383771929824561
206,5427,185.015654199863,123.02066443498,201.438888029209,110.579357183528,0.00234962406015038
206,5427,59.4256430784296,30.4605908018021,52.6241105417698,62.9212392696692,0.00650062656641604
206,5427,182.860160422244,95.4600295157971,193.764499178316,98.7747258015745,0.00219298245614035
206,5427,70.9837446355017,55.0154158681556,71.343834429017,32.0367292905418,0.00289786967418546
206,5427,63.0121083423278,65.3681574789661,75.3247065855626,36.0791851798932,0.00681390977443609
206,5427,67.0010297109218,40.8975643019891,40.2670482087977,32.2715967140008,0.006265664160401
206,5427,39.6060570630413,58.041603912715,42.7630725797775,12.0523825344844,0.00681390977443609
206,5427,240,86.2412550878405,236.794815953943,45.2185513396729,0.0606203007518797
206,5427,15.7373109975763,35.2054116810446,12.4310015573563,63.1691950582735,0.00673558897243108
206,5427,57,62,91,62,0.00328947368421053
206,5427,195.253223373093,133.658707320661,188.405405333709,148.642299898814,0.00234962406015038
206,5427,236.804935162449,165.840587172118,238.595546489645,174.882055407096,0.00211466165413534
206,5427,124.491097522973,47.029349253245,122.641492075581,77.9785746427708,0.00791040100250627
206,5427,184.109733814304,116.776571746335,197.77742499594,123.489276435573,0.00219298245614035
206,5427,8.95096862673921,23.8094900794269,20.3248163540897,19.9596198011073,0.0012531328320802
206,5427,5.00630702044856,19.145984285323,16.028936311595,18.6697689982987,0.00140977443609023
206,5427,37.359025189911,31.5161096336449,66.3478151493484,41.7020526000874,0.00681390977443609
206,5427,76.47801263998,163.608704018208,73.3137358277762,159.74317924154,0.000704887218045113
206,5427,212.907806219887,166.310897407194,198.029949119682,161.899005077725,0.00093984962406015
206,5427,239.053532746011,169.333391551544,230.941542086777,170.635935463024,0.00109649122807018
207,5454,50.0896076026583,155.250849836181,0,173.143664612184,0.0175109125977058
207,5454,1.62228404537304,54.1186064228256,4.99408213788178,7.99956734059081,0.00710587757588062
207,5454,98.3900463137261,141.194879814933,113.592168744936,110.796048061287,0.00593848340270023
207,5454,159.309885707867,109.464249827806,122.012445306172,101.938322805438,0.00598923967109938
207,5454,9,9,34,9,0.0018272256623693
207,5454,147.898536405968,55.7165753961598,133.604036014541,45.7088749294594,0.00314688864074713
207,5454,161.563562075096,175.990477846074,144.783224016365,0,0.188153486955639
207,5454,205.963539388894,65.817975223768,186.157296074934,69.7852798396214,0.00233478834636078
207,5454,182.930657814897,67.7088150869818,197.801737358696,64.1674463405301,0.00147193178357527
207,5454,125.743289184268,48.6162437150748,0,53.672774838542,0.0359354380265963
207,5454,154.713881621343,49.0139978898413,153.79150030183,96.0547361250784,0.00974520353263628
207,5454,189.108678051657,64.8661337248564,191.649867358695,104.895260636105,0.00812100294386357
207,5454,45,12,60,12,0.00142117551517612
207,5454,88.0005011069648,113.005305139287,0,121.317558903981,0.00908537204344737
207,5454,11.0974575048466,123.483478244001,14.608598302703,117.348298573971,0.00126890670997868
207,5454,125,48,132,48,0.00101512536798295
207,5454,152.007539298526,48.910861830718,137.030104384198,47.644071701678,0.00248705715155822
207,5454,212.810145041236,166.430334125383,194.788447291785,158.479515258672,0.0027915947619531
207,5454,215.668682849567,128.893711304925,210.839051560929,143.948366694749,0.00126890670997868
207,5454,237.197609495869,154.050278325892,238.931152063794,147.236915572869,0.000659831489188915
208,5480,78.1320181006284,169.511883120929,7.51140728613437,126.346924561957,0.0902170108505425
208,5480,103.695222292298,177.320082530794,180.875959776957,142.72328319165,0.0286139306965348
208,5480,145.380764047564,114.533206629616,192.088751974218,126.65810635688,0.00700035001750087
208,5480,197.009885810851,136.998748903539,149.106594876821,112.825443568236,0.00743787189359468
208,5480,88.1202818804478,151.462525448134,96.0313483975713,166.509283606353,0.00472523626181309
208,5480,87.7422791483543,152.274521389143,81.8149648042277,168.301403145508,0.00367518375918796
208,5480,35.4856699362731,161.650123869205,3.74062883693809,136.535788301748,0.0315890794539727
208,5480,190.398182149706,145.553417438129,43.3408577843377,50.1754448983713,0.218760938046902
208,5480,88.0063726766662,1.11022302462516e-16,102.706066700329,8.82374627098416,0.00332516625831292
208,5480,87,58.0000000000001,0,58.0000000000001,0.0204760238011901
208,5480,26.6924890858252,160.093469804303,0,169.148029442075,0.00691284564228211
208,5480,16,50,0,50,0.00227511375568778
208,5480,139.315250144047,68.8803115775661,136.614485215597,61.7667034656363,0.00140007000350017
208,5480,10.0232745295602,118.702805795253,0.0842318273339604,117.924437511222,0.00227511375568778
208,5480,156.051150030346,48.4688582818902,129.012997971576,45.865029113218,0.00376268813440672
208,5480,18.8941907722675,178.011366081666,28.8021564775908,166.929084054092,0.00988799439971999
208,5480,57.7427145166653,57.014064516246,57.8380807033186,51.9779971544139,0.00131256562828141
208,5480,6,16,27,16,0.00271263563178159
208,5480,0.0634896850155959,24.2490286662608,86.949723042424,31.5946880013332,0.0130381519075954
208,5480,0,57,74,57,0.00743787189359468
208,5480,46.0082612899039,164.193188283148,27.6996384831941,164.976117963369,0.0096254812740637
209,5507,96.4789166292024,0,91.8340315950912,81.8202699738447,0.00981983444246064
209,5507,169.472473502734,155.10582082225,177.366949427437,119.85821441472,0.00304333712059731
209,5507,135.564905231057,77.0937910797305,140.783674160135,80.3470252973293,0.000892712222041876
209,5507,136.004497377968,85.9992411981091,134.773104210567,78.7008401701131,0.00146080181788671
209,5507,100.871476815572,91.0860407820449,82.1896892939145,114.153624029274,0.00219120272683006
210,5533,238.938199951852,112.857030106774,106.595193202596,170.063509069383,0.0293907095132039
210,5533,210.180107722308,180,240,128.794994760111,0.457047406936048
210,5533,18.8659380630121,157.97278092583,26.3974909159565,120.877670427453,0.0031021317212854
210,5533,218.156918447064,115.707142336617,229.127784280991,110.391491937508,0.00198854597518295
210,5533,40.0266038888372,107.202364265669,0,112.464475720314,0.00318167356029271
210,5533,46.9674214149645,177.691122906206,42.7564275389435,119.885312181102,0.0266862869869551
210,5533,2.44100892888732,148.187757477674,0.325861945998071,141.890547416207,0.00115335666560611
210,5533,85.6629998934097,87.9067429080854,110.500627381085,21.2228545852169,0.0434298440979955
210,5533,8.99766718333431,50.0358135428454,4.08365486667094,49.7157254164849,0.000596563792554884
211,5559,112.303888198625,129.569312994942,25.5372920338364,152.454247000358,0.0407729126041482
211,5559,0.0044813791414443,46.5747917053543,107.003135661287,47.7024779323179,0.021893281333097
211,5559,107.791695640749,166.485740969253,206.756665984795,126.399260220683,0.0162205282751285
211,5559,36,22,60,22,0.00195000886367665
211,5559,58.0171518602984,140.056468737343,0,157.678645723093,0.0214500975004432
211,5559,209.167323054308,84.049525852736,205.30720560393,97.0909296065796,0.00221591916326892
211,5559,130.037487945862,87.7019740646759,141.176442863248,39.5029835411627,0.0121432370147137
211,5559,108.934856208643,126.339243948336,87.4089349167919,95.8837662939707,0.00753412515511434
211,5559,30.5033067622578,115.167400138678,49.7753567995599,126.713302956837,0.00398865449388406
211,5559,224.490609194464,88.9489675946154,221.452843244644,59.7448590604942,0.00930686048572948
211,5559,212.983044211907,90.0435193907109,215.925930147583,91.1901105881678,0.000797730898776813
211,5559,174.57405354758,152.86185970744,177.750088488346,166.060138726569,0.00168409856408438
211,5559,200.031635698062,147.969499823898,207.383148938838,155.594709999987,0.00106364119836908
211,5559,184.368319232271,94.0986348635315,185.751537974119,88.933462562179,0.00088636766530757
212,5586,114.71835692483,178.713855491161,119.757040587732,131.292947901537,0.0162472258280642
212,5586,110.652458551732,164.150922323064,239.216014972887,111.527745661059,0.0204765294585654
212,5586,240,55.762512253985,109.840755565054,0,0.352330304426113
212,5586,3.97946307308537,109.225364874959,5.17262918247321,104.039720286748,0.00108873162765378
212,5586,240,131.709260690298,137.731556612099,0,0.252292617562079
212,5586,146.94058644587,170.6514283776,140.465982360725,180,0.00133997738788158
212,5586,139.13285499139,177.054664678342,143.230872847593,167.094995226146,0.000879360160797287
212,5586,139.072943354926,172.258265813299,130.87924604673,174.572454297148,0.000795611574054688
212,5586,230.35664077944,179.479224714358,239.371284364849,167.274231719708,0.00133997738788158
212,5586,237.852079165207,168.150681192862,225.529213882023,170.296881776682,0.000963108747539885
212,5586,240,100.851162972474,231.567074556074,92.0921422152377,0.0067836355261505
212,5586,70,46.0000000000001,0,46.0000000000001,0.00339181776307525
212,5586,165.863383281307,166.730240030316,158.283799863916,83.4190533357233,0.0627695657635777
212,5586,231,177,239,177,0.000376868640341694
212,5586,229.684338857877,120.878113231451,224.667184616535,133.871489435345,0.000544365813826892
212,5586,22,15,19,14,0.000460617227084293
213,5612,187.313116960644,90.7862535487286,211.984521922641,80.9611337142956,0.0064293368258126
213,5612,21.9999999999999,21,21.9999999999999,1,0.0311941897844982
213,5612,190.097515050688,85.5933353249372,164.668714022269,47.5433044803479,0.0135730444100488
213,5612,166.983816471773,73.9753952885116,166.583915356267,57.9853965965332,0.00464340992975354
213,5612,172.452007081833,40.9826971383159,171.188274112632,81.0059447500535,0.0117871175139898
213,5612,28.3246342524258,178.862946018825,34.0193305400909,150.800989827838,0.00821526372187165
213,5612,231.215587933892,85.026547840677,232.564849262536,74.0695564355463,0.00380997737825932
213,5612,230.122518048946,84.995621616157,229.155032932847,57.9229863562517,0.00857244910108346
213,5612,35.3653658122577,152.256388098845,42.3769567216948,142.264521786055,0.00226217406834147
213,5612,238,156,229,156,0.00178592689605905
213,5612,210.044605166989,87.9975853091332,208.149580257128,52.9919025058053,0.0114299321347779
213,5612,209.654648954538,138.292906203946,210.659794270136,129.183136846838,0.00309560661983569
213,5612,25.5670984265853,126.036918906403,57.0580742751194,153.751559340633,0.0125014882724134
213,5612,233,83,212,83,0.00261935944755328
213,5612,232.109197298034,154.444775040675,213.059355408843,150.698201282875,0.00238123586141207
213,5612,71.4300884633983,139.830061572729,60.3073594573039,145.593197205307,0.00202405048220026
214,5639,240,38.2555187115967,3.06145604014594,5.1132429705145,0.120123971358341
214,5639,146.198060209325,95.3501448549254,71.2913705362253,92.1595003781426,0.0127177514160522
214,5639,238.77403974532,55.9811723316756,95.7642753332771,64.0219557280153,0.114299454953511
214,5639,66.0655388074993,135.240114203158,0,153.27260279936,0.0153895479320295
214,5639,23,12,22,15,0.00732072245377792
214,5639,151.983242970124,180,197.584096354962,83.9044912982973,0.101955755049695
214,5639,141.072146995096,35.3665417397445,174.099300493551,39.128131146651,0.00304584802821417
214,5639,59.6719080999281,162.058943664838,77.6029888228313,133.748543313505,0.00304584802821417
214,5639,10,103,51,103,0.00363364326172919
214,5639,0,135.121342197487,54.56549640766,122.169462315646,0.0117024687399808
214,5639,28.018078375062,179.002752588757,35.7885890735285,127.967810860358,0.0076413380356952
214,5639,213.126914845247,109.692312371387,199.752509460563,104.17564406293,0.00213743721278187
214,5639,0.652004893331052,136.998088714707,0.547624626271551,156.003007705782,0.00187025756118414
214,5639,2,43.9999999999999,80,43.9999999999999,0.00614513198674789
214,5639,116.991552884197,102.951436853007,100.153124940487,105.880327577637,0.00187025756118414
214,5639,142.989380249679,31.3146889142108,116.461021790465,0,0.00454205407716148
214,5639,115.711388284067,159.256020927848,239.144546564492,111.372610025848,0.0173666773538527
214,5639,64.5708632231177,132.263239970147,55.9429779083529,150.973705621426,0.00448861814684194
214,5639,58.5321036951873,127.659342632852,37.7165308686493,156.249740338462,0.00534359303195469
214,5639,47.015390030413,140.532886057665,55.131087286287,125.068795817476,0.00309928395853372
214,5639,232.173483044425,155.584160393324,213.50272877362,147.794956958593,0.00625200384738698
214,5639,45.7464489899642,139.131435183205,31.9612474960828,112.53846610841,0.00331302767981191
214,5639,9.12858219632339,105.056239070386,0.0250775615381436,103.815937015649,0.00138933418830822
214,5639,0.603039723080317,106.359514931469,4.11380007733259,104.183613461011,0.00106871860639094
214,5639,189.777473771204,167.478191108357,183.625637561854,146.522765315524,0.00368707919204873
214,5639,36.2199098806738,123.534435517855,25.6817359006117,118.556717776593,0.00165651383990595
214,5639,66.5405753792195,96.9239407756547,63.721219602185,113.953847008059,0.00325959174949236
214,5639,57.090601757397,119.379899000574,48.8468990355661,99.6462098977921,0.00277866837661644
214,5639,20.3515573905633,147.824084321552,39.8218639273571,115.891385193413,0.00304584802821417
214,5639,145.376860464326,8.29520313485982,98.9575923066998,0,0.020519397242706
214,5639,115.246113790745,10.7702237486649,122.496665678508,18.536304010316,0.00085497488511275
214,5639,70.24571105739,139.084615349331,57.85892046272,124.561604217177,0.00331302767981191
214,5639,57.381366819244,152.320668547866,60.4945659026957,129.201254285495,0.00363364326172919
214,5639,46.2833733393947,121.737135175669,27.3396434569179,117.486365105934,0.00213743721278187
214,5639,68.1220025358386,113.104858525018,49.0670860056573,110.507785099367,0.00267179651597734
214,5639,38.4435642470082,120.354333563406,47.8362154781464,135.104296592998,0.00181682163086459
214,5639,6.38928450527518,150.444483985256,24.4945167236169,130.540204796437,0.00283210430693598
214,5639,37.8769286057804,128.065273189387,44.1613463869246,139.914426960567,0.00149620604894731
214,5639,83.3457917437913,110.903734258145,74.7917488943688,97.2508631692377,0.00475579779843967
214,5639,22.5432772134507,134.878641579307,19.7975615430329,145.211924633758,0.000748103024473656
214,5639,29.7822397763706,146.68740620541,9.30685091782518,134.485105944791,0.00154964197926686
214,5639,26.8043631624926,138.814261322008,34.1174233830933,131.111482398811,0.00128246232766912
214,5639,48.7513101192964,132.085317335939,46.5937553727739,125.796302018959,0.000641231163834562
214,5639,52.8417555161187,123.815336717111,46.3351369353816,129.391087797736,0.00112215453671048
214,5639,41.9068906403847,139.670216051148,27.8945174069076,143.626391307718,0.00144277011862777
214,5639,0,145.71910010899,20.6903693135666,157.968475346185,0.00299241209789462
214,5639,103.011357965649,131.389179879666,85.9986456606636,131.072835025391,0.00293897616757508
214,5639,103.042804175546,134.621430360387,77.0284681399605,136.413300016864,0.0026183605856578
214,5639,123.27855322475,153.695171832302,126.015761428225,96.730595466971,0.026183605856578
214,5639,74,161,77,160,0.000320615581917281
214,5639,232,77,232,86,0.000801538954793203
214,5639,155.143467381965,40.0075043950758,1.69633668293849,16.7891352356111,0.0454205407716148
214,5639,18.5716524798936,133.248312361571,0.421735156556824,119.445444365196,0.00331302767981191
214,5639,45.9257456380259,143.734007590302,77.0153646160794,135.055038803733,0.00283210430693598
214,5639,49,104,8,104,0.00272523244629689
215,5665,0,19.1875976641323,82.9901793769638,20.583755728196,0.00727464845972527
215,5665,30.1521567326038,20.8561084077438,29.3445156573954,8.77638818029475,0.00223522718036251
215,5665,240,118.376321666037,169.515946420824,0,0.308989677314476
215,5665,81.9799207426233,38.4191397793535,67.307604474456,1.48060777294664,0.00284483459318865
215,5665,39.8737063373881,180,53.0457446017752,96.3220277145558,0.0232057221815817
215,5665,28.5233702811181,79.3956956705395,100.320188439359,19.8566402913614,0.0569779728521499
215,5665,44.0821900910368,135.637220706704,17.1074099402623,129.525902675983,0.00227586767455092
215,5665,75.0655683357277,180,95.5400817292759,90.3818229965352,0.0488092335202796
215,5665,83.0970060737181,180,106.786596061504,162.678504948595,0.0570998943347151
215,5665,149.799326889382,161.94624606377,150.941915092217,178.936657149317,0.00154433877915955
215,5665,144.551870019773,160.87037205893,137.265618569102,176.661138178754,0.00154433877915955
215,5665,141.753803297265,178.20933202253,129.184012207559,54.9418033321784,0.0570186133463383
215,5665,114.250200586314,102.886278899468,137.668786353091,64.5387348983253,0.0232057221815817
215,5665,99.0104883530205,156.025000558114,101.918244976108,154.805124672873,0.000243842965130456
216,5692,161.578905712548,49.9436273159593,186.892894923387,61.2400110354897,0.00300836222720783
216,5692,165.470906894467,48.3321116698749,159.238945092207,57.1685183515331,0.00107077299612482
216,5692,20.8142634728857,25.5966645385296,24.767543240021,24.4373481112356,0.00056088109320824
216,5692,238,54,238,75,0.00198857842137467
217,5718,40.8580631062192,132.42858611703,0,142.57756348009,0.00965290614089135
217,5718,62.3388423597467,138.417515933409,80.6441479214648,123.561524973335,0.00349147668925857
217,5718,164.512342301888,67.4423218816959,177.289267609786,33.3586978903097,0.00533990552474841
217,5718,188.657334759587,34.4054462227279,157.136073943105,48.6725280338689,0.00677757239679606
217,5718,54,168,53,169,0.000410761963442185
217,5718,32,19,43,19,0.00116382556308619
217,5718,172.510246024372,178.236166271517,139.99256527109,156.514138679056,0.00657219141507496
217,5718,154.302137813438,61.0769258315897,156.082182553405,30.9457784962558,0.00814677894160334
217,5718,153.125348519535,48.6489508189709,136.464258559715,42.6998044509947,0.00424454028890258
217,5718,0,125.015466872568,58.7735038307257,112.901138165069,0.0159512562470049
217,5718,0.755914003908625,112.116502749526,7.68660929529941,102.357127776297,0.00246457178065311
217,5718,189.987372539939,179.11372431918,170.011581220803,176.895698228719,0.00280687341685493
217,5718,237,52,214,52,0.00232765112617238
217,5718,175.346583867516,51.2795550962727,195.187686339658,88.3645679327705,0.00807831861436298
217,5718,216.974852124869,88.0689477808202,180.134297330933,74.6317978004177,0.00547682617922914
217,5718,40.6595099451493,95.9344839447232,17.8384688426459,91.9177343831998,0.00376531799822003
217,5718,63.9206859666049,130.112700243821,46.2349412390026,117.66616330319,0.00273841308961457
217,5718,4.02167518324651,27.1964603700204,67.0270492726667,20.2451702509941,0.0065037310878346
217,5718,152.470457664537,17.7062694891806,28.5238832061892,0,0.0550421031012528
217,5718,176.961226906912,63.5938882170859,102.23175394692,112.416027994474,0.0303963852947217
217,5718,151.549098071889,51.1895361252206,149.108640454047,71.1356450051394,0.0038337783254604
217,5718,213.150775840115,46.9773681734637,219.052057996647,86.2923909128212,0.00896830286848771
217,5718,160.786097124394,29.8709674416349,161.777487877262,43.5940168431461,0.00520298487026768
217,5718,137,111,126,111,0.00123228589032656
217,5718,13.9283475866592,116.75418133097,65.8861114226542,101.609281290112,0.00766755665092079
217,5718,135.911501990272,111.628404401526,63.9446968294795,128.76778670153,0.0138974464297939
217,5718,209.887567339066,69.1080218332591,182.484295291059,43.5530027742467,0.0158827959197645
217,5718,0.402407319038075,93.760980545226,6.35786228258052,103.787439135374,0.00219073047169165
217,5718,6.8918115366976,92.5802556714415,0,110.775679686942,0.00280687341685493
217,5718,135.818943677663,2.77555756156289e-17,137.145809820496,10.8600059461775,0.0026699527623742
217,5718,160.316150227475,130.377975919511,132.800360908373,116.392788970581,0.00568220716095023
217,5718,183.70967026051,34.990594894725,182.8338373277,62.0270117965283,0.00376531799822003
217,5718,71.2786468992947,122.170005588208,68.2418049077818,127.147527877336,0.00219073047169165
217,5718,146.980719591266,64.1431108377474,108.996531687631,59.0257439090395,0.00547682617922914
217,5718,29.3332769847228,178.982365098967,29.5711616017754,169.988657174661,0.00219073047169165
217,5718,25.0589017296219,178.356919232779,23.7484634288372,171.230126150536,0.00198534948997056
217,5718,0,35,73,35,0.00739371534195933
217,5718,185.691721792974,97.709166680634,187.928826084444,103.029924958739,0.00205380981721093
217,5718,151.758213888956,177.863393983085,127.762859228403,161.856430353373,0.00438146094338331
217,5718,62,104,88,104,0.00355993701649894
217,5718,138.357645687895,6.83517307222407,155.01543169644,11.9497400467481,0.00294379407133566
217,5718,151.577882764365,61.712517756079,147.936648677057,45.9372502116075,0.00424454028890258
217,5718,217.40896642885,106.848012078224,166.518481588584,89.5784568582314,0.0114328746491408
217,5718,154,80,172,80,0.00184842883548983
217,5718,59.0891447704874,113.544113484219,69.6611246059476,121.452983046974,0.00410761963442185
217,5718,89,36,58,36,0.00294379407133566
217,5718,239.317381994169,54.223805181637,215.371853898818,60.4338454497909,0.00397069897994112
217,5718,53.0151030081718,30.3804665051794,0.978013647283298,32.4461321423776,0.00766755665092079
217,5718,13.0731735110453,91.9896820732898,14.1597372961766,99.695463415424,0.00143766687204765
217,5718,235.823331571542,68.0969010622491,196.105017322614,89.470744908783,0.0149243513383994
217,5718,186.067944804,93.7976004589438,148.296168246709,81.1177497957068,0.0065037310878346
217,5718,239,54,239,75,0.00171150818100911
217,5718,134.159798824784,3.93714196000327,132.611095152339,0,0.000889984254124735
217,5718,111.143625614631,89.5339356216796,137.323371729955,180,0.0577805161908674
217,5718,158.721420698889,107.723390295473,156.45939987476,101.823855256977,0.00212227014445129
217,5718,28.7377962803252,92.6162107660945,62.0049772967211,95.9503376333333,0.00622988977887314
217,5718,170.807187376117,45.8409433356031,0,121.016961122795,0.0600397069897994
217,5718,9.66734994252235,131.33587427531,19.6638095445872,126.328805978487,0.00130074621756692
217,5718,211.033472890871,130.779582402981,219.001575055629,131.98962832406,0.000753063599644006
217,5718,39.9659143442943,173.821176265133,12.0279145699651,179.146448338899,0.00444992127062367
217,5718,235.175092666458,137.065872017368,239.296276316757,126.111462798974,0.00136920654480728
217,5718,188.0433538767,43.9304850581336,211.110613021881,67.6462920380404,0.00438146094338331
217,5718,195.539549615607,45.9988833556249,198.120769434809,52.356946347261,0.00150612719928801
217,5718,67.9222654363019,123.428979286921,52.8728109173266,120.701894747893,0.00198534948997056
217,5718,151.908506670004,165.553316949062,115.921435223228,166.899047856964,0.00342301636201821
217,5718,221.116144445963,144.763966458207,237.56257129222,152.85671937635,0.00390223865270076
217,5718,111,37,87,37,0.00246457178065311
217,5718,165,32,157,32,0.00130074621756692
217,5718,111.990367157203,59.4476580899024,143.997065162809,60.1363879426439,0.00431300061614294
217,5718,44.3066955803415,38.104695320055,49.1088670035718,24.0371634497298,0.00198534948997056
217,5718,121.009574788959,33.0001882436186,120.51786978633,58.010181496735,0.00349147668925857
217,5718,118.383562956205,58.4551702803692,121.34824298854,49.4435505708989,0.00225919079893202
217,5718,32.8038799623407,171.067532602804,34.8269739869057,146.985464375822,0.00314917505305675
217,5718,233,51,219,51,0.00157458752652838
217,5718,62,88.9999999999999,29,88.9999999999999,0.00219073047169165
217,5718,229.460547164249,75.7530719437565,192.411559497346,103.309251476737,0.00759909632368043
217,5718,193.591132074743,79.9326619273706,211.180404663579,89.674264391758,0.0019168891627302
217,5718,20.9125055584334,135.696819339525,67.1056282675207,122.366016941629,0.00479222290682549
217,5718,185.189906745748,34.8302599264567,152.246461637587,29.4819072490478,0.00280687341685493
217,5718,219.368136041437,130.898721616628,215.832248501641,118.046150332077,0.00150612719928801
217,5718,137.823562834998,177.145520608288,131.553566529926,169.543433277442,0.00102690490860546
218,5745,57.6632590446441,110.325774984909,0,121.923726732495,0.0310508839630261
218,5745,28.9790675252117,177.326679512423,25.9023160675025,167.711275544404,0.00457686439917437
218,5745,16.1661300717185,139.133138459383,18.4587743210232,119.052378810724,0.00493583415597236
218,5745,16.1816929890813,101.776902710968,3.65316217265917,140.88889934593,0.0123844566095306
218,5745,122.009222945503,87.2027963324273,2.93715086264885,92.6180581305097,0.0218971551646774
218,5745,44.502829004431,84.6869424392259,26.4417134889787,91.5255328027819,0.0036794400071794
218,5745,208.091619998391,106.237620991289,193.865466124447,179.168820126435,0.0177690029615005
218,5745,112.646369908883,123.734572198541,101.11293612155,102.481381485027,0.00502557659517186
218,5745,2.21808251996911,97.2792674960944,9.42028623275994,89.4656487856047,0.00233330341918693
218,5745,5.40378070591057,90.4154139421481,0,95.9267296408684,0.00134613658799246
218,5745,0,141.026633805501,6.01599281883517,143.446413176117,0.00260253073678543
218,5745,117.365032218342,83.0111083298896,107.330516042642,109.748745653244,0.00762810733195728
218,5745,64.6619353181611,99.9608192705735,63.632686093751,108.841532230133,0.00296150049358342
218,5745,146.94369286175,157.524966609112,152.160427224584,177.959043600767,0.00583325854796733
218,5745,163.293668890791,161.196468594899,140.788617829217,171.69113392035,0.0102306380687427
218,5745,51.9385743353979,165.742256015301,0,178.120280863333,0.0211792156510814
218,5745,224.032254226759,50.978252737754,235.10760854399,61.9346517479481,0.00547428879116934
218,5745,54.0152399697795,128.069539954882,128.923950253541,111.652985142752,0.016602351251907
218,5745,42.0850663304628,163.369992437693,0,173.045925768488,0.016961321008705
218,5745,55.8188694778914,126.212881330019,0,139.057832615813,0.0139998205151216
218,5745,10.9703146891227,138.783378681884,67.9957165459216,130.968742538275,0.0101408956295432
218,5745,239.017564011096,152.511608241314,232.989397489317,152.294817556793,0.00224356097998744
218,5745,44,30,12,30,0.00574351610876784
218,5745,125.415470512367,116.099665991784,115.734386916296,156.456508781573,0.0277304137126447
218,5745,40.0074493137661,117.745889275984,48.0583248446384,128.459144299545,0.00332047025038141
218,5745,205.836819961126,91.1844248985708,177.076696246156,62.9401674018198,0.00960244099434623
218,5745,151.297458623133,177.549967373374,127.930531525318,162.105100601219,0.00421789464237638
218,5745,214.920322354573,98.1988439543981,227.848107332512,103.379064146358,0.00215381854078794
218,5745,116.11866337137,122.972370862143,104.601530075539,100.68909853279,0.0036794400071794
218,5745,78.5800640756407,30.7901033440109,65.4289266562353,35.3546543916202,0.00269227317598492
218,5745,6.97564761503942,120.208105298373,2.2966872228668,138.077684413032,0.00457686439917437
218,5745,0.330406371771462,138.056330087738,3.28805321098102,120.708134827089,0.00260253073678543
218,5745,109.246689860993,103.343408362963,105.835915640574,98.8919361320368,0.00197433366238894
218,5745,31.4282287780806,117.639044288725,27.4692912890521,134.878123267834,0.00332047025038141
218,5745,29.5787746868953,130.800667573629,27.7996163414306,107.783597100949,0.00403840976397738
218,5745,48.6853765136378,100.79502337239,50.8876557244499,86.670642423138,0.00224356097998744
218,5745,29.5931974502624,118.251224299693,47.9898031463318,135.011192592551,0.00233330341918693
218,5745,47.0916525434312,129.407317690983,19.9786632827315,130.439576306069,0.0034999551287804
218,5745,132.000534911536,117.768492935135,136.432025466572,98.636808542683,0.00753836489275778
218,5745,37.2445006871262,123.012867675768,37.5676850853256,116.871991199471,0.00224356097998744
218,5745,9.79132285722006,111.046285549808,3.03161684983109,103.750134652472,0.00278201561518442
218,5745,0,106.805992308183,17.7555993916383,99.831854956366,0.00457686439917437
218,5745,35,12,46,12,0.00206407610158844
218,5745,45,33,0,33,0.00673068293996231
218,5745,194.02075121009,165.996926711299,190.456748123881,141.932354843789,0.00619222830476532
218,5745,199.608923979032,126.70137456214,193.393362325184,155.655099454025,0.00682042537916181
218,5745,40.0395215960175,179.072298759924,40.7995161104061,126.097548263956,0.0275509288342457
218,5745,223.719862969421,104.695674387934,210.80125311244,99.4935553113814,0.00323072781118191
218,5745,219.487228251835,101.109088748091,218.37344898048,106.083613956299,0.00107690927039397
218,5745,61.6223035338741,90.8837390678949,55.0377837712855,93.1116678378968,0.00179484878398995
218,5745,0,130.533849085592,0.723172339553126,121.976605305167,0.00188459122318945
218,5745,123.082575286543,78.6939028721101,117.377701646641,95.7923712585242,0.00421789464237638
218,5745,48.1189429106925,166.133520085007,48.902689244042,130.21608436767,0.0116665170959347
218,5745,161.317165620271,58.3954777310461,173.55283993928,62.7302435981922,0.0034102126895809
218,5745,235.93448996965,143.854115326212,224.079724821277,149.17753967572,0.00233330341918693
218,5745,220.111151829268,146.968953064355,237.983293626067,155.037007519657,0.00538454635196985
218,5745,216.788569583302,86.8661984098424,201.940921611637,83.2420352135485,0.00233330341918693
218,5745,202.778638810224,81.3598981259649,220.70920446474,75.1591174258261,0.00161536390559095
218,5745,46.071793609378,109.583581878212,33.6292616106656,100.168405613829,0.00323072781118191
218,5745,33.9305426265749,114.013059050521,32.2620362576649,105.138748491608,0.00233330341918693
218,5745,45.5619362494706,115.120934230412,48.9567840973189,125.014828480122,0.00188459122318945
218,5745,212.02772057517,104.12925641156,217.012894839776,103.060126483917,0.00116665170959347
218,5745,194.390627042771,77.0195201355497,193.396567164336,45.9872967044064,0.00610248586556583
218,5745,28,9.99999999999999,0,9.99999999999999,0.00448712195997487
218,5745,23.6522800408931,134.048388998853,19.4807763723749,104.072255592075,0.0035896975679799
218,5745,20.3999175715453,134.128287142011,19.0858722038982,127.981642022672,0.00134613658799246
218,5745,203.479537461923,118.352372662555,198.707389198576,136.924814294451,0.00448712195997487
218,5745,181.296407903684,96.6317506381292,190.29551699344,103.875231106828,0.00260253073678543
218,5745,50.2420471282113,122.868167692708,55.9678588619172,114.676515227106,0.00224356097998744
218,5745,153.354928702304,103.25026335662,166.91822131638,91.5804445677715,0.00538454635196985
218,5745,118.037087789964,179.785867077475,113.205759291616,167.718338137883,0.00385892488557839
218,5745,144.755832408619,62.6386702332689,159.844360104082,68.4071079542948,0.00314098537198241
218,5745,183.850760842653,34.9909806127705,182.157438426607,63.0095149165916,0.00574351610876784
218,5745,134.16275964709,21.2355156190633,121.155282479512,30.2246960468753,0.000987166831194472
218,5745,233.042508560509,65.0936779826275,236.227651439086,67.8822017421217,0.000628197074396482
218,5745,118.055098706641,169.059223472751,130.509230432417,157.472490737358,0.00188459122318945
218,5745,33.6600028053511,136.801192121158,28.7617382289602,169.816286036169,0.0114870322175357
218,5745,163.878973078262,178.079627198008,150.768291388393,158.152447961425,0.00385892488557839
219,5771,57.9848423353729,123.93433675942,0,137.319524359183,0.017997428938723
219,5771,25.5386870605692,173.924721681771,33.0578967545098,127.846264993117,0.0338523068133124
219,5771,34.3919858836392,167.481186579903,0,175.783037260901,0.0187116126267676
219,5771,38.9417070094163,125.954405909819,39.8036167683457,105.948456613206,0.00514212255392087
219,5771,27.0872436616815,103.702939466182,37.2389660155251,144.91191044841,0.014712183973718
219,5771,114.034358107672,148.114833211588,238.92450838768,110.747688540547,0.0484216540494215
219,5771,36.9709103477002,113.837261005685,0,120.445824194526,0.0155692043993715
219,5771,122.856180673116,116.962898885297,113.407675710185,153.589227627458,0.0205684902156835
219,5771,185.312002804884,178.833948051461,198.288329581319,125.069589947662,0.0127124696471933
219,5771,14.0185291013721,147.350490006385,38.557226227455,123.787291096523,0.0077131838308813
219,5771,117.584208613077,112.10476140326,69.904581586241,122.565068766975,0.0247107556063419
219,5771,41.9410998541814,112.646024906746,56.8607998490531,110.163442030108,0.00528495929152978
219,5771,25,179,20,179,0.00157120411369804
219,5771,130.448917027577,115.832990860851,135.310527181336,99.7910509529887,0.00571346950435652
219,5771,44,29,18,29,0.00471361234109413
219,5771,40.9401931146167,124.632162246749,66.9041801720561,120.410667350391,0.00499928581631196
219,5771,125.735826485771,164.667282966028,110.921466798218,167.603811396262,0.00342808170261391
220,5797,48,31,0,31,0.00978810368936216
220,5797,0,8,29,8,0.00580832526621491
220,5797,222.945287919052,146.118629114525,88.0696946129371,6.74208628376158,0.314294933849629
220,5797,46.9550824213953,0,59.0820546835918,1.07017925689637,0.00570076368721093
220,5797,30.9859550117726,124.144096490018,23.9920255708093,171.998834543927,0.0177476605356567
220,5797,71.1073250739722,12.0788737304925,36.1162945993688,8.00189204147972,0.00935785737334624
220,5797,158.116795413553,163.394142798694,152.056311669795,165.190031769715,0.00182854684306766
220,5797,36.1576102460301,126.696316142391,0,134.880543822606,0.00925029579434226
220,5797,46,30,69,30,0.00419490158115521
220,5797,77.0707725498646,13.3572267344589,97.0487868662555,15.5569059840497,0.00441002473916317
220,5797,109.087245889809,34.6700661287581,75.3321174106948,25.7440464730555,0.00580832526621491
220,5797,128,161,111,161,0.00225879315908358
220,5797,56.6160059365541,107.920308660573,0,118.373884036642,0.016026675271593
220,5797,81,33,50,33,0.00376465526513929
220,5797,3,28,46,28,0.00892761105733032
220,5797,30,9,12,9,0.00344197052812735
220,5797,139.275277052496,39.7099766083417,147.977701818454,47.9699235920777,0.00204367000107562
220,5797,127,35,135,35,0.000968054211035818
220,5797,74.5874751476926,172.153584511048,65.2569829787979,108.974594316136,0.0560395826610735
220,5797,44.0738115012052,21.1368720211159,28.3363350923482,29.6236814467971,0.00193610842207164
221,5824,218.104736435705,87.9298968071673,221.962920259841,93.6941481301897,0.00206702160977137
221,5824,232,114,221,114,0.00112746633260257
221,5824,195.329707082514,47.3381745841431,175.463954124122,67.4580932054118,0.00513623551518948
221,5824,117.042427382187,85.0671526627032,95.2602912119711,98.8292133009205,0.00757907923582837
221,5824,186.109743062041,65.0117073579147,184.399569333934,81.0426259402381,0.0030692139054181
221,5824,236.052941304588,53.9866820561663,235.799825175878,90.9917907657659,0.0079549013466959
221,5824,12.2607973380673,96.2130004206862,1.42644009518349,106.389353654894,0.00175383651738177
221,5824,5.06669348889138,98.037082024887,4.89429271741872,102.996325242327,0.00156592546194801
221,5824,131.512885002984,154.302511223742,126.104590591452,163.471867193711,0.00200438459129345
221,5824,30.7920998524895,96.7913278214089,17.3019052021006,174.879399830656,0.0355778264954588
221,5824,120.562603760268,43.4206044845068,75.9252862436326,0.0769437007749048,0.00895709364234262
221,5824,106.172157678901,38.6847404339382,122.494439887229,58.4181683421801,0.00300657688694018
221,5824,203.89148278578,96.5754268079729,208.089313690813,126.547719194675,0.00538678358910116
221,5824,201.456795349508,105.897530564609,205.470851263221,123.79166716311,0.00288130284998434
221,5824,34.8105214394754,124.051113209134,0,131.002255913356,0.00820544942060758
221,5824,0,26,55,26,0.00569996868149076
221,5824,156.89149651458,172.866929772311,157.852419122119,164.862238729314,0.0021296586282493
221,5824,144.788109345592,147.523032158791,122.752064448489,165.604182015823,0.015721891637958
221,5824,106.092791286566,145.347309470569,205.664576328139,118.744539253619,0.0217976824303163
221,5824,27.6981045838104,122.290523266434,39.6108369195349,99.2807943117942,0.00607579079235828
221,5824,129.958472178547,106.746308603668,55.6577017614438,118.908917081029,0.0155339805825243
221,5824,64.8168417072155,116.265184381621,34.0541662316336,119.513044881551,0.00369558409019731
221,5824,180.880837428092,180,197.600553939508,157.699502112272,0.00363294707171939
221,5824,177.582054823874,178.584808344328,199.085646437144,105.146641702832,0.0199185718759787
221,5824,115.718457334173,112.425291728408,104.607739949111,149.690434088913,0.0227372377074851
221,5824,15.7124704286545,159.328615775978,12.8177087942094,177.814865028786,0.00526150955214532
221,5824,14.1699026326351,83.5344335847603,11.0794928222926,89.044584153338,0.00175383651738177
221,5824,50.8641710636227,98.9792439096745,53.3674406635184,82.5977172402833,0.00382085812715315
221,5824,178.404924104789,62.038704827476,181.084244862756,34.0080525778538,0.00808017538365174
221,5824,197.223930986823,58.7537581276644,187.176027958674,90.4212650126238,0.00569996868149076
221,5824,139.414020148979,30.1862931938388,135.978140940813,91.7756328938263,0.0216097713748826
221,5824,142.096862770833,101.815647771071,129.810723746996,95.3602364337118,0.00187911055433761
221,5824,5.43858385524002,162.951729445251,4.72643827490251,171.23441913676,0.00256811775759474
221,5824,136.245744262889,80.3907243694423,97.7499699544958,104.602461393309,0.00651424992170373
221,5824,150.999355695537,64.9935255537927,178.030207827544,62.303550519693,0.00294393986846226
221,5824,151.640838519802,78.9417795725912,131.804929549604,32.1755781679469,0.0197932978390229
221,5824,112.1881657392,54.3287316408272,109.42496142014,61.7869533586404,0.00125274036955841
221,5824,105.221572087088,8.82175871914656,116.678098588129,23.0633893642032,0.00256811775759474
221,5824,102.138785463739,10.6542690359798,109.154861147011,41.3365979076532,0.00576260569996868
221,5824,8.09363244392274,91.1655461362729,2.87805807509224,84.3300318060158,0.00150328844347009
221,5824,1.38407285706165,104.143344894574,0,88.5406901632639,0.00363294707171939
221,5824,196.95131062855,116.137610967053,186.596098348296,176.760193329657,0.0124021296586282
221,5824,158.176337496377,92.8000639085946,156.888208530764,110.992084341035,0.00363294707171939
221,5824,212.897760458811,83.9981153625799,212.929137595146,48.9981434918792,0.0101471969934231
221,5824,210.56196656132,68.5471200588484,214.866188923186,61.3243360224579,0.00200438459129345
221,5824,144.065037614793,123.612848659008,195.021770619815,118.205144287681,0.00501096147823364
221,5824,129.752454537645,98.8329766666941,123.859771577478,115.23089713858,0.00557469464453492
221,5824,185.45045130093,89.0589817770748,190.829606952458,47.9776888539905,0.00952082680864391
221,5824,184.155168422232,75.7995688961231,182.104695513558,63.9818344780298,0.00219229564672722
221,5824,226.321640693224,143.934102974605,232.856799220999,139.774990505995,0.000814281240212966
221,5824,103.691445817784,174.340917221955,109.477299875349,179.577524093602,0.00169119949890385
221,5824,36.9652389315971,92.2542960554732,0,114.393592682423,0.0233636078922643
221,5824,42.0506884884128,83.2916777687005,49.7594774757588,108.381152906582,0.00476041340432195
221,5824,177.837957024595,65.8505549973053,176.793312853924,73.9734189167217,0.0021296586282493
221,5824,228.492974000627,143.694914273145,226.624615870712,152.924006394063,0.00144065142499217
221,5824,221.996924760227,149.004814020942,232.531046723394,155.734105650725,0.00162856248042593
221,5824,157.425626784356,103.970989831792,141.81572608376,100.953171068046,0.00344503601628562
221,5824,163.335071798547,93.0188991202265,164.302281289922,127.048253916652,0.00576260569996868
221,5824,189.724641028269,100.049501610669,193.475567853352,120.914506599965,0.00294393986846226
221,5824,5.9767318412926,87.2136896055565,89.9650339097089,88.8238650022525,0.00714062010648293
221,5824,75.6885542275893,0,71.7813098386451,30.9724117090429,0.00569996868149076
221,5824,9.66455796697227,159.126113526045,7.35374498658136,169.40509675952,0.00432195427497651
221,5824,0,118.632019719801,0.978857321781175,114.314978184376,0.00119010335108049
221,5824,0,117.615366081952,0.337854682838211,119.327911618655,0.000876918258690886
221,5824,112.645482308194,163.873549101142,109.346178360569,173.123476390237,0.00225493266520514
221,5824,68.6979746545768,76.4242341903179,35.3921250355586,117.319354906829,0.0115252113999374
221,5824,54.2055940476845,98.356322451609,58.3896451488963,95.942172016427,0.000939555277168807
221,5824,178.804659983146,56.7423739268355,172.058785600096,64.0542352020713,0.00119010335108049
221,5824,23,6,0,6,0.00200438459129345
221,5824,142.905808607978,31.0691538485524,109.939787744299,34.4049525621572,0.0024428437206389
221,5824,42.7286390861222,97.0168256325913,31.3103598056521,113.811661524493,0.00532414657062324
221,5824,177.068311615891,56.1580239531547,163.087255056682,62.2018454520499,0.00181647353585969
221,5824,177.905278962721,103.996199048838,178.265848967745,95.0106679463397,0.0021296586282493
221,5824,239.066532273509,109.241606176744,209.806951189023,117.298959998125,0.00544942060757908
221,5824,105.429151516114,164.828513228704,113.12856569672,167.649044667687,0.00137801440651425
221,5824,106.13121895377,156.954804719626,109.018618060413,165.338013912162,0.0021296586282493
221,5824,193.366231983844,92.1709167611563,199.600070081398,78.8133567536635,0.00325712496085186
221,5824,19.0068071992255,107.21642434786,14.7629863147656,95.3032806967669,0.00288130284998434
221,5824,226.519943881254,142.212167048354,237.327925460632,115.72575488157,0.00557469464453492
221,5824,120.081239673229,87.2928722202516,95.2710214297288,100.64550140892,0.00407140620106483
221,5824,155.619203321212,62.8633835045862,153.630496739692,82.9634412211133,0.00288130284998434
221,5824,31.9181482416149,24.9893669542157,35.1644203827192,0,0.00638897588474789
221,5824,180.878850961381,59.9266210457923,184.879591244286,53.3213778357899,0.00125274036955841
221,5824,36.5596367710455,170.262244139738,21.97923947683,178.965219172211,0.00144065142499217
221,5824,193.82431387659,47.7304491362492,187.542279384499,78.2891879369682,0.00526150955214532
221,5824,192.497642548262,57.3520235319555,195.05051837787,53.7431181096824,0.000876918258690886
221,5824,0,168.471879002448,12.5442838994707,165.234292225515,0.00313185092389602
221,5824,175.825227014738,55.0223873745772,173.240130728456,34.8411466674837,0.00256811775759474
221,5824,173.218045834172,40.7983373257186,165.0435401056,31.9597313373718,0.00125274036955841
221,5824,163.945788434982,53.4447070112081,167.931589930343,44.9678337813317,0.00194174757281553
221,5824,161.362983016293,52.9693480148263,161.701340965514,45.9375111205997,0.00181647353585969
221,5824,163.902765743251,49.4364271819481,174.066638737743,51.7008980425834,0.00125274036955841
221,5824,236,133,236,135,0.000375822110867523
221,5824,239,87,239,92,0.000689007203257125
221,5824,160.845069431053,58.0182598796015,160.01766272298,50.9979182985176,0.000563733166301284
221,5824,211.8031409753,134.9716116623,213.39784016621,123.913164678445,0.00206702160977137
221,5824,183.477003917611,80.808501248642,179.118678272849,69.9523552318444,0.00119010335108049
221,5824,230.130765407563,139.101496425116,232.335774595265,136.260618780603,0.000313185092389602
221,5824,180.468062748145,117.195892153226,181.700457525973,107.960030305044,0.00112746633260257
221,5824,15.7472991187702,116.429127300058,8.05902220272745,129.891521478617,0.00369558409019731
222,5850,143.048907169366,40.9711607789094,185.490816055284,113.122914560298,0.0521225607668607
222,5850,152.82575028858,17.6071083965466,104.096955780592,39.2186121961991,0.00616227319411161
222,5850,104.096968195868,144.354477597907,239.114892305441,107.420001095064,0.0409962341663814
222,5850,111.882052256257,111.719822650322,102.389520041092,149.596385422197,0.0205409106470387
222,5850,110.050777217355,135.140983308392,107.99472349772,121.297833681092,0.00350907223553578
222,5850,72.9374878143862,83.0467532973589,77.1291680954167,88.6513012236717,0.00179732968161588
222,5850,218.188490793992,113.342833840023,187.552710075654,130.186452987334,0.00530640191715166
222,5850,233.492962882801,53.9925962482297,233.098366805981,81.0160383429701,0.00830195138651147
222,5850,22.172164102591,113.031842169212,20.5295735804627,121.912993490354,0.0015405682985279
222,5850,47.5865880881165,29.7723840902708,44.9666625110028,0,0.0111263266004793
222,5850,33.2391128781581,24.9474327450905,33.9954576338016,13.9996861824639,0.00282437521396782
222,5850,199,135,209,135,0.00119821978774392
222,5850,73.5527438245352,0,69.6634433123792,30.9577174868241,0.0100136939404314
222,5850,142.388349894687,78.964238043946,141.459665797329,42.9108838365033,0.00770284149263951
222,5850,23.0267490608046,123.849603948828,16.2227670978716,167.879894532218,0.0247346799041424
222,5850,135.712549957243,129.267457154865,192.0612904453,107.156193670207,0.00718931872646354
222,5850,157.045075968814,121.072380943441,153.985969569516,122.977470571969,0.00119821978774392
222,5850,91.7114081499668,85.047519846006,139.91965994862,134.699901027889,0.0212256076686066
222,5850,114.034299834568,89.8079494361032,99.3248911880932,87.1808793930314,0.00265320095857583
222,5850,127.006715167646,0,91.5442561642407,38.5384155227807,0.0206264977747347
222,5850,123.316753294541,0.0416126763853643,120.03726409386,25.0048954776645,0.0031667237247518
222,5850,138.051006460109,67.6739759881355,154.035138037371,66.4642979224145,0.00282437521396782
222,5850,155.026633218731,64.7787537935747,142.960722846946,63.3262812955505,0.00282437521396782
222,5850,45.4759249004014,101.184537638508,41.0723809899151,88.6787543623754,0.00333789798014379
222,5850,138.86848521363,16.99258528214,139.433660836163,6.96807016740234,0.00290996234166381
222,5850,63.6685296890063,87.1158974404253,67.6403403143124,98.475400276267,0.00248202670318384
222,5850,147.501086714369,62.8861482636505,151.532353526623,9.81256698543943,0.014977747346799
222,5850,129.796224162397,155.581662279002,156.074350349371,164.787772710599,0.00282437521396782
222,5850,195.270831865605,124.892480159102,186.500644833776,102.801244758426,0.00590551181102362
222,5850,182.540365535131,124.808585940867,176.685002914755,138.868819953005,0.00222526532009586
222,5850,103.691472301948,31.8661228737836,106.951735695952,0,0.00795960287572749
222,5850,98.9851688505998,89.868188874837,91.994999374239,102.311971134469,0.00419376925710373
222,5850,237.62360161531,85.6212895919825,239.5481405933,93.8721444067424,0.00119821978774392
222,5850,225.847295592592,82.2086664054406,239.07913015256,91.8918708059788,0.00196850393700787
222,5850,74,161,77,159,0.00102704553235193
222,5850,175.534306477159,178.877291562946,188.334830385083,130.297738143457,0.0129236562820952
222,5850,237.777517568057,162.012261162818,238.326955831491,171.981981234882,0.00145498117083191
222,5850,234.514744072943,163.282136489484,237.627192083221,168.635339286497,0.00171174255391989
222,5850,100.188210852473,88.8331986271275,104.96894490031,36.9050764784797,0.00813077713111948
222,5850,214.975337440961,67.4528638220614,208.938781517551,67.124118381151,0.00188291680931188
222,5850,214.956537715646,88.6508399990039,229.972822067646,86.7816624913142,0.00342348510783978
222,5850,146.934343730247,93.0103513661221,148.877392437872,105.334650264047,0.0030811365970558
222,5850,134.96917528528,100.185231306402,172.105640789799,106.365185316989,0.00547757617254365
222,5850,144.578985056707,172.187516372738,138.960278249654,159.572300468041,0.00231085244779185
222,5850,32.5099612707319,0,28.939159663165,28.9925067268373,0.00676138308798357
222,5850,109.100214129025,108.519989535399,62.8893576998633,117.425900930304,0.00727490585415953
222,5850,150.08467151491,98.387693853073,174.988793242414,92.948686508873,0.00539198904484765
222,5850,64.1155551371642,116.473718809631,33.0750529781318,109.658180746947,0.00359465936323177
222,5850,17.4798680469437,87.9465183355571,17.0395344620647,83.9955938536697,0.00128380691543992
222,5850,187.30112345973,88.0145187246902,186.950613953111,47.000422056813,0.00838753851420746
222,5850,158.772561477424,29.8559420848856,199.282254989638,117.117181270132,0.047415268743581
222,5850,141.92272969049,170.956416358779,137.292697329905,179.165093365019,0.00239643957548785
222,5850,25.025742244602,117.125245463588,1.01249496096356,122.060792568892,0.00188291680931188
222,5850,0.639659089576321,16.6771973965694,6.62038520471073,28.691163264825,0.00239643957548785
222,5850,2.0723022531342,16.905753801924,2.59550152337614,11.755723412645,0.00205409106470387
223,5877,203.621162908147,47.2547016490992,206.458172472068,84.8900808404755,0.0141979829849569
223,5877,204.940394482987,60.7708794627538,212.921624934782,60.3838341298795,0.00152121246267395
223,5877,228.983645315333,80.3278161468611,105.564935100884,134.853025727011,0.0575243675700039
223,5877,228.473696229758,112.159304839896,226.364864513013,105.192246688676,0.00180291847428024
223,5877,89.8089308764347,75.721758964118,122.186838666763,127.731567563807,0.0227055045354668
223,5877,89.2028073447977,82.393144408057,92.7077700468268,107.041554610536,0.00907093357372246
223,5877,111.566687348828,33.0146766627976,114.074840889183,107.065206753195,0.0134655473547806
223,5877,107.580879113904,69.2712479149871,114.664759309746,80.2169620776893,0.00247901290213533
223,5877,110.242599824749,91.8314598203677,96.6251975621333,153.026498787792,0.0211842920727928
223,5877,101.663283235856,171.021337877239,101.252313767062,126.015959107609,0.00692996788551468
223,5877,20.6621545245381,101.720241545004,13.0270046073873,165.524571206947,0.0249591526283171
223,5877,74,99,40,99,0.00388754296016677
223,5877,27.9815337794205,88.3039459930343,29.5693778467519,83.1763160052881,0.00169023606963773
223,5877,32.9349719784536,180,65.4188242831378,83.4872694467451,0.0344808158206096
223,5877,119.994071809181,177.979569141768,116.037061937675,179.127729895615,0.000394388416248803
223,5877,17.998754026954,88.9593041865176,0,89.5103673170762,0.00270437771142036
223,5877,3.5291071074547,96.9887577540021,24.4863492551847,128.678363333245,0.00445095498337934
223,5877,0,105.559556797634,16.6308164123113,123.345212158049,0.00416924897177306
223,5877,25.8687660379589,88.8780026921833,5.86721262739988,85.8883955709143,0.00338047213927545
223,5877,81.7424628902401,76.2138924744553,84.2597948967233,107.854492704503,0.00918361597836498
223,5877,56.7750040123469,89.9420097252614,91.7480416359272,91.534235070575,0.00535241422051947
223,5877,76.3865169642037,98.8622546935804,69.205382194982,85.4246483643016,0.00298608372302665
223,5877,171.575782272828,178.887665163353,185.113253807285,127.765185464148,0.00907093357372246
223,5877,187.042489198054,161.651527412939,176.017205217289,167.818542168572,0.0018592596766015
223,5877,7,88,0,88,0.000957800439461378
223,5877,185.754798664061,170.994686358515,185.97140218656,160.999380270392,0.00191560087892276
223,5877,0.145925943838034,133.008568138055,1.26456200499279,113.956818272978,0.0026480365090991
223,5877,13.7057328453142,130.041990248923,12.5869584670639,122.201632988124,0.00118316524874641
223,5877,104.993385321338,180,96.6829018462169,171.251096485921,0.00247901290213533
223,5877,27.5243015869389,168.779761935889,43.6404154121768,100.645648948512,0.0174657727195898
223,5877,4.16292195557191,113.666725709271,9.26434878883201,129.595062373819,0.00202828328356527
223,5877,185.18685182304,171.804749877104,180.07942308688,166.917007138481,0.000957800439461378
223,5877,105,159,112,159,0.00067609442785509
223,5877,12,88,18,88,0.000619753225533833
223,5877,137.67792058281,164.699773755641,161.660338274605,175.737974389362,0.00287340131838413
223,5877,130.910822674336,132.289304905761,106.22605599416,149.928683747967,0.0110992168572877
224,5903,139.639463802175,152.286608728293,127.592441501051,175.261952788046,0.00365615168778165
224,5903,129.735600130155,151.203254957799,117.458538862602,171.459664106084,0.00510160700620696
224,5903,223.598050642935,153.791628627962,205.250685212286,144.475755656488,0.00272085706997704
224,5903,0,112.216817242983,55.7871659608207,133.599941462475,0.0301845081200578
224,5903,60.3005422183892,96.1696707743405,47.5538880681292,118.748148006198,0.00216818297763796
224,5903,96.1701278917872,127.888451564111,101.369793334159,132.74528056523,0.001955616019046
224,5903,76.7420902873756,176.479399989021,102.517748229573,0,0.0846866763030355
224,5903,135.226554698277,60.8657324178131,142.130628146077,72.5152329999567,0.00178556245217243
224,5903,33.4568118258941,35.2794267282796,43.6735427122493,18.5769318753382,0.00191310262732761
224,5903,64.0641188401528,0,60.5207458265045,33.949980049987,0.0043788793469943
224,5903,13.0294421724108,126.820010758291,9.26587535629517,168.024284851273,0.00612192840744835
224,5903,1.09467687042801,92.8574190703228,95.1561226388235,88.0628934537975,0.0113085621970921
224,5903,21.2617216011153,82.4044356181377,26.2080961373127,91.4338121346844,0.00127540175155174
224,5903,67.0107853265317,16.3315386474385,86.0231961087761,15.7130434583362,0.00123288835983335
224,5903,45.5286879513666,89.9693328129552,46.5148402024257,106.970136068459,0.00153048210186209
224,5903,6.83363973611943,134.214021418343,0.780103322029872,101.223845089151,0.00272085706997704
224,5903,4.22188262013222,134.9221485658,2.6233351160808,109.832855957022,0.00225320976107474
224,5903,73.9084658764186,26.5890171377563,79.2153386280623,36.4234214812178,0.00140294192670691
224,5903,30.9966341666609,102.311531933079,73.0102966152738,102.106132448973,0.00357112490434487
224,5903,52.0161016757723,92.0042994279359,48.260437084023,106.069541238467,0.00114786157639656
224,5903,96.9475852983398,0,92.0852526877031,40.8912283669456,0.00412379899668396
224,5903,25,135,26,136,0.000637700875775869
224,5903,63.6866470783663,21.8790495069121,63.2087348553208,34.9711156910611,0.001955616019046
224,5903,61.9716992844594,35.1401414978371,62.2646292079688,31.0188089197316,0.000467647308902304
224,5903,37,35,59,35,0.00140294192670691
225,5930,196.647558544166,47.972125659858,198.162453847903,83.1651882562864,0.0114726741760534
225,5930,240,125.663755498897,173.33302383575,0,0.409209428452232
225,5930,199.385071631053,78.0163752335261,204.962626141183,97.8539896921831,0.00292031706299541
225,5930,162.998554618071,35.8366819904959,160.605540942269,79.8152968899619,0.00745723821443471
225,5930,14.0869070911824,167.084213721861,8.99805093591331,111.907950677189,0.00855235711305799
225,5930,14.3885745118271,178.348439162965,8.56209656074545,103.334961286446,0.0189820609094702
225,5930,58.3454499617595,39.0313208328234,57.2905652995848,16.9860961780752,0.00219023779724656
225,5930,18.0073468012306,133.496469218949,14.9212430661821,102.806802871839,0.00443262411347518
225,5930,208.742916303196,148.147669338054,209.966221967163,141.993285946575,0.000782227784730914
225,5930,207.076220235214,147.948290323307,204.736874188865,144.500086480154,0.000469336670838548
225,5930,197.289817742834,158.169539715192,113.17637966653,0,0.211879432624113
225,5930,8.77522225242761,105.752089403583,11.5429189091436,128.659334843646,0.00219023779724656
225,5930,210.23846166162,149.20696695229,223.397015666324,153.747471440508,0.00161660408844389
225,5930,238.427369027305,111.604051715356,233.209313163172,115.295847305683,0.00104297037964122
225,5930,8.80649714736185,133.995450084577,7.88998017449405,172.973899628585,0.00396328744263663
225,5930,8.38397631839553,135.75384023088,0.12313417352463,137.562424443846,0.0011994159365874
225,5930,19,18,22,15,0.000677930746766792
226,5956,46.553963199637,21.2737080963969,71.6848858403885,14.7804167234515,0.0030815536763652
226,5956,35.5354746480683,23.9525765363128,33.7972141145283,40.9792975581721,0.00286656155940949
226,5956,30.663200186063,41.0901344873591,32.8889777892144,24.7130943133438,0.0030815536763652
226,5956,82.450346183247,5.78566664332907,92.5439263226655,0,0.00214992116955712
226,5956,86.6541610466843,107.922998892673,91.7694024532834,84.9486574133024,0.00566145907983374
226,5956,192.134101930765,79.8793355038178,208.690003094865,98.2789342417564,0.00472982657302566
226,5956,84.0643095245017,62.4490693602528,152.942897302987,70.4891907635816,0.0098179733409775
226,5956,55.6201771729932,1.91401957017997,54.6192951801024,17.9762772702345,0.0055897950408485
226,5956,217.140188039832,80.0686112147509,216.178235828709,53.9934246165839,0.00802637236634657
226,5956,29.7837143373866,124.282735984892,49.8210866594964,90.3047750688298,0.00537480292389279
226,5956,136.219222044358,32.8566247219466,135.008354351588,39.4506401934396,0.00279489752042425
226,5956,146.624003236784,177.478718438662,123.655452906758,159.438676772404,0.00515981080693708
226,5956,21.7998120013197,90.4177362908324,34.6911594572045,127.455553791772,0.00702307582055325
226,5956,169.777393688864,178.668139112522,180.635710700717,105.945607384649,0.014189479719077
226,5956,191.926764872877,75.5418620438285,225.980486669137,80.1443778929418,0.00408485022215852
226,5956,194.834294837213,69.7367364309175,191.243497135168,73.2201837784097,0.00200659309158664
226,5956,148.46082789492,50.8084279294968,146.316191641326,68.0393545901753,0.00494481868998137
226,5956,159.705645009899,36.9073452797814,158.086411259641,77.0034896130374,0.0156944245377669
226,5956,194.133782709495,88.4914038027229,162.925731881657,80.2823420359083,0.00508814676795184
226,5956,204.865531171959,78.1132081945342,195.629555629547,89.9287507884523,0.00286656155940949
226,5956,175.137552983968,64.1215882884672,159.626208650965,81.6695916797888,0.00601977927475993
226,5956,176.022424761166,117.004755370082,162.924161040955,178.771858778729,0.0158377526157374
226,5956,94.5865452111807,65.8446019613645,80.9836418661496,164.899134220444,0.0324638096603125
226,5956,86.8544907903978,146.246313757219,90.6955301347163,148.515397731064,0.00171993693564569
226,5956,98.4949483134565,69.3807439757246,133.229913176715,37.095597793935,0.0106062777698151
226,5956,7.45572610532395,122.907576963099,4.09830623663761,179.005883516498,0.0199942668768812
226,5956,159.511846665691,95.5908269015279,125.303154575843,83.1653803734767,0.00580478715780421
226,5956,1.27701571580274,95.2703671484735,2.83471009728685,99.4357717242655,0.00143328077970474
226,5956,142.417632311814,50.1281248787876,145.92770638486,55.0515406289108,0.00222158520854235
226,5956,220.307784833245,154.648368362655,199.600060197884,145.952374562761,0.00329654579332091
226,5956,180.28567409729,74.3700568916354,165.708912123319,85.6229301996253,0.00315321771535044
226,5956,175.989404835242,64.6677698847176,165.422675691455,96.810206373163,0.00551813100186326
226,5956,84.6795669612863,51.7347863115159,116.329689580769,65.5370915636366,0.00508814676795184
226,5956,161.427014458257,89.139380655196,169.982433624039,43.6793193808576,0.0143328077970474
226,5956,238.197663587199,105.02912218167,227.048997479888,102.759335712504,0.00179160097463093
226,5956,105.001265630508,1.99179045222835,96.8858146551028,0.740666440953995,0.00128995270173427
226,5956,10,38,0,38,0.00107496058477856
226,5956,86.4021498327986,107.72904445307,79.4313931639431,97.3831088904839,0.00257990540346854
226,5956,203.12959689535,102.615939273159,189.874771986957,105.404824852286,0.00222158520854235
226,5956,149.308915290004,44.9607536478273,159.058647732293,37.3575184627686,0.00315321771535044
226,5956,112.143033794752,9.33774673368744,117.154594247346,81.4064814570675,0.0151211122258851
226,5956,12.6230319911066,40.9719221505806,15.6747590168136,0,0.0142611437580622
226,5956,26.1341955449437,109.14421180101,32.4240094310285,124.829977028959,0.00214992116955712
226,5956,26.9415764770514,125.195548133094,22.6495761706223,121.395823170896,0.00128995270173427
226,5956,136.513232832992,114.536512106206,126.661184706992,98.5914702750587,0.00444317041708471
226,5956,213.98783438624,116.83248657877,212.476354774944,107.919221461429,0.00171993693564569
226,5956,59.5035524153854,41.3962944183392,65.0687702468601,20.2816979833783,0.00386985810520281
226,5956,132.771509408765,43.9293822428347,122.784742363534,76.242534037685,0.00960298122402179
226,5956,57.7644130829924,41.0732822154872,59.6916185673498,20.9704363058371,0.00229324924752759
226,5956,55.5040623372176,41.2086734213765,58.1469931086977,22.1591336810747,0.00472982657302566
226,5956,31.589237513047,91.2199594027245,34.2718227513981,108.425364470404,0.004228178300129
226,5956,94.015782712698,51.9710564730361,83.7858425069469,46.3927381365485,0.00179160097463093
226,5956,139.533220687307,52.1643262347987,145.239116772368,58.6675909444792,0.00279489752042425
226,5956,151.824294537266,118.341249123202,114.845009441506,99.3010173466877,0.0055897950408485
226,5956,133.213046716306,12.8026079095049,128.787519873168,52.8660658960125,0.00537480292389279
226,5956,130.588703577188,35.9601272926792,130.904759544579,32.6999351078168,0.00164827289666046
226,5956,130.097579009519,129.783078899618,104.357878821034,118.204424516654,0.00609144331374516
226,5956,210.983545134591,89.6581626550347,193.44426930595,78.9065743246342,0.0025082413644833
226,5956,189.57477575695,48.0405875673914,191.862945451584,72.0130818287317,0.00988963737996273
226,5956,87.6081323286912,0.710442433691709,102.649529547802,30.1788884720361,0.00752472409344991
226,5956,84.7480198840165,5.66030465643861,98.9823833853174,33.5406499234356,0.00551813100186326
226,5956,79.5608943227776,9.21386668164097,85.8621511841837,51.6149291253431,0.0132578472122689
226,5956,95.3697056826042,51.7973163629316,99.6269225733931,38.5584597240999,0.00300988963737996
226,5956,233.323867802815,82.6307481952237,239.193712659548,87.7791421421818,0.00179160097463093
226,5956,110.874343814726,4.52750137231859,95.8716357535424,8.51731838618013,0.00243657732549807
226,5956,91.9685585123173,2.18954119174407,109.809398680094,5.14901691954055,0.00200659309158664
226,5956,209.060287851518,117.292681675861,206.80758322157,110.059929910734,0.00136161674071951
226,5956,200.118894935151,111.876827755471,206.75864958395,118.286008666371,0.00171993693564569
226,5956,185.396989325315,122.88998335151,187.997801738381,108.634707723093,0.00207825713057188
226,5956,182.382458863354,114.426453140372,188.7472987981,108.718230556403,0.00157660885767522
226,5956,88.7483610645952,153.06354633066,95.4600636341991,179.641409628823,0.00537480292389279
226,5956,28.0589290935489,24.888417467873,27.1323169365744,41.0076062439436,0.00379819406621757
226,5956,77.4338818828452,103.305361755675,99.2397726376761,129.467152097215,0.00272323348143901
226,5956,78.1418369312922,112.76132907725,80.8669345544348,102.962992053798,0.0030815536763652
226,5956,3.10628662784735,142.071959321877,24.5464701220159,125.716355048347,0.00229324924752759
226,5956,85.9968024644869,56.0099125941784,107.354995026882,62.8994894278955,0.00343987387129139
226,5956,94.001623530014,60.9027703564795,84.9874389698455,60.7522524829705,0.00136161674071951
226,5956,105.955848502309,112.007135068682,97.2823555152762,77.1787185588434,0.00644976350867135
226,5956,115.899033837891,114.082531336914,96.8779615210136,112.308462905325,0.00257990540346854
226,5956,59.2193004713608,98.9793594314425,58.5399029636899,91.7609442381668,0.000716640389852372
226,5956,112.295702268704,126.477992732826,105.126316659129,115.91427141901,0.00229324924752759
226,5956,117.003831309919,114.870042213804,92.9952169796567,114.162239742631,0.00150494481868998
226,5956,152.010761104784,51.0089580370398,156.925228001531,45.1053105080995,0.00143328077970474
226,5956,152.53916194144,55.6259314882628,155.824384426389,52.7961218904683,0.00107496058477856
226,5956,89.0925570302732,19.3113679740489,111.796616341923,28.9259505845341,0.00537480292389279
226,5956,111.017229783229,11.1871415407806,94.9691259848268,12.6646614357997,0.00222158520854235
226,5956,213.044630030908,132.081160970536,220.108272940681,128.196897397779,0.00136161674071951
226,5956,219.52288936582,113.572929721786,215.668493420653,126.904153010753,0.00300988963737996
226,5956,21.9722889033037,135.104493514917,25.9572300650093,136.161277660315,0.000788304428837609
226,5956,135.145551599101,66.2009715813033,136.132800305986,75.3107261739605,0.00243657732549807
226,5956,129.230359567288,66.5282932319817,131.942772218318,75.6141470852595,0.0030815536763652
226,5956,99.9938131734552,167.026252272051,141.793303798996,176.877064333601,0.00472982657302566
226,5956,182,83,179,83,0.000573312311881898
226,5956,154.311601665109,57.5715312762298,182.038496843634,90.9680386353977,0.00566145907983374
226,5956,173.000453671349,115.119268014137,165.124829095213,101.049647504884,0.00293822559839473
226,5956,169.320225152746,100.908082302747,168.107160104138,109.879272103734,0.00143328077970474
226,5956,89.2806237209642,173.068864977173,89.8679418991129,179.204099213066,0.00200659309158664
226,5956,165.272107743191,135.594741341406,163.523814978666,138.734880950878,0.000859968467822846
226,5956,29,41,0,41,0.00243657732549807
226,5956,81.3453482896155,94.0960925476918,89.9182858062723,87.8871734885922,0.00200659309158664
226,5956,222.659109446948,92.5586202208299,218.048307106366,85.6336596070688,0.00214992116955712
226,5956,64.1138705652848,105.956856852106,56.6289790724027,91.2028483195801,0.00343987387129139
226,5956,14.2177321179026,116.962709187152,14.6978871920176,106.890257979596,0.00136161674071951
226,5956,8.0310602647661,112.228963406105,12.0473048788545,129.225124754394,0.00222158520854235
226,5956,153,36,145,36,0.00100329654579332
226,5956,87,172,97,172,0.000644976350867135
226,5956,103.951599590148,165.403063862744,92.0037997072996,163.968357195608,0.00164827289666046
226,5956,61,41,70,41,0.00100329654579332
226,5956,84.2179848347941,63.9704839489053,83.5721933182347,102.95978751053,0.00630643543070087
226,5956,84.1424316123172,73.4536244798299,81.1167869107642,83.7402162879967,0.00222158520854235
226,5956,174.593843142466,159.262326640933,177.151415323731,172.971752601392,0.00207825713057188
226,5956,179.128231689072,167.284710667126,172.031491113636,175.028858470882,0.00171993693564569
226,5956,156.08257896334,79.8167141756453,163.024965387829,82.9445887729325,0.000788304428837609
226,5956,112.952534852181,171.175679951056,135.898616623397,177.375244309939,0.00200659309158664
226,5956,106.01280801102,152.975140861957,129.073822931298,164.856716672326,0.0019349290526014
226,5956,172.69636236277,83.4526065559336,177.521108045158,89.5903696942567,0.00157660885767522
226,5956,191.768970591929,57.3176755459929,210.043985404371,51.1299069121635,0.00143328077970474
226,5956,193.996309552518,49.0024406619967,199.962993571326,58.0244740467196,0.000859968467822846
227,5982,3.22278756257464,173.011878188894,6.31770066922989,114.963622384304,0.013571048430016
227,5982,27.0245434152063,109.474327916601,62.0342955641263,107.662798691378,0.00824906865353912
227,5982,202.292779467029,150.493466548287,214.102200305341,143.486799225121,0.00274968955117971
227,5982,195.786347044777,90.3687822917271,214.783052600145,101.374468769782,0.00514458045059429
227,5982,135.077153117046,114.668490799975,113.384282276196,84.7216340316302,0.00612027674294838
227,5982,142.36156934479,168.345994926086,133.563933598763,177.539642441023,0.00266098988823842
227,5982,137.679192491818,165.875803731589,138.274730091941,169.132621925679,0.00141919460706049
227,5982,129.390964005252,34.5756964321269,122.766168793835,75.3114584504912,0.0128614511264857
227,5982,213.636329727061,53.9854588906312,214.277404447153,82.0393639480711,0.00762817101295015
227,5982,141.096117686598,62.8191250096673,182.549557051138,84.8476469514031,0.00700727337236118
227,5982,102.350551223351,100.865386110741,112.465261436296,127.205342994125,0.00452368281000532
227,5982,198.212956093937,89.6086796083368,215.107412458281,98.8026227638441,0.00470108213588788
227,5982,126.809631519237,179.306417664881,103.49102922872,164.819240845979,0.00478978179882916
227,5982,171.99713338944,71.7862890762171,97.9981169449052,71.5165074292849,0.012950150789427
227,5982,61.8324780545616,18.370484878093,104.299668284153,74.5295868198095,0.00984566258648217
227,5982,19.9999999999999,18,25.9999999999999,8.99999999999996,0.020844420791201
227,5982,140.769002665089,96.6698228043193,185.917296716685,112.239814650579,0.00762817101295015
227,5982,162.100260262939,94.3909149985088,126.088382658475,88.4630719081386,0.00869256696824552
227,5982,7,137,7,150,0.00106439595529537
227,5982,158.218477098816,94.5221991876877,171.373215786589,73.0054305287192,0.0064750753947135
227,5982,84.9676642787697,87.6079537132864,108.380812208543,127.364646412302,0.00931346460883449
227,5982,76.9478731937704,107.501709073181,91.9242948604736,98.0486472984359,0.00390278516941636
227,5982,159.999295448089,39.0065560570882,130.023090185378,35.785139219386,0.00558807876530069
227,5982,180.955134059989,102.739455210556,173.502560241551,132.626602694537,0.00541067943941813
227,5982,45.9777962547543,96.6315334157636,122.063070702586,92.0466453334802,0.0117083555082491
227,5982,157.245033302666,69.0031739109445,157.62094215004,39.9821370942012,0.00860386730530424
227,5982,11.503231942395,38.0393514825035,14.4778143331376,0,0.00931346460883449
227,5982,202.695791967088,143.729201106166,201.460142883042,149.680272170228,0.00141919460706049
227,5982,198.854653179377,147.888266340206,199.163411798682,144.72327824607,0.00150789427000177
227,5982,0.0564945512172149,99.3776716307128,41.0286032814159,97.6975173446455,0.00860386730530424
227,5982,111.896203631464,177.322885261271,135.57702554658,161.280043740761,0.00594287741706582
227,5982,150.888647624621,36.9825433330491,150.558622942285,57.9930670303434,0.00354798651765123
227,5982,147.727264005456,43.9064396028423,148.019728503434,39.9279390298269,0.00159659393294305
227,5982,131.847932226981,61.2966745586842,115.929600150981,53.1373456303358,0.00266098988823842
227,5982,236.819828359161,91.0436303182922,235.565313400061,85.8631038521676,0.00221749157353202
227,5982,135.588449760519,164.596481658052,121.237608662905,179.232971444285,0.00399148483235764
227,5982,123.311213280628,176.055980955371,138.642649133422,164.460942023011,0.00381408550647508
227,5982,172.05856119063,60.9089888755957,161.036640602076,60.3173754829791,0.00266098988823842
227,5982,186.70479595232,50.4699203385544,191.935894608048,87.151749257044,0.0139258470817811
227,5982,51.2657565413571,43.0208307333755,54.3284432209408,3.94736152066222,0.00913606528295192
227,5982,119.33952861452,62.0523444875263,117.812325081175,67.951413041478,0.00257229022529714
227,5982,168.482473712707,92.4337431577345,184.172189543698,78.094242463641,0.00363668618059251
227,5982,173.5958744599,80.5206706013533,164.340678236836,89.3053654822441,0.00283838921412099
227,5982,79.6058322188798,117.588283773862,94.5583507954825,102.534387808597,0.00532197977647685
227,5982,86.0878571528879,105.263226198831,73.1896689693729,109.568261549607,0.00239489089941458
227,5982,172.032957226894,58.6981489885509,161.054646922999,57.4994958455381,0.00195139258470818
227,5982,162.175491282321,44.4294659390951,173.536731809552,66.2413047966597,0.00443498314706404
227,5982,235.645401263923,108.788707066728,239.511496647492,105.625070081258,0.00141919460706049
227,5982,233.81276690177,107.129251722616,229.393884759027,100.72809143203,0.00150789427000177
227,5982,224.726490714637,150.783707331444,239.073084649472,155.790584895384,0.00310448820294483
227,5982,73.8019789441867,20.3139380913195,134.650547335026,91.4434819647196,0.0130388504523683
227,5982,188.034787731743,73.8955601604131,237.838572329381,90.4846386694266,0.00709597303530247
227,5982,204.314035684491,149.344211392969,215.470556626585,155.037493931369,0.00274968955117971
227,5982,85.5776799320202,137.622827767255,95.4798019530669,126.535413366052,0.00354798651765123
227,5982,220.125307831732,142.718339647048,224.387910136048,129.480889601458,0.0023061912364733
227,5982,88.0022375222304,179.189216532921,87.2352925763823,175.14501977236,0.00133049494411921
227,5982,148.343823528992,60.6208240951878,138.926268542287,52.0813126206733,0.00274968955117971
227,5982,141.079031766505,51.5092996902651,155.726986658494,60.447419288513,0.00301578854000355
227,5982,218.963031853698,163.844294674017,239.24431744215,159.029035285201,0.00266098988823842
227,5982,128.950322621253,173.200719617609,156.422564369546,180,0.00434628348412276
227,5982,177.101581335922,111.714408734302,137.745369055903,97.7158832176293,0.00505588078765301
227,5982,123.361939401582,179.438713750215,137.091941743437,168.111444365793,0.00248359056235586
227,5982,195.006956560497,85.9579902742807,226.958763876689,91.2490193581637,0.00505588078765301
227,5982,137.139314677527,114.433377658346,141.406817456171,107.95114648746,0.00239489089941458
227,5982,137.265972597903,98.0375392295409,135.289550442292,112.040866993828,0.00221749157353202
227,5982,25.0925496464734,128.043375890193,32.0932007965582,113.106327079358,0.00292708887706227
227,5982,111.790267244514,176.523254782252,117.995765802381,179.010563748844,0.00124179528117793
227,5982,114.29972102991,72.1288204575306,80.6236797254966,50.1044415663819,0.00753947135000887
227,5982,96.3826242206851,65.6214629268354,82.9004197805931,52.0992858523325,0.00257229022529714
227,5982,160.955510139974,178.990303645275,174.327502439813,117.635487061302,0.0127727514635444
227,5982,101.425165252417,167.852510726675,112.400504006839,171.919069587273,0.00212879191059074
227,5982,31,9,15,9,0.00141919460706049
227,5982,2,38,37,38,0.00328188752882739
227,5982,188.8111630392,56.2651347633091,211.350691302042,50.4731938705874,0.00470108213588788
227,5982,1,41.9999999999999,63,41.9999999999999,0.00629767606883094
227,5982,111.857658634244,166.1317366805,106.559799583004,160.407404701942,0.00195139258470818
227,5982,20.0176424979286,134.85412557022,29.9926784936062,136.060536811433,0.00115309561823665
227,5982,70,43,88,43,0.0018626929217669
227,5982,166,90,182,90,0.00159659393294305
227,5982,217.956075982464,88.0641001895311,213.154809421855,84.7740800172923,0.000886996629412808
227,5982,228.549349150104,102.958433213704,199.79412102388,89.437858374754,0.00452368281000532
227,5982,227.68183303946,83.8569785485351,237.775589516994,87.6044467020595,0.00168529359588434
