Tick,Events,Seconds
0,1,1.3698e-05
1,712,0.00077623500000000001
2,696,0.00176268
3,715,0.0027616770000000001
4,677,0.0039168400000000004
5,614,0.0029472840000000001
6,633,0.0034423650000000002
7,635,0.0035671100000000001
8,532,0.0032692680000000001
9,599,0.003566451
10,571,0.0033605430000000001
11,662,0.0030651609999999998
12,574,0.0023757309999999998
13,567,0.0021897259999999999
14,686,0.0026365339999999998
15,737,0.002437004
16,673,0.0023444440000000002
17,668,0.0023210750000000001
18,681,0.0032588550000000002
19,665,0.0027052920000000002
20,595,0.0027962540000000002
21,693,0.0030581190000000002
22,743,0.002705229
23,764,0.0026270489999999998
24,776,0.002688691
25,791,0.002846126
26,774,0.003308287
27,931,0.0019939329999999998
28,829,0.001819071
29,864,0.001795755
30,875,0.001920859
31,926,0.001833934
32,915,0.0017926769999999999
33,1034,0.002024919
34,952,0.0019924589999999998
35,942,0.0019651220000000001
36,1044,0.001859292
37,928,0.001906383
38,962,0.002133261
39,938,0.0021589690000000002
40,1016,0.001864056
41,959,0.0070511269999999999
42,962,0.0051502010000000001
43,973,0.001645311
44,974,0.0017785520000000001
45,954,0.001555348
46,1041,0.0018062550000000001
47,945,0.0016878240000000001
48,925,0.00185772
49,939,0.001618747
50,961,0.0016250570000000001
51,1006,0.0016392119999999999
52,1007,0.001694791
53,927,0.001852802
54,884,0.0014385999999999999
55,957,0.0019210189999999999
56,898,0.001714209
57,864,0.0025296049999999999
58,755,0.0019035600000000001
59,817,0.0015749830000000001
60,789,0.0017069640000000001
61,686,0.001665906
62,719,0.0015888180000000001
63,668,0.0015577869999999999
64,726,0.001632973
65,642,0.001767193
66,650,0.0015849729999999999
67,638,0.0019479720000000001
68,661,0.0016285570000000001
69,668,0.0016384819999999999
70,604,0.001642419
71,675,0.0015673919999999999
72,688,0.00182059
73,679,0.001552643
74,679,0.0014723710000000001
75,715,0.0016075219999999999
76,750,0.001581343
77,755,0.002034447
78,818,0.001487438
79,848,0.0016060670000000001
80,811,0.0015544230000000001
81,722,0.0016942159999999999
82,843,0.0049035279999999999
83,870,0.0071319260000000002
84,915,0.0023375679999999999
85,846,0.001700238
86,909,0.0015811709999999999
87,1019,0.001643514
88,1015,0.0015817660000000001
89,1042,0.0015767000000000001
90,1015,0.0015371479999999999
91,1148,0.0016452070000000001
92,1115,0.0020498479999999999
93,1050,0.0016896249999999999
94,1066,0.001728308
95,1072,0.0017362790000000001
96,1108,0.002488905
97,1164,0.0021429069999999999
98,1078,0.0019096009999999999
99,1195,0.0023461469999999998
100,1135,0.0021082509999999998
101,1124,0.0021516420000000001
102,1150,0.0023745020000000001
103,1210,0.0021794779999999999
104,1182,0.0021429729999999998
105,1129,0.0018504039999999999
106,1118,0.00178272
107,1153,0.001619854
108,1243,0.0023119730000000002
109,1085,0.002263517
110,1165,0.0021904260000000001
111,1182,0.0023376949999999999
112,1186,0.0019306519999999999
113,1117,0.001825354
114,1116,0.0017125420000000001
115,1074,0.0022027069999999999
116,1061,0.0025618360000000001
117,1134,0.0021046950000000002
118,1064,0.0021101729999999999
119,999,0.0017208569999999999
120,1037,0.001645192
121,987,0.0024199159999999998
122,991,0.0022726729999999998
123,815,0.0047209169999999998
124,785,0.0032399769999999998
125,796,0.0022165029999999999
126,761,0.002063736
127,705,0.0021409770000000001
128,688,0.001950661
129,661,0.0017558160000000001
130,698,0.00336455
131,679,0.0023208980000000001
132,678,0.0022785409999999998
133,701,0.0020475060000000002
134,663,0.002269634
135,614,0.0023237290000000001
136,653,0.0022750000000000001
137,691,0.0020764350000000002
138,634,0.0020318290000000002
139,725,0.001992176
140,686,0.0019708500000000001
141,699,0.0017265920000000001
142,719,0.001914451
143,662,0.00221609
144,684,0.002263307
145,686,0.0020069839999999999
146,748,0.0018892519999999999
147,803,0.0019044159999999999
148,830,0.001825127
149,808,0.001764879
150,780,0.001814364
151,866,0.001869959
152,922,0.0020017939999999999
153,958,0.0018178199999999999
154,1051,0.0027019679999999999
155,1015,0.001939175
156,1146,0.001919149
157,1253,0.0019877380000000002
158,1218,0.002018265
159,1224,0.0018834469999999999
160,1246,0.0020360019999999999
161,1318,0.001948579
162,1344,0.002492223
163,1358,0.0020557190000000001
164,1371,0.0020377009999999998
165,1470,0.001861197
166,1282,0.002495541
167,1325,0.0024509979999999998
168,1314,0.0024029500000000001
169,1129,0.0023667390000000001
170,1357,0.0025257280000000001
171,1126,0.001834603
172,1115,0.001902609
173,1160,0.0020470240000000002
174,1207,0.0019595419999999999
175,1009,0.0021666319999999999
176,1029,0.001952643
177,1074,0.0020228949999999998
178,949,0.003035486
179,956,0.0019662640000000001
180,974,0.0019877919999999999
181,1025,0.001940247
182,1001,0.0020121929999999998
183,977,0.002062978
184,989,0.0018965869999999999
185,1080,0.0019970080000000002
186,1081,0.0023147789999999999
187,1051,0.0019682139999999998
188,1041,0.0017918890000000001
189,1021,0.0017458479999999999
190,1071,0.0019356219999999999
191,1126,0.001814459
192,1225,0.0018799540000000001
193,1078,0.0018598620000000001
194,1193,0.0022132749999999998
195,1130,0.0022852620000000001
196,1216,0.001820997
197,1180,0.001805039
198,1143,0.0022528589999999999
199,1269,0.0020742809999999999
200,1148,0.0019284409999999999
201,1127,0.0021556129999999998
202,1163,0.0020472789999999999
203,1116,0.0019705809999999999
204,1128,0.002017076
205,991,0.0018805989999999999
206,990,0.0020280699999999999
207,910,0.002315985
208,860,0.0025214870000000002
209,792,0.002161736
210,757,0.0022605239999999999
211,717,0.0027462989999999998
212,552,0.0018617550000000001
213,584,0.0021994100000000002
214,558,0.002310908
215,520,0.0023894480000000002
216,511,0.0025045660000000002
217,490,0.003764239
218,547,0.0023237779999999999
219,548,0.002241079
220,553,0.0019884719999999998
221,622,0.0021206990000000002
222,713,0.0020172570000000002
223,742,0.0021517390000000002
224,798,0.002470515
225,895,0.0021550269999999999
226,942,0.0024512869999999999
227,1032,0.0022938170000000001
228,1165,0.0023432399999999999
229,1141,0.0022592559999999999
230,1198,0.0021504940000000002
231,1225,0.0024684339999999998
232,1345,0.0023101760000000002
233,1375,0.001825693
234,1392,0.001830171
235,1369,0.001710608
236,1408,0.001916247
237,1415,0.0018136649999999999
238,1542,0.00186955
239,1493,0.001891642
240,1550,0.0022832799999999999
241,1634,0.0024211359999999999
242,1572,0.002268005
243,1593,0.0019477069999999999
244,1623,0.0020176550000000001
245,1677,0.0019082070000000001
246,1537,0.0020765179999999999
247,1698,0.0020657750000000002
248,1556,0.0025129150000000001
249,1591,0.00260173
250,1458,0.0019431889999999999
251,1510,0.0030208890000000001
252,1510,0.002439559
253,1417,0.002013716
254,1452,0.0019972449999999999
255,1461,0.0024133240000000001
256,1461,0.0024326370000000001
257,1515,0.0025817800000000001
258,1319,0.0023553430000000002
259,1304,0.0024144560000000002
260,1368,0.002434486
261,1352,0.0024914120000000001
262,1250,0.0021813409999999998
263,1227,0.0019953079999999999
264,1180,0.0021864160000000001
265,1201,0.0020382540000000002
266,1169,0.0022243330000000002
267,1131,0.0023585339999999998
268,1073,0.0024352150000000001
269,1077,0.0024227519999999998
270,1088,0.0025741840000000002
271,1005,0.002367737
272,933,0.0020193009999999998
273,928,0.001825295
274,1004,0.001931667
275,829,0.001839615
276,905,0.002063105
277,939,0.0028133479999999998
278,955,0.0023562230000000002
279,901,0.0024481540000000001
280,955,0.002475227
281,1012,0.002486341
282,1125,0.002525125
283,1166,0.0020845450000000001
284,1088,0.0025094340000000001
285,1159,0.0025465409999999998
286,1312,0.0023148330000000001
287,1308,0.002132283
288,1347,0.0019531779999999999
289,1377,0.0022439740000000001
290,1406,0.0030875479999999999
291,1551,0.0031870259999999999
292,1487,0.0084569520000000002
293,1538,0.0070782299999999996
294,1478,0.0021199019999999999
295,1533,0.002023487
296,1478,0.0024472470000000001
297,1695,0.002500122
298,1387,0.0022688970000000002
299,1434,0.0023286750000000001
300,1389,0.0036637660000000002
301,1315,0.0026096000000000001
302,1522,0.0028351909999999999
303,1305,0.0024297810000000002
304,1160,0.0023823070000000002
305,1204,0.002388392
306,1208,0.0023308460000000001
307,1129,0.0026308550000000001
308,1050,0.0023342549999999999
309,1028,0.002405927
310,1012,0.002834025
311,903,0.00205506
312,856,0.002134258
313,842,0.0023515939999999998
314,840,0.0026047959999999999
315,842,0.002471324
316,913,0.0022962159999999998
317,767,0.002249418
318,840,0.0020050620000000002
319,738,0.0020533919999999998
320,848,0.0024508669999999998
321,762,0.00194875
322,751,0.002086554
323,819,0.0020144970000000001
324,874,0.0023846739999999998
325,812,0.002003725
326,777,0.0019370189999999999
327,775,0.0024812940000000002
328,747,0.0021426190000000001
329,779,0.0022963900000000001
330,809,0.001955212
331,788,0.0018924289999999999
332,810,0.0019190100000000001
333,769,0.001854928
334,791,0.0019742029999999999
335,863,0.002027282
336,870,0.002289985
337,786,0.0020941409999999999
338,852,0.002020198
339,725,0.0019158350000000001
340,727,0.002064846
341,732,0.0020934299999999999
342,687,0.0020733819999999999
343,650,0.002251921
344,606,0.0022574399999999999
345,573,0.002427677
346,523,0.002411145
347,486,0.0024116139999999999
348,430,0.0022642589999999998
349,329,0.0023743200000000001
350,400,0.0023954169999999999
351,281,0.0023694649999999999
352,307,0.0022117090000000001
353,300,0.002298862
354,260,0.0019606279999999999
355,338,0.001872318
356,353,0.001930513
357,348,0.0024087459999999998
358,393,0.0024550010000000001
359,465,0.0024972390000000001
360,470,0.0023844859999999999
361,621,0.0024457189999999998
362,680,0.0022917369999999999
363,645,0.0026925080000000001
364,701,0.0023855080000000002
365,673,0.0095663529999999997
366,731,0.0044363559999999998
367,714,0.0019933059999999998
368,734,0.002831203
369,725,0.0027390320000000002
370,707,0.0074708459999999997
371,676,0.0057645739999999997
372,674,0.001741222
373,745,0.001916573
374,675,0.00173664
375,694,0.0016954050000000001
376,760,0.001771934
377,953,0.001742686
378,903,0.001880867
379,1062,0.002164788
380,956,0.0022463299999999999
381,1134,0.001939199
382,1087,0.002155021
383,1186,0.0021617749999999999
384,1199,0.0018777539999999999
385,1142,0.001865032
386,1150,0.00193749
387,1188,0.0020483229999999999
388,1095,0.0020616609999999998
389,1111,0.0021444120000000001
390,977,0.0017949190000000001
391,883,0.0018023869999999999
392,863,0.0018476409999999999
393,789,0.0016140709999999999
394,720,0.003156889
395,675,0.0016511780000000001
396,727,0.001858232
397,816,0.002028237
398,885,0.001873516
399,973,0.0019871450000000001
400,1131,0.0019228820000000001
401,1306,0.001848262
402,1432,0.0019291670000000001
403,1581,0.0019186629999999999
404,1681,0.0020138090000000001
405,1761,0.0023304039999999999
406,1680,0.002040324
407,1664,0.0022604930000000001
408,1719,0.0020729939999999999
409,1711,0.0019686439999999999
410,1553,0.0018555900000000001
411,1553,0.0018237399999999999
412,1386,0.001696045
413,1452,0.00160104
414,1364,0.0017567010000000001
415,1219,0.0018880640000000001
416,1145,0.0016915960000000001
417,1041,0.001657106
418,853,0.0021296890000000001
419,892,0.0016713120000000001
420,810,0.001692348
421,710,0.001739921
422,701,0.0015081350000000001
423,714,0.001806176
424,603,0.001809838
425,680,0.0018544290000000001
426,691,0.0017716380000000001
427,665,0.0017399410000000001
428,650,0.0016718239999999999
429,674,0.0016054909999999999
430,707,0.0016593440000000001
431,736,0.0016920329999999999
432,846,0.0017034210000000001
433,704,0.0020481850000000001
434,801,0.0017298459999999999
435,766,0.0017941210000000001
436,789,0.0019037979999999999
437,809,0.0018873749999999999
438,790,0.0021186569999999999
439,846,0.0053919830000000004
440,814,0.0064608970000000002
441,837,0.0021689740000000002
442,811,0.0021553990000000001
443,759,0.0025143190000000001
444,744,0.0020386800000000002
445,719,0.0019568860000000001
446,660,0.002090143
447,700,0.0020848220000000001
448,642,0.0020856469999999999
449,641,0.0022679290000000001
450,700,0.0017067919999999999
451,681,0.001899621
452,619,0.0021924869999999999
453,669,0.0023650730000000001
454,684,0.00192662
455,744,0.0017926439999999999
456,778,0.0019130309999999999
457,785,0.0016992159999999999
458,808,0.0017866550000000001
459,848,0.001657022
460,780,0.0016895619999999999
461,784,0.001842015
462,808,0.0018315810000000001
463,840,0.0023155990000000002
464,842,0.001763499
465,848,0.001747202
466,804,0.0017255669999999999
467,807,0.001752455
468,807,0.00168004
469,745,0.0019028999999999999
470,697,0.0021570019999999999
471,709,0.002163688
472,662,0.001668758
473,575,0.001738549
474,470,0.0026929279999999998
475,480,0.002758567
476,540,0.002091805
477,478,0.001826119
478,406,0.0020512479999999999
479,446,0.001803497
480,422,0.0017677120000000001
481,483,0.0016567229999999999
482,475,0.001671606
483,519,0.001675936
484,514,0.0017958480000000001
485,520,0.0017227340000000001
486,540,0.0017549060000000001
487,620,0.0016910880000000001
488,631,0.001909298
489,630,0.0020342260000000001
490,610,0.0017038349999999999
491,648,0.001861281
492,642,0.0020452140000000001
493,551,0.0027062140000000002
494,532,0.0017779009999999999
495,537,0.0018182949999999999
496,507,0.001691407
497,514,0.0021153819999999999
498,466,0.001817253
499,446,0.001703155
500,440,0.0016043100000000001
501,437,0.0016293449999999999
502,469,0.0017140409999999999
503,464,0.0016206829999999999
504,448,0.0017616909999999999
505,491,0.001737111
506,500,0.0064629500000000003
507,506,0.0075094539999999996
508,555,0.003240237
509,551,0.0024095340000000001
510,529,0.0020271070000000002
511,540,0.0018948299999999999
512,627,0.0021881299999999999
513,534,0.0025616549999999999
514,564,0.001888914
515,523,0.001927083
516,530,0.0018225979999999999
517,555,0.0018814330000000001
518,519,0.0018330390000000001
519,464,0.001856831
520,520,0.001886598
521,506,0.0028388990000000002
522,519,0.0024303010000000002
523,487,0.002470065
524,584,0.0025126150000000002
525,487,0.0023349180000000001
526,484,0.0022983890000000001
527,463,0.0020477859999999998
528,496,0.0020642479999999999
529,506,0.0038682370000000001
530,404,0.001931884
531,438,0.0022266859999999999
532,449,0.0022653880000000001
533,432,0.0023267600000000002
534,431,0.0021989449999999999
535,525,0.0020410670000000001
536,530,0.0019359539999999999
537,453,0.0019554809999999998
538,496,0.001941309
539,416,0.0021345729999999999
540,472,0.0022785119999999999
541,425,0.0019647330000000002
542,471,0.001820709
543,451,0.001893046
544,477,0.0021492820000000002
545,442,0.0021934939999999998
546,429,0.0020155799999999999
547,532,0.0022614689999999999
548,544,0.0026342119999999999
549,539,0.0023373679999999998
550,589,0.0022396500000000001
551,689,0.002195378
552,726,0.0020948210000000002
553,714,0.0020956719999999998
554,790,0.0020532240000000002
555,836,0.0022153020000000002
556,905,0.0021614949999999998
557,925,0.0021468099999999999
558,884,0.0021292669999999998
559,932,0.0018989129999999999
560,904,0.0019096569999999999
561,901,0.0020895610000000002
562,1039,0.0020873469999999998
563,825,0.0023125400000000001
564,884,0.002393736
565,889,0.0023003820000000001
566,798,0.0022002570000000002
567,748,0.0019583130000000002
568,703,0.001940022
569,692,0.002091472
570,704,0.0026508109999999999
571,614,0.0021902269999999999
572,601,0.0024385420000000001
573,610,0.002354334
574,558,0.0023197920000000002
575,606,0.002431117
576,634,0.0025087769999999998
577,585,0.0035699389999999998
578,615,0.0029582139999999998
579,557,0.0023576629999999999
580,548,0.0039917420000000004
581,555,0.0037826370000000002
582,562,0.003925347
583,559,0.0025995020000000001
584,515,0.0024440529999999999
585,593,0.0019872470000000001
586,465,0.002065262
587,557,0.0023953820000000002
588,575,0.0043106309999999997
589,502,0.002508073
590,394,0.0024553259999999999
591,359,0.0023830779999999998
592,318,0.0023542749999999999
593,270,0.0025732340000000002
594,244,0.0024478170000000001
595,250,0.002364438
596,248,0.0036558419999999999
597,258,0.0024959779999999998
598,286,0.00351608
599,346,0.0025834690000000001
600,352,0.0021873959999999999
601,385,0.0019198279999999999
602,362,0.001879506
603,456,0.0019381209999999999
604,440,0.0017693190000000001
605,478,0.0019466660000000001
606,453,0.0023393060000000002
607,474,0.0023959620000000002
608,422,0.0030302049999999998
609,404,0.0019673920000000001
610,381,0.001789587
611,397,0.0017665350000000001
612,368,0.0017473720000000001
613,367,0.001702009
614,376,0.0018471679999999999
615,376,0.001934421
616,311,0.0019273890000000001
617,331,0.0021769839999999999
618,305,0.0022597210000000001
619,302,0.002239698
620,272,0.0019505849999999999
621,258,0.0021543159999999999
622,230,0.002266363
623,230,0.0025743039999999999
624,219,0.0025447920000000001
625,203,0.0026013540000000002
626,211,0.0020915809999999999
627,235,0.0022511499999999999
628,233,0.001768588
629,232,0.001809232
630,312,0.0017877850000000001
631,326,0.0017623649999999999
632,352,0.00182763
633,393,0.0019759650000000001
634,412,0.002319013
635,462,0.001948969
636,545,0.001882728
637,492,0.002001461
638,467,0.0019111270000000001
639,474,0.0017625099999999999
640,472,0.001672485
641,544,0.0022699159999999999
642,417,0.0021556689999999998
643,397,0.0022447050000000001
644,369,0.001955952
645,382,0.001789173
646,394,0.0018634890000000001
647,355,0.0019273750000000001
648,322,0.0016957560000000001
649,400,0.00199832
650,392,0.002220255
651,425,0.0021730859999999999
652,376,0.0021321859999999999
653,421,0.001811284
654,427,0.0017738560000000001
655,465,0.0017488029999999999
656,538,0.0017611390000000001
657,480,0.001775506
658,490,0.0020676290000000001
659,457,0.0017985620000000001
660,531,0.0018150830000000001
661,562,0.0017766609999999999
662,516,0.001930043
663,525,0.002289279
664,532,0.0021930840000000001
665,565,0.0019439559999999999
666,587,0.001944086
667,563,0.001831156
668,645,0.0018088970000000001
669,653,0.001840473
670,717,0.001897496
671,714,0.0019092930000000001
672,893,0.001936096
673,953,0.0020466999999999998
674,1002,0.002153819
675,1006,0.003849945
676,944,0.0081374840000000004
677,1049,0.0090572840000000005
678,1120,0.0028190170000000001
679,1150,0.002183136
680,1038,0.0023511320000000001
681,1206,0.0021980900000000002
682,1263,0.0020069010000000002
683,1239,0.0021522659999999999
684,1222,0.0021336430000000002
685,1264,0.001984928
686,1349,0.001871632
687,1379,0.0023487149999999999
688,1383,0.002546698
689,1330,0.001897613
690,1327,0.002002916
691,1314,0.0023188779999999999
692,1335,0.0022705939999999999
693,1147,0.002318526
694,1131,0.001850095
695,999,0.0019892489999999998
696,1051,0.0020164969999999999
697,941,0.0024533839999999999
698,634,0.0026012560000000001
699,624,0.001870219
700,567,0.0018959960000000001
701,550,0.0019367270000000001
702,495,0.0019525499999999999
703,429,0.0019295339999999999
704,340,0.0018069659999999999
705,323,0.0017820799999999999
706,333,0.0019738149999999999
707,270,0.001877077
708,329,0.001832123
709,346,0.0017881500000000001
710,322,0.0020772049999999999
711,340,0.0018407569999999999
712,312,0.0017626510000000001
713,377,0.001844746
714,404,0.001798018
715,431,0.00189869
716,396,0.0023281560000000001
717,439,0.002595029
718,460,0.0018868940000000001
719,485,0.0023349410000000001
720,546,0.0023420429999999998
721,571,0.002359969
722,506,0.002358312
723,514,0.002274393
724,478,0.0023096150000000001
725,514,0.0020391010000000002
726,482,0.0020738890000000002
727,471,0.002344311
728,434,0.001759264
729,457,0.0017966670000000001
730,437,0.001833819
731,478,0.001890142
732,501,0.0021863189999999999
733,441,0.0018409089999999999
734,515,0.001771655
735,532,0.001864194
736,562,0.001930703
737,472,0.0023106070000000001
738,622,0.0021665199999999999
739,560,0.001901834
740,565,0.002301871
741,553,0.001809595
742,517,0.0018300580000000001
743,500,0.0017459350000000001
744,499,0.001803947
745,483,0.0018308230000000001
746,416,0.001802658
747,434,0.0018138659999999999
748,390,0.0020974349999999999
749,449,0.0022509560000000001
750,425,0.0019523469999999999
751,339,0.001899721
752,358,0.003437846
753,376,0.0080044090000000005
754,423,0.0057505389999999998
755,376,0.001701651
756,388,0.001778003
757,369,0.0022213670000000001
758,390,0.0018310990000000001
759,448,0.0017546619999999999
760,452,0.0021547929999999999
761,425,0.002328891
762,453,0.0024098420000000001
763,455,0.0022296350000000002
764,534,0.0024708989999999999
765,552,0.0021624750000000001
766,534,0.0041555419999999999
767,647,0.0021829219999999999
768,599,0.001993463
769,655,0.002131258
770,610,0.0022646430000000002
771,699,0.0022768559999999998
772,761,0.0019138009999999999
773,799,0.0018580809999999999
774,837,0.002415707
775,883,0.0023213460000000002
776,910,0.002154104
777,997,0.0021069180000000002
778,1079,0.0022176589999999999
779,1077,0.0020731360000000002
780,1057,0.0019726570000000001
781,1066,0.002271936
782,1089,0.0027106259999999998
783,1043,0.0019572980000000001
784,998,0.0019346719999999999
785,974,0.0019678709999999999
786,951,0.001873502
787,860,0.001848195
788,801,0.002315147
789,732,0.0022663599999999998
790,694,0.0021638479999999999
791,677,0.0023466569999999998
792,628,0.0022085289999999999
793,610,0.0025505409999999999
794,618,0.0074847059999999998
795,606,0.007420645
796,570,0.0023850999999999998
797,629,0.0019435959999999999
798,653,0.0018253379999999999
799,654,0.0023246149999999999
800,693,0.0022518550000000001
801,630,0.0020933150000000001
802,666,0.0021832179999999998
803,637,0.002113331
804,632,0.002034592
805,609,0.0019656410000000002
806,611,0.0023168569999999999
807,629,0.0039502219999999998
808,657,0.0059995910000000003
809,618,0.0085148559999999995
810,623,0.005981246
811,630,0.001860333
812,598,0.0020871930000000002
813,603,0.001782414
814,543,0.0016845969999999999
815,597,0.001717131
816,566,0.0019948269999999998
817,586,0.0020024629999999999
818,596,0.0018706720000000001
819,602,0.001809012
820,594,0.002026211
821,616,0.0019535239999999999
822,696,0.0024331320000000002
823,632,0.0019678460000000001
824,579,0.001884164
825,644,0.0020263019999999998
826,640,0.00191793
827,590,0.0017688070000000001
828,646,0.0017526499999999999
829,640,0.001771426
830,603,0.0016951119999999999
831,604,0.002071907
832,617,0.002558598
833,589,0.0020219629999999999
834,643,0.00211145
835,677,0.002017413
836,583,0.0017109899999999999
837,616,0.0018888539999999999
838,631,0.001685995
839,620,0.001678473
840,602,0.001695546
841,617,0.0020790119999999999
842,574,0.002559328
843,573,0.0021108989999999998
844,620,0.002286929
845,627,0.0022032129999999999
846,659,0.0020863460000000002
847,637,0.001864108
848,675,0.001896804
849,739,0.0019517670000000001
850,739,0.0020709999999999999
851,758,0.0024537700000000001
852,773,0.0021298739999999999
853,849,0.00215504
854,723,0.0019546860000000002
855,739,0.001911329
856,774,0.002107289
857,768,0.0020661960000000002
858,809,0.001911603
859,747,0.0020770979999999999
860,874,0.0019097039999999999
861,863,0.001840492
862,796,0.0021560469999999999
863,782,0.001902515
864,887,0.0020014880000000001
865,891,0.001941875
866,820,0.002065767
867,781,0.0018713829999999999
868,779,0.0018718300000000001
869,832,0.0017412269999999999
870,927,0.0017980369999999999
871,817,0.001778298
872,865,0.001864943
873,898,0.001812066
874,890,0.0019881909999999998
875,915,0.0082402729999999993
876,923,0.0053026460000000003
877,848,0.0019756930000000002
878,914,0.0021014779999999999
879,961,0.0026699079999999999
880,838,0.002026964
881,885,0.001879506
882,899,0.0018837299999999999
883,907,0.0020377640000000001
884,904,0.0018342460000000001
885,798,0.001907515
886,803,0.0018510040000000001
887,818,0.0020084080000000002
888,735,0.0019304789999999999
889,780,0.001808098
890,731,0.0018790460000000001
891,635,0.0078855030000000003
892,664,0.0055411269999999999
893,575,0.0021865349999999999
894,657,0.0018922559999999999
895,589,0.0020221509999999998
896,527,0.002509584
897,490,0.0021294349999999998
898,518,0.001911792
899,471,0.001935193
900,500,0.0019189509999999999
901,435,0.001948122
902,461,0.001863071
903,443,0.0019409309999999999
904,441,0.0018583530000000001
905,515,0.0018934620000000001
906,399,0.001919493
907,413,0.002182055
908,431,0.0018502049999999999
909,426,0.0018430860000000001
910,442,0.0018441460000000001
911,450,0.0018365370000000001
912,438,0.001739411
913,444,0.0017950220000000001
914,482,0.0017461779999999999
915,439,0.0017853680000000001
916,509,0.001992134
917,492,0.0018516520000000001
918,492,0.0023063609999999998
919,547,0.002291108
920,545,0.001830365
921,582,0.0018522720000000001
922,598,0.0018116460000000001
923,603,0.001836467
924,651,0.0019678410000000001
925,734,0.002268394
926,751,0.0022171650000000001
927,704,0.0021314939999999998
928,736,0.0018965799999999999
929,793,0.001789587
930,785,0.001799183
931,810,0.001855158
932,813,0.001795016
933,748,0.0023336479999999998
934,783,0.001919402
935,895,0.0017606189999999999
936,695,0.0018510779999999999
937,726,0.0018161679999999999
938,754,0.0018983170000000001
939,761,0.001761199
940,743,0.0017479450000000001
941,772,0.00318994
942,767,0.0082971360000000001
943,769,0.0019559429999999999
944,722,0.001760209
945,736,0.0029443189999999999
946,739,0.002605067
947,736,0.002051331
948,770,0.0018940579999999999
949,689,0.0017615409999999999
950,648,0.0020480170000000001
951,688,0.0021421299999999999
952,721,0.001972424
953,676,0.0018897530000000001
954,641,0.0023555440000000002
955,587,0.001749064
956,605,0.00201972
957,605,0.00180485
958,653,0.0017658179999999999
959,607,0.0017667469999999999
960,640,0.001687088
961,684,0.0017733270000000001
962,661,0.001828383
963,681,0.0019286730000000001
964,670,0.0017574000000000001
965,542,0.001841657
966,564,0.0017194619999999999
967,600,0.001941749
968,519,0.0021769269999999999
969,563,0.0018792209999999999
970,600,0.0018197669999999999
971,555,0.0018476740000000001
972,617,0.0020217099999999999
973,675,0.0018772400000000001
974,652,0.0017769909999999999
975,687,0.0017176209999999999
976,620,0.0035067980000000002
977,629,0.0025605319999999999
978,621,0.0017721239999999999
979,707,0.001901806
980,675,0.0022119370000000002
981,650,0.0022646239999999998
982,611,0.0021632000000000001
983,732,0.0017671360000000001
984,672,0.001921662
985,708,0.0017849890000000001
986,695,0.001756046
987,743,0.0023168239999999999
988,752,0.0024483830000000002
989,738,0.002311179
990,836,0.0019162129999999999
991,924,0.0018770600000000001
992,980,0.0022987979999999999
993,898,0.0018089779999999999
994,941,0.0019735769999999998
995,1013,0.0028836700000000001
996,1011,0.0032179029999999998
997,1072,0.001978151
998,999,0.0058144609999999999
999,975,0.0073146610000000001
1000,972,0.002216422
1001,981,0.00223076
1002,1024,0.0022151480000000001
1003,1043,0.0023547960000000001
1004,1076,0.0019688869999999999
1005,1006,0.0021349609999999999
1006,1069,0.0024504409999999998
1007,1068,0.0025247569999999999
1008,1003,0.0021727980000000001
1009,999,0.00191522
1010,1117,0.001910906
1011,1076,0.002034503
1012,988,0.0033446330000000001
1013,1008,0.011013545
1014,932,0.002426236
1015,952,0.002327998
1016,1030,0.0028215190000000002
1017,869,0.0029236449999999999
1018,913,0.0018334720000000001
1019,879,0.0018192410000000001
1020,814,0.0017598830000000001
1021,758,0.001887176
1022,723,0.001821877
1023,678,0.001774629
1024,624,0.001972466
1025,586,0.0022957160000000002
1026,570,0.0018860649999999999
1027,560,0.001779267
1028,512,0.001775312
1029,450,0.0017505789999999999
1030,471,0.0017507460000000001
1031,464,0.0020408010000000001
1032,489,0.001953345
1033,435,0.0021834419999999998
1034,454,0.0018598760000000001
1035,469,0.0019161810000000001
1036,464,0.0018843569999999999
1037,519,0.0020781250000000001
1038,553,0.0022218680000000001
1039,514,0.0023039639999999999
1040,475,0.0020746829999999999
1041,514,0.0020938900000000002
1042,521,0.0020535470000000002
1043,523,0.0020793090000000001
1044,552,0.0023331599999999999
1045,512,0.0022169580000000002
1046,614,0.0021717559999999999
1047,606,0.0039653350000000004
1048,597,0.0026763049999999999
1049,592,0.0022415360000000001
1050,625,0.0018971280000000001
1051,665,0.0020818199999999999
1052,691,0.001899389
1053,655,0.001880659
1054,696,0.0019461299999999999
1055,698,0.0019230320000000001
1056,705,0.0023540459999999998
1057,734,0.0020762419999999998
1058,718,0.001910463
1059,753,0.001897747
1060,746,0.001935921
1061,783,0.0020308499999999998
1062,796,0.001787664
1063,823,0.0017526410000000001
1064,900,0.0021430920000000001
1065,812,0.0021437140000000001
1066,820,0.0019671559999999999
1067,856,0.002201321
1068,803,0.0020745949999999998
1069,873,0.001910833
1070,843,0.001930789
1071,809,0.0020483789999999999
1072,820,0.0021526549999999998
1073,829,0.0021040020000000002
1074,745,0.0018634330000000001
1075,767,0.0018156800000000001
1076,815,0.0017252459999999999
1077,736,0.0019784469999999999
1078,725,0.0018510670000000001
1079,691,0.0018662310000000001
1080,756,0.0018174630000000001
1081,709,0.0020262180000000002
1082,685,0.0019691209999999999
1083,711,0.001728385
1084,578,0.001644515
1085,652,0.0016376190000000001
1086,586,0.0020054109999999999
1087,539,0.001656497
1088,608,0.0020427129999999998
1089,528,0.0022453210000000002
1090,580,0.0022803860000000001
1091,609,0.0018093600000000001
1092,527,0.001822251
1093,585,0.001798631
1094,549,0.001710699
1095,626,0.0017642879999999999
1096,607,0.001819792
1097,599,0.0018311499999999999
1098,652,0.0020873630000000001
1099,690,0.002614618
1100,690,0.0024636530000000001
1101,692,0.0020367979999999998
1102,746,0.0020156750000000002
1103,732,0.0017858800000000001
1104,830,0.001835227
1105,852,0.001927114
1106,850,0.0018342219999999999
1107,869,0.0023083819999999999
1108,927,0.002102437
1109,1006,0.0022524509999999999
1110,994,0.002535228
1111,1016,0.0025303230000000001
1112,1050,0.0025139540000000001
1113,1009,0.0024683679999999999
1114,1050,0.0024579609999999998
1115,1100,0.002424304
1116,1079,0.0029933310000000001
1117,1147,0.0023777049999999999
1118,1037,0.002603312
1119,1076,0.0024924370000000001
1120,1166,0.002400297
1121,885,0.0021924549999999998
1122,1014,0.0024942950000000001
1123,939,0.00230365
1124,885,0.0024073599999999999
1125,893,0.0021891710000000002
1126,826,0.0024460290000000002
1127,756,0.0030100349999999999
1128,748,0.0022262610000000002
1129,744,0.0020200000000000001
1130,666,0.002179996
1131,626,0.0023666550000000001
1132,658,0.001906474
1133,574,0.0022028830000000001
1134,564,0.0024836950000000002
1135,565,0.0021788189999999998
1136,589,0.0020365819999999999
1137,567,0.0023659710000000001
1138,610,0.002461544
1139,559,0.0022507529999999999
1140,685,0.0023291620000000001
1141,675,0.014088109
1142,743,0.0068358840000000004
1143,716,0.0024108490000000001
1144,858,0.001995461
1145,811,0.0018288779999999999
1146,842,0.001879433
1147,913,0.0018452970000000001
1148,1037,0.00184256
1149,976,0.0022612219999999998
1150,1028,0.0023701310000000001
1151,1096,0.0024305400000000001
1152,1169,0.0021098079999999999
1153,1183,0.00470864
1154,1131,0.002113031
1155,1337,0.002106999
1156,1350,0.0022355370000000001
1157,1399,0.002542192
1158,1461,0.0020802389999999998
1159,1493,0.002118553
1160,1562,0.002428042
1161,1652,0.0026327310000000001
1162,1615,0.0034597650000000001
1163,1701,0.0034880269999999999
1164,1673,0.0021209559999999998
1165,1652,0.0020191559999999998
1166,1597,0.0020010039999999998
1167,1660,0.0021528530000000001
1168,1621,0.0021151759999999999
1169,1560,0.0022061339999999998
1170,1650,0.0028959860000000001
1171,1491,0.0025834809999999999
1172,1494,0.0021102859999999998
1173,1582,0.0020803829999999999
1174,1413,0.002814357
1175,1432,0.0022469489999999998
1176,1305,0.002033782
1177,1384,0.0022033420000000001
1178,1366,0.0038640160000000001
1179,1345,0.0087125770000000009
1180,1284,0.0064602050000000001
1181,1170,0.0022322560000000002
1182,1128,0.0022585109999999999
1183,1130,0.0020788429999999999
1184,1135,0.002025659
1185,1133,0.002212936
1186,1035,0.0022596579999999999
1187,977,0.002232249
1188,1004,0.002097439
1189,953,0.0027265150000000001
1190,876,0.00211028
1191,845,0.0022478020000000001
1192,844,0.0020624419999999998
1193,819,0.0022543390000000002
1194,804,0.0022959690000000001
1195,767,0.0023889250000000001
1196,736,0.0021743280000000001
1197,707,0.0019407809999999999
1198,696,0.0017766170000000001
1199,669,0.001931718
1200,588,0.0022496600000000001
1201,687,0.0022974570000000001
1202,607,0.0021893709999999999
1203,693,0.00206595
1204,691,0.002128394
1205,689,0.0020790079999999998
1206,743,0.0020388020000000001
1207,748,0.0021950540000000001
1208,761,0.0020822140000000002
1209,732,0.0028935599999999999
1210,684,0.0022944319999999999
1211,706,0.0019180919999999999
1212,579,0.0017833009999999999
1213,575,0.0017313960000000001
1214,506,0.00176505
1215,613,0.001848281
1216,558,0.0018029179999999999
1217,654,0.0021681930000000001
1218,632,0.0038692420000000002
1219,719,0.001803327
1220,722,0.0018518950000000001
1221,785,0.0021555369999999999
1222,802,0.002188508
1223,903,0.001892262
1224,792,0.001883734
1225,886,0.002224139
1226,900,0.0022521450000000001
1227,921,0.0025041519999999999
1228,804,0.002474745
1229,862,0.0020479600000000001
1230,805,0.0020163149999999999
1231,889,0.0019390799999999999
1232,843,0.002108871
1233,807,0.0019970700000000001
1234,766,0.0022086419999999998
1235,791,0.0022470250000000002
1236,776,0.0021704179999999999
1237,755,0.0021556679999999999
1238,800,0.0022532199999999998
1239,764,0.0026449160000000002
1240,804,0.0077508610000000004
1241,846,0.0036746370000000001
1242,940,0.0018991590000000001
1243,829,0.002034957
1244,890,0.0022378250000000001
1245,913,0.0022577439999999999
1246,891,0.00183698
1247,893,0.0018738069999999999
1248,839,0.0017179389999999999
1249,935,0.0017423549999999999
1250,825,0.00162258
1251,798,0.0022837479999999999
1252,850,0.001905307
1253,795,0.0025707529999999998
1254,796,0.001969213
1255,816,0.0020674019999999999
1256,833,0.0022257760000000001
1257,892,0.0018572370000000001
1258,897,0.0018305509999999999
1259,849,0.0019202620000000001
1260,917,0.0020239279999999999
1261,887,0.0020922559999999998
1262,994,0.002030057
1263,815,0.0019652799999999998
1264,846,0.001942203
1265,870,0.001984633
1266,814,0.0019314309999999999
1267,896,0.0042496740000000002
1268,838,0.006258502
1269,777,0.0024113720000000002
1270,751,0.0023396229999999999
1271,741,0.001768883
1272,751,0.0017513120000000001
1273,675,0.001698595
1274,608,0.001800346
1275,549,0.0019589410000000001
1276,606,0.0018254980000000001
1277,477,0.0016777210000000001
1278,436,0.0019724780000000002
1279,426,0.0020042300000000001
1280,375,0.0027453080000000001
1281,336,0.0020642199999999999
1282,339,0.002125675
1283,343,0.0023727420000000002
1284,351,0.001858892
1285,367,0.0018321769999999999
1286,379,0.0016473169999999999
1287,410,0.0017168179999999999
1288,405,0.0019521510000000001
1289,393,0.0017882079999999999
1290,358,0.001867456
1291,406,0.001982138
1292,400,0.0023103590000000001
1293,388,0.0020230370000000001
1294,405,0.001771697
1295,381,0.0017762209999999999
1296,389,0.0017120099999999999
1297,342,0.001698508
1298,363,0.0017154760000000001
1299,321,0.0016603060000000001
1300,284,0.0016338839999999999
1301,272,0.0019542890000000001
1302,306,0.0019646249999999998
1303,272,0.0019549929999999999
1304,283,0.0037856949999999999
1305,402,0.001734111
1306,368,0.0017011229999999999
1307,441,0.0015933220000000001
1308,506,0.001566357
1309,555,0.0018398659999999999
1310,602,0.001570732
1311,688,0.0015967139999999999
1312,709,0.0017216
1313,830,0.0017921359999999999
1314,836,0.0017410290000000001
1315,833,0.00170389
1316,947,0.001984427
1317,915,0.001788563
1318,898,0.0018537530000000001
1319,912,0.001886663
1320,919,0.001834593
1321,886,0.001736523
1322,899,0.001736905
1323,789,0.001723951
1324,750,0.001709187
1325,813,0.0017456209999999999
1326,800,0.001671678
1327,806,0.00211648
1328,805,0.0022874520000000001
1329,809,0.001989518
1330,863,0.001888458
1331,811,0.0017890339999999999
1332,798,0.001632101
1333,929,0.001871071
1334,787,0.002255216
1335,818,0.0022783209999999998
1336,826,0.0042813590000000002
1337,821,0.0071024920000000002
1338,760,0.0053969619999999999
1339,765,0.0044139460000000002
1340,732,0.0020375800000000002
1341,664,0.0018250009999999999
1342,607,0.00176881
1343,596,0.001762794
1344,582,0.001819074
1345,551,0.0016761910000000001
1346,563,0.001819864
1347,576,0.0019125349999999999
1348,598,0.001572249
1349,566,0.0016646440000000001
1350,614,0.0015717070000000001
1351,630,0.001594257
1352,670,0.0015693020000000001
1353,657,0.0016117690000000001
1354,652,0.0016249700000000001
1355,731,0.0015615819999999999
1356,638,0.001814043
1357,680,0.0020559879999999999
1358,798,0.0021776819999999998
1359,536,0.0017781489999999999
1360,609,0.0017141680000000001
1361,653,0.0016273699999999999
1362,626,0.0015186069999999999
1363,552,0.00187652
1364,515,0.0024386500000000001
1365,514,0.0076012650000000003
1366,470,0.0050662190000000003
1367,475,0.001703392
1368,478,0.001577148
1369,483,0.0015619099999999999
1370,558,0.0018650069999999999
1371,521,0.0016488329999999999
1372,571,0.00156069
1373,674,0.0015921889999999999
1374,729,0.0015623309999999999
1375,749,0.001602448
1376,840,0.0017445010000000001
1377,902,0.0017046870000000001
1378,1023,0.0016757429999999999
1379,1042,0.001561982
1380,1179,0.0022192819999999999
1381,1185,0.0019600339999999998
1382,1204,0.001761056
1383,1267,0.0018343470000000001
1384,1406,0.002163037
1385,1345,0.002191508
1386,1441,0.001895671
1387,1382,0.001845771
1388,1495,0.0019900159999999998
1389,1506,0.001903133
1390,1482,0.0019130760000000001
1391,1410,0.001726261
1392,1443,0.0018047079999999999
1393,1541,0.0020241590000000002
1394,1561,0.0018503269999999999
1395,1465,0.0019131840000000001
1396,1414,0.001863916
1397,1345,0.00210641
1398,1184,0.0018650990000000001
1399,1219,0.001745836
1400,1156,0.001915096
1401,1061,0.0019548909999999998
1402,996,0.0022784559999999999
1403,821,0.0017265049999999999
1404,866,0.0018090770000000001
1405,903,0.0017771760000000001
1406,775,0.001830534
1407,794,0.001802994
1408,832,0.0018418530000000001
1409,826,0.001867912
1410,876,0.0019999200000000001
1411,854,0.0018859910000000001
1412,706,0.0019801200000000001
1413,795,0.0018141120000000001
1414,772,0.0019293349999999999
1415,779,0.002355233
1416,821,0.001934655
1417,718,0.0018750310000000001
1418,761,0.0020627750000000002
1419,723,0.001885074
1420,730,0.0018990260000000001
1421,714,0.001833089
1422,760,0.00167913
1423,668,0.0019224750000000001
1424,685,0.0017322399999999999
1425,683,0.001668976
1426,642,0.0019754249999999998
1427,674,0.0022007509999999999
1428,634,0.0021374520000000002
1429,640,0.0017095610000000001
1430,537,0.0016003809999999999
1431,568,0.001654705
1432,524,0.0019603300000000001
1433,626,0.0020992739999999999
1434,588,0.0019897140000000001
1435,532,0.001739478
1436,497,0.001642274
1437,541,0.0015980440000000001
1438,512,0.0015771559999999999
1439,465,0.0015573539999999999
1440,444,0.001622521
1441,495,0.0016255029999999999
1442,408,0.0021001240000000001
1443,376,0.002070414
1444,371,0.002141333
1445,380,0.0021556499999999998
1446,384,0.001649204
1447,369,0.001597659
1448,415,0.0015745850000000001
1449,427,0.0016195280000000001
1450,509,0.001500737
1451,513,0.0019270509999999999
1452,590,0.0016283650000000001
1453,654,0.0016222630000000001
1454,766,0.0016095529999999999
1455,806,0.001583215
1456,952,0.001574284
1457,1030,0.0021146189999999999
1458,1205,0.001891785
1459,1285,0.0016720229999999999
1460,1357,0.0041175379999999996
1461,1491,0.0066876879999999998
1462,1569,0.001829624
1463,1621,0.001718327
1464,1642,0.001699636
1465,1703,0.002263634
1466,1741,0.0022482439999999999
1467,1843,0.001872049
1468,1730,0.0016460229999999999
1469,1752,0.0017126089999999999
1470,1767,0.0017931970000000001
1471,1759,0.001744039
1472,1724,0.0017575869999999999
1473,1671,0.001907459
1474,1733,0.002476088
1475,1732,0.002218804
1476,1889,0.00201205
1477,1657,0.0022827979999999999
1478,1571,0.00189335
1479,1733,0.0017173259999999999
1480,1612,0.0017231309999999999
1481,1597,0.001765808
1482,1512,0.001680469
1483,1502,0.001836383
1484,1422,0.001944143
1485,1479,0.00180539
1486,1390,0.0019158790000000001
1487,1295,0.0019193299999999999
1488,1088,0.0028169720000000001
1489,1115,0.0081282100000000003
1490,944,0.0046822360000000002
1491,949,0.0017760079999999999
1492,941,0.0020255260000000001
1493,865,0.0023073870000000002
1494,867,0.0024105569999999998
1495,906,0.0020301759999999999
1496,856,0.001702077
1497,865,0.001800226
1498,852,0.0016126059999999999
1499,870,0.00161104
1500,837,0.0017083560000000001
1501,895,0.001619056
1502,959,0.0016618970000000001
1503,955,0.0016957820000000001
1504,997,0.0018588700000000001
1505,1135,0.0017444100000000001
1506,1154,0.0037668049999999998
1507,1217,0.0068839979999999997
1508,1190,0.0035381729999999999
1509,1108,0.0017540100000000001
1510,1206,0.0017751380000000001
1511,1114,0.0068158450000000001
1512,1162,0.0065453849999999999
1513,1052,0.001977548
1514,1127,0.001699807
1515,973,0.0021718890000000002
1516,988,0.0020275610000000002
1517,911,0.0026680079999999999
1518,937,0.0073253950000000002
1519,704,0.001821378
1520,615,0.0017915279999999999
1521,573,0.001890437
1522,552,0.0017887510000000001
1523,568,0.001735767
1524,452,0.0016391859999999999
1525,503,0.0015004700000000001
1526,552,0.0015352479999999999
1527,654,0.0019357809999999999
1528,740,0.001674364
1529,847,0.0015676749999999999
1530,873,0.0016364039999999999
1531,942,0.0016882889999999999
1532,1025,0.001497462
1533,1130,0.00151483
1534,1197,0.0016620000000000001
1535,1212,0.001561836
1536,1327,0.0015695590000000001
1537,1269,0.0018045699999999999
1538,1383,0.001747462
1539,1381,0.0015237779999999999
1540,1481,0.0015676069999999999
1541,1588,0.001559637
1542,1536,0.0016869210000000001
1543,1490,0.001522184
1544,1432,0.0015107199999999999
1545,1336,0.001602561
1546,1263,0.0017057330000000001
1547,1140,0.0016947900000000001
1548,1164,0.001691283
1549,1055,0.0021273820000000001
1550,937,0.0021200360000000001
1551,824,0.0020628930000000001
1552,816,0.0020171579999999998
1553,798,0.0020166250000000002
1554,746,0.0020090559999999999
1555,731,0.002122404
1556,692,0.0025348509999999999
1557,642,0.0019631480000000001
1558,628,0.0017897670000000001
1559,675,0.0018039340000000001
1560,631,0.0018334200000000001
1561,671,0.001879461
1562,650,0.0019026749999999999
1563,707,0.0019980929999999998
1564,756,0.0021138590000000001
1565,775,0.0022340110000000002
1566,874,0.002309012
1567,846,0.0021418800000000001
1568,842,0.001927219
1569,887,0.0018101479999999999
1570,838,0.0017779110000000001
1571,973,0.0018244859999999999
1572,857,0.001803432
1573,975,0.0019381839999999999
1574,1044,0.0017061890000000001
1575,1052,0.001676769
1576,1068,0.001541817
1577,1118,0.001558589
1578,1177,0.0017250670000000001
1579,1262,0.001713542
1580,1301,0.001664495
1581,1353,0.0030967130000000001
1582,1439,0.0017921320000000001
1583,1545,0.0017195890000000001
1584,1614,0.0016621889999999999
1585,1660,0.001568063
1586,1773,0.0016389900000000001
1587,1784,0.0017509680000000001
1588,1847,0.001690158
1589,1981,0.001911023
1590,2071,0.0019469629999999999
1591,2073,0.0025069129999999999
1592,2119,0.0018018590000000001
1593,2285,0.001822499
1594,2104,0.001811986
1595,2151,0.002023422
1596,2166,0.0019719920000000001
1597,2038,0.0022108240000000001
1598,2155,0.001783314
1599,2077,0.0019677369999999998
1600,2187,0.0020080160000000001
1601,2148,0.001936686
1602,2065,0.001879
1603,2082,0.0018657229999999999
1604,2102,0.0021805420000000002
1605,2128,0.0023555519999999999
1606,2130,0.001876289
1607,2127,0.0018652779999999999
1608,2246,0.0022990329999999998
1609,2094,0.001915094
1610,2021,0.001881637
1611,2093,0.0022096199999999998
1612,1911,0.001899048
1613,1844,0.0022813550000000001
1614,1765,0.002005068
1615,1656,0.002316242
1616,1576,0.0021523990000000002
1617,1425,0.0019083839999999999
1618,1267,0.001898811
1619,1211,0.0018373980000000001
1620,1123,0.0023778190000000002
1621,947,0.001879113
1622,841,0.001912186
1623,716,0.001847151
1624,608,0.0019458699999999999
1625,527,0.0019625889999999998
1626,415,0.0019919880000000001
1627,424,0.0021599179999999998
1628,370,0.0020612209999999998
1629,313,0.0018844319999999999
1630,367,0.001788906
1631,418,0.001895501
1632,417,0.0039484919999999996
1633,437,0.0071367669999999996
1634,500,0.0039184379999999998
1635,509,0.001791904
1636,547,0.0020010029999999999
1637,594,0.0018397279999999999
1638,581,0.0018611330000000001
1639,586,0.0017913320000000001
1640,577,0.001621092
1641,606,0.001559593
1642,484,0.0016147399999999999
1643,499,0.0015871660000000001
1644,540,0.001582625
1645,521,0.001497153
1646,634,0.001870979
1647,677,0.0015911619999999999
1648,869,0.001639057
1649,1028,0.0016697260000000001
1650,1258,0.0016393110000000001
1651,1353,0.001617519
1652,1517,0.001657651
1653,1620,0.001752555
1654,1758,0.0016215349999999999
1655,1858,0.001517563
1656,1874,0.0018953450000000001
1657,1975,0.0018658399999999999
1658,1988,0.0017983739999999999
1659,1912,0.0017527739999999999
1660,1874,0.0017443059999999999
1661,2029,0.0016345000000000001
1662,1799,0.001604486
1663,1736,0.001814951
1664,1651,0.0016530150000000001
1665,1605,0.0017467450000000001
1666,1544,0.0018665940000000001
1667,1425,0.0021038570000000002
1668,1480,0.0016505490000000001
1669,1271,0.0017539719999999999
1670,1164,0.0019922540000000002
1671,1037,0.002087078
1672,1078,0.002162944
1673,888,0.00239127
1674,900,0.0057766090000000003
1675,805,0.0061893160000000003
1676,686,0.00184465
1677,739,0.0017614449999999999
1678,653,0.0022147550000000001
1679,761,0.002081163
1680,791,0.00198628
1681,812,0.0021347430000000001
1682,818,0.0017223010000000001
1683,928,0.001637896
1684,1032,0.0016967480000000001
1685,1129,0.001596114
1686,1175,0.0017558179999999999
1687,1303,0.0022823700000000001
1688,1327,0.001934879
1689,1375,0.0017354639999999999
1690,1575,0.001731289
1691,1565,0.0016281500000000001
1692,1734,0.001784983
1693,1772,0.001601861
1694,1828,0.0016776009999999999
1695,1836,0.001543427
1696,1971,0.0016693929999999999
1697,1993,0.0017015800000000001
1698,1938,0.0017232700000000001
1699,2176,0.001710769
1700,1927,0.0018698129999999999
1701,1930,0.0020514309999999998
1702,1831,0.001922296
1703,1984,0.0021366089999999998
1704,1730,0.001829968
1705,1776,0.0015843140000000001
1706,1615,0.002047377
1707,1521,0.0019191950000000001
1708,1486,0.0019497119999999999
1709,1346,0.0019912269999999999
1710,1283,0.0020450709999999999
1711,1070,0.00191786
1712,946,0.00213591
1713,805,0.0021376049999999999
1714,810,0.002226015
1715,710,0.0020801909999999999
1716,646,0.0020486380000000002
1717,557,0.0020821590000000001
1718,594,0.001925452
1719,606,0.0020402340000000001
1720,511,0.00191808
1721,512,0.0019580380000000001
1722,439,0.0021450330000000002
1723,416,0.001660297
1724,391,0.001700867
1725,393,0.001550278
1726,339,0.001658907
1727,333,0.0015908949999999999
1728,362,0.0016078049999999999
1729,374,0.001598239
1730,433,0.0015893579999999999
1731,497,0.001586348
1732,593,0.0019179819999999999
1733,702,0.0020161179999999999
1734,801,0.002010455
1735,961,0.0016793000000000001
1736,1033,0.00165796
1737,1169,0.0018040829999999999
1738,1316,0.0016695099999999999
1739,1390,0.001662932
1740,1484,0.001670195
1741,1585,0.001808083
1742,1593,0.0022473749999999998
1743,1800,0.0018528010000000001
1744,1917,0.0019560519999999998
1745,1883,0.0020719330000000002
1746,2037,0.0017715999999999999
1747,2091,0.0018302119999999999
1748,2192,0.001735908
1749,2255,0.0018183349999999999
1750,2322,0.001890308
1751,2333,0.00193983
1752,2550,0.0017515370000000001
1753,2547,0.0018182230000000001
1754,2670,0.0018553370000000001
1755,2438,0.0018401960000000001
1756,2748,0.001880687
1757,2767,0.0019562519999999999
1758,2741,0.001853653
1759,2690,0.0019824819999999998
1760,2827,0.0020570430000000002
1761,2947,0.0019660250000000002
1762,2823,0.00201148
1763,2786,0.0018430499999999999
1764,2684,0.0020016999999999999
1765,2766,0.0020588659999999999
1766,2766,0.0018319409999999999
1767,2709,0.0018837540000000001
1768,2616,0.0024619149999999999
1769,2496,0.0018994610000000001
1770,2494,0.0023912600000000001
1771,2341,0.0018740969999999999
1772,2531,0.0021961950000000002
1773,2371,0.0019635730000000001
1774,2323,0.0018525569999999999
1775,2506,0.0021989190000000001
1776,2246,0.002707269
1777,2197,0.0020521099999999998
1778,2426,0.0019128940000000001
1779,2079,0.0017654019999999999
1780,2129,0.0019728110000000001
1781,2168,0.00184794
1782,2024,0.00183741
1783,2149,0.001862765
1784,2017,0.0021088999999999999
1785,1874,0.00223675
1786,1920,0.002170572
1787,1865,0.0019970470000000001
1788,1855,0.0020403880000000002
1789,1734,0.0017777590000000001
1790,1604,0.0016965909999999999
1791,1517,0.0018346770000000001
1792,1429,0.001831196
1793,1402,0.002404251
1794,1243,0.002023253
1795,1139,0.00181335
1796,940,0.0017739559999999999
1797,915,0.001851943
1798,817,0.001954988
1799,685,0.001684884
1800,668,0.0016998460000000001
1801,533,0.001918115
1802,405,0.0017456259999999999
1803,353,0.00171013
1804,353,0.001681997
1805,371,0.0016945319999999999
1806,505,0.0016728579999999999
1807,660,0.0016923839999999999
1808,822,0.001714805
1809,1084,0.0019592329999999999
1810,1313,0.001940095
1811,1501,0.0018596249999999999
1812,1810,0.0020602849999999998
1813,1924,0.0024968059999999999
1814,2058,0.0022527210000000001
1815,2235,0.0022708279999999999
1816,2378,0.002096372
1817,2508,0.0024436390000000001
1818,2538,0.0021069719999999999
1819,2576,0.002032552
1820,2740,0.0019732360000000002
1821,2687,0.0018483130000000001
1822,2834,0.0020457169999999998
1823,2766,0.0020125529999999998
1824,2657,0.0021038739999999999
1825,2772,0.001918646
1826,2748,0.0025219819999999999
1827,2844,0.002451197
1828,2807,0.0026170820000000002
1829,2561,0.0024825899999999998
1830,2635,0.0041014270000000004
1831,2822,0.0023355630000000001
1832,2456,0.0025061039999999999
1833,2521,0.002024124
1834,2426,0.0019123650000000001
1835,2448,0.001862297
1836,2538,0.0018958309999999999
1837,2515,0.0018311989999999999
1838,2498,0.0019730500000000001
1839,2412,0.001962278
1840,2464,0.002995251
1841,2454,0.0020890370000000002
1842,2586,0.0017876910000000001
1843,2473,0.001682986
1844,2442,0.0017648399999999999
1845,2506,0.0019295899999999999
1846,2540,0.0017820640000000001
1847,2552,0.001750997
1848,2536,0.0018011920000000001
1849,2624,0.001961937
1850,2713,0.0019071870000000001
1851,2577,0.0020275879999999999
1852,2405,0.0019303409999999999
1853,2583,0.001991184
1854,2423,0.0034100100000000002
1855,2487,0.0018265429999999999
1856,2447,0.0018971109999999999
1857,2438,0.0020308090000000002
1858,2262,0.0019816909999999998
1859,2127,0.0020006220000000001
1860,2146,0.001949136
1861,1954,0.0025889250000000002
1862,1937,0.0025393059999999999
1863,1794,0.0025368639999999998
1864,1850,0.0026496269999999999
1865,1691,0.002803215
1866,1742,0.002128329
1867,1614,0.002054621
1868,1649,0.002056843
1869,1540,0.002014414
1870,1563,0.0019750240000000001
1871,1572,0.0020751849999999998
1872,1606,0.002515513
1873,1595,0.001894862
1874,1508,0.0020684750000000002
1875,1562,0.0020859720000000002
1876,1559,0.0019007659999999999
1877,1622,0.0019694059999999999
1878,1644,0.0018923430000000001
1879,1600,0.001807003
1880,1650,0.003961231
1881,1557,0.0020511980000000002
1882,1541,0.0021708629999999999
1883,1603,0.0018716990000000001
1884,1559,0.0020224100000000001
1885,1438,0.0024479020000000001
1886,1566,0.002338489
1887,1402,0.0020488379999999999
1888,1434,0.0026510470000000001
1889,1387,0.0023685619999999998
1890,1378,0.00242274
1891,1356,0.0022117030000000002
1892,1422,0.001840244
1893,1268,0.0018665209999999999
1894,1334,0.0020485640000000001
1895,1385,0.0018565420000000001
1896,1372,0.001969461
1897,1340,0.001704384
1898,1344,0.0017356610000000001
1899,1335,0.001889106
1900,1309,0.0018558120000000001
1901,1315,0.001996823
1902,1434,0.001740927
1903,1415,0.001852724
1904,1418,0.0019545819999999998
1905,1394,0.0018611739999999999
1906,1392,0.0018080609999999999
1907,1432,0.0018381160000000001
1908,1382,0.0017803070000000001
1909,1366,0.0017812030000000001
1910,1357,0.0019784059999999998
1911,1343,0.0040014860000000003
1912,1183,0.0023658210000000002
1913,1263,0.0017920919999999999
1914,1263,0.0018227499999999999
1915,1287,0.0017257290000000001
1916,1205,0.0017961800000000001
1917,1236,0.0018625180000000001
1918,1263,0.001859638
1919,1248,0.0018335370000000001
1920,1226,0.0021335999999999998
1921,1280,0.0020606460000000002
1922,1293,0.001978049
1923,1245,0.0019270979999999999
1924,1226,0.0019065
1925,1256,0.001833592
1926,1243,0.0017141599999999999
1927,1226,0.0018388639999999999
1928,1239,0.002107252
1929,1166,0.00184133
1930,1212,0.0021739110000000002
1931,1219,0.0023808309999999999
1932,1219,0.0024498760000000001
1933,1165,0.0018489820000000001
1934,1210,0.0017853369999999999
1935,1218,0.0019748029999999998
1936,1273,0.0022104479999999998
1937,1227,0.0021175669999999999
1938,1191,0.0042546149999999998
1939,1196,0.0038356890000000002
1940,1171,0.0018642660000000001
1941,1240,0.001949075
1942,1234,0.002138783
1943,1128,0.002088786
1944,1144,0.0018816939999999999
1945,1176,0.0018211119999999999
1946,1209,0.001830583
1947,1069,0.0017518939999999999
1948,1103,0.001850158
1949,1118,0.0021299700000000001
1950,1070,0.0018336579999999999
1951,1141,0.001886286
1952,1070,0.0084250290000000005
1953,1150,0.006204139
1954,1104,0.0022604919999999998
1955,1212,0.0021397030000000002
1956,1195,0.00189672
1957,1239,0.002004301
1958,1137,0.0019055980000000001
1959,1204,0.001944802
1960,1141,0.001570915
1961,1240,0.001707439
1962,1237,0.0017134769999999999
1963,1286,0.002292278
1964,1262,0.002002158
1965,1212,0.0022368639999999999
1966,1274,0.0024095179999999998
1967,1410,0.002207054
1968,1389,0.0020894669999999998
1969,1269,0.001851337
1970,1338,0.0019914329999999999
1971,1285,0.002152087
1972,1210,0.0022140279999999998
1973,1283,0.0018727629999999999
1974,1261,0.001680852
1975,1277,0.0022458280000000001
1976,1211,0.0018789740000000001
1977,1118,0.0017249120000000001
1978,1207,0.0016880280000000001
1979,1112,0.001758882
1980,1095,0.001846702
1981,1053,0.0017808699999999999
1982,1130,0.0018358350000000001
1983,1023,0.0019921510000000002
1984,966,0.0017009270000000001
1985,985,0.001718207
1986,1028,0.0057155770000000003
1987,887,0.0065071620000000004
1988,836,0.002150973
1989,841,0.0018854799999999999
1990,804,0.0022089140000000002
1991,728,0.0021587479999999998
1992,752,0.0021988749999999999
1993,757,0.0020347220000000001
1994,769,0.002147398
1995,691,0.00223704
1996,789,0.0018801810000000001
1997,901,0.0017976769999999999
1998,970,0.0019676979999999999
1999,892,0.002374836
2000,1040,0.0046257939999999999
2001,1089,0.0088423259999999993
2002,1204,0.0033562660000000001
2003,1193,0.0028113050000000001
2004,1277,0.0023966909999999998
2005,1284,0.001917069
2006,1274,0.001857813
2007,1234,0.001898814
2008,1246,0.001762633
2009,1250,0.0017911209999999999
2010,1298,0.001838601
2011,1296,0.001918931
2012,1199,0.0024432009999999999
2013,1131,0.0024984429999999999
2014,1140,0.001831332
2015,1174,0.001899895
2016,1165,0.0019960329999999999
2017,950,0.0019635130000000001
2018,955,0.0020414500000000002
2019,960,0.0021752490000000002
2020,923,0.002161264
2021,867,0.0019408520000000001
2022,840,0.001898641
2023,996,0.0019853789999999998
2024,881,0.0020698410000000002
2025,834,0.002075955
2026,887,0.001818549
2027,891,0.0020342089999999999
2028,980,0.0021404449999999999
2029,885,0.0018982389999999999
2030,925,0.001868443
2031,1008,0.0019328310000000001
2032,983,0.0018231580000000001
2033,945,0.0019076379999999999
2034,999,0.001866976
2035,1032,0.002322995
2036,1074,0.001998484
2037,960,0.0018800170000000001
2038,903,0.00194166
2039,925,0.001882395
2040,974,0.0019094579999999999
2041,960,0.0017585280000000001
2042,1006,0.001789218
2043,927,0.00196226
2044,943,0.0019533649999999999
2045,970,0.0023083309999999998
2046,1014,0.002173328
2047,1056,0.001924661
2048,1101,0.0017988259999999999
2049,1147,0.0019342389999999999
2050,1208,0.0020568040000000002
2051,1237,0.0020539930000000001
2052,1318,0.0020296540000000001
2053,1401,0.0018812880000000001
2054,1311,0.001873425
2055,1345,0.0020196580000000001
2056,1323,0.0021415399999999999
2057,1363,0.0025760240000000001
2058,1345,0.0026238659999999999
2059,1370,0.0021733830000000001
2060,1320,0.001881471
2061,1358,0.002098894
2062,1365,0.0020037010000000001
2063,1286,0.0020932360000000001
2064,1365,0.0019739309999999999
2065,1293,0.001911212
2066,1318,0.0019687340000000002
2067,1272,0.0019465929999999999
2068,1262,0.0020194280000000002
2069,1342,0.0028832160000000001
2070,1234,0.0020252030000000002
2071,1253,0.0021862909999999999
2072,1136,0.0020212199999999998
2073,999,0.0022252349999999999
2074,1053,0.002047662
2075,976,0.001925682
2076,936,0.0020937540000000002
2077,827,0.002492218
2078,782,0.001917165
2079,796,0.0018764229999999999
2080,735,0.001864632
2081,736,0.0019468300000000001
2082,707,0.001871373
2083,653,0.001826418
2084,663,0.0017496530000000001
2085,623,0.002476116
2086,672,0.003540442
2087,733,0.0018637160000000001
2088,694,0.002020689
2089,728,0.001916245
2090,689,0.001924046
2091,777,0.001818655
2092,752,0.00183822
2093,751,0.002165751
2094,764,0.0020484930000000002
2095,816,0.002580967
2096,706,0.0023222999999999998
2097,731,0.0019673569999999999
2098,793,0.0017978099999999999
2099,781,0.001760377
2100,795,0.001824605
2101,767,0.0023232679999999999
2102,773,0.0022713490000000002
2103,832,0.0022009360000000001
2104,790,0.0020603359999999999
2105,841,0.0020872680000000002
2106,897,0.0018441989999999999
2107,800,0.001870872
2108,870,0.0019949059999999998
2109,837,0.0023757790000000002
2110,874,0.0022675669999999998
2111,840,0.0017532890000000001
2112,971,0.0018435140000000001
2113,1100,0.001752712
2114,975,0.001790711
2115,980,0.001821137
2116,1071,0.0017698340000000001
2117,1067,0.001994067
2118,1101,0.0019546469999999999
2119,1171,0.001771676
2120,1212,0.001832506
2121,1188,0.00186473
2122,1273,0.0017979319999999999
2123,1223,0.001889085
2124,1343,0.0018492409999999999
2125,1283,0.002060873
2126,1243,0.0022833279999999998
2127,1261,0.0027435459999999999
2128,1172,0.002557522
2129,1243,0.0025362119999999999
2130,1237,0.001933658
2131,1294,0.0019530459999999999
2132,1245,0.001887311
2133,1238,0.0021451500000000002
2134,1264,0.002127735
2135,1216,0.0018980900000000001
2136,1183,0.0018390119999999999
2137,1253,0.0017621830000000001
2138,970,0.001700834
2139,999,0.0018429119999999999
2140,1004,0.0018070569999999999
2141,999,0.0018222850000000001
2142,966,0.0025584900000000001
2143,807,0.001947327
2144,710,0.00179503
2145,694,0.001860914
2146,711,0.0019427769999999999
2147,635,0.001870432
2148,627,0.0018269580000000001
2149,526,0.001817985
2150,484,0.0021783319999999998
2151,496,0.001939039
2152,434,0.0018439839999999999
2153,464,0.0018375279999999999
2154,434,0.0017071040000000001
2155,446,0.001638212
2156,507,0.0019825709999999998
2157,555,0.0022524429999999998
2158,614,0.0022066479999999999
2159,704,0.0021556549999999998
2160,810,0.0018795940000000001
2161,847,0.001707582
2162,938,0.0016657250000000001
2163,1016,0.0016424899999999999
2164,1076,0.001665241
2165,1134,0.0017452380000000001
2166,1252,0.00177983
2167,1226,0.001694323
2168,1345,0.00203616
2169,1309,0.001872872
2170,1321,0.0018296709999999999
2171,1300,0.001765684
2172,1330,0.001692942
2173,1457,0.0017006429999999999
2174,1435,0.0016953350000000001
2175,1469,0.001766454
2176,1482,0.0016827000000000001
2177,1535,0.0017901320000000001
2178,1402,0.0022586730000000001
2179,1457,0.0017458179999999999
2180,1381,0.0016009030000000001
2181,1408,0.001566072
2182,1488,0.0021037180000000001
2183,1378,0.001819125
2184,1192,0.0016942350000000001
2185,1265,0.001659998
2186,1241,0.0017022719999999999
2187,1160,0.0021233960000000001
2188,1071,0.0018734349999999999
2189,1084,0.001854957
2190,1073,0.0017079630000000001
2191,1002,0.001785724
2192,1015,0.001944791
2193,932,0.0018446510000000001
2194,891,0.001854687
2195,856,0.002089208
2196,855,0.0021657690000000001
2197,773,0.0019947929999999999
2198,734,0.001800898
2199,746,0.0019071730000000001
2200,728,0.002099067
2201,747,0.001927956
2202,695,0.001861866
2203,614,0.0021163470000000002
2204,604,0.0022071199999999999
2205,504,0.0019924109999999999
2206,595,0.0019920950000000002
2207,517,0.0022958140000000002
2208,628,0.0021607419999999998
2209,573,0.0022163450000000002
2210,539,0.0021769200000000002
2211,559,0.0026377710000000001
2212,566,0.0023143959999999998
2213,555,0.0022495309999999999
2214,532,0.0020723009999999999
2215,499,0.0017611090000000001
2216,497,0.001792126
2217,465,0.0017981710000000001
2218,348,0.0017220510000000001
2219,412,0.0017895299999999999
2220,336,0.0019493830000000001
2221,296,0.0016089190000000001
2222,297,0.0016562599999999999
2223,276,0.0075715289999999996
2224,230,0.0083496639999999997
2225,224,0.0026947550000000001
2226,268,0.0016527880000000001
2227,261,0.001643175
2228,192,0.0016373889999999999
2229,202,0.0019210519999999999
2230,180,0.0016629450000000001
2231,197,0.001753274
2232,220,0.001636813
2233,190,0.00166979
2234,173,0.0015243710000000001
2235,201,0.0015319540000000001
2236,226,0.00155411
2237,205,0.0016228709999999999
2238,214,0.0015616429999999999
2239,279,0.001932184
2240,268,0.0019834259999999999
2241,314,0.0025820859999999999
2242,300,0.0021369430000000001
2243,302,0.0020319489999999999
2244,311,0.0020051750000000001
2245,338,0.0019857389999999998
2246,354,0.0019968099999999999
2247,356,0.0020187579999999998
2248,356,0.0018147529999999999
2249,346,0.001953057
2250,335,0.0022958340000000001
2251,334,0.002020792
2252,330,0.0017445029999999999
2253,300,0.001773925
2254,399,0.00167545
2255,336,0.0015504780000000001
2256,335,0.0015970229999999999
2257,350,0.0017062550000000001
2258,264,0.001729001
2259,340,0.001974665
2260,309,0.0017655240000000001
2261,331,0.001671769
2262,304,0.001611779
2263,368,0.001668686
2264,441,0.0025878680000000001
2265,365,0.0017230640000000001
2266,455,0.001639532
2267,436,0.0016576060000000001
2268,445,0.0018833649999999999
2269,472,0.0018219989999999999
2270,438,0.0016500029999999999
2271,423,0.0016088809999999999
2272,425,0.0016767290000000001
2273,471,0.001648959
2274,549,0.001704793
2275,507,0.001640688
2276,523,0.0020689879999999999
2277,627,0.0016758509999999999
2278,636,0.0018042729999999999
2279,703,0.001700713
2280,815,0.0017318780000000001
2281,767,0.0018372180000000001
2282,817,0.001899474
2283,917,0.0019057670000000001
2284,888,0.0019713769999999999
2285,969,0.0019903859999999998
2286,986,0.0018864719999999999
2287,944,0.0059798300000000002
2288,986,0.0070620750000000001
2289,1020,0.0022940030000000002
2290,1084,0.0022768559999999998
2291,1108,0.0022587390000000001
2292,1000,0.0020634849999999999
2293,1051,0.0019292109999999999
2294,972,0.001871019
2295,1037,0.0019512819999999999
2296,950,0.001854142
2297,900,0.0019259419999999999
2298,939,0.001883163
2299,865,0.001975517
2300,893,0.00173683
2301,854,0.0017886899999999999
2302,903,0.001856367
2303,917,0.001851428
2304,942,0.0022749240000000002
2305,975,0.0020746200000000001
2306,977,0.0018418729999999999
2307,932,0.0023565190000000001
2308,877,0.0018928630000000001
2309,918,0.0018187730000000001
2310,823,0.001681966
2311,850,0.00193892
2312,799,0.00168776
2313,757,0.001780315
2314,831,0.0016506159999999999
2315,792,0.0017091649999999999
2316,815,0.001949012
2317,688,0.0017960529999999999
2318,686,0.0017308619999999999
2319,617,0.001704035
2320,653,0.0017923889999999999
2321,595,0.0018178269999999999
2322,574,0.002358083
2323,503,0.001728535
2324,538,0.0016602159999999999
2325,566,0.002007511
2326,581,0.0018353779999999999
2327,630,0.001773344
2328,691,0.0016670190000000001
2329,654,0.001694203
2330,659,0.001688527
2331,626,0.001760331
2332,599,0.001665435
2333,664,0.0017773730000000001
2334,692,0.001912298
2335,608,0.0022176299999999999
2336,538,0.002212561
2337,550,0.0021585179999999999
2338,533,0.00173745
2339,538,0.001807908
2340,570,0.001841245
2341,541,0.0017726479999999999
2342,562,0.00168622
2343,515,0.001822543
2344,512,0.001823732
2345,526,0.001773686
2346,502,0.001721207
2347,472,0.001940057
2348,499,0.0018639069999999999
2349,472,0.0016307559999999999
2350,483,0.001602961
2351,510,0.001685335
2352,507,0.0018713950000000001
2353,631,0.0020040069999999999
2354,667,0.001830644
2355,791,0.001694624
2356,823,0.0017799739999999999
2357,1009,0.0020322690000000002
2358,1020,0.0023409350000000002
2359,1127,0.0017257380000000001
2360,1239,0.0017007979999999999
2361,1278,0.0019051129999999999
2362,1340,0.002065847
2363,1375,0.00177563
2364,1559,0.0019103449999999999
2365,1553,0.0018789830000000001
2366,1634,0.0018537479999999999
2367,1631,0.00181785
2368,1606,0.001825594
2369,1703,0.0018684870000000001
2370,1603,0.0023556549999999999
2371,1591,0.0021466039999999999
2372,1602,0.0021546540000000002
2373,1665,0.0018481249999999999
2374,1627,0.001784562
2375,1710,0.001779173
2376,1626,0.0016957229999999999
2377,1629,0.0017683810000000001
2378,1715,0.0022027919999999999
2379,1679,0.0038233770000000002
2380,1556,0.002033707
2381,1570,0.0018916409999999999
2382,1537,0.0019118189999999999
2383,1555,0.0019200319999999999
2384,1524,0.0019385450000000001
2385,1450,0.0022082410000000001
2386,1528,0.0026620680000000001
2387,1486,0.0018984729999999999
2388,1492,0.001934086
2389,1474,0.001925937
2390,1296,0.001934175
2391,1343,0.0025232689999999999
2392,1389,0.0027080429999999998
2393,1345,0.0029625189999999998
2394,1323,0.002362486
2395,1249,0.0022090880000000001
2396,1188,0.0020392420000000001
2397,1082,0.0018934469999999999
2398,966,0.001953916
2399,993,0.0019788969999999999
2400,1012,0.0020284000000000001
2401,892,0.0022118089999999999
2402,956,0.0019655699999999998
2403,893,0.0019178909999999999
2404,982,0.0023366509999999999
2405,971,0.0025262380000000001
2406,989,0.0021672000000000002
2407,1062,0.002015532
2408,1016,0.0020179659999999999
2409,948,0.0019751339999999999
2410,979,0.0019934100000000001
2411,905,0.001898795
2412,906,0.0019093199999999999
2413,989,0.001945104
2414,848,0.0020148739999999998
2415,904,0.0019231470000000001
2416,837,0.0020256689999999999
2417,748,0.002175532
2418,733,0.0019491619999999999
2419,658,0.0022797379999999999
2420,711,0.002154174
2421,727,0.0023349909999999998
2422,670,0.0020097169999999998
2423,688,0.0022171360000000002
2424,762,0.0027962640000000001
2425,641,0.0041087529999999997
2426,673,0.0021596050000000002
2427,607,0.0020110050000000002
2428,667,0.001982695
2429,724,0.0019100180000000001
2430,775,0.0017630370000000001
2431,852,0.0021807369999999999
2432,947,0.0022599479999999999
2433,1020,0.0020074139999999999
2434,1104,0.0021147290000000001
2435,1229,0.0018464099999999999
2436,1197,0.0018042430000000001
2437,1342,0.001781042
2438,1370,0.0018272480000000001
2439,1409,0.0017508630000000001
2440,1452,0.0019985770000000001
2441,1521,0.0017992629999999999
2442,1593,0.0018530339999999999
2443,1493,0.001980313
2444,1556,0.0020783419999999999
2445,1612,0.0020582769999999998
2446,1562,0.0022598990000000001
2447,1620,0.0021765560000000001
2448,1479,0.002266494
2449,1460,0.0021519759999999999
2450,1453,0.0021370199999999999
2451,1535,0.001717627
2452,1497,0.0020895660000000002
2453,1431,0.0021305679999999998
2454,1531,0.002226025
2455,1590,0.0017871849999999999
2456,1413,0.0020261179999999999
2457,1518,0.00226348
2458,1571,0.002017788
2459,1607,0.002026852
2460,1675,0.0022521400000000001
2461,1735,0.0028072510000000002
2462,1810,0.0025605430000000002
2463,2028,0.002333529
2464,1916,0.0023936859999999999
2465,2136,0.0020157420000000001
2466,2127,0.0018131709999999999
2467,2299,0.0020007319999999999
2468,2352,0.002676791
2469,2250,0.0024711709999999999
2470,2475,0.0027598039999999998
2471,2512,0.0026747030000000001
2472,2577,0.0021895600000000001
2473,2571,0.0024794249999999999
2474,2610,0.0024306290000000001
2475,2647,0.0023912130000000001
2476,2706,0.0017664670000000001
2477,2639,0.0045328649999999996
2478,2622,0.0023385440000000001
2479,2705,0.0024442639999999998
2480,2559,0.00186079
2481,2627,0.0017053179999999999
2482,2490,0.0018436469999999999
2483,2548,0.0018316140000000001
2484,2492,0.00179721
2485,2414,0.0021876769999999999
2486,2308,0.0018151179999999999
2487,2228,0.0019075470000000001
2488,2135,0.001911638
2489,2087,0.0018641899999999999
2490,2064,0.0019193529999999999
2491,2014,0.0018773800000000001
2492,1945,0.0022022809999999999
2493,1707,0.002435478
2494,1804,0.0022586149999999998
2495,1720,0.0019819519999999999
2496,1717,0.0021401039999999999
2497,1649,0.0021050779999999998
2498,1546,0.0018909510000000001
2499,1616,0.0020151129999999998
2500,1524,0.0023656839999999998
2501,1417,0.0029545769999999999
2502,1415,0.0026545119999999999
2503,1304,0.002563456
2504,1336,0.0023620239999999999
2505,1257,0.0021766649999999999
2506,1223,0.0027896050000000001
2507,1308,0.0024527630000000002
2508,1401,0.0025176320000000001
2509,1325,0.0019613500000000002
2510,1382,0.001730501
2511,1389,0.002057943
2512,1355,0.0024403839999999999
2513,1347,0.0024490229999999998
2514,1368,0.0023900919999999999
2515,1358,0.0026413919999999998
2516,1365,0.002239198
2517,1335,0.0023492090000000001
2518,1596,0.0022109410000000001
2519,1317,0.0020214730000000002
2520,1372,0.0023130830000000001
2521,1380,0.0023781330000000002
2522,1297,0.0021272610000000001
2523,1365,0.0023856770000000001
2524,1295,0.0021810140000000002
2525,1318,0.002610949
2526,1296,0.003420275
2527,1252,0.0019832920000000002
2528,1232,0.002469199
2529,1153,0.0021772359999999999
2530,1159,0.0023025979999999999
2531,1224,0.0021842099999999998
2532,1194,0.0020889860000000001
2533,1183,0.0019904050000000002
2534,1181,0.0023019590000000001
2535,1213,0.0022684559999999999
2536,1120,0.0046106699999999999
2537,1201,0.0061408620000000004
2538,1122,0.0087749230000000004
2539,1119,0.0024560269999999999
2540,1137,0.0022106349999999999
2541,1064,0.0023672839999999999
2542,1003,0.0022027309999999999
2543,939,0.002020282
2544,934,0.0021540719999999999
2545,999,0.002234116
2546,784,0.0021984539999999999
2547,766,0.0020906420000000002
2548,672,0.0021090050000000002
2549,616,0.001938962
2550,488,0.0023333799999999999
2551,473,0.0021093700000000002
2552,434,0.0020178349999999999
2553,396,0.0019244010000000001
2554,343,0.0018670990000000001
2555,334,0.0016707099999999999
2556,350,0.0016850400000000001
2557,320,0.0018795179999999999
2558,320,0.001897379
2559,327,0.0028309770000000001
2560,279,0.0021702639999999999
2561,252,0.002584818
2562,222,0.0020117669999999998
2563,258,0.0018367489999999999
2564,234,0.0019240819999999999
2565,256,0.0021190359999999999
2566,235,0.0020612590000000002
2567,198,0.0020168849999999999
2568,240,0.0020889189999999998
2569,223,0.0020896790000000001
2570,266,0.0021364779999999998
2571,304,0.0020214009999999999
2572,278,0.002176632
2573,293,0.0020965720000000001
2574,352,0.0021154809999999998
2575,405,0.0021207330000000001
2576,445,0.0022190360000000002
2577,493,0.0065407920000000001
2578,558,0.002540657
2579,687,0.002141118
2580,753,0.0024914730000000001
2581,669,0.0022467149999999998
2582,779,0.002095773
2583,893,0.0022198600000000001
2584,930,0.0022258489999999998
2585,974,0.0021901690000000001
2586,1120,0.0023417920000000001
2587,1228,0.002300936
2588,1336,0.0023103630000000002
2589,1420,0.0023017810000000001
2590,1456,0.0021647889999999999
2591,1490,0.00192465
2592,1612,0.002017067
2593,1565,0.001882217
2594,1600,0.0018179470000000001
2595,1656,0.001925693
2596,1636,0.0018849330000000001
2597,1761,0.001877339
2598,1878,0.0022089029999999999
2599,1736,0.0024544699999999998
2600,1764,0.0025370280000000002
2601,1738,0.0026589859999999999
2602,1932,0.002616031
2603,1717,0.0024866390000000001
2604,1738,0.0023400629999999999
2605,1785,0.0023109519999999998
2606,1693,0.0022678949999999998
2607,1724,0.0018795579999999999
2608,1690,0.0019293170000000001
2609,1733,0.001835497
2610,1597,0.0019755950000000001
2611,1634,0.002038036
2612,1600,0.002023988
2613,1689,0.0023667110000000001
2614,1551,0.0024151989999999998
2615,1599,0.0019851629999999999
2616,1507,0.0019902000000000001
2617,1490,0.0019908069999999998
2618,1459,0.0019884130000000001
2619,1430,0.002305755
2620,1285,0.0027752300000000001
2621,1258,0.0020052870000000001
2622,1223,0.002001194
2623,1181,0.0018715559999999999
2624,1180,0.001885168
2625,1039,0.0019242599999999999
2626,1106,0.001947231
2627,1055,0.0018910730000000001
2628,984,0.0019075489999999999
2629,1013,0.0021754420000000001
2630,1011,0.0019591389999999999
2631,1144,0.0020496389999999998
2632,920,0.0020121739999999998
2633,1101,0.001863078
2634,1028,0.001905955
2635,1106,0.001882388
2636,1253,0.0018043969999999999
2637,1265,0.001861314
2638,1321,0.002213235
2639,1436,0.001950123
2640,1496,0.0026103010000000002
2641,1672,0.0022315669999999998
2642,1772,0.0024537729999999998
2643,1786,0.00212437
2644,1996,0.002038893
2645,1939,0.0021986039999999998
2646,2144,0.0027943339999999999
2647,2283,0.0025917330000000001
2648,2253,0.0027221160000000001
2649,2437,0.0020995020000000001
2650,2410,0.0019614939999999998
2651,2452,0.002027891
2652,2556,0.0020876089999999998
2653,2749,0.0022899819999999999
2654,2460,0.001998611
2655,2709,0.0024811339999999999
2656,2756,0.0028834479999999998
2657,2663,0.0027243800000000002
2658,2652,0.0024875159999999999
2659,2716,0.0026003739999999999
2660,2625,0.0021275059999999999
2661,2614,0.0019535920000000001
2662,2612,0.0020240549999999999
2663,2472,0.0019985710000000002
2664,2580,0.001973584
2665,2585,0.0021498730000000001
2666,2435,0.0022651569999999998
2667,2372,0.0023423060000000002
2668,2370,0.0024906849999999999
2669,2306,0.0024711300000000002
2670,2214,0.0020133350000000002
2671,2130,0.0021710990000000001
2672,2162,0.0019923720000000001
2673,2003,0.0019711379999999999
2674,2025,0.0021797190000000001
2675,1932,0.0022166109999999998
2676,1902,0.0022405480000000002
2677,1954,0.0023396469999999998
2678,1758,0.002158713
2679,1679,0.0020946659999999998
2680,1696,0.0022420209999999999
2681,1548,0.0026045119999999998
2682,1547,0.001988578
2683,1393,0.0022207619999999998
2684,1459,0.002060802
2685,1389,0.001931028
2686,1282,0.0018939720000000001
2687,1242,0.0018630299999999999
2688,1241,0.001940017
2689,990,0.001874157
2690,1006,0.0022718510000000001
2691,947,0.002321858
2692,865,0.0020320490000000002
2693,819,0.0020803470000000002
2694,760,0.0019773809999999998
2695,711,0.0023520310000000001
2696,754,0.0023864379999999998
2697,738,0.0022024589999999999
2698,783,0.0020115950000000001
2699,736,0.0018962460000000001
2700,714,0.001948434
2701,761,0.0019661119999999999
2702,797,0.0019878510000000001
2703,874,0.0019509099999999999
2704,887,0.0019353580000000001
2705,863,0.0021804149999999998
2706,973,0.002740176
2707,969,0.0020966859999999999
2708,1097,0.001931161
2709,1074,0.0020059449999999999
2710,1163,0.0019884619999999999
2711,1207,0.0021525469999999999
2712,1202,0.0020112620000000002
2713,1148,0.0023730719999999999
2714,1232,0.002203909
2715,1110,0.001905557
2716,1184,0.0020054309999999998
2717,1191,0.002050367
2718,1245,0.002139789
2719,1221,0.002056142
2720,1132,0.0019682509999999999
2721,1149,0.0027216760000000001
2722,1186,0.002372931
2723,1084,0.0020363579999999998
2724,1048,0.0019499090000000001
2725,1073,0.008496511
2726,1115,0.0024504180000000002
2727,1026,0.0046869479999999998
2728,981,0.001919472
2729,1005,0.0021865629999999999
2730,1082,0.0019728749999999998
2731,945,0.0020238949999999999
2732,951,0.0024063270000000002
2733,899,0.0023612860000000002
2734,979,0.0024061019999999998
2735,923,0.0017714670000000001
2736,882,0.0020606700000000001
2737,874,0.0018854189999999999
2738,818,0.0018266129999999999
2739,830,0.001719417
2740,738,0.0017318800000000001
2741,739,0.0021257329999999999
2742,794,0.001783483
2743,728,0.001663161
2744,788,0.001727183
2745,743,0.0020316750000000001
2746,811,0.00190767
2747,816,0.0019760490000000001
2748,882,0.001857294
2749,906,0.001876405
2750,972,0.0022406710000000001
2751,1020,0.001903369
2752,1001,0.0017932219999999999
2753,1068,0.001810997
2754,1155,0.001753651
2755,1183,0.0018603350000000001
2756,1226,0.0017752130000000001
2757,1126,0.0018401260000000001
2758,1219,0.0022078919999999999
2759,1166,0.0022012440000000002
2760,1200,0.0019724809999999999
2761,1253,0.0020777349999999998
2762,1217,0.0019096409999999999
2763,1214,0.0019560100000000002
2764,1328,0.0019001560000000001
2765,1247,0.0022672550000000001
2766,1351,0.0025577669999999999
2767,1388,0.0027753719999999999
2768,1422,0.0022285640000000002
2769,1409,0.0019598969999999999
2770,1508,0.0018974879999999999
2771,1475,0.0018304389999999999
2772,1503,0.0019669280000000002
2773,1411,0.001900585
2774,1437,0.0020054780000000002
2775,1381,0.002257921
2776,1339,0.00266168
2777,1321,0.0021249260000000001
2778,1262,0.0021756319999999998
2779,1203,0.0022870099999999999
2780,1192,0.0020271500000000001
2781,1077,0.002059885
2782,940,0.0022682280000000002
2783,994,0.002426587
2784,763,0.0019951560000000001
2785,784,0.0019022170000000001
2786,716,0.001947224
2787,720,0.0019530019999999999
2788,792,0.0023271020000000002
2789,709,0.0024354350000000001
2790,800,0.002408552
2791,820,0.0024619759999999998
2792,821,0.0024034379999999999
2793,831,0.0019386410000000001
2794,988,0.0023122170000000001
2795,973,0.002563142
2796,983,0.0023658479999999998
2797,1047,0.0023687270000000002
2798,989,0.001947147
2799,922,0.0017756200000000001
2800,907,0.001838697
2801,960,0.0019718729999999999
2802,840,0.0019735849999999999
2803,798,0.001910321
2804,719,0.001947566
2805,695,0.0021503020000000002
2806,508,0.0022511480000000001
2807,457,0.0018744549999999999
2808,466,0.00183584
2809,502,0.001769241
2810,336,0.001689114
2811,324,0.0017086600000000001
2812,432,0.0021790949999999998
2813,457,0.0028158390000000001
2814,474,0.001936887
2815,549,0.0018583149999999999
2816,531,0.0018348279999999999
2817,552,0.001791169
2818,600,0.0017430550000000001
2819,596,0.001745843
2820,669,0.001787461
2821,670,0.0017930310000000001
2822,616,0.0019655779999999999
2823,606,0.0019649089999999999
2824,664,0.0022947549999999999
2825,622,0.0074615089999999998
2826,565,0.0090036449999999994
2827,569,0.0040764249999999998
2828,596,0.001798783
2829,617,0.00181598
2830,581,0.001926154
2831,521,0.0047573320000000004
2832,534,0.0077938959999999998
2833,548,0.0026745570000000001
2834,515,0.001885875
2835,548,0.002504058
2836,542,0.0020828919999999998
2837,448,0.002014034
2838,522,0.0021299829999999998
2839,447,0.0023263149999999998
2840,489,0.0024059210000000001
2841,456,0.0023711420000000001
2842,433,0.0023296469999999998
2843,506,0.0020613670000000001
2844,408,0.0018084640000000001
2845,424,0.0021935510000000002
2846,442,0.0021693350000000001
2847,419,0.0019659389999999999
2848,393,0.0018273779999999999
2849,432,0.0019567870000000002
2850,429,0.001797302
2851,394,0.002129101
2852,373,0.0019695889999999999
2853,389,0.0020334870000000001
2854,409,0.002417055
2855,461,0.003381106
2856,496,0.0020131680000000001
2857,467,0.002185584
2858,506,0.0021356510000000001
2859,501,0.0021586890000000001
2860,529,0.0021781470000000001
2861,560,0.002221949
2862,577,0.0022643680000000001
2863,422,0.0024942250000000001
2864,517,0.002166758
2865,527,0.0024275719999999998
2866,437,0.0022984070000000001
2867,524,0.0024321569999999999
2868,493,0.0019327420000000001
2869,523,0.0018869830000000001
2870,532,0.001931646
2871,488,0.0021333509999999999
2872,576,0.002118095
2873,617,0.0019459449999999999
2874,668,0.0022132940000000002
2875,749,0.0024821579999999999
2876,891,0.0024378889999999999
2877,791,0.0023506439999999998
2878,824,0.0024115199999999999
2879,895,0.0023910870000000001
2880,1049,0.0023912880000000001
2881,1087,0.0027193249999999999
2882,1107,0.0021585939999999998
2883,1116,0.002345532
2884,1181,0.0062806529999999998
2885,1270,0.0093031409999999991
2886,1223,0.00201848
2887,1124,0.0020229750000000002
2888,1251,0.0020256380000000002
2889,1284,0.0019724080000000001
2890,1242,0.0085318400000000006
2891,1331,0.0044795529999999998
2892,1188,0.0020959379999999999
2893,1298,0.0022651529999999998
2894,1206,0.0022542629999999998
2895,1147,0.0048194470000000001
2896,1173,0.0076578080000000003
2897,1202,0.0030310670000000001
2898,1178,0.0031438550000000001
2899,1049,0.002793135
2900,980,0.0023262790000000001
2901,984,0.0021746830000000002
2902,909,0.002045154
2903,885,0.0022260790000000002
2904,914,0.0023029330000000001
2905,767,0.0022930899999999998
2906,791,0.0022163550000000001
2907,791,0.0021752289999999999
2908,801,0.0019933609999999999
2909,764,0.002145817
2910,776,0.0021422479999999998
2911,845,0.0021397149999999999
2912,788,0.0023909399999999998
2913,811,0.0022366679999999998
2914,891,0.002200455
2915,1007,0.0022041230000000001
2916,909,0.0020287439999999999
2917,970,0.0024762120000000002
2918,1087,0.0024568440000000001
2919,1025,0.0021809860000000002
2920,1031,0.0024741379999999999
2921,984,0.0027123519999999999
2922,1013,0.0027931060000000001
2923,896,0.0021834430000000002
2924,904,0.0021936730000000002
2925,846,0.0021462030000000002
2926,804,0.0046751880000000003
2927,841,0.0089079150000000006
2928,895,0.0027578419999999999
2929,783,0.0023634429999999998
2930,787,0.0027326830000000001
2931,804,0.0022812010000000001
2932,910,0.0021289289999999999
2933,949,0.0021350079999999999
2934,957,0.0021627170000000002
2935,1109,0.0021405959999999998
2936,1140,0.0019904269999999999
2937,1255,0.0026688300000000001
2938,1343,0.0022635530000000002
2939,1442,0.0021477079999999999
2940,1428,0.002538635
2941,1567,0.0023653839999999999
2942,1505,0.002084565
2943,1437,0.0021236649999999998
2944,1556,0.0026216830000000001
2945,1560,0.0029375680000000002
2946,1520,0.00230606
2947,1556,0.0022163019999999999
2948,1481,0.0024924220000000002
2949,1548,0.0025173980000000001
2950,1549,0.0027787390000000001
2951,1450,0.002766269
2952,1511,0.0023220110000000001
2953,1521,0.002266007
2954,1504,0.0020373029999999999
2955,1391,0.0019573490000000002
2956,1337,0.0019430440000000001
2957,1385,0.0019577380000000001
2958,1267,0.0023066720000000001
2959,1216,0.002111838
2960,1128,0.0020944700000000002
2961,1135,0.0021712350000000001
2962,1006,0.0020907790000000001
2963,1011,0.0019558779999999999
2964,1057,0.001991924
2965,870,0.001961118
2966,932,0.0023301260000000001
2967,859,0.0022898340000000001
2968,1084,0.0021082599999999998
2969,871,0.0020859860000000002
2970,877,0.0020575239999999998
2971,894,0.00202608
2972,931,0.0024007709999999999
2973,987,0.0025253710000000002
2974,976,0.002756288
2975,967,0.0028148510000000002
2976,1031,0.0026456299999999999
2977,1076,0.0022707880000000001
2978,1037,0.0021100329999999999
2979,1041,0.002231958
2980,1079,0.0024805510000000001
2981,1123,0.0028639099999999999
2982,1047,0.0027671969999999999
2983,1134,0.0028267420000000001
2984,1028,0.0025799080000000001
2985,1036,0.0026047930000000002
2986,1082,0.0025093149999999998
2987,962,0.0021281690000000001
2988,1062,0.00192888
2989,1052,0.0019817459999999999
2990,994,0.0020587549999999998
2991,931,0.002096854
2992,984,0.0020655399999999998
2993,1083,0.002402572
2994,1089,0.0024109629999999999
2995,1076,0.0024092559999999998
2996,1226,0.0026928030000000001
2997,1210,0.0026932729999999999
2998,1263,0.0028429879999999999
2999,1424,0.0021653409999999999
3000,1526,0.0026441310000000001
3001,1372,0.0025236569999999999
3002,1545,0.002202791
3003,1596,0.0020793679999999998
3004,1571,0.002070068
3005,1753,0.0020895990000000001
3006,1657,0.0021040350000000002
3007,1703,0.0021262579999999998
3008,1719,0.002477922
3009,1786,0.0023142549999999999
3010,1693,0.0020707970000000001
3011,1721,0.0020924709999999998
3012,1706,0.0020133130000000001
3013,1783,0.0019768659999999999
3014,1677,0.0019992510000000001
3015,1739,0.002158072
3016,1615,0.0024415180000000002
3017,1641,0.0021877310000000001
3018,1688,0.0021148180000000001
3019,1538,0.0022064519999999998
3020,1436,0.0020316150000000001
3021,1621,0.002263663
3022,1370,0.0021913060000000001
3023,1403,0.0021363739999999999
3024,1225,0.001988662
3025,1207,0.0021148790000000001
3026,1066,0.0021102959999999998
3027,1055,0.0022175319999999999
3028,926,0.0021652120000000001
3029,891,0.0021060509999999998
3030,827,0.0021418409999999998
3031,817,0.0022865300000000002
3032,783,0.0021183199999999999
3033,767,0.0021086249999999998
3034,766,0.0020842450000000002
3035,798,0.0021574200000000002
3036,876,0.0020622650000000002
3037,938,0.0020787430000000001
3038,853,0.0021858329999999999
3039,835,0.002118726
3040,968,0.0020775110000000002
3041,966,0.0020634289999999999
3042,964,0.0020963689999999998
3043,922,0.0020652380000000001
3044,925,0.0019509519999999999
3045,893,0.0018612539999999999
3046,960,0.003690203
3047,1039,0.0019806979999999999
3048,917,0.0026452960000000001
3049,856,0.008936622
3050,911,0.00220024
3051,800,0.0018586620000000001
3052,825,0.0031560669999999998
3053,784,0.0024964369999999998
3054,764,0.0025256229999999998
3055,868,0.00264744
3056,864,0.0024750280000000002
3057,786,0.0019137100000000001
3058,842,0.0020821450000000001
3059,849,0.0018532830000000001
3060,905,0.0018382120000000001
3061,857,0.0018976170000000001
3062,867,0.00192464
3063,895,0.001839523
3064,922,0.0021321949999999999
3065,925,0.0024407550000000002
3066,944,0.0025402710000000002
3067,903,0.0021731839999999999
3068,979,0.0019836020000000001
3069,937,0.0019808790000000001
3070,967,0.002161657
3071,940,0.0025260600000000001
3072,1001,0.002106826
3073,907,0.002452203
3074,987,0.0021686890000000001
3075,936,0.002127458
3076,1069,0.002162359
3077,976,0.002079909
3078,1160,0.002214925
3079,985,0.0022750359999999998
3080,1084,0.0020013100000000001
3081,1140,0.0020426450000000001
3082,1033,0.001920351
3083,1108,0.0055289759999999997
3084,1167,0.00442239
3085,1091,0.001900828
3086,1091,0.0021739659999999998
3087,1038,0.001845268
3088,995,0.0018815780000000001
3089,1008,0.0018650610000000001
3090,935,0.0018346009999999999
3091,963,0.0018962429999999999
3092,828,0.002361513
3093,836,0.002414462
3094,791,0.0024756639999999998
3095,620,0.0023979969999999998
3096,578,0.002059656
3097,502,0.0018724239999999999
3098,434,0.001941726
3099,338,0.0024063650000000002
3100,318,0.0020602929999999999
3101,239,0.0021584040000000001
3102,243,0.001799452
3103,256,0.001829921
3104,224,0.001785284
3105,244,0.001761255
3106,216,0.002253517
3107,272,0.0022739349999999999
3108,317,0.0045062590000000003
3109,336,0.0018244509999999999
3110,383,0.0018050900000000001
3111,425,0.0018501520000000001
3112,454,0.0017872459999999999
3113,558,0.001880049
3114,552,0.001755113
3115,642,0.0021161629999999999
3116,686,0.0021622630000000002
3117,636,0.0018180609999999999
3118,736,0.001926491
3119,676,0.0018526009999999999
3120,663,0.0019675600000000001
3121,623,0.0020247529999999998
3122,629,0.001811209
3123,550,0.0019216999999999999
3124,583,0.0020323009999999998
3125,503,0.001858202
3126,553,0.0018571519999999999
3127,495,0.001766213
3128,494,0.002723587
3129,515,0.003349557
3130,521,0.0020279550000000001
3131,504,0.0019666029999999999
3132,470,0.001893565
3133,464,0.0018431229999999999
3134,498,0.0018879540000000001
3135,504,0.0028119730000000002
3136,478,0.0018722439999999999
3137,517,0.0018571340000000001
3138,474,0.0018862869999999999
3139,444,0.0028014759999999998
3140,434,0.002392356
3141,440,0.0024041919999999999
3142,497,0.002586854
3143,452,0.0023200830000000001
3144,450,0.0019865909999999998
3145,476,0.0021383729999999998
3146,427,0.0022769729999999998
3147,490,0.0020071949999999998
3148,465,0.002222445
3149,477,0.0021434380000000001
3150,461,0.0022727989999999998
3151,465,0.00190697
3152,524,0.0019128909999999999
3153,557,0.0039481719999999998
3154,477,0.0021609609999999999
3155,544,0.0019679010000000002
3156,542,0.0020965839999999999
3157,506,0.002034419
3158,519,0.0026206210000000001
3159,485,0.0027526170000000002
3160,549,0.0028917880000000002
3161,519,0.002314717
3162,529,0.0021836730000000001
3163,525,0.0021719600000000001
3164,510,0.0023039509999999998
3165,540,0.0020302129999999999
3166,493,0.0022212080000000001
3167,504,0.00220316
3168,517,0.002063568
3169,468,0.0020212569999999998
3170,459,0.0021026909999999998
3171,418,0.0018978210000000001
3172,410,0.001935027
3173,360,0.0019466329999999999
3174,324,0.0019583080000000002
3175,301,0.002035495
3176,296,0.002559759
3177,312,0.0018839810000000001
3178,276,0.001905073
3179,291,0.0019948800000000001
3180,269,0.001931552
3181,281,0.002049272
3182,297,0.0021828479999999998
3183,266,0.0026689349999999999
3184,310,0.0020388020000000001
3185,280,0.0020133009999999999
3186,343,0.0020465840000000002
3187,344,0.0019836229999999999
3188,343,0.001890954
3189,298,0.001835812
3190,368,0.0020759509999999999
3191,367,0.0022155970000000001
3192,358,0.002005265
3193,326,0.001820662
3194,345,0.001887784
3195,363,0.0039005229999999999
3196,380,0.0017775340000000001
3197,353,0.0017981620000000001
3198,390,0.0020980489999999998
3199,406,0.0019856280000000001
3200,467,0.001863057
3201,484,0.0018054270000000001
3202,515,0.0018065069999999999
3203,543,0.002322246
3204,613,0.0025305079999999999
3205,702,0.0028301989999999998
3206,776,0.0024963569999999998
3207,788,0.001880123
3208,877,0.0020470850000000001
3209,907,0.0020408800000000001
3210,881,0.0019981790000000001
3211,942,0.0020186190000000001
3212,917,0.0020773829999999999
3213,1040,0.00268703
3214,999,0.0020886170000000001
3215,1078,0.0020077340000000002
3216,1072,0.0019196689999999999
3217,1035,0.0020713329999999999
3218,917,0.0019137990000000001
3219,977,0.001981895
3220,906,0.0019912580000000001
3221,956,0.002080068
3222,902,0.0019648550000000002
3223,909,0.0019558700000000002
3224,801,0.0019861480000000001
3225,822,0.00195149
3226,826,0.0019582150000000001
3227,721,0.0020438050000000001
3228,779,0.002037704
3229,732,0.0021530270000000001
3230,673,0.0021912759999999998
3231,645,0.0020200959999999999
3232,646,0.002030933
3233,593,0.001888327
3234,554,0.0020452199999999999
3235,516,0.002385795
3236,470,0.0023688419999999999
3237,482,0.001900863
3238,467,0.0018983629999999999
3239,417,0.0018118260000000001
3240,387,0.001945266
3241,368,0.0022684329999999998
3242,304,0.0019706189999999998
3243,278,0.0025249669999999999
3244,235,0.0033967149999999998
3245,235,0.0024035760000000001
3246,235,0.0022922929999999999
3247,283,0.002415693
3248,239,0.0022955829999999999
3249,325,0.0024862040000000001
3250,350,0.0026335540000000002
3251,472,0.0024459780000000001
3252,479,0.0020169210000000001
3253,535,0.0021154580000000002
3254,624,0.00202899
3255,633,0.0020884010000000001
3256,758,0.001871221
3257,827,0.0019341269999999999
3258,841,0.0021656290000000001
3259,887,0.0019757310000000001
3260,829,0.001951845
3261,1002,0.0020344880000000001
3262,920,0.001872594
3263,1050,0.0019983689999999998
3264,1090,0.0019869480000000001
3265,1110,0.0019482
3266,1196,0.002115844
3267,1117,0.0019986409999999998
3268,1185,0.0021404599999999998
3269,1159,0.0023449220000000002
3270,1057,0.0024421439999999998
3271,1195,0.0023830420000000001
3272,1099,0.001899024
3273,1026,0.002021606
3274,1028,0.0025103619999999999
3275,1004,0.0024723530000000001
3276,928,0.002169308
3277,898,0.00194239
3278,907,0.0019323210000000001
3279,798,0.0019151509999999999
3280,863,0.001963659
3281,838,0.0020342440000000002
3282,856,0.0020975880000000001
3283,761,0.0018999609999999999
3284,810,0.001866543
3285,884,0.001924416
3286,815,0.001878336
3287,759,0.0022786249999999998
3288,771,0.0018461389999999999
3289,780,0.0029807800000000001
3290,725,0.0021769060000000002
3291,628,0.001846561
3292,631,0.0019357700000000001
3293,641,0.0019373000000000001
3294,594,0.0019442319999999999
3295,451,0.001935593
3296,448,0.001880472
3297,393,0.0024864879999999998
3298,298,0.0024558340000000001
3299,301,0.0024060399999999999
3300,309,0.0023663540000000002
3301,269,0.0018413889999999999
3302,260,0.0017957089999999999
3303,275,0.0017600140000000001
3304,306,0.001776122
3305,293,0.002098478
3306,292,0.001823295
3307,287,0.0017960840000000001
3308,332,0.0017207909999999999
3309,355,0.0021078400000000001
3310,376,0.0017297059999999999
3311,416,0.0017051919999999999
3312,483,0.0017530709999999999
3313,387,0.0019911130000000001
3314,426,0.0019115720000000001
3315,394,0.001801153
3316,510,0.0018382839999999999
3317,545,0.001812361
3318,659,0.002129176
3319,778,0.0023639680000000001
3320,894,0.0019557049999999999
3321,966,0.0023810680000000001
3322,1098,0.0020983590000000002
3323,1124,0.0019202100000000001
3324,1242,0.0019488960000000001
3325,1300,0.0024572499999999998
3326,1258,0.0022396899999999999
3327,1297,0.0020551879999999999
3328,1311,0.0019365039999999999
3329,1246,0.0021758340000000002
3330,1329,0.0021793419999999999
3331,1251,0.0021634279999999998
3332,1282,0.0021178450000000001
3333,1317,0.0021796630000000001
3334,1301,0.0021356420000000001
3335,1155,0.0022401109999999999
3336,1234,0.0019277739999999999
3337,1126,0.0029241129999999999
3338,1145,0.002069001
3339,1031,0.0021342100000000001
3340,1118,0.0021136810000000001
3341,1056,0.0020822560000000002
3342,879,0.0020187550000000001
3343,927,0.0021705320000000002
3344,836,0.0028104990000000002
3345,950,0.0026691359999999999
3346,878,0.0023414569999999999
3347,885,0.006272461
3348,917,0.0080871959999999996
3349,880,0.0021622310000000001
3350,791,0.0019693520000000002
3351,844,0.0019649450000000001
3352,873,0.0030599770000000002
3353,757,0.0085356800000000004
3354,647,0.003404954
3355,687,0.0019398289999999999
3356,643,0.001918583
3357,633,0.002152241
3358,674,0.0024450750000000001
3359,513,0.0018252769999999999
3360,502,0.0019088149999999999
3361,443,0.0019769729999999999
3362,491,0.001939959
3363,442,0.001888018
3364,465,0.0019346140000000001
3365,435,0.00195038
3366,444,0.0025545799999999999
3367,388,0.0023957010000000001
3368,409,0.0020477120000000001
3369,402,0.0020478850000000002
3370,352,0.0019828509999999999
3371,347,0.0020071160000000002
3372,368,0.0020350569999999998
3373,343,0.0027888349999999999
3374,346,0.002061855
3375,325,0.0021176989999999998
3376,304,0.0020552109999999999
3377,242,0.0026183090000000001
3378,231,0.0020345379999999998
3379,218,0.0020231839999999999
3380,198,0.00205018
3381,177,0.0021568519999999999
3382,172,0.0020394990000000002
3383,168,0.0019739649999999998
3384,169,0.002117173
3385,210,0.001948815
3386,234,0.0020038579999999999
3387,200,0.0018549910000000001
3388,208,0.0020513670000000001
3389,244,0.0024271539999999999
3390,232,0.0023721219999999999
3391,262,0.0023954620000000001
3392,247,0.001975835
3393,258,0.0021204319999999998
3394,296,0.0019861760000000001
3395,307,0.0020209619999999998
3396,296,0.0021713330000000001
3397,294,0.001831931
3398,316,0.0018762099999999999
3399,298,0.0018618389999999999
3400,371,0.0017915749999999999
3401,349,0.0019022119999999999
3402,399,0.0020851229999999999
3403,418,0.0023584169999999998
3404,400,0.0022312719999999999
3405,415,0.0020416589999999999
3406,490,0.001915525
3407,477,0.001922127
3408,537,0.0018905459999999999
3409,474,0.0017968630000000001
3410,521,0.001805779
3411,505,0.001911402
3412,531,0.0019675299999999999
3413,501,0.0023270999999999999
3414,512,0.0019665009999999998
3415,553,0.0018985219999999999
3416,560,0.0018589909999999999
3417,634,0.0019856409999999998
3418,510,0.001877166
3419,496,0.001929849
3420,462,0.0021994760000000001
3421,410,0.0024494299999999998
3422,395,0.002120696
3423,360,0.0021423229999999998
3424,408,0.0023081099999999999
3425,390,0.0019167959999999999
3426,390,0.001908142
3427,402,0.0020040769999999999
3428,438,0.0022222729999999999
3429,371,0.001999149
3430,435,0.0019931929999999999
3431,387,0.0019885810000000001
3432,459,0.001890224
3433,441,0.0019900320000000001
3434,420,0.0024593290000000001
3435,414,0.002429816
3436,435,0.0023706439999999999
3437,444,0.002147351
3438,409,0.0018417819999999999
3439,399,0.0018955269999999999
3440,399,0.0019161950000000001
3441,426,0.0019921990000000001
3442,418,0.001866199
3443,401,0.0018813980000000001
3444,437,0.0020692530000000001
3445,368,0.0021690609999999999
3446,410,0.0020317439999999998
3447,354,0.001883158
3448,341,0.0023320200000000002
3449,300,0.002427069
3450,248,0.0020486129999999999
3451,287,0.0028858270000000001
3452,223,0.0022562010000000002
3453,242,0.0030492200000000001
3454,235,0.0026529769999999999
3455,242,0.0025814969999999999
3456,245,0.0026731429999999998
3457,251,0.002269798
3458,263,0.0022694339999999999
3459,298,0.001989738
3460,275,0.002324301
3461,271,0.0022523109999999999
3462,293,0.001908295
3463,313,0.001956532
3464,255,0.001850338
3465,320,0.0019686619999999999
3466,299,0.0022319179999999998
3467,320,0.0020520439999999998
3468,298,0.0021821760000000001
3469,300,0.0079293939999999993
3470,426,0.0090254380000000002
3471,338,0.0031949349999999999
3472,369,0.0018543590000000001
3473,396,0.001893741
3474,417,0.0020736090000000001
3475,400,0.0023226929999999998
3476,393,0.0018425939999999999
3477,419,0.0018382089999999999
3478,405,0.0018106050000000001
3479,346,0.0018055129999999999
3480,303,0.00179138
3481,264,0.0018551279999999999
3482,254,0.001812157
3483,209,0.002140753
3484,171,0.0018979540000000001
3485,193,0.002058187
3486,156,0.001863291
3487,140,0.0018616100000000001
3488,135,0.001873834
3489,146,0.001885025
3490,151,0.0018445359999999999
3491,167,0.0019023919999999999
3492,171,0.002187413
3493,189,0.0021820630000000001
3494,186,0.00218257
3495,231,0.00180456
3496,261,0.0018943110000000001
3497,307,0.001890304
3498,416,0.0018943639999999999
3499,467,0.0019496089999999999
3500,467,0.001952264
3501,580,0.00194751
3502,593,0.0018891839999999999
3503,630,0.0020054410000000002
3504,641,0.001939327
3505,614,0.0019454120000000001
3506,585,0.001915445
3507,612,0.0019632600000000001
3508,592,0.0075819310000000001
3509,596,0.0067595470000000003
3510,579,0.0022638850000000002
3511,576,0.0021494040000000002
3512,529,0.0020947439999999999
3513,488,0.0019951249999999999
3514,499,0.0019486169999999999
3515,486,0.0018516030000000001
3516,481,0.0018573000000000001
3517,460,0.0019184860000000001
3518,425,0.0019235470000000001
3519,453,0.0020600509999999998
3520,465,0.0023327040000000001
3521,448,0.0018906820000000001
3522,444,0.0019204319999999999
3523,500,0.001953453
3524,466,0.001919816
3525,458,0.0019155039999999999
3526,563,0.0019734079999999998
3527,409,0.0024312750000000001
3528,465,0.0025282909999999998
3529,474,0.0025132660000000001
3530,467,0.0024950250000000001
3531,540,0.0022410030000000001
3532,512,0.0021699060000000001
3533,452,0.002006121
3534,440,0.0020323400000000001
3535,444,0.0019649810000000002
3536,434,0.0019948090000000002
3537,420,0.001965386
3538,428,0.0019855150000000002
3539,447,0.0020248140000000002
3540,430,0.0021510940000000001
3541,407,0.002172808
3542,437,0.0024530070000000001
3543,444,0.0023804550000000001
3544,430,0.002414252
3545,426,0.002580429
3546,430,0.002493267
3547,417,0.0025550410000000001
3548,479,0.0026843190000000001
3549,527,0.0020954950000000002
3550,529,0.0022707169999999998
3551,539,0.002100064
3552,612,0.0024153550000000001
3553,582,0.00210502
3554,691,0.0021512189999999998
3555,682,0.0022637220000000001
3556,758,0.0022005219999999999
3557,807,0.0022270760000000001
3558,784,0.0021714920000000001
3559,807,0.0025496970000000001
3560,750,0.002234513
3561,841,0.0021095609999999998
3562,900,0.0027477209999999998
3563,791,0.0023407150000000002
3564,834,0.00211808
3565,806,0.0020169950000000002
3566,828,0.002071383
3567,765,0.0021217369999999998
3568,781,0.002024587
3569,755,0.0020580759999999998
3570,782,0.0023598669999999999
3571,755,0.0020104290000000002
3572,698,0.0019544300000000001
3573,719,0.0020448039999999999
3574,711,0.002030413
3575,683,0.0019694109999999999
3576,723,0.0019061130000000001
3577,676,0.0018910730000000001
3578,689,0.002614403
3579,692,0.0020535269999999999
3580,614,0.0020490030000000002
3581,673,0.00200527
3582,718,0.001998774
3583,747,0.0020334379999999998
3584,704,0.0020315979999999999
3585,782,0.00205711
3586,852,0.003058982
3587,778,0.0021658300000000001
3588,870,0.0020461580000000002
3589,852,0.0027083789999999999
3590,885,0.0026536900000000002
3591,1064,0.0019712060000000001
3592,922,0.0020916709999999998
3593,1047,0.0024159289999999998
3594,1137,0.0025414119999999998
3595,1111,0.0021120380000000001
3596,1091,0.0024916230000000001
3597,1153,0.0020284280000000001
3598,1178,0.0020789440000000001
3599,1143,0.0020607220000000001
3600,1183,0.0023369770000000001
3601,1117,0.0022763200000000001
3602,1204,0.0023036430000000002
3603,1148,0.0021411730000000001
3604,1136,0.0020120799999999999
3605,1216,0.0019864269999999998
3606,1022,0.0021084250000000001
3607,1082,0.0022035480000000001
3608,1043,0.0020895570000000001
3609,1013,0.0019720760000000001
3610,1050,0.0022395990000000001
3611,889,0.002177806
3612,903,0.002177567
3613,871,0.002074457
3614,707,0.0026045619999999999
3615,725,0.0023640319999999999
3616,610,0.0024469719999999999
3617,547,0.002474113
3618,518,0.0019885060000000001
3619,433,0.001969012
3620,396,0.001906102
3621,348,0.001904827
3622,333,0.001930604
3623,275,0.0021011580000000001
3624,237,0.001914036
3625,237,0.001876314
3626,235,0.0019302589999999999
3627,194,0.0018873469999999999
3628,198,0.0018993759999999999
3629,210,0.001945256
3630,188,0.0021636020000000001
3631,183,0.0019463950000000001
3632,192,0.001816603
3633,170,0.0018468619999999999
3634,164,0.0023676470000000001
3635,162,0.0021590559999999999
3636,200,0.0020307189999999998
3637,176,0.0021201390000000001
3638,184,0.002362088
3639,228,0.0020154370000000001
3640,221,0.001927392
3641,224,0.0018372849999999999
3642,276,0.001955952
3643,270,0.0018600750000000001
3644,285,0.0021867480000000001
3645,312,0.0019863379999999998
3646,336,0.0043073970000000001
3647,350,0.0021288829999999998
3648,408,0.002180974
3649,456,0.002765853
3650,493,0.0027987889999999999
3651,472,0.0023076889999999999
3652,468,0.0021741780000000001
3653,515,0.0029136499999999998
3654,477,0.0027255080000000002
3655,613,0.0025264720000000001
3656,553,0.0024471039999999999
3657,563,0.001936777
3658,597,0.0019591909999999999
3659,554,0.0019677840000000002
3660,595,0.0020614169999999999
3661,586,0.002051162
3662,640,0.002424893
3663,650,0.00254148
3664,619,0.001878074
3665,665,0.0019074420000000001
3666,613,0.0019973059999999999
3667,622,0.0020806819999999999
3668,559,0.002024222
3669,601,0.0020390040000000001
3670,571,0.0019476249999999999
3671,482,0.0020507260000000001
3672,444,0.0021350399999999999
3673,405,0.0022881500000000001
3674,371,0.0019674430000000001
3675,349,0.0023059510000000001
3676,294,0.0019237220000000001
3677,265,0.0019230580000000001
3678,265,0.0019554059999999998
3679,257,0.001856966
3680,228,0.002034522
3681,256,0.0022418490000000002
3682,281,0.00186206
3683,273,0.0021683789999999998
3684,376,0.0019630210000000001
3685,371,0.002243779
3686,448,0.0021234750000000001
3687,407,0.001887332
3688,437,0.001801235
3689,519,0.001905417
3690,546,0.0021460509999999999
3691,570,0.0021245600000000002
3692,532,0.0026791570000000002
3693,505,0.0026874580000000002
3694,540,0.002653407
3695,536,0.002702182
3696,566,0.0025368080000000002
3697,509,0.0026071969999999999
3698,440,0.0022894009999999999
3699,487,0.0018968679999999999
3700,503,0.0019498429999999999
3701,490,0.001908489
3702,519,0.002003337
3703,502,0.001918234
3704,540,0.001905239
3705,604,0.0025601059999999999
3706,652,0.0020425270000000001
3707,664,0.0019579889999999998
3708,786,0.0019695569999999998
3709,727,0.0019431520000000001
3710,758,0.0019965389999999999
3711,797,0.0020897340000000002
3712,802,0.0050608110000000001
3713,812,0.0081369809999999997
3714,794,0.00215131
3715,839,0.0019674319999999999
3716,834,0.0025872619999999999
3717,851,0.0019957540000000002
3718,841,0.002185261
3719,806,0.002122872
3720,830,0.0024515240000000001
3721,786,0.002541087
3722,737,0.002412188
3723,784,0.0024833619999999998
3724,718,0.0021401409999999999
3725,699,0.001874943
3726,786,0.0020818859999999998
3727,693,0.0020728589999999998
3728,704,0.002418468
3729,732,0.0022834700000000001
3730,775,0.0022042780000000001
3731,653,0.00236155
3732,698,0.0021997789999999998
3733,632,0.002790753
3734,644,0.0021694069999999999
3735,568,0.002095637
3736,543,0.0021370120000000002
3737,527,0.002674793
3738,473,0.0027240609999999998
3739,531,0.0026276369999999999
3740,474,0.0026833569999999999
3741,459,0.0025884269999999999
3742,453,0.0024721650000000001
3743,494,0.0023823939999999999
3744,478,0.0020117120000000001
3745,540,0.001988549
3746,506,0.0018855440000000001
3747,504,0.0018246250000000001
3748,523,0.0019180320000000001
3749,538,0.001914429
3750,550,0.0020163680000000002
3751,572,0.002198148
3752,569,0.0023866220000000001
3753,559,0.0019527889999999999
3754,648,0.0020191440000000001
3755,590,0.0019536319999999999
3756,554,0.0019847340000000002
3757,631,0.002316373
3758,603,0.0020429300000000001
3759,625,0.0028228929999999999
3760,606,0.0029037619999999998
3761,632,0.0070814770000000001
3762,581,0.0083452470000000001
3763,605,0.002076783
3764,679,0.0020674529999999999
3765,605,0.0026659280000000001
3766,635,0.0026655289999999998
3767,669,0.002241219
3768,761,0.0024332350000000002
3769,729,0.0022247030000000002
3770,749,0.0026966500000000001
3771,795,0.0028232679999999999
3772,819,0.002516033
3773,842,0.002547438
3774,963,0.0026424869999999998
3775,931,0.0024949909999999998
3776,996,0.0022697569999999999
3777,1016,0.0023448750000000002
3778,1002,0.0025700599999999999
3779,972,0.0027772769999999999
3780,1050,0.002376319
3781,1156,0.0035056060000000001
3782,1171,0.0024571150000000002
3783,1192,0.0024344219999999999
3784,1215,0.0021271390000000001
3785,1165,0.002283097
3786,1269,0.0023952130000000002
3787,1313,0.0026216339999999999
3788,1242,0.0028946549999999999
3789,1240,0.0028407189999999998
3790,1202,0.0026292949999999998
3791,1195,0.002404088
3792,1322,0.0021742089999999999
3793,1120,0.0023264200000000001
3794,1043,0.0021344979999999999
3795,1067,0.0024477610000000001
3796,1090,0.001992026
3797,899,0.0020161910000000001
3798,897,0.0019366730000000001
3799,821,0.0019101770000000001
3800,753,0.001971825
3801,728,0.002313907
3802,667,0.0021188829999999998
3803,596,0.0019840700000000001
3804,555,0.0020523170000000001
3805,540,0.0020571090000000001
3806,535,0.0031899239999999998
3807,520,0.0021126550000000002
3808,513,0.002086044
3809,543,0.0022553600000000001
3810,525,0.0022785639999999998
3811,516,0.0020506109999999999
3812,485,0.0018662209999999999
3813,510,0.0018494659999999999
3814,488,0.0026208270000000001
3815,430,0.0059624489999999999
3816,465,0.0031113249999999999
3817,434,0.0023585849999999998
3818,349,0.0023182749999999998
3819,398,0.0024202120000000001
3820,380,0.0037961520000000001
3821,432,0.003154015
3822,420,0.002256975
3823,447,0.0020768779999999999
3824,418,0.001948546
3825,390,0.0017764809999999999
3826,386,0.0017798169999999999
3827,353,0.0021082200000000001
3828,316,0.0069223219999999999
3829,328,0.0024365889999999999
3830,340,0.0023005819999999998
3831,345,0.002113846
3832,362,0.0020834310000000002
3833,435,0.0022476729999999999
3834,493,0.0040496530000000003
3835,594,0.0034594090000000001
3836,614,0.0020726160000000002
3837,724,0.0020197330000000001
3838,726,0.002007001
3839,759,0.002150576
3840,969,0.0020486039999999999
3841,931,0.0020758840000000001
3842,901,0.0035057119999999998
3843,1022,0.0024141890000000002
3844,1044,0.0021473780000000001
3845,1200,0.0024863120000000001
3846,1045,0.0022555489999999999
3847,1062,0.0019006089999999999
3848,1181,0.0019664119999999998
3849,1065,0.0028134420000000002
3850,1053,0.0020024090000000001
3851,938,0.0021937860000000001
3852,907,0.002325981
3853,846,0.0024146250000000001
3854,796,0.002308376
3855,747,0.002292007
3856,637,0.0025328260000000002
3857,548,0.0026960069999999998
3858,440,0.0022451900000000002
3859,385,0.0040942289999999996
3860,320,0.0023195720000000002
3861,293,0.0022405210000000001
3862,255,0.0021601200000000002
3863,287,0.0021955410000000001
3864,299,0.002206019
3865,381,0.00216789
3866,416,0.0028328799999999999
3867,525,0.001919441
3868,544,0.0020532139999999998
3869,604,0.0022312999999999999
3870,665,0.0020808139999999998
3871,738,0.0019166159999999999
3872,858,0.0019004549999999999
3873,879,0.0022591130000000001
3874,947,0.0024366520000000001
3875,1111,0.002416362
3876,1102,0.002020923
3877,1096,0.0022186480000000001
3878,1042,0.002306453
3879,1105,0.001918049
3880,1028,0.0017459179999999999
3881,1008,0.002113307
3882,1013,0.002395959
3883,959,0.0020394649999999999
3884,910,0.0018349810000000001
3885,870,0.0018199480000000001
3886,803,0.0017623630000000001
3887,777,0.0018056770000000001
3888,719,0.0021021809999999998
3889,747,0.001905611
3890,666,0.0020208729999999999
3891,655,0.0018354910000000001
3892,671,0.0017429430000000001
3893,744,0.001784063
3894,711,0.0017133440000000001
3895,719,0.0021421140000000001
3896,719,0.0020000980000000001
3897,717,0.002249404
3898,784,0.0020822969999999999
3899,731,0.0023813340000000001
3900,786,0.002336131
3901,746,0.002035856
3902,684,0.0018541269999999999
3903,736,0.0020499289999999998
3904,748,0.0018529079999999999
3905,763,0.002327586
3906,674,0.0023571489999999998
3907,670,0.0022440910000000001
3908,737,0.0017868700000000001
3909,713,0.001780041
3910,736,0.001715313
3911,705,0.0017596860000000001
3912,752,0.0022823399999999999
3913,863,0.002189833
3914,886,0.0024086490000000001
3915,856,0.00191164
3916,891,0.001699114
3917,916,0.0021222239999999998
3918,1017,0.0020554710000000001
3919,1017,0.001738931
3920,1071,0.0017235149999999999
3921,1047,0.0021698899999999998
3922,1106,0.0018956730000000001
3923,1166,0.0017831590000000001
3924,1162,0.0017461480000000001
3925,1159,0.001679778
3926,1139,0.001795926
3927,1214,0.0018032910000000001
3928,1190,0.0018064120000000001
3929,1193,0.001808963
3930,1111,0.002069792
3931,1091,0.0019264289999999999
3932,1134,0.0017705710000000001
3933,1113,0.0016444400000000001
3934,1048,0.0017869190000000001
3935,990,0.001674966
3936,1009,0.0019736519999999998
3937,890,0.0018005930000000001
3938,828,0.001670571
3939,768,0.0020244870000000002
3940,711,0.0017517909999999999
3941,688,0.00165829
3942,683,0.0017360940000000001
3943,657,0.002039566
3944,637,0.00171215
3945,607,0.00174629
3946,683,0.0018629269999999999
3947,663,0.001692891
3948,676,0.0020132470000000001
3949,766,0.0018079859999999999
3950,583,0.001740271
3951,761,0.0016452070000000001
3952,749,0.0016826650000000001
3953,722,0.0017374070000000001
3954,770,0.0016819109999999999
3955,795,0.001682366
3956,805,0.0017889239999999999
3957,773,0.001810267
3958,734,0.0018494329999999999
3959,834,0.0017436960000000001
3960,781,0.001764945
3961,755,0.002002406
3962,775,0.0024561980000000001
3963,814,0.0023522259999999998
3964,831,0.0067426359999999998
3965,833,0.0077386900000000003
3966,767,0.0025955290000000001
3967,798,0.0018270669999999999
3968,805,0.0018046010000000001
3969,872,0.0021271800000000002
3970,831,0.0019637679999999999
3971,777,0.0018397870000000001
3972,753,0.0017635179999999999
3973,772,0.0018468270000000001
3974,711,0.0018930469999999999
3975,694,0.0017481549999999999
3976,687,0.0022363790000000001
3977,675,0.0021861070000000001
3978,643,0.002216338
3979,612,0.0022314879999999998
3980,612,0.0018032619999999999
3981,619,0.0016436529999999999
3982,628,0.0019771210000000001
3983,561,0.002327558
3984,501,0.0021616589999999998
3985,548,0.001842591
3986,554,0.0018156299999999999
3987,493,0.0019835790000000001
3988,463,0.001866988
3989,516,0.0020018750000000002
3990,478,0.002067106
3991,462,0.0025300520000000001
3992,465,0.0023506339999999999
3993,431,0.002120935
3994,446,0.0018249570000000001
3995,450,0.001731036
3996,438,0.001799293
3997,399,0.0018226819999999999
3998,425,0.0018344419999999999
3999,453,0.0018179380000000001
4000,357,0.0018337150000000001
4001,365,0.0020443979999999998
4002,414,0.0018269650000000001
4003,331,0.0017640010000000001
4004,390,0.001805449
4005,385,0.0016916819999999999
4006,412,0.0017887129999999999
4007,436,0.0018529589999999999
4008,391,0.0019553130000000002
4009,441,0.0029177920000000002
4010,483,0.0021940420000000002
4011,440,0.0018752599999999999
4012,403,0.002009168
4013,459,0.0022283849999999998
4014,455,0.0022337139999999999
4015,447,0.0023379120000000001
4016,537,0.0023196250000000001
4017,492,0.0023705779999999999
4018,557,0.0023465069999999998
4019,607,0.0022326780000000001
4020,578,0.0018948999999999999
4021,606,0.0018627819999999999
4022,557,0.0019078109999999999
4023,578,0.0017651710000000001
4024,625,0.0021539160000000001
4025,645,0.002173314
4026,661,0.001720814
4027,653,0.0018331109999999999
4028,665,0.001865242
4029,604,0.0017265920000000001
4030,651,0.0020309220000000001
4031,626,0.0021337019999999999
4032,691,0.0036490160000000002
4033,670,0.0086273440000000003
4034,657,0.0041521170000000003
4035,629,0.0030431360000000001
4036,611,0.0039964850000000001
4037,682,0.0017942710000000001
4038,690,0.0017735439999999999
4039,641,0.001857755
4040,681,0.0019612459999999998
4041,685,0.0042323990000000004
4042,706,0.0017843480000000001
4043,695,0.0019124400000000001
4044,797,0.001844318
4045,678,0.001810192
4046,681,0.0019281509999999999
4047,713,0.0019456370000000001
4048,663,0.0018500579999999999
4049,721,0.001889726
4050,709,0.0019855739999999999
4051,662,0.0024664079999999998
4052,667,0.0019789209999999998
4053,604,0.0026102439999999998
4054,665,0.002304534
4055,627,0.0022965590000000001
4056,659,0.001948434
4057,621,0.0019401640000000001
4058,669,0.001899822
4059,669,0.001918704
4060,688,0.0020212059999999998
4061,753,0.0027401790000000001
4062,743,0.0022717670000000001
4063,759,0.0081536089999999992
4064,723,0.0067728040000000003
4065,676,0.001929163
4066,689,0.0021386399999999998
4067,712,0.002249769
4068,699,0.0020205309999999999
4069,591,0.001926489
4070,601,0.001869718
4071,522,0.0019229659999999999
4072,509,0.0018527120000000001
4073,540,0.0018234740000000001
4074,504,0.0018493800000000001
4075,458,0.001768389
4076,451,0.0021344020000000001
4077,500,0.0019802579999999999
4078,508,0.0020728719999999999
4079,492,0.0018746959999999999
4080,454,0.0021908610000000001
4081,443,0.0018155700000000001
4082,450,0.001703038
4083,469,0.001674329
4084,487,0.001875633
4085,461,0.00261926
4086,462,0.001838786
4087,477,0.0017166429999999999
4088,489,0.0017537010000000001
4089,530,0.001710128
4090,483,0.0016860779999999999
4091,487,0.0017034660000000001
4092,552,0.0016985209999999999
4093,521,0.0019520819999999999
4094,573,0.001754607
4095,614,0.0017115260000000001
4096,663,0.0017912150000000001
4097,759,0.0017135189999999999
4098,775,0.0017242
4099,720,0.001982237
4100,794,0.0018531470000000001
4101,802,0.0016859240000000001
4102,763,0.001839486
4103,860,0.0017312860000000001
4104,856,0.001691927
4105,921,0.001840597
4106,883,0.001722585
4107,955,0.0017039799999999999
4108,945,0.0021335809999999998
4109,990,0.0022185239999999999
4110,847,0.0022179209999999999
4111,903,0.0017242259999999999
4112,887,0.0016686019999999999
4113,820,0.001583229
4114,844,0.001652141
4115,806,0.001588
4116,770,0.0016788059999999999
4117,750,0.0016139189999999999
4118,706,0.001937217
4119,677,0.002282592
4120,674,0.002088599
4121,601,0.0037195190000000001
4122,578,0.0069302189999999996
4123,567,0.0062823890000000002
4124,488,0.001651635
4125,450,0.0017264380000000001
4126,425,0.001780904
4127,470,0.0016941899999999999
4128,381,0.001779816
4129,394,0.0018053310000000001
4130,382,0.0017655069999999999
4131,404,0.0049082099999999997
4132,346,0.0061922670000000004
4133,365,0.0020991709999999999
4134,324,0.0023336720000000002
4135,409,0.0022610270000000001
4136,417,0.0019449910000000001
4137,452,0.0020189969999999998
4138,494,0.0019355329999999999
4139,576,0.0019617879999999999
4140,568,0.001786438
4141,587,0.001844441
4142,572,0.001853674
4143,598,0.0026093760000000001
4144,656,0.0024490319999999999
4145,648,0.0023037800000000001
4146,668,0.0022471679999999999
4147,628,0.0024468799999999998
4148,653,0.0019056469999999999
4149,633,0.001810943
4150,644,0.0018192569999999999
4151,671,0.0018306500000000001
4152,698,0.0018143160000000001
4153,707,0.001846105
4154,662,0.0017966169999999999
4155,728,0.0021216030000000001
4156,756,0.0019843030000000002
4157,709,0.0020171170000000001
4158,760,0.0019307739999999999
4159,747,0.0025921189999999999
4160,749,0.0024291130000000001
4161,743,0.0023054070000000002
4162,766,0.0020577809999999998
4163,685,0.0024963229999999999
4164,692,0.0021822970000000001
4165,754,0.0027710930000000001
4166,727,0.002413222
4167,679,0.002261332
4168,739,0.0021953300000000001
4169,654,0.0021896400000000001
4170,695,0.001908196
4171,645,0.001802538
4172,640,0.0021246400000000001
4173,682,0.0023598109999999999
4174,629,0.0019145239999999999
4175,592,0.0019496489999999999
4176,620,0.001878551
4177,690,0.0018846710000000001
4178,649,0.0020060310000000001
4179,651,0.0019009540000000001
4180,632,0.00194681
4181,702,0.0022612840000000001
4182,625,0.0024455420000000002
4183,666,0.0019460739999999999
4184,722,0.0025309260000000002
4185,704,0.0023705430000000001
4186,709,0.0019855070000000001
4187,775,0.0021081099999999998
4188,551,0.002270102
4189,679,0.0020158060000000002
4190,613,0.0022707259999999998
4191,620,0.0021693649999999999
4192,540,0.0019828419999999999
4193,537,0.00181993
4194,540,0.0019094439999999999
4195,536,0.0019463219999999999
4196,477,0.0021907839999999999
4197,447,0.0020859429999999998
4198,415,0.0020128099999999999
4199,421,0.002004834
4200,367,0.0031210180000000001
4201,361,0.0019727339999999999
4202,386,0.0019044019999999999
4203,390,0.0043756059999999998
4204,364,0.0083682240000000005
4205,319,0.002452301
4206,362,0.0018429900000000001
4207,377,0.002196716
4208,319,0.0019480669999999999
4209,352,0.00185669
4210,365,0.0018137889999999999
4211,305,0.001816619
4212,308,0.001869299
4213,266,0.001724798
4214,259,0.0017530320000000001
4215,255,0.0018496840000000001
4216,239,0.001851868
4217,285,0.001840527
4218,331,0.001842296
4219,400,0.0017524120000000001
4220,430,0.0017497439999999999
4221,481,0.001815859
4222,509,0.001741345
4223,644,0.0018040210000000001
4224,614,0.0018832619999999999
4225,646,0.002093424
4226,654,0.0018919340000000001
4227,595,0.0019471880000000001
4228,618,0.001849706
4229,656,0.0019549530000000002
4230,610,0.001881693
4231,564,0.002033979
4232,554,0.002036829
4233,528,0.0023007359999999998
4234,550,0.0020389039999999998
4235,535,0.0020015620000000001
4236,587,0.0018510779999999999
4237,604,0.0020256200000000001
4238,561,0.0019276199999999999
4239,535,0.0019246129999999999
4240,562,0.0017404930000000001
4241,626,0.0020032679999999999
4242,611,0.001949933
4243,567,0.001818006
4244,668,0.00171507
4245,600,0.0019822189999999999
4246,640,0.0019138899999999999
4247,612,0.001868078
4248,604,0.0018188810000000001
4249,622,0.0018411390000000001
4250,613,0.002147436
4251,623,0.001807225
4252,607,0.001805407
4253,542,0.002166337
4254,582,0.0022191960000000001
4255,577,0.0021933909999999998
4256,606,0.0023274789999999999
4257,597,0.002278305
4258,532,0.002205247
4259,506,0.001916835
4260,534,0.00183629
4261,619,0.00376656
4262,597,0.0020949889999999998
4263,643,0.0020963940000000001
4264,594,0.0022072089999999999
4265,592,0.0023603320000000001
4266,595,0.001924271
4267,570,0.0020645559999999999
4268,633,0.0020029940000000001
4269,738,0.00215379
4270,673,0.0019925530000000002
4271,808,0.0018219589999999999
4272,846,0.0021774860000000002
4273,914,0.0022867949999999999
4274,1051,0.0024404700000000001
4275,1112,0.0024938489999999998
4276,1137,0.002539567
4277,1285,0.0020100360000000002
4278,1317,0.0020680569999999999
4279,1239,0.0022164279999999999
4280,1232,0.0021254949999999998
4281,1256,0.0020989730000000001
4282,1362,0.0022077989999999999
4283,1202,0.0019413290000000001
4284,1292,0.0019200459999999999
4285,1225,0.0019263780000000001
4286,1168,0.0019574140000000002
4287,1216,0.0019237639999999999
4288,1035,0.0028243169999999998
4289,972,0.0019778159999999999
4290,949,0.0018726560000000001
4291,734,0.0019713809999999999
4292,666,0.0019226270000000001
4293,552,0.001866913
4294,536,0.0018496879999999999
4295,473,0.0020595850000000001
4296,494,0.0020890000000000001
4297,516,0.0021737229999999998
4298,549,0.0021681740000000001
4299,648,0.0019299269999999999
4300,669,0.001810968
4301,786,0.0019394309999999999
4302,718,0.0017510410000000001
4303,787,0.0019049990000000001
4304,810,0.0021326169999999998
4305,815,0.0023578129999999998
4306,838,0.001882318
4307,849,0.0020270399999999999
4308,837,0.0024540510000000001
4309,804,0.003139228
4310,818,0.0065727090000000004
4311,784,0.0052533069999999996
4312,740,0.0018857990000000001
4313,766,0.0018102929999999999
4314,750,0.0020311610000000001
4315,683,0.0020952100000000001
4316,682,0.0025637160000000002
4317,584,0.001994516
4318,483,0.0020150739999999999
4319,507,0.0018930640000000001
4320,441,0.001885266
4321,385,0.0021820250000000002
4322,314,0.002028237
4323,295,0.0019648500000000002
4324,250,0.001733638
4325,176,0.0017734160000000001
4326,179,0.0016280159999999999
4327,200,0.0017115800000000001
4328,197,0.001668218
4329,219,0.001677787
4330,333,0.0017005729999999999
4331,425,0.0017820309999999999
4332,570,0.0022024900000000001
4333,711,0.0028884119999999999
4334,918,0.0020772189999999999
4335,1139,0.001907974
4336,1298,0.0017445060000000001
4337,1428,0.001925515
4338,1547,0.0018083590000000001
4339,1660,0.0019362559999999999
4340,1880,0.0021641469999999999
4341,1998,0.0022487079999999999
4342,2044,0.0022320590000000002
4343,2234,0.0036543880000000002
4344,2163,0.0021570270000000002
4345,2374,0.0022451820000000001
4346,2360,0.0024366750000000001
4347,2515,0.0026270130000000001
4348,2478,0.002273022
4349,2375,0.0025112649999999999
4350,2470,0.0021956559999999998
4351,2447,0.002185789
4352,2532,0.0020288300000000001
4353,2374,0.001967384
4354,2277,0.0021807609999999998
4355,2286,0.001968844
4356,2275,0.001952797
4357,2125,0.0018498989999999999
4358,2019,0.001992125
4359,1881,0.0019716619999999999
4360,1797,0.001903252
4361,1656,0.001856368
4362,1508,0.0068487790000000002
4363,1321,0.0082836709999999994
4364,1144,0.0021516980000000001
4365,1053,0.0023177689999999999
4366,993,0.001951405
4367,787,0.0018704769999999999
4368,727,0.0071934549999999996
4369,775,0.0062592790000000004
4370,597,0.001695876
4371,596,0.0017263199999999999
4372,592,0.001842373
4373,572,0.0016762459999999999
4374,660,0.0017548030000000001
4375,758,0.001871595
4376,768,0.0017679499999999999
4377,827,0.0023364530000000001
4378,794,0.0019617549999999999
4379,869,0.0016447199999999999
4380,891,0.001651291
4381,962,0.0020449719999999999
4382,986,0.0015661259999999999
4383,1072,0.001592661
4384,1076,0.0017321210000000001
4385,1065,0.0016275980000000001
4386,1126,0.0020739479999999999
4387,1142,0.0018064890000000001
4388,1142,0.001691976
4389,1136,0.0017689540000000001
4390,1235,0.0023283069999999999
4391,1130,0.0023569699999999999
4392,1121,0.0023214820000000001
4393,1096,0.0020188490000000001
4394,1121,0.0021471319999999999
4395,1043,0.0022547000000000001
4396,1073,0.0023421370000000002
4397,1037,0.0016978939999999999
4398,1071,0.0019843640000000002
4399,1041,0.002358115
4400,1099,0.002410831
4401,1115,0.00305551
4402,1252,0.0026736490000000002
4403,1300,0.002407087
4404,1391,0.0020133780000000001
4405,1375,0.0019157779999999999
4406,1521,0.001927876
4407,1557,0.001827469
4408,1638,0.0019811199999999998
4409,1658,0.0022563549999999998
4410,1718,0.002035884
4411,1716,0.0020722890000000002
4412,1796,0.002017876
4413,1715,0.0019147210000000001
4414,1787,0.001861124
4415,1787,0.001923016
4416,1785,0.0019718240000000001
4417,1760,0.0019796509999999998
4418,1715,0.0018203029999999999
4419,1774,0.0018089499999999999
4420,1787,0.0018884559999999999
4421,1677,0.0018720729999999999
4422,1766,0.0018828950000000001
4423,1558,0.0020725880000000002
4424,1586,0.0020468219999999998
4425,1636,0.0019858570000000002
4426,1363,0.0019372650000000001
4427,1450,0.0018930959999999999
4428,1324,0.002126181
4429,1234,0.0024550710000000001
4430,1164,0.0024098689999999998
4431,1094,0.0017461130000000001
4432,924,0.0019585259999999999
4433,857,0.0021154049999999999
4434,778,0.0020550619999999999
4435,644,0.00282527
4436,589,0.0022847079999999999
4437,511,0.0024195610000000002
4438,445,0.0019877010000000001
4439,371,0.0019084079999999999
4440,314,0.0023911319999999998
4441,278,0.0019563340000000001
4442,246,0.001899158
4443,198,0.0017937090000000001
4444,168,0.0017306660000000001
4445,184,0.0017786779999999999
4446,210,0.001790348
4447,236,0.0016686439999999999
4448,323,0.001816242
4449,288,0.0023279920000000001
4450,324,0.001676292
4451,360,0.0019028700000000001
4452,378,0.0018246099999999999
4453,388,0.001849882
4454,439,0.001597954
4455,410,0.0015670770000000001
4456,410,0.001554646
4457,430,0.0015886559999999999
4458,380,0.00180528
4459,347,0.001582988
4460,349,0.001583264
4461,307,0.001890489
4462,323,0.0021727999999999999
4463,271,0.001627823
4464,303,0.0015849830000000001
4465,341,0.0018690480000000001
4466,399,0.0020458389999999998
4467,569,0.00191191
4468,769,0.001744984
4469,1021,0.001750663
4470,1193,0.001586687
4471,1345,0.0018024530000000001
4472,1521,0.0016893209999999999
4473,1682,0.001726436
4474,1827,0.001804522
4475,2043,0.001789999
4476,2031,0.002194957
4477,2107,0.0019260970000000001
4478,2084,0.0018084609999999999
4479,2271,0.0018732530000000001
4480,2239,0.001787117
4481,2281,0.0022488949999999999
4482,2275,0.0024589949999999998
4483,2188,0.002287388
4484,2159,0.0035660370000000002
4485,2154,0.0021635869999999998
4486,2162,0.0019347189999999999
4487,2200,0.0019915699999999998
4488,2049,0.0019930299999999998
4489,2074,0.001865046
4490,2059,0.0019556320000000001
4491,1837,0.0041832010000000001
4492,1956,0.002230044
4493,1920,0.0019563010000000001
4494,1776,0.0020198059999999999
4495,1669,0.0020402480000000001
4496,1776,0.0020703729999999999
4497,1546,0.0021663759999999998
4498,1511,0.002739263
4499,1323,0.0030582840000000001
4500,1374,0.002472821
4501,1273,0.0025192019999999999
4502,1033,0.001991334
4503,944,0.001996739
4504,841,0.0020263519999999999
4505,726,0.002092764
4506,613,0.0022945259999999999
4507,483,0.0021148109999999999
4508,411,0.00227385
4509,327,0.002666519
4510,288,0.002250812
4511,296,0.0035001559999999999
4512,362,0.0023230460000000001
4513,403,0.0018602040000000001
4514,451,0.0018291539999999999
4515,564,0.0018869550000000001
4516,699,0.001890615
4517,759,0.001784019
4518,825,0.001919394
4519,849,0.0023665380000000001
4520,963,0.0023367560000000002
4521,999,0.0023131549999999999
4522,980,0.0022168309999999998
4523,1117,0.0021967969999999999
4524,1066,0.0023098630000000001
4525,1137,0.0022438610000000002
4526,1089,0.0020750780000000002
4527,1131,0.0020049920000000001
4528,1166,0.002038528
4529,1062,0.0019863279999999999
4530,1091,0.0018545600000000001
4531,1017,0.0018523179999999999
4532,1040,0.0019855860000000001
4533,950,0.0020166799999999999
4534,977,0.0021868730000000002
4535,957,0.0042408360000000004
4536,933,0.0029941780000000001
4537,891,0.0022009429999999999
4538,970,0.002289059
4539,951,0.002382066
4540,937,0.002309345
4541,928,0.0026572940000000001
4542,1020,0.0024299040000000001
4543,1089,0.002079315
4544,1094,0.002024709
4545,1147,0.0022799410000000002
4546,1119,0.0023296369999999999
4547,1199,0.0022746379999999998
4548,1335,0.002167399
4549,1270,0.001920841
4550,1221,0.0019246860000000001
4551,1312,0.0023673850000000001
4552,1296,0.0023045510000000002
4553,1371,0.0019750530000000001
4554,1370,0.0019392210000000001
4555,1291,0.0019077569999999999
4556,1288,0.0021506009999999998
4557,1274,0.0023020520000000002
4558,1345,0.0019635939999999999
4559,1333,0.002008817
4560,1311,0.002348868
4561,1300,0.0022543440000000001
4562,1336,0.001893654
4563,1276,0.00238062
4564,1143,0.0024914809999999998
4565,1205,0.002603906
4566,1277,0.0022398470000000001
4567,1221,0.0019356670000000001
4568,1228,0.001816649
4569,1252,0.001940317
4570,1253,0.0019275080000000001
4571,1275,0.00357005
4572,1236,0.0021901640000000001
4573,1267,0.002238103
4574,1350,0.0020264039999999999
4575,1388,0.002458001
4576,1399,0.0025454589999999999
4577,1352,0.002369272
4578,1395,0.002091889
4579,1377,0.0023393659999999998
4580,1527,0.0022151860000000001
4581,1546,0.0019043829999999999
4582,1548,0.0018814050000000001
4583,1585,0.001958778
4584,1435,0.002037259
4585,1559,0.0024085019999999999
4586,1523,0.0024848650000000002
4587,1540,0.002532608
4588,1453,0.0022894119999999998
4589,1498,0.0018345290000000001
4590,1467,0.0019744720000000001
4591,1354,0.0018508719999999999
4592,1232,0.0019324469999999999
4593,1384,0.0019876009999999999
4594,1237,0.001942186
4595,1248,0.001884312
4596,1164,0.0021993910000000002
4597,1030,0.0022783159999999998
4598,1048,0.0023115649999999998
4599,1043,0.00188674
4600,1036,0.0020219230000000001
4601,1065,0.002065421
4602,1082,0.001916423
4603,998,0.001861311
4604,1042,0.0022387370000000002
4605,1071,0.0024109829999999998
4606,1075,0.002331774
4607,1259,0.0019495000000000001
4608,1131,0.002320754
4609,1095,0.0020163070000000002
4610,1247,0.0019807639999999999
4611,1031,0.0017822560000000001
4612,1187,0.0018463329999999999
4613,1171,0.001873563
4614,1211,0.0018589349999999999
4615,1161,0.0022845209999999999
4616,1193,0.00205455
4617,1107,0.0019738989999999999
4618,1118,0.0020183190000000002
4619,1097,0.001916252
4620,973,0.001933131
4621,1066,0.002068828
4622,898,0.0019235089999999999
4623,786,0.0023065569999999999
4624,848,0.0023044379999999998
4625,824,0.0020725869999999999
4626,755,0.0019562020000000002
4627,818,0.00189632
4628,786,0.001925522
4629,762,0.0019618740000000002
4630,767,0.002073578
4631,708,0.0019919040000000001
4632,720,0.0022253400000000001
4633,735,0.0019462520000000001
4634,703,0.0019603789999999999
4635,646,0.0021331610000000002
4636,729,0.0020111740000000001
4637,645,0.0019133710000000001
4638,653,0.0018693659999999999
4639,626,0.0021252300000000001
4640,626,0.002061851
4641,641,0.0017417540000000001
4642,639,0.001831128
4643,602,0.0018678740000000001
4644,507,0.0020940989999999999
4645,493,0.0022446419999999998
4646,446,0.001812721
4647,389,0.0018158029999999999
4648,357,0.0021392389999999998
4649,360,0.0021308989999999999
4650,275,0.00186129
4651,289,0.001924221
4652,245,0.002216104
4653,266,0.0020940709999999999
4654,267,0.0017717779999999999
4655,254,0.001757006
4656,259,0.001990379
4657,233,0.0022846820000000001
4658,289,0.0021584159999999998
4659,324,0.0020787779999999999
4660,344,0.0017938769999999999
4661,412,0.0016426570000000001
4662,494,0.0017866589999999999
4663,541,0.001764177
4664,531,0.00194688
4665,572,0.0019403179999999999
4666,552,0.001693583
4667,676,0.001827232
4668,663,0.0017580619999999999
4669,728,0.0019092759999999999
4670,713,0.001992668
4671,768,0.0022322729999999999
4672,706,0.0023596279999999999
4673,768,0.0020496139999999999
4674,742,0.0019349759999999999
4675,651,0.0020224040000000002
4676,666,0.002155063
4677,659,0.0020545060000000002
4678,606,0.0020991510000000001
4679,583,0.0021841709999999999
4680,554,0.0022031519999999999
4681,518,0.0021122150000000002
4682,497,0.001689234
4683,487,0.0020565919999999999
4684,538,0.0020803789999999998
4685,491,0.001732878
4686,519,0.001645931
4687,555,0.0016967110000000001
4688,460,0.002594917
4689,484,0.0021764620000000001
4690,476,0.001931393
4691,506,0.0018658119999999999
4692,434,0.001706415
4693,448,0.001691777
4694,483,0.001741966
4695,491,0.001768784
4696,465,0.0017802569999999999
4697,472,0.0022139479999999999
4698,496,0.0018901530000000001
4699,534,0.001759488
4700,445,0.0019288770000000001
4701,510,0.0017688339999999999
4702,516,0.00173427
4703,500,0.0016745410000000001
4704,443,0.0016356649999999999
4705,456,0.0018345309999999999
4706,428,0.0020427689999999998
4707,423,0.0016989939999999999
4708,431,0.001998568
4709,483,0.0021656290000000001
4710,459,0.0017336179999999999
4711,555,0.001878823
4712,528,0.0021749899999999999
4713,665,0.0017900769999999999
4714,699,0.002251098
4715,798,0.002295844
4716,855,0.0018666259999999999
4717,943,0.0018789659999999999
4718,985,0.001808067
4719,1190,0.001799758
4720,1238,0.001860237
4721,1332,0.0017869190000000001
4722,1259,0.0021708790000000001
4723,1465,0.0023429309999999999
4724,1464,0.0019108370000000001
4725,1443,0.001784966
4726,1521,0.0017225210000000001
4727,1450,0.0021509189999999998
4728,1459,0.0018856789999999999
4729,1400,0.0016938330000000001
4730,1408,0.001658147
4731,1335,0.0019268740000000001
4732,1277,0.0019850620000000001
4733,1378,0.001946274
4734,1303,0.0018379889999999999
4735,1325,0.001698576
4736,1157,0.001845551
4737,1280,0.0019148520000000001
4738,1158,0.0018516279999999999
4739,1167,0.0020848500000000001
4740,1024,0.0020505710000000002
4741,1014,0.002111305
4742,1006,0.0018091540000000001
4743,991,0.002017951
4744,940,0.0019674179999999999
4745,978,0.0018944509999999999
4746,947,0.0019346980000000001
4747,865,0.0022914559999999999
4748,890,0.0018511280000000001
4749,927,0.001828732
4750,930,0.0018271330000000001
4751,990,0.0017647310000000001
4752,1008,0.0018823189999999999
4753,902,0.0017592969999999999
4754,1078,0.0016183829999999999
4755,1134,0.0017912119999999999
4756,1067,0.0019753969999999998
4757,1157,0.002259399
4758,1175,0.001755375
4759,1265,0.0016898600000000001
4760,1314,0.0016366029999999999
4761,1256,0.001624585
4762,1320,0.001701859
4763,1390,0.001880907
4764,1415,0.0018059370000000001
4765,1264,0.0019665519999999999
4766,1423,0.0021107019999999999
4767,1348,0.0017386750000000001
4768,1405,0.0020938649999999999
4769,1388,0.0023661699999999999
4770,1435,0.0020567839999999999
4771,1347,0.002181049
4772,1305,0.002397915
4773,1369,0.0024926290000000001
4774,1295,0.00217885
4775,1317,0.0022472590000000001
4776,1366,0.0024085729999999998
4777,1267,0.00186265
4778,1280,0.0028170299999999999
4779,1285,0.0022182030000000002
4780,1296,0.00258953
4781,1332,0.0021017879999999998
4782,1312,0.001886272
4783,1218,0.0020215540000000001
4784,1263,0.0021308099999999999
4785,1317,0.0022887110000000001
4786,1283,0.0020190120000000002
4787,1244,0.0021249239999999998
4788,1183,0.0020089660000000001
4789,1323,0.001941618
4790,1204,0.0018858290000000001
4791,1200,0.0020898290000000001
4792,1367,0.0018148629999999999
4793,1284,0.0018136339999999999
4794,1269,0.0017280430000000001
4795,1143,0.0021937129999999999
4796,1246,0.0020469669999999998
4797,1204,0.0019283010000000001
4798,1166,0.001792433
4799,1220,0.0019148500000000001
4800,1191,0.00176077
4801,1044,0.0017146850000000001
4802,1189,0.001779536
4803,1075,0.0021392590000000001
4804,1134,0.0018602099999999999
4805,1091,0.0018725059999999999
4806,987,0.001774376
4807,1076,0.0017106980000000001
4808,1011,0.0018100309999999999
4809,968,0.001716548
4810,1067,0.0016898270000000001
4811,1105,0.0017661059999999999
4812,1142,0.0017013530000000001
4813,1141,0.0018818420000000001
4814,1143,0.002045758
4815,1286,0.001945296
4816,1261,0.0022121390000000001
4817,1279,0.002314913
4818,1269,0.0018281829999999999
4819,1285,0.0017363820000000001
4820,1307,0.0020055559999999999
4821,1271,0.001991601
4822,1372,0.002246273
4823,1496,0.0023461229999999999
4824,1357,0.0023552730000000002
4825,1330,0.003834624
4826,1361,0.002512612
4827,1386,0.0031880250000000001
4828,1422,0.0020432530000000001
4829,1311,0.0019328699999999999
4830,1363,0.0017689979999999999
4831,1284,0.0020107089999999998
4832,1270,0.0022852739999999999
4833,1394,0.0018856840000000001
4834,1286,0.0017928690000000001
4835,1272,0.001902815
4836,1182,0.0019247579999999999
4837,1229,0.002034344
4838,1258,0.0018111049999999999
4839,1170,0.0021359899999999999
4840,1238,0.002088562
4841,1032,0.001752981
4842,1003,0.001721829
4843,956,0.0019888089999999998
4844,943,0.0023738909999999999
4845,897,0.0023721079999999999
4846,865,0.0020817040000000002
4847,886,0.0017749179999999999
4848,925,0.001746179
4849,892,0.0017178759999999999
4850,827,0.0017460080000000001
4851,876,0.0019312940000000001
4852,848,0.0020237300000000001
4853,896,0.001864094
4854,812,0.001822478
4855,791,0.0018535730000000001
4856,780,0.001679544
4857,773,0.0018379920000000001
4858,738,0.0021572919999999999
4859,752,0.0020578010000000002
4860,670,0.0019031440000000001
4861,715,0.0018439649999999999
4862,714,0.0017810619999999999
4863,665,0.0016241770000000001
4864,611,0.00165219
4865,629,0.00166646
4866,553,0.0018423630000000001
4867,561,0.002185869
4868,544,0.0018125630000000001
4869,640,0.002044976
4870,600,0.0018291519999999999
4871,635,0.0016523130000000001
4872,607,0.001764411
4873,661,0.001730721
4874,669,0.0016540050000000001
4875,644,0.001621256
4876,734,0.001815042
4877,726,0.001793792
4878,644,0.0019908180000000001
4879,709,0.0024372069999999998
4880,750,0.002261009
4881,867,0.0023208669999999999
4882,854,0.002445207
4883,870,0.0021936109999999998
4884,927,0.001853482
4885,918,0.0018014439999999999
4886,1012,0.0022665950000000002
4887,1007,0.0019765669999999998
4888,1076,0.001833931
4889,1158,0.001903318
4890,1114,0.0016879480000000001
4891,1170,0.0019606979999999999
4892,1261,0.0020297179999999998
4893,1223,0.0022091049999999998
4894,1202,0.0019978959999999999
4895,1212,0.0017013309999999999
4896,1324,0.001740234
4897,1274,0.0016720109999999999
4898,1267,0.001612193
4899,1254,0.001703223
4900,1370,0.0020503840000000001
4901,1324,0.0021669710000000002
4902,1415,0.0024982400000000001
4903,1378,0.0093407230000000004
4904,1457,0.0023225530000000002
4905,1389,0.0020164670000000001
4906,1459,0.0025186259999999999
4907,1433,0.0021837599999999999
4908,1355,0.002064906
4909,1298,0.0021323990000000001
4910,1400,0.001702615
4911,1327,0.0018782930000000001
4912,1355,0.0017515530000000001
4913,1313,0.0016311730000000001
4914,1221,0.0015799640000000001
4915,1227,0.00169057
4916,1263,0.0018248470000000001
4917,1223,0.0016753740000000001
4918,1284,0.001743381
4919,1245,0.0021644519999999999
4920,1178,0.0020147899999999998
4921,1164,0.002026515
4922,1064,0.00202645
4923,1139,0.00214657
4924,1256,0.0021881209999999999
4925,1107,0.0021430640000000001
4926,1101,0.0030636890000000001
4927,1084,0.0027540759999999998
4928,1008,0.0088340980000000003
4929,986,0.0062051149999999998
4930,989,0.0023642200000000002
4931,995,0.002304782
4932,1081,0.0024711849999999999
4933,943,0.0023140029999999998
4934,916,0.001873279
4935,970,0.0018456830000000001
4936,974,0.0021920070000000002
4937,1087,0.0022871160000000001
4938,1017,0.0023400489999999999
4939,1085,0.00223588
4940,1122,0.0067386010000000003
4941,1196,0.0028062230000000001
4942,1200,0.0018267839999999999
4943,1280,0.001784171
4944,1335,0.0018117859999999999
4945,1351,0.001756957
4946,1486,0.0020956120000000002
4947,1527,0.0021816190000000001
4948,1527,0.0017853400000000001
4949,1505,0.0017743450000000001
4950,1705,0.0017714250000000001
4951,1788,0.0024214079999999999
4952,1599,0.0018618860000000001
4953,1728,0.001843716
4954,1690,0.0021877369999999999
4955,1857,0.002054901
4956,1723,0.0021873869999999998
4957,1790,0.0020386890000000002
4958,1666,0.0048040510000000002
4959,1641,0.0020978899999999998
4960,1581,0.0030517000000000001
4961,1573,0.0021967409999999999
4962,1460,0.0021756739999999998
4963,1323,0.0020748820000000001
4964,1252,0.0021471340000000002
4965,1237,0.002105104
4966,1235,0.0023408890000000001
4967,1115,0.0033167769999999999
4968,1082,0.0024484900000000002
4969,1059,0.0024181580000000001
4970,1122,0.0020608670000000001
4971,1163,0.00211313
4972,1071,0.0021467349999999999
4973,1201,0.0020040959999999999
4974,1181,0.0023011669999999998
4975,1265,0.002012715
4976,1243,0.001991872
4977,1351,0.0019138479999999999
4978,1299,0.0019804520000000002
4979,1398,0.0019947469999999998
4980,1430,0.002024564
4981,1366,0.0019443030000000001
4982,1381,0.0021361679999999999
4983,1382,0.0019918169999999999
4984,1346,0.0021207180000000002
4985,1444,0.0020122999999999999
4986,1392,0.002166837
4987,1344,0.0018670309999999999
4988,1380,0.0019942670000000001
4989,1302,0.001784678
4990,1342,0.0023549040000000001
4991,1320,0.0077131370000000001
4992,1357,0.0050597330000000003
4993,1245,0.003397185
4994,1245,0.0029253109999999999
4995,1236,0.0051581470000000001
4996,1245,0.0093254310000000003
4997,1232,0.002253863
4998,1199,0.0018581190000000001
4999,1252,0.002126537
5000,1174,0.002475751
5001,1118,0.0019535030000000001
5002,1204,0.001938185
5003,1136,0.0019522840000000001
5004,1254,0.0020134839999999998
5005,1164,0.0044011099999999997
5006,1200,0.0057427440000000001
5007,1181,0.0024292799999999998
5008,1278,0.0029896499999999999
5009,1255,0.0019882900000000002
5010,1288,0.002041845
5011,1296,0.0024786389999999999
5012,1227,0.0024241589999999999
5013,1353,0.002356824
5014,1311,0.0024589809999999998
5015,1165,0.002060447
5016,1226,0.0024849550000000001
5017,1263,0.0023877019999999998
5018,1179,0.0024708260000000002
5019,1174,0.0024645829999999998
5020,1200,0.0023183869999999999
5021,1223,0.0020516000000000002
5022,1154,0.002099985
5023,1208,0.0019500769999999999
5024,1056,0.0021024189999999999
5025,1138,0.0020551369999999998
5026,1177,0.001862582
5027,1207,0.001902209
5028,1184,0.0019059299999999999
5029,1198,0.0020220490000000002
5030,1239,0.0021789270000000002
5031,1181,0.0025187679999999998
5032,1256,0.0020561099999999999
5033,1350,0.0019978880000000002
5034,1224,0.0020864640000000001
5035,1390,0.001942945
5036,1314,0.0018674410000000001
5037,1349,0.0019923089999999998
5038,1407,0.0034912910000000001
5039,1489,0.0021762489999999999
5040,1426,0.002044176
5041,1448,0.0021033620000000001
5042,1432,0.0020546610000000002
5043,1519,0.001895136
5044,1570,0.001868001
5045,1568,0.0026503109999999998
5046,1543,0.0025171680000000002
5047,1537,0.0020058879999999999
5048,1482,0.0025108610000000001
5049,1551,0.0023858579999999998
5050,1605,0.0022789899999999998
5051,1552,0.0023988170000000001
5052,1444,0.0030601280000000001
5053,1454,0.0019781629999999998
5054,1442,0.001998994
5055,1472,0.0020267100000000001
5056,1464,0.0019578590000000002
5057,1551,0.002462723
5058,1340,0.0024381759999999998
5059,1470,0.002375084
5060,1409,0.0023009160000000001
5061,1418,0.0025730269999999999
5062,1395,0.0024373429999999998
5063,1457,0.0023223250000000001
5064,1385,0.0040385719999999998
5065,1302,0.0027129400000000001
5066,1310,0.0024215370000000001
5067,1265,0.0024285470000000001
5068,1347,0.0023459409999999998
5069,1169,0.0023654240000000001
5070,1174,0.0021380420000000002
5071,1173,0.0025690600000000002
5072,1181,0.0024196170000000002
5073,1066,0.0023222899999999999
5074,1106,0.0022713220000000001
5075,1067,0.002250078
5076,953,0.0022738189999999998
5077,967,0.0023035989999999999
5078,979,0.003224766
5079,923,0.0028107940000000001
5080,863,0.002039651
5081,900,0.002551621
5082,776,0.0021075569999999999
5083,839,0.0018614969999999999
5084,830,0.001715201
5085,799,0.0020710339999999998
5086,893,0.0018439039999999999
5087,684,0.00181968
5088,835,0.002172013
5089,763,0.0026413460000000001
5090,763,0.0033443069999999999
5091,867,0.0034639649999999998
5092,809,0.0023182179999999999
5093,875,0.0020827060000000001
5094,815,0.001851047
5095,787,0.0019969689999999999
5096,833,0.0023453649999999999
5097,759,0.0023387260000000002
5098,815,0.0028795729999999999
5099,753,0.0021767890000000002
5100,738,0.0020322909999999999
5101,768,0.00194583
5102,748,0.001914809
5103,730,0.002163973
5104,747,0.0025033249999999998
5105,704,0.0019125119999999999
5106,775,0.0024432719999999998
5107,660,0.0023800330000000001
5108,736,0.0022720510000000002
5109,756,0.0026030820000000001
5110,718,0.002549225
5111,860,0.0026328749999999998
5112,861,0.0023562879999999998
5113,801,0.0023404300000000001
5114,851,0.0024575040000000001
5115,872,0.0022495670000000001
5116,889,0.0021869929999999999
5117,945,0.0018261900000000001
5118,987,0.001766674
5119,968,0.001729317
5120,977,0.0020628310000000002
5121,1049,0.0023770430000000001
5122,1060,0.0018530420000000001
5123,1012,0.0021257440000000002
5124,977,0.0023240079999999998
5125,1021,0.0021598059999999998
5126,1036,0.0020898790000000002
5127,1074,0.0019794230000000001
5128,1109,0.0022905870000000002
5129,1026,0.0022969539999999999
5130,1079,0.0024149620000000001
5131,1047,0.0022846849999999998
5132,1118,0.0024856280000000001
5133,1039,0.0025523920000000001
5134,1026,0.002532173
5135,968,0.0033006120000000001
5136,1123,0.0026121030000000002
5137,893,0.0078979240000000006
5138,918,0.006231449
5139,813,0.0020093329999999999
5140,902,0.002276592
5141,813,0.0018574590000000001
5142,806,0.0021790400000000001
5143,746,0.0023959189999999998
5144,825,0.0022354039999999999
5145,852,0.0021794940000000001
5146,799,0.002128451
5147,854,0.002380035
5148,741,0.0024055050000000001
5149,713,0.0022665189999999998
5150,765,0.002348368
5151,767,0.0024554300000000002
5152,702,0.0024136050000000001
5153,698,0.002088155
5154,720,0.0022783170000000002
5155,709,0.002179926
5156,666,0.0025154919999999998
5157,690,0.002713053
5158,681,0.0029732780000000002
5159,702,0.002218163
5160,751,0.0021893120000000001
5161,748,0.002094346
5162,721,0.001925377
5163,707,0.002157384
5164,677,0.0019037399999999999
5165,745,0.002776747
5166,681,0.002272409
5167,699,0.0022030259999999999
5168,749,0.0022080530000000002
5169,759,0.0022174009999999999
5170,739,0.002275436
5171,748,0.001837542
5172,784,0.003729853
5173,689,0.001799588
5174,751,0.0016826320000000001
5175,730,0.0017627280000000001
5176,724,0.001821516
5177,802,0.00186268
5178,822,0.0016952950000000001
5179,774,0.001695336
5180,852,0.001874269
5181,769,0.0021032989999999999
5182,861,0.001763812
5183,862,0.0051609940000000003
5184,906,0.002233629
5185,937,0.0019500380000000001
5186,923,0.0018019920000000001
5187,905,0.001794258
5188,865,0.0021023830000000002
5189,958,0.001856725
5190,877,0.001851498
5191,913,0.0021922780000000002
5192,871,0.001969817
5193,932,0.001883909
5194,865,0.001845268
5195,964,0.0019609919999999999
5196,862,0.0020574120000000002
5197,932,0.001722215
5198,943,0.001823578
5199,840,0.0018031519999999999
5200,861,0.001842369
5201,900,0.0021116400000000001
5202,866,0.001685148
5203,808,0.001687104
5204,833,0.0023276350000000002
5205,825,0.0018319479999999999
5206,869,0.001761325
5207,939,0.001780469
5208,866,0.0016667489999999999
5209,920,0.0016979040000000001
5210,938,0.0016223559999999999
5211,1013,0.0016924570000000001
5212,1020,0.001659956
5213,1008,0.002829514
5214,1006,0.001851428
5215,1126,0.002475545
5216,1023,0.0022825190000000002
5217,1078,0.0021868619999999999
5218,1144,0.0018395670000000001
5219,1173,0.0021148949999999999
5220,1166,0.0021017599999999998
5221,1192,0.0023628939999999999
5222,1204,0.0018042080000000001
5223,1129,0.0018215110000000001
5224,1206,0.001826661
5225,1273,0.0019268250000000001
5226,1248,0.001806478
5227,1269,0.001783584
5228,1288,0.0017760600000000001
5229,1236,0.002095614
5230,1432,0.0019918990000000001
5231,1342,0.002013525
5232,1309,0.001803179
5233,1375,0.0019331509999999999
5234,1389,0.001799981
5235,1440,0.001814099
5236,1416,0.0019121419999999999
5237,1390,0.0028787869999999998
5238,1537,0.0020964130000000001
5239,1419,0.0018769380000000001
5240,1420,0.0019594679999999998
5241,1448,0.0020898420000000002
5242,1479,0.0019680330000000001
5243,1418,0.0020088179999999999
5244,1398,0.0026168570000000002
5245,1221,0.0022355119999999998
5246,1344,0.0020123419999999999
5247,1270,0.0018755309999999999
5248,1242,0.001854851
5249,1318,0.0018263349999999999
5250,1262,0.001807417
5251,1211,0.0019551659999999999
5252,1203,0.0023877059999999999
5253,1280,0.002401809
5254,1324,0.0019510560000000001
5255,1394,0.0019098920000000001
5256,1381,0.0018821599999999999
5257,1559,0.0019007640000000001
5258,1558,0.001913889
5259,1488,0.0022143029999999999
5260,1608,0.0020938799999999998
5261,1701,0.0023598629999999998
5262,1763,0.0024895970000000001
5263,1693,0.0023646460000000002
5264,1814,0.001946829
5265,1780,0.001938309
5266,1829,0.0021336760000000001
5267,1926,0.0020561210000000002
5268,1905,0.0023604289999999998
5269,1923,0.002397125
5270,1840,0.001966144
5271,2145,0.002125923
5272,1808,0.0023774159999999998
5273,1957,0.002033722
5274,1887,0.002099067
5275,1921,0.0020300959999999999
5276,2000,0.0020123239999999998
5277,1931,0.0024502510000000001
5278,1929,0.001937191
5279,1836,0.0020545070000000001
5280,1805,0.0020847600000000002
5281,1875,0.0020097869999999999
5282,1691,0.0020248089999999998
5283,1713,0.0022006510000000001
5284,1707,0.0020832440000000002
5285,1692,0.001960748
5286,1567,0.002043848
5287,1535,0.001928216
5288,1493,0.0018531470000000001
5289,1434,0.0018340640000000001
5290,1454,0.0018896360000000001
5291,1323,0.0021680919999999999
5292,1208,0.0019257569999999999
5293,1206,0.0018675390000000001
5294,1121,0.001925071
5295,1024,0.0022256749999999999
5296,919,0.001894728
5297,892,0.001689641
5298,692,0.0017420669999999999
5299,716,0.0020799099999999999
5300,701,0.0018616590000000001
5301,677,0.001823688
5302,641,0.001813285
5303,591,0.0018489260000000001
5304,540,0.0017220060000000001
5305,530,0.001737646
5306,528,0.0018347820000000001
5307,587,0.0017906580000000001
5308,569,0.0018643819999999999
5309,582,0.0018119690000000001
5310,564,0.0017729829999999999
5311,587,0.0023994279999999999
5312,604,0.002638278
5313,592,0.001725011
5314,594,0.001696201
5315,718,0.0016675940000000001
5316,683,0.001709765
5317,725,0.0029686510000000001
5318,824,0.0019941059999999998
5319,833,0.001696868
5320,914,0.001691805
5321,1074,0.001856157
5322,971,0.0018196
5323,1125,0.001868436
5324,1125,0.0018461879999999999
5325,1218,0.0019087290000000001
5326,1185,0.001978648
5327,1257,0.001826381
5328,1363,0.0019892159999999998
5329,1394,0.002484315
5330,1468,0.001963158
5331,1471,0.0018833070000000001
5332,1469,0.0018346980000000001
5333,1438,0.0020837820000000002
5334,1514,0.001981661
5335,1420,0.001769715
5336,1438,0.0017861299999999999
5337,1318,0.001774341
5338,1269,0.001825393
5339,1319,0.0018441340000000001
5340,1270,0.001835291
5341,1168,0.0021037289999999999
5342,1131,0.0019521950000000001
5343,1115,0.001749951
5344,977,0.0018639450000000001
5345,1007,0.0017652639999999999
5346,898,0.001729887
5347,892,0.0018620959999999999
5348,784,0.0018072089999999999
5349,688,0.001899445
5350,683,0.0023662280000000002
5351,616,0.00176666
5352,593,0.0017886320000000001
5353,515,0.001876969
5354,463,0.0017312060000000001
5355,422,0.0017147950000000001
5356,436,0.0021371390000000001
5357,402,0.001958628
5358,312,0.0020971259999999999
5359,268,0.0021198200000000001
5360,249,0.0017749969999999999
5361,243,0.001828706
5362,237,0.0017452590000000001
5363,219,0.0017449970000000001
5364,187,0.001783988
5365,174,0.001892885
5366,194,0.0020830969999999999
5367,217,0.004197391
5368,259,0.002017123
5369,307,0.002216703
5370,315,0.0017423580000000001
5371,351,0.0016849460000000001
5372,349,0.0015943730000000001
5373,443,0.0017845789999999999
5374,543,0.001595111
5375,522,0.0017338880000000001
5376,637,0.001936781
5377,602,0.0022044460000000001
5378,651,0.0018293879999999999
5379,727,0.0017793959999999999
5380,684,0.0020649230000000002
5381,730,0.0017389720000000001
5382,704,0.001696697
5383,641,0.001849837
5384,639,0.001763953
5385,616,0.0016378230000000001
5386,517,0.001592076
5387,473,0.00157763
5388,471,0.001596519
5389,417,0.001771419
5390,367,0.0016323920000000001
5391,365,0.001830567
5392,393,0.0019006610000000001
5393,349,0.0018576039999999999
5394,352,0.0018517430000000001
5395,386,0.0015663160000000001
5396,453,0.0014977899999999999
5397,444,0.001541129
5398,459,0.0019426350000000001
5399,508,0.0021258370000000002
5400,514,0.002088056
5401,514,0.0016281570000000001
5402,472,0.001728507
5403,509,0.0016864650000000001
5404,403,0.001637817
5405,372,0.001687149
5406,410,0.0016687799999999999
5407,395,0.001672876
5408,393,0.0016339270000000001
5409,435,0.001636207
5410,460,0.005237149
5411,525,0.002201812
5412,602,0.0020071080000000001
5413,739,0.0020834629999999998
5414,769,0.0020441349999999999
5415,864,0.0021916050000000001
5416,977,0.002345813
5417,981,0.0018009510000000001
5418,1064,0.001859868
5419,1061,0.001814476
5420,1117,0.001796766
5421,1060,0.0017419709999999999
5422,1147,0.0018345169999999999
5423,1131,0.001806811
5424,1134,0.0017492300000000001
5425,1075,0.001904546
5426,1041,0.0019581640000000001
5427,980,0.0019314099999999999
5428,866,0.0026672900000000001
5429,938,0.0025051589999999999
5430,745,0.0024618790000000002
5431,823,0.002280448
5432,738,0.0020436529999999999
5433,760,0.001699341
5434,804,0.001676514
5435,935,0.001755047
5436,989,0.0017217879999999999
5437,992,0.001635744
5438,1043,0.0016707740000000001
5439,1178,0.001726256
5440,1276,0.0017292119999999999
5441,1358,0.001711632
5442,1467,0.0016692969999999999
5443,1524,0.0018143479999999999
5444,1549,0.001708432
5445,1711,0.0017939729999999999
5446,1642,0.001771246
5447,1757,0.001912502
5448,1709,0.001787786
5449,1584,0.0017378459999999999
5450,1665,0.0018167669999999999
5451,1645,0.00245195
5452,1599,0.001949519
5453,1861,0.0019660609999999999
5454,1456,0.001890215
5455,1540,0.0066654729999999999
5456,1483,0.0019339769999999999
5457,1632,0.0019201750000000001
5458,1541,0.002025181
5459,1459,0.001931107
5460,1373,0.001775263
5461,1378,0.0016873109999999999
5462,1409,0.0017220569999999999
5463,1370,0.0017766469999999999
5464,1372,0.001747993
5465,1165,0.0020956899999999999
5466,1253,0.0022622969999999999
5467,1081,0.0017488670000000001
5468,1156,0.0018027410000000001
5469,1064,0.001759671
5470,1025,0.001739148
5471,992,0.0017042750000000001
5472,997,0.001705579
5473,980,0.0016601669999999999
5474,880,0.00180273
5475,894,0.0016258290000000001
5476,912,0.001741675
5477,939,0.0016771240000000001
5478,828,0.001692142
5479,938,0.001655438
5480,979,0.00165073
5481,1037,0.0016443969999999999
5482,1055,0.0016005080000000001
5483,1018,0.001938352
5484,1206,0.0020331419999999999
5485,1143,0.00168596
5486,1168,0.001775127
5487,1310,0.0017156540000000001
5488,1230,0.001812365
5489,1263,0.0016749689999999999
5490,1375,0.0017331650000000001
5491,1372,0.0021272919999999998
5492,1444,0.001657494
5493,1476,0.002432179
5494,1517,0.0017682939999999999
5495,1692,0.0017995190000000001
5496,1614,0.0017425979999999999
5497,1656,0.0016705699999999999
5498,1803,0.0017176069999999999
5499,1932,0.001652695
5500,1952,0.0019005199999999999
5501,2135,0.001804663
5502,2126,0.0031265500000000001
5503,2079,0.0025656559999999999
5504,2144,0.0024360300000000001
5505,2408,0.0024956890000000002
5506,2388,0.0019537040000000001
5507,2407,0.0020554129999999999
5508,2572,0.002210984
5509,2507,0.0021354680000000002
5510,2595,0.002127692
5511,2588,0.0020432950000000001
5512,2704,0.002384887
5513,2716,0.0025132980000000002
5514,2683,0.0025207799999999998
5515,2692,0.0024544649999999999
5516,2741,0.0023673180000000002
5517,2610,0.001975138
5518,2591,0.0018972749999999999
5519,2431,0.0020132079999999998
5520,2525,0.002115727
5521,2490,0.001904144
5522,2296,0.0018265250000000001
5523,2357,0.0020598470000000001
5524,2195,0.0019283659999999999
5525,2222,0.001950598
5526,2157,0.0019554249999999998
5527,2010,0.0019811
5528,2071,0.0021021019999999998
5529,2019,0.0019931660000000002
5530,2098,0.001842139
5531,1942,0.001906975
5532,1959,0.0034581030000000001
5533,1818,0.0022311900000000001
5534,1730,0.007424969
5535,1759,0.0031763440000000002
5536,1703,0.002003786
5537,1800,0.002454763
5538,1631,0.0019287919999999999
5539,1497,0.0019845930000000002
5540,1701,0.001711239
5541,1533,0.001712079
5542,1516,0.001859002
5543,1364,0.0021719410000000001
5544,1220,0.0021584870000000002
5545,1239,0.0020539780000000001
5546,1147,0.0020571690000000002
5547,1043,0.0020181520000000001
5548,1057,0.0018607700000000001
5549,965,0.0018232039999999999
5550,1033,0.001812267
5551,940,0.0017415709999999999
5552,883,0.0019067719999999999
5553,934,0.0023484299999999999
5554,900,0.002220615
5555,869,0.002052281
5556,880,0.0017780059999999999
5557,916,0.001893818
5558,922,0.0024674010000000001
5559,983,0.002312564
5560,899,0.007897968
5561,1020,0.0031673579999999999
5562,1009,0.002105652
5563,1053,0.0019099130000000001
5564,1106,0.002003318
5565,1154,0.0021417239999999998
5566,1288,0.002131108
5567,1336,0.001879714
5568,1325,0.001929348
5569,1323,0.0018465479999999999
5570,1436,0.0018870180000000001
5571,1373,0.0018803629999999999
5572,1548,0.0024602339999999999
5573,1635,0.00207712
5574,1793,0.0021747519999999998
5575,1818,0.0021611249999999999
5576,1879,0.002740302
5577,1956,0.0024943280000000001
5578,1991,0.0021474390000000001
5579,2032,0.0022571790000000002
5580,2018,0.0020946250000000001
5581,2067,0.0022020450000000001
5582,2034,0.0020483910000000001
5583,2075,0.0020982869999999999
5584,2121,0.0019811220000000001
5585,1986,0.001993851
5586,1904,0.0023562560000000001
5587,1870,0.0027838820000000001
5588,1877,0.002607289
5589,1697,0.0026364349999999999
5590,1682,0.0025865020000000001
5591,1466,0.0023952550000000002
5592,1584,0.0018727520000000001
5593,1540,0.0019868220000000001
5594,1468,0.0017700509999999999
5595,1403,0.0020382059999999999
5596,1407,0.0021052110000000001
5597,1184,0.001765195
5598,1188,0.001724335
5599,1145,0.0017979999999999999
5600,1175,0.0023376460000000001
5601,1185,0.0023348650000000002
5602,1014,0.002346384
5603,989,0.0020026750000000002
5604,886,0.0019471849999999999
5605,848,0.0020186399999999999
5606,693,0.0020298439999999998
5607,584,0.0018659379999999999
5608,547,0.001831647
5609,474,0.0019976680000000002
5610,435,0.0027079719999999999
5611,364,0.001697619
5612,380,0.001841922
5613,278,0.00186973
5614,303,0.00194702
5615,341,0.0020075370000000002
5616,399,0.002105216
5617,405,0.002709305
5618,526,0.0019536340000000001
5619,629,0.001846833
5620,728,0.002085529
5621,802,0.0021157580000000001
5622,911,0.002502499
5623,948,0.0018731150000000001
5624,993,0.0019549369999999999
5625,1129,0.0023885450000000002
5626,1177,0.002510057
5627,1252,0.0023581349999999999
5628,1158,0.0021363269999999999
5629,1234,0.0022241940000000001
5630,1349,0.002276924
5631,1394,0.0026939709999999999
5632,1391,0.0022408250000000001
5633,1475,0.0019563250000000001
5634,1641,0.0018924549999999999
5635,1786,0.001865801
5636,1774,0.0019348060000000001
5637,1762,0.0019192230000000001
5638,1955,0.0024061519999999999
5639,1795,0.0026375019999999999
5640,1999,0.002336678
5641,2017,0.0022832949999999999
5642,2036,0.0026376210000000001
5643,2028,0.002705701
5644,2041,0.0027492290000000002
5645,2006,0.0028093340000000001
5646,2107,0.0026288309999999999
5647,1996,0.0021084490000000001
5648,2199,0.0028948200000000002
5649,2148,0.0021170519999999999
5650,2093,0.0021200949999999998
5651,2185,0.0020186259999999999
5652,2144,0.0045873169999999996
5653,2249,0.0046591649999999998
5654,2182,0.0025628169999999998
5655,2071,0.0021870879999999998
5656,2048,0.0021500949999999999
5657,2074,0.002410049
5658,2123,0.0021953649999999999
5659,2030,0.002284328
5660,2013,0.0020612289999999999
5661,2076,0.0022142659999999999
5662,2038,0.0023145069999999999
5663,1923,0.002812363
5664,1943,0.002731359
5665,2085,0.0024647079999999999
5666,1931,0.002459751
5667,1944,0.0021606540000000001
5668,1875,0.0020581029999999999
5669,2180,0.002112423
5670,1880,0.0019626959999999999
5671,1905,0.0024181419999999999
5672,1947,0.0022806189999999998
5673,2080,0.00201009
5674,1947,0.0019349669999999999
5675,1984,0.0020210689999999999
5676,1982,0.002028069
5677,1921,0.0020051219999999998
5678,1934,0.001929884
5679,1940,0.0020908369999999999
5680,1937,0.0027427570000000002
5681,1813,0.0027835659999999999
5682,1818,0.0027284869999999999
5683,1766,0.0027779760000000001
5684,1849,0.0028143310000000002
5685,1683,0.003651105
5686,1618,0.0025372530000000002
5687,1644,0.002599269
5688,1556,0.002605881
5689,1601,0.0025097840000000001
5690,1484,0.0026526549999999999
5691,1475,0.0027488859999999999
5692,1305,0.0023095260000000001
5693,1375,0.0020612959999999998
5694,1330,0.0021414509999999999
5695,1058,0.0020385630000000002
5696,1201,0.0021464610000000001
5697,1096,0.0027076579999999999
5698,1064,0.0027160470000000001
5699,1038,0.0021573759999999999
5700,1061,0.0020225970000000001
5701,1037,0.0019958010000000002
5702,1087,0.0021100329999999999
5703,1016,0.0019567260000000002
5704,1139,0.0020224359999999999
5705,1144,0.0026033359999999999
5706,1039,0.0023783400000000001
5707,1047,0.0021123869999999999
5708,1154,0.0020919509999999999
5709,1183,0.0020075840000000002
5710,1158,0.002234724
5711,1246,0.0020381549999999998
5712,1250,0.0021064249999999999
5713,1199,0.0032108079999999999
5714,1236,0.0023807189999999999
5715,1260,0.0021768989999999999
5716,1230,0.0020658849999999999
5717,1283,0.0021307330000000001
5718,1361,0.0022423479999999999
5719,1163,0.0022033299999999999
5720,1212,0.0024864919999999999
5721,1054,0.0020742859999999998
5722,1158,0.0021285969999999999
5723,1059,0.0022012400000000001
5724,850,0.002094692
5725,844,0.0022601940000000001
5726,759,0.0020688909999999998
5727,726,0.002097579
5728,711,0.0025288670000000002
5729,610,0.002751266
5730,733,0.0025926949999999999
5731,680,0.0021208160000000002
5732,734,0.0026792780000000002
5733,716,0.0019925619999999998
5734,758,0.0020691080000000001
5735,842,0.0021654970000000002
5736,905,0.0020987969999999999
5737,885,0.0020287069999999998
5738,984,0.0020237889999999998
5739,975,0.0020627359999999999
5740,1068,0.0031081329999999999
5741,991,0.0020619100000000001
5742,901,0.002669486
5743,988,0.0029340260000000002
5744,1023,0.0019391020000000001
5745,823,0.0020497150000000001
5746,875,0.0019780729999999999
5747,839,0.0019721790000000001
5748,908,0.001875601
5749,875,0.0020608610000000002
5750,729,0.0026661549999999999
5751,885,0.0020784549999999999
5752,876,0.002204681
5753,758,0.001892938
5754,760,0.002290084
5755,693,0.0023603270000000002
5756,649,0.0019754170000000001
5757,568,0.0023079039999999999
5758,510,0.0019360849999999999
5759,631,0.002729446
5760,554,0.001839221
5761,571,0.0018251109999999999
5762,527,0.001941232
5763,549,0.0019631179999999998
5764,571,0.0018507669999999999
5765,610,0.0023714819999999998
5766,592,0.0020754240000000002
5767,572,0.0023787959999999999
5768,639,0.0022713949999999998
5769,627,0.00216943
5770,602,0.001931585
5771,587,0.00187444
5772,592,0.0021647049999999998
5773,604,0.0019679250000000001
5774,581,0.001871125
5775,541,0.0018067999999999999
5776,539,0.0020589029999999999
5777,524,0.0023192870000000002
5778,579,0.0019409029999999999
5779,622,0.0017345150000000001
5780,599,0.003272428
5781,598,0.0020321089999999998
5782,599,0.001888879
5783,651,0.001913077
5784,681,0.0021271020000000001
5785,664,0.001872652
5786,681,0.001726392
5787,702,0.0018683090000000001
5788,693,0.00320236
5789,665,0.0029219810000000001
5790,771,0.0019334179999999999
5791,735,0.0018010700000000001
5792,717,0.001895178
5793,780,0.0018226099999999999
5794,824,0.0018158510000000001
5795,855,0.001821238
5796,886,0.0021391700000000001
5797,988,0.0019199600000000001
5798,927,0.004143295
5799,1004,0.001917555
5800,1098,0.001927932
5801,1202,0.0019673410000000001
5802,1212,0.0021736910000000002
5803,1278,0.0019893379999999998
5804,1313,0.001998545
5805,1301,0.0019382030000000001
5806,1426,0.0019343299999999999
5807,1426,0.0023185929999999999
5808,1372,0.0018895439999999999
5809,1293,0.0020426049999999999
5810,1505,0.0021368450000000001
5811,1449,0.0024426280000000001
5812,1363,0.002162059
5813,1368,0.0019674549999999999
5814,1321,0.0018870130000000001
5815,1398,0.0020123129999999999
5816,1359,0.002281262
5817,1355,0.002480678
5818,1383,0.0026255610000000002
5819,1434,0.0026408579999999998
5820,1332,0.0021990529999999999
5821,1301,0.0020147780000000001
5822,1261,0.0023182699999999999
5823,1273,0.0026908180000000002
5824,1180,0.0020372369999999999
5825,1190,0.0022983220000000002
5826,1125,0.0021508220000000002
5827,1175,0.0021253919999999998
5828,1211,0.0021476669999999998
5829,974,0.0020606000000000001
5830,973,0.0021058750000000001
5831,1007,0.0020236170000000001
5832,1047,0.0022894640000000002
5833,1011,0.0022234659999999999
5834,938,0.0021235540000000002
5835,918,0.002325545
5836,940,0.00265102
5837,971,0.0022074239999999999
5838,892,0.0021048619999999999
5839,944,0.0022279550000000002
5840,841,0.002359987
5841,852,0.0022476179999999998
5842,929,0.0023365510000000001
5843,834,0.0027489749999999999
5844,897,0.0021673830000000002
5845,982,0.0020622869999999999
5846,949,0.0022299139999999999
5847,1026,0.0024080389999999998
5848,1037,0.0021727069999999999
5849,1155,0.0020655119999999998
5850,1238,0.0022286760000000002
5851,1125,0.0021423710000000001
5852,1152,0.0021955619999999999
5853,1037,0.0021727560000000001
5854,1332,0.0022916389999999998
5855,1285,0.0022336499999999998
5856,1195,0.002199622
5857,1273,0.0021415039999999998
5858,1223,0.0021371720000000001
5859,1212,0.0022294670000000002
5860,1270,0.0021443249999999999
5861,1378,0.0026048830000000001
5862,1354,0.00237813
5863,1302,0.0022554620000000002
5864,1322,0.0024016039999999999
5865,1366,0.0023094830000000002
5866,1281,0.0021931680000000001
5867,1345,0.0022327660000000002
5868,1436,0.0021524439999999999
5869,1503,0.0020500269999999998
5870,1405,0.0024654910000000002
5871,1425,0.0022392919999999999
5872,1452,0.0021778539999999999
5873,1551,0.0021776870000000002
5874,1618,0.0020908569999999998
5875,1544,0.002199182
5876,1629,0.0022534690000000001
5877,1560,0.002132662
5878,1653,0.0023373259999999998
5879,1816,0.0021678280000000001
5880,1768,0.002160333
5881,1676,0.0021193039999999998
5882,1644,0.0021817859999999998
5883,1779,0.0023327600000000001
5884,1845,0.0021979870000000002
5885,1859,0.0023543370000000002
5886,1780,0.0022694809999999998
5887,1855,0.0022347439999999999
5888,1783,0.002275249
5889,1868,0.0022827530000000002
5890,1889,0.002624922
5891,1842,0.002309724
5892,1958,0.0022886999999999998
5893,1935,0.0021813599999999998
5894,2018,0.002177998
5895,1925,0.0024303430000000002
5896,1959,0.0035805020000000002
5897,2084,0.0023859990000000002
5898,1953,0.0024398229999999998
5899,1979,0.0022978360000000001
5900,1854,0.0021893659999999999
5901,1974,0.002084462
5902,1990,0.0021175489999999998
5903,1893,0.0030580310000000001
5904,1798,0.0060771849999999997
5905,1782,0.011549389
5906,1712,0.0043972430000000003
5907,1794,0.0024636879999999999
5908,1736,0.0023988999999999998
5909,1751,0.002400854
5910,1666,0.002519234
5911,1579,0.0028096039999999998
5912,1542,0.0027670759999999998
5913,1515,0.0023304250000000001
5914,1494,0.0022993089999999998
5915,1460,0.002345115
5916,1475,0.0021661929999999999
5917,1492,0.0023689000000000002
5918,1522,0.00217694
5919,1455,0.0021763659999999999
5920,1469,0.0028823960000000002
5921,1493,0.0028080980000000002
5922,1598,0.0032371190000000001
5923,1510,0.0032366080000000002
5924,1613,0.0025030400000000002
5925,1640,0.002064247
5926,1589,0.0020138999999999999
5927,1664,0.0020635570000000002
5928,1779,0.0022002089999999998
5929,1675,0.0020364039999999999
5930,1691,0.0021850770000000001
5931,1735,0.0021287659999999998
5932,1906,0.0021153299999999999
5933,1671,0.0019684149999999998
5934,1706,0.0020851379999999998
5935,1691,0.0020383210000000001
5936,1699,0.0020583469999999999
5937,1630,0.00204564
5938,1655,0.0022057930000000002
5939,1581,0.0020931270000000002
5940,1545,0.0021527339999999999
5941,1471,0.0021977350000000001
5942,1421,0.0027216699999999998
5943,1442,0.0021037059999999999
5944,1431,0.0020086539999999999
5945,1326,0.0021440460000000001
5946,1274,0.002061996
5947,1331,0.0021496779999999999
5948,1343,0.002011587
5949,1288,0.002324067
5950,1197,0.0022499600000000001
5951,1126,0.0022650980000000001
5952,1029,0.0020896600000000001
5953,1041,0.0023116360000000002
5954,1029,0.0027459680000000001
5955,1043,0.002635133
5956,927,0.0019733810000000002
5957,900,0.0020319890000000001
5958,912,0.0021785709999999998
5959,824,0.0021289439999999998
5960,846,0.0027418939999999999
5961,843,0.0025625539999999999
5962,906,0.0020403600000000002
5963,1009,0.001935768
5964,964,0.0025206759999999999
5965,941,0.0018832300000000001
5966,985,0.0018903170000000001
5967,960,0.0032176800000000001
5968,1039,0.0021805489999999999
5969,960,0.0023275489999999999
5970,1045,0.0020540469999999998
5971,982,0.0020232990000000001
5972,867,0.0021189109999999998
5973,929,0.0018900399999999999
5974,873,0.001879529
5975,928,0.0025481499999999999
5976,931,0.002494731
5977,946,0.0024797729999999998
5978,928,0.0020209680000000002
5979,1015,0.0023728600000000001
5980,932,0.002320407
5981,910,0.0022965389999999998
5982,1033,0.0026393010000000001
5983,925,0.0020487959999999999
5984,911,0.001930139
5985,892,0.0018760440000000001
5986,820,0.0018099629999999999
5987,775,0.001994666
5988,769,0.002381205
5989,745,0.002115507
5990,779,0.0023375729999999999
5991,771,0.00188806
5992,710,0.0020239770000000002
5993,664,0.002086156
5994,580,0.002738571
5995,570,0.003171667
5996,591,0.0031047430000000001
5997,514,0.002052828
5998,454,0.0019268169999999999
5999,458,0.0022323389999999999
6000,456,0.001979705
