Filename,Line,Cluster,Score,X1,Y1,X2,Y2
000010.png,1,1,0.0518092934180022,582.737440636752,0,557.352741961289,510.067322381902
000010.png,2,3,0.0510945560839725,572.021341771734,0,550.097893267007,510.004208118216
000010.png,3,4,0.00178684333507436,564.007525383437,0,564.506844921595,34.1970170658182
000010.png,4,5,0.00154859755706445,591.935856458016,140.185700798538,497.46335412306,107.553633690903
000010.png,5,6,0.0015669241553729,526.491667044712,130.828451488367,591.445170421024,158.087670147757
000010.png,6,7,0.0250799497851206,529.070717353158,0,518.180576899903,319.93806997365
000010.png,7,8,0.00789876387094409,517.354642829816,133.076140261627,509.117291372413,317.155017076786
000010.png,8,9,0.00587367475785982,497.795416823321,0,493.205768233165,95.4811359319629
000010.png,9,10,0.000494818154328284,516.115256828762,274.138890878443,504.818170172536,291.2182840552
000010.png,10,11,0.00155776085621867,485.833683698426,278.563449329745,477.342521267838,374.11929742009
000010.png,11,12,0.00474658896188984,492.136140613867,103.909733545228,489.098589931458,233.932218030069
000010.png,12,13,0.000650594239950152,467.581916980411,222.995357961377,513.824165664821,242.418620458627
000010.png,13,14,0.00258405036149215,475.843464346693,218.269262988541,467.779391461528,293.547875635894
000010.png,14,16,0.0423710952891479,449.36406561725,0,427.602443489502,510.06836685426
000010.png,15,17,0.0258221770166131,434.292964983568,0,414.177171460053,507.927809342462
000010.png,16,18,0.0108859993952223,401.454448180968,269.233426502115,470.475729098321,512
000010.png,17,19,0.000843023522188929,338.958674849462,230.192821404351,366.035514970922,214.590713962697
000010.png,18,20,0.00840274532442661,335.938314775387,355.93117801614,340.493170308368,219.482359979104
000010.png,19,21,0.00757804840054613,378.007172426536,214.377551406687,385.112460244426,364.797704483376
000010.png,20,22,0.000815533624726246,372.950626538437,332.241037570075,375.369343655368,362.840299689725
000010.png,21,23,0.00231831468601955,284.152414327569,422.315025681178,306.204959855759,371.958734035028
000010.png,22,24,0.00990552638571991,270.212637732206,79.1574071358509,254.894387938278,329.810205424997
000010.png,23,25,0.0134608864575602,221.81790706884,182.135929372207,208.98407061782,353.77449155979
000010.png,24,26,0.00837525542696392,254.994730619275,419.865255372218,245.197794741585,202.126082159805
000010.png,25,27,0.00795374366586946,224.532696493011,197.787200571317,218.395318007264,355.470475975632
000010.png,26,28,0.00170437364268631,252.890206129478,257.849645013116,252.455380496399,289.979095809705
000010.png,27,29,0.0133784167651721,160.958830269269,193.89797275082,156.591161784661,324.08693007378
000010.png,28,30,0.0322731396211892,134.184403983366,380.743314325786,0,154.585366784546
000010.png,29,31,0.0042334442092531,6.11902124159491,364.410439400273,184.212754968306,276.600547701778
000010.png,30,32,0.0105103041298989,91.6931264175172,363.418757237315,103.886768881675,189.152421443478
000010.png,31,33,0.00812784634979978,8.48091598667231,114.489113797391,130.627621939817,131.220588479931
000010.png,32,34,0.000962146411193886,132.259069219811,104.771153896507,34.3667432051302,113.922896987366
000010.png,33,35,0.00383025904646709,29.1104869428214,187.04889169559,181.709052568215,206.30559508847
000010.png,34,36,0.034600617606363,47.4284497093008,509.972175043621,72.098534260602,3.22586411421315
000010.png,35,37,0.013415069961789,73.7919389213153,510.744102678413,101.128511479902,4.06088545052336
000010.png,36,38,0.0469802347637243,46.3619264092013,3.27350252555401,19.364833471718,510.072704408261
000010.png,37,39,0.00131035177905453,65.6387316501411,338.928965809532,0,291.8297506673
000010.png,38,40,0.00469160916696447,22.9692496507734,151.851408136736,20.2468488593672,353.949442449204
000010.png,39,41,0.000788043727263564,0,321.252263924682,31.6631651627419,322.816815220271
000010.png,40,42,0.0312285235176073,629.595999641378,0,614.528973901347,510.015627096434
000010.png,41,43,0.00104461610358193,490.619317829872,36.3000737546016,481.939444689089,73.9860528390273
000010.png,42,44,0.00122788208666648,476.893037771624,74.3718123655271,467.993010524886,0.000836435426222693
000010.png,43,45,0.00556212258661609,333.458863492498,281.130137633301,394.826767782456,512
000010.png,44,46,0.000320715470397962,438.528838360113,340.48439815103,452.076055240324,360.271566960628
000010.png,45,47,0.000705574034875517,388.939986828103,219.73416242214,329.734281420272,247.43201164
000010.png,46,48,0.00826529583711319,287.398690464022,407.929147618434,296.558430829306,71.6338893259135
000010.png,47,49,0.00267568335303443,271.332106692477,3.73148315264496,269.589396125234,59.9872801782334
000010.png,48,50,0.00534220340691463,271.442103806305,210.106188412847,262.599702251008,330.191427451132
000010.png,49,51,0.0025657237631837,314.272653649822,0.934715626793224,310.954038633588,49.9291523011062
000010.png,50,52,0.00990552638571991,93.4774820370392,3.44990258736394,72.3220191137912,408.121390784134
000010.png,51,53,0.00125537198412917,127.517364030926,0,30.0614435639269,18.3267378583978
000010.png,52,54,0.00772466118701377,147.494100347784,81.3491869784064,130.863919362444,349.805728002051
000010.png,53,55,0.00217170189955191,52.9779371189973,191.434336638829,47.6072760793223,334.060522792147
000010.png,54,56,0.0016677204460694,311.38954282695,383.646435278957,301.768857939301,418.843468298646
000010.png,55,57,0.005800368364626,247.643164490779,191.462364786959,235.676562952837,421.983210011822
000010.png,56,58,0.00133784167651721,143.66710927277,13.5917285787537,263.84813805775,38.7261331534124
000010.png,57,59,0.000384858564477555,310.678367785757,419.88829037558,336.2518435408,410.701026411083
000010.png,58,60,0.00139282147144258,101.834750293846,319.916792646793,205.580932958441,328.860914082487
000010.png,59,61,0.00153027095875599,146.86497735303,1.33027080660723,143.868664140853,60.0952795409199
000010.png,60,62,0.0016677204460694,146.040809608611,16.1424031613251,0,57.9944816257422
000010.png,61,63,0.00155776085621867,13.3047945328112,46.8564126875055,37.8053270887571,93.0423165641544
000010.png,62,64,0.0104186711383567,49.5961808833462,133.162201632465,134.616277788643,383.418318288823
000010.png,63,65,9.16329915422749e-05,0,510,14,510
000010.png,64,66,0.000714737334029744,0,6.44297043332747,105.118456119597,28.2494878844145
000010.png,65,67,0.00139282147144258,282.026164326955,308.4354324663,265.717608694958,391.552165923467
000010.png,66,68,0.000568124547562104,0,356.14157391629,62.1531942382711,354.725932003364
000010.png,67,69,0.00105377940273616,89.4387329279919,26.1597690980496,0.401377668353376,53.3160002171765
000010.png,68,70,0.000806370325572019,1.54983393205626,325.265616990692,0.494797907901564,346.02514650523
000010.png,69,71,0.00420595431179042,553.741594020125,0,542.261356997176,289.93115595423
000010.png,70,72,0.000659757539104379,448.127371446849,74.2796649010491,476.80425241026,43.064149888794
000010.png,71,73,0.000797207026417791,592.008886352518,17.4201447186175,586.281183247781,1.3232542184063
000010.png,72,74,0.00125537198412917,406.347237039007,0,367.504064256895,41.4108063324568
000010.png,73,75,0.00262986685726329,390.073026073089,0,395.385453437456,48.7212317282481
000010.png,74,76,0.000476491556019829,405.050636583844,8.03369141524938,421.689908888021,0
000010.png,75,77,0.00610275723671551,287.903929216281,2.52602297778585,469.684811398997,35.7257738517896
000010.png,76,78,0.00153027095875599,402.025817627391,16.3161328369838,524.515544441859,6.31276160776181
000010.png,77,79,0.000439838359402919,416.937491529711,7.06165160845482,421.938514066184,21.4879226714675
000010.png,78,80,0.0197835628739771,89.0250464731535,47.9226513912477,635.598517461489,284.925893261558
000010.png,79,81,0.000467328256865602,426.656823401369,43.2350848036431,409.115711866505,18.6304251719295
000010.png,80,82,0.000558961248407877,381.548488333051,4.44089209850063e-16,346.545634345983,41.0548509150428
000010.png,81,83,0.000934656513731204,472.02664308955,343.598227038413,579.817884201512,350.746273234285
000010.png,82,84,0.000412348461940237,549.773051963938,346.496576650307,537.158822410372,374.521592984004
000010.png,83,85,0.000311552171243735,407.318447984157,361.67128900036,403.445784484653,346.138175140965
000010.png,84,86,0.000302388872089507,413.943011782882,364.200410017188,395.723625429017,341.8561426574
000010.png,85,87,0.00135616827482567,287.664202316802,163.76411859517,282.516971375986,302.019246816348
000010.png,86,88,0.00120955548835803,269.80714448769,350.601601590232,369.260628919232,357.974041998891
000010.png,87,89,0.000302388872089507,326.554036155199,339.691052983628,321.796748491548,361.956572947978
000010.png,88,90,0.000549797949253649,394.946986609685,216.90077859544,346.259682816381,251.554944733701
000010.png,89,91,0.000247409077164142,342.084592647254,346.656304706934,328.064227987257,366.642018504188
000010.png,90,92,0.000760553829800882,352.747504171229,280.308639917118,369.356532826821,240.082740700813
000010.png,91,93,0.000302388872089507,271.129919712705,199.014984594247,254.072503255306,214.08208072805
000010.png,92,94,0.00442587349149188,230.737491788213,257.960222819267,230.550359831374,357.989804997616
000010.png,93,95,0.0125720464396001,52.9983032156734,512,164.678629186741,54.7273256937607
000010.png,94,96,0.000320715470397962,536.505413316706,371.925199409679,537.414014729717,353.77048209431
000010.png,95,97,0.00144780126636794,114.015402495328,68.2847729452607,114.94341617636,120.375132710776
000010.png,96,98,0.000833860223034701,69.6676403133799,285.813693830169,70.8619935943998,193.933211117016
000010.png,97,99,0.00111792249681575,63.7494724518435,3.55275166929243,59.3903431228929,83.966951444135
000010.png,98,100,0.000549797949253649,28.0472939678472,23.1528695079077,37.9533334702231,39.931510072475
000010.png,99,101,9.16329915422749e-05,281.794873504043,45.5881082288327,288.198678804008,42.3989448759136
000010.png,100,102,0.00125537198412917,115.522725938789,57.6122207022688,120.239330017867,3.15462272371273
000010.png,101,103,0.00021991917970146,46.2929677299272,159.399253835693,0.118834213585636,163.378812801133
000010.png,102,104,0.00120955548835803,540.676554546278,24.0558000203702,532.935582830086,117.912210330874
000012.png,1,1,0.00339966997355812,362.598784824306,345.540524754658,270.517532457286,381.331482578424
000012.png,2,2,0.00413527107894789,314.006170520772,358.332533772365,241.845456737889,359.671553205299
000012.png,3,3,0.0468995407463369,94.2888820596286,504.123748485642,85.6243873610171,384.316445421473
000012.png,4,4,0.0240959064792541,636.353140207929,96.9004884668874,537.01122524082,209.481186831069
000012.png,5,5,0.00658064772659496,501.266504936577,64.6231869431056,584.72048116554,141.390960419458
000012.png,6,6,0.0300005964333287,87.7567665601358,503.84284341342,78.0795843715929,395.66697605005
000012.png,7,7,0.00314121553112388,29.3471215245098,227.271146846808,33.9208616110141,248.27519111006
000012.png,8,8,0.0443945207658204,393.618706410536,497.769485942529,536.348156665203,309.292767486237
000012.png,9,9,0.0569196206684029,381.368588904326,504.075717975966,357.536002727978,305.336129940736
000012.png,10,10,0.0170579932006601,93.9415506435538,387.698446830662,102.834459442005,503.936158656281
000012.png,11,11,0.0107357999164993,518.673759326751,291.039760539783,544.17118748299,415.143015603262
000012.png,12,12,0.0370583908228792,346.995634132177,273.464436453165,371.736517959679,504.242659577871
000012.png,13,13,0.0198015865126543,273.835159139911,508.984779166093,369.50495488024,396.994164451423
000012.png,14,14,0.148909521064037,135.315722596068,507.286179005051,638.041318936835,0.0409507788435235
000012.png,15,15,0.0444144018767769,262.957774978447,511.993883929362,521.96618286424,221.754614023957
000012.png,16,16,0.00439372552138213,544.961514047188,268.455537259125,613.803814438813,241.498976685149
000012.png,17,17,0.00220680331616931,224.813416282151,434.820601842217,221.760946522806,475.044282192845
000012.png,18,18,0.0905584604067675,626.809334888432,0.796637836031496,127.825159266523,507.733772680442
000012.png,19,19,0.00833018549076522,616.385747511778,285.97537385558,609.970828079729,185.491141854598
000012.png,20,20,0.00363824330503589,380.53702095647,400.769536002292,448.846881839101,318.691939711481
000012.png,21,21,0.0193045587387423,421.62799670154,504.238981470399,407.782198433557,366.812932887566
000012.png,22,22,0.00232608998190819,71.3053014586011,220.794020947685,15.0088667869899,253.223316446022
000012.png,23,23,0.00799220660450506,528.716645571949,194.691926968596,630.894596875305,88.8637403596344
000012.png,24,24,0.00894649993041611,579.684690573174,369.2074990531,570.856310321367,305.880622044105
000012.png,25,25,0.00186882442990914,24.817227125748,252.232980167288,73.4297143612295,234.441759358027
000012.png,26,26,0.00576552217737927,626.206046588328,195.288999457589,639.71436259209,172.170312899022
000012.png,27,27,0.00783315771685322,581.211244245846,95.1482311835847,492.626407455369,0
000012.png,28,28,0.00813137438120042,563.823219330924,263.982372775952,631.660976133212,175.270139309728
000012.png,29,29,0.00224656553808227,356.221390934397,416.715055965707,438.199925010309,430.839643321432
000012.png,30,30,0.00234597109286467,366.044867849615,407.258312396221,435.810011067237,434.486791966108
000012.png,31,31,0.0152289309926639,163.083187841879,467.53106555339,156.078745954521,361.729971233329
000012.png,32,32,0.00455277440903398,151.562005239144,273.585069207837,157.029783419009,346.878764101804
000012.png,33,33,0.0158452454323148,570.406778647499,256.375805989164,546.305778749515,101.952276873524
000012.png,34,34,0.0017097755422573,152.079668530658,454.669672755904,85.593056883183,462.579342981674
000012.png,35,35,0.00369788663790533,632.65500545303,112.162749762222,486.715266837997,156.361725656861
000012.png,36,36,0.00642159883894312,525.482294552715,184.471360729261,512.138023292128,119.154598250174
000012.png,37,37,0.00137179665599714,514.649132911613,164.531484589519,490.874256290291,154.022194203939
000012.png,38,38,0.00250501998051651,574.049005072371,142.438976514801,525.978269753162,147.805345292618
000012.png,39,39,0.00568599773355335,629.091923474577,186.75774318628,608.749431612422,216.071691233404
000012.png,40,40,0.00435396329946917,199.235060185446,473.840411703188,145.363536852029,509.992416976336
000012.png,41,41,0.00550706773494503,545.863479622244,190.015003295704,536.937900071299,108.797948322081
000012.png,42,42,0.00216704109425635,467.16351014098,148.878483877837,578.026870039829,104.066475549907
000012.png,43,43,0.00256466331338595,299.442552590937,473.675205353687,241.875058609117,487.478940843737
000012.png,44,44,0.00558659217877095,607.831510312621,275.67205590329,565.897639445435,219.16998587978
000012.png,45,45,0.00113322332451937,304.114675015795,491.15888687043,260.382217851367,485.196525756607
000012.png,46,46,0.000457265551999046,297.431588697521,488.431969582885,270.445605402497,476.195655751841
000012.png,47,47,0.00246525775860355,181.802617112218,503.924464466647,180.715042009668,477.97003740883
000012.png,48,48,0.00982126881250124,412.803218740426,360.478666236054,429.831188712829,503.782410245934
000012.png,49,49,0.0139764210024056,533.004069189936,302.800376000088,391.269366369636,480.606117590281
000012.png,50,50,0.0061432632855524,120.411578308048,503.360085839988,114.43081780524,387.359093893083
000012.png,51,51,0.00518896995964134,124.872206749916,509.602889748928,172.599576537701,408.301290340521
000012.png,52,52,0.00157060776556194,627.809005486578,27.3479385238129,587.561744726476,11.6973466501958
000012.png,53,53,0.00347919441738404,627.809123318055,34.4108234016944,534.57238683401,4.23164564521342
000012.png,54,54,0.0033201455297322,361.80580349445,393.141217825658,281.096170731283,484.283877759979
000012.png,55,55,0.00176941887512674,151.709725139109,507.6058753936,198.641591073925,485.353139995021
000012.png,56,56,0.00385693552555717,128.788537073014,453.117136949523,133.460056538475,366.185936941738
000012.png,57,57,0.00489075329529414,509.129773430525,113.050697447981,620.222291639729,0.218864991347274
000012.png,58,58,0.00182906220799618,156.469121781175,458.736064863974,130.904200230752,489.700297483173
000012.png,59,59,0.00343943219547108,454.87871360726,402.345851956004,448.850989487454,348.127741788842
000012.png,60,60,0.00103381776973697,434.437584118066,345.70859120563,464.53898496171,395.647470341622
000012.png,61,61,0.0107755621384123,491.68764346865,130.635374506717,386.056113060689,0
000012.png,62,62,0.00139167776695362,592.61380414769,3.50551611131905,578.36747900618,0
000012.png,63,63,0.00123262887930178,520.400403844901,10.215821475521,586.064363475702,7.64215650197268
000012.png,64,64,0.00497027773912006,150.098184161912,349.616848719733,140.070452042043,273.464006835798
000012.png,65,65,0.0020079922066045,403.180649268675,352.174385710302,406.484391031281,291.916903586588
000012.png,66,66,0.00196822998469154,596.366611848957,187.714358750086,590.025928892392,153.407677863884
000012.png,67,67,0.00429431996659973,77.1484807361636,504.275669080117,66.8292044911055,397.53313927188
000012.png,68,68,0.00403586552416549,196.468313518345,503.948977244122,182.882378431278,379.250164898501
000012.png,69,69,0.00157060776556194,573.631003307483,36.2298026846932,558.68774516134,60.5633547633957
000012.png,70,70,0.00111334221356289,74.5122595057583,225.427425110958,63.129948231801,245.460223662682
000012.png,71,71,0.00123262887930178,604.11341414171,90.0704510621954,627.82839168679,51.8933996434226
000012.png,72,72,0.00314121553112388,572.883086588836,368.434968342784,561.203234517202,302.14037499145
000012.png,73,73,0.000854887771128651,562.655846639974,319.931263164188,563.129484856127,352.012851895937
000012.png,74,74,0.00699815105668105,537.702863425266,314.35748699139,549.784386100433,415.14905108813
000012.png,75,75,0.000457265551999046,562.248744026583,411.100061842035,525.405103996217,400.916433896023
000012.png,76,76,0.00145132109982306,242.014078745471,395.983094900717,212.889289941157,371.727662760678
000012.png,77,77,0.00391657885842661,137.954972794882,454.582868793672,158.624181132093,387.261886654873
000012.png,78,78,0.00101393665878049,345.166979663265,496.527697356667,378.481279663325,454.787846532437
000012.png,79,79,0.00137179665599714,308.429029845945,444.539032148555,382.830495497987,480.073567892037
000012.png,80,80,0.000675957772520328,549.806118193161,139.051955450632,569.85227229367,140.325429012109
000012.png,81,81,0.000974174436867532,125.823725415751,452.137965922195,170.224540257209,414.263230096991
000020.png,1,1,0.0320973822465139,136.722681018699,0.143934393340054,185.469208725933,432.735920700956
000020.png,2,2,0.0536949840270102,54.9962330611998,0,97.1910196111264,376.762558454083
000020.png,3,3,0.0456554981907372,95.2233623584123,0,144.224758430184,438.64515678606
000020.png,4,4,0.037510030431952,579.872872534919,111.587816676527,246.0043489918,292.963462305858
000020.png,5,5,0.051242259534588,332.088551124003,159.328317182433,374.190609517033,473.479488947289
000020.png,6,6,0.00331572014716347,383.910134210086,334.218371640756,370.570035788669,372.087178804143
000020.png,7,7,0.0178352435313177,359.126488380713,0,371.920638613495,126.436596489017
000020.png,8,8,0.0191827279746855,337.97636801073,0.00254503371539564,351.87182577377,129.029247810723
000020.png,9,9,0.1161788974852,217.821838775455,0,269.727327030913,451.936262635589
000020.png,10,10,0.0154127995881845,638.102089486032,234.837341703099,267.514718294765,280.01970168193
000020.png,11,11,0.0309921421974595,251.702840832256,0,269.811164429064,166.414469226282
000020.png,12,12,0.146777392541901,189.721820045327,0,0,122.671055894734
000020.png,13,13,0.0419007100788808,101.104342372972,0,75.7621875009446,276.022768167484
000020.png,14,14,0.0220139593332223,254.557599320071,180.16822181971,287.579898853705,463.314530558458
000020.png,15,16,0.00466320459053127,414.225885362855,239.515168826419,322.812896335681,342.281193528671
000020.png,16,17,0.00695695619918545,236.450034764957,298.326609501558,214.170604975617,56.1683108868697
000020.png,17,18,0.00804705597359536,365.870873655193,282.525028004927,638.01532521931,272.412423258793
000020.png,18,19,0.0163514966161486,500.953637777202,116.336068314851,543.673629374362,503.580455271553
000020.png,19,20,0.0352389892352647,189.257049338877,60.1674711042656,210.99033420633,448.643968745598
000020.png,20,21,0.00551105997062787,263.939277002737,317.294921309981,637.773730339241,334.825213160147
000020.png,21,22,0.0364123605202198,472.287614058339,0,529.125114323245,506.789768870813
000020.png,22,23,0.00214991899953065,244.220994263375,277.73977710842,220.345077126067,73.9595690231875
000020.png,23,24,0.000688882496328483,348.00034567377,0.155512873197351,268.000740938444,0.33333586864869
000020.png,24,25,0.0090236036881709,303.27472004496,166.730235627955,314.570470573205,270.761156191821
000020.png,25,26,0.00893276204030341,636.785102643423,187.94914735148,452.926834319219,243.090359227815
000020.png,26,27,0.00479189692501022,638.008658090534,200.048527622779,359.247772656534,249.783850420232
000020.png,27,28,0.00227104119668731,619.533795117618,86.1346494138245,640,156.996039515591
000020.png,28,29,0.00552620024527245,632.688943971026,121.796319334166,504.56337036641,222.715248880193
000020.png,29,31,0.00635134521340217,380.752865574122,250.066685704284,359.462509265384,153.676964070059
000020.png,30,33,0.00443610047086254,389.70162069817,257.024327369565,376.141079504053,149.982127474695
000020.png,31,34,0.00411815470332632,577.296713804755,93.239128704448,574.515598775351,154.292503367936
000020.png,32,35,0.00249814531635604,326.505034040625,262.40713144649,295.384554269242,345.27110668262
000020.png,33,36,0.00385319989704613,638.074589910023,216.631366508305,523.779576937329,230.134228350918
000020.png,34,37,0.00399703250616966,380.155235827548,337.759321523831,395.8430251767,478.24087267248
000020.png,35,38,0.001430755953913,426.900799448468,456.629311928586,555.353751608774,510.329884434058
000020.png,36,39,0.00021953398234644,511.776989950679,502.298140419253,497.695342961715,488.343986976322
000020.png,37,40,0.0490772002604127,320.840128620873,0,0,248.540242902553
000020.png,38,41,0.000211963845024149,300.138795896704,173.948144286985,305.708576920973,188.856101515994
000020.png,39,42,0.00952323275144211,637.458831891647,79.9299132903683,313.630372589782,164.586094085004
000020.png,40,43,0.00113552059834365,337.413293711376,171.361880025197,349.514449911435,236.090774259844
000020.png,41,44,0.00123393238353344,363.523873546395,164.061027026515,372.228134748526,231.970759059401
000020.png,42,45,0.00325515904858514,638.004815872639,300.67091813181,386.001406889595,300.443183532791
000020.png,43,46,0.000681312359006192,617.197055309189,298.501068068571,636.065236294366,276.351839998825
000020.png,44,47,0.00138533512997926,542.376047127477,251.805713396982,531.430462743536,455.969466087793
000020.png,45,48,0.00159729897500341,466.966664613495,137.735416697885,542.986743997825,304.462000719166
000020.png,46,49,0.000446638102015171,633.993427582004,510.029316692451,567.736494933036,495.175381269499
000020.png,47,50,0.000741873457584521,637.961461883063,325.032276947859,545.868572021338,328.699737954097
000020.png,48,51,0.000166543021090403,626.036247223961,333.223939136802,632.222670218372,322.931689898387
000020.png,49,52,0.000560190161849536,464.011251127653,277.237003971881,377.97097613618,275.968255404924
000020.png,50,53,0.00533694681221517,602.288275020587,119.301860320817,388.895017301094,240.047163309825
000020.png,51,54,0.00254356614028978,637.931903349924,250.840570328501,415.758575592728,263.889450936229
000020.png,52,55,0.000522339475238081,152.290779249667,431.644866578768,221.540875477689,419.402845687552
000020.png,53,56,0.000302805492891641,572.814010473233,321.500002848766,542.513241121763,393.373202556251
000020.png,54,57,0.000317945767536223,560.560947166913,320.203279743902,541.174185263352,373.700735794602
000020.png,55,58,0.00154430801374737,628.55632194381,123.293103281909,557.303085524131,186.139756511694
000020.png,56,59,0.000635891535072446,385.468823296165,432.062828690555,371.277647204631,312.085441398172
000020.png,57,60,0.00285394177050372,345.146809264354,254.404637423866,261.479640606092,312.630647580834
000020.png,58,61,0.001014398401187,597.180367702377,97.9175473730785,596.671384298976,127.66933262936
000020.png,59,62,0.00125664279550031,213.263197723598,112.334283062027,191.855459181332,174.149914415295
000020.png,60,63,0.00476918651304335,591.458233554872,79.7567990768743,328.366773480157,182.092533479666
000020.png,61,64,0.000931126890641796,498.018238273187,296.183280745447,380.001819007078,295.61933680524
000020.png,62,65,0.00105224908779845,638.045944948205,293.195889659217,515.995579853569,297.884949105061
000025.png,1,1,0.00720084715848923,439.236836940535,80.850348079287,481.078479236478,19.9914008965608
000025.png,2,2,0.111454288739852,172.204788883824,63.3397288407899,595.621895378072,93.3370149654168
000025.png,3,4,0.165442993293329,175.744708282943,25.8268006969606,606.997056770159,63.4853500820177
000025.png,4,5,0.0656724320508295,205.340458444928,509.961164898152,191.311558301737,25.7302301191224
000025.png,5,6,0.0510060007059654,43.8446891082808,512,136.173178971969,508.103184504645
000025.png,6,7,0.00236498411577833,2.9205920813806,512,0,511.535680665477
000025.png,7,8,0.0743558065654783,137.706867948337,501.952874037161,125.606311369123,63.6795542392067
000025.png,8,9,0.0423932227320861,181.286543803747,14.7920026396453,601.763614290737,48.9130082417564
000025.png,9,10,0.0506706671373103,0,15.1872864690005,161.957257118606,18.255906492094
000025.png,10,11,0.0189728203318037,0,0.337161975380594,157.53662325672,21.4564924946588
000025.png,11,12,0.0368337451464878,640,122.432703015872,631.342098231127,0
000025.png,12,13,0.00577126720790681,461.993248128855,0.551142621055618,633.967438392413,2.6579431634512
000025.png,13,14,0.069078715142958,623.765712884108,507.878686603459,594.319572874639,79.2909932030627
000025.png,14,15,0.0265442993293329,121.752325347211,91.4336679818645,0,82.6515244939444
000025.png,15,16,0.0241616660783622,178.353003544006,18.4890637528876,636.989467231579,59.3441681745631
000025.png,16,17,0.00615954818213908,67.7645175298946,9.56933349159969,160.003957841731,11.8391646417881
000025.png,17,18,0.00352982703847511,598.092410245574,43.9942723843367,595.576763147978,3.40642925176179
000025.png,18,19,0.038863395693611,174.774028484814,57.0385970983469,598.036448850263,87.4934325417503
000025.png,19,20,0.00148252735615955,595.67768901497,61.6224743148389,589.639913998812,2.80512830483202
000025.png,20,21,0.00137663254500529,602.288516314637,41.9745660661598,598.871952211504,3.21789987556013
000025.png,21,22,0.00188845746558419,218.693487102931,34.1964676041082,338.233209418368,45.1978091541653
000025.png,22,23,0.00289445817154959,0,204.251158837447,33.8822606018648,205.042318151628
000025.png,23,24,0.00135898340981292,492.032726108583,211.943258562987,478.065020773901,203.887265174304
000025.png,24,25,0.0138545711260148,623.690086825327,394.895951538619,191.60680155948,476.984783149436
000025.png,25,26,0.00195905400635369,0,7.94609396533617,51.8920166585571,11.55337755312
000025.png,26,27,0.00015884221673138,611.415707337398,183.635525626822,606.213801753403,163.430055926745
000025.png,27,28,0.000511824920578892,243.61433142145,0,253.942721167483,7.22144516348576
000025.png,28,29,0.000970702435580657,0.966658971239494,253.998166660105,0.831814912138912,330.001475794942
000025.png,29,30,0.00254147546770208,496.233248050947,2.30240883277374,632.755101700994,21.0604330793215
000025.png,30,31,0.000617719731733145,563.084978124121,10.4174805940891,547.403774388237,8.18161182158796
000025.png,31,32,0.000494175785386516,224.179370504974,11.9826136681371,223.017899181414,0
000025.png,32,33,0.00181786092481468,45.9118936125737,3.48249849583725,163.886979879429,6.46724024653944
000026.png,1,1,0.00530397276499378,109.729585337103,436.341553992225,113.270480579789,501.347034691943
000026.png,2,2,0.0719314059252527,97.1777458985664,0,93.6950642150513,303.790150324136
000026.png,3,3,0.0198898978687267,102.933721934798,0,99.145182277178,303.764843673757
000026.png,4,4,0.0101535321329867,0.0030707489950395,400.8997559103,638.014846769284,402.680428070577
000026.png,5,5,0.000811984594640902,89.7514499539957,400.992372488136,205.292935905854,391.44403529031
000026.png,6,6,0.0048048629682879,61.7518322207983,498.890059601956,67.1295688797053,436.209404754994
000026.png,7,7,0.00780697114847399,342.002778763376,385.759810931657,0.000304285137644911,385.535683201643
000026.png,8,8,0.00581798136160132,17.0057248857631,490.70843280939,37.935448906687,409.776677508157
000026.png,9,9,0.00154202578982263,161.873591626614,393.03094627703,0,397.148868632553
000026.png,10,10,0.0165078702910481,638.000020094512,437.836687386426,1.04562382148288e-05,437.833608035974
000026.png,11,12,0.0032255901787111,0.0207978623878997,296.487648317625,113.999242539168,298.055080043459
000026.png,12,14,0.00137813899090428,0,484.104898803619,10.5321914364459,508.147502973135
000026.png,13,15,0.0767884146931965,616.124995788185,333.987043312684,616.563209848149,0
000026.png,14,16,0.0227802650496503,622.803176710994,0,622.431955019683,333.98269612152
000026.png,15,17,0.0200314364677925,616.854782621644,353.9966239556,617.471252869406,510.081080218574
000026.png,16,18,0.00242850438397187,627.917512613987,352.971653113218,602.767505107135,403.400678627062
000026.png,17,19,0.00660761775638972,622.97124443296,368.199398796507,626.108690640874,510.262617894293
000026.png,18,20,0.0105781479301842,591.247208178109,436.117623461022,592.542458605467,510.478269008607
000026.png,19,21,0.00215287658579101,592.4787983125,437.982353009253,580.940101625596,506.093422478201
000026.png,20,22,0.012157420719761,559.351968489831,379.986904537132,559.235734705781,510.001104757178
000026.png,21,23,0.0118370965218752,548.371215809691,510.00290132895,549.199756579566,403.993745499674
000026.png,22,24,0.0159193676949322,637.999626188657,447.879350093535,0,447.991811606425
000026.png,23,25,0.00846996774409821,513.871622001534,509.904484228495,517.030835223707,439.507733947108
000026.png,24,26,0.00142283539060929,541.698520188877,435.635337077823,519.488874828978,478.561648706209
000026.png,25,27,0.0110027637273818,311.996515936226,322.348520807927,638.02391490194,325.607724345328
000026.png,26,28,0.00424615797197536,348.010052019779,325.132792890793,634.041169211157,328.448252850508
000026.png,27,29,0.00747174815068646,480.641545463752,183.97647427306,481.552110885488,286.217734039203
000026.png,28,30,0.00107271359292009,474.328748268879,186.440261706502,490.925998800853,249.44411435546
000026.png,29,31,0.00766543254940815,477.370941556041,435.21113900331,472.712161474315,509.794628587092
000026.png,30,32,0.000402267597345034,505.323175122294,498.558473931257,483.622888141789,509.233396243296
000026.png,31,33,0.0158970194950797,632.028776657627,352.003554789567,308.002373434714,349.670382088195
000026.png,32,34,0.0055051065636663,401.857746233906,437.960522716717,391.397175506334,493.631949744763
000026.png,33,35,0.0043876965710412,416.848276459941,183.67163261344,415.056710885826,255.427160412659
000026.png,34,36,0.00302445638003859,396.340986155556,211.990623788866,398.717570033035,298.420226122619
000026.png,35,37,0.000864130394296739,395.157927009582,253.63362346303,398.29500502806,212.173652069305
000026.png,36,38,0.000983320793510083,357.073585281714,480.347538100388,405.434723471628,499.432412678054
000026.png,37,39,0.00499854736700959,353.379051842647,494.432736384619,363.207168370895,421.089746128775
000026.png,38,40,0.00727806375196478,530.455335024492,391.659345917901,279.88042859023,373.665061782382
000026.png,39,41,0.0015569245897243,341.020337822519,187.39524834263,363.70024719966,225.660822428778
000026.png,40,42,0.000312874797935026,356.131618061391,207.284455552675,350.15259463196,189.277490502953
000026.png,41,43,0.111666505263001,310.792440509008,0,308.221000746117,327.844864108853
000026.png,42,44,0.0221023696541244,307.161480394298,497.834095600032,308.464764703697,349.845573179261
000026.png,43,45,0.00170591258874098,310.260410868318,355.10772351012,326.135093594641,408.699427983195
000026.png,44,46,0.0646235445734846,256.156237042561,305.831051770485,259.051905117207,0
000026.png,45,47,0.0179232562817065,279.372618468909,349.999223024809,279.347768341548,497.997539770513
000026.png,46,48,0.00458138096976289,277.067705468542,355.406337201767,290.943402652275,502.736577002335
000026.png,47,49,0.00569879096238798,229.525395201307,424.078126260442,243.572472861076,509.411923465726
000026.png,48,50,0.0102652731322492,203.226829150389,510.007880241949,203.933853619798,399.935342530013
000026.png,49,51,0.00490915456759958,199.663719565246,236.562002752744,192.871092262453,304.281888925988
000026.png,50,52,0.0071514239528006,191.51106234178,491.664612017666,193.175439281942,399.912482820009
000026.png,51,53,0.100216777538569,148.23877901441,301.570193103453,152.907772098545,0
000026.png,52,54,0.00470057136897623,146.9959727399,436.449301184672,150.952084346698,498.119989986125
000026.png,53,55,0.0133120777121403,296.034401476492,350.026155076357,0.00464504844177327,347.463432850781
000026.png,54,56,0.0028084237814644,284.054490386978,299.713018030782,159.998269047858,298.136181096003
000026.png,55,57,0.0023465609845127,95.7450186029551,240.902867681777,1.49438370740891,279.952400765602
000026.png,56,58,0.00413441697271285,634.007884760489,387.787066812922,296.001582465502,387.154467476788
000026.png,57,59,0.00186979938765932,619.941541920839,385.488451722659,449.892347746086,387.691852560501
000026.png,58,60,0.001929394587266,537.995443255466,439.30226875024,273.980580644399,441.026497502382
000026.png,59,61,0.00401522657349951,434.929072716459,443.467708140302,442.865494246248,503.332161593374
000026.png,60,62,0.000923725593903411,391.983862576123,490.144324789923,315.992400202564,490.300429313919
000026.png,61,63,0.0043653483711887,225.24357621007,508.961357892082,261.567688899405,412.561791957239
000026.png,62,64,0.0102131273325934,159.540232203419,0,155.476368876298,297.8564187444
000026.png,63,65,0.000730041195181728,192.40736500087,238.860673348843,174.037261438775,260.660749360709
000026.png,64,66,0.000253279598328355,193.210307896043,250.051695654313,185.04376207709,261.745016791833
000026.png,65,67,0.00575093676204382,314.940145862915,389.185860864585,309.956470237851,493.616142534771
000026.png,66,68,0.015256371099308,264.575774682792,0,261.32460147966,303.842970655824
000026.png,67,69,0.000767288194935898,521.582134964662,494.126043336241,626.603787641377,470.707744794055
000026.png,68,70,0.00152712698992096,401.999240145737,490.055622068884,502.089849055616,491.422962000142
000026.png,69,71,0.00185490058775766,0,245.38211473385,30.6962298798912,294.341166210516
000026.png,70,72,0.00280097438151357,452.572567711196,181.307156193872,445.751958044462,333.180483011938
000026.png,71,73,0.00296486118043192,328.237235816853,333.997182997538,327.816685207177,0
000026.png,72,74,0.00207093318633184,316.003010795138,351.566139200336,634.029332775839,353.77309614312
000026.png,73,75,0.00046931219690254,436.004116887843,481.450288128927,434.551179036816,459.414217845393
000026.png,74,76,0.00330008417821944,425.99682628262,392.174375666969,0.0651171957097745,384.422222563348
000026.png,75,78,0.000625749595870053,537.864730552505,511.473975239856,525.308272181986,476.246559429662
000026.png,76,79,0.000595951996066717,53.2592245084096,472.437675456585,20.3959578033555,488.730509762883
000026.png,77,80,0.000238380798426687,421.96849685233,458.138219309256,405.891958152061,454.474031031728
000026.png,78,81,0.00124404979178927,403.913852139146,458.33898952594,409.442996466955,492.365446773631
000026.png,79,82,0.0003948181973942,426.263552173593,421.432217336857,455.64616442741,435.070977073669
000026.png,80,83,0.00117700519223177,160.786076795969,439.770970957293,156.694002020787,497.194317433976
000026.png,81,84,0.0015792727895768,282.004951912501,443.585870256931,3.99687172918459,440.26161810995
000026.png,82,85,0.000335222997787528,459.141284602312,201.511966811993,477.904367380577,212.168383316639
000026.png,83,86,0.000327773597836694,341.263400995436,453.431718198534,319.506572520748,456.939833260915
000026.png,84,87,0.000305425397984192,316.31100046425,470.456093745563,348.30452382904,466.404945194164
000026.png,85,88,0.00071514239528006,330.403154632874,492.277240770556,328.402119896298,451.881010546596
000026.png,86,89,0.00105036539306759,108.118744531708,496.184028907245,107.782213068591,456.170038562975
000026.png,87,90,0.000491660396755041,232.842759691247,235.058343100357,244.179229546159,221.126496076193
000026.png,88,91,0.000312874797935026,506.623499305306,504.669366682623,479.719194718747,492.06272667113
000026.png,89,92,0.000148987999016679,307.586965177724,486.787837467464,353.091757601499,480.936619273774
000026.png,90,93,0.000260728998279189,198.086439736275,415.830223587755,230.747825401056,432.459397958332
000026.png,91,94,0.000305425397984192,399.090845868892,204.012579062708,366.979888972467,215.707934001739
000026.png,92,95,0.000499109796705875,373.491064258294,252.095326189541,372.560355200674,208.072719650684
000026.png,93,96,0.000297975998033358,218.467494048832,355.892574091628,182.46452226998,347.905970633815
000026.png,94,97,0.00182510298795432,491.358571447183,281.935075795268,491.184116151722,315.903364853895
000026.png,95,98,0.000543806196410879,219.9186586223,474.959740577457,202.320736230064,510.160346424422
000026.png,96,99,0.000931174993854245,212.29979003791,451.122181826136,195.250221638465,508.590855399618
000026.png,97,100,0.00667466235594723,317.530744506142,0,314.445399843554,325.776920784637
000026.png,98,101,0.000893927994100075,317.796793278245,393.125864775397,219.823285920638,396.022065475339
000026.png,99,102,0.000588502596115883,389.978090032891,435.125487425298,301.998445702563,435.796081504618
000026.png,100,103,0.00143773419051095,22.1485842131629,487.377998470209,44.1719376494252,430.907242908725
000029.png,1,1,0.14511187866046,223.621239709799,505.981093181772,248.878619649449,0
000029.png,2,2,0.0205286078990839,456.579194604952,337.634789549874,636.538994564744,273.876279928289
000029.png,3,3,0.071947739900886,86.3375986103388,0,36.955734851189,508.092888464458
000029.png,4,4,0.00618711518245983,456.770482319978,0,415.396687574225,9.32245022963816
000029.png,5,5,0.00258297041597837,418.33650287846,16.6740435890302,451.7360156429,0
000029.png,6,6,0.0128848175401712,285.456892290873,204.600870169686,67.6667966442077,289.141616392448
000029.png,7,7,0.0472593482504881,463.456034756005,260.092679153671,468.441424399047,504.521295174706
000029.png,8,9,0.00208740051058718,187.621854515346,383.055202169464,259.684690330936,408.879860953924
000029.png,9,10,0.00708815137408019,638.392815564735,419.92238616637,417.588799539806,378.174852121936
000029.png,10,11,0.0116083496020423,633.071040143446,255.521342909501,453.126951453095,317.683193137983
000029.png,11,12,0.0072833758822646,564.771874980455,387.118501661878,630.939448182229,294.932222213102
000029.png,12,13,0.0100765880762877,265.910773610391,432.064446135169,56.1407954906493,393.239290442853
000029.png,13,14,0.0137858537317916,538.616173892684,273.43873964177,549.865231164389,503.181726591422
000029.png,14,15,0.00810932572458327,638.156174002388,497.95979015797,457.961562269797,490.994381225405
000029.png,15,16,0.0273764829553987,608.428233150448,342.302721233144,613.566587021664,504.772742694529
000029.png,16,17,0.00665265054813035,453.85338407464,386.016555742633,631.126561529385,449.264939392953
000029.png,17,18,0.0143114581769034,635.47987550006,295.09141230956,482.824415064711,350.777289529466
000029.png,18,19,0.162441808079291,187.547286075992,56.9134212712089,271.28035281222,512
000029.png,19,20,0.0072833758822646,640,397.950217385289,627.431685775498,308.950516006268
000029.png,20,21,0.00309355759122991,111.125305511323,507.684986973313,260.579573415301,407.873110664008
000029.png,21,22,0.0101216398858687,537.537158649746,505.348042711074,531.927336007514,403.546964620081
000029.png,22,23,0.00621714972218051,80.4027287069003,0,39.0253862262074,78.1977695848122
000029.png,23,25,0.00961105271061721,242.467938119736,407.753899716012,58.2199094719152,378.609742384373
000029.png,24,26,0.00331881663913501,193.23028284093,512,259.190692526765,427.369233498606
000029.png,25,27,0.0077789457876558,77.9011412114887,408.56199921318,103.893818629933,505.635016678729
000029.png,26,28,0.00103619162036342,145.115024835545,477.455018536952,211.720968366001,506.636874008089
000029.png,27,29,0.0105421234419583,257.859010367846,369.536684173374,60.5800805265991,351.6146827226
000029.png,28,30,0.00286829854332482,255.791379662042,484.522775412285,86.0694366907412,508.491675873296
000029.png,29,31,0.00166691695449767,175.66630456768,486.082555337205,285.135328202058,467.031516276668
000029.png,30,32,0.000285328127346448,176.314178086274,497.530925089701,173.817007995591,506.505577045597
000029.png,31,33,0.00123141612854783,206.697885168272,505.423493308468,219.192130965674,433.858956478528
000029.png,32,34,0.00486559543474996,87.069018494978,453.14636468176,83.5457247937508,506.517686971087
000029.png,33,35,0.00153176152575462,75.6650200415341,470.348633700343,98.8438700969784,508.081626670209
000029.png,34,36,0.00118636431896681,215.440320195697,447.499952557776,196.445727411875,491.066317923446
000029.png,35,37,0.000465535365670521,0.897356046595085,97.6755091248014,0,100.724791229341
000029.png,36,38,0.00199729689142514,165.134142385274,425.270085570103,128.31981502216,478.709092470393
000029.png,37,39,0.00100615708064274,203.569788399502,448.291755255057,181.239525080429,480.059606507541
000029.png,38,40,0.00228262501877159,214.502993367656,452.142269347412,88.5320964444849,418.034781492927
000029.png,39,41,0.000555638984832557,214.595543262543,393.245917731142,197.882884776203,413.90525802319
000029.png,40,42,0.000375431746508485,156.049599172162,492.203296203019,133.90394238314,497.606280751725
000029.png,41,43,0.000946088001201382,157.206280133876,376.206445377394,144.773535077949,407.953198365046
000029.png,42,44,0.000585673524553236,146.849381698667,401.04199611321,164.053256750092,380.379143111287
000029.png,43,45,0.000555638984832557,528.795469909845,299.889330579526,528.247319346778,335.573688631174
000029.png,44,46,0.124162787205286,321.017966226733,16.4177881220125,406.680100721279,512
000029.png,45,47,0.000105120889022376,21.2726003718384,147.774552686794,17.5287617288649,159.853946306825
000033.png,1,1,0.0541442610791767,407.74672601059,0,413.411069099161,179.450420519322
000033.png,2,2,0.0147310299359252,411.110491279153,28.3138847719007,326.019845332007,188.010574121019
000033.png,3,3,0.0586562828357748,323.980839666945,180.17283101149,329.187374929675,0
000033.png,4,4,0.041391103694089,520.706043403707,191.404699758537,530.77152286644,0.040581001378996
000033.png,5,5,0.0260625914250984,283.883352219624,0,286.681808015553,173.956857572105
000033.png,6,6,0.0586356799967035,0.00389494077661334,231.057505423963,638.046803518967,228.70750391519
000033.png,7,7,0.0494468137709376,342.494736247523,149.227909379618,352.391788008451,0.158796475404102
000033.png,8,8,0.00906524919133857,433.547623148743,9.94658136098123,151.762673926766,25.7750132076963
000033.png,9,9,0.0450172033706245,128.05968204897,188.265637889359,130.828681453053,0.0121889849191632
000033.png,10,10,0.0235696478974803,638.007216389479,414.076941795953,0,473.915791499406
000033.png,11,11,0.000721099367492841,640,420.515989364279,625.661638674923,423.832147167065
000033.png,12,12,0.0512804664482766,0.0122611695193984,298.421739231645,638.403004875322,279.86188863947
000033.png,13,13,0.00545975235387436,349.527229798509,134.241478274094,357.58132473681,96.1391086721233
000033.png,14,14,0.0154933349815605,637.751181331514,56.829002717927,528.576675767317,65.3955994982876
000033.png,15,15,0.00290500030904259,335.621586080268,104.454941917513,402.046391170011,106.473102341536
000033.png,16,16,0.00885922080062633,0.0150122585993563,158.44014594833,118.082307119619,154.413170874933
000033.png,17,18,0.00622205739950965,221.438801920297,4.44089209850063e-16,228.546829375547,64.3942787369254
000033.png,18,19,0.00177184416012527,635.957932053825,75.7291122760306,538.142790955986,90.9194724389364
000033.png,19,20,0.0171827677854008,102.030601413176,186.057297645918,103.358034992447,0.00968946211347088
000033.png,20,21,0.00142159589591446,3.50740390939438,356.166021526105,16.4057776887099,380.833599287974
000033.png,21,22,0.00358489399839298,81.6499356359923,132.074594211245,10.5377666808778,162.172283215183
000033.png,22,23,0.0190164204627398,639.081634501289,338.713626865853,273.684557395775,369.800435487645
000033.png,23,24,0.00442961040031316,636.213010362175,185.900909653969,551.442456712329,106.210588418204
000033.png,24,25,0.0160496116364835,0,467.652845885541,635.932270079111,409.262351808728
000033.png,25,26,0.00298741166532748,551.934109213414,104.633291832973,633.462574728426,54.6055206701757
000033.png,26,27,0.00249294352761811,562.135762210296,29.7528952936667,618.128954480531,4.77190723046542
000033.png,27,29,0.00409996497517358,403.685311575777,77.5422322244288,325.135873189015,163.379031434757
000033.png,28,30,0.00533613531944702,353.348869479124,139.601640933728,415.240412870426,113.761273211382
000033.png,29,31,0.00657230566372046,626.112970293394,17.7843007598389,533.814633589891,62.2650168745114
000033.png,30,32,0.00613964604322476,637.655451325967,49.0294730795911,632.617238475157,174.586544096104
000033.png,31,33,0.000700496528421616,216.03356784424,96.128122819771,250.301313486717,87.1500629375283
000033.png,32,34,0.021983229288996,627.537880906452,422.088537446886,0.279338129155121,490.55901850165
000033.png,33,35,0.00247234068854688,72.840645154176,381.748999075484,41.0636147736887,341.64805270033
000033.png,34,36,0.00506829841152111,209.241758556526,42.2769853004915,333.450983713117,51.4412080196739
000033.png,35,37,0.0133506397181532,582.421800207411,180.482782693032,592.706566482233,1.0723605786487
000033.png,36,38,0.00385273090631889,411.849909931571,128.080130340544,512.471898284073,181.104499604566
000033.png,37,40,0.00861198673177164,0,166.08785689462,151.998696449019,170.050007700268
000033.png,38,41,0.00232812081504831,343.853039356774,5.91660403678756,266.690971118072,0
000033.png,39,42,0.00908585203040979,321.930269582954,174.755486613227,637.997357777086,176.483330524044
000033.png,40,43,0.000824113562848961,232.295544045311,365.085080676432,222.94462486963,341.623507312563
000033.png,41,44,0.000885922080062633,75.507916797093,334.060777864809,73.8145730107034,376.07313790346
000033.png,42,45,0.0218802150936399,490.767119900462,188.613003366292,501.500541472009,0.085430178367659
000033.png,43,46,0.00210148958526485,326.315285660471,186.307002607233,389.50474327913,121.412668126956
000033.png,44,47,0.00422358200960092,0,289.569950761238,191.942929604249,267.503576845211
000033.png,45,48,0.0042853905268146,618.916339845254,8.20911533009229,612.115845088993,168.089996960775
000033.png,46,49,0.00321404289511095,167.739807343754,157.253894957641,258.329175893219,176.051871843071
000033.png,47,50,0.00171003564291159,1.26948650913072,382.553978663521,50.1228582990579,358.270809309494
000033.png,48,51,0.000638688011207945,446.763106346731,265.68683087173,443.546402400706,278.391533654089
000033.png,49,52,0.0113521643282444,638.003470502162,214.349587136833,0,220.683322536132
000033.png,50,53,0.000927127758205081,204.047539937385,338.976331824819,217.646410371702,366.17677723543
000033.png,51,54,0.00739641922656942,0.389943746681507,292.477988166002,346.340309861163,271.653439174619
000033.png,52,55,0.013700887982364,144.350839358368,287.049266788744,638.360811461358,271.363326268545
000033.png,53,56,0.00117436182705977,70.2803492154169,480.287559884035,26.4722168973076,473.115586154991
000033.png,54,57,0.000844716401920185,402.85430768121,124.61966518137,365.121617266878,137.40835502852
000033.png,55,58,0.000947730597276305,98.5402479866677,343.979531838388,97.951060453484,385.999313785809
000033.png,56,59,0.0139481220512187,122.523941960269,187.981423739111,121.9886839842,0
000033.png,57,60,0.0169149308774749,18.2865389971149,380.247726841231,436.273307836492,352.051584756958
000037.png,1,1,0.175611993168448,637.404876899099,100.844940910098,40.5962192868062,408.339702059444
000037.png,2,2,0.0116547536213549,532.023120663455,234.271475450423,491.887870290821,280.173367412643
000037.png,3,3,0.0547472958441394,637.383245421638,396.465654906251,350.686550689233,511.707981940616
000037.png,4,4,0.0198146625339996,434.302857158037,350.214266581431,623.141980743546,394.653401479708
000037.png,5,5,0.182830982351825,0,398.603266912433,637.491804678934,65.0287915404959
000037.png,6,6,0.0295243215889683,638.083696281899,76.1536926981742,41.2202218078822,401.187049572506
000037.png,7,7,0.00184230501613005,496.660953911887,378.073018943338,482.205843903101,508.917989717247
000037.png,8,8,0.00195300145486748,458.970351235797,362.952182288549,578.328287728185,473.485837056782
000037.png,9,9,0.0216648744386109,614.219325216322,255.759799925418,437.880890876155,351.642323929822
000037.png,10,10,0.00789107470428237,400.402051683643,510.204367410585,374.564875174044,308.183543323363
000037.png,11,12,0.000656271743943323,347.320084019982,28.0736897712419,346.548140499146,0
000037.png,12,13,0.000893478398380669,336.94370250388,0,339.563566298963,32.3591824989097
000037.png,13,14,0.010334303244987,269.095799085426,188.477989899903,290.632008671338,184.532640005499
000037.png,14,15,0.0338652033651717,312.5894671759,93.5360564031448,95.5557518470848,217.781262258702
000037.png,15,16,0.0456939085331141,270.510115583489,62.6121032142657,51.6625872733296,192.308110620966
000037.png,16,17,0.0578230754633437,637.577031588661,129.985382754155,140.688635618543,131.70786568448
000037.png,17,18,0.0429027768992346,356.235533140854,63.7416299193372,237.317274182388,0
000037.png,18,19,0.0195379214371561,116.725918577903,196.31222751062,0.315095198006375,147.252332452013
000037.png,19,20,0.00155765703080524,518.030196749912,236.881472644953,497.351251922521,254.22343480675
000037.png,20,21,0.00949617306597508,151.771919500463,210.612710938093,1.4884050404489,153.342482661856
000037.png,21,22,0.00803339869694478,76.6847221249092,340.153055852375,84.5461658875419,510.436453501881
000037.png,22,23,0.00732968562211399,49.3800995340676,364.127768536466,56.5213654000447,510.559795443579
000037.png,23,24,0.00135998481877412,76.3479147104258,361.711065171741,54.4908009495924,486.686708760326
000037.png,24,26,0.00301252451135429,407.009341966058,397.213599337998,389.819801377656,331.433891398448
000037.png,25,27,0.00708457207919539,0,387.368268324612,437.388161780423,153.868441611164
000037.png,26,28,0.00990733126699981,619.500596542789,254.163468464235,444.419738153591,352.418452880612
000037.png,27,29,0.00180277057372383,608.916259014229,240.033936426101,575.313026498107,255.322030613086
000037.png,28,30,0.00116231260674299,368.878592682109,309.846769223906,355.586533356507,407.12365430869
000037.png,29,31,0.0085315326712632,149.385994854666,57.417547242708,36.0159379356118,61.3910007985684
000037.png,30,32,0.00113859194129926,46.8010652346188,344.167072804125,37.5505061222374,277.783935362343
000037.png,31,33,0.000300461762287305,337.354449309406,28.0676683868322,334.412319636937,0
000037.png,32,34,0.000158137769624897,372.506898785309,335.974464104665,373.511882611841,355.923836321464
000037.png,33,35,0.00137579859573661,258.466422479283,186.391982636653,120.474010908144,146.36582110733
000037.png,34,36,0.00229299765956101,350.640011919968,192.379816919958,273.300756483274,200.597953283306
000037.png,35,37,8.69757732936935e-05,62.026988080699,509.818218328376,63.4718909146914,494.135611340359
000037.png,36,38,0.00197672212031122,538.213492718361,244.153336251313,503.004869500966,293.174912141343
000037.png,37,39,0.000529761528243406,522.313328448099,231.212668573617,496.258440866284,249.405435313849
000037.png,38,40,0.00228509077107976,305.396307829638,96.6590018962629,74.4761094881747,200.614939886608
000037.png,39,41,0.00147858814599279,258.753088621149,177.703511121477,107.299500328827,128.037268431659
000037.png,40,42,0.000221392877474856,639.063847397534,305.664855364054,634.117295461214,289.963048323719
000037.png,41,43,0.000189765323549877,639.701306814878,327.449406748742,627.621239983136,290.122577954375
000037.png,42,44,0.00197672212031122,311.396127866673,106.771349533273,78.5873563722137,221.195047164835
000037.png,43,45,0.0344503131127839,284.522828601167,56.7360822372552,173.545280590004,0
000037.png,44,46,0.00350275159719147,185.519142950978,398.398411914137,636.481845243583,112.7607337889
000037.png,45,47,0.000253020431399836,489.524796362722,392.447914648797,488.532401229609,378.101519430838
000037.png,46,48,0.000189765323549877,480.272698508253,381.091285564282,492.011164958773,374.018530189017
000037.png,47,49,0.000434878866468467,189.744608311582,224.137012512962,155.0377215107,159.443283245371
000037.png,48,50,0.00083022329053071,71.6959812612094,374.605033726606,40.6988507870052,394.785406786116
000042.png,1,1,0.00269975598359379,199.533727522928,23.5534333398766,176.062762782251,48.0601102733448
000042.png,2,2,0.171278749805306,636.312656854359,50.1663213534748,93.4954209495811,167.086989620327
000042.png,3,3,0.0533201806759774,637.165752079734,54.6856350714277,233.079416870671,156.39688051995
000042.png,4,4,0.12626551061731,463.91463033233,506.048518078329,176.312460749999,0
000042.png,5,5,0.0214942111001506,582.009456736729,290.625506534384,639.772920753867,325.022722913298
000042.png,6,6,0.0505685063080837,627.773387386155,281.439198075136,558.010904782308,367.400893559484
000042.png,7,7,0.131716940968797,636.767724901038,288.520647025143,283.541058497051,367.959301059002
000042.png,8,8,0.0702455739577384,328.367619933029,505.769519509755,40.7390803950224,46.9975673590819
000042.png,9,9,0.00633404288458543,170.875941215194,257.737056039027,162.721650222744,236.933219465666
000042.png,10,10,0.0163542910544624,638.495423233843,392.555628327201,640,374.966779081121
000042.png,11,11,0.00425730751259021,638.457089387768,319.351725664732,587.164000995701,283.185668959508
000042.png,12,12,0.00887804371527958,624.70037884195,0,640,108.458601743748
000042.png,13,13,0.018275271273558,586.001165471639,201.268069087307,507.557509334498,244.89229220664
000042.png,14,14,0.00623020611598567,636.986531529233,338.159973908721,578.610380133574,306.86155146785
000042.png,15,15,0.0165619645916619,595.447833860806,297.896364371457,353.251601323795,348.965732509385
000042.png,16,16,0.00238824567779451,112.568171754212,307.379009555044,132.498696865219,311.699498947315
000042.png,17,17,0.0280878459062354,637.319286699971,464.27343256907,394.1271556501,508.696114067849
000042.png,18,18,0.00197289860339546,632.028875082977,475.677732423586,604.607416399611,473.220777542649
000042.png,19,19,0.00218057214059498,106.638557343123,449.543895751293,126.346383970439,454.667691867235
000042.png,20,20,0.0435595244275998,140.860590037355,216.923908366046,126.450038034622,511.099741732213
000042.png,21,21,0.00389387882249104,167.018270021442,229.800612908044,178.36018601218,245.365387815453
000042.png,22,22,0.00316702144229272,582.551962068041,294.404581315482,638.11300554292,333.840788291661
000042.png,23,23,0.00913763563677898,634.564804727493,294.97926920899,419.141455965212,344.245931367575
000042.png,24,24,0.00939722755827839,396.475996349058,114.289391242854,161.410119746383,163.162863350451
000042.png,25,25,0.00124604122319713,288.64310732141,137.223069460467,268.553412239506,147.039505191815
000043.png,1,1,0.0432119898056221,499.628570564038,132.618400407856,405.515085766672,190.464969048621
000043.png,2,2,0.0185248583057553,467.07551033302,231.952638276652,243.482651412124,62.0488355021698
000043.png,3,3,0.00245349766061851,244.496749107693,67.3699517996042,366.405100838269,163.486193230794
000043.png,4,4,0.0431549317204915,640,405.770770976957,496.132559074777,512
000043.png,5,5,0.0222146144775381,639.069074687951,302.680419321272,537.313813439087,343.26510445008
000043.png,6,6,0.0281866940545475,639.148234522897,267.176928457814,502.740390665458,400.259100505867
000043.png,7,7,0.0782646734375594,369.775127572125,0,217.611914704417,80.3202171146642
000043.png,8,8,0.00057058085130663,382.137609083412,7.64312835919563,381.404693580445,15.5754094866726
000043.png,9,9,0.0190764197953517,625.567309623763,282.481122411376,499.724687030823,349.743039070504
000043.png,10,10,0.0125527787287459,514.076632843999,111.179396542882,442.530852088693,144.881129707939
000043.png,11,11,0.0266651451177298,492.286081124427,126.126203044536,509.552990610007,360.62198877522
000043.png,12,12,0.0396553691658108,540.791149284611,249.521045426342,635.742712330725,510.82025885051
000043.png,13,13,0.0117539655369166,566.46569526617,128.423113121209,509.635878434568,116.319253784405
000043.png,14,14,0.00633344744950359,525.268950899987,320.690192754136,584.103752454413,287.852438297022
000043.png,15,15,0.00220624595838564,528.628526629722,319.458737331495,545.909107510776,272.670370633811
000043.png,16,16,0.0392940012933166,638.37142653994,146.815712160593,501.73729037279,209.03072731662
000043.png,17,17,0.0177640838373464,601.377083634343,326.070341146747,622.346448570368,511.767634981076
000043.png,18,18,0.0297272623530754,558.425331978321,346.340311941865,598.917111470856,512
000043.png,19,19,0.0365932519304652,129.6503744956,127.728676100795,105.805550378341,509.987870489196
000043.png,20,20,0.0015405682985279,136.666295418059,155.313188451768,123.617089212158,180.653161479754
000043.png,21,21,0.0067899121305489,480.559551107959,142.092475175356,437.137931367233,164.983387570344
000043.png,22,22,0.0366693293773061,441.407524541528,150.126642411152,459.023075741129,510.73162266342
000043.png,23,23,0.000513522766175967,448.645529640554,262.220209665184,448.409146508658,252.178693099829
000043.png,24,24,0.0184107421354939,575.706978701916,179.731503381638,568.612697790298,293.162723610548
000043.png,25,25,0.00251055574574917,563.149290974819,190.090605368646,585.496295743381,241.941049906066
000043.png,26,26,0.0193426908592948,622.181857158286,129.382398757765,484.77190802809,4.9392627559003
000043.png,27,27,0.0105557457491727,537.603300621901,185.714823532968,527.681614099695,338.682119242516
000043.png,28,28,0.0350526836319373,591.628838204656,101.12084790328,432.127753033739,180.224903773367
000043.png,29,29,0.00814028681197459,170.602990724456,19.5226264683875,205.223260558742,0
000043.png,30,30,0.0328083989501312,592.801294955413,104.128640632691,433.993885089748,190.646605430336
000043.png,31,31,0.000912929362090608,450.665462524851,232.357010624116,438.380129273623,186.433341940395
000043.png,32,32,0.0196660200083685,271.675816335774,0,175.231884326749,55.1791249553894
000043.png,33,33,0.00378485298033398,279.895907890543,0,176.795708611968,61.9972885092042
000043.png,34,34,0.00726539617330442,535.42121817443,152.663615421121,447.462203042806,190.758247877853
000043.png,35,35,0.00102704553235193,0,100.930880900377,17.1765820259217,115.360833630685
000043.png,36,36,0.0015405682985279,14.5813494181834,80.0924005828733,0,90.9363123863978
000043.png,37,37,0.00829244170565636,525.947923909147,474.015625524652,469.850082709803,512
000043.png,38,38,0.00106508425577238,523.613460755134,493.498062014172,508.040975421549,499.213949718684
000043.png,39,39,0.00585796340674807,529.525667615192,180.162593392487,524.129360909649,297.175858829377
000043.png,40,40,0.0189813229868006,511.73911844769,297.681018060439,440.056958989642,334.112073157563
000043.png,41,41,0.0155388185172506,574.841030655326,363.028081718971,562.024784717114,510.17635367756
000043.png,42,42,0.0191334778804823,560.505144058073,359.750378406797,543.335631862214,508.538586993825
000043.png,43,43,0.0129521853246605,544.711906542907,345.408608621106,536.143346829535,508.959695581602
000043.png,44,44,0.00216820723496519,531.832190907629,159.773943124153,503.915326090347,180.497505410324
000043.png,45,45,0.000665677659857735,524.980866994812,166.350227074857,537.450166322587,162.868401011388
000043.png,46,46,0.00173076191563011,516.073707399406,217.86861138038,525.710013273759,163.948175478428
000043.png,47,47,0.00323329149073757,24.0664797386534,112.048030495493,13.9910747420275,125.993551650901
000043.png,48,48,0.00247251702232873,215.633325443147,37.8944361241499,157.859599885851,3.51419684060122
000043.png,49,49,0.00127429723458481,198.401909132553,43.6173380442249,166.254745658202,9.85323269998465
000043.png,50,50,0.0143405987295066,544.036032624356,372.463928608569,563.174729051451,512
000043.png,51,51,0.00384191106546464,581.45091126202,405.104480496497,573.975737241127,509.855545942926
000043.png,52,52,0.00562973106622542,394.995776552761,408.809286068576,402.52138560498,511.138347203763
000043.png,53,53,0.0102133972383887,634.963733535677,510.023202925738,633.236642165627,284.021117377995
000043.png,54,54,0.00521130510860056,514.230741099497,403.988226014369,518.954569154492,496.563613263288
000043.png,55,55,0.0019019361710221,296.75142979947,423.585655168912,291.862422135927,485.515473059096
000043.png,56,56,0.00161664574536879,206.881278985863,377.690520489499,197.291198235975,412.357193074037
000043.png,57,57,0.00138841340484613,15.1533979451485,154.276720571863,0.21778448927941,108.582535433836
000043.png,58,58,0.000817832553539503,568.544212131446,175.849275986135,562.085790570268,152.530156003433
000043.png,59,59,0.0126288561755867,486.05844856327,362.911980527542,135.738681693842,129.391684678066
000043.png,60,60,0.00386093042717486,211.573298301437,375.335459344582,172.913546305714,391.38258179974
000043.png,61,61,0.00315721404389669,585.415202249657,355.316407959839,637.815223782314,327.650034444161
000043.png,62,62,0.00161664574536879,638.249276738985,355.159419101878,612.099633894442,352.864642812206
000043.png,63,63,0.00574384723648674,519.425966364755,310.398355038503,447.230734632981,336.273310046988
000043.png,64,64,0.00420327893795884,613.2409874798,346.445340516076,619.786692946805,416.394274301548
000043.png,65,65,0.00220624595838564,240.00252055869,508.567728659744,140.004491634968,509.011692332373
000043.png,66,66,0.0010841036174826,24.5108404515788,266.745823223017,0,217.805872076641
000043.png,67,67,0.00273878808627182,19.3254932785271,11.6924984698057,11.8883311503817,76.3775102414162
000043.png,68,68,0.00119821978774392,629.97736218827,346.003252910602,629.891823892855,397.999822042108
000043.png,69,69,0.000532542127886188,563.788823550862,260.309496758111,585.346466519011,280.949383894857
000043.png,70,70,0.0019019361710221,578.144925941262,233.907589780153,575.257866400081,291.863401049879
000043.png,71,71,0.00150252957510746,140.201951909426,445.485472928022,114.924218730885,414.888765968008
000043.png,72,72,0.00159762638365856,634.145909563104,281.19507974843,605.419539378914,320.666443881387
000043.png,73,73,0.000817832553539503,614.027592699947,469.558325449243,605.020727947458,509.780714893996
000043.png,74,74,0.000893910000380387,587.148680908872,329.136409788202,597.439610826166,373.06826015725
000043.png,75,75,0.00038038723420442,591.526876157397,341.434263700439,591.27744547571,347.815401253378
000043.png,76,76,0.00197801361786298,577.088738829641,478.328047701904,579.33785696587,512
000043.png,77,77,0.000551561489596409,589.573684134701,495.629533023239,598.697568469756,485.130198698772
000044.png,1,2,0.163729707229083,97.7687285257171,512,63.5359197557953,0
000044.png,2,3,0.00456346453293866,134.12868239723,512,104.440395433913,503.562810821828
000044.png,3,4,0.114425789741455,465.784240571767,0.230095526553322,518.926973091353,511.980638382304
000044.png,4,5,0.0683902995544455,137.314553146492,508.720939856095,110.930912431277,151.567328637539
000044.png,5,6,0.0292154232767525,474.798000390643,0,524.690535201006,510.714074166693
000044.png,6,7,0.0982069901176326,40.998050659716,203.769740466284,64.6551830939133,511.792953910919
000044.png,7,8,0.0259778301959515,11.9519969550423,52.0953749329882,48.9480239160147,512
000044.png,8,9,0.016018377195011,277.024082854125,248.259321059971,283.529344137283,322.912411684806
000044.png,9,10,0.0116245008710667,315.038137339013,318.595405142672,308.571000524945,242.977451781859
000044.png,10,11,0.000585850176525908,194.192966154897,327.462551155855,196.194817072433,305.832927876129
000044.png,11,12,0.00251298891509798,276.246248529868,301.757339000052,341.799842808608,292.571589285173
000044.png,12,13,0.00107919769360036,82.2625595331488,265.664072965084,76.0101599891629,298.001964392507
000044.png,13,14,0.0682515455652683,223.275216684737,511.075435481868,180.081659387069,0
000044.png,14,15,0.00178838474939488,325.886942519757,259.178114567605,313.743542314784,319.948753734535
000044.png,15,16,0.00161879654040054,286.672417204313,324.363662465758,281.588926818919,249.891539359023
000044.png,16,17,0.000693769945885944,341.935430642351,330.97040640523,323.189336944892,343.74525867921
000044.png,17,18,0.000724604165703097,638.007224215036,434.235339215743,581.998607503507,435.954637419978
000044.png,18,19,0.00114086613323466,266.036127568628,250.523537124451,327.742287495627,246.265398735719
000044.png,19,20,0.00340718128979542,228.045489350848,466.559791740896,513.945329615462,443.32722650103
000044.png,20,21,0.00925026594514592,485.868524068582,94.6755013899393,637.506440431079,57.9614779937286
000044.png,21,22,0.00107919769360036,524.01428597772,442.209138699306,591.970432441747,437.567147534755
000044.png,22,23,0.0421041271603225,489.197586472813,29.8670656910374,316.903405643515,0
000044.png,23,25,0.00157254521067481,205.907634031153,237.690012251637,104.015072253238,268.050583715002
000044.png,24,26,0.000524181736891602,181.94600784968,208.921749935212,141.946155431855,210.924697224565
000044.png,25,27,0.00101752925396605,296.674946561257,252.284297291576,309.949915033997,314.156299400763
000044.png,26,28,0.000462513297257296,115.47323307378,473.010228832982,139.253020469028,460.354368640465
000044.png,27,29,0.000693769945885944,104.716635145954,423.085025966209,140.621352682551,451.206679195724
000044.png,28,30,0.000693769945885944,299.985099434253,322.690154790391,285.935184833969,280.706858954686
000044.png,29,31,0.000508764626983026,277.867263807522,297.098250090942,338.035558744995,288.241570098304
000044.png,30,32,0.000555015956708755,87.8327069928997,509.081824845063,137.636947091033,500.007411267699
000044.png,31,33,0.0116399179809753,340.610428253627,416.923957572991,248.10990720384,198.0092557411
000044.png,32,34,0.000817106825154557,158.903028406355,343.707130332661,136.536330738671,295.878614136065
000048.png,1,1,0.0555461606971736,292.935727716103,511.19887192017,324.736316412318,115.022327964419
000048.png,2,2,0.0174857104204011,308.268809800016,511.01758791268,336.974754794707,108.497408422459
000048.png,3,3,0.293164676835661,2.65277959121714,491.782545825228,640,438.585369358725
000048.png,4,5,0.0182410570343063,212.195959923513,511.534152342271,243.175437879674,144.099104459664
000048.png,5,6,0.000698977463613714,224.277110699676,333.790588993919,220.667454543254,260.065242567785
000048.png,6,7,0.0181846878840148,167.680279662107,510.916890621482,199.166937105391,178.489398688786
000048.png,7,8,0.00777894274021713,162.883372043523,511.012420380299,189.369593639602,278.611961990112
000048.png,8,9,0.00242387346253143,51.9874628273822,503.448868109473,149.997905029431,503.578912662746
000048.png,9,10,0.00886123042581256,154.195168003874,0.62614748580955,2.4682905895701,47.9188899626598
000048.png,10,11,0.00775639508010056,90.6094142698612,498.47333001252,106.117677811159,347.449711443555
000048.png,11,12,0.0200899651638651,73.394398210902,511.537002409851,108.428359039254,160.641818095086
000048.png,12,13,0.00201801558043314,544.303672673195,186.836980491766,636.017761247662,153.561339397341
000048.png,13,15,0.00770002592980913,611.34303029671,510.718757608993,638.321855261767,160.024760266321
000048.png,14,16,0.00800441934138285,609.399905577366,372.60150410894,600.491050661418,511.82315491361
000048.png,15,17,0.0101577208825154,547.172407402058,510.69752646988,567.585093019026,242.272632599942
000048.png,16,18,0.00822989594254856,509.921287554692,510.437826135096,522.292536165257,230.101169555188
000048.png,17,20,0.00600895142106628,23.7863432446341,485.871258172443,81.5248721417658,183.909150244841
000048.png,18,21,0.00103719236536228,6.734372155084,59.0703572430189,19.7930281434793,1.30970051133956
000048.png,19,22,0.000417131712156571,17.6574410789166,10.7710549479623,14.0382345358967,0
000048.png,20,23,0.00190527727985028,144.289564681241,2.68720900283651,2.21515489249171,17.9966736330883
000048.png,21,24,0.002446421122648,544.593326073144,322.053782975197,557.817665575551,176.164765155268
000048.png,22,25,0.001025918535304,404.544858464672,510.507627161774,427.332852992445,396.265866409079
000048.png,23,26,0.00140922875728571,410.624786665747,510.149876667189,433.706543262871,413.929604263125
000048.png,24,27,0.000608786823147428,465.309344326913,483.716214897239,438.930585202557,503.84124624736
000048.png,25,28,0.001499419397752,460.828026042309,488.964830922162,473.286420564839,426.656590325852
000048.png,26,29,0.0468314900621188,250.382249531165,328.481484173434,640,270.530688694078
000048.png,27,30,0.001341585776936,340.029222894291,146.124609157084,476.497315462114,114.120599688813
000048.png,28,31,0.00096954938501257,28.8747171124169,511.927458621554,33.6042234552706,480.336089777267
000048.png,29,32,0.00193909877002514,28.628505820853,512,89.9980660496722,317.799996220627
000048.png,30,33,0.0135624175601177,25.6545664508111,331.586420800811,244.049003607057,322.619872348129
000048.png,31,34,0.000169107450874286,102,0,122,0
000054.png,1,2,0.00045097623089983,391.523464915875,21.6492635706436,378.011071076339,40.0081484656922
000058.png,1,1,0.0137344419506223,12.4170059604885,294.620483936331,0,142.871056314211
000058.png,2,2,0.0194220567231177,501.481368667316,392.364615369901,518.800656112864,512
000058.png,3,3,0.00961538461538462,486.798516491334,53.9208856961554,489.971820477918,166.170417157739
000058.png,4,4,0.0953631911854723,627.991509204464,31.9669583077016,392.628005774408,57.2052712968573
000058.png,5,5,0.142981024280759,17.5598400697359,426.067696754204,634.027603939491,305.661694082595
000058.png,6,6,0.217366353805346,164.240580467313,0,0,23.1776874212854
000058.png,7,7,0.00784278718628851,296.623446660459,104.222264337367,373.048418644289,74.084708918015
000058.png,8,8,0.0121531320138747,640,417.545096636726,637.300298618411,335.562021375252
000058.png,9,9,0.0013772699449092,587.908353710615,367.279059969262,638.614409008387,360.833278601478
000058.png,10,10,0.0015685574372577,260,0,358,0
000058.png,11,11,0.0913461538461538,254.340845744828,12.9602303350885,107.898896427677,31.3603595271216
000058.png,12,12,0.0153540093858396,572.901834115798,75.918662963478,461.596012481612,99.2327943045609
000058.png,13,13,0.0023974699041012,467.140975335375,74.1021320219019,461.441789084699,137.771007097936
000058.png,14,14,0.019256274229749,352.264721703483,106.161930940996,390.070968099632,511.299815278805
000058.png,15,15,0.000701387471944501,0,176.233303383326,28.0158515231899,177.696488145964
000058.png,16,16,0.00513925729442971,54.4759302458791,217.418262397276,107.693590104686,213.826535879025
000058.png,17,17,0.0020148949194042,210.577575627342,113.938496844129,213.347124699113,49.8852942860985
000058.png,18,18,0.0025632523974699,205.315632313832,52.1062036181101,202.280913810445,89.6997790300213
000058.png,19,19,0.00344317486227301,185.916608703634,89.9724089570264,198.235527394506,52.7396519193094
000058.png,20,20,0.011859824525607,113.777025839593,189.043920805285,192.448046767469,185.50450907464
000058.png,21,22,0.0134666394613344,171.495806350375,0,118.656502034902,6.35878695034128
000058.png,22,23,0.00928381962864721,174.275609224295,4.02916211806993,202.246326300137,0
000058.png,23,24,0.000561109977555601,240.965458188721,42.8477197343672,255.984608291012,25.7425836073841
000058.png,24,25,0.0015940624362375,461.607218402404,127.440315230637,453.843681637513,77.4036263317568
000058.png,25,26,0.000867169965313201,461.461591487968,92.0822495243026,459.234837421688,77.5058327771863
000058.png,26,27,0.0016195674352173,450.351815284191,80.5796126123724,416.144238464503,78.9577635455186
000058.png,27,28,0.000548357478065701,447.867108361283,88.1305170904708,409.916703680835,90.8282103629048
000058.png,28,29,0.000981942460722302,462.731882089812,82.3330035019485,503.889276934207,94.3783271476352
000058.png,29,30,0.000446337482146501,446.571594997559,77.9642075146995,446.655863954283,84.018708221825
000058.png,30,31,0.000357069985717201,423.323379703779,86.5210898725055,441.99103270197,77.9803998964448
000058.png,31,32,0.00670781473168741,493.50776339773,288.500095946242,598.261264978053,243.498088995935
000058.png,32,33,0.0022571924097123,448.015450239141,238.431847663762,403.749964886028,244.019061866208
000058.png,33,35,0.001147724954091,189.420318618617,241.97888826527,150.396548306689,238.055626462209
000058.png,34,37,0.07780299938788,633.838446794585,271.608825902225,379.258366716225,279.991124396147
000058.png,35,38,0.022699449092022,608.141862311077,264.517366024269,372.322049119337,291.328324211518
000058.png,36,39,0.00939859212405631,533.69999946011,409.385666905998,504.200211304608,104.949597368412
000058.png,37,40,0.001020199959192,563.764246723397,128.064186251221,518.74951189142,79.3080040818524
000058.png,38,41,0.00337941236482351,470.080791294968,116.742526584143,638.152518898151,114.72863277874
000058.png,39,42,0.0024867374005305,175.669644117106,251.797256775031,129.794518939665,255.336848097562
000058.png,40,43,0.0218960416241583,369.133090710757,422.701626865385,43.9403744362049,465.54745184486
000058.png,41,44,0.000752397469904101,365.390932461099,461.784802013288,321.619726461246,479.625278395337
000058.png,42,45,0.0001020199959192,638,422,638,428
000058.png,43,46,0.002678024892879,103.930910812592,216.030520462852,45.5991066010372,219.805799482827
000058.png,44,47,0.00386400734543971,87.2179018582756,494.168233984851,31.9888429427221,475.965602081971
000058.png,45,49,0.00613395225464191,270.426383576072,136.656477288708,296.706673520059,439.845694903556
000059.png,1,1,0.00610092756183746,460.065076895027,396.077991781999,387.944604325442,393.636079006209
000059.png,2,2,0.15056316254417,374.054606455484,90.2736811189919,388.530541324817,510.532849472679
000059.png,3,3,0.00463780918727915,578.016606703133,434.607077204295,543.111344764963,463.375537511449
000059.png,4,4,0.0918727915194346,298.457147078876,510.483978932266,287.306851534068,152.395243812241
000059.png,5,5,0.0687665636042403,370.697144785767,90.5315561964872,388.751540706936,474.434941061529
000059.png,6,6,0.119837676678445,46.8240206639524,74.2833013715523,60.8722788666968,430.123479687636
000059.png,7,7,0.0136373674911661,66.3092801318199,430.149351102635,62.4210227757048,334.063895933018
000059.png,8,8,0.00325750883392226,285.097265078958,140.323260220459,350.457165238306,105.134338820965
000059.png,9,9,0.00436174911660777,312.056379000894,101.499110994518,291.478052307668,181.350070887241
000059.png,10,10,0.00488626325088339,0,425.417141798332,78.1110316783487,414.818276146698
000059.png,11,11,0.102887588339223,37.1727987915748,302.301503003016,30.3402114970008,102.261628706721
000059.png,12,12,0.00778489399293286,294.92395029204,510.367941935958,291.269413108252,400.356465799542
000059.png,13,13,0.0763858215547703,35.1240681853775,106.194968111003,47.9182594108521,426.163211727014
000059.png,14,14,0.0973663869257951,527.382666584396,38.806739350368,565.576191205882,509.872203967066
000059.png,15,15,0.00875110424028269,36.0308080290979,90.2436231786515,30.7567061661982,62.1075536854311
000059.png,16,16,0.0519268992932862,548.618686019975,38.1986056017881,576.246692433667,508.572872418852
000059.png,17,17,0.0177782685512368,602.119225325173,287.598011132239,584.560503260982,23.5637155653833
000059.png,18,18,0.00403047703180212,366.475283301444,90.9234776580754,371.792845863171,214.866950103919
000059.png,19,19,0.00875110424028269,550.975956521686,308.302509265321,563.145479654879,510.412726506584
000059.png,20,20,0.00242932862190813,449.977382252843,296.649629465853,423.126014990572,316.837537162204
000059.png,21,21,0.00695671378091873,388.023164303554,108.046160977978,293.690713823739,155.383665805527
000059.png,22,22,0.00369920494699647,0,90.3328761207455,37.9858095592208,90.5447025958251
000059.png,23,23,0.00201523851590106,457.140987095378,346.204239724135,422.961225090465,324.487160949837
000059.png,24,24,0.00320229681978799,0.00650814354917826,324.456110505095,60.0513582627112,323.599343341
000059.png,25,25,0.00113184628975265,287.742892186072,327.237752656182,305.115562946768,321.377910129215
000059.png,26,26,0.00317469081272085,285.88885420825,286.537544651714,288.200164141219,338.612495967596
000059.png,27,27,0.00157354240282686,0,304,40,304
000059.png,28,28,0.0191585689045936,382.33778494244,91.9871781185483,394.111075869807,402.147618552241
000059.png,29,29,0.00143551236749117,396.96055431422,364.018129910555,454.787928182522,333.688990474267
000059.png,30,30,0.00916519434628975,439.448292181521,284.686181564423,451.643383332732,436.670527620885
000059.png,31,31,0.0082541961130742,48.7568186673152,318.127989814134,53.0154431902799,426.038854824986
000059.png,32,32,0.00129748233215548,48.7945765062409,326.497916117994,54.7186928654813,412.226748047742
000059.png,33,33,0.00138030035335689,43.1270188230881,67.2731887841782,66.3728900464546,93.9308013291092
000059.png,34,34,0.0055488074204947,542.8846052269,79.9452059828362,556.019580257079,291.998787164138
000059.png,35,35,0.000414090106007067,339.979890208525,111.888943227253,357.999140042287,112.080777132824
000059.png,36,36,0.00184960247349823,0,106.793316263143,59.8478671612659,110.473807353436
000068.png,1,1,0.0101024327784891,0,212.463040231589,191.394807410376,238.456200018956
000068.png,2,2,0.00600512163892446,0,113.178509202475,88.7004081141829,172.850582855604
000068.png,3,4,0.00172855313700384,14.5353184979877,57.8759033060709,0,81.5849224245363
000068.png,4,5,0.00617157490396927,638.039142702729,291.693266478719,521.637696896746,276.839111734369
000068.png,5,6,0.010729833546735,573.739080805056,338.242479271221,618.46607557766,423.227929529129
000068.png,6,7,0.00734955185659411,529.850785153896,101.913739784788,637.973172474955,110.344073685341
000068.png,7,8,0.036056338028169,567.773360976502,0,525.972593649797,509.997753702914
000068.png,8,9,0.00329065300896287,638.489638047929,157.028675956729,533.065999061372,103.885314421961
000068.png,9,10,0.00955185659411011,594.291973415004,512,549.657492145163,353.737147219818
000068.png,10,11,0.00966709346991037,545.450652784455,509.364109676051,560.487153740835,401.788540146037
000068.png,11,12,0.00121638924455826,562.223891006857,417.55882560481,544.560724038874,447.630383583155
000068.png,12,13,0.00340588988476312,637.414201665607,166.763855133575,563.350161666826,151.066002253144
000068.png,13,14,0.0251600512163892,537.729619652626,0,496.711458477835,509.896344415065
000068.png,14,15,0.000422535211267606,572.018586855989,35.4633364920785,544.052133195357,34.4947436233084
000068.png,15,16,0.0266581306017926,502.629990615628,509.593306096256,541.223683129698,0
000068.png,16,17,0.00857874519846351,249.885886582984,332.872976745889,545.539854327834,371.52015110953
000068.png,17,18,0.00966709346991037,281.532789018456,34.0645950711987,554.909355998326,65.488274909525
000068.png,18,19,0.133610755441741,265.738231923071,0,234.198203540699,507.390708317167
000068.png,19,20,0.00180537772087068,310.132813454533,0,367.722707340679,6.46869721794978
000068.png,20,21,0.128681177976953,163.6422820314,0,130.116588695772,510.007664035536
000068.png,21,22,0.0339948783610755,232.030165084775,0,171.309576820178,507.284014865287
000068.png,22,23,0.0539564660691421,195.063459324276,0,130.84207418762,509.602029901904
000068.png,23,24,0.00475032010243278,189.096827396692,0,153.782145960974,272.416137800425
000068.png,24,25,0.00967989756722151,0,28.9181251321391,213.238986681507,55.9935438362092
000068.png,25,26,0.00661971830985915,182.935435051069,53.0841591168009,83.6300433801163,153.742547937164
000068.png,26,27,0.00384122919334187,187.272627721874,101.624232425463,13.8454279030009,79.195191824266
000068.png,27,28,0.0058898847631242,3.60893547628864,64.9198118112927,201.277486202657,91.394517250716
000068.png,28,29,0.0206530089628681,125.157514596808,279.70998680495,97.1814100045757,509.900513024118
000068.png,29,31,0.00306017925736236,123.275047709821,305.074159334252,101.814081419336,276.63122624967
000068.png,30,32,0.00207426376440461,51.9316335863475,346.210639448466,127.148506563225,370.623482764593
000068.png,31,33,0.0338028169014084,0,338.081782949217,82.472296415779,512
000068.png,32,34,0.00222791293213828,2.95215213540453,84.4250086141856,114.195531206358,151.676564328094
000068.png,33,35,0.00574903969270166,27.3995120413374,59.6371660758424,25.2946190696126,155.940868968324
000068.png,34,36,0.00642765685019206,8.11004755455859,154.940388944358,0.154362655726834,84.8910493504058
000068.png,35,37,0.00104993597951344,0.445722787582925,257.974930583495,0.00824037889922674,320.000058121941
000068.png,36,38,0.00435339308578745,596.732163759417,358.991490142806,638.960477393263,405.120745826045
000068.png,37,39,0.00976952624839949,564.902377044353,155.992634950517,637.658908790149,212.439644432284
000068.png,38,40,0.00270166453265045,570.140755590499,503.846241841765,572.689741355372,439.868114268372
000068.png,39,41,0.0113444302176697,597.803383189142,441.861231643108,526.453831697309,295.731457669657
000068.png,40,42,0.00736235595390525,588.733195738955,222.250699709271,224.7164253436,166.359925341311
000068.png,41,43,0.00316261203585147,48.6505425638491,119.885012945854,89.0017234212939,58.1904182419551
000068.png,42,44,0.0076056338028169,566.035300483327,153.602992351621,564.596996837229,225.932329646036
000068.png,43,45,0.00284250960307298,549.317989733634,246.495440839082,598.800985512802,95.6696608613228
000068.png,44,46,0.00124199743918054,172.074376792022,147.818864202767,108.875242796702,121.868450662585
000068.png,45,47,0.000985915492957746,177.007536142452,165.356467780549,121.433133113205,155.059460746994
000068.png,46,48,0.00134443021766965,65.2982108441267,444.705010561663,116.417021923314,495.590244382668
000068.png,47,49,0.00151088348271447,57.5527708978034,459.736618855539,92.094340575082,498.585607884701
000068.png,48,50,0.00108834827144686,60.8190503977606,110.073140937489,0,142.714769856093
000068.png,49,51,0.00279129321382843,561.015958594674,137.897737172476,638.06259969315,147.497586259177
000068.png,50,52,0.00057618437900128,107.142655185555,131.397931944672,125.915045778588,154.070340731849
000068.png,51,54,0.00259923175416133,574.026964634019,205.855956452495,637.668742873361,217.769556806309
000068.png,52,55,0.00617157490396927,558.782195699024,338.177850986108,604.937625979796,435.354379068074
000068.png,53,56,0.00166453265044814,110.1057339691,134.19407082067,173.926557623342,163.018958020117
000068.png,54,57,0.00240717029449424,135.755738217448,76.5790228618598,70.6124352059421,150.308212777245
000068.png,55,58,0.00477592829705506,631.317167467087,347.967698318762,635.144155119056,504.020988393066
000068.png,56,59,0.000793854033290653,629.421780860066,343.948974735287,619.088077101328,377.092090532859
000068.png,57,60,0.00216389244558259,632.408302349706,216.833750512721,584.706588882512,177.801954047075
000068.png,58,61,0.000460947503201024,632.24817028487,318.20449122518,640,308.796880766699
000068.png,59,62,0.000678617157490397,640,302.389952545204,621.393472249461,319.514100451647
000068.png,60,63,0.00268886043533931,549.929063233324,313.443144817809,625.255520654257,317.145763757142
000068.png,61,64,0.000563380281690141,80.6227846629046,134.150062333897,65.3903022491115,142.943895049071
000068.png,62,65,0.0976312419974392,289.737387239811,0,257.55251384578,509.971758661191
000068.png,63,66,0.00156209987195903,326.080275419013,27.4436566715985,547.792965878105,59.4348358922801
000068.png,64,67,0.00179257362355954,79.4969693570762,84.5218574200851,120.51722371254,124.062245516825
000068.png,65,68,0.000845070422535211,35.3411750028121,127.009491714045,32.7834180783026,84.8008986192129
000068.png,66,69,0.000486555697823303,509.002616800195,498.881478785802,536.145197801356,490.200584082683
000068.png,67,70,0.000332906530089629,423.071845088468,199.061974076298,355.451330795336,190.174613150951
000068.png,68,71,0.000140845070422535,2.91286017273643,208.217735999856,1.4511139006212,214.346120627773
000068.png,69,72,0.000473751600512164,628.374068093224,139.704843690147,609.056033742499,121.280979608898
000068.png,70,73,0.00170294494238156,150.53014916788,239.38756395309,137.714608232295,315.276314164204
000068.png,71,74,0.0107426376440461,296.036268839041,509.35714088102,350.9423123872,0
000068.png,72,75,0.00119078104993598,134.680055184358,336.947560543601,132.336528193752,371.061355832979
000068.png,73,76,0.00060179257362356,517.695918649072,397.970973785271,592.708734000572,386.729128774398
000068.png,74,77,0.00101152368758003,357.78640091054,35.8557030525048,318.071851947129,94.6441365166323
000068.png,75,78,0.000179257362355954,170.248058440354,456.00694405956,176.203396102755,444.79597981921
000068.png,76,79,0.00028169014084507,60.0722621726918,488.65089870324,31.974497429064,491.770286586561
000068.png,77,80,0.00028169014084507,56.1302734964981,507.83299064814,20.1697186047738,479.782422404066
000068.png,78,81,0.000256081946222791,541.792713488161,94.0980898542247,548.669220456987,108.629736928955
000068.png,79,82,0.00989756722151088,38.7623173104782,280.078680852222,113.177371868313,442.134051665105
000068.png,80,83,0.000806658130601793,587.433147632208,363.264341521637,638.63121520221,388.731007894773
000071.png,1,1,0.0306813559921484,405.765534873677,252.775395358457,453.233526518562,512
000071.png,2,2,0.0395232453270615,398.757681261791,262.613877931289,445.974703728977,512
000071.png,3,3,0.269518470706821,638.671230133407,14.6414029760119,268.341456623527,402.192618942255
000071.png,4,4,0.109444906187554,205.10290061663,151.055544549334,329.401906851454,0
000071.png,5,5,0.0832905975348813,0.225176044410202,291.220571531795,380.940153074897,401.208718068013
000071.png,6,6,0.0229358609347645,273.970742125912,402.573193417277,491.785785974899,333.061732306296
000071.png,7,7,0.0148897416399936,183.959980280386,512,111.394417555449,327.451706149791
000071.png,8,8,0.0386390563935702,611.417425148119,103.533694601733,346.243863686927,372.348937251311
000071.png,9,9,0.00330686661125749,152.271223514975,504.617583013626,280.234084378893,386.253066609121
000071.png,10,10,0.0033776017259368,216.534657207028,453.887964408043,261.556329393499,372.645800024986
000071.png,11,11,0.00213973721904897,205.898388597602,352.723829564162,283.58089601397,468.281737952487
000071.png,12,12,0.00242267767776619,518.061371494158,150.379510440601,637.839881551223,131.009855896822
000071.png,13,13,0.0022988912270774,511.319981152382,84.6376943814128,431.950148460535,0
000071.png,14,14,0.0037843286353428,466.478784170358,0,427.210469562321,164.765148032325
000071.png,15,15,0.0535287980335638,637.283945508734,27.3170603037132,286.40047284967,395.214383998087
000073.png,1,1,0.149473100388242,638.013534404792,247.652760699057,242.003636503088,245.369330007651
000073.png,2,2,0.124395848189525,251.982189547705,455.338636517134,638.778873040187,444.922240605088
000073.png,3,3,0.118559015397618,239.387208324958,226.719743357025,256.514822896221,512
000073.png,4,4,0.0152787681905818,620.592867984285,474.301455012603,518.04919699236,197.023227479927
000073.png,5,6,0.00404088424055146,327.793402178835,336.086906829377,525.900955439921,329.165218352805
000073.png,6,7,0.00385600718379421,470.703318416557,220.526512487847,638.311004457864,254.464038371265
000073.png,7,8,0.00797612444867021,522.639997642216,511.346736469854,315.664389642885,302.33233670883
000073.png,8,9,0.00627261442569263,413.12673546892,210.256393350377,439.906698663599,510.365262311351
000073.png,9,10,0.0029580329081161,341.536060663829,186.031072714886,351.439940850449,333.90355878881
000073.png,10,11,0.0059292713202863,272.888107065494,207.084847879193,417.107147669792,347.041851777519
000073.png,11,12,0.00377677415946967,419.514136091611,262.518201544268,458.904792012016,451.479062358911
000073.png,12,13,0.0147373425243642,287.626122244341,355.196561160056,634.961326522403,463.72499328017
000073.png,13,14,0.0033541980297388,354.015402111422,209.293327494009,428.11715382549,319.224739452447
000073.png,14,16,0.193619100441064,322.435181088259,102.292171014884,186.430790241296,481.62264221294
000073.png,15,17,0.00202044212027573,327.045787495179,504.526098162055,407.705783338715,342.855380190764
000073.png,16,18,0.000871563267569923,391.572583914485,419.917171814933,389.792286879738,386.11628051719
000073.png,17,19,0.00191479808784301,391.168439118324,347.732920744561,326.551502834461,485.443440080791
000073.png,18,20,0.00821382352164382,473.945915394583,461.312297633993,611.811187549392,463.563420470502
000073.png,19,21,0.00283918337162929,638.117525116438,249.632186801679,350.030857945783,258.953684002172
000073.png,20,22,0.0005150146581095,590.066772768373,248.4598319984,514.214112474418,259.474489816634
000073.png,21,23,0.0224889734041148,553.848578901851,292.818299013069,454.675639654071,506.602278879505
000073.png,22,24,0.000567836674325859,495.785631475536,511.094814948983,503.318670167792,498.808509388558
000081.png,1,1,0.15482896154829,259.005684279658,456.883404420294,235.361502538207,2.03319059674874
000081.png,2,2,0.0873023808730238,215.083137435766,2.04952958491826,232.101040916867,317.074956293494
000081.png,3,3,0.055994400559944,87.7637221492662,466.903575399347,83.2600110194799,346.102152098294
000081.png,4,4,0.15968403159684,0,111.747639621803,19.1076779510136,477.0926760229
000081.png,5,5,0.0109544601095446,0,396.200292629937,56.2614581971179,483.328697650235
000081.png,6,6,0.0071881700718817,491.46772316894,394.096247388121,481.198259552325,436.769669008528
000081.png,7,7,0.0309302403093024,240.895538814045,459.060393850892,234.70553787163,335.864060224179
000081.png,8,8,0.0432734504327345,249.536802094419,2.02347972130368,272.406948029118,453.195942983129
000081.png,9,9,0.148129631481296,64.157197317602,3.99186203153456,80.6880392852014,323.310378200071
000081.png,10,10,0.0032774500327745,66.9803259085784,17.4104022600119,73.4031224312699,0
000081.png,11,11,0.042106900421069,1.73179511709717,4.01422425403322,26.6228135903602,473.345879844663
000081.png,12,12,0.0060660600606606,1.06635269425931,384.873688454021,5.31539822630354,476.954485813212
000081.png,13,13,0.0158095301580953,523.738788252291,430.3265081511,81.9814155187668,461.73864138606
000081.png,14,14,0.006777100067771,30.0448204504475,322.753841823932,283.861047296918,307.662933815121
000081.png,15,15,0.0017109400171094,29.75122836321,309.346788649642,120.908193041889,274.630203741117
000081.png,16,16,0.0079214300792143,49.970776122969,347.525375916538,245.843909687034,335.464942052336
000081.png,17,17,0.0004666200046662,170.418180386291,106.803662221912,189.816009699008,85.9668366064441
000081.png,18,18,0.0320190203201902,30.603767120332,4.17849054768446,54.7732818099645,464.064470726641
000081.png,19,20,0.0014331900143319,35.4988080575472,464.315184867443,0,467.4448761855
000081.png,20,21,0.0009554600095546,2.50299226522257,468.100705925466,34.7405371865388,472.259211397287
000081.png,21,22,0.0004221800042218,21.6260221408562,390.504520453307,0,392.818266923283
000081.png,22,23,0.0024330900243309,275.307505017159,54.4653107096458,159.905064418082,98.511158453399
000081.png,23,24,0.002888600028886,219.236364210318,24.3479171141305,281.892832110672,161.871250691249
000081.png,24,25,0.0017664900176649,597.029097740463,405.271113891833,603.905211455905,432.161300069906
000081.png,25,26,0.0024219800242198,577.925652119391,429.303840298789,583.45359902404,400.447149144098
000081.png,26,27,0.0195313801953138,266.51700036991,458.532102289365,238.670358340439,2.32531875631003
000081.png,27,28,0.0012776500127765,151.008854972387,331.34009405146,1.25909091555258,373.359532525599
000081.png,28,29,0.0357519803575198,246.279205465103,456.895874836067,223.283773296319,2.03620884376733
000081.png,29,30,0.0007443700074437,0,116,8,112
000083.png,1,1,0.0575786996659481,637.103886875207,69.7308597725852,0,203.462038528232
000083.png,2,2,0.0323602494693018,636.497545891581,226.694882565486,0,357.604256904262
000083.png,3,3,0.0541641297372015,636.420723685334,122.433250905876,0,255.262311652661
000083.png,4,4,0.0453520709572315,637.170278055562,139.985940959295,0,271.691567778739
000083.png,5,5,0.0381938159258833,636.759588516012,371.832141069224,2.27695153976185,499.432262623472
000083.png,6,6,0.00403988875907124,521.693206649529,504.12880581289,637.849855161267,485.084236509588
000083.png,7,7,0.00096266188352614,617.023306753269,468.145827229171,567.251778149382,507.579924879239
000083.png,8,8,0.00394938208626109,636.598459468224,315.157251911193,559.947857300109,323.522200361542
000083.png,9,9,0.00873800786585266,637.466546307908,419.259458638046,434.213704920828,458.823166805866
000083.png,10,10,0.0396336948114993,637.146771886826,363.702660157554,0,490.206859947019
000083.png,11,11,0.00115190310849282,535.917060732691,125.10806281314,640,194.104483869233
000083.png,12,13,0.00325001234181902,631.252421881996,285.530573058358,554.443070576758,305.688285040181
000083.png,13,14,0.00954434004179763,367.723078569941,446.59813378965,637.469235504752,393.313097757067
000083.png,14,15,0.00659053135644819,603.724013022168,169.783132295666,335.578643492103,219.738274971046
000083.png,15,16,0.0105152298046701,155.725123744976,307.66358287757,557.136970578923,322.061363516564
000083.png,16,17,0.00157152495515806,537.039905283571,316.00497373288,475.86760659877,383.505039349151
000083.png,17,18,0.00258355411476246,545.357954558934,181.831502518762,481.121761661694,369.750765013161
000083.png,18,19,0.0406457239711037,637.577065526039,55.9796306581919,0,189.446970138159
000083.png,19,20,0.00114367522914644,456.155007644831,326.736832911462,530.242158824931,311.151108335366
000083.png,20,21,0.00248481956260593,474.033722219073,392.667787508229,452.685452266185,310.498462653646
000083.png,21,22,0.0048873603317481,433.241071766357,406.849627950032,401.762512456088,298.06872314355
000083.png,22,23,0.00206519771594069,362.576260765466,377.554012733859,433.626885289307,366.033601767156
000083.png,23,24,0.00629432769997861,357.515099916491,303.186139302898,363.880649736732,434.587106241962
000083.png,24,25,0.00740509141173954,636.751443611274,193.529559386624,340.147274163095,250.763224420454
000083.png,25,27,0.00229557833763926,578.287991108392,464.641132388828,491.514066890844,491.515480468294
000083.png,26,28,0.00159620859319719,524.43014567529,510.445024686397,542.292121662776,332.632067131644
000083.png,27,29,0.00130000493672761,414.02666044463,439.453546224403,356.868053810886,509.070623626143
000083.png,28,30,0.00156329707581168,384.44077625028,432.066891211892,371.119828526389,479.754133018732
000083.png,29,31,0.000559495795553654,368.678362011222,449.713047260569,378.890014983513,473.853598983161
000083.png,30,32,0.00440191545031184,637.496179570118,443.478690435743,450.951895084496,480.754883305502
000083.png,31,33,0.139010021557044,43.7831094610922,0,0,89.8531004697246
000083.png,32,34,0.000403166087972486,629.292335040585,295.052488218032,580.0418407071,261.937771609756
000083.png,33,35,0.000460761243397127,486.346960998374,454.916210489946,430.906710464,437.167741348037
000083.png,34,36,0.000394938208626109,497.89562478302,448.22372197103,464.609176469859,432.694267044558
000085.png,1,1,0.0857211211100683,56.286444959034,0,21.3390048522332,221.895896730504
000085.png,2,2,0.0171331824288264,8.37561411992047,158.041966373661,10.1445778424065,226.512969286229
000085.png,3,3,0.0449953072378954,638.262115250323,476.209293624509,342.158932852172,511.339599037428
000085.png,4,4,0.0502401590018219,497.076366712048,0.107711205658678,513.38291510852,139.937832115344
000085.png,5,5,0.0517308010820957,352.735034091435,167.174697889659,335.309751703648,0.0719783107775811
000085.png,6,6,0.0144095401093138,279.680208784347,511.033491848168,273.689112494682,428.022437457195
000085.png,7,8,0.029260751946116,297.849217172715,424.875641275796,637.902450304231,379.272590563154
000085.png,8,9,0.0220467803971365,281.502041545982,426.21510156983,0,463.250790637134
000085.png,9,10,0.00239238852389628,607.934544951148,212.979796380372,605.935541684006,184.283129236299
000085.png,10,11,0.00936712122048621,637.498879308208,471.910220354336,357.536108545976,506.214058095102
000085.png,11,12,0.019231123134397,297.134692586971,428.062057295161,303.087738894278,511.069463378008
000085.png,12,13,0.0139862713704706,520.092189565926,510.765504585312,638.067175781137,496.557800310327
000085.png,13,14,0.00228197059202414,578.860500656842,212.790086519009,573.146324488953,185.880019933934
000085.png,14,15,0.000220835863744272,582.207789620613,457.135732321513,560.034303373315,455.5271465285
000085.png,15,16,0.000423268738843188,471.833388035772,399.234309981094,429.985261320547,401.755343988383
000085.png,16,17,0.000496880693424612,546.616824892989,414.692659689632,522.342157901098,410.165390807544
000085.png,17,18,0.0184950035885828,637.732260541771,116.344014465099,0,219.452457343414
000085.png,18,19,0.0293711698779882,486.225610519296,0.229398502958979,504.135043090519,138.758239580196
000085.png,19,20,0.0335302453118386,637.876369340456,51.2732867210776,13.9022887050651,157.425643317022
000085.png,20,21,0.0351681113012753,346.703386833963,0,359.303211326716,160.837971646495
000085.png,21,22,0.00771085224240417,338.248476577286,0.14460699008947,351.34015526851,158.714962794687
000085.png,22,23,0.00104897035278529,27.7299386201597,209.550150447986,0,212.606985297494
000085.png,23,24,0.0182741677248385,63.8197038672627,214.230516649636,52.0123024965988,0.109608830193793
000085.png,24,25,0.00272364231951269,352.835186184728,2.10807596311179,367.339567120256,158.432413116493
000085.png,25,26,0.028947901139145,234.215562868095,0,0,43.835605026381
000085.png,26,27,0.00504241888882755,231.150525757485,0,191.008321060295,15.4180854628516
000085.png,27,29,0.00625701613942104,516.907607412759,115.233210898628,501.291438727499,0.0961029206789732
000085.png,28,30,0.0420876350319292,197.298509293567,2.47976764150394,201.516335440165,184.47471940908
000085.png,29,31,0.003514970831263,53.3425820354699,18.3479063316524,0,27.9501714675314
000085.png,30,32,0.00861259868602661,147.407707816125,0,70.2871787867329,13.6254429352572
000085.png,31,33,0.0298128416054767,184.518463144966,12.2641948031235,190.811277172398,190.465732121408
000085.png,32,34,0.0100480318003644,64.9094286081378,39.9594473782041,72.3286495749065,206.342075639219
000085.png,33,35,0.00149064208027384,77.3051860520937,159.111065023982,71.4254999067438,203.392599531169
000085.png,34,36,0.0112810320396032,70.1239437716922,4.12043626275249,81.8336322050336,186.524252313256
000085.png,35,37,0.00277885128544876,216.913278516692,166.733194626217,212.275044749128,45.9894344698116
000087.png,1,1,0.024917782978161,432.819803921585,349.33993163169,414.832926737803,0
000087.png,2,2,0.0885766931264237,638.110463416553,310.202397117459,232.822838860171,330.530000772691
000087.png,3,3,0.0582399726331993,454.068164702627,465.735171591565,0,483.572843421781
000087.png,4,4,0.0240936690949519,495.692087952121,433.63045620835,201.348452391134,454.372198579499
000087.png,5,5,0.00580767047884126,429.027182960404,408.217829548906,254.598129603203,503.431817190957
000087.png,6,6,0.117140791304821,0,426.950230643343,637.806591601848,399.505286804809
000087.png,7,7,0.0664655621467389,0,394.484525895575,638.061372904027,367.448421676646
000087.png,8,8,0.0153627267285011,371.714303255241,293.812069269222,356.848441990085,0
000087.png,9,9,0.000870761838862412,369.717981944199,175.636949758256,365.899623676074,115.498431384835
000087.png,10,10,0.0221266802982359,240.918313150695,276.046700322094,366.092586925086,269.879091452373
000087.png,11,11,0.0834065447081782,638.061598560272,349.256746666285,0,380.530890366279
000087.png,12,12,0.00218467925643159,200.372547796703,512,362.791462073637,419.869442843709
000087.png,13,13,0.05594644814691,637.819980109574,404.274355099181,0,435.093256520978
000087.png,14,14,0.0106124099111356,0,401.293939938006,506.406324761033,378.536693240625
000087.png,15,15,0.017788420422475,265.153513548777,329.579231192951,250.00341198415,0
000087.png,16,16,0.00070749399407571,255.052634002079,310.454879881251,260.475220169379,250.222839781439
000087.png,17,17,0.000715268653351267,239.266229094201,173.783141934572,258.811531078094,107.648760847305
000087.png,18,18,0.00247234164962721,263.081901277943,415.24786957555,238.462983133921,337.114472582158
000087.png,19,19,0.0519269493014469,211.925768459803,332.409482735758,0,342.300338090673
000087.png,20,20,0.017244194273186,0,375.88721526272,540.860754956038,352.09830828936
000087.png,21,21,0.00942288704197539,173.567140595217,0,184.866212037677,297.587421721616
000087.png,22,22,0.0156426144624212,61.4838130270167,287.273644491822,179.897615967474,280.269155339164
000087.png,23,23,0.00371628713371636,172.11456427006,110.490180581724,106.872462722205,113.491735487377
000087.png,24,25,0.0159069528777901,82.3745909827494,331.757865632588,69.7730011480202,0
000087.png,25,26,0.00515459909969446,41.9427797653847,462.834760650053,110.428073938215,469.77711296384
000087.png,26,27,0.0151139376316833,16.2357094558202,0,27.6850145320228,305.562166685594
000087.png,27,28,0.00301656779891621,22.0354275560665,290.433249782689,0,290.293013322508
000087.png,28,29,0.00128281878046695,0.393600131171362,297.856902515789,27.8338374934636,373.333289013431
000087.png,29,30,0.00174152367772482,11.0625172639452,0,23.1280680807472,245.551478288565
000087.png,30,31,0.0080389976909262,640,454.418858119147,504.386292321645,422.365638918867
000087.png,31,32,0.0142198518149942,638.002711036563,278.547493907904,569.915249548254,278.884643956357
000087.png,32,33,0.0326457942980649,608.616481526822,491.27958107714,580.563723246301,0
000087.png,33,34,0.00331200485138739,566.745402735999,320.19942722625,587.865750515297,453.067596918384
000087.png,34,35,0.0199497757010799,538.066761227475,261.646505775167,406.9847591561,266.961516199191
000087.png,35,36,0.000769691268280168,464.370061081354,156.810682748956,536.25570521118,179.178204263671
000087.png,36,37,0.000614198082769023,512.128436085228,129.178116843293,534.568058459087,136.179307116166
000087.png,37,38,0.00565995195260568,485.335762570749,2.07153731604223,510.148599353573,297.499330465366
000087.png,38,39,0.00192034084106264,529.626083159769,504.255511006538,530.993817014385,442.021841507769
000087.png,39,40,0.00464924624678323,429.024536212433,66.8664341688393,502.851314588216,91.9901051190363
000087.png,40,41,0.00174152367772482,459.249034794484,120.165761939532,472.567466579784,19.8098855858718
000087.png,41,42,0.00325758223645849,490.595157821077,30.6601284567697,395.936641516543,51.8383374138581
000087.png,42,43,0.00373183645226748,489.72256360054,21.8647022506729,399.611382767014,22.9941255746604
000087.png,43,44,0.0131780474720695,0,390.322237382079,637.784146939059,361.262584193813
000087.png,44,45,0.00031098637102229,297.39117287855,358.483554209337,307.223432747019,373.252577528482
000087.png,45,46,0.00149273458090699,211.907117663561,338.010116129164,217.864427820878,392.707805069326
000087.png,46,47,0.00450152772054765,205.9346596703,338.666487858808,0,348.757013579525
000087.png,47,48,0.00328868087356072,169.99123091285,43.1213068846023,112.151176683133,42.6689735552951
000087.png,48,49,0.00349859667400076,570.340614285383,285.897530364555,638.37716401435,286.667374867233
000087.png,49,50,0.00161712912931591,502.191012075357,503.433131629003,494.149464619527,443.979783698097
000087.png,50,51,0.000489803534360107,500.193030180676,500.833020245584,484.056213336005,479.468134677433
000087.png,51,52,0.0018736928854093,528.036746765391,74.0386169375661,452.15058459394,73.5708444477705
000087.png,52,53,0.00148495992163143,430.6321385166,502.864775611251,422.260318611815,453.955441214589
000087.png,53,54,0.000800789905382397,56.9400454359379,95.8183881258604,103.029608641964,71.9916357840323
000087.png,54,55,0.00631302333175249,540.970371758638,279.227091422705,524.33114059473,0
000087.png,55,56,0.00101070570582244,326.133262170798,90.110317062763,234.284161322907,111.842266558695
000087.png,56,57,0.000660846038422366,640,433.424224586855,638.875287523795,423.89667367746
000087.png,57,58,0.000458704897257878,125.81107175387,135.480908362847,172.215334319895,118.591643901532
000087.png,58,59,0.00232462312339162,210.0310227305,506.939009191801,440.044267058227,499.339894132429
000087.png,59,60,0.000295437052471175,26.0330754505728,189.796790167621,23.5388526907107,115.746071633919
000087.png,60,61,0.00302434245819177,110.827665177755,106.303482143118,173.95944074435,103.180171818207
000087.png,61,62,0.000637522060595694,484.307461914653,152.723217488728,501.507497027899,97.8456369917043
000087.png,62,63,0.00303989177674288,483.720654615659,311.390472868859,472.310516469185,91.9838517370539
000087.png,63,64,0.000567550127115679,505.755079581965,312.116680284017,486.524436038517,271.750158249713
000087.png,64,65,0.000497578193635664,591.606439556472,301.886535824096,639.372931745724,338.193743394291
000087.png,65,66,0.000940733772342427,640,466.374915149892,597.895003670976,454.991040160968
000087.png,66,67,0.0010729029800269,538.1648372728,504.040725399326,536.87441380533,445.891828421664
000087.png,67,68,0.000715268653351267,56.9062286173852,39.2183366297453,99.5526061414187,88.6608066376437
000087.png,68,69,0.000684170016249038,189.926506444513,441.073620182964,160.766241818597,506.342335742418
000087.png,69,70,0.000606423423493465,12.1261641844997,508.260457610748,15.9223508573653,448.121345367984
000087.png,70,71,0.00229352448628939,454.819200978415,450.187278370463,320.561345108615,463.607686454465
000087.png,71,72,0.000147718526235588,378,504,402,504
000087.png,72,73,0.00436158385358762,591.939987213566,295.320393835677,575.130793324891,0
000088.png,1,1,0.00376549646622639,637.000370072675,146.493314564821,620.383813457029,180.189270724603
000088.png,2,2,0.207797474220832,638.983755257735,227.661347050252,0,267.798611541294
000088.png,3,3,0.0116440736878693,363.983547716086,427.746304969573,300.64932329032,393.656597236085
000088.png,4,4,0.0056772100567721,13.7782942141511,256.330691879842,16.0600216354101,216.461275180425
000088.png,5,5,0.00608272506082725,616.818726475058,191.07328988144,637.962899709423,192.536221291964
000088.png,6,6,0.00608272506082725,29.652017077248,144.112046742911,21.534062404606,181.210959158399
000088.png,7,7,0.00741513150272274,369.112636883443,418.173758051568,323.056499856247,390.114082382981
000088.png,8,8,0.118526242613834,20.6939114109334,191.253117345274,616.279152124811,154.526992305047
000088.png,9,9,0.0678947978218051,0.556352605704268,254.379878038897,639.325905441774,211.97101438774
000088.png,10,10,0.00585100220136717,635.452760402918,222.00667592874,635.774511913212,151.989773124426
000088.png,11,11,0.00399721932568648,26.64351828152,170.207568587213,44.2031974621516,149.180211520932
000088.png,12,12,0.00393928861082146,2.43054374179579,250.066628216555,0,192.814126443892
000088.png,13,13,0.00295446645811609,635.374601622829,201.801397921652,617.001747683741,205.284330160554
000088.png,14,14,0.00735720078785772,349.053337390501,427.680886500252,303.387085825717,415.936288325491
000088.png,15,15,0.00509790290812189,562.685525257229,510.105858989377,560.894721861867,454.035300805034
000088.png,16,16,0.0056772100567721,557.460331371746,458.99125169228,537.036322854903,510.411624144389
000088.png,17,17,0.00417101147028154,375.880562773369,510.081314169572,376.846667214511,463.975832810041
000088.png,18,18,0.00643030935001738,525.711221420759,512,491.596742564826,458.824909785057
000088.png,19,19,0.00278067431352103,339.20029139834,129.019949216957,302.071656625651,99.9086090620118
000088.png,20,20,0.00411308075541652,378.36072045011,508.963637315824,392.054573890378,460.876455535462
000088.png,21,21,0.0104275286757039,185.711446312474,512,20.1684827554095,479.150930748592
000088.png,22,22,0.00196964430541073,290.486157322346,3.07682025088812,309.758986663022,30.1714366002644
000088.png,23,24,0.00341791217703626,75.6170262790715,511.679454987165,104.175640613233,484.182421589347
000088.png,24,25,0.00104275286757039,296.055049781535,38.259833474352,308.350601329358,35.6548287564281
000088.png,25,26,0.00266481288379099,298.329453874066,19.5747415064049,305.624168496439,93.8404668421859
000092.png,1,2,0.00344276131668962,454.451800525793,258.968500622622,515.722061351663,219.826223950562
000092.png,2,3,0.0837035227222247,0.205357037397495,510.665610794025,640,313.273480736992
000092.png,3,6,0.148649549109324,0,370.62572826062,617.755926034664,492.561415392803
000095.png,1,1,0.0427990584207147,637.949699423172,98.8001352884794,326.426464252755,79.216199109038
000095.png,2,2,0.0959233896854269,332.780535378796,83.9183999242382,517.942059304115,509.154364422757
000095.png,3,3,0.0342392467365718,399.928660203843,383.662275830426,297.337894245469,211.253458422346
000095.png,4,4,0.00224695056708752,381.605441122102,352.638591643548,366.643630024626,378.954676323882
000095.png,5,5,0.0225230044939011,367.279529719369,502.924200738515,388.798327501293,473.132035314267
000095.png,6,6,0.0115022469505671,607.662135919122,423.663964127918,622.618627144961,408.62610186082
000095.png,7,7,0.00433340466509737,600.77374451193,424.696127985847,616.781408835271,406.903649202037
000095.png,8,8,0.0295848491333191,377.623501629841,414.726766492212,231.259561055323,203.128752129332
000095.png,9,9,0.0254654397603253,129.540899027528,446.96849167393,154.490047896585,456.750071204016
000095.png,10,10,0.00583137170982238,95.76376161226,288.0558348878,95.9727241458653,273.969925640485
000095.png,11,11,0.0274448962122833,214.72291515269,297.424344383571,247.190639595467,309.532950956978
000095.png,12,12,0.0150331692702761,236.093334152677,285.358138960706,225.393469913615,317.142379577745
000095.png,13,13,0.0233789856623154,318.087236672829,420.059286123432,318.436129303437,396.006326136161
000095.png,14,15,0.0236999786004708,569.260260143383,147.445124962516,598.082395130746,144.952875583123
000095.png,15,16,0.0143376845709394,323.036883506943,416.239862084156,324.800934049962,393.905294207974
000095.png,16,17,0.0105927669591269,362.85474994316,504.519144588717,380.667724695927,475.190823561526
000095.png,17,18,0.00481489407233041,371.054971611066,475.499816154133,367.198954062085,498.203630449216
000095.png,18,19,0.0123582281189814,618.27837906505,370.71252088952,588.18376956766,382.470364593661
000095.png,19,20,0.00625936229402953,216.459224160944,309.047483151343,230.511740098913,286.316360793045
000095.png,20,21,0.0150866680933019,613.144311314756,331.149162685672,594.212651933361,350.188768087026
000095.png,21,22,0.0131072116413439,417.67172414552,258.800296046016,440.06198713437,212.029674787358
000095.png,22,23,0.00385191525786433,90.7405885088568,275.916368785571,90.9528432065409,287.947907340424
000095.png,23,24,0.0212925315643056,256.662749386667,296.693680175311,238.312578229814,287.38388907393
000095.png,24,25,0.0101647763749198,237.38152173571,224.880035718368,254.36232572115,121.040425768301
000095.png,25,26,0.00481489407233041,94.0378498041354,509.981266438819,83.7174859038064,489.129718328628
000095.png,26,27,0.0311898138240959,144.671064684154,185.924285332525,85.972097737468,511.437587644694
000095.png,27,28,0.0102717740209715,311.503758349075,420.386680722666,312.931479227573,400.065443472991
000095.png,28,29,0.00288893644339825,613.960617670076,334.768133243657,593.853289977816,335.410957160282
000095.png,29,30,0.00117697410656966,610.824407003578,424.832783526308,623.894863748275,411.893795494126
000095.png,30,31,0.0156751551465868,146.183561270889,459.38035526982,122.281140962296,452.299590380716
000095.png,31,32,0.00850631286111705,416.455510118512,246.127509698009,425.634253916603,213.337763188127
000095.png,32,34,0.00208645409800984,504.019838438765,110.99085899401,507.963203388518,97.7799788486269
000095.png,33,35,0.0016049646907768,308.215211798318,402.422372227867,305.937287589564,414.369380695717
000095.png,34,36,0.00106997646051787,308.240892169155,419.41806636116,307.397712286929,407.477607819413
000095.png,35,37,0.00497539054140809,579.85788205508,168.729122395644,592.255275969716,142.118930248078
000095.png,36,38,0.00283543762037235,595.529705060343,147.764522126378,566.701815423799,153.829270418918
000095.png,37,39,0.00786432698480634,423.912722879577,211.224036740689,406.87860539816,237.842148074307
000095.png,38,40,0.00930879520650546,261.935756149587,138.201853186853,290.552203590473,197.992366805826
000095.png,39,41,0.0049218917183822,460.461682875863,216.915598376071,423.640756438804,235.279698960537
000095.png,40,42,0.0466509736785791,594.579623490573,509.4363870025,503.729792847325,93.6220635548954
000095.png,41,43,0.00123047292959555,565.690884633588,354.202786552382,567.218516828587,365.840044314951
000095.png,42,44,0.00679435052428847,253.545617977952,289.392649711067,220.23475359256,314.313783678383
000095.png,43,45,0.00267494115129467,215.652603909307,292.103265523338,253.974238551771,300.123097443525
000095.png,44,46,0.00133747057564734,614.70370995376,370.057247962988,613.694460961932,382.463253771872
000095.png,45,47,0.000481489407233041,608.285125402574,381.255591421903,608.779998216574,385.433858284793
000095.png,46,48,0.00609886582495185,428.474832889892,211.81154415543,456.346731997,220.235390351019
000095.png,47,49,0.00251444468221699,437.599551586574,307.291193930294,455.670376208169,287.527282469889
000095.png,48,50,0.00256794350524288,135.938112106051,468.818037175919,118.93649945154,458.462469518523
000095.png,49,51,0.0024074470361652,100.599002343252,274.859174034123,110.08426723481,279.839509393198
000095.png,50,52,0.000427990584207147,90,280,90,288
000095.png,51,53,0.00888080462229831,243.953092026159,234.403094974146,312.422325092031,242.370827641601
000095.png,52,54,0.00781082816178044,364.925485886956,84.7890292395273,401.289660063384,172.638283586869
000095.png,53,55,0.00272843997432056,384.633814263894,97.2025428840538,357.244911048724,94.6487235315982
000095.png,54,56,0.00187245880590627,257.051758537449,291.980500875731,240.368747940949,283.291960923247
000095.png,55,57,0.00101647763749198,240.067304311263,288.520727764056,236.03890865102,304.513575257003
000095.png,56,58,0.00470789642627862,468,210,476,212
000095.png,57,59,0.00320992938155361,451.041361279785,387.558820544804,500.393670754015,354.589288339368
000095.png,58,60,0.0291568585491119,530.679016400962,508.932624575858,448.47488352989,302.607637877307
000095.png,59,61,0.00197945645195806,467.202656148465,363.71043804895,479.064384164762,341.500316971412
000095.png,60,62,0.00754333404665097,196,510,146,510
000095.png,61,63,0.00909479991440188,335.784266372593,406.181307538205,327.547362526275,396.380407018818
000095.png,62,64,0.00149796704472502,152.023535550712,508.61129523075,177.985051855271,507.611747789839
000095.png,63,65,0.00454739995720094,380.065320181765,492.052422470551,390.816894221369,478.655595439362
000095.png,64,66,0.00283543762037235,418.083758423782,273.650413169662,442.082570902967,233.649700705118
000095.png,65,67,0.000481489407233041,392.190957260568,481.94052902717,393.32655687676,485.58686238093
000095.png,66,68,0.000695484699336615,329.372242073774,407.318348945885,326.986859747937,402.516299613177
000095.png,67,69,0.000267494115129467,146,176,148,176
000096.png,1,1,0.00562024363352785,196.183556367757,0,199.498076432174,30.2739214305036
000096.png,2,2,0.0631537903030629,206.935221729987,52.1486303217398,170.857006657109,403.6774273096
000096.png,3,3,0.0309785677790626,153.530479530092,405.107036483722,299.969090348345,409.126196987034
000096.png,4,4,0.00588915481216554,158.072742402135,403.221558621731,300.073045685622,401.243328764904
000096.png,5,5,0.00240675504880738,194.214327305873,27.8825243312299,193.437093371469,0
000096.png,6,6,0.0125312609245166,182.078759464266,49.336434582165,144.395730857358,385.596086606313
000096.png,7,7,0.112391427111625,111.603130045271,425.337127067644,153.398363319759,0.137452883198705
000096.png,8,8,0.184889880872348,132.233126756905,512,567.649892302843,354.270471124813
000096.png,9,9,0.00375131094199586,161.578311901803,497.771598997833,153.871712967608,512
000096.png,10,10,0.0167666119880603,133.891613279261,0,112.097207020524,247.242666813454
000096.png,11,11,0.00553957027993654,98.5471921425181,512,102.597491181066,473.757873001565
000096.png,12,12,0.0233549358646839,52.4780057184136,512,73.6976671955599,391.946562132017
000096.png,13,13,0.00872616774679323,0,428.274672910272,105.79529101786,436.601042972745
000096.png,14,14,0.00691101729098879,0,421.4607771211,97.7116625143983,432.542401253378
000096.png,15,15,0.0156237394788501,0,406.641508930575,107.927502550496,414.94258487876
000096.png,16,16,0.00162691263075806,56.8061883156987,401.193983938996,6.02949736773842,409.075328092709
000096.png,17,17,0.0146691047946863,34.725298469347,407.473399950023,20.3658391284348,512
000096.png,18,18,0.0180036034097937,383.274336137191,128.355134176636,391.916806716828,0
000096.png,19,19,0.00563368919245973,329.705773656188,326.391009945922,415.811722030669,327.768565525806
000096.png,20,20,0.00708580955710329,341.648549064954,174.865639430853,294.048908301247,45.5644364214275
000096.png,21,21,0.0592142415360207,333.594152501696,395.144038767057,384.332988214494,0.299796966001452
000096.png,22,22,0.0197515260709388,630.426950594634,295.717055761951,640,272.864854010183
000096.png,23,23,0.000242020060773926,412.038312684439,179.881390935434,413.36208191516,172.475499486437
000096.png,24,24,0.0441014332965821,156.709335239576,33.2866914188287,382.38644057083,21.2384908148755
000096.png,25,25,0.000416812326888429,301.515581958794,370.49409138327,293.24390248496,351.183645314988
000096.png,26,26,0.0103261892596875,122.581997895308,434.774750293731,296.21664370791,454.048261520836
000096.png,27,27,0.0045983811547046,175.625760415435,153.568643316041,284.76453892116,58.8812241873662
000096.png,28,28,0.00334794417403931,365.998336957473,15.0325920209317,199.998767539742,14.7652411816857
000096.png,29,29,0.00161346707182618,229.054460230179,23.8062456624401,233.93269328323,0
000096.png,30,30,0.00498830236372926,219.372766824142,164.239951311417,224.368784942367,52.3737554574052
000096.png,31,31,0.00551267916207277,206.689211175526,172.481282416457,215.534047115306,49.5493543199357
000096.png,32,32,0.00544545136741334,190.154621560872,512,212.748566666185,486.428524915728
000096.png,33,33,0.00845725656815554,196.824798116617,512,206.905839238264,416.850664921078
000096.png,34,34,0.00146556592357544,71.2983807763435,204.637664305376,126.65089874986,236.882651606783
000096.png,35,35,0.00430257885820314,10.3545289497525,511.202659367411,23.8613481774143,394.913081036513
000096.png,36,36,0.0196977438352112,156.125735899665,76.8900376503338,378.053881841992,75.2379196581329
000096.png,37,37,0.0053916691316858,37.5900754775432,477.371534232997,172.250663121503,512
000096.png,38,38,0.00116976362707398,110.421216425855,352.60678368195,94.0310041166522,418.007769975396
000096.png,39,39,0.00377820205985963,69.902875066449,443.301376209687,64.3220469389954,511.499343728699
000096.png,40,40,0.0012369914217334,349.527870735113,339.674838935391,357.853064918006,312.197213287172
000096.png,41,41,0.00160002151289429,267.486552081744,428.911073918471,293.727766687335,464.73437989039
000096.png,42,42,0.00744883964826418,564.285192317619,512,582.677822714531,499.316424145906
000096.png,43,43,0.00463871783150026,1.67810756206728,453.514180743619,70.4799232937455,438.148986426016
000096.png,44,44,0.00138489256998413,23.3685250754634,462.263283318719,21.7825064138379,386.171280788336
000096.png,45,45,0.0105144270847339,292.050334876354,447.596937948139,102.756471456145,423.957691420818
000096.png,46,46,0.00107564471455078,50.4264903958172,498.636053758787,20.3250585045001,491.498544946729
000096.png,47,47,0.0155834028020545,118.770923579346,289.210339347521,146.180268819525,0
000096.png,48,48,0.000537822357275392,70.9509833538943,493.76343309389,78.7185981965358,459.319235448326
000096.png,49,49,0.00209750719337403,10.3646708708687,316.864914100508,110.258795406058,305.470310000672
000096.png,50,50,0.000860515771640627,596.580152973028,193.768796199048,612.577079024835,233.769215155059
000096.png,51,51,0.00264877510958131,526.766702194352,473.178552736719,594.018430867209,452.058689189823
000096.png,52,52,0.00190926936832764,574.098152137245,250.30192138073,582.236141378559,186.319472365078
000096.png,53,53,0.000779842418049318,607.997599891311,234.120273612615,544.023075711272,232.843636052429
000096.png,54,54,0.00278323069890015,389.999125743713,10.2091977558081,198.00247892574,9.40682645435408
000096.png,55,55,0.000443703444752198,600.3446524816,203.417508247527,572.027558063169,206.273260496281
000096.png,56,56,0.000752951300185549,614.558552085597,215.815887505314,571.33922079662,204.763229875127
000096.png,57,57,0.00121010030386963,111.39135888627,302.479764959767,94.6861652140348,350.926236903042
000096.png,58,58,0.00147901148250733,580.899453061907,274.548995701379,611.149034507151,228.669513498186
000096.png,59,59,0.000752951300185549,596.242706783152,224.223245056991,572.288664338867,250.265517452561
000096.png,60,60,0.013418667814021,2.35056280968549,229.817824927566,27.6400113042548,0.843814860561423
000096.png,61,61,0.00114287250921021,406.693161218849,318.085017407009,406.07941584683,351.965208294147
000096.png,62,62,0.000578159034071046,585.463558835767,207.982507155064,583.960886297528,254.063942669256
000096.png,63,63,0.000470594562615968,0,463.917918540992,7.16582158106223,475.720712631535
000096.png,64,64,0.00275633958103638,541.552838120743,507.873570387768,540.311111577126,433.693483866698
000096.png,65,65,0.0167666119880603,71.1150415071984,136.931124848995,168.994472420999,25.4589259844142
000096.png,66,66,0.000752951300185549,44.5577227596853,43.9345372887901,46.5518427847996,0
000096.png,67,67,0.00855137548067873,136.80854903537,198.791408102682,214.993617714816,134.871364139846
000096.png,68,68,0.00174792266114502,91.539044462175,416.359145930871,120.456360938498,292.440059124398
000096.png,69,69,0.00155968483609864,117.234302670707,512,124.572045441917,485.750725768642
000096.png,70,70,0.000605050151934816,95.443565212181,508.342788016031,73.4466805863444,484.339933000409
000096.png,71,71,0.0303197353914002,317.818014166729,339.639039152159,458.83404395265,108.226600455928
000096.png,72,72,0.000376475650092774,249.518901379706,0,230.263578320444,8.59078269051927
000096.png,73,73,0.00108909027348267,223.897699224289,1.09755036675622,333.689517987418,11.3310563327801
000096.png,74,74,0.000658832387662355,199.949277358829,0,209.75850575298,25.3187018567943
000096.png,75,75,0.0176674644364966,194.899626928632,57.9932179576,163.719633632281,384.926971010694
000096.png,76,76,0.00281012181676392,2.63866324921031,234.028447214439,90.5595816019558,227.034335166503
000096.png,77,77,0.00149245704143921,376.400794718619,17.5622310182186,210.273505764236,24.5253487158085
000096.png,78,78,0.00030924785543335,262.168187235354,19.0671686685004,243.496347162009,15.7006810143334
000099.png,1,1,0.00773226653928827,542.047001064954,377.732346802007,535.126575272523,479.940861375033
000099.png,2,2,0.0182111296871268,20.8157700864526,257.953482072695,16.5546442829389,0.0238779978874959
000099.png,3,4,0.0121208502507762,572.030141037474,419.052584111551,538.967717796499,306.540206931485
000099.png,4,5,0.0155540960114641,498.952311469895,126.326000940306,505.698205632389,23.8484773963038
000099.png,5,6,0.00435872940052544,579.670615273191,241.445227800606,540.161275938952,264.903095655626
000099.png,6,7,0.0463637449247671,552.743840326417,19.2642969960408,410.900263291803,127.614333050972
000099.png,7,8,0.0161511822307141,582.09644180647,277.463041922448,571.194103906346,31.8582145129541
000099.png,8,9,0.00474683544303797,17.7294457260198,374.005445272294,19.0958643227476,441.897438808107
000099.png,9,10,0.0521256269405302,529.2979109042,10.0175267563028,545.388408340539,149.703288763474
000099.png,10,11,0.0131358968235013,481.467267472815,21.9057736172104,457.414104975245,157.896370568606
000099.png,11,12,0.0593802245044184,638.011132914083,456.881936305885,405.770427931348,459.813571842329
000099.png,12,13,0.0040004776689754,548.115726900087,121.25807092495,504.706014741717,73.1680495451568
000099.png,13,14,0.035138524002866,566.632664916006,30.4198643348128,393.945462445647,10.8409255775108
000099.png,14,15,0.00122402674946262,530.119645715946,50.6804398235478,529.667141163229,34.8650567674546
000099.png,15,16,0.060186290900406,413.825465028635,449.707079300873,400.418617445617,0
000099.png,16,17,0.00382135180320038,426.89759852665,361.006611819162,441.868118003797,404.673887126972
000099.png,17,18,0.020300931454502,638.096849924353,450.743867376656,386.037243975086,448.902308117832
000099.png,18,19,0.0124193933604012,637.529540517551,250.884488475379,541.012292001651,265.459127158415
000099.png,19,20,0.050155242417005,553.978989371884,424.352069968314,407.773261095757,426.216150436681
000099.png,20,22,0.0177334607117268,564.27968451253,323.641545077754,488.974802959968,318.809188322004
000099.png,21,23,0.0019703845235252,461.718654793164,282.587683778978,441.855800007347,314.672586497797
000099.png,22,24,0.00558275614998806,266.819647840418,437.058326327801,194.704546280638,492.909707610006
000099.png,23,26,0.0310783377119656,252.798220437007,374.919254830743,468.124476738593,359.769172581128
000099.png,24,28,0.00752328636255075,346.213372518713,344.592102628438,321.806826964889,291.174459927531
000099.png,25,29,0.0100011941724385,564.034493619307,372.535588162923,486.937403758089,377.500891452744
000099.png,26,30,0.00573202770480057,432.71026495936,439.37726977808,488.190788246417,442.072106584869
000099.png,27,31,0.0108669691903511,323.503187942127,279.89006801974,383.295931420734,300.181229127603
000099.png,28,32,0.00614998805827561,291.269033255568,472.519803469924,338.549945717779,414.447753009149
000099.png,29,33,0.0263315022689276,464.010139646565,370.165711504754,246.987026074635,383.445040972113
000099.png,30,34,0.00612013374731311,340.317149314843,374.918053143443,310.125798944329,477.686719389841
000099.png,31,35,0.00346310007165035,45.3419502560923,503.383961345231,37.6571263979943,461.694533479324
000099.png,32,37,0.00913541915452591,428.231123025946,422.210725986376,298.95567656318,457.544221644136
000099.png,33,38,0.0089562932887509,347.1760728494,440.939370089544,205.21740103371,447.795131253457
000099.png,34,39,0.00116431812753762,284.224912709274,455.479536374908,261.587955850465,445.697221047988
000099.png,35,40,0.00644853116790065,300.49976501512,306.500567651725,256.699017827533,291.901655532982
000099.png,36,41,0.00217936470026272,251.151966698492,327.323402337893,261.816704447186,301.923040505715
000099.png,37,42,0.00322426558395032,401.136387417149,280.12538125696,404.993719827898,306.69427111281
000099.png,38,43,0.00409004060186291,558.122684712098,382.453213534762,492.083961917216,381.991479888577
000099.png,39,44,0.00110460950561261,522.826814760565,413.673417069422,529.831659361328,388.509884255219
000099.png,40,45,0.00683663721041318,434.409475707375,251.884202796499,479.031068831734,284.102974427082
000099.png,41,46,0.00349295438261285,454.017588903435,272.025180296031,404.857508394851,306.364407597271
000099.png,42,47,0.00653809410078815,319.500422620182,297.997144166458,268.675367091331,285.293346990222
000099.png,43,48,0.00226892763315023,326.147342226054,274.981875304133,303.15311298807,263.143584635761
000099.png,44,49,0.0030152854072128,571.629414716495,114.422613776811,535.325201535175,135.362639161014
000099.png,45,50,0.00205994745641271,561.749456213132,136.760870396812,552.901699880692,127.289386386842
000099.png,46,51,0.00238834487700024,24.4522814318874,422.683589013188,0.43147514509532,416.360791820208
000099.png,47,52,0.00119417243850012,12.1141774078915,429.622817719287,2.55793742780657,421.123853700329
000099.png,48,53,0.00438858371148794,45.4123561864258,499.763659253213,89.2298818845473,449.062910960821
000099.png,49,54,0.00812037258180081,0,483.07763118514,77.746681806646,479.077051363906
000099.png,50,55,0.0089562932887509,0,459.930723001077,118.252115485267,462.071107829585
000099.png,51,56,0.00955337950800095,397.16754158081,287.134123043178,330.126465215903,275.733795776821
000099.png,52,57,0.00271674229758777,16.7190857341989,244.157542627561,5.86478227008347,208.228239329275
000099.png,53,58,0.00146286123716265,559.946538932194,185.011662004795,537.263265992957,228.656549009058
000099.png,54,59,0.00340339144972534,572.080731745823,378.055445768832,550.805017496459,327.660140520314
000099.png,55,60,0.00606042512538811,448.787789118739,274.41810183235,364.041523037647,283.288007645948
000099.png,56,61,0.00119417243850012,383.054190270734,302.737501380909,378.23395269903,291.076559759663
000099.png,57,62,0.0019703845235252,22.0206745125526,156.671097417228,1.13979526019453,125.242724798722
000099.png,58,63,0.00582159063768808,494.472172094292,329.928482826504,503.311358537591,388.286734009078
000099.png,59,64,0.00489610699785049,441.022622566622,137.229026019091,555.574399406793,85.9912482789851
000099.png,60,65,0.0112252209219011,470.185320767384,62.0094964811735,465.501677634809,153.409281688102
000099.png,61,66,0.00226892763315023,263.623904899342,449.468236389255,202.496121092699,492.701469237858
000099.png,62,67,0.00122402674946262,240.23086332717,438.105216637771,210.338806031215,437.60855687537
000099.png,63,68,0.0346310007165035,79.327598674598,0,87.6150777645714,469.900968836737
000099.png,64,69,0.00358251731550036,326.444954697863,323.987953800625,329.634283661113,441.793318053482
000099.png,65,70,0.00391091473608789,256.245168653212,321.997131506568,257.694959048474,445.909968345451
000099.png,66,71,0.00110460950561261,12.9802292083606,300.642061230919,0,310.389819316088
000099.png,67,72,0.00316455696202532,499.154276943213,68.2782272125788,465.409364670593,144.622949247851
000099.png,68,73,0.00223907332218772,435.17835580344,140.051655809028,457.513384815621,109.642588048198
000099.png,69,74,0.00325411989491283,473.787872080229,375.580482703313,456.235595890606,304.93529169752
000099.png,70,75,0.00340339144972534,469.55736041902,77.717072316,429.952164725806,69.0644541701222
000099.png,71,76,0.0010449008836876,22.9209502026448,104.295822443652,7.84616683644475,98.5803919247839
000099.png,72,77,0.00110460950561261,515.696421830832,89.0112966705874,507.807302140778,59.5165904418871
000099.png,73,78,0.00537377597325054,579.225186281254,98.6672685327089,566.431814124455,28.4474326578382
000099.png,74,79,0.00853833293527585,509.150499885542,71.14324027639,477.26687730384,0
000099.png,75,80,0.00725459756388823,637.925252245822,498.669629611092,502.017176866907,506.305716143036
000099.png,76,81,0.00110460950561261,611.94939339279,502.273285606743,573.956399321967,502.789208300244
000099.png,77,82,0.00250776212085025,560.295581240222,289.990652754776,562.886098742508,371.908732121608
000099.png,78,83,0.00140315261523764,510.496314728629,91.0568464048128,474.206823099226,90.1060538612368
000099.png,79,84,0.0010150465727251,522.290809897977,112.831441142213,505.588467071815,80.0886383209282
000100.png,1,1,0.0118522290110885,237.38531893411,271.695441262713,312.171565386729,387.029535630442
000100.png,2,2,0.0142566191446029,475.030282093159,317.590615676122,329.57111943007,475.766390367937
000100.png,3,3,0.0118522290110885,472.489062894059,421.999064685086,472.451485062189,321.996824186307
000100.png,4,4,0.0308893414799728,286.55954172439,3.91133589058411,292.967898875204,478.013950719563
000100.png,5,5,0.0732914686580674,0,202.264264421725,637.948018804639,211.565324750447
000100.png,6,6,0.0213000678886626,0,357.006227391406,293.94227573724,359.323194538848
000100.png,7,7,0.0161801312514143,1.11022302462516e-16,419.625986583405,189.185360122303,444.257054638721
000100.png,8,8,0.0347929395790903,0,415.764606312149,351.45066016968,447.990935145639
000100.png,9,9,0.00534623217922607,569.435596961322,508.26618242402,571.361924397794,439.981999600958
000100.png,10,10,0.0105793165874632,59.7148979168266,388.213031395609,71.3664630790984,294.41819534619
000100.png,11,11,0.0071000226295542,166.779797367611,505.473938456904,100.077240504393,406.598666281125
000100.png,12,12,0.00574224937768726,378.906349656604,402.164727299029,435.380208143223,378.519687912601
000100.png,13,13,0.0134645847476805,92.2643667828095,352.034194212686,94.5898472333284,198.039109294392
000100.png,14,14,0.00944783887757411,518.76253178325,1.97297590667525,519.274158603411,130.002900571305
000100.png,15,15,0.0139171758316361,525.420394480535,497.265044492377,554.551731048791,395.017553560677
000100.png,16,16,0.00127291242362525,186.201746965641,15.4542841284949,204.751787893429,35.1741646046704
000100.png,17,17,0.0331240099570038,150.039391597284,425.194835546594,534.104302511292,420.45940235109
000100.png,18,18,0.00726974428603757,0.325330541375154,342.078530820351,145.877821760315,330.468303301538
000100.png,19,19,0.00845779588142114,68.6972806825176,451.220379801409,158.057054257227,442.590799970215
000100.png,20,20,0.00333785924417289,0,335.482056069377,60.4968947673657,328.038438112452
000100.png,21,21,0.00138606019461417,25.9815951638074,362.744984587719,52.7137536619332,323.185282039421
000100.png,22,22,0.00916496945010183,565.668353945936,325.958908513289,563.051886078388,219.727792516077
000100.png,23,23,0.00681715320208192,436.388202631989,321.981489767164,435.62819948332,223.925374751772
000100.png,24,24,0.00947612582032134,237.392942130026,362.224872555041,242.382297001575,198.194131566098
000100.png,25,25,0.00854265670966282,523.205128954688,346.049527876685,523.926206224289,212.031885746797
000100.png,26,26,0.00469563249603983,149.976506699996,124.159217281504,316.005100427538,125.097028243934
000100.png,27,27,0.00616655351889568,554.701923539434,508.523985341196,565.530855350066,452.684740488884
000100.png,28,28,0.00161235573659199,537.529646350757,470.858930895531,550.65222853082,447.489286086292
000100.png,29,29,0.0104378818737271,47.7125930923225,334.500390810551,35.6557020237025,472.145030122797
000100.png,30,30,0.0076091875990043,319.558407009384,447.85513133429,408.336637446941,468.987782999364
000100.png,31,31,0.00613826657614845,270.179271474063,454.554803980993,416.124803136828,450.563247456954
000100.png,32,32,0.00393188504186468,235.450515961679,120.020589709498,237.096372198979,4.07234172242281
000100.png,33,33,0.00500678886625933,490.978588298282,315.406875926477,438.429651846749,387.908205490889
000100.png,34,34,0.00257411178999774,258.645176703263,453.164115597254,220.035286738453,423.363103113946
000100.png,35,35,0.0177359131025119,52.021733826271,351.926780106064,632.017373655596,350.336534848175
000100.png,36,36,0.0104378818737271,96.5823733684894,472.041243385462,190.600275837816,512
000100.png,37,37,0.00379045032812854,165.936026117943,439.261682594957,283.962104986314,440.301467293673
000100.png,38,38,0.00325299841593121,353.879094876863,125.968436950192,413.945207116936,127.798452341108
000100.png,39,39,0.00472391943878706,28.6131159968692,484.07699821024,42.2440344900928,375.537667825769
000100.png,40,40,0.00534623217922607,639.6793652175,133.999208513014,639.617153017381,1.998295231133
000100.png,41,41,0.00418646752658973,638,412,566,412
000100.png,42,42,0.00579882326318171,478.24556903804,361.530963644468,548.831942775809,451.501831917908
000100.png,43,43,0.00755261371350984,388.003508197824,143.99950145294,368.864206487338,9.31922338832089
000100.png,44,44,0.0114844987553745,429.290715788139,0,318.701361837721,64.8738194673326
000100.png,45,45,0.0053745191219733,178.026424968311,431.157495047789,120.007453622777,431.454761349551
000100.png,46,46,0.0203948857207513,0,136.394112308496,255.897242766822,142.38743296754
000100.png,47,47,0.00803349174021272,236.929916284565,344.171167666085,420.380854532271,316.527450281323
000100.png,48,48,0.000707173568680697,265.873241257835,490.044922457058,266.072328918914,464.015850550451
000100.png,49,49,0.00178207739307536,208.18645811361,494.63556131374,284.371119309672,489.2457234304
000100.png,50,50,0.0063928490608735,532.273562293388,509.215503396523,554.676435902902,430.449721091856
000100.png,51,51,0.00178207739307536,425.94359917241,27.9392802144972,450.718464764994,4.92663431512457
000100.png,52,52,0.00644942294636796,320.089411544132,209.960000765911,321.478396299656,351.965977210573
000100.png,53,54,0.00888210002262955,125.79569626195,509.574111950719,208.399841461248,474.304877595552
000100.png,54,56,0.00661914460285132,360.843877633978,329.992965536185,359.809744312304,205.934898898186
000100.png,55,57,0.00800520479746549,422.00839261001,345.81532175442,417.400349439138,195.895484431604
000100.png,56,58,0.00147092102285585,432.131917394423,414.983631136094,425.448377877467,402.290454337224
000100.png,57,59,0.00147092102285585,438.832549184231,412.324595874528,401.076764266266,419.593147398291
000100.png,58,60,0.000792034396922381,171.919367016839,119.450752267972,201.971962524518,119.89532034012
000100.png,59,61,0.0039601719846119,140.937183474766,443.719028412568,142.330100767208,497.940140703231
000100.png,60,62,0.00545937995021498,58.5903761018481,512,190.045982513098,477.883440693768
000100.png,61,63,0.00175379045032813,600.233044997284,0.171898620225931,577.445028979464,31.0658820856521
000100.png,62,64,0.00107490382439466,602.966239626669,11.8300462303465,620.345359314582,2.65410638760948
000100.png,63,65,0.00280040733197556,471.656006041345,104.408349812613,371.695674221462,90.1306273359555
000100.png,64,66,0.00772233536999321,286.171417901323,438.089248674385,440.068663772988,431.638004202036
000100.png,65,67,0.00594025797691785,314.606846952945,2.00264385210448,313.996806189018,142.026126305135
000100.png,66,68,0.00130119936637248,305.987799571825,110.09900690104,245.671432335342,102.666338082094
000100.png,67,69,0.00251753790450328,129.2279093127,36.5618548945971,163.891924545456,19.9472264823246
000100.png,68,70,0.00161235573659199,62.2482145688504,397.333041345094,103.474097809793,419.000609841974
000100.png,69,71,0.00876895225164064,0.00412924243387809,436.158633147161,86.1539979387763,433.916140327348
000100.png,70,72,0.00410160669834804,567.301089135642,390.32259995154,568.950442597391,414.346673308007
000100.png,71,73,0.00149920796560308,595.944833709278,341.624936551272,637.935108578136,342.263967794482
000100.png,72,74,0.00115976465263634,453.779056763161,443.962602876176,495.122255046968,467.134467301388
000100.png,73,75,0.00246096401900883,432.712111198653,127.905144208916,428.997084799556,21.6853279480059
000100.png,74,76,0.00141434713736139,387.51231563576,390.513844950892,404.354066194965,407.652058571026
000100.png,75,78,0.00622312740439013,188.00953300034,428.563725973587,310.042277879849,426.500066939062
000100.png,76,79,0.000735460511427925,244.637827079243,461.340358045154,247.510763878813,447.112773293388
000100.png,77,80,0.0017255035075809,138.836309881927,503.455495357289,195.89401014775,497.05512673179
000100.png,78,81,0.00138606019461417,598.073981898249,354.912004627671,632.066270842981,354.400031563192
000100.png,79,82,0.00480878026702874,20.5585120001274,373.851662061575,3.90460928797708,410.857147987467
000100.png,80,83,0.00209323376329486,566.009541159112,410.397501936791,638.064039282991,408.667992297457
000100.png,81,84,0.0069020140303236,352.050129360951,0.554881185533808,579.983986942252,8.46162110566389
000100.png,82,85,0.00280040733197556,0,376.859152586416,33.6301859826625,381.002012071123
000100.png,83,86,0.00636456211812627,453.972625208345,398.221491774675,457.311139247216,308.196960903519
000100.png,84,87,0.00429961529757864,560.232748795262,145.918933257357,556.085915642635,31.7064162149253
000100.png,85,88,0.00113147770988912,232.527737866414,477.607726079215,180.611102135973,482.493552202808
000100.png,86,89,0.000990042996152976,453.192858045878,360.129528842085,502.337578838641,391.47065664403
000100.png,87,90,0.00203665987780041,533.542514666466,443.312798778742,493.668635687639,461.878986235833
000100.png,88,91,0.0010183299389002,125.031841607397,407.422885927004,101.699191186952,424.343145701696
000100.png,89,92,0.00053745191219733,638.371445468994,320.010106762222,624.482077418144,317.417433581707
000100.png,90,93,0.0017255035075809,621.408923662433,338.928969175848,639.151667596004,330.394167249412
000100.png,91,94,0.00226295541977823,390.346359194741,477.314847237378,406.835570967907,437.517542282653
000100.png,92,95,0.00124462548087803,511.123462313604,54.1087879176107,478.088360516392,34.4844992189247
000100.png,93,96,0.00195179904955872,482.83222029043,39.5632779355015,485.665851639281,83.8935171677538
000100.png,94,97,0.00226295541977823,127.120101162388,86.9606739232477,200.019305478067,99.8911600089389
000100.png,95,98,0.00288526816021724,168.157386105212,490.923772079787,224.219343369896,489.649412813942
000100.png,96,99,0.00562910160669835,415.225992418757,144.014330391664,412.63141880803,3.87722235400798
000100.png,97,100,0.00138606019461417,382.587608572113,121.125411451245,396.671990309746,66.1722296642099
000100.png,98,101,0.000367730255713962,29.3542861113485,410.41026315607,41.2829736927992,429.184845106149
000100.png,99,102,0.00305498981670061,230.461871435897,4.12939138679933,228.433622376091,74.0705734754379
000100.png,100,103,0.000961756053405748,278.055133903405,78.5716316400816,304.006617401336,76.068609616677
000100.png,101,104,0.00118805159538357,274.21838769982,59.2866785911719,307.543977110599,69.4895110401957
000100.png,102,105,0.00712830957230143,275.876081500881,140.278568272641,611.941729948335,150.011906180855
000100.png,103,106,0.0029418420457117,55.4157015854425,431.867638806392,83.2096385464969,381.035650191337
000100.png,104,107,0.00198008599230595,450.119745190815,418.570928613428,542.185601261858,417.284668512573
000100.png,105,108,0.000905182167911292,522.376050728151,413.028214575392,519.037220046462,397.993113136547
000100.png,106,109,0.00147092102285585,306.188098670792,464.100764528136,291.351944624476,491.795637986171
000100.png,107,110,0.000565738854944558,298.142173865467,491.323742756094,305.272498439897,471.735186091514
000100.png,108,111,0.00104661688164743,597.942205197992,292.837505816551,622.013691525861,293.327797952076
000100.png,109,113,0.000848608282416836,364.649920233971,470.93770793412,379.725194150949,460.489118138939
000100.png,110,114,0.00373387644263408,496.866444821265,19.9647924219084,497.726403279537,89.9787951689037
000100.png,111,115,0.00265897261823942,92.3347750724428,6.49172837002247,75.3520889187479,87.1272066381443
000100.png,112,116,0.000707173568680697,183.79749995471,498.224783634445,196.857542665567,511.154016040151
000100.png,113,117,0.000707173568680697,174.589277927914,505.847720413574,199.92580452677,497.767355123978
000100.png,114,118,0.00155578185109753,62.0070328556847,482.024572544312,117.999720757886,465.999024338116
000100.png,115,119,0.00246096401900883,354.613989695714,13.9834871177129,354.883677141121,122.002787078422
000100.png,116,120,0.00676057931658746,136.458291871413,203.744369972497,142.088869141503,345.996482410281
000100.png,117,121,0.00152749490835031,138.983362291421,226.192959476749,134.337576536779,298.021833952949
000100.png,118,122,0.00246096401900883,354.036986336116,332.543651274971,452.127239597882,325.870257421522
000100.png,119,123,0.00299841593120616,298.087981387996,418.7237765508,402.014678886204,416.788118714877
000100.png,120,124,0.000848608282416836,264.013929679707,292.481917356436,308.012543732699,292.234976579083
000100.png,121,125,0.000480878026702874,473.889394400158,14.1640699287292,491.82707041597,26.2565199643369
000100.png,122,126,0.000622312740439013,25.4894199177766,500.83457212357,4.09159536783332,510.2090716006
000100.png,123,127,0.00118805159538357,19.8487525482858,463.943926410341,2.6803739984872,510.252242348374
000100.png,124,128,0.00166892962208644,580.266221430081,504.579060939731,528.441395986098,507.592097744652
000100.png,125,129,0.000650599683186241,46.5886487105147,367.234603641074,77.6553427078039,380.789902372688
000111.png,1,1,0.0510393631136665,638.267479866145,427.568210448083,382.128250348579,416.916107130192
000111.png,2,2,0.0222467934542238,126.476515976468,286.172397483004,79.1436367550448,354.47687816154
000111.png,3,3,0.00765148164528969,111.957027935407,329.635069625569,77.8955917864332,330.253984351412
000111.png,4,4,0.131269349845201,173.965984892427,389.646812005815,628.061424003888,399.026209991179
000111.png,5,5,0.0459088898717382,111.000049911285,314.497172782039,0,329.29086408423
000111.png,6,6,0.005484298982751,185.386842355074,275.228287755994,167.002536257366,246.768488839624
000111.png,7,7,0.00729765590446705,194.107008193451,124.29335681539,167.508660706219,129.480572715208
000111.png,8,8,0.0305616983635559,300.991907844408,125.5885811079,169.721497130957,146.228734797527
000111.png,9,9,0.00150375939849624,209.760888892737,140.982181084381,188.056070362341,147.907338435531
000111.png,10,10,0.016452896948253,176.108774192979,268.013008974364,164.440815482834,365.574335245581
000111.png,11,11,0.0570101724900487,298.701450463659,107.926377651065,616.139935769913,56.8700388608722
000111.png,12,12,0.0151260504201681,528.029638438693,429.304345278112,638.340663666221,434.004157491764
000111.png,13,13,0.0108801415302963,580.231036971923,418.728877087407,620.313602449476,421.559878796088
000111.png,14,14,0.0102609464838567,631.619594383594,339.693063911065,574.762207628639,410.160076541506
000111.png,15,15,0.0417514374170721,611.39333545967,432.896355472277,533.272599872301,503.409891542435
000111.png,16,16,0.00420168067226891,480.470465975554,427.60370218103,510.488285728334,429.285677160773
000111.png,17,17,0.00442282176028306,579.623734397585,329.872151963249,625.572162982257,370.209126506599
000111.png,18,18,0.00283060592658116,354.273419319004,416.098519885236,348.5328831889,432.030059753041
000111.png,19,19,0.00322865988500663,364.895488895237,418.736150930768,338.070375121023,415.429145062483
000111.png,20,20,0.00150375939849624,5.55111512312578e-17,0.0268848005135489,0.356614769473105,0
000111.png,21,21,0.00937638213180009,6.19470816875808,198.836567649374,17.1411282250711,248.628503606735
000111.png,22,22,0.00942061034940292,0.914947100352796,199.81506849437,9.30639790152188,241.331702191411
000111.png,23,23,0.00676691729323308,338.211232735469,418.568314982068,298.485827798797,412.707175243036
000111.png,24,24,0.0111012826183105,618.982500429233,438.851800106855,546.757787980526,502.855127710384
000111.png,25,25,0.00110570544007077,553.761896763066,491.604346031997,540.534392717631,499.564613802524
000111.png,26,26,0.0126934984520124,624.486381470864,380.650816698898,573.62976193657,389.982173869894
000111.png,27,27,0.00574966828836798,114.532448241927,402.911902547414,123.246256821575,364.909970983349
000111.png,28,28,0.0100840336134454,186.46514143424,438.814589809394,83.5790898866427,452.932582339308
000111.png,29,29,0.032905793896506,586.130707600697,0.345152331348497,613.609367371952,308.391657422411
000111.png,30,30,0.0106590004422822,168.788394550759,246.251740566518,121.518611464078,252.12687419043
000111.png,31,31,0.00720919946926139,134.026285626602,292.938073369305,170.955262380772,363.403068444479
000111.png,32,32,0.00601503759398496,0,233.267989797291,27.4793727046801,211.347349737538
000111.png,33,33,0.00521892967713401,29.8230835600632,200.208668263209,11.6057262268235,202.007860416319
000111.png,34,34,0.00601503759398496,632.801859312798,0,599.648349785268,29.6062165277508
000111.png,35,35,0.0376382131800088,4.34162757135559,4.13734600452606,32.0057309601937,338.165164880841
000111.png,36,36,0.00508624502432552,180.77985126803,309.983835075927,137.478640240807,316.574757072673
000111.png,37,37,0.0033171163202123,138.880807922168,310.530284495729,151.847279052363,283.925567643905
000111.png,38,38,0.00513047324192835,162.828971595322,365.553432625815,101.794945941089,381.627084878983
000111.png,39,39,0.00526315789473684,82.671287574142,445.205735987077,107.533112133557,438.31537385171
000111.png,40,40,0.00451127819548872,85.0871271735043,502.00799092868,85.4990571162556,445.966915817715
000111.png,41,41,0.00234409553295002,0,215.100454834109,4.11736990620739,243.983268412601
000111.png,42,42,0.00190181335692172,578.097002093001,414.603042588693,600.864494515598,410.940789774722
000111.png,43,43,0.00336134453781513,11.9104259381301,194.015921307137,19.1699762652951,234.858510708969
000111.png,44,44,0.0112781954887218,176.374132313685,316.981028186176,88.6420285227491,350.439205472298
000111.png,45,45,0.00720919946926139,99.7864548086728,366.400693772141,153.360556092152,363.222166860423
000111.png,46,46,0.00384785493144626,593.429753463155,394.420102524328,620.118463998383,384.787107352221
000111.png,47,47,0.00119416187527643,181.311965679442,258.327396891752,173.029577928297,250.858312112617
000111.png,48,48,0.00473241928350287,100.77075528932,333.9060761842,96.8322225802227,385.452326294171
000111.png,49,49,0.00287483414418399,554.435074702031,197.651056814052,543.860174423929,245.076911896269
000111.png,50,50,0.000353825740822645,9.13982940228721,219.551680262847,12.8140430272393,228.893175568397
000111.png,51,51,0.0015922158337019,560.558676645323,235.855565218837,562.761258768863,213.875865940799
000111.png,52,52,0.00477664750110571,328.480754082434,424.045567432916,264.574389106858,418.885840538811
000111.png,53,53,0.00212295444493587,597.932988905766,181.995313768638,601.700681273979,128.118932335214
000111.png,54,54,0.00411322423706325,637.893117840791,253.807440337633,564.860953266602,294.34467095714
000111.png,55,55,0.0033171163202123,631.976170952578,272.780493741007,561.807562765321,274.151582310399
000111.png,56,56,0.00871295886775763,121.712962212267,255.592432618131,111.103384492864,315.127386187946
000111.png,57,57,0.00163644405130473,593.260289785413,380.121146439492,601.883335865628,358.368126168879
000111.png,58,58,0.00287483414418399,597.937638776878,220.281190495288,587.392508150768,245.204330395799
000111.png,59,59,0.00371517027863777,585.071839795667,273.670889386972,567.979876051885,218.006179099645
000111.png,60,60,0.00252100840336134,590.185603726951,246.090028414363,590.895504661834,276.167682223965
000111.png,61,61,0.00393631136665192,576.595066094013,276.276596937676,595.082463089373,370.180640454759
000111.png,62,62,0.00884564352056612,553.782593938889,500.438890259784,615.149475045794,491.892705734497
000111.png,63,63,0.00243255196815568,636.514669515656,251.62642421135,621.875731493662,236.117296016871
000111.png,64,64,0.00123839009287926,639.245144850215,141.397096617834,619.279328075128,159.191380578226
000111.png,65,65,0.00123839009287926,616.50396544901,424.166312918494,580.011666817534,421.818649873767
000111.png,66,66,0.00420168067226891,458.418341522544,427.4111802677,430.024863490432,425.608403547002
000111.png,67,67,0.00221141088014153,597.744909460821,150.277480328362,571.91387298155,124.110684861446
000111.png,68,68,0.000796107916850951,623.371331600923,0,609.929661225959,0.766484722624529
000111.png,69,69,0.00212295444493587,600.952050065219,23.0923145163473,614.253526619193,0
000111.png,70,70,0.00791685095090668,27.7631919417781,218.021905952425,38.5045536190826,334.138336412709
000111.png,71,71,0.00260946483856701,618.365217952106,179.510244100674,637.365927704326,167.034314549278
000111.png,72,72,0.00486510393631137,11.5856423639889,142.232183417678,4.09831060887073,64.3752168129684
000111.png,73,73,0.00207872622733304,135.665380564506,411.722387673572,101.808498588377,416.696531254986
000111.png,74,74,0.00185758513931889,105.012828630771,443.984754293016,105.476033056391,413.991907943503
000111.png,75,75,0.00260946483856701,541.91932609259,187.955852558411,518.399568124706,230.935257668526
000111.png,76,76,0.000973020787262273,550.011204167584,197.887867003865,526.050583148144,195.493756237351
000111.png,77,77,0.0021671826625387,108.553400296544,453.527580925142,97.5562906300389,487.20195274683
000111.png,78,78,0.00199026979212738,635.828749956088,42.0435530875514,635.025104175534,1.97943744340664
000111.png,79,79,0.00145953118089341,628.509461487341,49.0750203500139,620.113271470463,21.8130019025172
000111.png,80,80,0.0015922158337019,165.716297196934,316.427252721853,137.550475158588,321.507994411228
000111.png,81,81,0.0049093321539142,137.868043090742,356.496946747431,165.059822342068,254.28193957
000111.png,82,82,0.00336134453781513,116.409961383873,374.943468744039,82.816837777712,318.328595058418
000111.png,83,83,0.00141530296329058,24.5512726201241,318.399120568846,22.1877531646013,286.132747509172
000111.png,84,84,0.00247678018575851,597.635144345661,158.426923409779,569.149937080243,128.817795739461
000111.png,85,85,0.00959752321981424,26.5373950854784,206.10829900127,15.1311653566493,52.0643331108826
000111.png,86,86,0.00132684652808492,634.538424210084,135.405657487298,609.600790747784,144.957789297237
000111.png,87,87,0.000840336134453782,0.531231089732538,338.021793847535,0.0861838792914871,308.028397535142
000111.png,88,88,0.00075187969924812,582,500,602,500
000111.png,89,89,0.00070765148164529,18.037242306053,66.197158460325,16.0825438264378,86.3950968682705
000111.png,90,90,0.00154798761609907,636.39474816179,281.890920922897,614.296212878994,201.918148757628
000111.png,91,91,0.00119416187527643,601.770438130211,251.400668746132,638.017616541623,248.199472269794
000111.png,92,92,0.000353825740822645,170.122746105521,371.965103575867,174.104395778427,385.970320529958
000112.png,1,1,0.0700251536083357,329.152625309169,164.013591589457,330.766354124087,502.082262668254
000112.png,2,2,0.0700095786186542,306.953726947507,148.102782449383,318.91153500173,502.509090735869
000112.png,3,3,0.0187211375972463,313.822449680661,128.045060507455,321.523021513434,500.175415901483
000112.png,4,4,0.0293977930239621,321.787694735006,188.202472760003,33.8795455593661,194.44123223546
000112.png,5,5,0.0499100544345889,449.880724735088,173.256917382983,0,184.570159625268
000112.png,6,6,0.0537882268652997,449.898255063339,162.086640201738,0,173.783716837974
000112.png,7,7,0.00199359867924087,339.9996416133,170.567462810759,166.003500373564,170.457573842338
000112.png,8,8,0.0134723660745575,134.619927638505,161.577771733482,156.720428455552,508.081612867179
000112.png,9,10,0.0200683742047021,331.715048107812,489.608295939779,0,500.872138175774
000112.png,10,11,0.0128960914563394,184.959654546018,176.22942660392,195.725428975259,506.595520886823
000112.png,11,12,0.00575495868733987,43.9416598208385,477.912695321353,226.117638809733,356.176043656838
000112.png,12,13,0.0105209055299001,0,428.003100903159,324.364050578734,418.718871622755
000112.png,13,14,0.00656485815078147,210.306475979578,338.079304984853,212.038676496376,506.123297539172
000112.png,14,15,0.0454010949217746,109.060346047468,112.069488400898,118.477652480162,510.461474967066
000112.png,15,17,0.0297949552608421,419.668758253811,168.014479095647,434.293976705171,502.599111749981
000112.png,16,18,0.00958640614900593,455.834772742311,483.659709686977,337.929503576403,488.148156976525
000112.png,17,19,0.0563425251730771,398.903530167922,167.934804457553,422.788653326211,498.953284066687
000112.png,18,20,0.0108401928183723,443.874679336971,393.471870631898,335.957340011524,396.458594600498
000112.png,19,21,0.0109803677255064,362.320583567769,308.170749870685,371.073586889014,496.785500337648
000112.png,20,22,0.000443887205924726,367.672049119956,421.435644880259,373.153434061917,398.82506786386
000112.png,21,23,0.00725015769677053,413.927899062537,192.600808586055,323.883566558433,194.510757157975
000112.png,22,24,0.0013705990919781,413.982922013459,193.7278219944,335.913807521945,198.626319518475
000112.png,23,25,0.00570823371829516,445.826239456644,374.559466507068,323.98610081091,377.404828162088
000112.png,24,26,0.000646362071785127,439.667013559249,318.771543663447,400.126656871566,301.706530672935
000112.png,25,27,0.00389374742039233,428.362638715822,286.089597903811,440.115575121072,500.869210226321
000112.png,26,28,0.000428312216243157,427.789564833023,360.369305098003,407.66311246814,383.709498948217
000112.png,27,29,0.00450117201797354,334.613420786571,180.01430617587,336.699270994912,382.178502078662
000112.png,28,30,0.000872199422167883,341.416366630737,384.25708857278,340.098341797506,329.997611165137
000112.png,29,31,0.000428312216243157,301.052577141385,124.386163509342,323.380930633517,138.949171984263
000112.png,30,33,0.00138617408165967,207.522694811615,78.1306713811185,208.526064419029,112.50998160721
000112.png,31,34,0.0015730739578385,412.115374144901,157.241449083744,407.069015753867,183.084426608127
000112.png,32,35,0.00270226070975228,381.146944739429,305.992615954892,381.597575476114,498.043179764513
000112.png,33,36,0.0046724969044708,420.220768177283,384.239100118757,410.86610021361,158.129656645396
000112.png,34,37,0.000482824680128649,269.840072054522,15.0587958473838,211.95241440361,6.31503832368121
000112.png,35,38,0.0077719198511031,625.789387991375,114.00749227562,639.660813092083,503.940918518745
000112.png,36,39,0.00140174907134124,423.34177060616,397.794465454839,438.538001419336,496.998498594455
000112.png,37,40,0.000498399669810219,450.096013249485,444.98496864923,389.96592172245,443.070134338183
000112.png,38,41,0.000661937061466697,366.756253302326,362.509480569383,327.351007440707,407.035830319178
000112.png,39,42,0.0027411981839562,575.23547706459,296.497372690196,583.411836384771,506.334639850056
000112.png,40,43,0.0533287646696934,0,464.830624582817,36.9605509616099,512
000112.png,41,44,0.000101237432930201,321.259702445928,173.601118616326,322.674517190324,170.975315714485
000116.png,1,1,0.054207071011263,0,500.474811124669,637.98115117482,497.686807660193
000116.png,2,2,0.0012849083498966,377.828332787052,499.049365076784,317.798806738783,502.541868114084
000116.png,3,3,0.102230520588649,33.2926930921846,0.199637724220833,27.5837525788777,380.324157882463
000116.png,4,4,0.0173663394165713,273.993779268028,0,155.360284990029,128.780353549159
000116.png,5,5,0.0762512798891767,186.523659939457,0,189.37750138973,249.687084141579
000116.png,6,6,0.0143949888574354,176.158763978531,1.56675359499254,186.697999588639,248.690805496534
000116.png,7,7,0.00945612238752033,166.103880520303,70.657074305081,322.507840746632,0
000116.png,8,8,0.0293320484249834,330.178092290736,373.996500337155,332.723223060759,503.514167936216
000116.png,9,9,0.0334076170973117,195.888515388903,0,198.641188345048,247.792919446034
000116.png,10,10,0.0447509486237427,189.119380655101,503.970666960364,188.701294192786,373.99131112379
000116.png,11,11,0.0755084422493927,335.299467778745,239.747287160502,315.515866266861,0
000116.png,12,12,0.0143949888574354,299.424520336546,158.706639601705,311.240868928907,244.810573013669
000116.png,13,13,0.00210805276154912,201.467380308948,261.285943498071,194.020797326571,287.697526672886
000116.png,14,14,0.0151177498042522,198.00736502644,504.587211169764,200.912264663485,375.930283107226
000116.png,15,15,0.00728783954706981,217.163484230233,372.009652658634,223.665427837699,397.368151910372
000116.png,16,16,0.00762914332751109,313.997113468358,239.10438299381,151.973012856752,239.626579077497
000116.png,17,17,0.00166636551627216,241.795642374523,225.932880296618,180.543601873531,242.670130705556
000116.png,18,18,0.0105402638077456,292.010509166566,173.956842249217,165.149633830481,143.065471742708
000116.png,19,19,0.0637836535565862,637.978388093129,257.753213836086,3.90239002019655,263.852410831138
000116.png,20,20,0.0181091770563553,326.006836892472,436.39161037341,149.851027602247,439.46700982198
000116.png,21,21,0.00630408159168022,370.590435290701,447.830001679125,214.030075360207,425.662424017268
000116.png,22,22,0.0107008773514827,323.661452346747,89.2015074281633,238.818437711848,0
000116.png,23,23,0.00746852978377402,190.323628412409,73.8551188120138,260.743529828228,14.8141171372655
000116.png,24,24,0.0118251721576422,327.482844264546,88.9691527448182,324.145722166847,0
000116.png,25,25,0.00656507860025297,247.790004810602,397.38218089187,234.452977800765,365.560259318681
000116.png,26,26,0.00616354474091028,81.3920289057498,343.545510970895,2.20489564881913,312.394979552226
000116.png,27,27,0.00526009355738923,208.000884790318,47.6633768305418,308.000034600396,47.6739900342029
000116.png,28,28,0.0136521512176514,207.990540278727,390.977122363735,0,391.628003006348
000116.png,29,29,0.0369611917524945,637.94056266337,262.886256332335,11.8856631515114,270.162928420196
000116.png,30,30,0.0048384830050794,308.236737834749,83.9190265239176,311.64046916032,177.940612400679
000116.png,31,31,0.0083920576602622,300.030280551066,158.680310749393,200.075083009412,157.768569247419
000116.png,32,32,0.0187315545383364,314.001826995108,140.879379257184,174.011981142484,140.651147926279
000116.png,33,33,0.0226665863598948,637.922537075572,328.23980753595,21.9040617344874,334.388958194591
000116.png,34,34,0.0173061093376699,323.139268343543,506.377764264328,325.862003943138,368.431504678657
000116.png,35,35,0.00194743921781204,323.359864650183,455.883309610841,307.586528937428,500.773934081516
000116.png,36,36,0.00277058362946455,241.617234637073,123.101657398232,161.648377018973,157.174747941659
000116.png,37,37,0.00465779276837519,308.899623819838,371.637705211234,244.939941704477,401.430646814101
000116.png,38,38,0.00592262442530466,633.895272877121,383.430786255365,277.890099237894,389.106259609505
000116.png,39,39,0.00997811640466582,323.132844210761,396.88784444078,221.205616727587,351.700965053662
000116.png,40,40,0.00554116725892911,225.948613813978,374.665505971459,315.989924956919,374.169830517611
000116.png,41,41,0.00389487843562408,273.239414392631,178.530327092978,161.985128646005,236.106681731271
000116.png,42,42,0.00236904977012187,284.463178075752,384.506402373354,210.405110970699,398.192182988761
000116.png,43,43,0.00684615230179285,304.484213123487,185.639044578582,183.539786536336,152.490577942901
000116.png,44,44,0.00164628882330503,249.69585874017,181.889116918263,254.157141540202,250.120494602756
000116.png,45,45,0.00690638238069425,165.971430269142,448.523313674556,0,451.734394464831
000116.png,46,46,0.00054207071011263,244.304134243354,382.412963901932,264.249372380653,382.859421088445
000116.png,47,47,0.00275050693649742,217.680383999256,72.9146803586468,283.987527465544,152.010455907738
000116.png,48,48,0.00271035355056315,161.372485882117,64.2690336696414,216.174534112963,2.15398566343497
000116.png,49,49,0.00528017025035636,353.828991350987,450.399840946844,637.869495674802,441.726268920011
000116.png,50,50,0.0018671324459435,339.880844515364,446.496163838138,513.90048232314,443.732857999387
000116.png,51,51,0.00269027685759602,248.464311437984,41.9845880932823,288.54602862744,0.527919042301555
000116.png,52,52,0.00359372804111707,302.730884797876,46.7715477399174,299.023631450501,0
000116.png,53,53,0.00236904977012187,283.054102070225,250.952643228829,295.508705029168,195.888876403664
000116.png,54,54,0.00343311449737999,284.025179197462,202.143913057846,159.633903644723,223.907556583812
000116.png,55,55,0.0011644481920938,183.605280252937,15.3166018350268,201.917799357929,58.3321187144461
000116.png,56,56,0.00923527876488185,2.71376887701874,142.313404764904,18.9233922561933,1.95443017139004
000116.png,57,57,0.00435664237386818,263.169648122456,42.4040246586744,202.650523047643,217.606402772687
000116.png,58,58,0.000682607560882571,300,338,400,338
000116.png,59,59,0.000963681262422454,0.24697303066404,1.02586926015111,28.8238680637363,49.8586685639134
000116.png,60,60,0.00331265433957718,216.863750235396,54.3430831102968,286.096547625603,146.423664857143
000116.png,61,61,0.000803067718685378,245.884621710844,115.756426501522,184.414172253263,144.87435327251
000116.png,62,62,0.000562147403079765,279.880047581517,73.6942026156194,242.867924294095,88.2126188227966
000116.png,63,63,0.00158605874440362,212.277246924273,0,201.500228003859,47.887527032778
000116.png,64,64,0.000562147403079765,6.59486406185104,52.0630412849525,9.13225155085337,28.11999143541
000116.png,65,65,0.000762914332751109,202.346610474667,22.3342750605846,199.514492459647,42.2157397080464
000116.png,66,66,0.00140536850769941,287.522884399647,186.708081418821,224.054460034993,210.147465165857
000116.png,67,67,0.00104398803429099,219.919658336424,233.896145986828,196.217193743175,189.736445572704
000116.png,68,68,0.00102391134132386,261.078199472013,113.594894850916,276.928155673879,77.5289548635036
000116.png,69,69,0.00154590535846935,244.998097248152,1.12567049461284,208.754071538051,42.6580548797517
000116.png,70,70,0.00090345118352105,7.55217304683064,297.929536979286,5.99953124294071,263.727643064598
000118.png,1,1,0.389959465745232,366.710451342363,512,247.413286810588,0.136742027875925
000118.png,2,2,0.0608678317496179,251.223637394868,0.180804452970635,370.419473282758,512
000118.png,3,3,0.0364476044919928,306.541504489893,226.799101014146,493.28380744056,0
000118.png,4,4,0.0357831085121935,636.264055049988,228.252770553281,392.624715610698,482.76895972032
000118.png,5,5,0.0120606020333577,634.964674439104,458.873835129963,583.179152379859,509.154586569956
000118.png,6,6,0.0312645358495581,413.722200289256,266.66243565288,364.413815780885,97.1144599632286
000118.png,7,7,0.119509601966908,445.764445308249,1.57877545315536,624.813451185814,481.933252324749
000118.png,8,8,0.0148847099475048,441.508922255985,233.826703970213,521.279514355984,142.391968948582
000118.png,9,9,0.0120606020333577,532.570553330577,128.769665980299,621.740108071023,25.1692444715161
000118.png,10,10,0.0301016678849093,457.706642850558,416.342277680521,417.111714472349,273.64949720342
000118.png,11,11,0.0407668283606884,488.95582397444,512,420.691769091468,255.80941534586
000118.png,12,12,0.00970164130507011,374.524434643325,0,345.4792489156,44.4296989738363
000118.png,13,13,0.0170110970828627,432.167296518173,243.009976907458,336.275973698287,350.461452844592
000118.png,14,14,0.0327264270051166,638.491594608959,218.472321010022,370.920068809933,496.962408901257
000118.png,15,15,0.0200013289919596,351.781973640894,39.3331269995403,416.577251262582,244.34599452687
000118.png,16,16,0.0018605887434381,294.194188830481,7.2098510468235,264.857505339999,0
000118.png,17,17,0.021596119343478,581.255398791871,1.46998645177515,636.964237781459,105.483561957622
000118.png,18,18,0.0179081666555917,279.848169708794,118.356819357315,360.49684241196,12.7431988215485
000120.png,1,1,0.0330359698502051,136.19362904498,0,0,19.2079164960279
000120.png,2,2,0.105780698406641,369.558069193258,14.4969201604645,0,61.1184940718611
000120.png,3,3,0.096490077282702,358.84538505294,115.705476441354,19.5445796020064,152.930926621101
000120.png,4,4,0.103067455395478,321.893203468152,446.807057985534,0,457.573641781964
000120.png,5,5,0.058886318099418,0.188316446666668,250.719620550867,339.774217053493,221.386168366747
000120.png,6,6,0.0247769773876538,100.608147409198,512,325.567323058044,502.282179673796
000120.png,7,7,0.0098690487548898,0,485.680985681478,300.40795092127,324.761571878988
000120.png,8,8,0.00881953057914321,33.7976110501122,504.975728595304,187.136853113439,315.680695753553
000120.png,9,9,0.0682544604522469,0,430.054660745585,324.647011281227,418.838459013443
000120.png,10,10,0.023822869955157,0,2.20334097111521,13.6560846006504,0
000120.png,11,12,0.00765074897433451,0,490.663278053845,79.2548629611869,110.345413414862
000120.png,12,13,0.000262379543936647,50.4584370832627,181.034477452682,68.1806592299807,138.917592246211
000120.png,13,16,0.0731025188436218,363.572835211559,31.144497675975,0,32.408629198766
000120.png,14,17,0.0144606907737811,328.49758111831,456.927639397822,0,468.386054064716
000120.png,15,18,0.00319029672741151,18.2331012939604,157.252702225485,0.193276742585699,155.722068566203
000120.png,16,20,0.00508658524949909,500.242439831081,5.86325935885124,556.62984901089,0
000120.png,17,21,0.0296787043221067,526.363789782681,90.5222786430873,637.865291028922,82.1960349612107
000120.png,18,22,0.00443659956111058,638.96604757562,103.781162257864,536.736791378096,101.3256381639
000120.png,19,23,0.0218073180040073,637.700384509404,193.324383413922,469.520867990003,204.101398043425
000120.png,20,24,0.00379854021562828,637.990802661981,209.896687240928,538.8182432624,218.725447204564
000120.png,21,25,0.0287782654326877,465.51779704559,316.210791319997,637.985864490607,314.540457248253
000120.png,22,26,0.00087062303215342,640,311.723980525941,637.124024076624,310.934084834958
000120.png,23,27,0.024842572273638,637.953518660393,438.283480647501,408.76763061532,444.489566864895
000120.png,24,28,0.00194995706516554,638.244410088019,390.002006652859,637.258714670744,510.059595414668
000120.png,25,30,0.00112107623318386,638.566968649184,191.926100626626,530.446232289452,162.367738909716
000120.png,26,31,0.0140611582864231,573.902419696672,0,535.607150493424,507.329059621679
000120.png,27,32,0.00452008396145406,517.956642324385,0.685513125469314,474.172901857432,508.876457362675
000120.png,28,33,0.0653861749833031,338.622414906661,197.352732380554,0,210.081681122104
000120.png,29,34,0.0339185192252648,329.308904864192,295.69378013303,0,305.056971265809
000120.png,30,35,0.000369716630092548,338.02158946599,399.941432845046,296.465189110861,390.814873451555
000120.png,31,36,0.00114492891899628,201.282197268122,282.746498036908,212.526441178388,195.616555173907
000120.png,32,37,0.0175138345577712,63.7110788732842,54.8368440237997,367.468779115776,24.653860678213
000120.png,33,38,0.000787138631809942,215.428145273526,69.6158628911537,221.745563910141,158.885723374594
000120.png,34,39,0.00115089209044938,627.922792101276,510.258680558089,632.562613644353,404.024572399136
000120.png,35,40,0.000155042457780746,0,20.8376116588312,27.1060388879152,52.4791412858059
000120.png,36,41,0.000876586203606526,639.247077717515,345.567867822841,582.662216108768,329.646474407585
000120.png,37,42,0.00568290239480966,507.184804165989,450.314853367921,637.174203310605,447.772777227861
000120.png,38,43,0.000566501288045034,202.129479813447,200.346409468443,120.342552664665,230.916463217868
000120.png,39,44,0.00258801641064784,44.4613174879095,37.8236657022725,0,100.568779573759
000120.png,40,45,0.000411458830264288,636.992444971659,325.720389608976,627.001269742261,361.722838604305
000122.png,1,1,0.00205121589369799,185.518744883208,326.574645451662,223.935188521073,330.61607560511
000122.png,2,2,0.0203186480036122,175.302942451191,210.705092556923,257.845016883179,98.2918411540146
000122.png,3,3,0.00812745920144488,94.0309203342033,86.7800981726496,250.032083860533,90.7341934975248
000122.png,4,4,0.0135973682513062,92.5229488429115,103.931159627385,246.352923258385,118.193444798057
000122.png,5,7,0.00704379797458556,248.459702877399,137.810557381584,173.58952030143,308.306695521354
000122.png,6,8,0.00518609301425531,614.885232168523,287.73456071709,552.60160142425,80.0204917868757
000122.png,7,9,0.00176739985809198,540.357506946684,158.478690690707,639.704394347716,84.2821310609885
000122.png,8,10,0.00353479971618396,606.22940663927,280.025531892722,557.309201285176,125.68328098277
000122.png,9,11,0.0101012707217958,580.07870696205,506.038236088758,573.868023365886,193.962824043074
000122.png,10,15,0.000838547377926853,51.2832266320494,458.302393795623,29.7500665641805,407.261678384552
000122.png,11,16,0.000864348835709218,65.4636574322486,464.247972071635,43.7148547777578,417.207155804216
000122.png,12,17,0.000490227697864929,16.6133630556951,439.774459352191,64.2985885706448,452.916594348532
000122.png,13,18,0.00722440817906212,580.77814698047,220.032362835726,588.357842944729,506.202415404652
000122.png,14,19,0.000399922595626653,599.955027608668,281.812840570791,548.140932493796,294.263208537162
000124.png,1,1,0.154805123638605,176.70419684886,339.956328854972,183.735755612247,131.31705463537
000124.png,2,2,0.140386327830673,361.749924369478,0,308.466911146186,509.421265529115
000124.png,3,3,0.0031166518254675,638.474014799058,494.029909291496,570.009758304138,502.082961714681
000124.png,4,4,0.0285978491677512,44.9802266890463,509.895729336496,49.3221216381511,467.431737651193
000124.png,5,5,0.0782587848482773,296.391055720162,115.700040051271,268.125485436134,349.773642894757
000124.png,6,6,0.0424001643948216,7.78968653602975,15.5919735389034,637.889867183265,98.8336533795641
000124.png,7,7,0.0234605109939037,536.236644780035,318.554496432424,628.101958777887,333.593855387665
000124.png,8,8,0.0188369066374409,49.7077222784752,284.857939806028,31.8968839523368,253.462317524238
000124.png,9,9,0.00801424755120214,51.1665155270554,250.00202540396,51.1909457355102,260.055427005943
000124.png,10,10,0.0762723474210562,448.680252777364,100.967919183455,427.816805973261,371.52319266227
000124.png,11,12,0.0400027399136927,585.904959218423,251.595016445299,558.515618123473,503.22609612172
000124.png,12,13,0.00613055688745805,538.375884015774,325.023950245748,611.352071642387,298.234970434593
000124.png,13,14,0.0136653195424344,254.482580154464,510.038239616678,257.567009183048,471.113052432067
000124.png,14,15,0.00284266045619563,252.918378884663,505.020844348245,247.467430176687,475.362711597508
000124.png,15,16,0.0033221453524214,131.091318455053,385.719392264134,70.4442393113622,403.514040425555
000124.png,16,26,0.00376738132748818,122.148081810239,384.931409321495,76.6269400386946,356.173422558187
000124.png,17,27,0.0035276388793753,121.090869072371,420.870081240643,63.4824294900773,431.079524425522
000124.png,18,30,0.00126721008288239,490,206,486,204
000124.png,19,31,0.0295568189602028,126.939538258748,130.914047549197,76.7553156015778,457.193327846693
000124.png,20,32,0.0043496129871909,416.857938404893,503.363816283696,419.148492059966,512
000124.png,21,33,0.00215768203301596,437.663826805262,499.518051818692,483.367144215801,493.327660601118
000124.png,22,34,0.00606205904514008,190.002816931191,144.165439610348,340.027430046729,141.610978733565
000124.png,23,35,0.000582231659702719,42.8975984807149,252.42833275749,45.4477492180473,258.991664648601
000129.png,1,1,0.00155738036487197,261.080199855267,61.8227949331447,285.708924870886,41.9783103203889
000129.png,2,2,0.281744266008657,0,170.995070341112,637.966768327136,185.465141574087
000129.png,3,3,0.130294081954613,0,185.595700224929,637.977709486944,200.927537281441
000129.png,4,4,0.257008211641924,0,288.108923415568,637.995636007581,304.173315498311
000129.png,5,5,0.00364062942437604,250.212439702104,182.169839551453,239.469614785569,322.112816053586
000129.png,6,6,0.0510294890983374,637.919578945781,376.895129790918,0,359.174969124226
000129.png,7,7,0.0155333522106711,127.543269968734,0.147691676635388,98.8395708820256,300.080347336327
000129.png,8,8,0.00111241454633712,276.721007960052,0,270.268304135043,28.5133281768338
000129.png,9,9,0.00515755835119939,261.595527674937,0.0939914834814734,251.587906814771,169.97572386213
000129.png,10,10,0.0026900206302334,529.969925864249,349.999400098304,533.360435556213,180.027137192032
000129.png,11,11,0.00459123821851867,112.187357579039,270.204019881461,137.389909111938,0
000129.png,12,12,0.00564297560778286,269.598789078462,32.1040264448519,250.99254499762,318.064580706016
000129.png,13,13,0.00184054043121233,531.999999999999,92,531.999999999999,0
000129.png,14,14,0.00707900165850896,398.512952541613,0.0195207837335905,386.484486420869,316.094548945909
000129.png,15,16,0.00384288661461915,409.891213151138,0,404.878453355094,158.091270031864
000129.png,16,17,0.0107398568019093,531.927283202791,159.634236276877,0,165.710498303677
000129.png,17,18,0.00216415193560131,53.6703239875863,179.404439888867,111.42677428028,192.962098265424
000129.png,18,19,0.00920270215606165,540.463488431614,204.542810775946,639.473384099734,194.441148276491
000129.png,19,20,0.000788803041948141,114.409779006786,162.033977815241,117.895843819913,119.991363638975
000129.png,20,21,0.002143926216577,400.427694358946,226.395141419654,411.519705823394,158.247353508196
000129.png,21,22,0.0324622790340197,637.995149813698,8.31658145225928,95.1550875748194,0
000129.png,22,23,0.000667448727802273,543.295109926482,16.4454892384066,548.951995358548,0
000130.png,1,1,0.00175558790785304,425.822448184051,189.839522014123,471.377670741091,139.437515490969
000130.png,2,2,0.00705089777625532,457.736341757104,70.5456386158476,354.043877155635,3.00307212679407
000130.png,3,3,0.0195897918986041,454.70776855743,27.8889676171742,218.53621371089,90.0376681218209
000130.png,4,4,0.0226727755416631,476.991670944792,209.302579697768,25.9240566866169,301.628973169008
000130.png,5,5,0.00344694698980903,445.72523489815,204.468578732216,353.227943946294,248.126953229818
000130.png,6,6,0.00410350832120122,458.929089212109,107.783603064055,398.687205258641,180.234376523808
000130.png,7,7,0.0411207216465416,366.16337483573,0,417.597904245137,511.648853643416
000130.png,8,8,0.0563001341668808,355.396993310797,0.259621041676183,406.432595079879,511.951631576413
000130.png,9,9,0.0260055379520996,452.806036948532,7.40183186479613,186.110807699161,74.4898920563554
000130.png,10,10,0.0219876680654278,467.61602101535,161.314131507045,9.44424676938149,316.357684412256
000130.png,11,11,0.0058448231566327,455.913090571186,48.3329036028921,178.042691236736,62.8189031722044
000130.png,12,12,0.00373240843824042,338.332598914167,84.8597319366148,361.599060396225,173.263721305916
000130.png,13,14,0.0321072764123205,88.1117425731923,7.34218442907339,293.23816010754,227.724824252516
000130.png,14,15,0.00109902657646085,344.797537251166,392.833845893442,432.712016269152,452.958894151974
000130.png,15,16,0.0426693500042819,345.178370100507,118.762812879652,0,283.71666478371
000130.png,16,17,0.0101981102452114,495.148064554645,365.094230861016,144.051631828108,432.269856076602
000130.png,17,18,0.00200536667523051,420.467214025656,362.305750850317,320.686965229489,295.975181851399
000130.png,18,19,0.00690103051582884,317.309697134125,227.873184562199,331.420660115148,373.605345381891
000130.png,19,20,0.0391296280437327,320.197796531952,74.510387334056,0,224.386460192326
000130.png,20,21,0.0508763666466844,125.779286453636,0,0,60.5412073075637
000130.png,21,22,0.00660129599497588,447.793693892501,278.912219061667,193.459233679692,327.148725733551
000130.png,22,23,0.00263338186177957,278.899341696597,245.669543341662,237.3105359792,384.190172859776
000130.png,23,25,0.00103479775056379,257.622549867326,267.922564228346,259.377640763109,304.697848302672
000130.png,24,26,0.0011204361850932,271.080578792843,385.282935841946,205.752579055216,286.837001398719
000130.png,25,27,0.00417487368330907,326.182355433298,388.903343217331,135.689798912515,420.106233163242
000130.png,26,28,0.00137735148868145,211.179938066672,449.849323736863,298.912347374743,497.98246734278
000130.png,27,29,0.00176272444406383,245.255074604564,407.750878908017,236.269861616485,506.753894341587
000130.png,28,30,0.00104193428677457,241.853041249407,503.102359232109,147.993032959035,507.862628241941
000130.png,29,31,0.00193400131312266,143.981891158557,439.360842562635,190.82952152769,508.835166517878
000130.png,30,32,0.00167708600953441,162.863602556855,403.896577141517,175.765353747118,323.321941059986
000130.png,31,33,0.0308726556478548,25.8847308149878,0,0,21.7043772556744
000130.png,32,34,0.0012631669093089,145.832529157035,458.33936430511,248.493127059254,509.00072323736
000130.png,33,35,0.000585195969284348,143.50028513268,470.218011938944,179.328086415493,510.596192938587
000130.png,34,36,0.000285461448431389,154.388150174012,504.478346716073,167.198868442875,494.083203699105
000130.png,35,37,0.000770745910764751,150.083046102115,506.469328060379,146.898599408438,479.892330129888
000130.png,36,38,0.0129813593674174,62.1128231057818,304.433439962111,73.4476462642597,510.689814847644
000130.png,37,40,0.0065442037052896,36.8752110066462,408.189289185119,0,441.227181079303
000130.png,38,42,0.0311866632411293,605.793805033735,48.1494313885596,473.841213268759,281.049355301846
000130.png,39,43,0.00365390653992178,637.777261718821,350.953180288912,587.500177178312,361.650945409899
000130.png,40,45,0.0309582940823842,440.369595956612,43.7320649558172,493.304913109307,511.887747500249
000130.png,41,46,0.00256201649967172,482.633141355474,464.007126739597,466.093305089996,508.549328697032
000130.png,42,47,0.000720790157289258,429.833468370143,330.240323077956,460.400649404596,351.421819757746
000130.png,43,48,0.00285461448431389,501.985516019932,376.18393787448,300.720825438481,410.49693408444
000130.png,44,49,0.00476006965259342,583.867040016462,280.050018896059,483.35813719615,31.4471756639371
000130.png,45,50,0.00176272444406383,359.780588853795,242.754806634925,331.396785073522,367.123659409135
000130.png,46,51,0.00217664354428934,342.41772243569,390.742335143988,141.833406247613,425.025285347219
000130.png,47,52,0.000442465245068653,342.210485192366,349.062112618288,348.718752016031,372.282977407626
000130.png,48,53,0.000363963346750021,347.675728407937,340.433737155529,341.026127768864,366.124237843061
000130.png,49,54,0.000278324912220605,305.751435491918,510.389049693462,255.726520278618,478.428046637039
000130.png,50,55,0.00166994947332363,278.147298902723,424.958257866919,248.504941059001,462.503565652332
000130.png,51,56,0.000385372955382376,173.268197643911,462.874980562455,212.646461179215,428.451632082755
000130.png,52,57,0.00137735148868145,156.479706195514,437.007370185494,200.593410162454,503.582490036773
000130.png,53,58,0.00112757272130399,456.16598940563,512,447.58532347899,476.518642651796
000130.png,54,59,0.00368958922097571,400.544188018226,255.702454836174,488.762795136632,230.426058714347
000130.png,55,60,0.04001455853387,576.434374045647,48.210897910174,444.548731304488,478.936197148198
000130.png,56,61,0.00133453227141675,424.529583247618,508.282802095431,434.052839207818,489.036524812215
000130.png,57,62,0.000770745910764751,335.697468116345,474.367524024423,225.57597630014,422.907384290746
000130.png,58,63,0.000285461448431389,276.245784646208,405.897906936775,300.618384568528,464.57389000401
000130.png,59,64,0.000606605577916702,433.122964974851,245.179408008909,419.786128361204,291.938999229282
000130.png,60,65,0.000342553738117667,476.538821282386,204.935860832463,438.232971764162,185.539894975794
000130.png,61,66,0.000585195969284348,402.229178556599,208.679142003076,423.104568290681,263.110450349561
000130.png,62,67,0.000635151722759841,358.957606866146,509.397060414784,390.326517001688,442.98840476998
000130.png,63,68,0.000556649824441209,375.39096293412,469.851311915368,372.932492213956,413.7837184204
000130.png,64,69,0.000991978533299078,351.92587454164,407.916490626404,354.808655988396,474.398553158226
000130.png,65,70,0.000499557534754931,382.684934331217,343.218263655374,422.306168863675,377.933220895164
000130.png,66,71,0.000770745910764751,258.77216092055,385.578929026028,205.783430772677,368.679041707723
000130.png,67,72,0.000478147926122577,375.425473766047,94.6275306718005,348.253357889394,156.350630578642
000130.png,68,74,0.000314007593274528,401.661950267873,190.441839516129,340.354942500145,143.536081210505
000130.png,69,75,0.000820701664240244,330.183609052163,359.812537220612,270.566807601583,301.421295806937
000130.png,70,76,0.00518112528902972,640,435.100399097087,581.062311477087,364.16238937647
000130.png,71,77,0.000956295852245154,604.158796090876,510.564369731845,637.750355342399,501.112749642074
000130.png,72,78,0.000742199765921612,639.934869957428,124.950030556419,604.442476541567,197.235248409243
000130.png,73,79,0.000720790157289258,638.108850810466,336.663176144378,577.445259563742,346.620230735321
000130.png,74,80,0.00244069538408838,637.811858864975,173.117543853886,503.112173486731,201.835743399685
000130.png,75,81,0.00388941223487768,620.739904314464,63.7017789839243,577.662448866892,245.720190924411
000130.png,76,82,0.00433187747994633,516.176711011009,54.4262700601098,447.648276645046,289.103917802818
000130.png,77,83,0.0361322828352031,493.186977872682,0,406.784530675199,214.367685696158
000130.png,78,84,0.00122034769204419,571.165609809474,121.544538540159,501.00442997833,134.683873429377
000130.png,79,85,0.00436756016100026,553.200642764142,510.084134254119,525.828072420671,250.018095787466
000130.png,80,86,0.00517398875281893,483.206107831063,252.074804978419,483.513100656132,444.112680752548
000130.png,81,87,0.000556649824441209,499.284303996246,159.883354345505,558.009092633984,140.026891143878
000130.png,82,88,0.000349690274328452,504.848208741415,142.990107463241,548.74390785393,155.360222091269
000130.png,83,89,0.000656561331392196,506.248772156152,199.149550112289,529.467838213464,153.72796415155
000130.png,84,90,0.000285461448431389,534.81025173185,183.970194238655,499.285638317367,169.789586374325
000130.png,85,91,0.00266192800662271,487.441274895526,0,517.902294070111,210.014171530341
000130.png,86,92,0.0144015300733636,287.471732350497,0,251.563843427004,89.5021829412962
000130.png,87,93,0.000485284462333362,413.914391132913,129.976981093997,401.743290030565,175.242128640185
000130.png,88,94,0.00141303416973538,29.9738014226403,357.566356178208,260.009803083785,361.413894859942
000130.png,89,95,0.000927749707402015,256.089286842731,354.386556134869,114.191803237993,346.534049719019
000130.png,90,96,0.000606605577916702,262.005469764633,379.98232702904,208.771722414068,363.50654210394
000130.png,91,97,0.000228369158745111,89.4290218834592,16.3978745826748,106.285623659176,40.5882882262735
000130.png,92,98,0.00127030344551968,100.741819003952,484.490247043917,107.384346047891,426.157640066814
000130.png,93,99,0.001591447575005,93.4904927153811,427.235569715048,87.4837669232964,509.816976693984
000130.png,94,100,0.000314007593274528,472.243969083569,491.930632290685,489.409530632641,510.544525435354
000130.png,95,101,0.000763609374553966,308.319366030875,297.394870076716,242.662991817717,262.743773134878
000130.png,96,102,0.00052810367959807,79.2347582242338,472.347454741482,37.7872227178882,491.540505890021
000130.png,97,103,0.00114898232993634,600.086170103574,448.260664743892,592.304699590376,510.537867652468
000130.png,98,104,0.0210741914304473,453.121295971676,171.011668583197,0,293.319920539368
000130.png,99,105,0.000442465245068653,171.720606039387,379.528058306294,137.776858976696,399.62307863691
000130.png,100,106,0.00119180154720105,43.8733800705387,0.00936037616618495,49.2214014779388,72.3532578157638
000130.png,101,107,0.00102052467814222,0,476.288481968802,83.1695045189117,467.832038921837
000130.png,102,108,0.000570922896862779,639.873041067188,387.620783098649,612.906485465268,418.784401552649
000130.png,103,109,0.00316148554137764,99.1678010625169,0,76.7041608859409,66.7886547968246
000130.png,104,110,0.0018697724872256,637.787478294459,308.866667406374,562.557628729873,322.973714205326
000130.png,105,111,0.00255487996346093,570.781982951512,316.330620681503,512.636070517783,367.619878639214
000130.png,106,113,0.000713653621078473,434.763302477725,32.4390670844221,430.392434087869,0.218070818542067
000130.png,107,114,0.000314007593274528,192.357061197001,454.892569187535,225.757092806698,496.956998172223
000130.png,108,115,0.000221232622534327,226.132853844551,493.685567468888,193.266535383406,477.437995353534
000130.png,109,116,0.00333989894664726,368.90124085377,0,270.643733427109,40.7279637745706
000130.png,110,117,0.000264051839799035,476.312151965478,206.992512094979,441.897803020844,196.32984645883
000130.png,111,118,0.000428192172647084,466.773043903933,159.835247500414,469.2648508615,232.025375349688
000130.png,112,119,0.000199823013901973,457.41732192078,203.461307622617,446.85620610827,175.674575199021
000130.png,113,120,0.00431046787131398,358.574107570852,159.380215649714,90.3519283384024,278.790509617915
000130.png,114,121,0.010740486997231,185.925120449613,64.2511156058117,0,151.440269141608
000130.png,115,122,0.00147726299563244,530.700739450778,364.841406323185,516.089019241982,507.343162560458
000130.png,116,123,0.00309012017926979,563.218554294746,0,541.872701686605,50.6701046750423
000130.png,117,124,0.000321144129485313,375.985542596793,140.731666285687,439.97722807909,140.002241853854
000130.png,118,125,0.000399646027803945,566.781262467818,107.191155706956,514.153875874804,126.421118096164
000130.png,119,126,0.000235505694955896,374.179408477386,135.059645754163,409.834563332664,129.022876373069
000131.png,1,1,0.00308410435942319,553.77797847862,409.526636537766,532.917907632806,349.063333659803
000131.png,2,2,0.00238022468580108,607.598260451571,404.060195175585,607.260314967582,368.119790499382
000131.png,3,4,0.00413066229520343,517.110262429696,253.816342525048,516.028922470642,317.933027029607
000131.png,4,6,0.0508367832698916,629.112279558341,477.92428043669,510.42970927457,0
000131.png,5,10,0.00311188908338196,190.577779385237,44.7004081092679,187.390924752839,1.82933477886201
000131.png,6,11,0.000861326442721792,105.203560291422,44.9110279201032,92.0875425692601,31.9327553328746
000131.png,7,12,0.00130588202606207,297.407990845232,23.2366923986599,299.082530932834,0
000131.png,8,13,0.00208385429690756,229.022747352813,58.2454205274321,121.839563168791,37.612630379063
000131.png,9,15,0.000657571800357497,68.014105133239,3.13757287237737,118.000734147729,3.95511216333547
000131.png,10,16,0.0014818519444676,180.195849230597,0,177.317667913452,21.0879649401422
000131.png,11,17,0.00130588202606207,625.113489842394,343.251679945838,633.686801053268,390.420442962559
000131.png,12,18,0.000731664397580877,221.348163358996,0,184.449730496221,34.1657712982247
000131.png,13,19,0.00025932409028183,615.990454662774,391.269453522004,635.984445135837,391.327827002548
000131.png,14,20,0.0029637038889352,570.871775556427,264.037736749297,571.595468997076,324.029006609107
000131.png,15,21,0.000426032434034435,553.859833717582,322.760347077564,595.85311289368,324.892702778945
000131.png,16,22,7.40925972233799e-05,138.176411570212,175.902846941963,136.020749651712,171.988572789673
000132.png,1,1,0.0976913322783815,612.930540548228,83.7281330596282,0,308.796496086037
000132.png,2,2,0.108275782568144,550.56871023821,0,0,258.110628560141
000132.png,3,3,0.0376114773167895,638.317951197958,64.7659426941524,0.0682268199608416,329.710390903367
000132.png,4,4,0.000534462341364241,423.470808938903,160.604424035961,455.086383710293,141.242446099112
000132.png,5,5,0.00338492816197353,450.983385315318,464.724662476634,496.822715460273,455.890927013274
000132.png,6,6,0.0309673768378693,638.251388727494,12.5704009657097,0,293.86235886782
000132.png,7,7,0.0240822443226476,474.782685112975,0,413.636333082881,32.5038122945849
000132.png,8,8,0.0376533959317984,178.817901197581,494.669515776591,640,274.895729251185
000132.png,9,9,0.00781782169917106,525.637283095933,268.862130351465,441.441915809539,295.700954111492
000132.png,10,10,0.0420967691227482,360.130404073574,0,148.235724185645,114.535639463559
000132.png,11,11,0.014451442524339,384.307414546174,58.6465717778427,312.717959975026,92.6839987766629
000132.png,12,12,0.0804732611634512,637.90977702936,251.720850787685,0,457.897735925485
000132.png,13,13,0.00321725370193769,334.528074971957,0,324.260521774419,10.3186169891178
000132.png,14,14,0.0287980885111556,388.065061679256,46.1208315011605,212.86244626607,140.458618082663
000132.png,15,15,0.00639258878886642,339.462219903733,0,318.909349450435,122.813376635615
000132.png,16,16,0.0240508053613909,318.520555424232,0,147.556738609856,94.7681757989928
000132.png,17,17,0.0441088626431783,153.678819298495,141.128856647176,439.816719330394,0
000132.png,18,18,0.00217976798046593,215.76071124176,17.2080216680415,246.654237505783,0
000132.png,19,19,0.0229818806786624,423.794259731773,0,141.334252243317,140.60969139
000132.png,20,20,0.00497783553231401,226.525544752288,6.98340132200566,168.404215257932,38.0443314104981
000132.png,21,21,0.0011527619127464,174.645803509374,196.406862744958,160.976020888327,150.908542039939
000132.png,22,22,0.0119258459700491,299.727940486963,86.1914188299811,147.083796492284,169.702731994734
000132.png,23,23,0.00775494377665762,197.349196465977,402.942789471869,127.603711643245,326.536101369501
000132.png,24,24,0.00126803810402104,130.818396726464,377.174139882372,148.277673832667,362.967524328944
000132.png,25,25,0.0118839273550402,118.134416115945,406.423697587972,0,443.901299123892
000132.png,26,26,0.00153002944782704,632.265985516071,145.57876366608,639.001903721703,181.813750684778
000132.png,27,27,0.00135187533403896,634.956089443007,168.759843585873,620.85052219665,149.380920298739
000132.png,28,28,0.00706328662900978,626.011341786106,208.871508961277,534.462314337235,235.557389531647
000132.png,29,29,0.0117372122025088,568.704252150903,0,0,265.704045873694
000132.png,30,30,0.107311654422938,633.237732880442,131.165106159566,0,366.122034643052
000132.png,31,31,0.00116324156649864,508.018446438257,190.983063454208,485.141728612575,235.559533712875
000132.png,32,32,0.0107521247497983,514.875364831387,0,430.926346622143,37.0322924603474
000132.png,33,33,0.00323821300944217,475.449162489737,248.370628787336,447.236134091337,257.908537766682
000132.png,34,34,0.0132148433815747,237.482507739962,79.2143595433675,388.065470712483,0
000132.png,35,35,0.0070423273215053,255.880849851925,357.994379008183,194.261570279941,379.737426997252
000132.png,36,36,0.00228456451798833,240.970809047778,349.316873426517,217.254379082879,358.413997423615
000132.png,37,37,0.00214832901920921,156.030685771697,421.627446452319,144.463164721743,389.8364183268
000132.png,38,38,0.00161386667784496,103.050461847671,398.043746088442,85.4818899729882,406.571283939424
000132.png,39,39,0.00133091602653448,70.0294393978257,395.399209168147,89.2265657443533,384.919512506869
000132.png,40,40,0.000932689183949362,545.782350252284,481.773438564432,549.507558001058,511.079507155396
000132.png,41,41,0.00306005889565409,325.445959554618,365.673358062007,269.279746858385,282.486300300016
000132.png,42,42,0.00601532125378578,335.189935488834,331.651809302677,268.68538197128,354.594144734346
000132.png,43,43,0.00312293681816753,367.661529327514,345.452115756082,230.915809734885,295.493275264698
000132.png,44,44,0.00827892646426962,307.565938033781,0,159.998993644353,81.9981889255143
000132.png,45,45,0.00234744244050177,210.659845901244,0,180.936132882423,191.835160140248
000132.png,46,46,0.00265135239931673,567.871711792679,490.608807729948,495.390950641535,458.827758558897
000132.png,47,47,0.000513503033859761,341.541907040242,0,319.358885181142,24.0195985614178
000132.png,48,48,0.00127851775777328,136.808212936915,397.492557336064,130.457717167376,437.436834161718
000132.png,49,49,0.000492543726355281,447.9445217721,3.39869518998644,431.21124601456,60.599109070419
000132.png,50,50,0.00197017490542112,244.062567197944,121.745665543938,260.044601563814,0
000132.png,51,51,0.000377267535080641,274.497718907559,0,217.875193632964,9.23475481321846
000132.png,52,52,0.000356308227576161,240.260569504864,0,240.10069871612,0.126880980338314
000132.png,53,53,0.000565901302620961,239.785415890857,163.893763623888,242.561360486724,106.026929166319
000132.png,54,54,0.000544941995116481,169.481309020927,156.329602636049,243.339068532523,117.137659079231
000132.png,55,55,0.000408706496337361,178.009599610833,111.412073527388,163.942267374722,111.507706589196
000132.png,56,56,0.00265135239931673,183.191189034178,381.470012046089,128.471673222859,398.963274954421
000132.png,57,57,0.000681177493895602,152.123116266492,429.054593470617,140.063360774192,401.971785958888
000132.png,58,58,0.000398226842585121,215.920221712957,2.72082777405136,240.075733520972,1.21431808317522
000132.png,59,59,0.00238936105551073,565.134563054915,492.950779458875,512.939120279628,499.358844617179
000132.png,60,60,0.00341636712323025,493.654357562425,0,437.288951935943,28.9201675292002
000132.png,61,61,0.00254655586179433,404.839471995841,292.654111214613,380.175910392527,301.208715315008
000132.png,62,62,0.00265135239931673,576.843492890972,209.975700641914,546.68908059735,227.20328708896
000132.png,63,63,0.0017291428691196,569.757882139501,220.227030230276,624.025318617354,278.100889578606
000132.png,64,64,6.28779225134402e-05,225.136298133509,80.1083836260654,227.087589703844,77.669679617038
000132.png,65,65,0.00140427360280016,319.581041513811,53.665721487879,403.482571002861,13.0636350393954
000132.png,66,66,0.000345828573823921,330.251235997161,36.7257749200764,386.51005371996,17.2510868608687
000132.png,67,67,0.000429665803841841,126.245196253551,185.453369390829,100.417527168068,200.266764927208
000132.png,68,68,0.00204353248168681,356.414641401737,288.882042857451,381.551840216043,280.634139896709
000132.png,69,69,0.0012575584502688,365.591969592894,294.126725290086,383.99487196663,353.380436545284
000132.png,70,70,0.00159290737034048,8.80094489879723,437.516808345381,42.714681903128,415.976367341064
000132.png,71,71,0.00324869266319441,636.732476765999,238.10398328426,547.687986109323,269.103764049708
000132.png,72,72,0.000220072728797041,154.434704309062,170.182215130542,162.906764655557,172.208220078175
000132.png,73,73,0.00394034981084225,425.483693405981,302.394524184998,352.654390372721,325.815773538331
000132.png,74,74,0.000220072728797041,382.372641419976,291.101681065793,369.176455600859,295.565264560683
000132.png,75,75,0.000345828573823921,479.350054743923,351.954998426349,478.237973676915,368.016477064566
000132.png,76,76,0.000272470997558241,481.749216305797,342.894585760961,471.536625246758,343.175863607958
000132.png,77,77,0.000817412992674722,295.364141947082,35.1687266050196,239.11575850673,64.695558090476
000132.png,78,78,0.00256751516929881,477.098812428284,264.92994939172,525.086160700529,262.66222589424
000132.png,79,79,0.00345828573823921,425.753802845617,307.235375496609,352.410158693242,330.850884027027
000132.png,80,80,0.00018863376754032,443.21946248411,67.9233395317582,446.156869172381,38.0154069009658
000132.png,81,81,0.000723096108904562,500.868070224862,258.581259564399,474.996855365162,279.222384384581
000132.png,82,82,0.00147763117906584,220.285980834983,336.980151906172,199.598732795756,348.721914574022
000132.png,83,83,0.000932689183949362,29.0768100528591,404.40440552011,12.9153333535322,413.755223041617
000132.png,84,84,0.000482064072603041,106.134709295823,368.275180972658,86.1138048807146,351.861186946025
000132.png,85,85,0.00354212296825713,177.708010094752,323.912149396152,0,390.816709268467
000132.png,86,86,0.0283684227073138,638.543955519718,145.475254627679,0,380.919023229127
000132.png,87,87,0.00119468052775536,244.411568522138,49.8183935357884,302.168563013969,16.2903748401509
000132.png,88,88,0.00132043637278224,634.51250458381,243.464695189691,548.54113905582,273.546530113195
000132.png,89,89,0.00127851775777328,633.939948090551,233.809811779532,547.122933477139,261.222274483125
000132.png,90,90,0.000964128145206082,301.717256697424,40.4137575609233,243.229104084214,71.4951651696315
000139.png,1,1,0.0415589821865298,638.00467072132,74.1345008316791,357.37075490379,83.8798890012317
000139.png,2,2,0.0265380812793783,638.001995991579,212.394009248489,407.9167153393,213.559586666958
000139.png,3,3,0.00539434201169063,640,219.967950161745,593.836975342835,207.636365032759
000139.png,4,4,0.0188888696164987,638.936608810524,359.695812348983,528.893992178195,354.619673079466
000139.png,5,5,0.016061609976931,638.905112460012,427.28479540146,582.750158501577,424.831208796637
000139.png,6,6,0.145387057048202,640,16.1795477468779,0,117.620257459073
000139.png,7,7,0.00480460687214889,592.977849671666,405.151661009019,616.133484803246,345.278139257567
000139.png,8,8,0.0234159540700397,638.492361376197,50.3689411273406,346.373619959601,45.5149807557239
000139.png,9,9,0.0264860458258894,627.843080508207,445.565177187349,604.717762027909,219.10975404988
000139.png,10,10,0.00771859226753161,588.700547304623,340.693330529715,640,267.454421121916
000139.png,11,12,0.00133557663955041,380.533047531243,499.592233305553,349.951834885972,509.830205244803
000139.png,12,13,0.00891540769777809,362.258070060461,417.287381888897,386.33198271418,508.325586500342
000139.png,13,14,0.0200683398955822,638.70124487932,308.566236486904,594.029291001987,307.104711594808
000139.png,14,15,0.0124191282327025,638.390752296062,202.055462166448,594.048684515833,201.265891434603
000139.png,15,16,0.00265380812793783,637.73845502085,205.672607893571,598.214798503685,210.114151667455
000139.png,16,17,0.00518620019773472,636.426720799749,510.246199019199,629.514616229384,466.075956644085
000139.png,17,18,0.011343728860597,638.997037570565,347.399720013247,592.998329572628,345.370433646075
000139.png,18,19,0.0122977121745616,640,458.347375595984,556.633883879889,452.752683099335
000139.png,19,20,0.0149341751513364,638.264785841306,268.788690128835,466.173104574618,266.825533337645
000139.png,20,21,0.0120375349071167,525.322551109174,417.545038560817,638.004390053515,414.145514272352
000139.png,21,22,0.0107713388722183,178.569171339285,402.217486002445,0.934205971833563,389.22621722042
000139.png,22,23,0.00537699686052764,638.356495311276,477.659240732709,584.132795458184,489.309445779271
000139.png,23,24,0.0339791511283021,274.008078269121,335.284451159503,0,337.007763861067
000139.png,24,25,0.0446984545470314,383.998893198857,319.894108099766,0,323.90773343779
000139.png,25,26,0.00138761209303939,379.898926560558,429.586816428787,347.285996304253,430.95277178776
000139.png,26,27,0.0043189426395851,383.907773001629,406.055377580621,384.345824390621,296.041194713504
000139.png,27,28,0.000537699686052764,637.946285273681,492.003249633708,636.733444192787,471.955628090562
000139.png,28,29,0.020588694430472,379.995529828251,443.180511671983,7.88659568409389,445.210303662928
000139.png,29,30,0.0792673408148752,638.794589448064,85.7205420145311,0,174.449798607034
000139.png,30,31,0.00716354743031586,598.003829906038,238.188880948098,375.689697773429,242.696705826692
000139.png,31,32,0.000503009383726779,585.233657004907,237.750920470003,549.665576953093,247.351149330777
000139.png,32,33,0.000936638162801589,613.511365223607,512,634.119402815409,489.639909286338
000139.png,33,34,0.000607080290704733,640,199.64842325278,632.45721677421,182.893783806785
000139.png,34,36,0.00714620227915286,84.3327332574148,45.6311841380233,308.03403785038,0
000139.png,35,38,0.00156106360466931,533.962323009223,2.09174509232148,637.961269116219,0.0383677801605438
000139.png,36,39,0.000398938476748825,632.028617904751,508.315927462697,620.03208216039,508.112067053086
000139.png,37,40,0.0139975369885349,638.324688765134,132.686590018685,195.302446655622,186.228196187402
000139.png,38,41,0.000745841500008673,0.000613744203718923,509.618122525367,69.9972185905767,509.730619368878
000139.png,39,42,0.000711151197682688,0.0278280486676547,497.947375454238,14.274432624865,505.481031084917
000139.png,40,43,0.00286194994189374,633.586849215855,468.729690733267,536.856676888458,480.949986518166
000140.png,1,3,0.0198681161448856,428.184383094193,327.269988809147,637.261753895496,296.915128769145
000140.png,2,4,0.0170298138384734,584.375606059785,283.984858207386,593.516983156575,510.74510514578
000140.png,3,5,0.00898147716138665,531.11746248852,389.994921770216,530.992655182914,509.99271180056
000140.png,4,6,0.00705298682716683,496.307582500673,329.172941621044,640,344.806602896382
000140.png,5,7,0.00216955162599729,569.591814762886,255.222804380192,592.830144679075,186.963499940451
000140.png,6,8,0.00201402821194731,582.637299927521,185.565580845878,564.981032575628,240.950332120816
000140.png,7,9,0.00220843247950979,573.402075791258,243.059895041396,617.79588755077,184.333807722676
000140.png,8,10,0.00133750136082987,603.977653688421,188.826814098732,583.038060515339,224.922635718962
000140.png,9,12,0.0119053173455264,224.823457601231,178.371263270201,155.240920655622,277.257693539902
000140.png,10,13,0.0925208790183362,640,153.23116269086,1.88754189179031,44.8833559900437
000140.png,11,14,0.0509961274669902,0,248.413516539838,517.97367239634,328.204326462973
000140.png,12,15,0.123228977122506,640,159.292976071111,0,108.242469236391
000140.png,13,17,0.00149302477487986,435.63006304076,335.566234078039,439.141070076632,251.629438257831
000140.png,14,18,0.0126596059036688,392.08839036992,368.072233323563,389.588443191387,509.568698748878
000140.png,15,19,0.0146503056035086,371.759935476674,365.939997563141,374.066012055114,510.445780880621
000140.png,16,21,0.0216255307236504,411.884539011521,364.037686076729,313.867527005618,401.058905695966
000140.png,17,22,0.0127918008056113,430.860623983614,424.147556114291,317.869528964983,421.435248785458
000140.png,18,23,0.010715563228044,402.297777807057,341.168507112144,312.789084576612,374.187175402442
000140.png,19,24,0.005311124589807,343.679287262418,407.586406440226,339.601486798029,509.342843888533
000140.png,20,25,0.0052255867120795,335.191923499071,403.517142303999,325.130590000879,503.703308044506
000140.png,21,26,0.000349927681612467,312.508335698407,240.933668775294,337.578186845019,252.884833663184
000140.png,22,28,0.0495419835456228,183.638655933049,302.924033427075,102.065685629575,426.525790761517
000140.png,23,29,0.0300315712530521,49.6756111614553,227.715331388246,0,304.63682107589
000140.png,24,31,0.041680274965396,72.1631527800091,313.070414608254,0,412.622186150101
000140.png,25,33,0.00277609294079224,106.030445312212,363.4692080864,1.99223153591019,365.625115019998
000140.png,26,34,0.0102256644737865,92.6839231074534,512,172.48566254596,393.445513316083
000140.png,27,35,0.0165476912549184,25.1892249581387,289.494224632082,0,322.505642517596
000140.png,28,36,0.00602653229443693,0,100.507774738917,467.862650398087,201.865872322205
000140.png,29,38,0.00283052613570973,636.068633137448,180.68841696253,591.948396678821,185.610691400387
000140.png,30,39,0.00031104682809997,498.954968075325,290.015306133635,498.574238920203,264.020882510002
000140.png,31,40,0.0165088104014059,433.654828407261,369.079749450012,401.697811864633,483.710143770145
000140.png,32,41,0.00126751582450738,504.043231630352,512,465.522352875721,391.430569097736
000140.png,33,42,0.000427689388637459,385.04140090723,395.941765173647,384.453719785385,445.981840161282
000140.png,34,43,0.00481344966484704,318.461370277532,441.088953219449,401.792708533907,448.917549520082
000140.png,35,44,0.00217732779669979,367.333596441369,393.483840872471,347.124650114588,407.710197933316
000140.png,36,45,0.00372478576649715,374.087132845863,336.438803851814,314.31991492091,354.413631492925
000140.png,37,46,0.000606541314794942,217.109011079207,330.008744480352,206.937461910514,353.89688632403
000140.png,38,47,0.00269833123376724,594.567349208169,348.066411407788,597.701883047146,510.08315555965
000140.png,39,48,0.0031649014759172,624.575792511852,350.047249360621,629.756536676015,506.207132494791
000140.png,40,49,0.00162521967682235,640,200.778181407082,590.282260351168,192.082216506963
000140.png,41,50,0.000451017900744957,461.096814967325,442.004148354038,507.068573243878,421.200495895635
000140.png,42,51,0.00160966733541735,638.057464929064,352.24272148285,591.012364861153,363.380768706709
000140.png,43,52,0.000746512387439929,373.349210218658,484.470648387436,320.249568198806,463.371906528608
000140.png,44,53,0.000178851926157483,325.021437326581,483.160190277561,323.219224741013,493.844072671795
000140.png,45,54,0.00232507504004728,640,181.297984965454,589.098756236787,176.242909753397
000140.png,46,55,0.00646977402447939,480.240505793646,374.017765966397,446.254246205561,485.244201239839
000140.png,47,56,0.000225508950372479,509.898630432458,291.487214967459,573.774626275246,278.859931283281
000140.png,48,57,0.000590988973389944,453.626583328651,263.693944357801,532.935091122644,279.22501014341
000140.png,49,58,0.00518670585856701,399.921897000957,53.8664399951624,291.430307688444,59.1051316374238
000140.png,50,59,0.0139971072644987,575.649906705,161.260599170495,4.51057795935003,42.3375225330566
000140.png,51,60,0.000466570242149956,446.280132062888,276.743628392988,476.848102372165,340.471192126271
000140.png,52,61,0.00555218588158447,69.3714722784905,355.227712556074,14.4698894293443,444.804151084023
000144.png,1,1,0.0179716781407311,184.140588065034,363.26612580156,232.714772234603,455.916548626118
000144.png,2,2,0.0193203381059169,298.953060569271,156.591671970566,358.862214936625,0
000144.png,3,3,0.107767340473913,539.229025783758,0,540.917515886464,510.04330935146
000144.png,4,4,0.0133925070961469,239.982291183946,0,225.921714248924,303.903844926006
000144.png,5,5,0.0418241410133768,426.698885798527,0,403.312176518029,510.060164452922
000144.png,6,6,0.0123418068907115,417.458870461097,124.251701957234,405.414304574,2.65232110488392
000144.png,7,7,0.0403970705850989,187.283364562033,0,164.449790367448,383.431279000537
000144.png,8,8,0.0293882415669547,408.694607486209,35.5629015250342,398.969825299444,376.084813643827
000144.png,9,9,0.00733921934542945,550.177992056061,0.273736047884526,433.424448825105,76.1906763730189
000144.png,10,10,0.0116988410933555,279.36316620762,369.9927676751,281.023092665823,223.829911884168
000144.png,11,11,0.0212021892201295,432.000816485713,21.1704258183203,524.950570278295,138.417491141956
000144.png,12,12,0.00207003622563395,392.797787705077,194.942971913448,400.162378780934,219.952183485772
000144.png,13,13,0.00552009660169053,465.894013980304,328.936094446115,556.40835762831,325.805040032099
000144.png,14,14,0.00232094970752897,401.827778884641,316.774081625513,383.132680086033,375.72494667435
000144.png,15,15,0.003857794784136,511.879742691287,277.192856673202,552.086776474005,303.892851682369
000144.png,16,16,0.0133925070961469,228.41240010059,311.098652413272,395.474119886533,384.091133784908
000144.png,17,17,0.00511236219361112,301.992792847652,481.008723894879,380.79089525503,325.338479853719
000144.png,18,18,0.0143334326532533,545.825786528599,318.11175974605,453.352560138837,173.96252578291
000144.png,19,19,0.0149136700801355,256.778044484238,96.9817455221806,532.38403452729,168.027352163975
000144.png,20,20,0.0081233239763514,368.466512309654,364.129981908247,221.51782416106,351.700625633717
000144.png,21,21,0.00735490143804789,211.543051063793,437.895319862867,235.212769946033,512
000144.png,22,22,0.00109774648329073,238.459402110723,471.465861551738,246.971195465817,510.657802539456
000144.png,23,23,0.00188185111421268,417.590144148169,62.0306800006527,413.052968164044,1.41829120286538
000144.png,24,24,0.00700989540044224,417.344680852748,366.084792550647,553.06288291706,380.701352721446
000144.png,25,25,0.00824878071729892,373.672132455705,331.28850817597,262.916369341182,508.068046391407
000144.png,26,26,0.0130318189659228,123.404922097124,406.861885464206,144.47419709419,487.444781299984
000144.png,27,27,0.00178775855850205,164.29667292162,511.448013195487,157.881332501269,512
000144.png,28,28,0.0224567566296047,472.503770673003,510.161576324733,469.585442862304,194.151587165718
000144.png,29,29,0.00345006037605658,467.196622551868,234.185476375294,456.827512692022,285.299142373581
000144.png,30,30,0.0078410463092195,349.426264112312,200.56229796888,354.41660919415,294.403275180376
000144.png,31,31,0.00508099800837424,299.404812117371,476.530455505131,268.379258679196,379.802863132781
000144.png,32,32,0.00133297787256732,268.01032152457,510.118043722501,321.94769967811,505.401859227083
000144.png,33,33,0.00410870826603102,299.4859789771,450.555797987569,281.174791253346,506.453858550501
000144.png,34,34,0.0256872677090031,519.880652718635,0.000818537751667889,522.939473070086,445.993556667854
000144.png,35,35,0.0069158028447316,508.475864545665,0,437.810133595279,127.007143457807
000144.png,36,36,0.00517509056408487,599.908378429881,446.114792683575,600.516272780359,510.146995883801
000144.png,37,37,0.00130161368733044,601.880393899647,448.453160746666,605.342332099579,510.483190342198
000144.png,38,38,0.000595919519500682,336.104386934829,502.666074309497,362.092958938788,498.593154316356
000144.png,39,39,0.0037793843210438,250.368568264209,503.760927460733,187.950491723015,400.029790586659
000144.png,40,40,0.00296391550488497,211.548488664062,441.316587254266,217.922647516597,511.282499969907
000144.png,41,41,0.0199476218106544,498.954221931305,231.985082502257,502.263372360222,0
000144.png,42,42,0.0138629698747001,292.256993798789,124.093934977304,337.615134814523,0
000144.png,43,43,0.00522213684194019,263.891850274698,442.973865833827,383.617809812658,445.577138633738
000144.png,44,44,0.00962880486772155,247.332313363432,379.824637705028,292.580570636785,493.76945146803
000144.png,45,45,0.00621010867690185,268.257236515331,506.133402105911,266.985555733757,394.193290335702
000144.png,46,46,0.00147411670613327,318.878309839664,35.9098000323358,342.922548380726,0
000144.png,47,47,0.00178775855850205,318.772101065271,113.62051850906,243.820300691361,105.700627863613
000144.png,48,48,0.0109147364624335,223.847557675976,338.138136934501,402.937203125216,350.90665578865
000144.png,49,49,0.00936220929320809,342.831849335025,200.154410982603,344.495626010094,342.041092621505
000144.png,50,50,0.00186616902159424,555.885361170771,345.880064186396,492.471478015989,406.493263057762
000144.png,51,51,0.0115420201671711,503.793266734528,511.077378839726,484.654711858977,294.237001213677
000144.png,52,52,0.00241504226323961,374.168736860321,158.773837471086,391.639624661415,216.711759266317
000144.png,53,53,0.00443803221101824,192.025133980016,406.723936318561,272.110586389543,405.984981392666
000144.png,54,54,0.0111656499443286,287.89173328938,351.957564967027,290.714981047471,211.692344294023
000144.png,55,55,0.00254049900418712,364.431670386991,25.4719782421875,291.692383856273,76.416412996533
000144.png,56,56,0.00359119920962253,317.346359845921,105.573024841985,291.690836251283,55.3535699101198
000144.png,57,57,0.0034971066539119,222.958326056829,358.208788508506,312.931893801368,380.477220601065
000144.png,58,58,0.00799786723540389,530.775885116605,364.693971313869,425.561438184103,354.547850194344
000144.png,59,59,0.00641397588094155,411.932719288774,32.1668436784342,338.24963872705,110.350394562167
000144.png,60,60,0.00815468816158828,221.817899722097,307.891962648629,236.435622147645,448.370896082366
000144.png,61,61,0.00754308654946916,397.769617608907,48.2057588865504,386.121641677712,153.571254096986
000144.png,62,62,0.0106638229805385,424.28617940391,24.7007900843491,473.328107599516,115.049611667959
000144.png,63,63,0.0113851992409867,489.468154873625,0,486.511785028761,241.884032557561
000144.png,64,64,0.00393620524722819,227.82004297157,395.613854115413,171.119413010008,373.171768128362
000144.png,65,65,0.00567691752787492,230.024242543392,205.497861168073,395.541893547433,213.488816221637
000144.png,66,66,0.00323051107939844,258.300639352735,73.5232466477072,249.487945128281,215.844450645176
000144.png,67,67,0.0074803581789954,460.562699828593,106.011408438505,427.308501816138,60.936702303497
000144.png,68,68,0.00363824548747785,401.810632016533,51.771315812648,397.753500826103,126.095717996848
000144.png,69,69,0.00296391550488497,410.50412346845,67.9234234547738,335.655568296806,135.619175285863
000144.png,70,70,0.00315210061630624,417.441451419202,97.4882263726678,467.517033769573,105.50652635273
000144.png,71,71,0.00412439035864946,112.514194951596,510.491008696756,108.058601564394,460.71079735096
000144.png,72,72,0.00109774648329073,317.720276091176,34.1654468054153,298.157266225667,1.08991189732684
000144.png,73,73,0.00296391550488497,222.900154412448,445.408869884414,182.514952842495,423.422064456212
000144.png,74,74,0.00291686922702965,182.686601666877,389.654529583469,203.557781111373,481.909905664251
000144.png,75,75,0.00199162576254175,391.867530009186,47.8134296846709,384.954369437292,86.1720009102037
000144.png,76,76,0.00989540044223501,361.139045621047,4.58109885521827,356.668455379447,139.624872057395
000144.png,77,77,0.00621010867690185,494.479236835242,510.56158807498,489.611477493633,410.701379113571
000144.png,78,78,0.00261890946727931,237.921464409575,126.293582710891,329.540112107087,129.430737763869
000144.png,79,79,0.00288550504179278,119.120178622448,479.378199840398,238.594812536716,382.271142567071
000144.png,80,80,0.00351278874653034,347.713190190548,510.865364279579,342.46783851964,436.389632053251
000144.png,81,81,0.00514372637884799,168.53847610758,358.571894930164,117.42315867375,447.669064374501
000144.png,82,82,0.0075587686420876,307.452392950882,479.558325345828,485.212682147624,489.742409261728
000144.png,83,83,0.0116517948155002,343.992991115448,43.6253402865819,318.16373537641,282.996336189054
000144.png,84,84,0.00392052315460975,315.430442204735,0,294.576743593302,66.9695206798258
000144.png,85,85,0.00297959759750341,462.676422738998,510.028482769494,465.055073062229,453.539131650786
000144.png,86,86,0.00141138833565951,197.789186583915,489.284230783059,179.478836767157,474.693371710667
000144.png,87,87,0.00227390342967366,246.561219246433,0.746427408067766,271.261976368519,51.213432629558
000144.png,88,88,0.00147411670613327,288.743744192509,144.039134366029,296.41430005798,168.497306179862
000144.png,89,89,0.00103501811281697,306.431327711336,162.635012946387,260.858025761095,138.123202481675
000144.png,90,90,0.001928897392068,558.766486106524,332.249190614405,508.088875285198,335.420313166837
000144.png,91,91,0.00255618109680556,494.187005167665,320.229955182865,545.710208265495,325.673379632162
000144.png,92,92,0.00283845876393746,245.9674178525,29.0520638625015,333.697455323292,31.7690405812845
000144.png,93,93,0.00263459155989775,547.465167296071,369.786097037737,495.21222392703,339.352574912595
000144.png,94,94,0.000799786723540389,517.435945699834,73.0935496427308,492.812744771521,15.359340095165
000144.png,95,95,0.000799786723540389,433.566967810797,122.784221267964,442.762408693754,104.382185541717
000144.png,96,96,0.00188185111421268,503.467757088644,303.95175374,535.791590878426,312.766457690544
000144.png,97,97,0.00158389135446234,554.123935984644,253.570881422622,506.835400188751,294.95459891294
000144.png,98,98,0.00108206439067229,274.639381642435,151.679481760512,285.465453144675,173.275729728407
000144.png,99,99,0.000595919519500682,290.085667827272,171.744038781785,283.618243325397,158.072880764165
000144.png,100,100,0.0024934527263318,233.504516687693,266.707900782263,336.469304809976,227.223832090381
000144.png,101,101,0.000595919519500682,263.187906039772,265.507907962187,232.527639502145,250.893072214378
000144.png,102,102,0.00138002415042263,302.983252289206,243.864874845771,306.041553140483,268.491585003544
000144.png,103,103,0.00357551711700409,332.408503708415,422.808503710499,338.555494684342,510.937750585438
000144.png,104,104,0.00642965797355999,467.349588192574,269.252084704532,452.547312193104,480.038434491362
000144.png,105,105,0.00155252716922546,451.57586996766,352.076183469034,447.712222330499,330.566412148741
000144.png,106,106,0.00119183903900136,349.397893460947,320.791058752711,350.545272497425,341.970460249653
000144.png,107,107,0.00153684507660702,302.628867305456,227.246171740373,233.161699329986,262.302038702409
000144.png,108,108,0.00150548089137014,374.377991371159,16.8552631565097,414.664672032792,30.1578992595704
000144.png,109,109,0.00159957344708078,330.808034885525,133.10639419227,378.855420725988,195.254634571002
000144.png,110,110,0.000752740445685072,363.078705660796,176.648879658808,408.877101852054,145.42012684588
000144.png,111,111,0.00158389135446234,444.47195912431,182.892284644237,467.285228961262,207.80988986594
000144.png,112,112,0.00078410463092195,411.79875267302,127.559957390326,440.109443649839,114.612459219036
000144.png,113,113,0.00177207646588361,506.707942853253,378.424587565582,511.537205862754,484.112533936323
000144.png,114,114,0.00205435413301551,397.797548670912,460.117635215704,464.802721386307,466.523500669478
000144.png,115,115,0.00127024950209356,126.208008854913,447.276979397561,175.823573936958,439.195034694087
000144.png,116,117,0.00152116298398858,486.414377131444,64.5921942201392,465.341757618978,2.2506102571994
000144.png,117,118,0.00078410463092195,466.299152096084,16.7956017870718,472.185536998073,47.5821252107242
000144.png,118,119,0.000737058353066633,445.006304399501,43.4478943772292,468.498589228963,1.1658035636243
000144.png,119,120,0.00178775855850205,447.20241637683,123.808866380005,525.446687851861,140.193360691206
000144.png,120,121,0.000862515094014145,246.266525118108,250.514586265521,303.489774444534,220.876342287443
000144.png,121,122,0.00106638229805385,243.698271312131,263.010829837761,225.021055151821,344.234788700884
000144.png,122,123,0.00235231389276585,256.381461910138,269.437432534914,234.567553296261,332.197268770614
000144.png,123,124,0.00145843461351483,447.723541008282,241.091129100162,453.51953810322,274.431215142326
000144.png,124,125,0.000501826963790048,437.185704864642,246.87999815177,447.723576123552,254.966504886267
000144.png,125,126,0.00197594366992331,347.353406008232,14.699184466014,257.48455483191,10.1234056533521
000144.png,126,127,0.000360688130224097,367.081436287308,33.3968978242088,401.310115177985,26.538117720399
000148.png,1,2,0.0857493470078907,595.499874517065,0,640,15.0965820275571
000148.png,2,6,0.00529934803622478,640,245.923634829147,548.971343437675,226.251049517373
000148.png,3,7,0.000651278219199682,575.388438304221,56.9756051041695,623.099754114937,28.4920453716831
000148.png,4,8,0.000808956103848026,567.72790584582,37.1147474257969,638.093710951041,95.8878049433588
000148.png,5,9,0.00151507880466452,607.322798955581,87.6417518636312,583.58714801576,0
000148.png,6,11,0.00207723474123688,550.299750715842,69.7048643270557,524.904758451709,0
000148.png,7,12,0.00131626755880357,486.908590227121,0,393.11161045041,29.1404620688639
000148.png,8,14,0.00883681710050937,469.353617948106,510.522763760465,460.692557397738,466.67795866063
000148.png,9,15,0.00270109071962815,447.940502055685,469.495010626165,306.025387480601,486.215476485437
000148.png,10,16,0.00599175961663707,353.353047250437,476.93235310059,365.471888885864,510.192425765948
000148.png,11,17,0.00123400083637834,295.25025176415,492.46112794702,445.741521428656,472.090452679105
000148.png,12,18,0.00275593520124497,209.514788749074,512,214.285183041163,498.09785798116
000148.png,13,21,0.00148765656385612,279.15431004842,396.108140500065,291.026025660356,425.213065407644
000148.png,14,22,0.000301644648892484,278.077760935948,423.444972730439,267.83185028998,407.092750316575
000148.png,15,24,0.00028793352848828,156.108071292696,505.091265193399,86.3461425065834,512
000149.png,1,1,0.00589903102184095,240.40560249019,92.5652294315798,231.053283152153,0
000149.png,2,2,0.0275634301619118,197.871153777813,301.233909846902,40.3276206785732,271.379125551941
000149.png,3,3,0.00522396585208803,141.682111904246,274.20634150259,194.836847123569,307.109969976114
000149.png,4,4,0.0629264594389689,0,485.348190595282,174.754876557048,512
000149.png,5,5,0.103513454568114,0,495.892265342059,52.5051023176511,512
000149.png,6,6,0.053423618972447,21.3128968924356,3.75375637347247,326.058040273001,59.535569096242
000149.png,7,7,0.0540882985242037,25.4356077630239,15.8217342649,318.401231724654,70.1766189262214
000149.png,8,8,0.000997019327635091,163.251445798493,0.440516810757527,177.498093735305,24.6493277120895
000149.png,9,9,0.00860967731884886,35.1913802186655,103.642972358755,89.9545664650829,212.063737909147
000149.png,10,10,0.0278022993758244,0.0769399669365245,502.966612851699,60.9863405460425,512
000149.png,11,11,0.0461433007571116,0,186.169789794125,328.025699402213,245.858766814145
000149.png,12,13,0.0711414832739622,329.681056296053,215.693383223632,0,153.598934814693
000149.png,13,14,0.00470468495227809,33.739575525372,1.11402320093059,5.18508873799558,148.230019858342
000149.png,14,15,0.0243542742010863,536.494716648671,67.1545088895067,636.219251174728,104.726507842461
000149.png,15,16,0.00668833798955207,548.444329802788,116.268440311484,637.79298228545,35.9957031080716
000149.png,16,17,0.0209997195883141,547.470894594837,107.732813778468,638.148749290866,129.37681263653
000149.png,17,18,0.0127016108093512,631.944899677871,158.039745375659,542.196580274062,138.658860476316
000149.png,18,19,0.0252682085847518,556.064149468731,262.209569120685,637.941528723583,278.297580280569
000149.png,19,20,0.0234922679074018,566.731655041983,466.116907347217,638.082730436607,479.560927032391
000149.png,20,22,0.0284773645455773,638.062535749483,47.7044836810266,544.112195538151,27.8231622035824
000149.png,21,23,0.00632484135968511,623.14183141759,0,640,75.0469083124115
000149.png,22,24,0.00683373664149885,254.722882737587,136.675188885001,334.281809505712,150.361878391659
000149.png,23,25,0.0221525231858922,76.0122755780686,183.583910271469,327.52658599807,238.180896853345
000149.png,24,26,0.00280411685897369,69.4424306986086,275.952911025193,71.4670217577769,165.990187011157
000149.png,25,27,0.0045489006823351,567.432840697886,510.816527617982,561.729769449416,450.978845681733
000149.png,26,28,0.00293912989292428,0,89.8630662163028,37.1146618909101,92.1802972332252
000149.png,27,30,0.00332339775878364,27.4656860423764,126.776865244334,0,119.353664201475
000149.png,28,31,0.0116942058637199,167.900403464539,0.486266198968337,335.03360003055,34.7183131185477
000149.png,29,32,0.000145398651946784,231.479637961758,12.2507294544359,225.576788624532,0
000149.png,30,33,0.0217163272300518,638.604127843258,306.781664036713,555.399410703505,291.162944646334
000149.png,31,34,0.011122996873929,520.899772196891,47.9726861958298,534.933592094774,510.275223096364
000149.png,32,35,0.000218097977920176,1.29919298236165,86.1190485230752,2.76976111704781,70.0705352671615
000149.png,33,36,0.00111126112559328,558.613123641076,249.015309717306,612.619502124239,216.402022507947
000149.png,34,37,0.00974170968043453,567.036824305384,7.91291587635646,605.225508659116,266.704549602864
000149.png,35,38,0.00139167281149065,0,113.242463805494,27.0921817343349,121.518707386321
000149.png,36,39,0.000955476855650295,0,47.6532166402591,23.1954757370825,107.094397413516
000149.png,37,40,0.0857436621766178,0,439.42680473226,310.450911912979,507.105832154594
000149.png,38,41,0.000851620675688307,592.713657197494,152.88975156577,601.882605646909,248.586125380018
000149.png,39,42,0.00223290786918276,607.864787349274,241.894790260489,599.065940906427,85.9398605073424
000149.png,40,44,0.00386344989458598,231.324147544768,160.868217577062,330.975111966264,184.349472803013
000149.png,41,45,0.0018486400033234,314.471907853955,84.0391679237987,305.36342153193,193.781166378857
000149.png,42,46,0.000623137079771932,136.573399357989,210.220060516321,148.406088624156,179.388285048716
000149.png,43,47,0.00151630022744503,304.363540451556,112.840491763554,287.681244582914,193.934427005402
000149.png,44,48,0.00116318921557427,544.172214186916,241.801880004758,567.732816570349,301.679060556245
000149.png,45,49,0.000373882247863159,200.575514003689,491.818331387956,204.185306686753,463.513501683144
000149.png,46,50,0.000872391911680705,252.569851039331,144.889176935366,278.157369271007,192.980394136729
000149.png,47,51,0.000519280899809943,157.930441454811,225.663540202676,127.970509808452,231.857353775238
000149.png,48,52,0.0045489006823351,360.766611610275,191.811163435462,342.196698247741,509.777879317226
000149.png,49,53,0.000321954157882165,258.749145441814,178.100291592136,260.099534653356,168.013325167986
000149.png,50,54,0.00136051595750205,185.388462961315,154.723778517757,317.038701054155,184.281613789844
000149.png,51,55,0.00197326741927778,336.451891335691,160.272437712461,257.145064607824,137.823607543105
000149.png,52,56,0.000633522697768131,60.2958361919868,158.602100682172,15.3534448368655,180.684098445932
000149.png,53,57,0.00267948944301931,543.801881909209,80.6543807070938,578.018074713179,92.0230777947227
000149.png,54,58,0.000716607641737722,543.017689553984,83.4282373669967,562.564265721391,89.0147235972651
000149.png,55,59,0.0126289114833778,6.65345330580323,462.29044448524,184.724362946052,512
000149.png,56,60,0.00226406472317135,545.638029162151,49.1426702407189,640,9.30236226640733
000149.png,57,61,0.00119434606956287,640,65.3314931693902,638.162872876648,0
000149.png,58,62,0.000332339775878364,640,10.9046773212212,621.883537528708,42.2449088135161
000149.png,59,63,0.000706222023741523,546.90726664224,54.0008023872363,546.877895987869,14.0022925413523
000149.png,60,64,0.0027002606790117,251.121622901409,158.99598365345,302.397955767318,169.685101377258
000149.png,61,65,0.00554592000997019,546.169593145652,118.863702183776,637.932691950756,142.263945764152
000149.png,62,66,0.00194211056528919,235.917703248585,1.96612065369551,335.742805259444,6.14454255764472
000149.png,63,67,0.00216020854320936,313.371698768002,417.662452182554,325.902413838536,245.847020408738
000150.png,1,1,0.146960813261906,257.569128498288,512,338.398356024064,89.991645606569
000150.png,2,2,0.0963006706879825,463.773936468795,505.23298726874,524.691819603583,19.5850340859938
000150.png,3,3,0.0415910912388746,351.261850577634,223.783196022597,272.867250431155,512
000150.png,4,4,0.0103345003585439,244.168617906782,114.633817821896,0.395357032247347,179.486107483084
000150.png,5,5,0.0313831357826802,0,355.524610264435,55.5540522194912,135.8872040664
000150.png,6,6,0.022271902813515,411.017535098349,60.0241570751067,416.229507583961,271.994356814239
000150.png,7,7,0.0128232167714177,308.870094893787,149.506820861364,457.039773560709,260.61337692541
000150.png,8,8,0.0277976968827772,29.1419886209229,252.678922057957,102.933815396829,0.859710409456198
000150.png,9,9,0.00463997975281562,55.2339979806451,101.819415077042,88.1935350967006,43.2340610139039
000150.png,10,10,0.0356012991943308,362.040910199188,508.713507612305,417.175202103982,101.513104728119
000150.png,11,11,0.00329016746108744,424.449848071354,307.301096566768,319.694780663129,367.468595625405
000150.png,12,12,0.00712869616568946,29.5651299925651,168.104008866525,1.83862196258787,215.085087197252
000150.png,13,13,0.00210908170582528,76.0953215604362,83.8818336853499,47.9116319442703,56.0021095593677
000150.png,14,14,0.0153119331842916,30.3143752209789,150.590901044476,51.3155408360295,68.3358809094627
000150.png,15,15,0.00417598177753406,37.834585519077,106.865640006276,0.33142031664427,101.627260379647
000150.png,16,16,0.00253089804699034,39.4221332243382,121.217600377187,14.2763012906084,139.789875206052
000150.png,17,17,0.00375416543636901,9.44702139639339,112.626254079026,50.3283941598421,155.688235337308
000150.png,18,18,0.00303707765638841,5.55111512312578e-17,84.8113504600059,40.7490528443351,106.36502218307
000150.png,19,19,0.0125279453326022,489.277174227583,218.42360442551,277.487616202303,238.629380294053
000150.png,20,20,0.0135824861855148,411.807562714755,270.921920722119,305.686584693856,92.9940752849151
000150.png,21,21,0.00113890412114565,339.233203368703,85.8759942025848,263.285351384039,110.039896937728
000150.png,22,22,0.0280929683215928,425.370571228238,122.562848382404,396.342503991791,296.395040669595
000150.png,23,23,0.00704433289745645,631.713063216891,2.90008665743371,555.182133532005,22.8648765388763
000150.png,24,24,0.0107141350655924,2.93502980241915,267.079184119533,36.7163684044777,175.204930442054
000150.png,25,25,0.00139199392584469,1.84366687367725,189.935906190474,27.4635255506762,165.536746260359
000150.png,26,26,0.0472856118446029,373.411947224694,506.803565376505,438.2727671729,103.976085998644
000150.png,27,27,0.00286835111992239,299.778421182741,156.387599195607,353.403494948879,187.043443054937
000150.png,28,28,0.00468216138693213,28.1502187654146,148.092608145228,31.1483697619425,78.4801510723351
000150.png,29,29,0.00181381026700974,25.9273525592014,60.553019805253,44.0291522559446,34.624089366877
000150.png,30,30,0.00362762053401949,27.0362721045797,15.3635528822754,42.2509110173566,87.9474053746497
000150.png,31,31,0.00603197367866031,460.84333695194,259.698076768331,431.207342591298,171.593880883112
000150.png,32,32,0.00130763065761168,4.01402368867632,117.971663527071,18.4399469135811,125.111036753978
000150.png,33,33,0.00383852870460202,388.432566693276,176.712312966739,342.05235677574,149.909400954333
000150.png,34,34,0.0014763571940777,0,250.831882598408,18.5743745509716,248.415944757855
000150.png,35,37,0.00548361243514574,612.361380727137,0,563.231459883027,10.352862193347
000150.png,36,38,0.00194035516935926,475.961848765299,49.7835441697419,439.678962411336,56.1785528478191
000150.png,37,39,0.00139199392584469,32.5335784330503,93.5634529261477,68.2682122162518,102.982430378163
000150.png,38,40,0.00700215126333994,11.4760509101095,277.533501449183,36.5089096461826,188.142513956268
000150.png,39,41,0.00468216138693213,465.67096530441,75.5932722267531,440.100366733509,222.017527406571
000150.png,40,42,0.00185599190112625,50.7747350125821,93.0583657731578,76.3372134026279,59.7961829954732
000150.png,41,43,0.00476652465516514,635.780814494646,7.22018050607193,515.710130404032,40.968700228293
000150.png,42,44,0.00615851858100983,392.192768579112,200.027939224115,374.417534790217,322.669375032615
000150.png,43,45,0.00122326738937866,372.044412221605,255.820670924016,352.733517525903,251.038179686015
000150.png,44,46,0.00282616948580588,86.876208483471,0.0131989103172053,86.6558149451734,48.0397215034446
000150.png,45,47,0.00113890412114565,92.3447008569985,16.3267903109885,76.7306512853364,32.7966062375658
000150.png,46,48,0.00097017758467963,23.7089019213696,119.68691434585,9.06793512703913,133.299666149151
000150.png,47,49,0.000590542877631079,451.853710345918,47.5360516509706,424.09141207458,56.2899075901764
000150.png,48,50,0.0578732020078458,318.898311704147,155.280577347575,249.646088293785,512
000150.png,49,51,0.00143417555996119,0.247421945161444,143.996988661771,0.977861695609596,204.012440303748
000150.png,50,52,0.00231998987640781,419.225090518626,340.277975419905,431.806792228958,375.351867746365
000150.png,51,53,0.00333234909520395,384.358567884491,204.550243538045,391.23574290363,100.081348809605
000150.png,52,54,0.000759269414097102,35.5920122428226,96.2685361223174,31.5450950122287,120.26062225656
000150.png,53,55,0.00139199392584469,12.7394602948016,96.6637974401186,0,72.471785609632
000150.png,54,56,0.000759269414097102,0,76.2713156422708,33.8514029743169,82.7736069569545
000150.png,55,57,0.000843632682330114,399.854387409111,384.780293787438,430.287478521095,390.459489645345
000150.png,56,58,0.00312144092462142,443.150258874299,86.1965058524058,454.907837930357,145.850091222494
000150.png,57,59,0.0029527143881554,290.374528465489,477.139531867435,282.366918957322,512
000150.png,58,60,0.0037119838022525,300.893867745208,107.349775699756,352.187561006528,177.863562898565
000150.png,59,61,0.00198253680347577,350.910106554536,163.970898959173,352.19083249522,116.005095382725
000150.png,60,62,0.00261526131522335,335.924092094284,331.996675757144,339.337244060596,254.058562069043
000150.png,61,63,0.0021934449740583,493.851327951783,333.743880616263,434.211162784548,368.363773035317
000150.png,62,64,0.00122326738937866,55.1218083086609,151.416551738846,72.614112696696,88.1698467330144
000150.png,63,65,0.000632724511747585,19.9060671588435,111.128460195506,1.89967521147921,113.069153604887
000150.png,64,66,0.00097017758467963,319.376756521451,370.506918842985,332.630699305062,347.220630077757
000150.png,65,67,0.000548361243514574,33.474552292409,154.043902005939,38.369652587432,150.512381737048
000150.png,66,69,0.00105454085291264,56.0038157986585,17.8839065323806,94.0284733888568,19.1337136093619
000150.png,67,70,0.000337453072932045,18.1153634815674,107.790519529009,7.90709484738188,102.168699963485
000150.png,68,71,0.000463997975281562,407.898013946779,73.628558304126,393.858172226698,77.483451442882
000150.png,69,72,0.000421816341165057,8.33616535957912,124.634140575455,0,129.053239642887
000152.png,1,1,0.021673039553689,568.064726798187,0.0246292426912261,572.876181866319,378.090661228367
000152.png,2,2,0.0717263210681377,637.995445360873,393.652584972659,0,402.016756899358
000152.png,3,3,0.0214066319814455,464.741337966247,0,468.322058686989,370.054940820586
000152.png,4,4,0.00717733341691218,317.034962146273,266.602790042936,276.905997672397,325.251454730079
000152.png,5,5,0.00366702187676299,318.842879204857,191.831942665517,284.420729996368,245.249559937784
000152.png,6,6,0.00614304519526108,323.51348632448,29.7237466735208,225.827128075334,34.3485595980396
000152.png,7,7,0.00593932175766314,326.863598547154,62.4748214167625,266.411136518117,9.26088415357487
000152.png,8,8,0.0109853945966276,319.44141381622,314.897636767348,227.874449890494,319.504587546006
000152.png,9,9,0.0530621199774337,637.973053586443,458.677102119048,0,471.672123116136
000152.png,10,10,0.0720240707077039,638.020792826223,475.004020081091,0,488.217157668302
000152.png,11,11,0.0230207484485677,274.251381908048,60.2636874886424,0.00187461307950798,55.8826506748808
000152.png,12,12,0.00136337992854009,634.608363433916,421.635518480296,632.035820530368,445.573990275986
000152.png,13,13,0.00531248041120792,251.847564295344,302.84004971656,323.680402920399,299.374840333162
000152.png,14,14,0.00788252993167429,234.386595801071,24.2930661012152,271.371259776348,193.262084189086
000152.png,15,15,0.00130069579389457,274.630658923707,155.270084052972,253.485517518789,157.968605721987
000152.png,16,16,0.00883846298501849,195.82068019973,343.157195013935,0,346.395704357898
000152.png,17,17,0.0366075346329844,0.690031798837818,214.95430229225,235.6195688634,227.380533122701
000152.png,18,18,0.00250736538582085,69.8567521437608,221.974262838645,32.9920281602885,244.563039398163
000152.png,19,19,0.00313420673227606,8.84367388774161,32.8204740055435,0,38.209677351574
000152.png,20,21,0.07050398044255,637.94291659545,430.577961832958,0,441.219559562122
000152.png,21,22,0.0135711151507553,534.176937592325,350.593370296297,227.96946128421,343.278354455435
000152.png,22,23,0.00410581081928164,412.965596653441,275.182866097878,430.467735053171,379.266583732393
000152.png,23,24,0.00300883846298502,318.638863642896,138.64974554157,285.473262136458,171.259891578178
000152.png,24,25,0.00377671911239265,228.055731825134,21.7754475891757,320.398621131977,24.0889187099994
000152.png,25,26,0.0499592553124804,631.87458379048,418.210091481477,0,428.383165401704
000152.png,26,27,0.0221118284962076,182.237568286288,0,185.239257382201,350.075118236681
000152.png,27,28,0.000579828245471071,183.397379629891,11.954103325117,184.037763458719,3.54590510762019
000152.png,28,29,0.00362000877577885,456.823562552772,87.1654115149063,368.491172373102,0
000152.png,29,30,0.0149815081802796,411.190012433604,5.05330847497393,326.993387683442,136.074595860888
000152.png,30,31,0.0039804425499906,454.83813442835,26.7644634267289,351.894377922353,34.6149783019655
000152.png,31,32,0.00957500156710337,328.162134984511,26.0691227849314,423.134314034354,156.629715908631
000152.png,32,33,0.00879144988403435,319.38259127536,231.914824473873,305.106294726088,0.178268786700755
000152.png,33,34,0.0155143233247665,236.870518540236,216.773268666595,24.9433351000345,208.83041438734
000152.png,34,35,0.0109540525293048,6.7128546485946,0.00559250255549962,7.57327727912942,198.036613167502
000152.png,35,36,0.00818027957124052,637.997546133197,141.810763588938,469.948000171024,143.989896028103
000152.png,36,37,0.00485802043502789,371.275921043771,293.436768062864,355.15382149846,371.411522699373
000152.png,37,38,0.0028677991600326,453.790275682205,21.4587514307876,349.96113153883,24.7877025006468
000152.png,38,39,0.0146524164733906,190.187117320782,182.979063808851,0.0920451428962394,180.61103027571
000152.png,39,40,0.0108756973609979,370.531038483961,287.927478957894,335.75936819806,33.310411453563
000152.png,40,41,0.00137905096220147,248.466934043446,253.463510423487,279.571981494336,259.189536547272
000152.png,41,42,0.00195887920767254,271.373601570216,222.954017246195,249.951990131858,225.613254192322
000152.png,42,43,0.0103898953174951,151.696566478261,0.0840069363875155,154.308583290459,196.075850483681
000152.png,43,44,0.00355732464113333,427.949362451775,287.945702946925,386.67677320772,326.436608251271
000152.png,44,45,0.00227229988090014,424.04678803573,11.92067830363,364.001208121756,11.6880977987746
000152.png,45,46,0.000579828245471071,400.648815762762,23.8210111812401,406.458674967395,12.9164579388914
000152.png,46,47,0.0110167366639504,637.95448701281,221.975128080411,445.933808840313,224.146485291406
000152.png,47,48,0.00430953425687958,310.08314336112,10.1005769838054,228.010593699779,9.71934750906782
000152.png,48,49,0.00391775841534508,352.991588735783,192.797025299742,335.765647458301,293.153650305988
000152.png,49,50,0.000673854447439353,353.728804539289,227.226110266244,383.405799943507,225.540217442985
000152.png,50,51,0.0114868676737918,224.907742359527,2.01071502133474,228.479192311051,366.073778943589
000152.png,51,52,0.000752209615746255,234.622574282722,157.134874465175,216.951863413319,140.960102602572
000152.png,52,53,0.00319689086692158,176.001181471833,307.864939369572,240.10124894768,308.425668458315
000152.png,53,54,0.000736538582084874,636.128176107849,59.7615186426112,637.948491436134,76.0057719998747
000152.png,54,55,0.0108913683946593,631.872217105843,57.4396922312549,446.135237689822,66.7096749542463
000152.png,55,56,0.00299316742932364,431.436356608919,120.313654991898,418.845269139584,258.259703217823
000152.png,56,57,0.00347896947282643,155.737000524277,143.467734328587,229.617240910589,140.493197549886
000152.png,57,58,0.00526546731022378,237.814522824405,85.218817110241,267.221472275085,269.632310207445
000152.png,58,59,0.00738105685451012,251.181215671014,109.969007775408,249.47024748857,375.996592873287
000152.png,59,60,0.00603334795963142,371.998008866932,316.342184209627,426.089279640199,316.656935489547
000152.png,60,61,0.000752209615746255,408.519920966962,293.674535255468,404.915514343021,332.215176382516
000152.png,61,62,0.0019902212749953,406.690398625224,303.48945679951,372.590316864857,300.723164564952
000152.png,62,63,0.0122704193568608,292.021256678918,309.981911756446,292.489338193545,0
000152.png,63,64,0.00238199711652981,322.692549697647,69.3627613270737,254.059438164069,74.7563476180495
000152.png,64,65,0.00443490252617063,340.488963073965,38.3334267707144,341.167208009521,102.43206277231
000152.png,65,66,0.00261706262145051,317.040446657749,139.059544157889,262.958963776184,133.916349128149
000152.png,66,67,0.00134770889487871,259.607489718669,147.387280474893,309.77804840097,121.800159683405
000152.png,67,68,0.00385507428069955,309.911942219735,293.438670055424,254.046732331344,295.359299760803
000152.png,68,69,0.00336927223719677,368.022685728605,342.228455795648,430.1661626781,343.024241782347
000152.png,69,70,0.00902651538895506,637.943820424962,302.757628023787,441.966326897432,304.857809459468
000152.png,70,71,0.0019902212749953,384.360919448818,74.0377546727747,373.370959286462,179.097342607703
000152.png,71,72,0.00255437848680499,373.982676891715,293.77500551185,415.982490585316,293.686547419676
000152.png,72,73,0.000799222716730396,427.33328726415,176.914146802094,407.359733483491,160.793282380328
000152.png,73,74,0.0103585532501724,565.885005936679,374.067731651102,561.741742496504,0.00286054359827403
000152.png,74,75,0.000548486178148311,423.83596890881,158.388866094327,409.778063805417,159.820114922147
000152.png,75,76,0.000329091706888986,419.971618598484,159.460976972722,409.950514570849,159.572993671266
000152.png,76,77,0.00130069579389457,366.307492891036,123.211320499259,401.698436413438,162.110089505767
000152.png,77,78,0.000454459976180029,433.621506158754,25.7888374871699,440.427420417517,0
000152.png,78,79,0.00244468125117533,264.397000085978,126.013608471534,263.463235847919,16.0215355487233
000152.png,79,80,0.0011909985582649,316.144240490107,106.026290263515,315.151957459396,35.9836803933894
000152.png,80,81,0.000344762740550367,317.403317197451,41.6389924094751,313.622313887842,68.8352800447728
000152.png,81,82,0.000830564784053156,447.813356303582,0,451.352413471606,22.7238250761995
000152.png,82,83,0.00971604087005579,189.784892332844,235.136794882644,0.160136761456556,223.410454340747
000152.png,83,84,0.000846235817714536,423.903757579931,216.418881596797,403.357076024224,231.499046986558
000152.png,84,85,0.00252303641948223,391.641618736773,33.6653588369427,424.906067273775,80.7724749857226
000152.png,85,86,0.00719300445057356,630.011229526377,440.768481510572,340.042531078482,439.760840317021
000152.png,86,87,0.0031812198332602,547.456731064148,0.0194073216749572,548.11522957949,222.035250203659
000152.png,87,88,0.000736538582084874,150.808199473277,98.5407173849735,161.185065398115,62.0614297265748
000152.png,88,90,0.000454459976180029,258.347311121916,300.890125643759,274.002113371563,333.999000738811
000152.png,89,91,0.00162978750078355,393.056638623003,52.0343827167467,424.273142005967,127.887591593295
000152.png,90,92,0.00664451827242525,0,340.481265262459,179.883590272602,337.338023810883
000152.png,91,93,0.00391775841534508,168.101228444857,179.969060891392,0.0962944291611336,178.555465656208
000152.png,92,94,0.00169247163542907,315.106093700543,191.969980987242,317.821006770105,292.00485781634
000152.png,93,95,0.00133203786121733,307.592367911911,85.9886594187292,305.144499165921,173.976199428309
000152.png,94,96,0.000548486178148311,376.30537092616,15.932766077588,383.999905312686,50.8807061603072
000152.png,95,97,0.000736538582084874,427.685797624902,245.986920646661,426.26600306526,280.094327277913
000152.png,96,98,0.000344762740550367,413.552813926224,231.875239686648,414.683252473642,245.945104309492
000152.png,97,99,0.000673854447439353,473.824114985105,78.4688565123728,411.580247672768,55.1189333686218
000152.png,98,100,0.00136337992854009,255.085993230072,229.74207350763,270.992107912916,296.714382957432
000153.png,1,1,0.0116816605860092,342.515787759557,182.100249299317,345.219969535115,383.983658789041
000153.png,2,2,0.00260599605701466,355.121153431412,393.94140464592,354.132824325562,509.967058644836
000153.png,3,3,0.00555190464320515,222.663088472701,507.237359154081,358.965708574883,497.453102129842
000153.png,4,4,0.0103673321398627,362.743947534393,181.792945791118,356.971472982825,384.084792108463
000153.png,5,5,0.0163837839062748,424.44053343173,199.950655722828,161.296118372759,377.916470928157
000153.png,6,6,0.00438487162636815,349.268381084411,240.20715725065,351.039911981248,331.979926112859
000153.png,7,7,0.0583063291712933,198.431070556885,309.480128696984,638.936459079266,292.939468905333
000153.png,8,8,0.00316118652133518,259.736990667725,225.102097028977,347.092464577674,229.605207168431
000153.png,9,9,0.00643567721906229,255.137507804455,398.82173306229,343.212134222156,184.852450994305
000153.png,10,10,0.0753812685535589,638.058390913627,287.443358105077,0.00961953327407628,290.214708121078
000153.png,11,11,0.00265131772757144,306.760864905519,232.753828997114,339.093484070094,364.71215870092
000153.png,12,12,0.00675292891295973,280.14176542343,184.432202071232,301.147119542977,373.20761803676
000153.png,13,13,0.0216750889437785,259.980783456441,263.196668618989,611.91997391088,265.312325757568
000153.png,14,14,0.00108772009336264,313.73096652358,305.362358719832,260.231772071152,315.253596324252
000153.png,15,15,0.0243490675066283,259.153459103093,12.0039209707316,260.292846592949,257.998643606087
000153.png,16,16,0.00269663939812822,262.432154145701,11.9972382986298,264.004246177887,257.999972864601
000153.png,17,17,0.000283260440979855,266.717060083937,118.839149719748,263.758089802777,127.207258692731
000153.png,18,18,0.0249495796415056,258.666595679171,510.000844784969,258.965693773545,273.991085336503
000153.png,19,19,0.0220716535611503,212.007001891073,11.9999564317908,213.40075408096,235.991284019391
000153.png,20,20,0.0268644202225294,235.313504425704,257.95855194216,234.110873243151,510.00052903735
000153.png,21,21,0.00270796981576741,221.420097783106,405.896388783718,224.859083845433,253.883696954574
000153.png,22,22,0.00182419723991026,214.148375758646,411.537973841368,160.410390235134,418.96811798988
000153.png,23,23,0.00891703868204582,236.00030654357,508.783145906336,3.99981743694624,508.724701546793
000153.png,24,24,0.0188311541163407,185.690196777372,508.258824092556,168.061875200816,412.190621850621
000153.png,25,25,0.00294590858619049,173.821112384717,412.838862804574,186.605222054586,507.00393542539
000153.png,26,26,0.0134605361553627,117.997385509955,239.492817385146,216.077258059185,238.987222668506
000153.png,27,27,0.00363706406218133,213.174558209939,238.426539746292,117.487814878702,232.951641531648
000153.png,28,28,0.00477010582610075,139.842399229259,348.070883271981,247.873434611159,350.875380357059
000153.png,29,29,0.0153527159011081,165.251211391032,508.400846800562,146.764228783531,410.232719944011
000153.png,30,30,0.012837363185207,189.222816580499,309.259308751422,77.891314883788,301.574556596822
000153.png,31,31,0.011262435133359,0,262.06254926618,236.626522103012,354.099232904639
000153.png,32,32,0.0219243581318407,101.802118341833,13.1376484606903,115.245098042862,228.172223890108
000153.png,33,33,0.00120102426975458,116.114398893137,114.337522620645,151.061938417308,74.6996183536517
000153.png,34,34,0.0116816605860092,117.905056805531,12.0003574512489,118.6957304467,222.012440231079
000153.png,35,35,0.0109791746923792,93.18630225006,450.767446937765,105.778556035381,509.071485867587
000153.png,36,36,0.00237938770423078,72.251177147413,322.063945070195,92.838860299839,241.195232121614
000153.png,37,37,0.0285866437036869,67.9814049806485,14.0001584158004,69.8895806790515,237.98390217133
000153.png,38,38,0.00177887556935349,82.4326880203944,102.83446538355,50.8538925086858,66.4687056550671
000153.png,39,39,0.0119649210269891,0,487.828747917266,137.291782878875,510.442227016495
000153.png,40,40,0.0138797616080129,0,239.666553839141,73.6690211050023,241.47592114924
000153.png,41,41,0.0117496430918444,5.95753195103386,508.168333036193,121.756427504827,510.436320971864
000153.png,42,42,0.00226608352783884,0,508.168499249538,0.334728849197671,509.617866690051
000153.png,43,43,0.0021414489338077,1.44897962994426,384.049555909697,0,309.459530736541
000153.png,44,44,0.00397697659135716,12.4575536341673,236.003474843882,12.0745975959339,66.0133488260922
000153.png,45,45,0.00396564617371796,0,261.106546470564,14.0790242184326,330.390357633303
000153.png,46,46,0.00671893766004215,637.972861258683,243.045923215613,589.901436944668,241.798606080184
000153.png,47,47,0.0254367875999909,590.392284700089,236.009939009104,588.982750091413,8.00628871050944
000153.png,48,48,0.00601645176641211,605.616387752742,257.265725438142,564.944057509621,411.72194294033
000153.png,49,49,0.0310906660019488,356.165647576812,316.877792926345,638.868701915151,310.069056983001
000153.png,50,50,0.00597113009585533,475.307843376236,299.103139745073,542.473333442658,341.245614481838
000153.png,51,51,0.0212671939087675,448.616112964017,312.828354189425,558.630568294236,416.442374520374
000153.png,52,52,0.0303541888554012,541.216587503748,9.73820663278313,534.451519463088,391.760075534568
000153.png,53,53,0.00201681433977656,531.917323957293,9.60213200386709,529.62821315718,113.639776214047
000153.png,54,54,0.0019375014163022,557.410396265405,328.214495213673,637.136635582697,342.739060734836
000153.png,55,55,0.00115570259919781,558.132938624041,333.439785140277,639.470822891675,325.929674003224
000153.png,56,56,0.00263998730993224,522.368457491334,392.58031525888,537.369649314974,331.355516134736
000153.png,57,57,0.000509868793763738,516.457715328608,281.349874793849,548.322855817764,293.126411595894
000153.png,58,58,0.0313965872782071,328.507727349302,392.405172608163,489.176367765065,471.387382211548
000153.png,59,59,0.0071948152008883,377.280623999141,315.113135751253,529.611657194198,336.786468753641
000153.png,60,60,0.00283260440979855,487.786678648922,227.519545912775,559.764699951536,231.88216800458
000153.png,61,61,0.00262865689229305,491.717506099379,245.004509648901,553.697354456672,247.504174864592
000153.png,62,62,0.00721747603616669,359.898364906816,206.1787158877,557.903114929554,207.422586622499
000153.png,63,63,0.00112171134628022,487.697827194071,223.260957535101,494.325128564153,184.681583432466
000153.png,64,64,0.00392032450316119,469.596361930013,181.732852227545,467.073639137069,279.976212624915
000153.png,65,65,0.00265131772757144,479.396092380399,381.967508130213,479.970307865372,335.949717021013
000153.png,66,66,0.00222076185728206,421.527816678986,316.990568564895,429.398134756656,384.304210357884
000153.png,67,67,0.00113304176391942,336.17778602054,508.823770020708,238.002321087308,493.984643716824
000153.png,68,68,0.00497405334360625,122.534810432068,59.0376794642832,131.129472335464,220.259645379773
000153.png,69,69,0.00436221079108976,138.618937692242,238.327744536415,67.5470735780918,392.871946986193
000153.png,70,70,0.00320650819189195,113.728894682792,384.540064334323,84.1074392409204,259.974451161869
000153.png,71,71,0.00608443427224727,8.0059189855658,357.051390709787,212.078266694521,355.90253018703
000153.png,72,72,0.00347843821523261,112.669461004606,496.17253914069,19.2217767097836,483.949849577749
000153.png,73,73,0.00150694554601283,5.50746027192797,416.060747694096,49.4598493395344,356.449549244575
000153.png,74,76,0.00259466563937547,0.958974174213163,498.590783396972,85.8533542793753,512
000153.png,75,77,0.000328582111536631,507.916669667555,290.880370091864,521.979979300661,292.211515115794
000153.png,76,78,0.00793129234743593,546.286178214326,393.197356584634,529.866973186927,314.844414284111
000153.png,77,79,0.00143896304017766,459.350096370075,47.447405652725,477.931926935504,92.8464621567192
000153.png,78,80,0.00352375988578939,325.985191920944,78.1248743038469,502.45235768156,99.051034937758
000153.png,79,81,0.000985746334609894,277.597163040534,475.733314738275,310.071568126243,512
000153.png,80,82,0.000339912529175825,324.858389040757,484.26290992526,300.520956285679,512
000153.png,81,83,0.00126900677558975,272.496364419782,371.074429235786,198.137675083062,401.265038423559
000153.png,82,84,0.00287792608035532,152.755841865886,253.930032419591,176.413960609385,333.657584852123
000153.png,83,86,0.00480409707901833,72.5574066505025,14.0132735226328,74.4894852822147,223.995496170855
000153.png,84,88,0.000827120487661175,602.173112351239,397.823402158779,616.270982518161,411.643024387318
000153.png,85,89,0.00117836343447619,456.942712997363,35.1911731452044,463.338673543357,83.8239437510836
000153.png,86,90,0.000283260440979855,458.300622400645,44.7812283287177,464.309872480044,52.7742740283856
000153.png,87,91,0.00296856942146888,356.008420321596,260.883666979868,550.105142656838,259.034150295447
000153.png,88,92,0.00209612726325092,368.867174371713,241.767918825481,410.616328588764,293.72064954651
000153.png,89,93,0.00248136146298353,147.157323559816,258.686294426651,169.577140025103,351.550641832332
000153.png,90,94,0.0038976636678828,0.0557294662215197,378.848008063227,246.184140058764,376.018680065958
000153.png,91,96,0.00492873167304947,638.194512377905,327.028695408185,412.120386455786,328.155410389458
000153.png,92,97,0.000419225452650185,601.953328121442,401.794777098257,632.024515457815,401.158343111317
000153.png,93,98,0.00100840716988828,592.76729838853,389.481151581618,591.623435289517,431.881931632703
000153.png,94,99,0.000781798817104398,458.99877793088,55.0776715704628,446.168656636454,90.7793506745316
000153.png,95,100,0.00157492805184799,144.132787848987,448.3639615204,179.7864671743,416.196883765329
000153.png,96,101,0.00263998730993224,99.4194231873578,71.7109689521889,26.3898393127762,93.034486543546
000153.png,97,103,0.00089510299349634,640,455.998125504605,613.897556744815,474.654852919936
000153.png,98,104,0.00123501552267217,286.478938064251,230.808552209497,262.863038573008,194.558322649041
000153.png,99,105,0.00166557139296154,260.951257858904,311.455362244718,321.494751881738,188.682174202418
000153.png,100,106,0.000509868793763738,208.202351765035,405.39560075845,191.528709297019,383.91858179612
000153.png,101,107,0.0044868453851209,5.99904419253188,325.893732591708,162.094348646956,324.489755021026
000153.png,102,108,0.00126900677558975,87.4586446574248,315.114271661218,109.326274609586,252.371085319465
000153.png,103,109,0.00191484058102382,475.151384191412,342.592685586784,462.354059370051,386.683267516303
000153.png,104,110,0.00075913798182601,490.264266066469,207.66068344803,487.005395290082,281.956373132318
000153.png,105,111,0.0109905051100184,351.601607751261,377.235420719113,514.313818847398,397.523394222102
000153.png,106,112,0.00287792608035532,345.396939640894,28.6975331606545,257.944415132582,25.5390336190005
000153.png,107,113,0.000430555870289379,293.855334719999,30.7587694599157,268.721672979792,18.654315410523
000153.png,108,114,0.00301389109202565,493.059287192086,351.570038916852,638.052131947454,363.358817424645
000153.png,109,115,0.00751206689478574,258.020108405676,206.896262846389,572.490018112673,199.840867721404
000153.png,110,116,0.000872442158217952,258.261550751421,357.478593274966,277.193124580567,294.357849491793
000153.png,111,117,0.000963085499331505,252.73573068022,335.129355725169,322.853164604528,308.2233599242
000153.png,112,118,0.000577851299598903,333.243211805664,71.491020385728,305.073005502749,113.376547751175
000153.png,113,119,0.00040789503501099,457.616707300127,66.008194442703,457.959529909378,82.0436233595119
000153.png,114,120,0.000249269188062272,329.235664848275,82.9109965307195,342.776448225243,73.4071730729745
000153.png,115,121,0.00368238573273811,405.956675069897,83.5309297235964,547.990105906649,84.1765738151685
000153.png,116,122,0.00124634594031136,362.512176026695,309.844815781706,410.967656176822,380.802253406271
000153.png,117,123,0.000634503387794874,412.325620046999,341.174025970775,361.783368539194,330.360519805369
000153.png,118,124,0.00101973758752748,257.954845893625,97.858104113568,320.528545019743,77.9459027265117
000153.png,119,125,0.00179020598699268,459.874389110694,384.8553342831,315.867289266422,381.129770022604
000153.png,120,126,0.000997076752249088,319.436245843167,332.700430488706,335.82858414067,384.684718113436
000153.png,121,127,0.00346710779759342,239.738014749431,265.978833876535,238.913211724367,509.996326549185
000153.png,122,128,0.000555190464320515,212.068040466367,284.550254795443,202.887429132756,252.316879025836
000153.png,123,129,0.000237938770423078,254.691873329448,337.530110663239,264.074556099064,357.815638930708
000153.png,124,130,0.00128033719322894,595.141671135368,326.774165824328,588.726172746421,394.069228853872
000153.png,125,131,0.000951755081692311,479.430268644476,200.789562005495,566.673829000147,221.568210156304
000153.png,126,132,0.00027193002334066,520.683085780875,225.07705825233,558.11607056913,201.336522780602
000153.png,127,133,0.000385234199732602,324.896574551631,99.2224349665258,368.767303369892,67.0461801169605
000153.png,128,134,0.000396564617371796,253.152956186466,325.311411620029,290.770780806355,312.213763669966
000153.png,129,135,0.00307054318022162,0,282.298403469734,58.0634579019766,287.522750983273
000153.png,130,136,0.000498538376124544,603.562627733558,405.805414134595,606.781373475633,431.65365009647
000153.png,131,137,0.000260599605701466,264.418735286293,283.409789613467,276.307097183444,263.013270769681
000167.png,1,1,0.0425057131334857,147.64396210004,509.944146510102,130.318647705691,0
000167.png,2,2,0.0770533673880898,246.989766423767,510.037578944672,230.680745772466,71.6026946996373
000167.png,3,3,0.0407716090872429,103.172628312193,0,119.21450613768,509.961795257488
000167.png,4,4,0.00887216023659094,100.922980071765,0,116.892004880533,509.784107438201
000167.png,5,5,0.0220728592552762,550.920285679801,212.130243420976,547.342069415987,127.52033540514
000167.png,6,6,0.1049200161312,310.404940203413,41.6837333290122,328.027017400765,509.998983371304
000167.png,7,7,0.0641887350450329,440.744402924935,0,463.829423262368,509.91717817123
000167.png,8,8,0.0686920284984541,355.698120633591,504.154609234897,276.81208437568,76.3749801060343
000167.png,9,9,0.00517542680467805,334.274191216303,509.852413234595,328.441237048433,419.971365315155
000167.png,10,10,0.0542008334453556,354.643559212863,410.069523066086,284.445580047332,0
000167.png,11,11,0.0445624411883318,320.976277796537,0,369.930255745014,366.802389999418
000167.png,12,12,0.0131066003495093,587.848774596095,123.515932305933,590.609986544076,213.920283416218
000167.png,13,13,0.00676166151364431,293.368311706312,0,310.730424150904,170.909935633669
000167.png,14,14,0.00193574405161984,272.381299381457,52.9516184087602,319.445060578433,163.3841489856
000167.png,15,15,0.0179459604785589,405.302188138888,487.687570653599,365.521395352007,50.946684579017
000167.png,16,17,0.106479365506116,256.86398796271,510.040624741594,241.113554362287,69.6025699910354
000167.png,17,18,0.0306627234843393,319.678250929121,510.018187565266,307.230921033261,289.817365169072
000167.png,18,19,0.00184164538244388,223.765595475529,466.508183742408,262.105287290466,505.953734600146
000167.png,19,20,0.00254066406775104,270.292369730762,390.476670394509,308.052973923287,397.723990765214
000167.png,20,21,0.00240623739749966,269.198606801281,328.800998301185,302.999921953279,314.33669597858
000167.png,21,22,0.00274230407312811,514.255260627915,132.963993566282,584.252829779622,126.935767440066
000167.png,22,23,0.046928350584756,334.294804337124,507.323118003138,261.709041245684,65.4766680578639
000167.png,23,24,0.00356230676166151,314.947798031749,481.598830631582,218.229248480302,463.422276472158
000167.png,24,25,0.000457050678854685,369.566029246052,130.813146158061,347.580303108965,138.852183325622
000167.png,25,26,0.0129856163462831,337.448314431706,465.314755483033,284.609641325239,153.524126798029
000167.png,26,27,0.00711117085629789,444.147001894226,378.023270965925,638.080299525233,373.290201132846
000167.png,27,28,0.00311869874983197,249.651482309682,97.7445331255284,216.255815734456,205.93108235644
000167.png,28,29,0.0263745127033203,303.509774501644,509.381445301385,282.267615185596,251.483757758464
000167.png,29,30,0.00190885871756957,428.542763907253,122.556301070775,435.392600312269,163.08866833017
000167.png,30,31,0.00198951471972039,334.780385183454,495.467061671593,356.011963951115,446.879173235989
000167.png,31,32,0.00244656539857508,364.445757707626,478.931264544227,365.760158177133,452.896650919544
000167.png,32,33,0.00135770936953892,424.572946538681,128.467190148409,401.636300790108,156.595933520554
000167.png,33,34,0.00353542142761124,526.247334692816,199.641097847261,596.061050804783,194.898749590435
000167.png,34,35,0.00246000806560022,567.8227243748,124.169493863768,565.266684821541,211.978653905808
000167.png,35,36,0.00357574942868665,228.373097080066,162.96006652926,242.748568700997,73.7316883653652
000167.png,36,37,0.000833445355558543,250.935563052653,509.899316589335,249.80301022591,499.375491731948
000167.png,37,38,0.000430165344804409,244.562726614186,509.374694713884,232.96005370183,498.933182402297
000167.png,38,39,0.00707084285522248,315.928733389198,509.589791089047,304.351532264473,398.710345524401
000167.png,39,40,0.000927544024734507,379.0771298839,136.597593811513,377.38143522416,162.354287360449
000167.png,40,41,0.0104180669444818,461.55037182479,507.928653859239,438.176140781892,0
000167.png,41,42,0.00104852802796075,597.431395533942,247.082881458777,607.893628823109,233.915482165982
000167.png,42,43,0.00103508536093561,258.025292176977,0.89196240439288,328.034467437481,2.489998840789
000167.png,43,44,0.0027019760720527,237.980810030822,482.100068532007,292.284989317645,492.513887000528
000167.png,44,45,0.000376394676703858,312.370049217938,19.9314841062029,309.797527817203,6.03748842559566
000167.png,45,46,0.000806560021508267,330.437562895448,2.77179122667515,313.507041497015,42.0934022146321
000167.png,46,47,0.000954429358784783,443.909101354541,203.379863532661,380.054450239329,199.173432131853
000167.png,47,48,0.000470493345879823,18.6806179247688,395.753578931674,14.7843089802232,384.991927234814
000167.png,48,49,0.000497378679930098,0.523905559878085,385.039305252021,14.677426775567,392.757790725529
000167.png,49,50,0.000725904019357441,68.1985109575634,406.888815186871,85.6418062333426,410.00502520643
000167.png,50,51,0.000752789353407716,562.789981303929,169.580890956535,594.322682563631,189.48889641909
000167.png,51,52,0.000887216023659094,528.315123186187,142.855962156477,602.732424129372,186.758499387714
000167.png,52,53,0.00135770936953892,0.00742841249637956,131.581777510688,83.9809361192767,133.073303839269
000167.png,53,54,0.000228525339427342,0.330186637240352,126.093791859219,0,127.075896891706
000167.png,54,55,0.0015996773759914,545.264344315257,221.900565658601,542.512441150638,131.557940312496
000167.png,55,56,0.000618362683156338,559.995881537397,208.004227203473,530.557023416121,179.322656275088
000167.png,56,57,0.00315902675090738,438.919698334886,32.4979891154983,597.858336986654,0
000167.png,57,58,0.00150557870681543,292.355614204712,509.090971421353,270.435545308195,452.288328607049
000167.png,58,59,0.000900658690684232,231.312873157915,455.113521552512,267.476252856089,465.776313945939
000167.png,59,60,0.0196935071918269,88.4661401545132,509.98540038458,72.4932816835982,0
000167.png,60,61,0.000739346686382578,438.82179749373,151.397025865343,398.290819913239,161.202148674056
000167.png,61,62,0.00397902943944079,637.9920567747,377.653215338041,448.091688994486,382.002950408163
000167.png,62,63,0.000887216023659094,614.985918087745,183.475731585836,582.177933817548,121.778356270936
000167.png,63,64,0.000873773356633956,598.831447176004,153.620712693529,579.893949095372,211.965578139782
000167.png,64,65,0.000645248017206614,337.161402519235,29.3013508864599,321.245967201146,2.84425487801124
000167.png,65,66,0.000631805350181476,228.642775975435,465.027369913497,251.786888066745,480.322474837266
000167.png,66,67,0.000994757359860196,282.227561136968,494.847699886333,190.259598073957,476.685474619639
000167.png,67,68,0.000658690684231752,543.644466782913,179.387537819679,586.181042614431,213.776060958875
000167.png,68,69,0.000403280010754134,569.320963395345,200.316643516889,574.222870095005,210.828698569752
000167.png,69,70,0.00036295200967872,317.284588223255,32.8338409872672,324.658123479861,16.3421710235
000167.png,70,71,0.000228525339427342,302.634145418543,12.4070088108943,283.166536417105,19.8075064868283
000167.png,71,72,0.000766232020432854,266.711087593733,144.817546323829,219.391143108977,116.360934333586
000167.png,72,73,0.000336066675628445,229.858735473503,187.607299720303,218.787510360937,200.410436927334
000167.png,73,74,0.00137115203656405,224.955104464597,199.768548621674,242.047782960855,150.080433300748
000167.png,74,75,0.000551149348030649,434.497693415587,125.97712744594,446.169351240309,175.007487587539
000167.png,75,76,0.000457050678854685,403.335134724195,133.061614173579,435.282999249853,147.577986703203
000167.png,76,77,0.00122328269928754,19.9804908969553,387.729792172784,92.1817165805549,382.51683751366
000167.png,77,78,0.00295738674553031,432.846388769429,38.3552685132528,630.211357808102,0
000167.png,78,79,0.000416722677779271,217.530632823972,95.6647777206052,234.961665445307,71.2584209250753
000167.png,79,80,0.00325312542008334,278.014264883689,281.999159735845,290.148103151518,487.991276075418
000167.png,80,81,0.000497378679930098,280.005208336186,458.375965111677,286.231444600638,425.168360276041
000167.png,81,82,0.000981314692835058,323.411501307418,143.572705465408,312.096769786842,53.2363724431467
000167.png,82,83,0.000282296007527894,342.675567962401,500.441877979534,343.961711465776,492.654288391323
000170.png,1,1,0.0365909595324406,479.349555274911,42.4267686899493,47.6279843028541,92.812443162054
000170.png,2,2,0.0637863431234741,453.989371658467,0,0,52.0368764505365
000170.png,3,3,0.0152548642450248,318.382728306119,0,0,45.0780710326093
000170.png,4,4,0.00497151734852408,38.129856374502,181.845077877352,18.1166562876443,254.936702597334
000170.png,5,5,0.0252718798549974,336.161701321365,37.9786435733346,336.777958028306,158.067850993603
000170.png,6,6,0.0187911518828142,612.595317478012,0,343.452063527995,42.532705776893
000170.png,7,7,0.00152400680624399,14.1026719167339,467.622787011727,68.432609043433,482.410609685506
000170.png,8,8,0.00705777909299401,79.3938623949121,238.528815624053,10.3310859613246,173.095815836377
000170.png,9,9,0.0372123992010061,382.544423414886,138.108335304752,0,232.618585682366
000170.png,10,10,0.0185396167788711,365.614395269349,186.520347657713,389.008570124136,338.61353249958
000170.png,11,11,0.00241177776133757,428.225945203393,326.813311526865,387.367653229782,268.199936361029
000170.png,12,12,0.138832581194052,450.383904151737,511.376132503564,429.695975411375,6.01244576765185
000170.png,13,13,0.0203299548716431,436.188901595768,6.15673594070154,456.962548839414,511.276451980151
000170.png,14,14,0.0725160908485611,605.887980196217,0.2420434233057,640,297.896325405746
000170.png,15,15,0.00655470888510764,628.703806684833,23.9398457227574,598.956330525099,92.0501366467304
000170.png,16,16,0.0273285492342976,440.893730635335,107.80577783433,0,220.115908807749
000170.png,17,17,0.00846341643855885,130.360481832907,56.991391736702,113.163203561682,187.249019557428
000170.png,18,18,0.00134645261522527,7.1315795073185,164.398915795766,3.40084050086197,118.868489513674
000170.png,19,19,0.0213360952874158,169.961768998884,512,35.6957793207912,269.062780543504
000170.png,20,20,0.00230820448324332,6.96858908610644,188.425694817957,34.5003936013762,240.341051088825
000170.png,21,21,0.00226381593548864,267.799440439356,295.781427712049,215.391441996435,273.426691249848
000170.png,22,22,0.0173855145372494,309.603551718328,510.159222440762,204.962564106131,249.613412862527
000170.png,23,23,0.0062143966856551,435.120998693072,61.4070265214954,637.863731135971,40.6678578003067
000170.png,24,24,0.0330102833468965,563.073161097836,134.533771373115,115.648640347058,278.911138724772
000170.png,25,25,0.0128874750314419,254.393052908923,393.449023610478,1.68581912811683,431.937134968734
000170.png,26,26,0.00304801361248798,0,418.222659488184,45.7105095569135,439.02972334336
000170.png,27,27,0.00503070207886365,637.809663762726,300.052282270533,453.807822366723,318.033439197384
000170.png,28,28,0.00584449212103277,637.506940395639,229.143446392696,455.755898951051,247.595646004384
000170.png,29,29,0.017163571798476,0,292.857839837995,183.390863061326,258.195590686192
000170.png,30,30,0.00575571502552341,415.722024581931,446.9952475398,637.856161736444,426.44519209902
000170.png,31,31,0.00184952282311164,48.5902700432242,435.007147364993,0,412.228363696062
000170.png,32,32,0.00134645261522527,423.779181403747,490.110154664668,434.698862143795,512
000170.png,33,33,0.00560775319967448,176.321874651852,145.334037548891,169.884341370933,185.58393709196
000170.png,34,34,0.000606643485980617,0.380026601455619,419.209609944119,32.6198552146768,434.710807622704
000170.png,35,35,0.00636235851150403,53.6582176702725,512,0,431.86698792311
000170.png,36,36,0.00671746689354147,435.799303363734,296.067397953413,637.698898445212,275.100551898426
000170.png,37,37,0.000769401494414441,566.631405634772,272.951137657142,526.419122125696,295.658711535422
000170.png,38,38,0.00183472664052674,567.573737352408,189.627302198061,631.848673153261,232.2588868907
000170.png,39,39,0.0235999112229045,0,73.6258275863502,366.349424399148,31.6085877285961
000170.png,40,40,0.00608123104239106,637.884972552599,482.411398328856,381.635491475256,500.965907140965
000170.png,41,41,0.00371384182880817,637.825584240691,324.224348186808,457.794524108369,341.908138341472
000170.png,42,42,0.00924761411555819,555.252925021461,68.3544099825452,343.491336676932,124.066573873595
000170.png,43,43,0.00608123104239106,637.77105274679,163.586398199727,455.137792511919,180.910458560811
000170.png,44,44,0.0012872678848857,543.400717695556,485.938544966166,469.648008869506,463.138613019431
000170.png,45,45,0.0032107716209218,25.3717882484988,245.254810802482,0,188.703182500811
000170.png,46,46,0.020344751054228,429.407410192534,72.6887010717921,43.8972018559758,188.321624299402
000170.png,47,47,0.000991344233187837,0,143.067203571169,0.582566341900938,144.555010829746
000170.png,48,48,0.0100909965228971,51.6492743180465,269.239448551719,129.076312317414,416.086791630497
000170.png,49,49,0.00543019900865577,637.696121147355,206.911407257426,449.74453591242,225.403489844652
000170.png,50,50,0.00574091884293852,637.72127986138,185.229838135754,457.533094786943,203.359492063147
000170.png,51,51,0.000961751868018051,336.680481700205,191.389042162023,294.317436723048,212.798354970274
000170.png,52,52,0.00627358141599467,65.7420675309197,269.05696939504,315.979653253523,200.613381241409
000170.png,53,53,0.0113634682251979,622.97515463348,38.519975188362,629.666448052856,180.393043176515
000170.png,54,54,0.0049271288007694,450.037874217199,446.201210876457,264.203454019775,508.605864429162
000170.png,55,55,0.00100614041577273,460.053904051127,402.427773860815,503.4242717036,437.193325196505
000170.png,56,56,0.00569653029518384,441.970077428829,41.7294983302871,635.154831616793,20.3596318799394
000170.png,57,57,0.00396537693275135,635.454332423706,80.6964428312321,463.627060142154,98.3752512655561
000170.png,58,58,0.0012872678848857,556.695140148796,477.339021130598,496.615438918453,461.644115420108
000170.png,59,59,0.00207146556188503,434.232006949971,394.234474227847,421.41060595737,465.17048533723
000170.png,60,60,0.00653991270252275,404.510410467295,353.306201074699,425.355507303674,440.912181208796
000170.png,61,61,0.00517866390471258,217.700708914735,252.767868220442,253.363500424105,359.555903471988
000170.png,62,62,0.0032107716209218,637.977807969848,349.754016855577,459.804086677783,365.828437745311
000170.png,63,63,0.00590367685137235,637.61698501386,252.17982318963,451.879889427565,270.802021748229
000170.png,64,64,0.00369904564622327,637.716907243374,454.321188192834,513.375879513905,463.889507026932
000170.png,65,65,0.00418731967152475,637.527665300444,400.534623667968,457.832720824558,416.064415662958
000170.png,66,66,0.00159798771916845,462.289881982109,0,451.696460661964,22.0020613941353
000170.png,67,67,0.00442405859288304,637.824688522322,374.140533118691,457.915380758474,391.102473613124
000170.png,68,68,0.0049271288007694,634.06975346389,100.69594794077,447.7365755826,119.371748001973
000170.png,69,69,0.0047199822445809,637.857228720657,60.5715274629613,445.777051565182,79.7693292531964
000170.png,70,70,0.0030036250647333,637.762211042726,141.915905198098,519.701778513664,155.386245952663
000170.png,71,71,0.00560775319967448,637.905345860935,122.871608257521,433.664811177022,140.004144100234
000170.png,72,72,0.00199748464896057,612.952949667868,1.25641325180581,617.020589373927,37.0212545579872
000170.png,73,73,0.00102093659835762,345.460977970855,52.2825248872461,363.904737836217,40.4772091977665
000170.png,74,74,0.000295923651697862,629.340303726523,107.938831873496,629.114181884082,139.95136173599
000170.png,75,75,0.00019235037360361,631.245524000481,120.150928388726,633.399858199472,130.920230716825
000175.png,1,1,0.0875531582451325,638.017280987088,340.349020173842,0,371.939080637344
000175.png,2,2,0.00187497452480265,136.124775060557,350.668488579207,104.143689545321,376.13332041015
000175.png,3,3,0.0711403377671499,638.567119358625,468.603981396301,0.00195895239585298,449.933001974743
000175.png,4,4,0.00604611350389261,105.84532623206,4.44089209850063e-16,42.5570261075778,52.6112023113743
000175.png,5,5,0.101846442303773,0,417.511363854071,638.065616526466,419.19954451854
000175.png,6,6,0.013668292550373,126.694539245923,105.831162018953,0.0182888756108639,101.468906370351
000175.png,7,7,0.0198366870015353,103.277223829375,0,0,41.4358033990315
000175.png,8,8,0.107158870124047,0,393.662800894339,638.041267703532,375.445344349336
000175.png,9,9,0.000407603157565794,46.9594593109299,399.832726221926,70.4934190339775,393.95645219462
000175.png,10,10,0.00851890599312509,128.281400743735,176.924205873461,0.0142789935637779,175.032045409899
000175.png,11,11,0.0398092417222592,499.963519970854,510.597012288147,0.118887827619687,480.054346565475
000175.png,12,12,0.0027717014714474,68.3724324084601,510.272912075659,70.5342554423739,443.952221843057
000175.png,13,13,0.00695642722245622,0,70.1668893169152,105.033801975842,76.3024292463346
000175.png,14,14,0.00524449396067988,56.2890900986443,168.215048833853,0.0335930668729389,167.468528584064
000175.png,15,15,0.00601893996005489,0,274.396492649289,2.18276970439891,386.074608481544
000175.png,16,16,0.00235051154196275,612.595773589501,267.134227738315,637.480869340673,254.940548167612
000175.png,17,17,0.00705153462588824,541.670974951831,169.843917905071,637.886880542917,151.40958582308
000175.png,18,18,0.00756783195880491,567.454864532258,190.437903548532,616.242137399207,130.919668917629
000175.png,19,19,0.0655697612804174,638.398321595326,457.133267494969,0.00727713673779817,443.655314213827
000175.png,20,20,0.00755424518688605,637.600206906208,370.922215956704,283.442058777455,381.748972329452
000175.png,21,21,0.00123639624461624,638.265225069074,141.973647254158,558.100312525585,152.7464661669
000175.png,22,22,0.00134509041996712,575.431757842659,133.480018454176,598.699626992509,128.233240284568
000175.png,23,23,0.023939892121031,637.975532961735,412.558731205789,187.948659564521,414.582307902352
000175.png,24,24,0.0134916645154278,355.874412506924,16.2422319177523,377.000864067662,376.058663793555
000175.png,25,25,0.00067933859594299,334.364231833292,134.510994787024,317.882735243968,130.479386525477
000175.png,26,26,0.00139943750764256,288.647387569146,0,230.948175741332,18.4623027281751
000175.png,27,27,0.00273094115569082,236.475785613667,263.920292704003,233.851505308615,379.95140741069
000175.png,28,28,0.0623768698794853,0,470.667584978794,638.315276765964,503.95413542656
000175.png,29,29,0.005135799785329,534.115679117334,501.563770512485,6.1664162143843,476.495235285095
000175.png,30,30,0.0207198271762612,353.221986188836,21.9794592919184,189.867495144892,84.8794788953179
000175.png,31,31,0.0129753671825111,191.026859927006,71.0910472616466,351.817332949327,17.4565929323479
000175.png,32,32,0.0100677979918751,2.83297619376842,272.155427309781,129.320088448271,233.76014047907
000175.png,33,33,0.00346462683930925,75.3508116844609,125.006346924683,30.5479420700292,154.790063055698
000175.png,34,34,0.00485047757503295,634.7550600144,205.491547770973,603.164067968985,282.841762671922
000175.png,35,35,0.00221464382277415,572.006123930588,317.710727490218,560.891965927529,163.791178142126
000175.png,36,36,0.00779880708142552,532.672604838971,8.32965006106627,554.562622159066,362.088942471643
000175.png,37,37,0.0179617124767327,334.682127836662,119.001915153806,204.532419645349,105.037719199553
000175.png,38,38,0.00384505645303732,330.352586574628,114.46460614437,248.440170610577,112.605546861247
000175.png,39,39,0.0050678659257347,232.310172844531,116.206955858125,151.237830084153,155.682075240789
000175.png,40,40,0.0053396013641119,96.9732370694166,195.789675511336,109.873296477433,378.150441360874
000175.png,41,41,0.00169834648985747,17.2063664707273,189.940201430374,20.7813044361476,262.060409712386
000175.png,42,42,0.00203801578782897,579.431231221343,194.382254439477,588.460047916911,302.296176599179
000175.png,43,43,0.00137226396380484,285.790881798408,491.807837332131,270.812493183602,506.811143776602
000175.png,44,44,0.00358690778657899,129.664696394899,256.012922155852,134.066419793271,370.228672304809
000175.png,45,45,0.000869553402807027,577.744716137801,125.98554672628,578.159300733735,176.031816452298
000175.png,46,46,0.00285322210296056,213.37105772492,5.51269764146905,178.62560425928,65.4008943379639
000175.png,47,47,0.0125134169372699,186.355199099802,376.284264624217,168.41721395015,20.0797069887195
000175.png,48,48,0.000366842841809215,181.117011236274,262.390976377334,184.651560241162,288.45409849081
000175.png,49,49,0.00173910680561405,144.753951287008,181.476800403653,160.703258746364,174.482425124513
000175.png,50,50,0.00213312319126099,170.98588805315,290.177378014555,152.461502774886,184.269098085311
000175.png,51,51,0.00499993206614041,635.984711482899,206.896706480579,589.348778389195,213.119512143938
000175.png,52,52,0.0025678998926645,531.301455648519,355.670278850197,638.060155293655,346.717315687638
000175.png,53,53,0.00248637926115134,44.4856747068257,311.497879255255,0,314.783675062976
000175.png,54,54,0.00331517234820179,269.05135298577,264.862927961433,203.674706073468,273.55267644072
000175.png,55,55,0.00269018083993424,79.5608229999209,169.299733108937,69.4023061897043,233.697257473392
000175.png,56,56,0.00298908982214916,46.5390492930488,150.864662510457,13.4055436006699,251.868488250395
000175.png,57,57,0.00361408133041671,639.187975860723,225.67250852667,588.251540724848,219.813268116843
000175.png,58,58,0.00372277550576758,582.054116638258,179.13201380755,638.335985024869,180.194008289938
000175.png,59,59,0.00182062743712721,218.977727183711,177.664758026548,199.032448971591,180.11093964845
000175.png,60,60,0.00232333799812503,115.327595703004,112.273403251563,101.812146796439,177.901927381961
000175.png,61,61,0.00285322210296056,106.574063758298,109.588817718647,75.1400588978712,218.59858974674
000175.png,62,62,0.000611404736348691,57.2220086255127,233.003810527888,28.1873309026467,255.678943584181
000175.png,63,63,0.000543470876754392,297.052913121405,11.8870003952455,301.387962017012,52.2803263191245
000175.png,64,64,0.000217388350701757,154.982158193438,218.649175397081,149.693974106155,194.065829985098
000175.png,65,65,0.0027037676118531,282.909216876776,154.045570555047,190.067940454785,53.7891611657927
000175.png,66,66,0.000584231192510971,564.93391821695,294.130560683148,557.334900966014,232.081453210831
000175.png,67,67,0.00103259466583334,27.3827032478782,216.212678324673,32.7893183601421,282.748448695651
000175.png,68,68,0.00134509041996712,8.01116069182063,227.999960191469,7.77572603864519,161.993666248791
000175.png,69,69,0.000910313718563606,479.948903152365,360.186919540837,385.965779798739,361.446332077685
000175.png,70,70,0.000339669297971495,163.789454218201,15.2940949870663,171.01121160685,33.6010966164141
000175.png,71,71,0.000964660806239046,13.668972963665,226.008769327933,12.5027717564688,181.986680935622
000175.png,72,72,0.00144019782339914,313.076362563872,308.396931696991,191.202912772404,378.616572673095
000175.png,73,73,0.000624991508267551,72.8992240157184,14.7989900617422,35.2212398449473,49.3324429418174
000175.png,74,75,0.00182062743712721,130.881663051298,324.759056598404,97.579587485792,357.282064533102
000175.png,75,76,0.000529884104835532,276.938361737165,238.158753605175,271.205286034311,199.819765818629
000175.png,76,77,0.000489123789078953,28.6110118530252,491.569076121938,29.8216453746093,510.141991126901
000175.png,77,78,0.000584231192510971,0,491.091086497582,21.0756054169315,510.979570656402
000175.png,78,79,0.0016575861741009,310.207919695596,175.425640795257,274.65332665227,228.381893933886
000175.png,79,80,0.000774445999375009,322.227401455189,211.45049981495,280.069900094802,209.986773288404
000175.png,80,81,0.00191573484055923,194.21134137168,195.784051804016,198.162997124843,89.8568590925673
000175.png,81,82,0.000557057648673252,639.178696988124,426.599244812614,626.607814466846,451.325802396427
000175.png,82,83,0.000394016385646934,594.435610834477,186.48596427611,638.013876178654,191.888062041527
000175.png,83,84,0.00214670996317985,304.392168833928,208.080525168251,311.51119535561,350.224813249589
000175.png,84,85,0.00213312319126099,229.199832767205,35.7093879383908,190.997290694111,37.5858320069594
000178.png,1,1,0.00649198279233477,443.799950423092,307.541235980037,398.774545466593,384.453429058446
000178.png,2,2,0.00331117194629123,310.853642273372,105.051337727156,342.574384067377,139.639003051706
000178.png,3,3,0.0150175987485334,397.847817987362,496.020759939503,398.747501403765,415.940989018483
000178.png,4,4,0.0188762873158649,7.4130011286984,449.436821900951,5.07614156773509,509.964331468024
000178.png,5,5,0.00722200495372181,13.4936911796476,510.249018358655,12.1141444205916,452.044698158894
000178.png,6,6,0.0129318211445705,271.19131608629,375.835780062025,269.8817599878,462.028590206814
000178.png,7,7,0.0112371268413505,97.7377342624458,277.286288656269,104.006975235501,317.555737228102
000178.png,8,8,0.0157476209099205,3.33791723226414,369.538455130139,0.290949842907138,439.926017894484
000178.png,9,9,0.0105592491200626,318.347289698312,65.6027674227405,335.197549740631,188.11037270307
000178.png,10,10,0.0162951375309608,471.235510292413,365.273363684648,466.096383008446,455.550075619139
000178.png,11,11,0.0147829487680876,308.692441029674,404.157858484097,317.210934941974,511.95884569567
000178.png,12,12,0.0225524703428497,240.861882799811,254.649967906832,113.675105221862,315.318888160353
000178.png,13,13,0.0073523660539695,162.863468141121,278.396284252993,176.960132854725,320.378489288528
000178.png,14,14,0.00701342719332551,477.769380645328,470.202528422865,465.991907662454,508.134554005565
000178.png,15,15,0.00239864424455742,473.280471455465,498.11368134966,488.839155187071,503.410088521954
000178.png,16,16,0.00894277147699127,348.141769874611,390.129368719574,308.582139592934,314.846995180209
000178.png,17,17,0.0145222265675922,341.140767339741,288.483223284273,344.6511900424,381.900373778641
000178.png,18,18,0.00803024377525746,576.539137188346,244.172304186385,577.968094746877,306.046925642555
000178.png,19,19,0.00289401642549863,56.2331444286937,283.498089206802,54.1239319619585,316.137253019055
000178.png,20,20,0.0163733541911094,596.774103550258,368.992899101701,616.105623486416,470.739915721486
000178.png,21,21,0.0141832877069482,588.255870676767,509.906250744969,592.239294727368,435.797857123893
000178.png,22,22,0.00899491591709034,442.326515399039,456.901453071388,393.954357000211,367.101922995923
000178.png,23,23,0.00370225524703429,309.72355626992,417.518705030997,302.506869444978,464.857694748522
000178.png,24,24,0.0147308043279885,200.599052562736,55.5132304121639,189.254013446719,181.392006470674
000178.png,25,25,0.0078477382349107,398.35191781715,293.925561023763,397.650448603531,365.996597807467
000178.png,26,26,0.00453656628861948,391.080441121441,326.888405911775,376.90644969973,292.073720848879
000178.png,27,27,0.0044844218485204,387.546697898617,351.151773708572,326.240611961084,403.957391685909
000178.png,28,28,0.00740451049406857,465.585250942485,403.887657796155,466.987096594622,323.842156034083
000178.png,29,29,0.0211445704601747,57.0590694254775,369.570780489646,53.9853430118417,447.920963753485
000178.png,30,30,0.0106374657802112,301.111911883642,134.47938432103,335.986596390001,199.086822472637
000178.png,31,31,0.0103767435797158,6.10637325433837,74.3979413645457,0,89.2388077947204
000178.png,32,32,0.00836918263590145,261.882380574473,375.862508833193,259.274105944806,453.975761718043
000178.png,33,33,0.0186677095554686,551.248284986411,324.031949551479,573.301617785718,462.429979537983
000178.png,34,34,0.00226828314430974,40.9348686767187,265.864950451355,53.2506849610492,286.106557533971
000178.png,35,35,0.00873419371659497,549.209342798294,478.238616245641,559.398353436192,512
000178.png,36,36,0.00359796636683614,541.772808779701,474.472961292806,573.066921962765,510.803722486038
000178.png,37,37,0.00730022161387042,548.299653219402,302.196952157239,545.098205646811,242.047998296856
000178.png,38,38,0.0020336331638639,530.173608462472,241.660320872758,562.029726196061,257.94183827107
000178.png,39,39,0.00338938860643984,249.455591385367,315.02559643154,264.960567644994,274.538270192563
000178.png,40,40,0.00578803285099726,102.019265901574,277.964697695724,115.42941025551,318.786503399955
000178.png,41,41,0.0024507886846565,63.6426287784941,497.056005946505,103.783302631655,510.640324950062
000178.png,42,42,0.0020336331638639,61.5601275801537,509.226613542903,82.2724690907443,497.446231694553
000178.png,43,43,0.0191630817364099,615.631650577247,323.725583035079,608.813689701629,481.948880997269
000178.png,44,44,0.012618954503976,31.0762574194382,106.847059466463,19.1223898565092,199.369816599879
000178.png,45,45,0.00388476078738105,26.5506435082396,183.769053706993,38.446312245861,109.11505305518
000178.png,46,46,0.0128796767044714,132.581213253953,277.857377273735,145.238434118677,329.437828142053
000178.png,47,47,0.0138182766262547,153.85576025347,114.006829722322,168.666485792886,195.86013517669
000178.png,48,48,0.00589232173119541,237.25019830683,315.708293812256,239.590206277786,277.606346409447
000178.png,49,49,0.00698735497327597,90.8162781025931,510.508945469591,125.021304352952,455.64881684081
000178.png,50,50,0.00192934428366575,130.758032185538,457.551086169696,97.0087447833865,502.229711511628
000178.png,51,51,0.0191109372963108,439.608764536481,219.998905273588,439.866221498879,127.988433163838
000178.png,52,52,0.0022422109242602,469.649678724373,509.8314762251,471.983570173092,477.281797521488
000178.png,53,53,0.00130361100247686,334.576818310871,133.848969368987,311.550997868916,127.674387444277
000178.png,54,54,0.00599661061139356,309.928913587648,145.583626547654,314.050330022228,65.6930667691564
000178.png,55,55,0.00722200495372181,440.813327959436,439.304277908946,404.041734482621,502.024468092721
000178.png,56,56,0.00302437752574632,277.220549189343,277.443305716664,270.194684089775,296.07342006208
000178.png,57,57,0.00172076652326946,48.1335196287612,283.838363521049,47.3075702180622,313.815606510697
000178.png,58,58,0.00597053839134402,0,287.694335135248,164.91042264568,323.078109036812
000178.png,59,59,0.00922956589753618,8.66828355057699,88.0886015496679,0,153.469752672872
000178.png,60,60,0.00289401642549863,13.3145976600028,104.461780831687,0,142.365777114442
000178.png,61,61,0.00140789988267501,92.6625969453877,357.978405754078,149.631189729129,338.898793048876
000178.png,62,62,0.000990744361882414,100.247467448291,337.102562311999,89.4340383421674,351.107262010757
000178.png,63,63,0.00612697171164125,347.50397629237,292.274444294626,350.712670232584,368.223379340006
000178.png,64,64,0.00226828314430974,85.9716232193791,271.758935066382,63.6667302940073,254.428941007255
000178.png,65,65,0.000964672141832877,481.835433838327,235.434019645551,457.509784861859,246.965930111152
000178.png,66,66,0.00964672141832877,459.11366975378,241.988188608093,459.010740768846,301.998303228562
000178.png,67,67,0.00302437752574632,464.481565229396,247.955654163456,464.063335655292,300.000508961822
000178.png,68,68,0.00763916047451441,623.431419062876,160.868432622119,431.358526561248,169.184955857474
000178.png,69,69,0.0120453656628862,63.9034044987696,373.996933796255,63.854171988758,503.999944774517
000178.png,70,70,0.00299830530569678,100.52742853972,278.937870344081,183.048592253625,319.915934209465
000178.png,71,71,0.0128536044844218,169.584246121287,106.389924403831,177.676217146695,198.028591003827
000178.png,72,72,0.00568374397079911,176.067435723942,105.599803902341,157.853536892416,193.555509656229
000178.png,73,73,0.00263329422500326,27.9622149644081,266.625338544932,31.7463374236387,315.264532661711
000178.png,74,74,0.00114717768217964,30.0256964371899,279.869006837731,51.5882750974047,284.098856996295
000178.png,75,76,0.00239864424455742,181.867798648033,181.913798727071,210.948601474945,137.314440511634
000178.png,76,77,0.000912527701733803,180.03009813388,137.888752833019,219.822853702705,148.65475898917
000178.png,77,78,0.00568374397079911,57.7154074437147,275.800630834987,161.70221325505,316.756087106323
000178.png,78,79,0.00513622734975883,406.446321596638,261.113509156344,442.25139365433,324.98030556915
000178.png,79,80,0.00093859992178334,422.914112407329,285.941891062027,429.675817398829,303.651057242375
000178.png,80,81,0.000990744361882414,4.20311915494786,75.1854221178098,2.68173108240444,97.2184704036558
000178.png,81,82,0.00093859992178334,7.58291969321585,90.6804554673074,4.79698085828726,79.8534341169425
000178.png,82,83,0.0124103767435797,147.457375476837,374.789297141427,137.676147450337,459.962809146169
000178.png,83,84,0.00122539434232825,191.543778492063,356.302789185897,228.126127176226,346.469211564381
000178.png,84,85,0.00242471646460696,105.183661624577,321.24886938758,71.5920204940105,308.197809566924
000178.png,85,86,0.00852561595619867,109.5686597693,277.22386071816,110.653724037443,313.069935313472
000178.png,86,87,0.00138182766262547,154.302277138771,317.502469680848,119.177687587852,306.66518712763
000178.png,87,88,0.00297223308564724,224.267078832662,312.964394254168,208.623869107925,282.711573452761
000178.png,88,89,0.00612697171164125,593.482776447047,509.8843134894,634.913451341994,324.651646696353
000178.png,89,90,0.00101681658193195,22.7519216039667,339.058535471389,36.3520603121818,355.093935100002
000178.png,90,91,0.00302437752574632,364.937184692327,336.794426693731,380.401355583786,396.414653079095
000178.png,91,92,0.0087602659366445,487.714337788084,158.064230526319,502.995108181844,226.024730317132
000178.png,92,93,0.00268543866510233,568.390913556149,404.35520082576,583.517700513927,427.535339500658
000178.png,93,94,0.00172076652326946,0,295.208711060372,33.9916197301486,295.410646143358
000178.png,94,95,0.00122539434232825,166.086296144239,354.217464041204,187.835936891103,345.586565228517
000178.png,95,96,0.000808238821535654,169.079872501435,338.797351628974,174.356734448991,353.757855605914
000178.png,96,97,0.00464085516881762,343.505569073451,259.288160988985,311.429498592834,312.449016992865
000178.png,97,98,0.00135575544257594,6.00952981872033,184.840647767666,38.0054179871101,184.477933411227
000178.png,98,99,0.00696128275322644,200.421811052884,480.896456410556,197.651055909134,509.966741343028
000178.png,99,100,0.00161647764307131,351.904479706795,304.646500983947,409.897933105758,300.553737260504
000178.png,100,101,0.00440620518837179,232.570695475233,276.033672195922,213.896374698121,311.012429045953
000178.png,101,102,0.0103767435797158,580.043164572418,465.9940814732,561.787317351479,332.851854349395
000178.png,102,103,0.00271151088515187,257.693102912386,30.5377507092933,237.683397942852,12.3482847585208
000178.png,103,104,0.00151218876287316,0,271.551168094445,13.5778147205972,268.258863141798
000178.png,104,105,0.0024507886846565,85.9087801104089,292.256766261687,99.1135014246623,327.537133066444
000178.png,105,106,0.000573588841089819,122.126278450164,287.69451502631,122.867831588158,299.89260436864
000178.png,106,107,0.000625733281188893,375.969116877993,322.045216853863,384.151924471877,327.634076398357
000178.png,107,108,0.0133750488854126,344.008127561089,417.859653625601,342.77074065012,505.95464165055
000178.png,108,109,0.00198148872376483,0.517132109579539,341.548810032606,16.961235678491,360.396245887295
000178.png,109,110,0.00143397210272455,249.007092287112,2.63207229837022,261.198557541387,21.7833622909602
000178.png,110,111,0.000391083300743058,253.323065444981,11.2125354620225,261.124622112962,15.5679901739903
000178.png,111,112,0.000886455481684265,381.772709740903,341.021069418437,335.481990057635,351.768950697014
000178.png,112,113,0.00213792204406205,597.359044211649,471.368465335145,595.083601932919,509.708214575143
000178.png,113,114,0.00281579976535002,374.577226109304,324.02492235271,363.856692603859,292.73432273702
000178.png,114,115,0.000808238821535654,390.848843140537,298.350925876753,388.179347930335,320.022092416673
000178.png,115,116,0.00500586624951115,541.740432788777,302.051006537296,540.385688760545,242.036440795402
000178.png,116,117,0.00320688306609308,199.03838435913,139.91607666694,204.642124485899,75.7069472529716
000178.png,117,118,0.0115760657019945,605.377783743236,142.06751640025,606.233903713408,226.038397004025
000178.png,118,119,0.00140789988267501,57.7714306681695,273.090600321738,51.4543262161261,260.18201688637
000178.png,119,120,0.000782166601486116,138.973547458542,424.662472701712,162.391084814524,406.691257636036
000178.png,120,121,0.00534480511015513,188.006722508174,283.887367196318,173.614607623848,311.859757014751
000178.png,121,122,0.00221613870421066,497.549649926905,359.384098645442,465.79667490177,409.540485068326
000178.png,122,123,0.00117324990222917,261.243882023655,299.596196877492,273.992875511736,275.723812987097
000178.png,123,124,0.00169469430321992,551.584449192702,511.790137046479,546.01282519553,479.372768255729
000178.png,124,125,0.000756094381436579,6.97870947778026,283.033060645501,16.5918044638634,272.879618495479
000178.png,125,126,0.00143397210272455,146.263206100355,422.912412539286,149.049966121969,452.651271673626
000178.png,126,127,0.0011211054621301,147.502684114152,432.406243666442,169.050197104259,454.769293278238
000178.png,127,128,0.000338938860643984,163.410568552758,187.100905075001,165.289491246442,177.509941253977
000178.png,128,129,0.00117324990222917,6.71272543571653,341.340405938699,25.6866496037558,361.842710558079
000178.png,129,130,0.00200756094381437,358.198693592111,357.747218909043,409.067077875002,397.731309331988
000178.png,130,131,0.00101681658193195,355.550118197982,369.494617097,376.826449215666,375.898821998567
000178.png,131,132,0.00143397210272455,468.049304621098,326.84195097633,538.028242144703,325.627895903535
000178.png,132,133,0.000756094381436579,84.9406812184279,299.501700970607,85.9737761761564,289.012503893194
000178.png,133,134,0.00159040542302177,153.515949007905,375.027597554749,147.63455993626,414.245132260815
000178.png,134,135,0.000886455481684265,213.938145879487,280.648797925243,231.454785411308,305.774427440855
000178.png,135,136,0.00125146656237779,436.679216993186,439.812185927642,450.814624106116,462.480604325272
000178.png,136,137,0.00148611654282362,546.723863295939,155.645346787077,545.153596293551,187.86126068533
000178.png,137,138,0.000730022161387042,1.09463761309088,267.974579585764,0.419730274165928,292.011785023976
000178.png,138,139,0.00146004432277408,5.0502226437263,168.587425752463,14.8455376827264,184.424947996948
000178.png,139,140,0.000599661061139356,45.8052700593448,321.821843167819,39.179208327688,314.771384779551
000178.png,140,141,0.000990744361882414,97.74161949884,314.550353550871,92.3329428895181,292.355802843894
000178.png,141,142,0.00250293312475557,557.493520995894,481.051040981573,570.471337371813,512
000178.png,142,143,0.0024507886846565,602.686568116331,369.526057062314,624.000277146979,471.669261948507
000178.png,143,144,0.0155911875896233,445.98253799519,220.15388401096,603.99656072206,220.818139829777
000178.png,144,145,0.0026593664450528,488.138761125294,58.08745610479,485.415048374936,0.121462002148661
000178.png,145,146,0.00318081084604354,551.968484230722,158.916276578353,620.085363491148,156.935369081292
000178.png,146,147,0.000208577760396298,5.28746192305692,355.146718736717,0,347.228195434316
000178.png,147,148,0.000443227740842133,4.76335827344818,353.90601771556,3.27815265226871,341.842637840838
000178.png,148,149,0.00497979402946161,561.812616733635,382.403607498715,447.910148330968,379.070577393321
000178.png,149,150,0.00234649980445835,424.623077549598,193.875018528552,475.489664655373,228.605818614004
000178.png,150,151,0.00453656628861948,593.972596066757,371.506006795694,455.965394950973,370.427303773485
000178.png,151,152,0.00101681658193195,383.613955779727,371.048210397718,403.634951875378,378.421720375921
000178.png,152,153,0.0013296832225264,618.672687537931,382.039050435805,622.055227889714,323.771000559142
000178.png,153,154,0.000677877721287968,179.865721879326,353.418605411152,226.16740579547,342.724830099942
000178.png,154,155,0.00161647764307131,335.99682465937,511.764161415031,308.886396824217,480.980730800008
000178.png,155,156,0.00521444400990744,457.943479106045,449.464726534077,589.973595975694,451.618564697365
000178.png,156,157,0.00119932212227871,195.346856124268,58.378133723538,235.309275910648,42.2848157221025
000178.png,157,158,0.00278972754530048,195.694635517235,7.81614472512539,194.542119748698,59.8791792851574
000178.png,158,159,0.000834311041585191,148.309413943418,354.675044156325,157.179619894803,343.357046977773
000178.png,159,160,0.000599661061139356,615.733375828594,437.93366998975,614.622303355834,475.901155799954
000178.png,160,161,0.00148611654282362,582.040245940208,249.005153920936,630.123319017623,247.079927899549
000178.png,161,162,0.00318081084604354,332.042385573658,509.736349796675,324.546798358337,451.671235483807
000178.png,162,163,0.000990744361882414,445.621478030078,291.953449543505,450.101369698012,306.581463623421
000178.png,163,164,0.00161647764307131,107.8994416929,344.472220621009,26.1220827329068,349.854799342246
000178.png,164,165,0.00414548298787642,469.991079763604,293.183579240089,631.996950947815,294.404562694017
000178.png,165,166,0.000912527701733803,631.570400190613,367.912673233493,626.336254004206,393.661802554546
000178.png,166,167,0.00117324990222917,499.688116098029,180.607706614752,540.067324053186,185.437093810496
000178.png,167,168,0.00570981619084865,447.988292829312,301.476216792121,631.999676932464,302.095928625717
000178.png,168,169,0.00419762742797549,480.00328524219,226.871771487222,632.005374274537,226.697884505595
000178.png,169,170,0.00182505540346761,474.59164572674,453.827866683101,475.797056940978,401.948814556958
000178.png,170,171,0.00125146656237779,330.962207289037,484.052032460131,331.34009425295,506.114073379336
000178.png,171,172,0.00127753878242732,345.974505464817,262.610861415578,411.943069402413,265.364084702173
000181.png,1,1,0.35631633821594,209.260957387644,510.146932889592,231.747993358359,0.695111251103299
000181.png,2,2,0.00582836241817218,638.019867045688,231.441388054212,542.004258163263,231.022939080901
000181.png,3,3,0.00801613482147435,445.045075309372,0,505.842055724632,134.4540043977
000181.png,4,4,0.0109046780727092,124,0,460,0
000181.png,5,5,0.017194523732203,397.9789328868,249.881325071701,97.9489368091977,252.864683116093
000181.png,6,6,0.0141863366776625,4.12248174552556,9.24652935137235,296.083241593062,16.769424964795
000181.png,7,7,0.0182029500743501,356.756496765517,240.568166242085,361.156358278335,2.39082242268526
000181.png,8,8,0.00922966482643102,331.093342287158,0.696862382268002,251.257804880928,178.77059565733
000181.png,9,9,0.0107337583537013,154.059091194557,44.7747422484235,460.06519170537,48.2352923075301
000181.png,10,10,0.0175363631702189,394.012862046534,80.9462425267594,80.0352278252781,77.1138664398465
000181.png,11,11,0.0142888885090673,471.166735014056,253.489317013308,461.582948934334,43.9276077485004
000181.png,12,12,0.0224759430495496,486.006754623313,127.245949801646,108.013933599099,126.318879146673
000181.png,13,13,0.0153827747107184,495.869850210821,379.990140990275,3.8230121623086,386.387812743303
000181.png,14,14,0.00114516211735348,204.22292896965,111.309337199294,229.684005637854,94.4933535179836
000181.png,15,15,0.00355513015536602,326,2,454,2
000181.png,16,16,0.0235698292512007,491.985126829029,262.714942148934,3.95790949598648,268.363335515904
000181.png,17,17,0.000683678876031928,463.047407003223,276.872234763477,472.878836605519,265.066344138243
000181.png,18,18,0.0150067513289008,297.401934205812,504.014896211865,294.01167988528,367.900079833882
000181.png,19,19,0.0233647255883911,473.991450759884,193.273836920183,51.9830570033685,194.597254112655
000181.png,20,20,0.00307655494214368,113.98160751081,180.449389132328,243.9868072578,180.018604253341
000181.png,21,21,0.00811868665287914,638.031876103452,41.855736572108,452.012114740849,40.424943076355
000181.png,22,22,0.000546943100825542,595.886061421051,41.2175158332837,539.898044013611,43.5101416882194
000181.png,23,23,0.0253303023569829,456.022304023249,61.7146690633763,84.038216477602,58.0842356745366
000181.png,24,24,0.00215358845950057,281.756321433271,1.11022302462516e-16,290.550002408278,47.6856624894677
000181.png,25,25,0.00261507170082212,126,2,322,2
000181.png,26,26,0.00589673030577538,393.997289805512,179.393786644067,261.973104422154,179.984026393775
000181.png,27,27,0.00586254636197378,274.197888842189,119.364296252367,218.636011774567,172.142042891679
000181.png,28,28,0.00389696959338199,237.7991762204,188.246432546186,244.789878197561,132.856949960985
000181.png,29,29,0.00240996803801255,250.634110948583,51.3265739128479,145.885842106529,26.4812922583061
000181.png,30,30,0.0102039072247765,299.988275970062,377.084054067186,3.93438147599227,380.873518704715
000181.png,31,31,0.00442682072230673,502.025948322866,444.938369399668,271.925372386397,451.301241034498
000181.png,32,32,0.0028030833917309,556.67568836475,54.2668889309888,638.686058968048,86.2402887876291
000181.png,33,33,0.003811509733878,225.979860824111,209.727580265628,343.9705935036,208.68189487453
000181.png,34,34,0.00157246141487343,280.820423224893,65.5209355934653,290.071917254946,119.987784458461
000181.png,35,35,0.00117934606115508,263.42929490234,84.3872163053383,241.115426128922,119.954525420758
000181.png,36,36,0.0157587980925359,325.738357171345,127.439569038607,330.324858393473,7.99969189944908
000181.png,37,37,0.00596509819337857,198.699835525761,69.098444498908,49.8419085154291,33.1949211736336
000181.png,38,38,0.00468320030081871,395.993066748453,17.7904866922098,318.009725157084,17.4885139793701
000181.png,39,39,0.000495667185123148,357.992456086885,48.779252913283,355.162388215587,25.6136609290369
000181.png,40,40,0.000358931409916762,360.096951320349,22.8347727306738,343.85151762501,24.7215332686424
000181.png,41,41,0.0094518604611414,299.937833334544,373.774313719855,3.90743758648301,376.730328807863
000181.png,42,42,0.00162373733057583,479.266941210254,193.34077657473,473.129843178594,171.954034069188
000181.png,43,43,0.00085459859503991,475.250747681326,181.076270374324,458.116994495729,169.764213727256
000181.png,44,44,0.00504213171073547,392.012573957484,113.186814749123,238.006711350467,112.498462224828
000181.png,45,45,0.00321329071735006,267.393289677361,136.758535438323,153.224061412368,194.423485108349
000181.png,46,46,0.0132633701950194,393.993996088865,143.035477642389,107.994414380295,143.38135503998
000181.png,47,47,0.00275180747602851,96.0838100020565,203.866859318518,193.9624540878,205.851599252213
000181.png,48,48,0.00133317380826226,559.772771279908,214.679718277161,551.147329841113,237.175707237589
000181.png,49,49,0.0386278564958039,640,62.0275815014796,420.285349317475,0
000181.png,50,50,0.00251251986941733,439.917602776125,12.3175474839906,392.447481472092,0
000181.png,51,51,0.00126480592065907,509.781379656841,225.664485851245,532.117210075958,211.110503764096
000181.png,52,52,0.0145794520313809,433.995299035004,19.8866788401118,413.135131994657,119.735058850759
000181.png,53,53,0.000905874510742304,449.743635302326,118.829769398864,486.18542167776,110.846396260474
000181.png,54,54,0.000974242398345497,492.878536076907,211.88413910816,483.527366736291,225.679629089586
000181.png,55,55,0.0019313928247902,454.499192551194,145.445706334903,520.926225715652,58.7093499066015
000181.png,56,56,0.000922966482643103,476.748779445154,213.621219138111,478.753833636769,228.171721296139
000181.png,57,57,0.00264925564462372,542.0037013897,221.749139896784,464.003760528195,221.681222305834
000181.png,58,58,0.00141863366776625,494.501626877597,115.703088993428,571.440411975108,64.1496843551311
000181.png,59,59,0.00258088775702053,154.728433605643,503.898449636598,153.098791079022,395.923045374699
000181.png,60,60,0.000444391269420753,149.60997852989,457.256401838874,155.580030700516,479.419428085198
000181.png,61,61,0.000922966482643103,489.769840695032,57.475879388238,435.460171612548,81.3251144851723
000181.png,62,62,0.00996461961816535,493.986513986612,330.856050723883,91.9853317518857,332.580440289189
000181.png,63,64,0.00100842634214709,398.140707062969,208.814696975664,372.103167166974,207.664518880292
000181.png,64,65,0.000529851128924744,266.112028237742,38.2612879016609,298.213390759508,24.4976997309713
000181.png,65,66,0.00220486437520297,293.182712844889,257.952664853134,290.845928206781,199.565918636303
000181.png,66,67,0.00261507170082212,537.97804152828,213.487642635415,637.995138227178,213.000929724202
000181.png,67,68,0.011263609482626,93.9177946631282,273.813824520483,486.00801979958,268.603511759684
000181.png,68,69,0.00131608183636146,517.996783535896,213.244751702846,461.980764260544,213.483313664453
000181.png,69,70,0.00145281761156785,260.218732755356,197.78850183315,262.629116960616,245.868194206685
000181.png,70,71,0.00140154169586545,166.341189227944,16.0898996505054,259.031576384709,24.177917554164
000181.png,71,72,0.000683678876031928,519.406654822845,487.973624005298,464.05321002842,504.181721413469
000181.png,72,73,0.00203394465619499,297.603033254577,184.220009776591,299.729380123291,130.067906171047
000181.png,73,74,0.000649494932230331,274.00959292699,198.001080480034,267.508607577098,255.719387026209
000181.png,74,75,0.000683678876031928,299.554921619504,101.104034600148,332.830387268092,71.7486008540279
000181.png,75,76,0.00538397114875143,301.202749370276,503.981693010161,299.374342016526,383.857313594767
000181.png,76,77,0.000786230707436717,264.896817565744,232.016420142312,265.557073579168,195.955271617082
000181.png,77,78,0.000341839438015964,265.07426921025,159.631050356369,257.513003362432,178.603006897429
000181.png,78,79,0.000769138735535919,2.55709665017292,381.247848815457,14.1388286813165,359.029815675352
000181.png,79,80,0.00203394465619499,294.635112527498,184.733070309227,291.326466436426,141.289696584933
000181.png,80,81,0.000820414651238313,161.546067034379,171.873277971278,202.252868502014,163.184714603985
000181.png,81,82,8.5459859503991e-05,144,162,154,160
000183.png,1,2,0.0363083231374624,188.583398132646,508.065864482166,177.038757031278,259.765724491636
000183.png,2,3,0.0330346218709699,233.758396106014,463.823729787392,212.975134637018,256.498819374504
000183.png,3,4,0.0777752058463675,364.556395909883,507.688466657795,332.357478774541,243.468978994618
000183.png,4,5,0.150391852121292,378.103337194252,507.270909276837,369.372010820539,242.569350390111
000183.png,5,6,0.0316127112198671,36.1686449439986,481.590571567221,27.6141611082555,269.12973142861
000183.png,6,7,0.00105816606593697,2.65701086215607,291.324133994024,16.8522169997339,305.123325757592
000183.png,7,8,0.000760556859892199,14.8810299365115,297.858502208683,10.39658634194,269.936306260292
000183.png,8,9,0.0456003439039714,168.439054758076,471.404209538403,156.382202140009,260.151843475522
000183.png,9,10,0.0343242617638306,104.961991364589,507.796614632189,88.2634679016282,264.608607397855
000183.png,10,11,0.03429119407427,125.65824739149,261.401756251454,138.747243378951,472.71489017128
000183.png,11,12,0.00248007671703978,171.302405502093,333.932082580828,102.789701579037,309.195000549399
000183.png,12,13,0.0339935848682253,56.7821003046525,267.120586663809,66.730376158965,479.591227333492
000183.png,13,14,0.0135246850302569,203.486582704532,467.70713283844,185.997213547524,259.496244013759
000183.png,14,16,0.00327370126649251,164.532017642087,509.024878132238,166.435793711421,482.030734579052
000184.png,1,1,0.00606990394877268,640,126.237028127177,499.810536868615,0
000184.png,2,3,0.0535118729989328,637.774811301046,162.875193142896,128.562656546986,264.820537711368
000184.png,3,4,0.0136739594450374,639.206369623655,121.869395783736,626.0125220575,0
000184.png,4,5,0.0309164887940235,436.494431017521,0,331.645119546624,230.567091829703
000184.png,5,6,0.0116895677694771,179.636345752262,261.517074918731,208.578408410837,0
000184.png,6,7,0.0840614994663821,198.843526202647,0,393.842154049314,184.019375109042
000184.png,7,8,0.0215281483457844,346.507373141186,30.745909493627,636.820105532294,148.199061567577
000184.png,8,9,0.00848786019210246,518.559880043197,0,286.561150799019,143.676649706947
000184.png,9,10,0.0350020010672359,373.347832906182,0,256.338469983732,249.779953483456
000184.png,10,12,0.00201774279615795,243.142525467707,482.28932741886,252.245253071404,509.266919536863
000184.png,11,13,0.0096718249733191,621.841161339792,14.0441488322136,618.72685849216,143.921514007427
000184.png,12,14,0.00290154749199573,0,235.469275224147,33.4427939767736,197.26290623779
000184.png,13,15,0.0116228655282817,166.953315075916,0,0,42.798346144973
000184.png,14,16,0.00348519210245464,368.259803854813,461.955025389437,376.398503443782,508.969674319748
000184.png,15,17,0.0256136606189968,401.036605737079,83.7909180486037,0,175.582042490859
000184.png,16,18,0.00283484525080043,283.356762628905,224.545643303371,205.182959553438,132.389629900353
000184.png,17,19,0.00753735325506937,635.818681367172,10.06519529926,637.908975659254,80.0027205374976
000184.png,18,20,0.0088380469583778,229.113004689274,218.22027630119,0.164222770838307,67.750125834061
000184.png,19,21,0.00787086446104589,599.610286689296,3.81904741523927,609.772312338132,94.2503317223784
000184.png,20,22,0.00955509605122732,597.223852851456,4.05395839784736,589.467609965355,179.97652747774
000184.png,21,23,0.0166255336179296,405.550521799743,465.020066908732,213.987108711322,493.914533835683
000184.png,22,24,0.000483591248665955,19.0427346885917,136.82008431752,0,152.269450422587
000184.png,23,26,0.00853788687299893,0.293372074563454,233.182965639365,309.867554233429,215.660098159511
000184.png,24,27,0.00106723585912487,368.956467695895,26.7358014840255,333.618775994888,0
000184.png,25,28,0.00111726254002134,9.71873808049222,237.024120044553,32.0878789043072,217.777644719868
000184.png,26,29,0.0176760939167556,551.930538436842,0,473.693174963983,201.434433364741
000184.png,27,30,0.00376867662753469,596.582366506434,180.044154597325,604.897678231924,70.3713383372322
000184.png,28,31,0.00380202774813234,16.6583381536953,297.778225435456,27.2220339579066,233.871403453344
000184.png,29,32,0.00340181430096051,23.8267281545568,209.27724444625,0,263.299306721709
000184.png,30,33,0.00106723585912487,0,104,40,104
000184.png,31,34,0.0218783351120598,293.497526721254,181.745589866547,13.1594205836578,244.228633771524
000184.png,32,35,0.0123232390608324,346.717369267725,78.0309157846693,36.2151376302395,141.858255804246
000184.png,33,36,0.0281650213447172,482.053646967409,0,427.749212644968,210.451363211647
000184.png,34,37,0.00126734258271078,362.328565379128,508.285081847061,358.279076686945,456.13362732757
000184.png,35,38,0.00606990394877268,61.0576152870534,1.94147435450936,117.201807954236,139.882785765829
000184.png,36,39,0.00135072038420491,286.243710559512,507.279814249166,288.729067665893,473.610912490472
000184.png,37,40,0.00391875667022412,515.193227842095,150.757431741006,632.004037889587,90.0077641437755
000184.png,38,41,0.0211779615795091,436.007293031442,77.9967226866863,359.604847919002,192.367381875714
000184.png,39,42,0.0012173159018143,278.24471773595,508.096717359597,277.705981133824,476.03855092373
000184.png,40,43,0.00123399146211313,300.26419056953,505.90960261065,297.936402093377,472.208530074493
000184.png,41,44,0.00528615261472786,192.972514456719,27.012144361261,20.8775915430799,146.630384037485
000184.png,42,45,0.001150613660619,187.410572591369,52.9533035542834,100.075643056228,102.13432581678
000184.png,43,46,0.00286819637139808,0,239.24838345486,109.036890898187,217.287807963694
000184.png,44,47,0.00735392209178228,0,290.364183429986,115.958859015559,267.788679726611
000184.png,45,48,0.0039687833511206,45.2174600155664,132.016540205389,42.4682545677447,1.94782958275076
000184.png,46,49,0.0111059231590181,454.909933706226,0,413.7485239748,89.3401897265328
000184.png,47,50,0.00193436499466382,0.71106705722222,225.718401988156,9.09042406068817,187.364334037383
000184.png,48,52,0.00648679295624333,149.454949262649,53.8012697640778,37.4157248836818,81.575055225499
000184.png,49,53,0.00306830309498399,209.922672218617,137.887913414217,216.914974970839,257.830064849869
000184.png,50,54,0.00163420490928495,343.906845041055,466.001814438819,344.73066346705,508.29741065064
000184.png,51,55,0.00151747598719317,205.186455596406,0,228.334253317804,49.8447735311024
000184.png,52,56,0.00893810032017076,606.630574615545,0.0691247443193502,611.585098873469,98.2228517997628
000184.png,53,57,0.00658684631803629,625.792913755778,29.2743663838816,468.874652646055,74.0567643065866
000184.png,54,58,0.00110058697972252,31.260618202732,257.860016561779,69.0922569473654,280.145821016563
000184.png,55,59,0.00131736926360726,612.664520166558,145.959171008849,613.703015370726,111.990920429873
000184.png,56,60,0.00501934364994664,624.549710983873,137.827441000872,628.64053737632,56.0320351390985
000184.png,57,61,0.0165421558164354,392.30058074828,279.59522023572,5.34205715058494,352.5082136719
000184.png,58,62,0.00171758271077908,0,15.0003906682979,32.3403394436736,81.8353152456732
000184.png,59,63,0.00453575240128068,141.607758439069,227.989528472828,142.264415504914,77.974893702263
000184.png,60,65,0.00225120064034152,225.676345178808,0,253.696578878644,111.573927909859
000184.png,61,66,0.00145077374599787,143.062365865109,174.435496073238,128.701583895793,209.467739755782
000184.png,62,67,0.00080042689434365,128.869734435831,202.022243463864,129.894680622523,161.946156443203
000184.png,63,68,0.00120064034151547,340.179128924219,508.122503196847,338.829817436242,466.037517912045
000184.png,64,69,0.00398545891141942,95.0703971794381,199.681331750843,86.3281754179053,5.71478425757346
000184.png,65,70,0.00228455176093917,159.276139343973,10.4403272232504,71.2420331109664,115.045278199694
000184.png,66,72,0.00401881003201708,588.008892140467,132.043240956458,405.895795966174,169.49327362673
000184.png,67,73,0.00418556563500534,546.782066280179,59.0245388000546,535.841602919087,139.978593568102
000184.png,68,74,0.00138407150480256,593.818621281028,123.295966790593,586.36736105845,61.7135574351194
000184.png,69,75,0.000933831376734258,137.913721090359,183.494844182499,167.769342825074,206.301941681328
000184.png,70,76,0.00156750266808965,131.091965094291,40.1311066936993,48.286882843459,82.5598878125309
000184.png,71,77,0.0012173159018143,332.369501538036,508.646631936831,328.918385497529,467.922173184886
000184.png,72,78,0.000983858057630736,341.799088993499,509.214738666538,319.652187104962,469.08811598705
000184.png,73,79,0.0019843916755603,607.124290336505,48.2694346385222,604.488899684065,20.1415799281002
000184.png,74,80,0.00343516542155816,561.824438050159,452.739461113388,536.914871051576,456.208748890564
000184.png,75,81,0.000300160085378869,128.125397212128,51.7587197905213,141.603258393724,58.7633813882055
000184.png,76,82,0.000500266808964781,164.109423961089,21.918092438733,123.199263398957,66.9090799423204
000184.png,77,83,0.000767075773745998,117.713277795555,131.373595006222,95.3862179961069,116.809026371514
000184.png,78,85,0.00110058697972252,81.1792653841149,222.960421551761,27.0832852142004,176.732342408514
000184.png,79,86,0.00628668623265742,510.415445586455,421.753587419385,490.844839627446,229.913813370927
000184.png,80,87,0.00141742262540021,4.66004380826001,37.647269382671,31.6073729419117,88.0722023768531
000184.png,81,88,0.00251800960512273,130.58138319076,10.6859505314761,47.9486356466622,56.7290940073668
000184.png,82,89,0.000867129135538954,628.469839646455,138.052848992132,632.099290174634,105.786202379121
000184.png,83,90,0.000500266808964781,192.838083045166,237.744495706145,231.825081107627,217.66044878579
000184.png,84,91,0.00175093383137673,46.9834272124321,90.3192621763024,81.6623969904237,84.113431512875
000184.png,85,92,0.00898812700106724,410.540190353636,507.799777914543,390.049600061576,247.83844706831
000184.png,86,93,0.000350186766275347,399.078145099065,406.048899938879,398.44446997957,420.020159211273
000184.png,87,94,0.00096718249733191,52.0286794196636,154.50956002666,79.7222534950008,192.204056140903
000184.png,88,95,0.00221784951974386,133.902848953046,177.999007798263,133.925128589291,85.998528856297
000184.png,89,96,0.00116728922091782,607.727699803646,113.637194075713,594.290518610364,123.722330046313
000184.png,90,97,0.000583644610458911,608.283960722182,145.59507616577,604.724315732605,125.517005541563
000184.png,91,98,0.000583644610458911,363.30482991205,329.970288585694,375.638819629526,326.655916040118
000184.png,92,99,0.00116728922091782,594.895746762893,172.668448513159,584.155108970618,142.660331547477
000184.png,93,100,0.00260138740661686,80.4240401902104,237.176602034382,70.0633156076614,282.172504689646
000184.png,94,101,0.00325173425827108,582.866945557979,103.658908511297,509.071951761976,142.224170933477
000184.png,95,102,0.000583644610458911,0,288.271482056493,34.0112508123437,289.739304918643
000184.png,96,103,0.00131736926360726,562.147623912539,51.9745479245884,573.937316005293,120.355630654145
000184.png,97,104,0.000917155816435432,550.972156493478,85.4065939055554,564.920002929102,115.430822002432
000184.png,98,106,0.000466915688367129,58.2413394457934,179.871931398051,64.1397244789024,190.987169272906
000184.png,99,107,0.00286819637139808,208.919502995224,261.558935676378,202.802730901205,137.861406559323
000184.png,100,108,0.00101720917822839,180.659877509854,158.503077282028,148.391858120213,172.879527637779
000184.png,101,109,0.00133404482390608,593.232209895153,28.8722752924827,559.310415972327,24.2929555307213
000184.png,102,110,0.000533617929562433,108.597706797921,75.0677907633446,93.9852996521817,74.2688730975796
000184.png,103,111,0.00016675560298826,626,40,626,60
000184.png,104,112,0.0083878068303095,131.895193658973,343.42841067619,388.083226392277,296.453897319749
000184.png,105,113,0.00543623265741729,458.199714528733,263.880535694294,396.522495403296,238.283655718453
000184.png,106,114,0.000933831376734258,41.3713448614095,46.8072895314147,3.08949622826733,2.79189955115721
000184.png,107,115,0.00351854322305229,348.552885322992,286.013692193773,498.250477150601,244.912275768426
000184.png,108,116,0.000850453575240128,310.333651426748,488.063591869421,309.718123902525,471.934432259485
000184.png,109,117,0.000833778014941302,632,24,632,12
000184.png,110,118,0.000416889007470651,598,104,598,70
000184.png,111,119,0.00488593916755603,431.711135393588,452.179947025361,233.622120510383,483.619089795476
000184.png,112,120,0.00063367129135539,319.744992258853,488.08786631913,314.180297658803,471.937876036407
000184.png,113,121,0.00105056029882604,259.872800219124,476.762278645384,220.103385033855,503.140553401094
000184.png,114,122,0.00296824973319104,438.840979967853,385.95012276126,430.198273429754,240.225474602271
000184.png,115,123,0.0199439701173959,637.657746921595,200.231640256957,0,323.645627547246
000184.png,116,124,0.000516942369263607,569.326378006433,503.851751987558,564.419864177866,459.953072178849
000184.png,117,125,0.00163420490928495,281.493853397121,189.585403341011,219.150197864589,215.560802131129
000184.png,118,126,0.000583644610458911,143.441395176682,107.89350540881,127.883304029913,97.2476876454437
000184.png,119,127,0.00206776947705443,588.123935133967,51.9823640657853,580.726859553822,0
000184.png,120,128,0.00130069370330843,525.619056473055,278.637567515351,496.588446301367,244.138832462556
000184.png,121,129,0.00148412486659552,561.608907927514,445.400313201789,536.668958313383,449.152233082671
000184.png,122,130,0.00170090715048026,499.059137004684,243.544828059049,437.553887556928,230.820996706942
000184.png,123,131,0.00063367129135539,458.568469341623,243.776148853583,455.677746854601,262.262352436954
000184.png,124,132,0.00188433831376734,546.762904718582,507.917923733748,531.265011342747,363.863905144049
000184.png,125,133,0.00140074706510139,84.9515303331002,85.2688295220138,62.7635090365203,12.5466222234585
000184.png,126,134,0.000450240128068303,636.29570251585,133.553437795053,630.025727049229,157.482698478251
000184.png,127,136,0.000983858057630736,423.142539367846,248.695593646833,392.117717870417,256.746226713841
000184.png,128,137,0.000333511205976521,404.846098236764,262.952350196982,396.866926780674,253.284498978467
000184.png,129,138,0.000483591248665955,549.004894055017,98.1905570649955,551.040679212739,130.188280312603
000184.png,130,139,0.00116728922091782,582.934126439185,84.4418572792797,511.517935412881,133.295295938514
000184.png,131,140,0.000817102454642476,135.41073656705,249.191925586113,97.7231639660304,230.559966788359
000184.png,132,141,0.00932163820704376,234.957752659124,85.7803978505244,112.581342976447,0
000184.png,133,142,0.00131736926360726,215.809696209205,247.137330884271,246.433819403017,169.383146924025
000184.png,134,143,0.000333511205976521,80.2690287696897,219.817591277259,80.6544502630027,211.934215518223
000184.png,135,144,0.00138407150480256,148.589969398271,138.492818418469,180.105021110842,228.662312220772
000184.png,136,145,0.000583644610458911,615.598476792664,46.1562071417935,617.765872498082,23.9771204761572
000184.png,137,146,0.000933831376734258,573.990405317326,189.085611647922,534.013804740205,163.049683242851
000184.png,138,147,0.00106723585912487,120.392013700978,247.153185501307,32.6732153703499,206.545743337714
000184.png,139,148,0.00096718249733191,552.540272201442,164.75422440205,525.927206418808,195.937875768876
000184.png,140,149,0.00200106723585912,616.17674438697,55.9972304666302,615.456114648977,10.0085225259755
000184.png,141,150,0.000316835645677695,50.6161251705851,292.486618345464,42.8511079100083,270.403990271421
000184.png,142,151,0.000550293489861259,82.0075539946517,59.938043610493,0.00728963268834093,49.9402118557097
000184.png,143,152,0.000366862326574173,221.837048407334,176.632456020286,238.083009821359,174.696646038249
000184.png,144,153,0.000817102454642476,226.822962291897,105.775956807602,215.749389201869,163.952297498308
000184.png,145,154,0.000316835645677695,237.28825435463,183.396575830054,219.895560506878,203.911455286229
000184.png,146,155,0.000150080042689434,221.661918075812,168.320854306307,232.341566567214,179.573924751849
000184.png,147,156,0.00016675560298826,229.170620147537,185.076102816954,224.717464514625,179.433750183275
000184.png,148,157,0.000667022411953042,541.128286230592,187.758700141546,571.128724603628,149.319991621948
000184.png,149,158,0.000700373532550694,342.274870412921,179.578602976555,322.098533978147,172.430851384645
000184.png,150,159,0.00111726254002134,183.433090929344,191.2686758428,160.449617898952,144.766264898587
000184.png,151,160,0.000316835645677695,120.901550275717,250.001367795682,120.874232258187,268.007394988403
000184.png,152,161,0.000216782283884739,44,184,44,166
000184.png,153,163,0.00118396478121665,50.8561146133295,17.2243713188996,77.5649764530674,115.575002831966
000184.png,154,164,0.000116728922091782,612,26,612,20
000185.png,1,1,0.0372401614217049,538.236307353934,343.634728659848,1.22530037866011,313.883370024788
000185.png,2,2,0.0791003662457017,640,97.9959460085884,0,41.8069648201706
000185.png,3,3,0.0444282774015831,639.883442691452,148.080098162879,191.779796026866,112.796611463371
000185.png,4,4,0.0427804826484103,191.721615766172,155.503674548884,639.818944451251,191.107218709771
000185.png,5,5,0.00918412396391019,184.576570176471,338.147014693209,485.324094455828,383.151612255891
000185.png,6,7,0.0314200259916304,198.766221701343,57.2580507970628,178.181316187338,313.443316665211
000185.png,7,8,0.120606139745431,640,55.9094559920388,0.0134182329769601,33.6148181849572
000185.png,8,10,0.000341995137450955,229.628237902252,100.662598074485,141.582949373203,102.550533839084
000185.png,9,11,0.00014923424179678,521.997683955286,1.09832456288939,552.001767951804,1.16159438538797
000185.png,10,12,0.000503665566064133,543.294972450785,2.56437498172144,599.589433202911,23.7831562567268
000185.png,11,13,0.000248723736327967,586.406419820819,31.6525180522375,537.568766876525,13.1374758647074
000185.png,12,14,0.00914059731005279,9.36811906261642,295.782911782133,24.3463995514633,115.862338748054
000185.png,13,15,0.0127160010197673,66.8490097410027,380.194993892359,58.0115955640378,509.316366725112
000185.png,14,16,0.000373085604491951,82.2737539814417,437.443801758395,107.271147004695,432.70413730932
000185.png,15,19,0.00428426635824923,23.6878773266221,369.244915910308,0,460.468395305217
000185.png,16,20,0.00424073970439184,168.222068730306,377.332868806312,152.9711059732,509.419354104707
000185.png,17,21,0.111739138545339,352.312099390204,0,0,87.0494192383917
000185.png,18,22,0.00115656537392505,634.199088934555,298.590125011815,507.616562692242,280.71536271443
000185.png,19,23,0.00669688660063051,635.898582605463,246.898058281436,412.190709573235,339.040156646525
000185.png,20,24,0.00407906927577866,492.527961210183,194.21296811522,481.425016611044,315.194003628359
000185.png,21,26,0.0045392081879854,127.942386473906,509.830327298049,137.18317189212,397.767721766049
000193.png,1,1,0.038007233499885,274.208798065457,11.89463085015,106.885727517928,162.073576553371
000193.png,2,3,0.0059164175360107,206.344899261892,389.576432527551,199.719292361461,509.320491202886
000193.png,3,4,0.0553383647272803,243.043747554051,6.08394407858145,26.6092538200976,148.981247998915
000193.png,4,5,0.00810110174983798,228.725593064017,38.6215363508403,133.440843165587,133.394634857818
000193.png,5,6,0.0679760834570276,187.671719815882,0,0,121.86379227499
000193.png,6,7,0.00593732360504254,223.01562714721,387.801303887935,215.087903189415,506.874012045782
000193.png,7,8,0.00476658373925951,331.432908325644,400.186527828773,227.863585170167,405.158249946442
000193.png,8,9,0.0674743378002634,96.7504728784123,0,0,60.1221276180296
000193.png,9,11,0.000344950139025359,113.352191745966,277.221073605701,139.681712431472,273.651970544146
000193.png,10,12,0.00174565676415864,69.681294419406,54.1207501842133,41.3417213388667,89.0874298142917
000193.png,11,13,0.00111847469320344,42.6881763701069,60.1275552889394,63.6604971350656,90.2364801472498
000193.png,12,14,0.00211151297221583,57.3428482170174,55.4135677589612,2.71057342024186,116.634104896381
000193.png,13,15,0.00284322538833023,0,73.5449774629531,33.597446051983,53.3489317631413
000193.png,14,16,0.0010975686241716,28.7293272617886,94.644973672801,62.5076403121084,56.4489269134949
000193.png,15,17,0.00134844145255368,23.5058190891422,62.099308246598,21.2299359431338,96.6087110738163
000193.png,16,18,0.00112892772771936,2.8191960825248,134.019112811701,1.65304214678813,61.9732434125441
000193.png,17,19,0.00225785545543871,105.684473667715,285.013742799429,90.8440240526061,223.929423262636
000193.png,18,20,0.000731712416114398,7.81103285444373,292.282339698844,2.06500606277864,247.733649181962
000193.png,19,21,0.00142161269416512,622.438204677803,98.8843611760521,613.148847360839,178.500569784897
000193.png,20,22,0.00364810904605607,633.320301733696,170.804141498531,569.672449771715,64.5852710754242
000193.png,21,23,0.00379445152927895,634.46042474862,0,608.056431555539,32.046495517973
000193.png,22,24,0.00285367842284615,640,1.75564807283899,622.091598925972,30.5451625666084
000193.png,23,25,0.00192335835092927,637.882496291101,9.98682176686108,628.676080480612,92.0758235316797
000193.png,24,26,0.000501745656764159,628.125101860048,24.6544839275332,630.819310341299,16.8955402431913
000193.png,25,27,0.00311500428574415,638.792755783063,251.102956222534,508.175040846988,215.360331381489
000193.png,26,28,0.00188154621286559,584.077177591827,135.906907876455,638.682287570905,181.177020203136
000193.png,27,29,0.00209060690318399,608.366556534073,20.911443233226,622.302326892441,0
000193.png,28,30,0.00203834173060439,605.992554771031,0.00381598739855849,616.231922806666,19.98146044999
000193.png,29,31,0.00111847469320344,617.010807131817,0.557241820537986,609.140367397306,14.833802410515
000193.png,30,32,0.00206970083415215,589.787360223058,0,588.851690646567,10.0264339487647
000193.png,31,33,0.00448435180732967,514.950867546355,259.947863034469,610.767406035226,124.404360615056
000193.png,32,34,0.00367946814960383,622.298625465944,358.474851538234,551.782539541373,393.511868622612
000193.png,33,35,0.00942863713335981,604.096859380791,148.992247220253,526.416239435308,0
000193.png,34,36,0.00328225283799887,562.332017070631,218.927226229169,576.874016659838,307.820101384718
000193.png,35,37,0.00231012062801831,564.361383966612,117.801108720981,560.358080509871,74.1505847208272
000193.png,36,38,0.00295820876800535,546.267010902444,286.736315318659,594.63677155248,400.579210792587
000193.png,37,39,0.00298956787155311,563.241539547606,0,545.134650858942,30.7857776422372
000193.png,38,40,0.00376309242573119,619.279328318014,94.1801268735174,459.256486772758,113.995667155275
000193.png,39,41,0.00190245228189743,544.326176903117,0,538.607399011779,24.5510685605158
000193.png,40,42,0.00209060690318399,591.360267326412,34.2654713753439,531.596964290869,0.717989666954516
000193.png,41,43,0.00354357870089687,584.833710897991,311.7656958183,515.361045078646,363.816595495936
000193.png,42,44,0.00277005414671879,549.064480626944,227.93354966527,560.311209024028,314.807826998461
000193.png,43,45,0.0283172705036272,511.059921583354,0,460.484784973304,142.625905381193
000193.png,44,46,0.0219931846214956,520.706445310535,0,439.70401272437,262.16761511024
000193.png,45,47,0.00159931428093576,567.874792913228,284.537097821574,507.266749329332,308.115159359735
000193.png,46,48,0.00263416469801183,510.230903596791,276.659730596261,558.279833591545,356.638077075098
000193.png,47,49,0.000355403173541279,558.115386469325,297.566680730602,531.495878770136,284.86501342781
000193.png,48,50,0.0222545104843936,490.964888077054,0,445.332339072881,127.464968412706
000193.png,49,51,0.00477703677377543,513.539299933875,147.847976762866,485.897515967679,257.433855543804
000193.png,50,52,0.00176656283319048,486.974123001874,206.993579834762,503.901287835724,146.532297886429
000193.png,51,53,0.00131708234900592,497.096841059946,473.783424036695,561.737377424449,506.518588028136
000193.png,52,54,0.0388748353647064,359.354312181907,177.404597934636,444.606482855927,12.2451153447571
000193.png,53,55,0.0183346225409236,349.504156902721,35.4146057298692,468.993008644424,98.99586866625
000193.png,54,56,0.0946731336106872,285.541019934482,0,203.247166109107,275.001771427942
000193.png,55,57,0.00220559028285911,483.652542201706,36.636404968374,431.789053793736,72.8320079364207
000193.png,56,58,0.00268642987059143,429.766124808542,246.470023129991,449.838394343103,181.871036558438
000193.png,57,59,0.00368992118411975,535.885168917505,396.719266511515,435.932432333488,398.892767780864
000193.png,58,60,0.00315681642380783,437.555362416854,504.023495825399,468.467855957909,469.471833222126
000193.png,59,61,0.0177387995735162,467.909164909923,57.7616051750638,213.840592834915,68.0718245219676
000193.png,60,62,0.00191290531641335,517.964733977505,397.787328399576,437.485978428781,326.326500021961
000193.png,61,63,0.00428574415152719,318.822199768794,151.521006765006,443.119897839379,51.8924180775746
000193.png,62,64,0.00185018710931784,444.965275240585,241.227765452009,322.938500598696,252.949022027978
000193.png,63,65,0.0017770158677064,404.52245628194,76.7711178928876,415.954581780377,39.3747132115302
000193.png,64,67,0.0296134467836013,143.666940977695,143.500146764429,196.024559517826,0
000193.png,65,68,0.00383626366734263,308.415227804371,508.010331912091,310.905652226298,407.923004844955
000193.png,66,69,0.00152614303932432,264.646488132213,43.1593230111496,190.063308580546,130.370984073481
000193.png,67,70,0.00302092697510087,619.144022471453,44.7008559799739,509.422417051782,62.4243275973431
000193.png,68,71,0.00222649635189095,551.361698128774,225.252196201493,462.08624086481,229.72235375387
000193.png,69,72,0.00101394434804424,466.146328943941,432.396185757547,454.308369792338,405.862421742981
000193.png,70,73,0.00371082725315159,254.170570940221,459.421084455196,323.775046592567,397.746124456814
000193.png,71,74,0.0012020989693308,231.836092855954,444.377494535039,322.173007067731,483.60154743119
000193.png,72,75,0.000386762277089039,27.4059039384988,70.3042043001551,37.1226792000348,89.2805892836263
000193.png,73,77,0.00017770158677064,2,68,2,84
000193.png,74,78,0.00475613070474359,441.579292735934,508.769518660526,429.006476305483,371.187401323353
000193.png,75,79,0.000533104760311919,53.9184168309298,57.8086123486384,5.74202445046454,58.7463406361875
000193.png,76,80,0.00124391110739448,558.453361973348,379.034855716673,553.823287483684,453.6165461134
000193.png,77,81,0.000585369932891518,533.608391759248,101.165579579953,538.543652910986,76.1070721830763
000193.png,78,82,0.000554010829343758,538.918250852757,243.971366913434,500.88668740414,238.178591823805
000193.png,79,83,0.00168293855706312,625.286213711066,319.476099584495,501.455628370658,333.024524351463
000193.png,80,84,0.000188154621286559,7.01552569799487,57.5792940334313,11.1235023238508,57.8333486300371
000193.png,81,85,0.00137980055610144,483.378214247535,438.858774675555,541.018859834292,480.592809468274
000193.png,82,86,0.0011498337967512,569.600438398943,54.2176356698684,521.2717203793,43.1923818809032
000193.png,83,87,0.000815336692241758,578.996809226528,93.6543240424301,534.528174503146,74.7571079796825
000193.png,84,88,0.00149478393577656,547.384994615191,309.969540976114,547.226862923807,333.928897322501
000193.png,85,89,0.0011498337967512,628.361615168424,266.832554963873,526.016699602747,261.66900314128
000193.png,86,90,0.000909414002885038,277.323582911426,511.441830815235,242.434416689873,495.074010132666
000193.png,87,91,0.000386762277089039,476.398622738749,327.275089446068,451.215313823346,313.426981543417
000193.png,88,92,0.00198607655802479,310.133638647754,444.760414252075,261.420230010226,496.190326577737
000193.png,89,93,0.00136934752158552,522.485706044095,459.23456948698,485.962693817942,436.058791300662
000193.png,90,94,0.000543557794827838,606.128541638492,241.703773483665,556.017716530873,219.959171936164
000193.png,91,95,0.000554010829343758,466,200,468,200
000193.png,92,96,0.000261325862897999,416.716222769684,237.617699817094,439.098966847628,241.275831457451
000193.png,93,97,0.00127527021094224,522.842315097321,183.594674695987,608.077137001777,138.573218289704
000193.png,94,98,0.000334497104509439,561.363700797654,191.297876999499,553.51242147256,153.684304292737
000193.png,95,99,0.000679447243534798,525.847980165973,313.816214264291,521.114605119547,369.241173891919
000193.png,96,100,0.000846695795789518,510.342916093298,286.509317994163,523.47498053328,329.234948925421
000193.png,97,102,0.000334497104509439,617.362592531409,436.732787226003,637.661286083797,454.389398059003
000193.png,98,105,0.0017770158677064,448.93859384322,476.980322749624,440.563614392024,382.481802441
000193.png,99,106,0.000783977588693998,584.249135401088,395.189388974872,528.589258731774,378.082730826111
000193.png,100,107,0.000449480484184559,593.688906247993,9.56719322572303,596.489395953061,0
000193.png,101,108,0.00188154621286559,504.713815668815,102.487913917552,477.892773845474,196.253059089116
000193.png,102,109,0.000742165450630318,462.34914958302,401.642940673181,491.749549931494,430.392049718271
000193.png,103,110,0.000376309242573119,574.341655808279,97.2711335729348,547.645094476266,84.7571325139572
000193.png,104,111,0.000282231931929839,533.046562023674,172.890831068497,552.941804673182,155.788945727592
000193.png,105,112,0.000219513724834319,537.324303175945,168.705237245258,548.243786798192,159.837458341811
000193.png,106,113,0.000627182070955198,402.952611285575,300.495879421969,435.878840946343,321.349192929156
000193.png,107,114,0.000710806347082558,394.425874455762,309.581942753114,403.236321917028,299.184491841483
000193.png,108,115,0.00102439738256016,407.726874077837,277.880115771601,393.831689159418,309.536783584673
000193.png,109,116,0.00209060690318399,21.7099013098066,243.072950740307,13.9629749964059,295.636426248695
000193.png,110,117,0.000543557794827838,19.9374906163082,294.623873249947,18.6783964612573,262.206692865687
000193.png,111,118,0.000240419793866159,524.345096604438,208.034430546249,520.156601519745,250.015624250714
000193.png,112,119,0.00013588944870696,513.190296359655,207.25040813973,519.069426228309,216.586030965299
000193.png,113,120,0.000428574415152719,617.989543632608,13.9921184705691,628.536159813159,0
000193.png,114,121,0.000303138000961679,596.732815293693,140.803241323307,556.406587953371,135.116682071586
000193.png,115,122,0.000198607655802479,582.7130978356,139.768167951049,574.138798574908,138.787025616571
000193.png,116,123,0.00144251876319696,0.805635751513686,435.712283211657,53.0305017277281,429.649177657016
000193.png,117,124,0.00521606422344407,339.793894677569,382.186703823337,1.79331020116979,394.170218395521
000193.png,118,125,0.00972132209980557,2.77555756156289e-17,411.812440276705,209.688215448765,403.820038046948
000193.png,119,126,0.00237283883511383,2.66502257906209,401.290767506005,0,436.368017649593
000193.png,120,127,0.00016724855225472,634.934185690845,52.5428548859808,636.963829343302,56.5277563820142
000193.png,121,128,0.000794430623209918,524.438215541199,28.0650013821973,525.000487601066,76.1753014784085
000193.png,122,129,0.00171429766061088,18.1066248110284,446.993798875337,1.25898053700185,482.706925862953
000193.png,123,130,0.0111220287249388,213.966718723127,471.754821677083,12.6395582767159,425.984031975084
000193.png,124,131,0.000867601864821358,517.99137749747,503.027628781178,445.979304990257,503.666195889442
000193.png,125,132,0.000303138000961679,637.460035137802,450.213320620862,631.595800087766,435.369557003936
000193.png,126,133,0.00180837497125416,101.97124515475,399.998315545374,95.5358186619735,509.855648617874
000193.png,127,134,0.000522651725795999,589.84860030491,97.7933631692948,625.669027953027,71.5482750820741
000193.png,128,135,0.00391988794346999,116.515216960413,397.51542717681,110.704493422954,487.268716877637
000193.png,129,136,0.000846695795789518,79.6174761786011,89.9055371333461,78.7302418843613,55.92870541164
000193.png,130,137,0.000940773106432797,72.7297885399369,55.8376277324493,68.3891051342122,89.7940778678451
000193.png,131,138,0.00306273911316455,217.547411039383,406.728776516234,0,415.464257343936
000193.png,132,139,0.000470386553216399,500.476489372172,309.070410870475,474.975342519057,295.999017210877
000193.png,133,140,0.00100349131352832,134.798955213424,473.184139146995,153.624084718121,428.687092913649
000193.png,134,141,0.00307319214768047,36.759037810365,72.2979131427296,119.653393849264,19.6593553568321
000193.png,135,142,0.00778751071436038,263.059391439289,390.674592194568,135.345261650566,361.750416463298
000193.png,136,143,0.000574916898375598,156.587862801483,434.612109649252,225.995434395654,464.01077897462
000193.png,137,144,0.0117073986578304,349.828524566315,34.4746950474153,318.164355736475,177.377476959114
000193.png,138,145,0.000407668346120879,214.50541756589,51.2126989373947,193.566452610208,68.0446237134868
000193.png,139,146,0.000606276001923358,337.476146497892,427.239090934974,268.340133869821,458.746351758438
000193.png,140,147,8.36242761273598e-05,638,42,638,46
000193.png,141,148,0.000386762277089039,209.933202912093,488.637549730383,262.826954323746,507.706137618253
000193.png,142,149,0.000282231931929839,229.476592600383,504.424271812863,243.880351430612,499.639795647762
000193.png,143,150,0.00112892772771936,260.148696574905,407.986704203009,264.115232186879,452.347358937044
000193.png,144,151,0.000292684966445759,255.38094531212,424.083190631194,253.725996342415,411.768054861751
000193.png,145,152,0.000449480484184559,293.492712549346,508.802786082022,306.708221297649,484.229669785718
000193.png,146,153,0.000491292622248239,269.724528851772,458.124608649279,291.897307413831,507.141757982185
000193.png,147,154,0.000250872828382079,275.897908650479,507.935936384594,295.055145453041,477.4070917997
000193.png,148,155,0.000501745656764159,264.446167817678,487.7119340031,264.989372251234,465.924937503847
000193.png,149,156,0.00382581063282671,321.600868708053,176.40132676667,292.811862733902,273.575046680626
000193.png,150,157,0.00100349131352832,466.436376133941,28.6379668654266,449.921128876082,52.5650987865175
000193.png,151,158,0.000386762277089039,430.776965714811,57.2828030023584,401.234638593061,38.0987302505933
000193.png,152,159,0.00342859532122175,70.563865529373,150.79745351938,192.829943601185,64.3452338465415
000193.png,153,160,0.000271778897413919,252.292141612811,449.448350269144,212.78146565526,428.524361818058
000193.png,154,161,0.000773524554178078,379.059739871973,59.996336524089,363.175582098227,125.369935821038
000198.png,1,1,0.020071229397311,153.310345058133,210.203352788384,144.195508583597,0
000198.png,2,2,0.017324204190939,218.107673066754,0,72.0457748688191,6.96055100074171
000198.png,3,3,0.0115126584025841,502.33357797488,0.0434320520518486,502.99817770004,147.959570426242
000198.png,4,4,0.00356146986554761,467.833768562865,2.00492082608228,472.456433116956,158.164102103532
000198.png,5,7,0.00782695121614533,636.726209824978,141.50338420462,493.941115971403,169.499229336719
000198.png,6,10,0.000966290273598189,511.479547384016,244.825204929209,505.456312122044,182.633755474676
000198.png,7,12,0.0382512906877226,476.623315386229,171.869125247506,19.576878079331,256.989214250421
000198.png,8,13,0.0009524861268325,630.961340282721,105.797121639063,594.536708029123,110.527139666018
000198.png,9,14,0.00139421882333453,461.534454047152,306.139320709023,429.877119987933,240.058868446841
000198.png,10,15,0.000621186604455979,529.843427008776,374.250374707411,520.517667421057,353.764344682242
000198.png,11,16,0.0056044835868695,150.569157824092,248.073293716075,153.177014518449,370.145760701025
000198.png,12,18,0.00109052759448938,453.278748809559,238.816352710029,469.008433460388,226.024604222019
000198.png,13,21,0.0026227878854808,404.122106412944,276.812704189792,288.25101579899,336.916894763288
000198.png,14,23,0.0010767234477237,269.739718142613,357.046021747663,203.737352313763,358.964634668724
000198.png,15,24,0.00288506667402888,636.533330518268,303.982457302938,516.510337053416,309.480507646355
000198.png,16,25,0.00350625327848486,637.497269590534,397.660716876669,516.730472229965,404.941095847992
000198.png,17,26,0.000234670495016703,627.969207805173,409.947835541709,637.172006492587,418.778620487561
000198.png,18,27,0.001904972253665,524.575292633505,0,532.194013671087,106.129646206592
000198.png,19,28,0.00034510366914221,542.565655610313,87.1994094770665,516.740145809279,68.9524479034702
000198.png,20,29,0.000427928549736341,516.091365980498,61.7211608066307,541.937706055158,70.1901144521946
000202.png,1,1,0.00860556202883495,474.36800388793,508.02331851075,476.726366989442,470.29544441021
000202.png,2,2,0.0285682197857734,449.27679899267,387.709488460293,436.988890281281,164.514140091085
000202.png,3,3,0.0286384119719793,463.307197040074,363.829438397282,457.774882158281,191.685856855378
000202.png,4,4,0.0301405247567841,453.239385276047,0,484.435443558778,460.24161246502
000202.png,5,6,0.00251288026616877,287.92335653496,3.25710833185518,234.500171406641,0
000202.png,6,7,0.00683671893644799,256.192102382128,263.492935156465,93.137160420677,201.719291868069
000202.png,7,8,0.00883017702469361,287.500045840246,174.629535189892,100.680123457681,91.4841937507185
000202.png,8,9,0.0127328625777378,98.9964613116728,95.156064913107,291.838395289444,184.010088352689
000202.png,9,10,0.0194011202672918,217.905109834911,280.024615295035,233.001912377049,86.8598550716504
000202.png,10,11,0.0143051675487485,231.143439429995,468.66920557853,96.7968425066646,388.543548823649
000202.png,11,12,0.0145578594190895,284.197663690476,413.380803090706,0.388913123914847,322.781699341282
000202.png,12,13,0.00276557213650976,229.996171125611,454.480097247057,155.495946124496,410.417905462742
000202.png,13,14,0.0234722670672301,5.69016642498227,4.36198783096516,289.423885727868,143.087747845918
000202.png,14,15,0.0108797888619039,176.753452664828,99.3708014567946,93.7701858553063,0
000202.png,15,16,0.0142349753625426,192.102131604913,412.613375768759,133.670859343791,307.491935247498
000202.png,16,17,0.00467479960130838,228.316637999295,402.332405690683,86.1265050184324,375.333753215637
000202.png,17,18,0.0227563067679306,10.3435027877436,207.138114497899,33.1352877386601,0
000202.png,18,19,0.0260693779568458,38.7370459988649,326.171045365928,59.1159935514479,0.0697414385654724
000202.png,19,20,0.00640152738197184,28.1076619265999,403.78333257725,20.5534095203597,330.298311255126
000202.png,20,23,0.00474499178751421,487.39453334947,120.62063013141,630.496302893248,197.071007565467
000202.png,21,24,0.0113851726025859,538.868910641476,231.463391707155,549.51532215726,407.424280953424
000202.png,22,25,0.0164951637583704,580.672497926132,181.348902143963,536.490655827795,0
000202.png,23,26,0.00892844608538178,531.992122594098,125.639908324348,524.441895707568,0
000202.png,24,27,0.0197099658865975,407.055948337586,163.371558142772,517.51237654473,19.6006720464905
000202.png,25,28,0.0121151713391265,263.512079213817,264.269863114843,267.258500103789,104.451452663649
000202.png,26,29,0.0112307497929331,262.977600142097,507.015069952136,266.278590360236,412.780407195203
000202.png,27,30,0.00501172209509637,283.77164117559,391.332621609017,255.082136640056,487.126119665767
000202.png,28,31,0.00393076242752657,277.620346818963,109.05119437795,250.478976277193,202.526936414182
000202.png,29,32,0.0161301643901001,143.800912788782,77.9912859365791,135.975019998968,256.786768086727
000202.png,30,33,0.00110903654205214,609.99204605353,0.954073225230354,555.995798940528,0.503915682032058
000202.png,31,34,0.00287787963443909,617.879227022727,401.199809247184,541.419105623222,371.266430826612
000202.png,32,35,0.00748248704954165,624.721316122634,423.956975296206,615.202794593617,264.37742129554
000202.png,33,36,0.00339730181236225,589.413903517759,311.142417769118,514.669680690041,272.796265204472
000202.png,34,37,0.00579787458060169,95.4111220326707,377.099378002702,285.222324029102,431.755046065358
000202.png,35,38,0.0093355607653756,44.9762425668611,0,289.909008053903,118.188570763237
000202.png,36,39,0.00296211025788609,505.505052561996,139.014001989162,628.470918688407,199.035225864177
000202.png,37,40,0.00168461246893996,557.809403348838,174.017563992128,623.628764360838,111.6084785989
000202.png,38,41,0.00605056645094268,550.668976588171,163.976834491957,545.197075229269,5.95854734479153
000202.png,39,42,0.00175480465514579,588.789437533461,304.35688921897,533.015797190845,277.560275398091
000202.png,40,43,0.00836690859573512,285.206299204845,296.142736747011,89.1419794145276,223.517666618257
000202.png,41,44,0.00906883045779344,285.664236553707,286.900305431781,91.5416720175085,214.50347323345
000202.png,42,45,0.0039588393020089,131.489441198825,376.009058134407,0.348385986163152,327.066503451992
000202.png,43,46,0.00126345935170497,633.773114516907,249.680330453694,565.511213639483,298.129219427879
000202.png,44,47,0.00603652801370151,117.649958704652,143.423114473273,140.087151549286,52.0213938655097
000202.png,45,48,0.00575575926887819,15.7508831585677,506.164912442508,3.11047812650834,333.77192979228
000202.png,46,49,0.00220403464686311,30.6738909973415,368.021359278653,30.7927898077385,342.003622981029
000202.png,47,50,0.000589614364128985,27.420128685896,368.989717456742,19.553734814804,342.359464848086
000202.png,48,51,0.00131961310066963,608.513783670834,265.694840865586,549.287329960842,283.649083895399
000202.png,49,52,0.00314460994202125,526.161684049173,5.02606181103212,538.315498002533,116.835315543958
000202.png,50,53,0.00122134403998147,484.021857357504,0,565.745106052086,61.6881165469782
000202.png,51,54,0.0079597939157413,589.515217686433,417.467989267914,583.458190094451,309.135708367387
000202.png,52,56,0.0122836325860205,127.402170411761,403.302858138339,160.834115860093,488.38248332159
000202.png,53,57,0.00320076369098592,112.718864329406,431.13306988578,80.9978769621235,507.24934667402
000202.png,54,58,0.00203557339996912,95.1034864894314,456.520347332635,126.749181839797,389.410178647853
000202.png,55,59,0.00401499305097357,627.327966410457,164.230417280914,572.138995276213,3.26661184336234
000202.png,56,60,0.00637345050748951,607.268937885242,184.116171504852,604.5332963682,25.6110974904496
000202.png,57,61,0.00211980402341611,286.45998533527,422.475172342279,158.455304729631,383.860791480062
000202.png,58,62,0.0078334479805708,4.18691531751643,0,291.092760568567,128.03300927929
000202.png,59,63,0.000729998736540648,160.343672819229,68.1336120927985,206.650300583999,102.420611785586
000202.png,60,64,0.000393076242752657,101.992943975429,59.5631775215383,130.050235503589,59.1099660954343
000202.png,61,65,0.000491345303440821,613.923414050168,41.8624313087092,579.641060937089,60.9477809694564
000202.png,62,66,0.00113711341653447,3.57454377127499,155.692462189253,18.6905279143629,233.08385228004
000202.png,63,67,0.000940575295158143,284.027664214568,7.3798519633506,213.988603457385,4.25547602337241
000202.png,64,68,0.0657700784748642,640,188.569541176219,628.521561133735,57.7409335898364
000202.png,65,69,0.00188115059031629,25.3977244442739,187.501275181245,17.4597412658475,237.191684698496
000202.png,66,70,0.000505383740681987,9.79918245878453,198.094146775556,1.07914490505803,179.494077994612
000202.png,67,71,0.000687883424817149,1.11022302462516e-16,58.4104810185955,44.379541591139,77.098689314524
000202.png,68,72,0.00190922746479862,188.426009228215,455.202000339398,122.529154990479,420.023203403027
000202.png,69,73,0.00162845871997529,288.789936366832,441.589857351799,173.97957945698,403.96018581357
000202.png,70,74,0.000758075611022981,526.752113619293,9.18223428619953,592.041351162878,49.9337500496539
000202.png,71,75,0.00117922872825797,550.498448870714,13.9550350379132,550.140190531787,57.7886440887334
000202.png,72,76,0.00026673030758216,597.681594902834,187.564139228454,623.208354221624,168.916325954499
000202.png,73,77,0.000477306866199655,596.017120137241,157.971145732277,570.91929460991,143.079822839715
000202.png,74,78,0.00221807308410428,104.169974509926,507.840261254,110.22827512635,448.023119783137
000202.png,75,79,0.000996729044122808,150.980163370557,377.266326149618,77.149445782602,350.794197811589
000202.png,76,80,0.000898459983434644,610.15527676893,69.4290413795755,577.260720148806,45.8845975955857
000204.png,1,1,0.0664560401173713,638.027553869972,103.560115908628,0,108.498193406405
000204.png,2,2,0.00659825185139184,489.492584423331,13.7222477098937,626.997488732333,160.437367931354
000204.png,3,3,0.0829827203427986,637.965620293566,131.14495656119,0,138.827176187914
000204.png,4,4,0.00269363928521526,634.578548038674,220.019588408074,631.194347170055,319.972722305939
000204.png,5,5,0.00455667510207884,619.194915776742,330.099632705325,616.792176093935,165.98840181183
000204.png,6,6,0.00626445793420378,640,472.177126228693,626.346306777868,353.499961601034
000204.png,7,7,0.00264706338979367,638.590246228473,442.250845989983,610.85467937417,507.513255532395
000204.png,8,8,0.0981742248994737,638.07271095896,353.028822850692,0,398.123931953825
000204.png,9,9,0.00118768533325053,640,403.651310844551,635.903729296923,357.829813711174
000204.png,10,10,0.0910092996537858,0,177.69485742076,637.959908260653,164.116365078583
000204.png,11,11,0.00202605145083914,624.516951893352,0,610.063113700066,132.00691051101
000204.png,12,12,0.00142832745959541,625.852315500553,169.995021498137,625.509252431648,317.989590093359
000204.png,13,13,0.0371520392479545,637.96939492436,92.0141981413056,0,96.9128615168968
000204.png,14,14,0.00965673565074289,630.055452145626,448.115760007913,502.567972038978,509.185679056858
000204.png,15,15,0.00568225924143392,636.081544445891,484.815430402908,395.883562259294,508.835642663591
000204.png,16,16,0.00249181040505504,633.518191974046,488.917424433812,543.833567176291,502.935173911306
000204.png,17,17,0.00522426293645495,620.260292240048,322.763382870006,601.850722325071,170.017991624958
000204.png,18,18,0.00192513701075903,623.050001354772,323.647591148608,612.465173860417,171.967538348145
000204.png,19,19,0.00304295850087718,626.148991547385,507.982443995327,608.907191502057,361.657439173619
000204.png,20,20,0.000807315520640884,618.776497603793,440.158201579174,584.108420374285,447.419060737028
000204.png,21,21,0.00190961171228517,618.314036967667,439.297199979688,526.271403262791,437.021733977029
000204.png,22,22,0.0273245253139992,638.194401799888,42.8641128055193,0,36.3806851427503
000204.png,23,23,0.0673332194811445,603.504318482841,242.365440367236,0,281.548569530783
000204.png,24,24,0.00131188772104144,622.631325273924,276.2579766637,583.642620920207,321.693328061619
000204.png,25,25,0.0106581174023071,0,193.476150475105,637.991766355024,177.667709317485
000204.png,26,26,0.00229774417413175,600.988410846002,315.898950293143,588.884021153894,197.500684449304
000204.png,27,27,0.0106581174023071,615.94467564671,475.491912098655,286.152670419055,511.402094885933
000204.png,28,28,0.00136622626569996,605.01058617778,148.379788593546,572.031708165619,5.68157931676726
000204.png,29,29,0.00731241558118955,578.189019477976,73.1831212309019,482.101534484256,69.4125454858719
000204.png,30,30,0.0512645355606962,0,318.207871994301,611.104906759018,279.769526222223
000204.png,31,31,0.0194687242862244,594.310057842907,470.097055223439,203.598552730001,503.272037677762
000204.png,32,32,0.00312834764248343,545.47919689919,503.014232745029,527.430448252895,366.075067613525
000204.png,33,33,0.00413749204328453,607.344916403101,165.714454908099,417.824556482038,194.684323711342
000204.png,34,34,0.0293428141156014,637.602767597643,50.42920081359,0,64.8438256940536
000204.png,35,35,0.00292651876232321,487.304048210359,508.08359836601,461.802365845546,295.78349816484
000204.png,36,36,0.00198723820465448,503.404887069397,508.052228928318,491.279149373807,369.887737944317
000204.png,37,37,0.00395895111083511,411.556990809481,116.693201676306,426.96706223153,304.383709489714
000204.png,38,38,0.0035630559997516,497.011109936015,503.27768422119,333.513800563601,468.27075927985
000204.png,39,40,0.00130412507180451,421.49928500023,0,347.870088469916,55.9303058743087
000204.png,40,41,0.00155252984738632,432.677543762103,255.642325560446,424.420685812468,147.661966536106
000204.png,41,42,0.00217354178634084,392.88650926954,287.438282769015,418.677625111471,144.483080983193
000204.png,42,43,0.0156805514586018,472.493446994318,210.381227478819,242.178540394547,512
000204.png,43,44,0.022356429802363,0,185.801253823798,529.888798739551,168.578662268731
000204.png,44,45,0.00495257021316235,442.620545738696,128.671464257776,359.784161604878,163.001575734386
000204.png,45,46,0.0307168030305383,569.297639974811,109.937834336218,0,153.517572362563
000204.png,46,47,0.000815078169877816,409.692532388902,159.796374031487,365.540045180894,160.752148268008
000204.png,47,48,0.0113334678859201,83.783419710112,73.9289945477342,467.085876004201,67.0517085232003
000204.png,48,49,0.013732126500132,567.597186636066,38.06595705829,0,50.8146569945925
000204.png,49,50,0.00115663473630281,192.304831892545,0,177.482859432034,61.876122760855
000204.png,50,51,0.00397447640930897,265.163840182536,168.360299141729,0,176.382070048077
000204.png,51,52,0.0135691108661564,638.287622320007,27.0171671560976,0.0303561622146162,16.2076021476384
000204.png,52,53,0.000978093803853379,245.136000116201,54.6338892368041,151.650193290403,0
000204.png,53,54,0.00537175327195665,1.38777878078145e-17,148.950759889805,413.828236134405,141.907696253079
000204.png,54,55,0.0124590520252752,404.049144368387,4.86057238003283,93.5473375600357,0
000204.png,55,56,0.00346990420890842,38.2867436918318,164.411184089046,3.71178781164458,148.121639699815
000204.png,56,57,0.00289546816537548,28.4508618930396,185.496744689187,13.9795829459557,0
000204.png,57,58,0.00131188772104144,38.9807510659832,323.736058521023,28.0083431457506,199.822163928336
000204.png,58,59,0.000621011938954526,3.08644877792264,153.997096663031,36.6632027946784,171.260898124465
000204.png,59,60,0.00766173479685147,0,119.802406194192,637.988693449558,114.610606713383
000204.png,60,63,0.00169225753365108,439.680164764781,68.5722899555412,429.56656137889,0
000204.png,61,64,0.000574436043532937,224.616948535451,200.633750134337,283.566919439386,329.28199677983
000204.png,62,65,0.000310505969477263,443.933918049864,466.414564015313,475.762791948828,471.488120764538
000204.png,63,66,0.00114887208706587,344.321912287041,482.889600107973,333.854220028951,385.585374745979
000204.png,64,68,0.000263930074055674,638,318,638,284
000204.png,65,69,0.000372607163372716,306.094782501152,228.838785095595,402.000169600881,218.001500896154
000204.png,66,70,0.000985856453090311,104.588461045506,316.155829395826,91.3077033661414,195.85563372175
000204.png,67,71,0.00100138175156417,132.397516149879,228.0726535919,87.6717150595286,225.07312783019
000204.png,68,72,0.0008849420130102,583.511351124477,445.264825766044,528.743375998476,452.539818675636
000204.png,69,73,0.000838366117588611,373.390442934858,334.293422178103,303.944785040616,190.02657879725
000204.png,70,74,0.000621011938954526,460.489603400807,271.387403209165,453.922534130615,201.818519227456
000204.png,71,75,0.00034155656642499,398.98196411877,236.176804406409,331.957979730776,200.078018298456
000204.png,72,76,0.00179317197373119,65.1058545899074,509.041963396709,38.4866418982319,435.104747871463
000204.png,73,77,0.00249957305429197,124.080025964641,509.619134742996,113.09092240232,391.898163775248
000204.png,74,78,0.00169225753365108,298.231367203073,496.447683548547,112.13780016684,488.693091660363
000204.png,75,79,0.000504572200400553,71.9307692852895,3.43652130980132,59.809663284114,47.9481688133654
000204.png,76,80,0.000512334849637484,34.9242721665668,453.126767289859,44.9179748024869,509.482548697816
000204.png,77,81,0.0217431805126454,388.001906192522,244.751548176133,0,350.682777086967
000204.png,78,82,0.000473521603452826,222.324280662372,482.289368019962,192.293284857471,481.026375409691
000204.png,79,83,0.000822840819114748,598.913055481679,361.454531723639,613.362510482498,438.621373355971
000204.png,80,84,0.000652062535902253,610.142229991865,432.691591506377,586.978429698693,361.680834971386
000204.png,81,85,0.000496809551163621,104.987101055925,234.38510728749,153.280822097511,263.904581036686
000204.png,82,86,0.000993619102327242,418.119535299523,123.615085047741,362.045395470453,122.815692431579
000204.png,83,87,0.000776264923693158,494.512316755683,450.903613779252,438.883921514866,445.311541722863
000204.png,84,88,0.000434708357268168,459.019654730342,477.540488041832,441.673121641327,439.048618124543
000204.png,85,89,0.000411420409557374,467.461942958711,509.049082653211,447.014607171157,459.580621410091
000204.png,86,90,0.000333793917188058,519.897210316625,223.944858222144,544.42277541207,178.226798907146
000204.png,87,91,0.000388132461846579,422.382397371456,489.562653693459,431.328490665869,464.473706665504
000204.png,88,92,0.00019406623092329,446.395486830758,493.780617961708,422.673002298313,510.930904925705
000204.png,89,93,0.000349319215661921,411.119331380158,285.920902812527,407.815345852254,239.165072432975
000204.png,90,94,3.88132461846579e-05,638,252,638,272
000204.png,91,95,0.000465758954215895,455.245828963641,179.328906256382,440.418946230005,139.108282547996
000204.png,92,96,0.00135070096722609,437.969875539396,437.813170599648,373.865146046071,466.210430302134
000208.png,1,1,0.012316249503377,158.923676936525,125.060358890956,301.220832234269,1.10553415889314
000208.png,2,2,0.0220784380498326,206.135919001236,139.584877960771,303.242313478399,0.0804268743719092
000208.png,3,3,0.0133757118262482,308.016517145503,171.795357535345,23.6093347120066,148.840225411644
000208.png,4,4,0.0201676220746543,298.946988390102,2.29787431237924,291.574462552371,174.239022883936
000208.png,5,6,0.012940575515069,370.995690928046,102.027607604245,278.233704447605,117.442090072873
000208.png,6,7,0.0128459806648126,189.726837706618,392.665782038228,0,373.224500882864
000208.png,7,8,0.00117297614317877,51.7091701679259,371.67392329483,125.564659251968,384.505681807544
000208.png,8,10,0.0197135667934238,285.064820036423,122.842469822762,637.20518096897,153.215126172657
000208.png,9,11,0.0052405547042019,545.459225812197,139.471550404908,554.088851501592,0
000208.png,10,12,0.00325406284881851,523.680213301293,76.1502151157082,530.484354585619,0.0433024664585844
000208.png,11,13,0.00457839075240744,512.820491012991,135.31681101107,532.738037294813,1.90166145450721
000208.png,12,14,0.00641353084738067,512.334178021374,59.0054133137325,310.612627008145,51.5108044854113
000208.png,13,15,0.00128648996348639,459.290381924841,68.3365117876477,508.736497251935,52.5965206312227
000210.png,1,1,0.0264913375245957,173.391603117546,434.383250294932,182.306155304894,215.9308779906
000210.png,2,2,0.000639887379821151,172.960611246086,379.91120408836,172.479366251942,363.865652942298
000210.png,3,3,0.00531106525251556,183.558834497685,216.569450633731,193.912309206596,260.953535559385
000210.png,4,4,0.173265505271072,637.858206523441,158.904108435139,58.6165591116028,233.850106367439
000210.png,5,5,0.004447217289757,521.246357897871,389.160898443594,476.947698329215,323.36196886592
000210.png,6,6,0.00126377757514677,473.604029716817,355.029827043028,504.851878312734,392.94619641201
000210.png,7,7,0.0180288269264609,0,283.884311657257,117.967628116026,216.831240106695
000210.png,8,8,0.0239957767432932,155.064570849998,494.13803602338,428.02345511531,468.247280622217
000210.png,9,9,0.00588696389435459,609.904557771153,506.834999611444,592.926819196636,449.933249415553
000210.png,10,10,0.0186207227527955,637.988562631516,459.886627017633,485.722335563211,475.24764963712
000210.png,11,12,0.112524195741549,637.245407304677,160.596389348866,0,249.585171207071
000210.png,12,13,0.00187167058597687,152.33192718131,486.965131149226,177.682967569494,510.34377958049
000210.png,13,14,0.0352897889971365,429.481915533815,467.689680528682,150.938613245612,501.169555752698
000210.png,14,15,0.0120618771096287,108.278485641288,303.02130982244,0,313.001750519884
000210.png,15,16,0.0224600470317224,637.724005525498,238.083724279781,469.18732638175,262.357471373564
000210.png,16,17,0.000143974660459759,400.559264258075,299.186826647688,416.081224714983,296.462838599859
000210.png,17,18,0.0110380573019149,571.238398510141,159.172860741988,119.490347069769,219.072978393464
000210.png,18,19,0.00905440642446929,494.115858300497,353.069257557857,479.583064819524,195.118278954846
000210.png,19,20,0.00137575786661548,45.0009064738494,303.457380255634,106.047368968722,298.594670015182
000210.png,20,21,0.00214362272240086,548.424070389938,246.843007615793,469.435032399662,258.000240636352
000210.png,21,22,0.0270832333509302,418.251941184857,328.297831863809,151.078075225603,357.591576725169
000210.png,22,23,0.00372734398745821,417.426398217001,320.687693652354,155.656957207285,366.019073765981
000210.png,23,24,0.0154212858536898,639.296678127851,346.131478359154,500.86297507889,340.121674557698
000210.png,24,25,0.00839852186015261,621.393848628004,419.879181848458,475.594631769295,362.066116783452
000210.png,25,26,0.00132776631312889,479.589621989518,416.980443615535,503.182177737359,378.729141030172
000210.png,26,27,0.0269232615059749,414.141434445394,267.288115870855,155.526099287906,295.683943704411
000210.png,27,28,0.0462318631920782,640,218.633159537503,592.221957475088,121.404631696123
000210.png,28,29,0.0162371422629617,637.989048749767,445.861180253562,480.131475355047,458.314291800848
000210.png,29,30,0.00247956359680696,339.260526838047,375.502571391688,308.59440760456,421.090564875563
000210.png,30,31,0.00276751291772648,336.438480590556,414.587582942873,321.237536328481,374.036654149043
000210.png,31,32,0.015549263329654,421.568641758959,456.263799750826,145.811492016254,490.235101728313
000210.png,32,33,0.00953432195933516,165.813678107998,304.483806389072,415.968394635406,273.742811478813
000210.png,33,34,0.00563100894242613,96.0408232958131,500.416437075822,0,509.831311896464
000210.png,34,35,0.00569499768040825,637.654236499303,446.768506308608,495.357368967617,461.993992648582
000210.png,35,36,0.0102062037081474,106.027342199333,362.233292764819,0,374.659827841657
000210.png,36,37,0.00980627409575915,4.44089209850063e-16,277.239168106155,112.224448211528,255.139786494169
000210.png,37,38,0.00159971844955288,636.248508471276,219.998532691733,636.285369350924,175.998563571856
000210.png,38,39,0.00919838108492905,631.949944020374,201.550019745439,469.512722571009,219.619599832478
000210.png,39,40,0.00686279214858185,466.996089387564,325.206194964908,637.739026588696,305.713990399225
000210.png,40,41,0.035817696085489,418.693724885012,349.152955578522,147.163639103675,389.244649157627
000210.png,41,42,0.00799859224776439,415.643104697932,388.423339435744,153.657286574631,414.56546447584
000210.png,42,43,0.000943833885236198,607.606875900656,183.786721740753,590.867823002364,214.640898428762
000210.png,43,44,0.0019996480619411,241.905720688054,343.035363995143,173.193775773002,349.750969525542
000210.png,44,45,0.0262993713106493,165.616310100841,254.756794920621,413.926679235808,225.380243588969
000210.png,45,46,0.00115179728367807,621.222683726582,221.865949554509,628.880274576608,177.461994303843
000210.png,46,47,0.0385532146342244,637.536499812841,122.280413693259,22.1267331651796,198.967044543421
000210.png,47,48,0.010014237494201,181.567189502298,246.318438066437,411.910523303362,219.238895539664
000210.png,48,50,0.000191966213946345,564.643718979038,212.31342615514,575.6000961419,203.502708231476
000210.png,49,51,0.0129737166258738,104.27796672869,417.673019100253,0,413.091717884824
000210.png,50,52,0.00308745660763706,0,447.456502742819,96.5643714266328,426.614870650348
000210.png,51,53,0.000383932427892691,86.382998504548,424.012347246716,98.2733121002296,425.154365523508
000210.png,52,54,0.0157092351746093,542.104693877447,188.802594379068,48.0754124735193,253.245907702991
000210.png,53,55,0.00172769592551711,267.306308603399,285.88020825804,266.429825449878,217.788513631492
000210.png,54,56,0.00119978883716466,322.498400883296,234.269114372866,318.573393657058,270.708050786984
000210.png,55,58,0.0018876677704724,507.199127807174,509.547686905737,503.414999047377,466.05089384236
000210.png,56,59,0.000863847962758554,293.920566453512,285.37291544647,176.038654659408,300.305157466943
000210.png,57,60,0.00231959175185167,106.821959736071,367.16647632674,61.4444937307809,343.045022710846
000210.png,58,61,0.00132776631312889,0,441.69617767734,64.3873862756188,430.162629311988
000210.png,59,62,0.00183967621698581,569.641173742139,253.457191121226,473.025055251681,267.091090442729
000210.png,60,63,0.00039992961238822,514.447174446621,262.574202421811,505.589231967074,269.472545891003
000210.png,61,64,0.00851050215162131,302.177721418706,326.72982949133,160.478393153045,347.537189593469
000210.png,62,65,0.00163171281854394,315.903448303753,289.16802198609,411.772808332717,278.042308116064
000210.png,63,66,0.00065588456431668,420.662032123172,391.788371446541,373.694632316316,409.175099172559
000210.png,64,67,0.000479915534865864,409.61361227753,412.434738677836,390.495292573418,395.442728570325
000210.png,65,68,0.00207963398441874,23.7185071858889,330.978896636534,29.781657545013,270.78380745641
000210.png,66,69,0.00252755515029355,453.756576712068,495.710330555149,489.326307086272,512
000210.png,67,70,0.000639887379821151,537.039846679664,383.381173525205,510.937203847599,380.231934291912
000210.png,68,71,0.00318343971461023,110.036947064356,259.820190556671,0,286.227694724163
000210.png,69,72,0.00111980291468702,511.036586049736,311.348784513207,477.633292429271,323.487065697455
000210.png,70,73,0.00137575786661548,15.9973295504761,509.765114953083,98.0094671642804,508.832704496493
000210.png,71,74,0.00228759738286062,638.047935546468,372.726313247262,555.877863958413,378.149410374792
000210.png,72,75,0.000303946505415047,58,506,98,506
000213.png,1,2,0.0100607581236317,151.632965879272,134.704799087183,51.9381399761044,147.518716719622
000213.png,2,3,0.0236636902565616,46.9637726846072,340.05767042777,67.3122133837516,0
000213.png,3,4,0.00723193860231717,590.512557367095,319.587172621963,566.634343626697,261.088364107862
000213.png,4,5,0.0153002238457186,640,79.3724142050297,585.961839724342,85.6726953873146
000213.png,5,6,0.0119056404201412,591.360332699485,0.0453215519371271,582.301634316099,271.94341636529
000213.png,6,7,0.0467370181782402,174.208810546997,0,139.852632213688,507.99003328094
000213.png,7,8,0.0177846653383514,38.0065208617648,340.192604636254,206.219981883089,334.497535464328
000213.png,8,9,0.0158413893193614,38.0042703772102,322.513412493947,297.97339911003,323.26020085196
000213.png,9,11,0.0089292303151059,639.252785169691,315.88793312323,586.077955022109,319.237534019259
000213.png,10,12,0.00415713477480137,252.162179945324,484.140381145923,171.352628991849,414.753947970444
000213.png,11,13,0.0122746168794431,186.980285867066,478.391067433679,305.019953271113,386.407796497175
000213.png,12,14,0.00661697783681401,587.689141600089,303.597328864549,639.975295797786,298.578458168671
000213.png,13,15,0.00629719823875237,224.825067005569,381.723499884404,240.874351661636,504.408886675335
000213.png,14,16,0.00218926032519125,637.728283699951,64.3192700531186,601.870404603276,33.8022511828174
000213.png,15,17,0.00519026886084668,588.496502001128,60.6410656477008,640,55.1312125745856
000213.png,16,18,0.00135291368410695,607.905797477728,76.0585179378061,586.078488408211,40.920786741982
000213.png,17,19,0.0093966004968883,302.252634507016,156.013457815096,283.503754552229,507.973565054286
000213.png,18,20,0.00838806484146312,283.715952913082,486.261803252005,189.637367121143,481.994222946446
000213.png,19,21,0.00189407915774974,491.999999999999,194,493.999999999999,184
000213.png,20,23,0.000295181167441517,577.812760370399,500.022276573227,576.377089226942,487.955136336282
000213.png,21,24,0.00216466189457113,285.126477799486,426.469684060001,234.498151054188,455.368923903827
000213.png,22,25,0.00127911839224657,278.719719502137,459.30522200436,236.318504872686,417.714252809488
000213.png,23,26,0.00895382874572602,195.727928009273,464.356105821387,295.429818088459,389.956612207749
000213.png,24,27,0.0013037168228667,190.067755434335,508.777521163928,258.247152207886,502.836172097898
000213.png,25,28,0.00349297714805795,592.006260930167,237.910613792375,596.122410514894,54.0027397412571
000213.png,26,29,0.00263203207635353,272.381149473964,434.197505352024,200.431064274003,479.070722730176
000217.png,1,1,0.0194754245362327,587.246832339161,510.205416758969,585.462066734441,434.153430291045
000217.png,2,2,0.0856358235722692,32.3181717767629,113.747515879687,5.13950305814938,510.078142273291
000217.png,3,3,0.0215210446673766,638.020081770654,293.781652803465,329.867530551985,265.44032780271
000217.png,4,4,0.00325057445496833,527.247859274292,205.592350296561,541.162500052065,229.641737953797
000217.png,5,5,0.0116852547217396,421.635616174424,162.17229292483,500.667663313471,232.898120030579
000217.png,6,6,0.0198397130527378,562.645137175,205.958193984734,333.169952293273,230.805148093053
000217.png,7,7,0.0151039623381718,452.821188657637,421.844058885849,451.662790444094,490.028249561384
000217.png,8,8,0.0665807319396962,37.9454866065257,115.789047062414,17.4311465806827,510.074461358494
000217.png,9,9,0.00669730426497786,586.070379369539,201.943552205465,618.719989654769,242.651236296865
000217.png,10,10,0.022277643893964,13.0185371108684,195.417329404097,0,440.774797515758
000217.png,11,11,0.0960600795830298,120.94866136062,5.75149085676399,103.176055125069,510.041447513228
000217.png,12,12,0.00661323768424592,583.250030078469,417.970867546435,620.751231959509,459.137577012977
000217.png,13,13,0.023174354088438,428.751268211339,428.285465168133,431.186036829754,490.110817794469
000217.png,14,14,0.00644510452278204,426.556964958467,432.570673828774,436.234123002472,490.955678656397
000217.png,15,15,0.0160847391133778,433.985649887376,432.365878365319,625.847395571522,439.890886454734
000217.png,16,16,0.00341870761643221,556.460081645701,474.437783142871,600.759590202327,430.77058930772
000217.png,17,17,0.00179342038894805,599.098568685819,194.216932709375,629.434160297762,178.880746376429
000217.png,18,18,0.00779016981449308,434.195899493454,491.323463977912,522.239898816454,488.968325081749
000217.png,19,19,0.00184946477610267,36.1020028087858,450.125295183971,9.69396346044292,471.624079915229
000217.png,20,20,0.0227540211847783,41.7899416642494,109.700614673207,22.586666474612,508.028283040951
000217.png,21,21,0.00949952362270919,0,268.209889406998,7.38063372120337,196.900873171545
000217.png,22,22,0.0358403855853836,331.614992645289,205.630241994329,637.777235519696,238.100450709191
000217.png,23,23,0.00543630555399877,319.619995378831,445.892745185218,346.661240383643,484.347786253505
000217.png,24,24,0.00442750658521549,319.923523128272,434.009920980202,349.055812350405,477.932378877244
000217.png,25,25,0.0067813708457098,583.862450438199,327.860608367998,637.56893213684,331.830978033426
000217.png,26,26,0.00594070503839041,395.129322851144,490.57419873073,413.795372197674,453.862177370412
000217.png,27,27,0.0179061816959032,396.414869621353,412.46646973185,401.178563048977,489.927520825354
000217.png,28,28,0.00431541781090624,125.294289871581,61.9552912161964,128.875840524415,5.42195802928697
000217.png,29,29,0.00103682116236059,128.625807055163,37.243162620901,135.224134367183,7.82597198154526
000217.png,30,30,0.0112929440116572,637.6616344004,225.140554416077,491.41988486921,209.384362766152
000217.png,31,31,0.0132825197556465,609.52145595821,426.442837629519,582.483398184833,506.090447065036
000217.png,32,32,0.0122176763997086,562.423496153122,427.465012690926,557.154721258464,502.081536448906
000217.png,33,33,0.0296474808047974,637.82429224916,269.871001321086,329.538004105138,240.919503695723
000217.png,34,34,0.0282183489323544,330.118282818007,157.036074147458,637.901345684877,194.803966682683
000217.png,35,35,0.0080423695566889,482.378948578545,422.083216674649,483.076986235378,486.010078679686
000217.png,36,36,0.00140110967886566,486.178450398118,462.365931538797,482.625113886501,444.67798168521
000217.png,37,37,0.00215770890545312,320.680750749445,457.809537565298,341.521926566086,486.910027307984
000217.png,38,38,0.00311046348708177,74.5460071722114,77.4668402344946,72.0857564355468,111.863080408913
000217.png,39,39,0.00439948439163818,455.326997447603,209.820125246057,629.541490482306,229.965189745539
000217.png,40,40,0.00156924284032954,479.846617278497,511.641362576359,455.558467829015,494.630417615257
000217.png,41,41,0.0193353135683461,534.239122173939,434.636189941847,538.961876612218,492.249047025957
000217.png,42,42,0.013058342207028,329.730308390367,257.090223464251,637.827320123714,283.978628130962
000217.png,43,43,0.000672532645855518,438.932823019181,278.251848687588,398.528977794549,259.10400194372
000217.png,44,44,0.0257804180911282,369.789264109205,428.103617625138,371.314034372088,490.066096137774
000217.png,45,45,0.00437146219806086,366.358828767001,448.310198803901,380.649436875184,417.516901186581
000217.png,46,46,0.00361486297147341,596.933966353965,510.208636961474,594.868119063129,460.046614810702
000217.png,47,47,0.0125539427226363,346.259988605493,199.959144857101,349.73639225508,51.8998912856352
000217.png,48,48,0.00411926245586504,347.670716728011,146.398460172693,321.165641545445,214.201018423708
000217.png,49,49,0.00501597265033907,462.101307142286,271.998817511339,461.261559996952,200.055308554219
000217.png,50,50,0.00210166451829849,6.88129874502461,216.008033594555,0,207.219855628713
000217.png,51,51,0.00238188645407162,607.946822528446,325.299088055724,637.978369685383,326.528413302475
000217.png,52,52,0.0128061424648321,331.442970562021,191.344217167336,472.947969272214,206.093327735774
000217.png,53,53,0.00361486297147341,346.56320839045,470.117327750146,344.510283595334,409.982579558792
000217.png,54,54,0.00689345962001906,540.71729939203,433.663572574798,630.904398537127,503.202496609101
000217.png,55,55,0.00355881858431878,380.001778896746,429.976937160501,413.954047186165,432.595763847814
000217.png,56,56,0.0025500196155355,498.285060801191,244.971132210609,503.295979342164,274.459490725557
000217.png,57,57,0.00756599226587457,506.452687648047,420.054068928888,507.076428031931,484.047989412841
000217.png,58,58,0.0138429636271927,125.324800910408,75.70357422093,106.046781352231,509.824449293306
000217.png,59,59,0.00403519587513311,340.703067823258,25.9428040741374,339.939975522181,69.9295657761261
000217.png,60,60,0.004651684133834,0,151.69106758731,30.840402555961,163.949245078289
000217.png,61,61,0.00568850529619459,373.99968931912,490.832947762136,399.997447764483,490.842644656509
000217.png,62,62,0.00451157316594743,623.548080755476,502.714107955343,605.339010116275,440.192509657658
000217.png,63,63,0.00226979767976237,4.35155366402928,150.293503197486,32.0245763948039,157.54184986457
000217.png,64,64,0.0025500196155355,0,116.99354188438,37.1381752138966,122.175976985203
000217.png,65,65,0.00117693213024716,5.40421994100508,112.729923135516,27.6539328707581,117.585713802092
000217.png,66,66,0.00451157316594743,443.862418615254,209.346704099137,349.620085612058,199.718760822955
000217.png,67,67,0.00198957574398924,345.511611940582,264.012446234248,344.90427955828,240.180829561806
000217.png,68,68,0.00131704309813372,361.303745777993,152.835490763046,327.448400863437,173.077431390258
000217.png,69,69,0.000812643613742084,0,242.463514207318,7.33877109113019,237.095940245045
000217.png,70,70,0.00837863587961666,33.2549312249094,171.553257503693,0,167.091513949213
000217.png,71,71,0.00170935380821611,466.026127428479,263.367129403252,528.022394589454,262.88606590904
000217.png,72,72,0.00218573109903043,513.816331548752,512,496.884802841422,489.309267289162
000217.png,73,73,0.00095275458162865,481.614001310941,219.052612474928,439.528229743727,213.730923991239
000217.png,74,74,0.0029703525191952,542.029091529209,492.69887115631,588.198849070513,490.776987790615
000217.png,75,75,0.00154122064675223,0,228.712961881657,31.6169790536197,231.854629579748
000217.png,76,76,0.0010648433559379,0,449.842789431323,9.55010817594889,450.503441989478
000217.png,77,77,0.00243793084122625,480.344309264197,207.113410885255,454.651386163727,168.906909299449
000217.png,78,78,0.00128902090455641,542.579933809129,440.465248506663,512.091629589791,478.469020999409
000217.png,79,79,0.0031665078742364,113.30803438358,119.795866307998,109.558380745965,205.980786438743
000217.png,80,80,0.00103682116236059,322.225292982568,486.757771916617,340.402419157037,481.353534994457
000217.png,81,81,0.00285826374488595,323.804148717623,463.840303066808,322.615310880709,509.964309891297
000217.png,82,82,0.00100879896878328,530.948035066502,425.425860862028,525.155500347734,456.217374048533
000217.png,83,83,0.000560443871546265,527.361809617803,451.867148674146,528.725082985027,445.318264455816
000217.png,84,84,0.00109286554951522,319.89226305437,507.135184930716,348.200397897484,503.608613652297
000217.png,85,85,0.000728577033010144,398.375790443716,180.478611335274,386.999102895626,207.57983844877
000217.png,86,86,0.0099478787199462,334.808556446237,445.980619349887,337.738402276561,265.865612488023
000217.png,87,87,0.00145715406602029,0,157.28114562515,24.5718113175194,171.80135087674
000217.png,88,88,0.00249397522838088,603.795363696683,269.38939168672,585.575881653445,203.784064086564
000217.png,89,89,0.0103962338171832,329.551525763508,211.893955816382,324.257879235444,433.958470755495
000217.png,90,90,0.00154122064675223,602.728065884766,487.298686944371,612.758384844487,497.278363280337
000217.png,91,91,0.00109286554951522,608.541886153427,509.893364679367,602.032143571266,476.812961800631
000217.png,92,101,0.000364288516505072,6.27680181648968,445.091437948205,36.3701236772234,437.459408872289
000227.png,1,1,0.0177032019704433,451.049236214062,0,438.833450289357,174.377094117137
000227.png,2,4,0.00892124091015717,448.761056399562,389.340844436803,453.14298384828,511.039040472924
000227.png,3,5,0.00387784424114473,504.228426598251,115.182885111419,381.282980987905,121.098799000071
000227.png,4,7,0.00129017124091016,365.721445463251,0,378.81472040438,22.9769951663276
000227.png,5,8,0.0703509852216749,343.173909712912,0,318.15692620191,509.320050430656
000227.png,6,9,0.00169334975369458,446.406919970607,102.940994038677,362.891029310857,0.90771042090833
000227.png,7,10,0.00244106263194933,333.590830150612,60.2204629119764,328.594033212425,0.790846532556806
000227.png,8,13,0.00857670654468684,376.171609399557,5.68820574845957,368.423465551497,150.524772015486
000227.png,9,14,0.237787356321839,89.7034125388214,0,0,288.004281358637
000227.png,10,15,0.0053806005160685,306.640251345191,287.007103682716,320.228024924059,62.4979777066225
000227.png,11,16,0.00649483931503636,292.666622765701,280.051599919772,291.998925376847,4.00000259923536
000227.png,12,17,0.0078070021111893,266.794892374056,284.731491071898,276.752066653875,39.78666792682
000227.png,13,18,0.0057104738447103,258.01945073244,47.3708881987481,247.457876001493,248.501221718701
000227.png,14,19,0.0026023340370631,256.13287748258,191.665850411289,266.152115920905,375.555832284301
000227.png,15,21,0.00296152943936195,61.542304876377,0,58.2836433553076,64.2910499339873
000227.png,16,22,0.00109224724372508,90.0140359615253,5.99883924484445,41.9972893375247,5.93145094615741
000227.png,17,23,0.00211118930330753,105.950702617217,259.949928600908,1.4904930496873,250.135647445075
000227.png,18,25,0.00103360309641098,37.524708849902,301.047301689682,0,365.261354898421
000227.png,19,26,0.00534394792399719,640,125.772489346487,623.628163552195,0
000227.png,20,27,0.0100134881538822,437.865959529076,117.109990640884,398.800105518959,159.859221366439
000227.png,21,28,0.00656814449917898,637.537413546444,152.027145379122,634.041888036305,350.000739597117
000227.png,22,29,0.00447161623269998,634.469597414648,160.257901993162,622.400008593478,275.83291164368
000227.png,23,30,0.000249237626084917,638,276,638,260
000227.png,24,31,0.0218156228008445,593.498689207522,0,579.340270723102,265.941802982994
000227.png,25,32,0.00162004456955196,533.725362174662,10.9223529105466,493.515242183681,0
000227.png,26,33,0.00118021346469622,376.770934382768,34.4520679930128,426.1699274321,139.796037579585
000227.png,27,34,0.00393648838845883,621.40652162769,36.37745665463,636.477700304425,139.930475163877
000227.png,28,35,0.00331339432324654,612.463969660331,67.4088352331389,548.110112569669,62.543530401876
000227.png,29,36,0.00181796856673704,100.874957032201,114.575497904651,0.163607287954761,75.5774884150862
000227.png,30,37,0.000821018062397373,395.820095219658,43.3093851512196,509.876555452069,79.1296080944744
000227.png,31,38,0.000366525920713113,412.947645767587,70.3281800411181,452.081768730147,84.1275217030919
000227.png,32,39,0.000439831104855735,627.118508923638,271.883743595567,632.372146510789,232.04908094526
000227.png,33,40,0.0061576354679803,632.044165315925,161.080849857973,585.183754885884,249.705948880273
000227.png,34,41,0.00159072249589491,624.079867319013,211.384204358626,611.306880509527,251.212075423131
000227.png,35,43,0.00133415435139573,638.384236318849,71.9654060892422,635.494186292208,39.8654740723026
000227.png,36,44,0.000461822660098522,616.825538758711,217.642635787455,606.509320797169,251.54641721604
000227.png,37,45,0.00045449214168426,638.000000000001,322,638.000000000001,350
000227.png,38,46,0.000432500586441473,622.706238867334,255.974545249259,622.517782628604,235.938694054617
000227.png,39,47,0.00691267886464931,640,323.303936850861,577.560525905132,312.552193727834
000227.png,40,48,0.000461822660098522,639.56967095846,347.121614074192,624.788639175272,327.860041578124
000227.png,41,49,0.0181063804832278,640,487.963127162542,460.960554280188,436.648570739081
000227.png,42,50,0.00214784189537884,342.572206601417,414.579764168274,270.039014130002,440.110838243321
000227.png,43,51,0.00486746422707014,608.78257870089,30.2639269779906,591.153841595114,67.5048907658404
000227.png,44,52,0.00237508796622097,640,477.53799828663,582.591875389858,470.588657865889
000227.png,45,53,0.00688335679099226,634.993470765367,495.048463963574,399.794871877648,461.435327122171
000227.png,46,54,0.000256568144499179,533.994406333757,495.776523661699,532.355456960744,510.485313445887
000227.png,47,55,0.000813687543983111,324.072866738562,421.893865850126,280.596146337185,392.044785014262
000227.png,48,56,0.000557119399483932,348.381987745756,411.627960219944,273.741058000665,399.607959234232
000227.png,49,57,0.000703729767769177,267.840230838356,411.018283370876,340.519183253703,399.190170296175
000227.png,50,58,0.00130483227773868,313.911274252928,398.120126753697,319.937030911971,302.247448916311
000227.png,51,59,0.00107758620689655,278.665007907175,386.6617581612,313.576627001862,351.578695931692
000227.png,52,60,0.00617229650480882,293.910639544863,284.105698359987,280.924238890189,408.117459472974
000227.png,53,61,0.000549788881069669,289.387152892649,467.892394915443,335.452938568971,498.814965072615
000227.png,54,62,0.00197923997185081,502.50505485534,488.37527367684,415.581359905624,477.279647654227
000227.png,55,63,0.000894323246539995,286.019338272446,410.649390120639,314.982892256595,498.989204736081
000227.png,56,64,0.000263898662913441,540.845891062919,463.188716043195,531.292000538518,500.332321847467
000227.png,57,65,0.000337203847056064,304.908594502494,397.886056995007,308.897721275391,359.676121330691
000227.png,58,66,0.00097495894909688,303.074277856965,358.970702501528,284.355666479866,463.557992205498
000227.png,59,67,0.000945636875439831,259.445753927946,440.627774459348,279.34960684952,401.524769582382
000227.png,60,68,0.00900187661271405,624.689837976024,255.871433982119,569.699317350903,278.652803648472
000227.png,61,70,0.00587174524982407,277.969702233033,53.9622087148554,194.569163585224,382.617632923249
000227.png,62,71,0.000219915552427868,426.820035070145,444.739931314663,438.907156227707,452.606060646846
000227.png,63,72,0.000491144733755571,618.099609858271,36.0299784841515,607.007474330122,72.8859463277195
000227.png,64,73,0.00126817968566737,631.18904297215,275.347752967455,576.146454770644,295.446816757891
000227.png,65,74,0.000241907107670654,576.679770926258,300.487861947169,589.221871481318,291.605324439264
000227.png,66,75,0.000850340136054422,277.48189527921,320.027579629991,269.335610612856,388.248931046881
000227.png,67,76,0.00016127140511377,276.55542731299,345.879538987707,275.906735989122,353.658668109423
000228.png,1,1,0.0580998797078264,398.804287613538,507.968165357535,405.675496529631,249.884864434479
000228.png,2,2,0.0170021206146062,638.752274397936,386.341427804964,537.997904794004,382.049181982592
000228.png,3,3,0.0701414983196299,541.958291332841,251.959506116676,539.412917532208,506.014156022219
000228.png,4,4,0.0191847414958394,5.55111512312578e-17,131.699779856236,637.764321145228,159.421930220032
000228.png,5,5,0.0161960390391508,620.860106251385,54.0027402138376,461.749937856015,177.978699362007
000228.png,6,6,0.0198916130312388,638.525749086453,396.944449290665,546.149508624767,393.718614183711
000228.png,7,7,0.00308791249674467,277.400229175703,114.007089591945,229.780181865496,168.864645080094
000228.png,8,8,0.0115579696665303,0,61.7914633805461,5.50071755682832,27.663048303955
000228.png,9,10,0.0559544625916143,41.4806208287107,235.26968862564,10.7457254242171,509.635450910963
000228.png,10,11,0.00136413805077074,12.5238652842032,487.353648167271,74.266944825212,477.708910765477
000228.png,11,12,0.0117935935116634,195.05520596498,239.914508312954,131.860927618531,450.354688934999
000228.png,12,13,0.0198792117762318,356.006632012115,409.455882905544,375.992390630436,512
000228.png,13,14,0.0220370301474509,639.366958424847,291.297857035034,439.533975700573,233.204476775776
000228.png,14,15,0.0544415094807595,602.181094038637,0,221.875099120161,84.9453874365614
000228.png,15,16,0.005543360988132,541.104233069305,71.9157964489306,538.389919995033,229.731518230442
000228.png,16,17,0.0112107345263341,352.607257483917,419.181505372094,343.637709745919,500.195545845901
000228.png,17,19,0.0020338058211491,175.049307047942,506.281245301316,99.226458021097,459.991073737061
000228.png,18,20,0.0144226595731488,638.68699214648,286.325293015871,535.920179355392,281.821222006586
000228.png,19,21,0.00718032664905688,535.837607425391,253.999306569073,534.761746670698,505.95201164558
000228.png,20,22,0.0211937448069745,58.2744247149241,235.081232043024,14.3055658858032,509.086229184537
000228.png,21,23,0.00793680320448429,179.250372208978,238.825881347472,159.916806239235,317.03538941695
000228.png,22,24,0.000706871535399382,253.180095146924,28.7088531772609,288.730098179257,61.2011966603772
000228.png,23,25,0.000235623845133127,267.040467987733,40.8209967647795,271.40576154046,44.6733595598814
000228.png,24,26,0.0042536304674033,266.549328862961,426.42477048456,427.77384816409,482.64850232878
000228.png,25,27,0.00155015687587584,83.3726712075132,144.849768875729,38.3086304631793,111.581934441951
000228.png,26,29,0.0234631744732567,546.979583134958,463.608646773506,638.101033025342,442.434794559965
000228.png,27,30,0.0105286655009487,638.299138896224,257.30661751108,528.242605141863,255.973378128249
000228.png,28,31,0.00527053337797785,48.2437934625693,235.46312181426,24.1518498131637,404.019637312395
000228.png,29,32,0.0515148132991059,62.2543708928429,238.622902871652,638.53467463605,258.493718294106
000228.png,30,34,0.000719272790406389,220.482398714267,67.2747088469826,172.046537088838,27.3758957258079
000228.png,31,35,0.0150799260885202,428.478611538235,276.876251185448,64.087990979723,263.587246809616
000228.png,32,36,0.00421642670238228,249.071259678838,507.194428666172,433.326794882118,341.939247627543
000228.png,33,37,0.00533253965301288,343.005844388877,311.981948416418,232.759816203787,479.182266280961
000228.png,34,38,0.00416682168235425,363.407010306199,302.30464732525,281.336196061858,342.158821125911
000228.png,35,39,0.00280268363158352,305.784826750337,441.384890765454,426.993155565321,488.260458956401
000228.png,36,40,0.00138894056078475,291.985189327236,507.297892463879,266.054854500053,433.980599453489
000228.png,37,41,0.00909011992013592,387.329658093156,341.731456438155,385.58585024317,501.930180188487
000228.png,38,42,0.00138894056078475,364.746347592076,495.568320037227,301.311635526974,444.86114443616
000228.png,39,43,0.00308791249674467,589.353874905103,460.617386596259,635.874283421122,506.170838844439
000228.png,40,44,0.00566737353820207,271.657835821886,512,234.307482199363,436.853109220752
000228.png,41,45,0.00555576224313901,118.263121323752,247.039377321713,188.328335682652,412.105312420736
000228.png,42,46,0.00559296600816003,98.4950314368095,244.741729464832,176.247809169584,398.918132170288
000228.png,43,47,0.00384438905217208,156.168996324705,331.492948897938,134.385529711209,246.413363079947
000228.png,44,48,0.00155015687587584,87.5452658663155,248.119828119749,107.104295577081,322.34412914246
000228.png,45,49,0.00376998152213004,358.261606454487,510.506843213048,352.849556690725,441.986496828347
000228.png,46,50,0.00194699703610005,287.938192075703,339.053434869279,292.113244885994,285.851934584572
000228.png,47,51,0.00431563674243834,200.049357599016,383.975983418859,262.343700182437,512
000228.png,48,52,0.00205860833116311,65.6307388378356,429.165004416564,55.4116619799618,355.752301560004
000228.png,49,53,0.000446445180252242,65.8775353810918,382.513071439696,72.0177031201346,371.731961621611
000228.png,50,54,0.00339794387191984,317.23278398563,461.404313038218,316.480883939727,507.813372128973
000228.png,51,55,0.00218262088123318,349.890438947029,504.189027840203,242.149491166099,441.742079950029
000228.png,52,56,0.00121532299068666,36.6978265140042,391.141924009498,0.136542654679914,389.918731933935
000228.png,53,57,0.00162456440591788,639.003600318076,453.657667564027,572.676536426881,493.814007630511
000228.png,54,58,0.000917692870518496,547.760897927858,496.339056042006,637.841835123131,505.547274381851
000228.png,55,59,0.00199660205612808,622.343081124696,452.29041086243,624.821822226164,500.573857309828
000228.png,56,60,0.00421642670238228,265.814745693452,252.106802823666,352.804872771638,402.995095054111
000228.png,57,61,0.00541934843806193,361.106680798953,287.082460340609,259.945676839184,387.889268155064
000228.png,58,62,0.00200900331113509,238.208324645786,429.892091439319,280.218169532301,510.994888106093
000228.png,59,63,0.0053573421630269,92.8376826647559,248.495415310594,184.775134519301,464.194227526719
000228.png,60,64,0.000781279065441423,321.928121938394,404.419373669069,358.181300065053,435.465493325744
000228.png,61,65,0.00157495938588985,236.999482372172,468.756943771632,232.929282629528,491.679080676546
000228.png,62,66,0.00345995014695487,325.153112587582,361.97115571824,322.245956838909,447.32719369955
000228.png,63,67,0.00210821335119114,427.539452057887,408.812811241816,360.87417162679,403.968940527274
000228.png,64,68,0.00235623845133127,151.789930424202,307.451673836541,145.4143429106,209.907557038837
000228.png,65,69,0.000954896635539517,517.781777769914,2.12625173379326,535.937318353921,33.5075439791544
000228.png,66,70,0.00204620707615611,638.045529448716,102.087224065389,588.768416825762,127.809021851838
000228.png,67,71,0.00137653930577774,268.916997697725,432.655745666871,316.376504396723,511.037895357862
000228.png,68,72,0.000285228865161154,260.213383940329,509.634268854997,245.416060785042,501.000847380406
000228.png,69,73,0.00114091546064462,340.318510588919,351.573549446066,428.364357263413,445.65903194737
000228.png,70,74,0.000731674045413396,430.826568772561,402.02151602252,337.558745512229,363.056191526981
000228.png,71,75,0.0174733683048725,500.203280811045,259.430952470234,60.3150689822497,245.818502253563
000228.png,72,76,0.00241824472636631,240.726890759217,450.27866942081,130.074355226395,395.787693954255
000228.png,73,77,0.000458846435259248,631.363365257329,471.7933112698,596.919044538864,450.512471096384
000228.png,74,78,0.000496050200280268,485.072882758329,2.42457579589518,504.187620159741,25.5012218270941
000228.png,75,79,0.00100450165556754,275.043845483409,299.158191003664,321.323730991264,356.545377016565
000228.png,76,80,0.000458846435259248,293.114444834602,338.683908428096,327.460496872734,329.51186865359
000228.png,77,81,0.00415442042734725,240.783739851562,442.926191545461,32.811757082751,430.458827389788
000228.png,78,82,0.001847786996044,372.481398042436,401.382017324954,376.980345326829,464.921858459041
000228.png,79,83,0.000210821335119114,356.864296215674,440.763564415667,384.139492365179,409.890139292544
000228.png,80,84,0.000620062750350335,290.03936049363,377.950094962834,252.025209783356,347.96803660068
000228.png,81,85,0.00384438905217208,637.078854927113,446.765311986847,546.454410979119,472.572518025377
000228.png,82,86,0.00269107233652046,634.116466370769,4.84318873555966,500.004194736391,1.81426858473624
000228.png,83,87,0.00157495938588985,218.208982179481,500.080903248288,114.070388519045,497.332722369379
000228.png,84,89,0.0244428736188102,532.954656684193,65.7238645191865,228.745631813163,130.616840755239
000228.png,85,90,0.000347235140196188,122.133802827676,461.865326664994,153.237243171472,492.767719245402
000228.png,86,91,0.00122772424569366,0.46727479720462,153.955046506423,0,169.887153253018
000228.png,87,92,0.000235623845133127,9.14278254499134,166.816170816594,0,173.43651173636
000228.png,88,93,0.000892890360504483,31.9726764390401,248.474580222936,2.1265050470343,231.773919642427
000228.png,89,94,0.0246908987189504,97.4966128609869,0,0,15.6074936846577
000228.png,90,95,0.00104170542058856,634.765388339461,167.989866651541,635.208575435166,113.993504207719
000228.png,91,96,0.00445205054751541,627.047114647998,68.5685740734055,487.349780264294,182.487148009431
000228.png,92,97,0.00137653930577774,633.648102519488,122.571299269504,605.269111601651,204.439925624996
000228.png,93,98,0.000582858985329315,592.423420937442,140.496430074329,612.87378410347,173.457875650405
000228.png,94,99,0.000124012550070067,248,28,258,38
000228.png,95,100,0.000334833885189181,628.135883397156,485.634145040511,634.786045957592,501.359189589405
000229.png,1,1,0.0458533951311704,277.615727765323,4.03194013824352,288.608150413153,136.281925507307
000229.png,2,2,0.00744723934662287,305.622924703165,421.793945585416,294.567738297256,334.721144197112
000229.png,3,3,0.0359987400440985,632.486804721546,263.97269056345,75.8244822160568,507.598958938613
000229.png,4,4,0.0391261305854295,636.726889721753,62.2111842699576,55.1442179460483,253.396727784721
000229.png,5,5,0.0366062187823426,345.866005989395,107.614384661509,0,227.796256720377
000229.png,6,6,0.00353237636682716,143.790554679626,200.845561241962,187.235673629124,274.451137694984
000229.png,7,8,0.0353462628807992,602.252512699395,76.8551867627465,0,281.416279491802
000229.png,8,9,0.00517481888133915,630.977694259736,52.3281018267076,578.30409179413,124.373382915259
000229.png,9,10,0.000517481888133915,19.4056927743166,334.083063699901,0.0281160947754309,340.090688385338
000229.png,10,11,0.0366062187823426,636.168587500731,316.376796611139,202.236293376601,510.52812066821
000229.png,11,12,0.0292039778607749,37.4192455973866,218.059158477244,15.6386377778421,4.24053987822811
000229.png,12,13,0.0104396346127886,448.746780069919,116.642484118905,638.021331433881,63.1524889699515
000229.png,13,14,0.0383161589344373,0,7.1756544891397,22.7987068240516,228.945922945312
000229.png,14,15,0.00218242361517347,178.066450111909,75.4800276762822,214.701367337712,80.1618044524634
000229.png,15,17,0.00258740944066958,136.673935697004,428.322404728852,219.439037986024,419.500072200186
000229.png,16,18,0.00960716374926878,230.804205141027,50.6769052247573,404.453072480657,29.7616297869385
000229.png,17,19,0.00249741259055933,481.946553177929,278.953962202535,468.163805104015,335.973357800333
000229.png,18,20,0.00798722044728434,284.05104615024,172.158606248158,636.258578708226,58.8034337275575
000229.png,19,21,0.0340413085542006,264.335875690469,4.13406190828168,274.965712377368,136.083322244383
000229.png,20,22,0.032893848715295,220.233742038738,5.46690299711829,229.12873006763,161.708015439459
000229.png,21,23,0.0121720739774108,257.686443534267,140.229793534311,250.450579443086,4.40217580216068
000229.png,22,24,0.00533231336903208,279.648045611761,95.5539105397418,490.463429271381,65.2208419448046
000229.png,23,25,0.0116770913018044,636.222899140067,318.49634595604,208.300005222919,510.668043758004
000229.png,24,26,0.00746973855915043,0.469404364502886,491.223770125828,179.045910710372,422.726762634585
000229.png,25,27,0.00265490707825226,69.0886564349778,458.83172997476,159.557433623396,424.051077395376
000229.png,26,28,0.00130495432659857,286.344622538831,413.061956677486,308.965321112526,421.372449791709
000229.png,27,29,0.00222742204022859,299.146751297889,398.617549370273,266.910641927698,418.51368011792
000229.png,28,30,0.00308239211627593,457.260391739166,480.716707967334,421.045351513544,508.767498800891
000229.png,29,31,0.00224992125275615,426.125322150368,504.967991174669,476.829046221149,498.403572098861
000229.png,30,32,0.00218242361517347,402.468762919917,46.5321539744602,432.355895341789,43.4409131338004
000229.png,31,33,0.00715474958376457,261.663791782971,189.001473433836,1.52562417284543,276.591120496858
000229.png,32,34,0.0126670566530171,611.485431210468,230.790140029445,339.119011535311,346.631032605754
000229.png,33,35,0.00211492597759078,555.690322476119,318.954907076746,599.952398508308,305.839355528679
000229.png,34,36,0.0014624488142915,465.542338274552,478.466030227793,506.108336099367,466.363116014356
000229.png,35,37,0.00310489132880349,549.791581224438,242.733583194722,633.496712616641,263.899693330266
000229.png,36,38,0.011339603113891,635.854652083866,79.5067785591983,328.817646298966,169.987818666617
000229.png,37,39,0.00503982360617378,203.325288797138,413.865350929495,263.972784497641,370.776704522302
000229.png,38,40,0.00962966296179634,0,288.158986898266,322.923080171299,176.875001668361
000229.png,39,41,0.00188993385231517,89.3073103186008,106.160347779005,112.532856059137,97.4151644798312
000229.png,40,42,0.00303739369122081,97.8470434760499,457.424244883519,214.636939850003,426.397553030489
000229.png,41,43,0.00197993070242542,118.268905914631,155.733614662098,270.635890885815,132.099537061715
000229.png,42,44,0.00771722989695361,60.6303232392286,508.440228912679,78.3636701672833,447.391308552298
000229.png,43,45,0.00152994645187418,70.8501775488268,59.1237172110345,108.455904521005,30.6721241722254
000229.png,44,46,0.00110246141385052,502.770092150693,23.9164917371047,503.654552648398,10.8901770849356
000229.png,45,47,0.00220492282770103,273.766181424312,371.652184089687,208.862754833582,415.283387587732
000229.png,46,48,0.00596229131980381,286.130564726791,27.1018536215618,491.848935576065,2.72514662502712
000229.png,47,49,0.00218242361517347,568.015984609353,22.1371898624996,536.214678379371,25.8425034166616
000229.png,48,50,0.00161994330198443,232.571156709137,512,280.744564302721,505.636956799521
000229.png,49,51,0.00105746298879539,267.938394639688,501.233659701918,249.977820437605,512
000229.png,50,52,0.0096521621743239,499.602456830879,188.119112164614,502.28401362768,107.017466238564
000229.png,51,53,0.00130495432659857,73.4322597826369,152.643603385734,148.787263248529,121.10263255379
000229.png,52,54,0.00254241101561445,361.716402131035,339.466334951197,226.560117544085,411.290477026812
000229.png,53,55,0.00238491652792152,512.711820646489,271.768978839095,604.825722459287,254.372071098768
000229.png,54,56,0.00371237006704765,66.0095858489214,450.169476132389,50.9429046001913,504.025725747896
000229.png,55,57,0.00213742519011835,341.015645084463,393.368618871322,417.311928466408,378.934749185834
000229.png,56,58,0.00197993070242542,141.339104892477,301.493596550499,144.639849939689,360.412330294872
000229.png,57,59,0.00299239526616568,103.942798924575,333.058606193697,262.451298132469,323.427295091
000229.png,58,60,0.0011699590514332,601.471631978561,483.056945122617,635.02420191692,464.258351936056
000229.png,59,61,0.00278990235341763,619.600015354082,76.7872149114962,519.891717659642,109.671679378008
000229.png,60,62,0.00323988660396886,89.8336030702257,466.675998771154,222.997911251186,449.940265031579
000229.png,61,63,0.00353237636682716,480.196665732582,299.995971379977,430.579604736692,344.644109359878
000229.png,62,64,0.00191243306484273,274.013521634962,5.43471042825097,360.005883456842,4.62426303539431
000229.png,63,65,0.00186743463978761,423.397853010039,320.994645782135,469.595667752037,293.324920430251
000229.png,64,66,0.00265490707825226,635.037037115872,53.0583459832368,500.405919674289,97.1304117007426
000229.png,65,67,0.00173243936462224,109.652967630446,465.714947811178,191.926424836847,482.363590189491
000229.png,66,68,0.00236241731539396,86.8151649792998,265.772563299355,0,305.697051293095
000229.png,67,69,0.00119245826396076,397.494569344513,329.098535728038,423.248172151055,314.659072343292
000229.png,68,70,0.0011699590514332,1.38777878078145e-17,311.732220428662,52.8678609477506,285.767058161864
000229.png,69,71,0.00240741574044908,198.987123177226,233.428658081275,208.567759191509,260.876947997695
000229.png,70,72,0.00240741574044908,69.7856228187961,278.791081012309,171.426711387202,260.767102330822
000229.png,71,73,0.000607478738244161,134.932283259842,406.854204897248,125.365056606596,391.853777239499
000229.png,72,74,0.0185393511227107,105.198339330465,512,379.981707138629,387.959476355737
000229.png,73,75,0.000944966926157585,460.112133967982,324.136445044064,434.995600969399,344.777843391662
000229.png,74,76,0.00890968816091437,496.020479723852,229.171978329142,475.265765515815,123.279888563715
000229.png,75,77,0.00125995590154345,502.052239359951,440.69601443708,596.151836665562,439.649232575414
000229.png,76,78,0.000629977950771723,530.524079922616,435.704365325669,542.821187716729,403.062831471557
000229.png,77,79,0.00114745983890564,452.266387483691,152.860061149216,414.681240021131,173.611446817812
000229.png,78,80,0.00213742519011835,336.65665293112,327.001099225083,248.478297137534,405.058927311021
000229.png,79,81,0.00123745668901588,198.221220826959,412.29744790317,228.071870124819,390.096634743762
000229.png,80,82,0.000629977950771723,23.8086405942486,328.042304707021,19.0784350812386,306.64588384065
000229.png,81,83,0.0115420960266391,636.964743770658,274.148331435082,391.718389493582,384.280263920747
000229.png,82,84,0.000337488187913423,0,500.376666019067,20.3901068186077,509.57044591988
000229.png,83,85,0.00103496377626783,4.32359897183996,494.846347408307,73.6580441694994,468.336482831624
000229.png,84,86,0.00148494802681906,21.606493123263,173.390668862846,77.5313535566753,137.274317967193
000229.png,85,87,0.00332988345407911,91.2082978955503,276.501337517014,0,322.808307251225
000229.png,86,88,0.00195743148989785,301.565457941716,115.921945638265,305.028620339758,7.90473397571301
000229.png,87,89,0.000787472438464654,66.7878710891963,174.137217542734,100.731140107209,152.050034177097
000229.png,88,90,0.00211492597759078,295.97587617116,111.873249699558,421.979360903604,87.8915590188242
000229.png,89,91,0.0049723259685911,123.696233559075,512,300.828993222919,430.494689072952
000229.png,90,92,0.000449984250551231,272.317172634941,429.164774637089,225.410095052571,457.006128909367
000229.png,91,93,0.00159744408945687,424.609673743777,143.98357676778,423.617282946328,227.99547915389
000229.png,92,94,0.00373486927957522,11.7286779307449,66.0494847994537,136.104120659838,48.7485160726634
000229.png,93,95,0.00440984565540206,424.520183193522,159.474923956643,421.305222113546,217.518406350704
000229.png,94,96,0.00170994015209468,602.481559756399,189.696550282363,631.498733331363,233.01519230805
000229.png,95,97,0.000517481888133915,635.911332484034,227.878915366661,617.172388213869,241.601016961626
000229.png,96,98,0.0002924897628583,428.039032142491,510.079464382146,437.67817651341,505.34480910117
000229.png,97,99,0.000337488187913423,525.327491725158,413.848794232853,529.478637497444,395.386007167217
000229.png,98,100,0.000562480313189038,513.715917469996,30.8014414116635,555.607721242931,32.1535755730582
000229.png,99,101,0.00512982045628403,7.87227316764379,26.7324602934683,196.376603137944,7.73734650850013
000229.png,100,102,0.000179993700220492,102.05924160976,196.196480358472,94.1731445832973,198.574250259768
000235.png,1,1,0.0576748329621381,0,388.74384392901,537.818289654456,512
000235.png,2,2,0.0375590200445434,0,407.189678004457,210.202966329,454.059399468158
000235.png,3,3,0.0195812917594655,87.9939208317406,507.998680894855,110.300569663426,405.197268872365
000235.png,4,4,0.0423875278396437,0,154.259814155829,493.494473425003,279.845571237629
000235.png,5,5,0.0345122494432071,0,148.321425596136,497.454577904819,275.923301408296
000235.png,6,6,0.0013184855233853,0,276.437647039388,56.3527455292629,303.574059513734
000235.png,7,7,0.0021380846325167,204.466642371051,254.027499405474,38.5116685164796,292.223132054268
000235.png,8,8,0.0684365256124722,530.257497424114,192.346029638526,0,46.747110664854
000235.png,9,9,0.0048641425389755,48.5599317784288,134.494730213008,107.613429655411,67.6584440528488
000235.png,10,10,0.00507795100222717,46.8442352349288,177.751670181524,22.0649420083481,93.5106693750071
000235.png,11,11,0.00976391982182628,0,498.415491629894,57.6780014183806,512
000235.png,12,12,0.043652561247216,521.590103380363,247.057264147744,0,108.276037668281
000235.png,13,13,0.0905835189309577,0,94.8980806152474,518.520989265366,231.60960822166
000235.png,14,14,0.00188864142538976,0,93.5386736100438,24.2730525660771,109.624023738965
000235.png,15,15,0.0140400890868597,14.306931170556,378.180499713205,0,438.671947300205
000235.png,16,16,0.0101024498886414,585.491721348195,501.975047274015,592.479771460202,359.630812347847
000235.png,17,17,0.000766146993318486,590.108766162105,416.50452044611,585.371481814092,441.501865578336
000235.png,18,18,0.0328017817371938,551.828849593865,0,526.982688138677,197.872259533417
000235.png,19,19,0.0203830734966592,497.496072918466,267.374210943421,564.319047298871,0
000235.png,20,20,0.00399109131403118,534.233901275208,194.88851834095,449.732213962933,260.239817783314
000235.png,21,21,0.0061826280623608,433.09214526152,217.210255924081,461.254430624259,259.81486262249
000235.png,22,22,0.00997772828507795,371.196743358818,142.113080603489,512.608707781862,253.225300663181
000235.png,23,24,0.00429398663697105,310.83378619252,449.4634253663,301.602938724614,503.932710479661
000235.png,24,25,0.0018173719376392,325.267647981567,487.072482706258,305.670228865955,472.529966791838
000235.png,25,26,0.00500668151447661,184.091884735459,262.518092697096,228.762920903659,340.706772453857
000235.png,26,27,0.00598663697104677,143.666603012851,430.042049498305,201.211494519708,479.024130238576
000235.png,27,28,0.0173006681514477,74.7469966365154,508.165819462453,99.4271076492321,396.984902321653
000235.png,28,29,0.00456124721603563,4.44089209850063e-16,225.716448971918,184.699654821092,265.37177256628
000235.png,29,30,0.001728285077951,0,409.278037575467,1.52301445403112,383.851631223981
000235.png,30,31,0.0113853006681514,200.792588514002,177.982066283841,476.328439204765,232.335016302634
000235.png,31,32,0.027456570155902,219.707673083082,96.6130310931333,404.655750325595,292.571682515697
000235.png,32,33,0.00185300668151448,238.807436674557,190.654484674841,213.469992697097,144.486090502208
000235.png,33,34,0.00995991091314031,194.670495905955,416.152717670721,176.922584636936,505.786667078827
000235.png,34,35,0.00543429844097996,205.183371595327,430.339005498305,190.966037905795,505.805208377329
000235.png,35,36,0.00420489977728285,203.116442867104,353.694122743976,115.571484660398,298.12822922686
000235.png,36,37,0.00169265033407572,31.1655429198014,113.464773933718,0.93350692326846,160.598757264147
000235.png,37,38,0.00138975501113586,1.25916717151901,436.00422686798,1.67001940128661,508.01329384985
000235.png,38,39,0.00473942093541203,363.559926640963,389.007157888589,287.34342562082,334.512736472851
000235.png,39,40,0.00443652561247216,341.659025318719,404.435073483347,302.740967888225,303.091759411302
000235.png,40,41,0.00044543429844098,206.439587747351,316.192916612621,203.974066681391,296.250469831007
000235.png,41,42,0.000694877505567929,126.666372985919,331.57877172424,134.400998136985,308.151465625299
000235.png,42,43,0.00149665924276169,255.696768753006,370.179873520572,253.433060062249,316.023697885775
000235.png,43,44,0.00151447661469933,122.379916468122,160.250739824943,119.148209137555,139.369988921935
000235.png,44,45,0.00416926503340757,204.256798221662,283.830946911458,248.13986577181,350.491034610442
000235.png,45,46,0.00224498886414254,178.232650200569,295.948494901571,200.886095693344,339.748174985327
000235.png,46,47,0.00215590200445434,191.33700634684,147.125789826512,216.957813656607,200.423820955261
000235.png,47,48,0.0554120267260579,0,426.284565652056,189.522239428834,512
000235.png,48,49,0.00108685968819599,142.886690275688,125.790052455117,156.397841296574,182.852907037328
000235.png,49,50,0.00295768374164811,120.292915807654,509.03693692647,207.262577927469,484.469590378295
000235.png,50,51,0.000997772828507795,7.55408070890302,508.27262845485,6.44694433557684,490.217877116602
000235.png,51,52,0.00105122494432071,11.920698422845,506.966287110874,49.8295112045076,510.077400368858
000235.png,52,53,0.00197772828507795,594.195432998365,43.2686821375079,638.991927608105,40.5903203728752
000235.png,53,54,0.0048641425389755,393.092222692165,222.89714793119,509.102525721632,259.247214640414
000235.png,54,55,0.00187082405345212,562.929478058502,27.7920555474405,546.998705680094,109.805502726163
000235.png,55,56,0.00274387527839644,289.85559265385,403.594154578263,309.568199544786,320.474635614413
000235.png,56,57,0.00238752783964365,291.608892886104,345.266625426346,320.018321827881,370.253148435119
000235.png,57,58,0.000979955456570156,603.068868455036,26.5975662977582,637.606742512729,48.6168359700289
000235.png,58,59,0.000534521158129176,140.967909126606,512,127.746821279026,503.507907266232
000235.png,59,60,0.00226280623608018,153.866375972954,318.360329861886,199.570810548004,340.958116315657
000235.png,60,61,0.00105122494432071,295.532867384864,362.130910712056,291.034405192437,344.256357953015
000235.png,61,62,0.000641425389755011,303.154639824448,348.111510466114,288.705096114905,373.255865982521
000235.png,62,63,0.00295768374164811,604.039629453816,393.368699897743,597.300091499302,499.702114223228
000235.png,63,64,0.00201336302895323,296.585627230639,332.090168778988,297.575463210386,303.706210475024
000235.png,64,65,0.00121158129175947,45.1861720417339,284.37076312069,20.6882401882556,230.597610534828
000235.png,65,66,0.00274387527839644,194.561295234902,422.940101805335,182.712111651471,506.101464687419
000235.png,66,67,0.000766146993318486,624.000938950951,1.9983869569661,637.935988262777,10.1099670720243
000235.png,67,68,0.00244097995545657,450.254392777603,196.999732239363,526.856811666814,177.507410850593
000235.png,68,69,0.00183518930957684,451.477947244867,159.636646561888,414.042927356216,213.421895912619
000235.png,69,70,0.0124899777282851,327.349807749489,147.501928005087,520.299555520752,240.442789064823
000235.png,70,71,0.0358485523385301,0,187.674131762304,271.701662071507,338.342883256306
000235.png,71,72,0.000623608017817372,106.279991830603,329.784149570572,130.315771676384,326.012144067231
000235.png,72,73,0.00375946547884187,411.21854363387,166.786785722512,519.075887014463,214.596688914038
000235.png,73,74,0.00160356347438753,9.89298057565635,105.157757295955,4.52609007325418,144.072555119786
000235.png,74,75,0.000534521158129176,38.2125559439917,260.018894154546,37.7897836938415,220.023363063212
000235.png,75,76,0.00121158129175947,462.477394428741,246.190124727959,490.069288179868,264.795353733979
000235.png,76,77,0.000730512249443207,0,248.29152158962,45.9621390162452,246.818576554423
000235.png,77,78,0.000641425389755011,550.451613715422,37.6137975875606,559.833341979234,0
000245.png,1,1,0.0179085739605642,0,83.9615704293995,108.791520126586,134.596476852783
000245.png,2,2,0.0963001255446422,638.481544273332,483.836914042923,0.00388035412117915,433.950336952763
000245.png,3,3,0.0638062181522783,638.079149131381,341.901151575425,0.00492628151118879,333.620404624669
000245.png,4,4,0.0157300051694853,112.091147248981,151.829114042014,0,92.0418744856313
000245.png,5,5,0.0179824237500923,20.439564299004,124.297368845812,24.6749325007182,4.09425149950674
000245.png,6,6,0.0447160475592645,0.115473856165966,460.754530136874,520.095999640962,508.96457376883
000245.png,7,7,0.0012554464219777,432.249544364428,503.171838491977,482.213491675885,507.58043447944
000245.png,8,8,0.0891366959604165,638.302781943394,432.455747738952,0.0219516393855201,397.598042654286
000245.png,9,9,0.00129237131674175,214.127734000952,407.906404375765,202.099165799629,407.716568212284
000245.png,10,10,0.0723727937375379,638.186322307987,383.997439677069,0,364.187834758334
000245.png,11,11,0.00768037811092238,38.7378868720228,132.769354392137,29.0093991198721,47.8843149859692
000245.png,12,12,0.0376264677645669,110.952666934651,3.90863250425097,113.50584688269,309.970754113855
000245.png,13,13,0.0556458164094232,371.899323364906,511.016612408646,0,474.1868706587
000245.png,14,14,0.00313861605494424,7.40686332132156,30.7184305315519,0,45.222886947539
000245.png,15,15,0.0286906432316668,266.118797396625,173.999232322325,265.006782332651,1.91594919840458
000245.png,16,16,0.00195701942249465,603.812409610725,436.819032103048,589.703414045957,415.54400111652
000245.png,17,17,0.00347094010782069,49.5873420957131,126.162293885978,89.2228392509124,147.060398018757
000245.png,18,18,0.0577505354109741,638.360905218964,468.940773963093,0,423.402626310575
000245.png,19,19,0.00635108189941659,0,204.090160921084,108.056444375505,196.841411093993
000245.png,20,20,0.0342293774462743,638.017384248837,375.382583812976,0.0163662418899548,357.418739184045
000245.png,21,21,0.00446791226645004,16.857314136718,59.5289100871641,0,53.6804730709975
000245.png,22,22,0.00384018905546119,11.5293267355455,66.7320072965187,0,59.3187671862218
000245.png,23,23,0.0159884794328336,104.0022170997,298.053115206065,0.00112644858181454,297.994694249054
000245.png,24,24,0.00683110553134924,53.5770998578142,75.2610702817143,33.3383905981678,86.8439756809155
000245.png,25,25,0.0178347241710361,352.053586957161,405.170495144108,585.981748856288,420.282520470216
000245.png,26,26,0.00465253674027029,638.14776532493,420.536477445401,562.200674396703,417.296323413899
000245.png,27,27,0.0108928439553947,122.122195478763,393.900812848631,360.246683465174,407.762242876826
000245.png,28,28,0.00310169116018019,107.879678772075,199.726631528309,55.670033748801,222.706342977315
000245.png,29,29,0.00313861605494424,75.6890782593173,237.738118122904,10.987202275837,246.632136908732
000245.png,30,30,0.00332324052876449,14.5176443911617,31.6441060391078,18.9917226412766,63.2943705835836
000245.png,31,31,0.00302784137065209,82.3978478107536,101.058624748136,67.4421718791481,158.286197591157
000245.png,32,32,0.0229672845432391,145.982662580127,301.287525700809,637.98812899036,298.142756604415
000245.png,33,33,0.00173547005391035,2.5495466854391,72.0630029387127,3.63862707307327,27.9910699590254
000245.png,34,34,0.000406173842404549,0,69.0847885767051,13.6367594409649,63.1634606044501
000245.png,35,35,0.00136622110626985,11.9707324942223,81.8842160960936,95.9815288732536,83.1891547777586
000245.png,36,36,0.00716342958422568,271.897005134583,1.8994005456684,274.824944336783,289.950956197268
000245.png,37,37,0.000849272579573148,83.6644552821463,104.650963914411,106.239372423629,102.389150661516
000245.png,38,38,0.0012554464219777,90.7832361132165,31.0610400720105,105.120188721924,15.3688930103912
000245.png,39,39,0.0020677941067868,86.7187375109427,142.378566147587,103.822179676586,109.90634027893
000245.png,40,40,0.00114467173768555,68.4871737012537,101.303487097499,46.8326612773805,97.391208778119
000245.png,41,41,0.00203086921202275,2.55901791500729,212.328710801822,16.9309296313177,275.331408600267
000245.png,42,42,0.000369248947640499,82.3061817441576,115.258222157116,93.9700047773213,120.072668576752
000245.png,43,43,0.00457868695074219,104.000736771929,302.464689631307,0,302.629584258299
000245.png,44,44,0.00627723210988849,4,106,2,116
000245.png,45,45,0.000480023631932649,52.2529040789742,85.6599251604688,37.9749069122787,87.8353025865328
000245.png,46,46,0.00173547005391035,65.6248812149272,120.861823852778,102.576615458841,138.913641607054
000249.png,1,1,0.0184269524891742,633.425954803965,150.006063241327,452.953231355297,195.882093860797
000249.png,2,2,0.0223810693774761,577.421378481717,7.7366319185319,620.150515327378,238.342692137385
000249.png,3,3,0.0164767666840699,638.024585914958,286.116409432434,475.259268656934,320.492783962689
000249.png,4,4,0.0413915420288075,638.223977857544,379.56400232872,135.647288809808,451.537072955009
000249.png,5,5,0.00537452780934247,532.221388592106,101.046069469147,586.01002630834,226.302010382231
000249.png,6,6,0.00509044562513436,511.485619390237,472.075687042751,484.640475851367,310.225496310814
000249.png,7,7,0.0114861337182519,614.997725291646,40.7439064507935,435.801652107916,94.6988034086959
000249.png,8,8,0.0123230244771352,382.704512022666,341.594292651864,408.267292685522,512
000249.png,9,9,0.0012822087773717,392.092744930483,391.838743700694,412.580346521047,435.37405813671
000249.png,10,10,0.0120850096741501,386.420780536357,230.737664546205,240.284372173412,269.083738788949
000249.png,11,11,0.0303737600196554,398.071356392332,337.372230592369,62.4544291530862,408.1546880606
000249.png,12,12,0.0226728294585547,339.587137428269,79.4224524924647,374.059945982839,293.532461124277
000249.png,13,13,0.00211909953625503,344.284799600402,84.7126251747039,372.801345533682,233.380798300207
000249.png,14,14,0.0108872577623537,376.935227378699,225.698687000939,239.49769903623,259.986608709274
000249.png,15,15,0.0101271459721753,226.026005062909,394.008392862082,272.888899266129,229.96850169198
000249.png,16,16,0.00887564878228556,183.522399523529,342.30027440302,282.225244698945,314.566076619216
000249.png,17,17,0.0219280734621173,147.692616770889,138.044718811384,173.720214851972,316.950349274295
000249.png,18,18,0.0287383679862412,223.686691990465,80.9765341025747,25.9672611220983,186.719963984017
000249.png,19,19,0.00813857068271859,127.426244754491,0,139.303592019395,94.5985434423891
000249.png,20,20,0.00307115874819569,129.314428133045,27.9634940445102,126.670820166487,77.6097291536079
000249.png,21,21,0.0133057952765578,28.3897276291712,169.199811652656,172.262964934713,120.936059864041
000249.png,22,22,0.00344737569484967,75.7429281005486,400.027136442901,87.5627544793905,512
000249.png,23,23,0.00453763705045914,83.2540053271381,397.837480881078,98.0494704018512,512
000249.png,24,24,0.0011440066337029,96.2374908903235,439.930782674011,98.4180969407426,510.420159481169
000249.png,25,25,0.0313027855409846,3.5527136788005e-15,384.124263375595,14.2083907921787,512
000249.png,26,27,0.0618454592917908,638.117396050437,370.817886047482,131.924607540731,443.47474859425
000249.png,27,28,0.00956665950062959,638.093835158004,280.482373810024,473.700703731487,312.461422302262
000249.png,28,29,0.0294140229108443,260.881408772368,0,17.3256005813644,84.0456587783734
000249.png,29,30,0.000775467583919413,305.384726881439,0,319.410563659574,12.4051516487184
000249.png,30,31,0.0222659009244188,198.525643643621,0,256.767302274317,377.424728135425
000249.png,31,32,0.00162003623967323,171.21406853252,6.34787902487254,240.871367431296,57.5358585533049
000249.png,32,33,0.0169374404962993,192.911351272602,288.125459204423,162.472228969853,509.239031341124
000249.png,33,34,0.00314793771690059,233.700971833465,82.0888250344735,141.467752994223,0
000249.png,34,35,0.00772396425171217,330.585948905006,205.554017647845,137.72391817081,20.287400412557
000249.png,35,36,0.00705598722397961,131.626084473031,442.59699015642,138.126470856754,512
000249.png,36,37,0.00191179632075182,267.453908210546,232.309237352618,240.699298736296,272.468615862271
000249.png,37,38,0.0220585977089156,168.998600236416,0,13.8994234267659,62.81323138188
000249.png,38,39,0.0094131015632198,201.383016626087,277.686192876932,52.319111737365,315.265794207064
000249.png,39,40,0.00458370443168207,235.2312379281,297.008793528156,199.502763496262,396.810043523712
000249.png,40,41,0.00691010718344031,239.452281320431,0,164.194223310752,24.5943189251105
000249.png,41,42,0.00324775037621695,205.27083197555,0,204.319213069165,0.279608230600928
000249.png,42,43,0.00546666257178834,207.896540007125,288.81062692298,200.492814933096,351.703626208905
000249.png,43,44,0.00445318018488376,156.685126056758,28.2132347742144,18.8601419291107,74.6142806117297
000249.png,44,45,0.00616535118700286,27.2809173378739,0.0942120731814403,37.6990535494011,79.6116334438914
000249.png,45,46,0.00695617456466325,201.522828099663,315.362820927793,0,359.082572551183
000249.png,46,47,0.0136205890482479,478.463173553366,240.117913612953,441.299661955742,45.7515002652294
000249.png,47,48,0.00195786370197476,29.3287859393303,361.095232511361,19.6255708004462,390.586619760702
000249.png,48,49,0.000314793771690059,36.1631166555105,398.00306004317,36.109819466396,366.009812385075
000249.png,49,50,0.01820429347993,420.935815924549,0,489.656780154861,407.096474262349
000249.png,50,51,0.0155938085439636,196.250760681236,259.153665710902,47.7003124590852,302.033001183176
000249.png,51,52,0.0080617917140137,50.0263052029868,170.277474758174,69.8264767867957,311.117297061713
000249.png,52,53,0.000967415005681644,60.8589260917772,202.293074237823,68.6978503907762,286.308103218255
000249.png,53,54,0.000959737108811154,30.3029265769847,341.210207335776,0,349.514186140644
000249.png,54,55,0.00313258192315961,185.783922253053,289.190471691555,173.251386664356,323.498195017837
000249.png,55,56,0.00340130831362673,393.919422969087,258.017234688142,402.098504159177,296.256747493487
000249.png,56,57,0.00618838487761432,576.532461332693,3.12773376334595,607.419875908022,73.3756929550521
000249.png,57,58,0.0143807008384263,587.677855913714,0.0605695303127814,639.506722039795,275.716706125776
000249.png,58,59,0.00344737569484967,609.312320227697,121.323618443527,579.928619651847,194.76846002236
000249.png,59,60,0.000775467583919413,601.749825983664,192.134470288261,615.146227927026,175.975930772287
000249.png,60,61,0.0116243358619207,234.526187629367,107.927554764286,256.162720331153,265.079032537592
000249.png,61,62,0.00634194281502411,195.547719113225,255.841080276437,76.313602943965,287.685716444504
000249.png,62,63,0.00783145480789902,221.119425761172,70.1116011075545,147.649108164536,100.273555011079
000249.png,63,64,0.0121925002303369,141.253751200544,45.497013247991,188.857245995093,323.618806595844
000249.png,64,65,0.0184653419735266,589.505124796688,134.488105537007,349.558229855175,290.546056068155
000249.png,65,66,0.00257977334848438,155.445482440012,511.720323588371,142.684453018498,448.264558052283
000249.png,66,67,0.0181428703049661,429.732204306871,62.0126802299092,534.644229273448,0
000249.png,67,68,0.000959737108811154,566.952216515513,511.659173277383,500.807576077759,469.888212532825
000249.png,68,69,0.0086990571542643,375.181480252762,215.398218376252,277.653274678368,240.661475088876
000249.png,69,70,0.00173520469273057,331.141526962806,210.547591195891,280.208304986464,241.825587801313
000249.png,70,71,0.0136513006357299,589.327063633214,0.195699450010633,435.19396624021,47.3662265926334
000249.png,71,72,0.00740149258315162,226.258660125283,109.962718363574,248.898984243413,267.041367109814
000249.png,72,73,0.00204232056755014,594.552854091833,0,593.445258482721,0.379056579654847
000249.png,73,74,0.00590430269340622,165.509770814165,12.2843260910813,182.60225788191,161.986416366098
000249.png,74,75,0.00547434046865882,351.359543736755,119.437350413414,226.089964729422,156.305678192075
000249.png,75,76,0.00223426798931237,223.948533783098,41.0406243708135,153.237253386952,63.6102982271855
000249.png,76,78,0.000644943337121096,227.126930143819,432.121675448964,159.945877707969,426.666524662928
000249.png,77,79,0.000368539049783483,220.935112882212,10.7345587981621,219.334752076217,0.747581549619014
000249.png,78,80,0.00664905868984368,638.069153933154,448.432897996623,521.528719548049,467.049822704347
000249.png,79,81,0.00224962378305335,270.115687171584,96.9126397874388,302.844689712236,160.593773246324
000249.png,80,82,0.00386198212585609,606.130278454826,460.717705829678,544.032308832059,484.959559221957
000249.png,81,83,0.0201544792850342,351.268925756509,73.3435739773285,161.337740866165,129.770872147478
000249.png,82,84,0.000752433893307945,22.5351223525755,83.6688818860072,124.98037266712,50.8200962300842
000249.png,83,85,0.00128988667424219,430.374306454433,247.485713646285,404.513034014214,254.577727033373
000249.png,84,86,0.00257209545161389,331.240910128426,485.877402321702,396.65488949262,473.832790387804
000249.png,85,87,0.00234943644236971,162.491561376557,449.521082798069,181.607398702531,512
000249.png,86,88,0.000729400202696477,329.766191795311,410.432748344703,385.714489678304,402.086181257508
000249.png,87,89,0.00131292036485366,543.507926667651,174.179895480836,588.720142103078,225.866848994688
000249.png,88,90,0.00209606584564356,627.090082774651,482.92911790597,523.729048649835,472.751782268879
000249.png,89,91,0.00718651147077792,359.91679639186,85.3520229415668,135.940522655338,147.786632540596
000249.png,90,92,0.00141273302417002,523.524269022224,105.7349787228,561.802369600707,204.481135248016
000249.png,91,93,0.00124381929301926,638.093005175417,334.419441215578,597.854066405996,343.341858517142
000249.png,92,94,0.000913669727588219,424.869314243044,293.427943586772,511.282165164854,240.820877884596
000249.png,93,95,0.000491385399711311,417.990552616511,266.568527719608,442.969248186489,301.302981543783
000249.png,94,96,0.00298670188262031,153.000168559347,168.614815492101,83.0693973786492,196.703970607366
000249.png,95,97,0.00333988513866282,222.00383913418,510.24859763157,464.007895922009,506.511289113251
000249.png,96,98,0.00849943183563158,547.9382147715,145.660583210543,453.985269827618,198.034796714591
000249.png,97,99,0.0012822087773717,535.315566485305,157.604895614326,462.597794556287,185.41623521904
000249.png,98,100,0.00201160898006818,183.379922380711,122.550746197609,196.998989298751,33.2374139705704
000249.png,99,101,0.00210374374251405,602.548205799584,364.698132999095,488.083219876001,359.980722343258
000249.png,100,102,0.00183501735204693,398.582815880281,483.189592377355,282.173406406494,506.853051013765
000249.png,101,103,0.00145112250852247,568.237388654053,310.775636500169,505.47531624709,491.818107654624
000249.png,102,104,0.00128988667424219,235.780419029885,351.42463893402,325.422670480557,491.086858382654
000249.png,103,106,0.000575842265286693,410.001276961081,503.160862498934,332.001457588077,503.04216594022
000249.png,104,107,0.000929025521329197,528.670482285044,398.785148586623,493.36661661929,437.421243743796
000249.png,105,108,0.000353183256042505,72.3738250588027,493.290904760501,100.344877502913,485.190942126047
000249.png,106,109,0.000429962224747397,635.003708348817,26.0429318633021,636.117434207031,0.0050230421309081
000249.png,107,110,0.00109793925247996,517.647772387431,334.04646193843,514.262075675,454.120176972927
000249.png,108,111,0.000414606431006419,213.668445301604,14.3794329855632,242.571198757628,39.635127850074
000249.png,109,112,0.000929025521329197,224.389235565405,340.177253885328,224.072480044763,297.98444120091
000249.png,110,113,0.000529774884063757,638.760240369424,33.9081069890067,618.872180570653,1.05092710674554
000249.png,111,114,0.000307115874819569,632.507767685219,19.875637939666,627.639842142528,0
000249.png,112,115,0.000859924449494794,62.7998775424481,231.166424953779,30.4987180227051,142.547208047255
000249.png,113,116,0.00029943797794908,367.631446847844,482.513414997442,394.636752808419,501.899079004709
000249.png,114,117,0.000675654924603053,418.951392269174,287.923623302711,432.361965115562,270.557330857009
000249.png,115,118,0.000683332821473542,630.754712913923,188.155853192021,636.269113955715,232.21662805151
000257.png,1,1,0.0074612848019368,637.136699050066,307.741072946892,607.308482624149,407.192741925545
000257.png,2,2,0.0154130316817632,167.280062859338,0,107.965331889273,181.334457481068
000257.png,3,3,0.0128772383854406,122.925817882194,182.35319603788,192.492875911625,0
000257.png,4,4,0.0133468297366114,354.890452381406,0,246.708768566053,185.245934378054
000257.png,5,5,0.00114788996952874,99.9561298236795,59.1021179864296,130.079655544111,57.6302938884103
000257.png,6,6,0.00673080936678215,585.990951109533,437.026691972193,592.329590651001,511.168726987726
000257.png,7,7,0.0301686354718871,417.36687775627,251.02306145087,442.566483409043,418.348422209891
000257.png,8,8,0.00323496264139917,399.995928983347,509.759355649211,524.061925440828,507.660512538923
000257.png,9,9,0.0119589264098176,486.80821933458,408.495340851117,475.783438200707,248.428171708223
000257.png,10,10,0.00258797011311934,279.660310461595,381.46307484274,329.279823283639,414.986536021722
000257.png,11,11,0.00896397712568352,602.448823920917,191.04637520233,561.497200719701,0
000257.png,12,12,0.00709604708435948,554.047252149106,433.801423161703,564.143380097102,512
000257.png,13,14,0.038579538339525,406.631729935639,0,288.485567236329,183.022390543789
000257.png,14,15,0.00300538464749343,75.3806920392807,68.8320075022793,63.4267139326663,2.46348789293521
000257.png,15,16,0.0069812580874066,525.688503000098,187.683716172673,638.535941736659,76.5441776445626
000257.png,16,17,0.00588554493467463,496.120560779742,309.90920327422,574.090323166337,413.4382156798
000257.png,17,18,0.0185018992361314,639.170618754467,285.073410545775,447.382035459596,358.122978494384
000257.png,18,19,0.0140773051717661,615.948413384179,0,448.998453438859,182.911325535131
000257.png,19,20,0.0148077806069207,408.895417647363,264.916658724283,392.11195415382,405.967709731582
000257.png,20,21,0.0121467629502859,458.548677770068,0,331.197794193022,179.430634469798
000257.png,21,22,0.00771173352256126,534.980476646073,436.050371944467,538.666679386825,510.658764002704
000257.png,22,23,0.0140042576282506,563.097269678579,0,409.311760192982,183.422965881825
000257.png,23,24,0.0119171849563802,575.130023651374,276.036876766758,570.761770044746,409.894324821766
000257.png,24,25,0.00508202195600451,632.787710817746,270.050288512455,542.926128052495,348.774199197547
000257.png,25,26,0.00585423884459657,635.953900023909,337.920762676594,513.510165808969,409.158065719304
000257.png,26,27,0.0144947197061402,449.530000800007,256.109584914678,259.438187517936,405.284087079964
000257.png,27,28,0.0138164210877823,300.07225309261,0,205.104025035546,183.536390824865
000257.png,28,29,0.00761781525232709,285.855353458706,270.630183024092,303.365474704144,385.792383024751
000257.png,29,30,0.013096381015987,381.094882875103,262.563346218992,390.53179283332,411.737665033801
000257.png,30,31,0.0122406812205201,274.239080652083,184.907131556325,388.99684586567,0
000257.png,31,32,0.0829924447969278,522.922182590204,481.691392437269,581.80081114675,268.423444547565
000257.png,32,33,0.012386776307551,79.3254527761889,181.785640487848,137.093804398991,0
000257.png,33,34,0.0111971448845849,546.040924771394,0,397.345332406642,181.463549645167
000257.png,34,35,0.000375673080936678,461.511923470407,106.154040407694,467.470244454577,98.1231178142154
000257.png,35,36,0.00320365655132112,447.92629663886,273.938262338735,451.142366286829,374.283886489112
000257.png,36,37,0.00522811704303544,284.213233744782,430.369576026171,287.235654496536,510.406492188713
000257.png,37,38,0.00413240389030346,449.642129721916,443.85855386544,254.915127579327,500.254064331751
000257.png,38,39,0.0123972116709104,246.412714024197,0,163.596311379751,183.818124358334
000257.png,39,40,0.000521768167967609,219.806057018684,57.9837213163212,225.118194519661,44.5006861340456
000257.png,40,41,0.00150269232374671,637.958159667984,484.223092967898,598.230258597014,476.772259412935
000257.png,41,42,0.011082355887632,638.818105734817,28.787516308639,486.770201785675,186.741403514666
000257.png,42,43,0.00158617523062153,546.81313936854,91.1722067034209,534.267202766281,139.471886838256
000257.png,43,44,0.0149225696038736,512.336787803988,0,372.256628270483,180.648135563452
000257.png,44,45,0.00183662395124598,321.47023163414,433.125574823156,316.143596698257,509.451718767188
000257.png,45,46,0.000563509621405017,622.346515479931,271.031311254619,640,284.985005378162
000257.png,46,47,0.00332888091163334,619.456560611966,271.492604200272,615.146295249124,344.068078600226
000257.png,47,48,0.00422632216053763,622.813751917853,294.633578622167,507.651734943027,403.632041541424
000257.png,48,49,0.0035793296322578,550.330491075362,331.624074426238,501.779640566171,261.387339210143
000257.png,49,51,0.00646992528279835,416.145623521271,261.781677592277,261.222749953329,403.338206985134
000257.png,50,52,0.00544725967358183,315.025406654584,402.386458619155,304.605880611504,268.263677169378
000257.png,51,53,0.000417414534374087,376.806445980472,291.7276203004,376.571327230424,311.748346654985
000257.png,52,54,0.0018992361314021,583.260126503508,193.198040735639,638.346871937103,142.37597935975
000257.png,53,55,0.00736736653170263,254.214160408521,433.995106743012,255.956006322333,510.229490794259
000257.png,54,56,0.00677255082021956,261.142889328127,432.203601531432,264.424317521039,510.485232237703
000257.png,55,57,0.0244083148975247,225.316702452707,241.286692868659,240.163884678999,410.717642303217
000257.png,56,58,0.0019409775848395,282.200646889153,266.072732838264,286.720487706354,377.890033373019
000257.png,57,59,0.0129920273823935,337.669044065632,0,233.195839490445,185.547213759108
000257.png,58,60,0.0154652084985599,116.052681962689,0,56.2646552240014,214.732525235827
000257.png,59,62,0.00160704595734023,554.16454205092,346.308746387733,536.193079811837,408.317017305227
000257.png,60,63,0.0100909963684936,596.980804744866,0,436.631632265886,182.554801682631
000257.png,61,64,0.00346454063530492,320.617141209497,0,233.979799435578,163.874597431459
000257.png,62,65,0.00620904119881454,637.450828271153,63.4510476186974,513.475202492313,187.476210934853
000257.png,63,66,0.00519681095295738,472.239964904473,435.805990811122,533.842047728216,512
000257.png,64,67,0.00713778853779689,492.326852147808,422.102839762381,497.385636446964,504.406550787011
000257.png,65,69,0.0141607880786409,173.710692971938,245.402271090093,194.378777402066,413.101524139013
000257.png,66,70,0.00520724631631673,614.053421374169,436.266412982981,619.089623347704,510.87151233548
000257.png,67,71,0.00422632216053763,61.1639516166504,97.507308930463,83.5942315108437,0
000257.png,68,72,0.000657427891639187,77.982898293258,29.8328846300672,77.4818208895463,47.874514806253
000257.png,69,73,0.0028592895604625,547.264595723763,463.797666823965,554.068599217389,512
000257.png,70,74,0.00341236381850816,541.454483288451,115.486662577041,470.718204303484,186.727278579578
000257.png,71,75,0.000584380348123722,525.058107644418,128.754332164252,478.472239283564,163.979511805244
000257.png,72,76,0.00277580665358768,527.667259904259,273.243521512155,519.770324748238,401.985911939618
000257.png,73,77,0.00271319447343156,638.279034736623,486.517942608631,410.636645996856,511.744940939959
000257.png,74,78,0.0107901657135701,216.480113785589,0,143.985014347358,179.13766361547
000257.png,75,79,0.00162791668405894,214.761732447502,0.0705904116212107,215.025376891816,42.0438093784304
000257.png,76,80,0.0033601870017114,477.130784893328,430.48765326801,482.41795860184,504.964204319009
000257.png,77,81,0.0105084109028676,495.987249345528,0,358.030499872338,182.02311609282
000257.png,78,82,0.0308886755436824,437.104623141264,0,311.260483950197,187.503669656835
000257.png,79,83,0.00101223024585716,333.740722064567,269.739341316168,298.650685872679,304.643500288923
000257.png,80,84,0.00169052886421505,296.250265600026,268.313960010992,303.927517488068,360.006068859235
000257.png,81,85,0.00118963142296615,404.098172848551,466.154138500153,334.362753361467,510.569549115538
000257.png,82,86,0.00374629544600743,73.1315535026968,443.909315245861,71.0410831911619,510.032913416136
000257.png,83,87,0.010518846266227,65.4270949135153,199.994079869992,65.1060287461745,447.996253435018
000257.png,84,88,0.00195141294819886,571.990403581816,436.368488779916,585.858542995533,512
000257.png,85,89,0.0018992361314021,473.964548959305,441.280950492258,635.967245294918,443.031407926472
000257.png,86,90,0.0012000667863255,597.706507059002,191.535111972343,638.021649905469,154.023267825175
000257.png,87,91,0.000198271903827691,621.98242685625,168.500186332917,632.95657237736,153.73759164204
000257.png,88,92,0.00106440706265392,486.788503479386,317.623364994572,510.362127445612,377.030804508209
000257.png,89,93,0.00100179488249781,484.619000166355,408.127183398091,476.863966161516,323.920432899715
000257.png,90,94,0.00128354969320032,229.29156631643,35.5161017253523,272.736791459279,44.2695631680451
000257.png,91,95,0.0122719873105982,282.490297643428,0,189.79193174741,186.904874367269
000257.png,92,96,0.00154443377718412,593.628133085607,270.988093017475,598.405849584702,301.797918761145
000257.png,93,97,0.000584380348123722,598.855091562917,274.065876933781,599.113403065754,302.08193551575
000257.png,94,98,0.00134616187335643,248.611103802433,30.9166590697548,234.232907302502,102.438565316584
000257.png,95,99,0.000761781525232709,233.195339306152,26.2835971955935,250.546287259764,62.789780420287
000257.png,96,100,0.00537421213006637,639.253840081809,11.1778688027998,547.160382656246,109.211255813364
000257.png,97,101,0.000740910798514004,552.729712655734,462.784525144374,542.152760044981,493.278120750266
000257.png,98,102,0.000459155987811496,552.08834261405,287.876423328391,535.822505445488,276.248285456696
000257.png,99,103,0.000709604708435948,419.84886395568,428.778005330605,413.194138420845,449.744217622444
000257.png,100,104,0.000845264432107526,379.898741327623,123.042088455408,327.846137300218,128.544452016377
000257.png,101,105,0.00118963142296615,316.239802223711,79.2652186453498,331.889653480576,164.38798795431
000257.png,102,106,0.0036210710856952,637.835645829165,117.826292547138,556.626787690097,194.662457743412
000257.png,103,107,0.000907876612263639,604.84186390326,131.436365442063,602.15653897212,165.539883493585
000257.png,104,108,0.000521768167967609,520.511560231044,310.398917918523,507.093212857776,322.873232692953
000257.png,105,109,0.000918311975622991,610.906173195472,479.79953219096,610.44369698504,510.006793045593
000257.png,106,110,0.000469591351170848,561.700228861732,455.82548064295,569.735095190396,442.024025802139
000257.png,107,111,0.000761781525232709,539.900108034134,452.595921177669,561.198011715693,439.457771573932
000257.png,108,112,0.000907876612263639,605.336360998315,434.357073037686,596.221711052956,482.421313606288
000257.png,109,113,0.000406979171014735,592.777722599285,444.973956335843,610.293872116678,458.250881878107
000257.png,110,114,0.00169052886421505,569.84039009044,274.356265008298,551.364791688878,336.01170096078
000257.png,111,115,0.00101223024585716,559.970910048015,317.540290412582,518.567496564801,262.10707155759
000257.png,112,116,0.00158617523062153,353.374289162952,436.578537343663,377.909526304604,460.299533715896
000257.png,113,117,0.00109571315273198,350.5666272752,436.611128514267,344.963304712058,474.669531165913
000257.png,114,118,0.00324539800475853,637.670241042402,105.652475767995,546.317851039062,192.334974792031
000257.png,115,119,0.000521768167967609,530.269742986514,495.870521386243,500.690794560802,475.266075959893
000257.png,116,120,0.00251492256960387,435.162810176023,462.631096374996,260.98490591695,505.915198634566
000257.png,117,121,0.000876570522185583,514.793173005882,504.778791470826,495.186911292029,474.396632990152
000257.png,118,122,0.0011791960596068,460.519366530549,501.967719453347,460.9589971008,481.802889424089
000257.png,119,123,0.00151312768710606,276.028145871013,508.673564875791,320.924642867681,441.931255836917
000257.png,120,124,0.00104353633593522,565.275030593874,462.043705857677,566.85128821554,488.189824767713
000257.png,121,125,0.00220186166882331,543.50986222136,364.10746967775,546.62670300941,409.200837361774
000257.png,122,126,0.0107692949868514,487.344885706745,271.915412819604,472.29245492699,397.310903294146
000257.png,123,127,0.00057394498476437,523.447194971932,312.997363912511,500.396069228871,279.725597925842
000257.png,124,128,0.00103310097257587,63.3463605476246,22.0046009293995,63.6423777673903,64.0588288079927
000257.png,125,129,0.000313060900780565,67.109605585851,54.5228796156445,65.1389873774618,36.0920592310173
000257.png,126,130,0.00205576658179238,403.227420372942,506.254863143514,401.5182478831,434.011397535517
000257.png,127,131,0.000553074258045665,364.352899169337,434.877201274868,366.735941773606,444.785071806451
000257.png,128,132,0.00124180823976291,625.95076318879,0,570.247453500785,62.4364478809799
000257.png,129,133,0.000605251074842426,496.964398738241,437.513218497585,514.522805198722,472.736367627063
000257.png,130,134,0.000229577993905748,496.985446608667,436.115903623975,497.403402331306,454.19869702163
000257.png,131,135,0.00347497599866427,271.01788115169,172.220227148651,373.80147239121,0
000257.png,132,137,0.000772216888592061,329.585328134064,482.210133493972,290.399146758208,466.973461078864
000257.png,133,138,0.00109571315273198,407.094023213134,460.007510655999,282.058599914417,431.740788301787
000257.png,134,139,0.000406979171014735,503.584053028902,312.447895538711,499.508056523748,290.461984629251
000257.png,135,140,0.000448720624452143,345.926527303997,490.055617094521,346.468356568597,510.255668818155
000257.png,136,141,0.000751346161873356,378.859551594296,468.956728570977,370.666968363852,509.323549931137
000257.png,137,142,0.000417414534374087,548.183166758276,308.994642193426,543.516051855502,272.316066564861
000257.png,138,143,0.000532203531326961,305.787283749512,458.516605436986,299.371629931632,437.579694313282
000257.png,139,145,0.000260884083983804,602.500894991184,502.897474697503,598.233041504897,508.700480328024
000257.png,140,146,0.000271319447343157,602.044347708042,509.563785946384,595.906186111482,494.037087395355
000257.png,141,147,0.000292190174061861,573.520203650913,509.911309027196,577.266244585728,489.646148918625
000257.png,142,148,0.000699169345076596,293.892548522849,474.435328133683,290.284654983547,440.393770741054
000257.png,143,149,0.0012209375130442,282.985597391429,494.28662411866,251.49321609053,442.754174472437
000257.png,144,150,0.000406979171014735,631.411451086324,512,622.219921491277,490.770710889531
000257.png,145,151,0.000375673080936678,439.420873622898,472.029581451251,441.061571392275,504.150093288878
000257.png,146,152,0.000521768167967609,269.053359656363,506.006566676911,269.302788935078,465.995653564503
000257.png,147,153,0.00250448720624452,85.3688567482322,280.232696371007,124.84612824469,437.847766324561
000257.png,148,154,0.00484200859873941,230.724510012736,0,151.946283817108,185.126065160749
000257.png,149,155,0.0207872438118295,557.454017775205,478.016114873179,602.054455152735,333.435262120266
000257.png,150,156,0.00226447384897942,105.953697571018,168.040022277197,161.193448414076,0
000257.png,151,157,0.000605251074842426,420.662694592303,474.544523984548,433.546004932959,506.184857700753
000257.png,152,158,0.000125224360312226,627.651918176641,444.889680492001,619.358691147716,451.150508549545
000257.png,153,159,8.34829068748174e-05,623.397789085692,436.860864630744,616.229286192147,440.650537744451
000257.png,154,160,0.001659222774137,582.182300614567,410.085784306258,580.832752933512,350.026228225358
000257.png,155,161,0.000219142630546396,457.838607464434,397.625795948007,468.45210250531,393.048242961237
000257.png,156,162,0.000396543807655383,620.640727728143,191.982340288834,638.133274767768,180.197828746314
000257.png,157,163,0.00116876069624744,268.767234577133,0,247.894669149761,49.7612789768752
000257.png,158,164,0.00175314104437117,525.466450646901,4.44089209850063e-16,468.798926152373,74.0181098910511
000257.png,159,165,0.0033393162749927,625.877831514442,346.560435828785,630.15456132695,408.541341260371
000257.png,160,166,0.00323496264139917,535.741774565101,310.129532163502,530.659527476117,407.636775729995
000257.png,161,167,0.0002400133572651,600.680972554815,364.640542303143,601.630598602378,372.526183867903
000258.png,1,2,0.00574118727752899,541.237542557987,286.947646376223,486.687730617771,119.12636111968
000258.png,2,3,0.00696597389673518,537.630134654167,251.196720648485,507.122004857687,113.326104406264
000258.png,3,4,0.0224863168369886,348.096160164036,329.902614656349,346.642166381347,0
000258.png,4,5,0.0307536265166303,329.803732755332,445.524883142456,393.120977676113,305.346942996228
000258.png,5,6,0.0258544800398056,371.441058777679,482.062556303335,367.541072100055,197.841637175849
000258.png,6,8,0.0034064377846672,269.064571255534,375.415108871147,204.662708738369,478.414368774082
000258.png,7,9,0.0687602862938722,114.275756722535,348.422158550948,128.517900024502,94.9977545485
000258.png,8,10,0.00792283844299001,0,289.668373130585,67.9630625183511,320.08253996856
000258.png,9,11,0.00120564932828109,601.357467290305,274.36662659406,561.543192004895,297.203594843636
000258.png,10,13,0.0110996287365561,314.018409158507,258.85935886603,272.577253731839,66.8537469731246
000258.png,11,14,0.023558005128794,332.82134792931,202.705254999485,111.379489980335,241.360080616554
000258.png,12,15,0.0117311593370842,353.859498638988,431.122897438293,6.44446406820913,486.774639120961
000258.png,13,16,0.138534849006775,227.246814090236,512,437.765151351767,309.984879091967
000258.png,14,17,0.0139510850843955,66.4621824189962,349.590554094444,25.0932309290752,100.820438998076
000258.png,15,18,0.00866919278906878,202.446541736973,340.290687513079,206.84659643456,235.060057104362
000258.png,16,19,0.00204769012898534,362.140014551376,413.711848681579,234.178144433892,424.178033006501
000258.png,17,20,0.00166494431048341,252.447526842505,350.691403351088,194.389963650867,360.345221285209
000258.png,18,21,0.0265625598040341,630.107019070358,508.180222481837,538.60873084016,0
000258.png,19,23,0.00216251387453592,49.008148389669,197.974946668377,0,222.992070761312
000258.png,20,24,0.00288973092968959,264.681885358341,392.723110346047,290.410296998508,510.782297075281
000258.png,21,25,0.0155203429402534,11.3822791182012,512,298.42087485217,464.686953626453
000258.png,22,26,0.00267922072951353,15.8944281651581,469.444402504955,285.288489222815,418.255501231993
000258.png,23,27,0.000803766218854059,477.803409938289,176.650144370538,495.539062188254,200.345012793157
000258.png,24,28,0.000822903509779156,301.439267349293,420.341503355461,233.739826781596,443.230477466974
000258.png,25,29,0.00618134496880622,0,128.222906617356,40.741777115779,139.262448080762
000258.png,26,30,0.00556895165920312,2.54704128157573,133.982394458418,6.53569890362778,257.918393082951
000258.png,27,31,0.000918589964404639,0,188,0,248
000258.png,28,32,0.0521682550618134,61.8958105773551,422.82226041278,200.135007711499,286.621698638025
000258.png,29,33,0.00520534313162629,33.6326340229467,468.720451238254,57.2186081143297,388.216617494689
000258.png,30,34,0.0133961036475677,110.608070637183,398.669165729909,137.356788600417,337.878641759341
000258.png,31,35,0.000688942473303479,20.5002547296075,151.657195956509,8.84837505502218,169.23669049412
000258.png,32,36,0.0011482374555058,9.34692097652646,164.513036566378,19.0697591630321,101.083696027352
000258.png,33,37,0.00451640065832281,159.970909238443,398.004397535827,144.270901731169,294.14505612416
000258.png,34,38,0.000899452673479542,268.129688771832,243.26814568732,171.908810470402,253.108314412614
000258.png,35,39,0.0247636544570751,485.038285153744,512,514.477379127727,486.27610368427
000258.png,36,40,0.0255291460940789,609.739298528376,501.028094078109,577.518179262334,343.945622776533
000258.png,37,41,0.0126880238833391,125.762334792061,237.224530907154,293.858288402834,200.507522003771
000258.png,38,42,0.000688942473303479,126.633730945518,224.652985598636,134.333511823648,221.833199497517
000258.png,39,43,0.000765491637003866,360.854395509841,442.449556115612,306.751896716255,412.635557359583
000258.png,40,44,0.00118651203735599,142.372680693373,299.615071197824,138.229317029261,231.019701148574
000258.png,41,45,0.00040188310942703,134.987931787069,247.306466443606,132.58098882928,236.936699462711
000258.png,42,46,0.000535844145902706,183.246001676379,226.757125316532,205.015130862999,283.611312446568
000258.png,43,47,0.00755922991541317,61.713911140834,496.067085219623,205.645744901471,366.208275143716
000261.png,1,1,0.0118162593472716,505.548563876685,0,523.029709925959,93.3108562906807
000261.png,2,2,0.00114456386666376,475.383445291511,192.640189710727,433.537257125069,175.409481128353
000261.png,3,3,0.00136257603174257,486.913987517762,194.875390594184,420.131388996131,169.652126757443
000261.png,4,4,0.0283851838932612,452.504395366267,4.44089209850063e-16,502.589248035726,382.254093018355
000261.png,5,5,0.0986941071311779,637.768000638835,456.768229688694,0,502.551733609764
000261.png,6,6,0.120953149185725,475.751568186405,230.835694671658,0,403.160741650261
000261.png,7,7,0.0974732390067366,560.629472388896,174.514871003864,0,366.840223417812
000261.png,8,11,0.0131134317294905,0,337.40291067989,174.118488489765,280.68546860985
000261.png,9,12,0.0257908391288234,265.97467023202,509.567491997042,637.870423595011,487.787471555383
000261.png,10,13,0.00256164293967603,0,6.03798888935198,10.6367848318962,0
000261.png,11,15,0.00339008916697552,175.565645411183,334.83962846227,0,400.558013689176
000261.png,12,16,0.0116418496152085,0,385.920894765953,266.600692776065,293.025041242682
000261.png,13,17,0.00057773223745885,0,394.702908860049,47.1524218682233,370.358345513651
000261.png,14,18,0.0173428677320194,455.324433204775,252.24983266394,107.006547107988,386.700975238501
000266.png,1,1,0.00892058560466977,324.669959949064,507.028763524205,330.757083692085,432.061472971526
000266.png,2,2,0.0601374570446735,431.10660247375,282.03520239652,639.359930092976,301.296175724068
000266.png,3,3,0.00282445982205903,465.662479267554,285.194408793152,412.336301447958,303.510384943762
000266.png,4,4,0.0523466553688274,639.205617143505,22.2766346598353,465.059104738961,10.4304634160038
000266.png,5,5,0.0232782563668032,357.96854487176,420.432517225281,515.953686354271,419.913107574652
000266.png,6,6,0.0119568799133832,436.027939225267,511.46664262551,447.644341312239,416.200504925594
000266.png,7,7,0.0151814715435673,121.1835568786,469.388932804465,0.370745137111982,417.142698736982
000266.png,8,8,0.0316810243374288,639.621865364373,224.057774995071,527.632992515663,213.934678555325
000266.png,9,9,0.0120510285741185,71.2437857956213,239.398699767448,7.57125177749676,222.187261830256
000266.png,10,10,0.0529586216636068,453.530680233216,98.3946018122232,639.515877188847,114.564861729912
000266.png,11,11,0.0467212728898931,561.79964809361,437.358932698585,334.679147933423,454.588340356181
000266.png,12,12,0.00852045379654474,336.224985668889,480.007798903026,293.340718313956,434.622957159268
000266.png,13,13,0.0221720096031634,638.854811285708,295.13889423567,519.387768955798,283.614172742694
000266.png,14,14,0.0239608341571341,477.075699576637,0.222764207180846,451.259191380537,356.670617001312
000266.png,15,15,0.0556418584945629,639.695415520925,205.963346518877,463.602358371864,191.063108687302
000266.png,16,16,0.00376594642941204,630.85514839857,210.012583322704,629.147737224298,326.046318268674
000266.png,17,17,0.00823800781433884,124.396830137257,416.053820130157,60.2408528494103,327.995991322965
000266.png,18,18,0.0131572753377583,255.043748386831,469.352827941619,212.242341807675,375.821549238085
000266.png,19,19,0.00597843995669162,112.237112038617,430.143033656357,24.3234620464113,424.738427311709
000266.png,20,20,0.00569599397448571,227.38802250227,471.635709636876,159.248798416103,478.187841842393
000266.png,21,21,0.00870875111801535,532.098585688425,500.551389208983,447.178292339135,481.690149581127
000266.png,22,22,0.00120039542437509,10,110,6,112
000266.png,23,23,0.011721508261545,35.6119175859718,423.137836594938,243.438595109348,377.446456779365
000266.png,24,24,0.0400131808125029,597.839310291948,415.223938952325,346.513740112817,429.771685491227
000266.png,25,25,0.00539001082709598,387.987691168727,411.566310134916,331.692458249883,413.16406138361
000266.png,26,26,0.0067080920773902,90.659122418228,409.713510545359,0,383.579359836099
000266.png,27,27,0.00305983147389728,8.88178419700125e-16,378.487106114265,68.9436647628388,430.097817079035
000266.png,28,28,0.019394624111472,604.724996246385,389.28546378006,306.63310437274,406.017845079019
000266.png,29,29,0.00115332109400744,313.380290199778,267.070767008749,293.997956307705,279.996935555475
000266.png,30,30,0.00503695334933861,59.2022370756152,408.526521479475,1.8435704189707,388.673594433866
000266.png,31,31,0.00378948359459587,381.821244154856,149.480777862657,365.677415959632,86.543700600159
000266.png,32,32,0.00649625759073577,18.7481170893021,489.538446626878,162.508482130785,502.24882982832
000266.png,33,33,0.00656686908628725,637.970027309127,390.488977804515,585.71288433397,391.525552380972
000266.png,34,34,0.00110624676363979,184.391033834262,399.840233604773,168.590134088023,383.591498290483
000266.png,35,35,0.00602551428705927,152.734125085742,443.019781447407,67.4345065197094,479.251569631047
000266.png,36,36,0.0042837640634562,38.6519111614349,461.722219973495,0.883585024073305,450.912750634422
000266.png,37,37,0.00089441227698536,554.612834404032,286.60708628301,526.754764928202,314.728926427474
000266.png,38,38,0.00162406439768394,542.36975695858,286.408163640953,516.706874663604,312.690221495952
000266.png,39,39,0.0198889045803323,303.847334609364,496.300925609261,239.204403268009,430.958386771819
000266.png,40,40,0.00167113872805159,413.32019257993,306.636949614391,449.711995770171,277.638566290649
000266.png,41,41,0.00562538247893424,23.6403760134895,356.660810454055,165.354387631689,390.293114633167
000266.png,42,42,0.00748481852845643,252.04881879891,296.762571352895,174.56393786606,293.705652612811
000266.png,43,43,0.00666101774702255,0,324.826865839351,134.038925289893,310.846651704209
000266.png,44,44,0.00131808125029421,114.945744769432,350.711152790717,74.6728993595516,363.620800220791
000266.png,45,45,0.00169467589323542,207.885773156884,220.952725658461,195.763641056855,270.39387915334
000266.png,46,46,0.00310690580426493,449.929487763918,320.943246055047,424.018534898733,307.047786435481
000266.png,47,47,0.00193004754507367,416.451342489414,323.417856207579,464.831501138811,360.927525686807
000266.png,48,48,0.0105211128371699,303.961333756012,61.4279609959512,217.747460321532,23.3806597519037
000266.png,49,49,0.00788495033658146,423.691656668335,204.959969566475,440.476689207188,0.531783023295191
000266.png,50,50,0.00160052723250012,52.3670732916813,227.571596584634,58.5156764320551,261.544701729669
000266.png,51,51,0.00362472343830909,528.267245689053,296.5299690398,535.558919507701,210.300948334851
000266.png,52,52,0.00115332109400744,532.740068495675,293.256832769668,542.019590725461,245.560236499675
000266.png,53,53,0.0047545073671327,514.560985395675,474.653956642002,347.971899137468,509.867058088608
000266.png,54,54,0.00828508214470649,447.940789569807,379.630117765562,375.536264649348,381.439111902978
000266.png,55,55,0.0117921197570965,371.1536731326,359.985838993735,443.528449968606,374.238623706987
000266.png,56,56,0.00216541919691192,87.8610142737995,379.990588324838,30.888564910151,383.931222962381
000266.png,57,57,0.000659040625147107,55.7966443042404,386.837298074845,49.9265770432683,397.961255001493
000266.png,58,58,0.00953255189944923,164.245645887339,469.323679065746,39.1285108725739,423.880002705337
000266.png,59,59,0.0023301793531987,464.282168957239,507.42545241248,446.260242994403,491.450187406154
000266.png,60,60,0.000400131808125029,450.746044143143,496.598448492499,442.732887125166,506.587894428578
000266.png,61,61,0.00138869274584569,291.214418991429,277.265531050223,309.652176243999,257.544681118225
000266.png,62,62,0.00487219319305183,192.10824596744,395.336480811234,181.661742629087,299.167729446246
000266.png,63,63,0.00280092265687521,180.348293854376,460.210187794458,120.933414753133,448.648171854817
000266.png,64,64,0.000988560937720661,196.121807519726,276.52335001298,209.451585452582,259.568832085725
000266.png,65,65,0.00244786517911783,388.653553257127,392.20560995912,406.666002185117,334.951113552032
000266.png,66,66,0.00407192957680177,436.593716591163,343.439726465523,365.160211586939,358.752464935132
000266.png,67,67,0.00454267288047828,239.174037611351,413.521322644632,251.744824112337,304.663405652037
000266.png,68,68,0.00374240926422822,640,304.317008749917,636.388165471586,210.061765047494
000266.png,69,69,0.00522525067080921,378.2275070245,337.000003059442,508.089147162018,338.554973591111
000266.png,70,70,0.000965023772536836,63.1372500734054,369.683075055772,8.96684562745853,389.854428718211
000266.png,71,71,0.013745704467354,370.321424928814,149.778852418978,136.459079317655,131.971091295362
000266.png,72,72,0.00207127053617662,297.362693721931,43.7572582144975,215.704884597064,66.961460653244
000266.png,73,73,0.000564891964411806,308.869756753223,246.150540570588,289.534993694981,257.966417700457
000266.png,74,74,0.00235371651838253,278.165966392122,137.04404098657,292.823586325951,50.4780985924896
000266.png,75,75,0.00157699006731629,246.361851999712,454.880345224712,172.508315657404,485.236674833907
000266.png,76,76,0.000847337946617709,196.255197332137,477.490203507215,217.849749582753,488.300148654026
000266.png,77,77,0.00258908817022078,405.265305850931,470.428083098531,437.296521960524,495.132698660152
000266.png,78,78,0.00167113872805159,17.6441300607877,249.606028611944,62.8724828350017,208.751764468966
000270.png,1,1,0.00213838802502706,218.531919730711,65.9108461659857,198.736869275506,128.234043903667
000270.png,2,2,0.0100715435993558,85.5507105308431,341.1639680383,462.357546726764,138.665318267834
000270.png,3,3,0.0217534781805222,215.248901424205,436.013762657485,210.112024468492,155.6681266652
000270.png,4,4,0.00901554951292273,219.913889579867,355.996134655052,229.582207743818,140.609681360305
000270.png,5,5,0.107209799625122,0,364.591229473528,638.092853796288,377.359723366196
000270.png,6,6,0.0016103909818105,219.385715912543,158.466556618574,217.468700082951,246.337469385358
000270.png,7,8,0.00432957575437578,144.437445105027,205.158550296561,198.211964586784,209.129788281364
000270.png,8,9,0.0349534042609361,106.521099704243,127.160393009889,639.349799148612,76.0799943591662
000270.png,9,10,0.0589112700968875,1.26093726950758,179.321783742908,640,108.183709745363
000270.png,10,12,0.0095567464822197,199.730102418683,99.82781607246,0.43472724401505,112.720186270273
000270.png,11,13,0.00242878639879617,626.737866251197,262.493708619123,602.784265869262,201.257898109975
000270.png,12,14,0.00813115446553499,559.713650617874,263.730169716042,639.609040722075,259.67110965883
000270.png,13,15,0.00225718735975079,549.372801778465,245.688646866877,632.754495606262,271.166815995447
000270.png,14,16,0.0123947305895087,587.92087172199,239.281784527013,640,113.584289433212
000270.png,15,17,0.00603236621874917,538.56027819104,435.486123655175,633.603192282859,440.126793205548
000270.png,16,18,0.00199318883814251,599.907073542047,342.107457253987,598.01646746867,446.036682132937
000270.png,17,20,0.113862562369651,0,484.086983387955,637.134725479076,491.225748087618
000270.png,18,21,0.00261358536392196,511.505023449082,105.851467664102,544.91872744965,162.199136368631
000270.png,19,22,0.019641490007656,583.261377259399,91.1723456954753,473.815086552236,314.803555010949
000270.png,20,23,0.00440877531085826,558.031782189041,184.914963295226,616.467911903277,110.293136921336
000270.png,21,24,0.00101639430819187,496.020156175003,201.005634447198,535.384062997881,226.93506439624
000270.png,22,25,0.0112595369465931,494.449825934375,321.313189721846,563.930870328199,191.692570803068
000270.png,23,27,0.00273238469864569,497.830063209423,220.61698321324,398.414240796923,193.234705331508
000270.png,24,29,0.00182158979909713,395.569199198325,497.401267594784,430.880719201405,495.379068852014
000270.png,25,31,0.00184798965125795,353.277293567499,507.619450575108,331.234005900751,433.632347451054
000270.png,26,32,0.000950394677789804,346.07819381081,501.599947098589,282.015873177384,499.512794362616
000270.png,27,33,0.00149159164708678,213.772814577924,430.325799026751,271.482720007718,379.993185063477
000270.png,28,35,0.00105599408643312,639.365994185679,440.075892782715,636.584301431725,490.143580279539
000270.png,29,36,0.0033131814461839,503.005340010661,333.08100925391,556.988649036998,280.423524269457
000270.png,30,37,0.00285118403336941,638.130578569125,12.5450920772157,509.295492708471,43.4079533587396
000270.png,31,38,0.00307558277673645,64.3953364528273,91.3273956835713,16.0967860370307,206.555504306229
000270.png,32,39,0.00126719290371974,350.008497470061,18.0072979784933,364.848240143819,0.728503693740535
000270.png,33,40,0.00153119142532802,596.762691948703,1.42237844729464,566.505321116218,66.2359027466594
000270.png,34,41,0.00772195675704216,472.083197460892,83.4921822515999,640,36.8030007896908
000270.png,35,42,0.00112199371683519,196.06689212829,114.173028830723,117.05153608491,144.719992081067
000270.png,36,43,0.00246838617703741,350.397346624968,145.083770081447,333.021378859125,185.305257103878
000270.png,37,44,0.00125399297763933,329.279393043331,130.320425816353,315.373652337961,185.843130332797
000270.png,38,45,0.00760315742231843,530.606177138144,161.779787504414,218.475298440018,186.100066518247
000270.png,39,46,0.000554396895377386,634.140820294834,188.227632755702,578.428610383662,222.692838790533
000270.png,40,47,0.000712796008342353,249.204126323019,185.415087442943,238.67928095697,235.723698120207
000270.png,41,48,0.000607196599699042,453.980967913618,186.51007822718,381.99271438715,187.429647754002
000270.png,42,49,0.000831595343066079,253.850720694828,505.74984039945,327.114605192648,512
000270.png,43,50,0.000263998521608279,303.926453557641,505.413087790596,289.964275013184,504.686403598461
000270.png,44,51,0.000224398743367037,301.852656444086,497.912808121817,285.793883103896,496.675801262335
000270.png,45,52,0.0077615565352834,0,448.309082074228,94.657055554649,462.947148515997
000270.png,46,53,0.000409197708492832,30.4235986256355,245.562398908475,45.1193794904025,239.159284911702
000270.png,47,54,0.00926634810845059,127.740969688937,416.228152539226,537.91823546557,420.279080052556
000270.png,48,55,0.0206446843897674,273.558520178526,471.02789400107,580.015179857424,390.337367225437
000274.png,1,1,0.265064817892588,162.507606288726,0.300096280519253,204.422862062367,505.964948381468
000274.png,2,2,0.0090697563986894,149.317221012086,108.194400236829,177.491125332652,47.6238693919512
000274.png,3,3,0.198774870601643,589.820515575011,496.525860195766,561.515733196234,269.561551929546
000274.png,4,4,0.0280165250011871,584.537855189825,487.395837746825,555.862853986988,272.018259384835
000274.png,5,5,0.0132010066954746,638.060651231782,276.572141232274,553.316847257861,285.555615603602
000274.png,6,6,0.0400778764423762,157.469552450178,97.4428435010294,169.838370386066,263.266152552454
000274.png,7,7,0.0254523006790446,157.027288507443,82.3479518913382,147.97423957537,0
000274.png,8,8,0.0419773018661855,0,420.97727892184,202.187239908029,399.786509980335
000274.png,9,9,0.0148155183057125,1.81609513106835,372.310421079302,202.056054726844,350.514988458058
000274.png,10,10,0.00370387957642813,145.63239738125,348.34423048768,76.5949777518854,363.671446056416
000274.png,11,11,0.0170948288142837,563.54354400973,480.758951111182,638.023714216979,474.272287741193
000274.png,12,12,0.014103233771784,193.598121409709,484.922933684715,89.4590605078881,493.166130915253
000274.png,13,13,0.0252623581366637,209.643354992866,501.409387927839,189.718847326901,243.558097161094
000274.png,14,14,0.00935467021226079,630.021878218843,258.189788060601,553.425868651135,267.019554561916
000274.png,15,15,0.00389382211880906,175.338487886062,0,130.765747420041,16.1176455851288
000274.png,16,16,0.00693290279690394,85.3633443342176,463.504583621938,140.039569547017,487.911356019179
000274.png,17,17,0.00517593427988034,143.655285021295,395.395055842172,202.373690996655,366.766455193541
000274.png,18,18,0.00284913813571395,638.08921817297,228.316629514057,609.016229160451,236.508661044047
000274.png,19,19,0.0211311078398784,18.7161191886662,496.335333120311,21.0431873150894,421.970059031863
000274.png,20,20,0.00275416686452348,19.039740524538,447.692769647924,11.5032027357519,496.843829122319
000274.png,21,21,0.00389382211880906,168.064407791262,0,172.132946095119,50.7055153934896
000274.png,22,22,0.0052709055510708,607.185782956483,470.761041970175,587.781833824885,500.994423400408
000274.png,23,23,0.00660050334773731,161.457763847214,36.7719559865347,135.679875421499,0
000274.png,24,24,0.00170948288142837,131.528769333384,0,132.724078379995,10.2895426223991
000274.png,25,25,0.00489102046630894,94.4259276451895,94.6735722060853,63.7089451080852,131.12542677116
000274.png,26,26,0.00660050334773731,137.274550674189,32.6758487649894,157.267562632431,79.8308414897979
000274.png,27,27,0.00242176741535685,189.392959736497,491.367218602254,171.98393157572,508.068058860335
000274.png,28,28,0.00546084809345173,198.014308504589,405.755997005739,189.954889243666,506.794063356598
000274.png,29,29,0.00916472766987986,169.935603527261,243.340420121282,0,259.931668297508
000274.png,30,30,0.0018994254238093,36.9314793151403,470.50277404896,19.6264259234307,465.893606809713
000274.png,31,31,0.002041882330595,8.13192635503888,475.81407233246,28.8628393186874,497.162103196728
000274.png,32,32,0.00413125029678522,139.753198284528,63.8140765039121,112.711526892544,42.1255718604371
000274.png,33,33,0.0124887221615461,182.010428605614,499.717421090615,178.673543015018,357.890041835182
000274.png,34,34,0.00251673868654732,19.3058310677982,26.1562118621652,0,37.8480842798783
000274.png,35,35,0.00237428177976162,56.3935727981615,329.124743378117,62.6710880694177,346.291925456666
000274.png,36,36,0.00565079063583266,65.9739702153119,41.4955638470734,0,44.8999356982211
000274.png,37,37,0.00360890830523767,101.85073299732,504.359826816146,129.212918486177,442.536824472176
000274.png,38,38,0.0124412365259509,176.240083638642,58.7587756646495,188.54709383897,199.952313047881
000274.png,39,39,0.00840495750035614,75.0656589865804,123.099061295802,61.3148441642168,69.6055650465524
000274.png,40,40,0.00275416686452348,33.3768717050948,483.853467255774,14.0471227914854,471.454595439201
000274.png,41,41,0.00137708343226174,159.025451505058,0.665970679117624,152.963546271049,0
000275.png,1,1,0.00657992289442467,139.958375194449,58.893550176705,0,64.1588048951013
000275.png,2,2,0.0256524317912218,581.826837065335,504.418905477524,529.195794701202,231.38396892197
000275.png,3,3,0.021797153024911,589.473120672497,430.916570497653,575.347794248624,333.484971417793
000275.png,4,4,0.00552342823250297,540.9324757122,504.767420148171,536.863019956522,446.078837992196
000275.png,5,5,0.0367178232502966,582.595288791043,431.184247390126,557.356654389028,227.13208677422
000275.png,6,6,0.141885379596679,437.311857183192,504.289654302714,407.536128963267,227.955385557094
000275.png,7,7,0.00144572953736655,428.134323678875,382.881369512712,429.076381664405,391.004067988584
000275.png,8,8,0.0134564056939502,390.021437872507,235.99766043547,419.277753898721,504.078820384811
000275.png,9,9,0.0735468564650059,58.7714667172185,502.173072971171,0,284.33786416543
000275.png,10,10,0.0288775207591934,578.172872708898,227.643884502239,607.493711309517,428.908292319497
000275.png,11,11,0.00448546856465006,566.301895533966,452.838001355475,573.396392820217,503.524614127313
000275.png,12,12,0.0168297746144721,533.492356664229,228.680984933403,545.774445254041,324.490602685842
000275.png,13,14,0.0684497330960854,46.1171051296704,443.053651808232,25.2749899474634,0
000275.png,14,15,0.00298413404507711,9.89488958772939,291.418922006366,28.9285067515614,222.464554238628
000275.png,15,16,0.0131042408066429,640,380.464763171838,633.409184788774,226.110626022853
000275.png,16,17,0.0137900355871886,616.783429275515,504.367655696498,630.019723423149,332.155236500657
000275.png,17,18,0.003929418742586,636.224999100391,440.13694336409,640,477.065175535493
000275.png,18,19,0.00385527876631079,545.671217841651,455.981161167697,623.073519742442,512
000275.png,19,20,0.0346789739027284,588.257032096751,223.623932039987,630.434019224278,427.910392381341
000275.png,20,21,0.0324918446026097,640,339.129346770723,621.847089144571,219.807992657083
000275.png,21,22,0.0230575326215896,565.141675239977,503.50573794006,548.953252853216,335.101934964688
000275.png,22,23,0.0388122775800712,498.855041229582,435.613260871578,466.120725277266,231.875195281055
000275.png,23,24,0.0443542408066429,487.354970958454,437.785349604035,457.466495363641,230.557754861808
000275.png,24,25,0.0210928232502966,466.716070240274,444.476708529902,438.90797006401,234.838923111892
000275.png,25,26,0.00213152431791222,638.232661708993,307.127780573229,598.065037126459,306.401762170985
000275.png,26,27,0.00135305456702254,638.29392035193,311.78016911879,596.391736251773,315.03819919901
000275.png,27,28,0.00279878410438909,639.214654599879,242.776020855909,598.256058661285,306.885827419202
000275.png,28,30,0.000722864768683274,629.448488093758,298.062387452763,596.629143973623,309.764478835168
000275.png,29,31,0.00722864768683274,471.300124266134,503.215584542733,463.67294732923,451.680412471736
000275.png,30,32,0.00448546856465006,640,334.47823507039,639.061089766596,328.335371805694
000275.png,31,33,0.00303973902728351,482.971274472589,505.950048688147,595.861535552006,449.722001944058
000275.png,32,34,0.0384230427046263,534.615102652519,503.669692734907,500.228420000854,231.424076252767
000275.png,33,35,0.00550489323843416,494.289403617148,502.796792668798,482.58518798293,448.291245746559
000275.png,34,36,0.0103239916963227,24.2940006387521,503.925669887738,0,407.834711751596
000275.png,35,37,0.00200177935943061,570.063558502175,448.993004761696,584.302175801915,505.437330279933
000275.png,36,38,0.00324362396204033,486.5776789378,502.795502472734,481.896323082921,461.684683973272
000275.png,37,39,0.0862062574139976,75.2683285589528,504.03273520489,52.7177492519376,0
000275.png,38,40,0.00226126927639383,640,451.168352606913,534.656154595207,487.500401148501
000275.png,39,41,0.000908214709371293,590.492825944736,506.543433155293,608.214984277615,503.109515733483
000275.png,40,42,0.00404062870699881,629.242673430281,503.872534917665,623.99559626928,452.718106935059
000275.png,41,43,0.00606094306049822,55.0415739608563,372.154408261363,51.6438991181014,483.091665526236
000275.png,42,44,0.000926749703440095,105.497015205259,89.8893894215251,61.1555432810489,100.456514585096
000275.png,43,45,0.0039108837485172,13.5576321301183,504.529012834407,0.427110409566216,443.907488592871
000275.png,44,46,0.00279878410438909,147.831224170067,46.8607860843696,142.401131367663,0
000275.png,45,47,0.00474495848161329,0.721491427110797,285.985141194354,4.42948613625897,466.032344057585
000275.png,46,48,0.000852609727164887,17.5353718681467,195.078516750734,0,220.041797706292
000275.png,47,49,0.00114916963226572,528.469674110164,459.965453473263,467.106206012219,474.629159670097
000275.png,48,50,0.00528247330960854,11.5651301007416,250.069820615832,4.39430389691094,0
000275.png,49,51,0.00646871293001186,35.7973497594416,503.416460517904,5.70957299926515,410.743625206372
000275.png,50,52,0.000667259786476868,5.0406771174876,364.813059747802,31.3869135020168,373.797777349875
000275.png,51,53,0.000537514827995255,55.9683827218759,1.16521690783033,13.0257095111708,0
000275.png,52,54,0.000556049822064057,29.0368734584279,28.6829634795161,8.69747287579243,0
000275.png,53,55,0.00159400948991696,540.178196688201,501.88303681316,534.147241694397,455.79344172054
000275.png,54,56,0.00270610913404508,593.729309404677,454.346228656453,599.56242081455,501.807976420809
000276.png,1,3,0.00157463783329834,0.731623720562717,302.105676042815,0,293.324365275363
000276.png,2,4,0.0404157043879908,295.452571943107,1.66734805955159,400.688216223108,288.680919486738
000276.png,3,5,0.00283434809993701,352.607473023888,94.5133886464252,338.036770786326,92.3407142353943
000278.png,1,1,0.115042903789202,104.653285301321,181.252877630844,96.529823301917,0.181695860070789
000278.png,2,2,0.107658136532766,474.698154721346,182.163598643254,495.154114194245,0
000278.png,3,3,0.0772268205634445,323.870832153171,135.854086993628,320.49432985436,0
000278.png,4,4,0.0418786544156732,126.009990924235,181.470599727959,133.421006804632,0
000278.png,5,5,0.0148075024679171,0,52.6434428261463,172.05784177199,65.2079149565957
000278.png,6,6,0.106746905611664,32.2611314971976,177.034919982832,26.6518568900968,1.15002601580028
000278.png,7,7,0.0158136532766345,25.1923584161218,173.93934798675,6.67758982298618,1.49777486034236
000278.png,8,8,0.0112005467385527,494.000711386153,124.022657286894,279.897800285851,130.744991122364
000278.png,9,9,0.0160794289619561,326.031615576366,169.003703219731,40.0004214389769,178.01337947008
000278.png,10,10,0.0075556230541423,170.128158636701,185.212158521204,297.315913473019,147.681685758891
000278.png,11,11,0.161136001214975,261.838988618688,175.556659539171,256.214923704242,0
000278.png,12,12,0.0571417723441415,515.807731689513,3.11842071959861,498.568498097898,178.957720775778
000278.png,13,13,0.00489786620092642,637.97641510851,167.161451146299,479.932682600099,171.606563992715
000278.png,14,14,0.00850482193029083,520.209916469461,179.017432752402,535.280384012702,10.1841342182602
000278.png,15,15,0.0054294175715696,157.605367335515,148.648723995911,0,157.109326755779
000278.png,16,16,0.00848583795276786,1.57834872535057,3.23864476801486,51.1403749139683,180.162652304355
000278.png,17,17,0.00935910091882451,4.53655500596128,58.1970672249197,170.845789343131,6.73323152364973
000278.png,18,18,0.00877059761561242,315.25788913507,136.475321369697,335.077474306068,179.350959415314
000278.png,19,19,0.00715695952615992,447.989402336282,169.508420504642,281.894130346953,173.089167574598
000278.png,20,20,0.000512567393120207,416.047411831175,173.274278849484,378.078804098062,170.793765199679
000278.png,21,21,0.0236350520160984,169.7180658999,158.08780742314,170.106700043924,0.00026230580155584
000278.png,22,22,0.00727086339129774,0,39.2355049948947,41.0457377679741,180.349729643608
000278.png,23,23,0.00370187561697927,101.693020666976,180.132427916625,24.4014998984186,0.964016159689351
000278.png,24,24,0.0104981395702027,43.9065623677694,177.005924429991,38.9138299390789,46.8905308404182
000278.png,25,25,0.00216417343761865,36.3880400927251,45.8292390479796,92.6625667275494,173.708430836672
000278.png,26,26,0.00235401321284836,39.5343892456622,70.8186713235277,76.1965471173681,2.10486745078943
000278.png,27,27,0.00252486901055509,252.013522577058,150.180116645492,185.935512100525,155.141040640534
000278.png,28,28,0.012890120738097,457.97495521899,149.090892539592,275.892753539978,154.107030967125
000278.png,29,30,0.00125294251651606,103.913785482275,122.325349678019,185.949321123921,125.366894013701
000278.png,30,31,0.002581820943124,2.09636847712258,38.5127915312083,83.4136297006767,0.737737687903845
000278.png,31,32,0.0179588427367302,247.744899189319,0,252.619407348057,169.348927167665
000278.png,32,33,0.00246791707798618,90.8330544147776,122.632144326058,32.0999074620407,0.986122426127167
000278.png,33,34,0.00592300098716683,86.1083571847672,0,95.0632483175706,127.362761919021
000278.png,34,35,0.00235401321284836,200.012707538868,167.738714027881,104.336282519103,163.085529320591
000278.png,35,36,0.0172564355683803,314.065050742396,133.44768352108,309.985053640067,0
000278.png,36,37,0.000987166831194472,276.852207231524,166.79496495806,301.956438994848,101.21768591433
000278.png,37,38,0.000531551370643177,53.9095420707757,133.827902384027,72.0630334704899,134.726269416402
000278.png,38,39,0.0227807730275647,459.125060138582,142.261465864576,470.978862824268,0.583903771827949
000278.png,39,40,0.000436631483028324,16.3061454563377,174.680174489778,4.47860798049364,171.936670269068
000278.png,40,41,0.000569519325689118,6.82228692333878,127.860554619991,0.639822856555791,180.075757281752
000281.png,1,1,0.0375884255018596,300.30853944029,183.063638345328,640,60.6917967767289
000281.png,2,2,0.0285499873086643,432.876758286433,95.2000789307139,640,14.8666578983704
000281.png,3,3,0.0417931201924669,247.714320713104,223.744456380295,640,88.3813867380665
000281.png,4,5,0.0213655877192014,254.860226278839,510.190511507976,169.582629596548,0
000281.png,5,6,0.016631167713242,1.43122888422744,499.907397379474,217.239195054959,460.846429553109
000281.png,6,7,0.0141977420458433,175.592543884436,206.704532535669,1.02478050259725,228.288330142547
000281.png,7,8,0.012807213093044,25.0008740069138,0,107.482960618361,509.436078692885
000281.png,8,9,0.00024279076953638,102.74613582077,448.536887560943,86.6825280143563,493.666709299259
000281.png,9,10,0.0117643163784446,226.652825407926,509.890534608599,141.154671897448,0
000281.png,10,11,0.0179609989736572,482.194189688016,509.60377512209,390.170380314015,0
000281.png,11,12,0.00508757021619414,165.071471368794,0,231.73055823531,406.733046262976
000281.png,12,13,0.0168463686226038,219.239975533012,0,170.089900625172,23.6314196678727
000281.png,13,14,0.00162228377826581,199.573659317247,63.0448220236048,309.989000722218,5.97871785661168
000281.png,14,17,0.0188990542195932,287.923858643777,510.013253581326,207.517909050891,48.0839153899707
000281.png,15,18,0.00206372154105923,284.75883845956,509.870373799712,208.852827913826,65.5126746175197
000281.png,16,19,0.0203502808647766,454.963487686023,115.210595799059,640,40.3439560843863
000281.png,17,20,0.0140487568009005,381.356470069067,3.40338679148334,471.422367123587,510.102674356288
000281.png,18,21,0.0217242559014711,430.362721954942,509.937959288006,356.51755078595,78.2010564006162
000281.png,19,22,0.0211890126140841,419.785561092327,510.03649145309,343.386406746129,61.0833855141546
000281.png,20,23,0.040512950680366,401.074664394536,509.770997758872,293.008627658636,2.63743711404459
000281.png,21,24,0.0113946122521051,299.505997656884,87.0623867040038,368.782610060919,510.526349100643
000281.png,22,25,0.00613598490282851,414.840714638348,509.386007456336,350.230582913781,0
000281.png,23,26,0.011135267566464,450.173568698121,511.894732601365,326.246889868917,0
000281.png,24,27,0.00277553993356362,298.782813231245,510.201445150723,277.310380540117,380.459126356501
000281.png,25,28,0.000182093077152285,288.143056167446,494.953440458444,298.053101207993,501.92451154835
000281.png,26,29,0.00164435566640548,558.495139544843,35.6467445922225,533.063106438204,0
000281.png,27,30,0.00366945140322029,639.720704277164,142.807364970857,540.739683456724,0
000281.png,28,33,0.00137949300872943,568.104239969948,61.4460222988894,640,37.9227809500006
000281.png,29,34,0.00147881650535795,0,239.304203448805,61.1707946885585,228.851984302359
000281.png,30,35,0.00191473629611645,386.330762662748,508.667059288085,348.003018693659,326.630567868886
000281.png,31,36,0.00434816196351517,221.565732496289,79.073668461544,290.3030512169,44.5732303446371
000287.png,1,1,0.0959656428943259,189.903668694743,250.933830547485,212.38766651477,501.965278083051
000287.png,2,2,0.0515877147319105,434.86020037708,240.885287150117,473.062159767658,501.257276397389
000287.png,3,4,0.00338365434669443,182.038083318022,254.635332841441,1.84633444089673,265.436442480154
000287.png,4,5,0.0564809994794378,519.212212265518,230.842318048543,562.719075192518,501.884576279584
000287.png,5,6,0.00588235294117647,523.735223498807,288.944473396295,430.534149581376,236.015890356144
000287.png,6,7,0.0194690265486726,219.395926112624,250.888477602403,240.472662704195,466.978529779577
000287.png,7,8,0.00705361790733993,306.273035072402,495.810778582415,203.865931655158,483.038780888895
000287.png,8,9,0.028110359187923,270.016697784624,464.97189910071,248.723608064063,257.51517498052
000287.png,9,10,0.0225923997917751,230.316758070081,465.018380016815,215.957530622195,255.591525464036
000287.png,10,11,0.0412285268089537,443.318056695342,500.222218352063,408.86840941942,242.146455173981
000287.png,11,12,0.00244664237376366,349.748800359921,464.313239955179,323.606413220403,499.203639867121
000287.png,12,13,0.0187402394586153,343.809215749584,250.835213252277,368.291900043654,457.015385579148
000287.png,13,14,0.00804268610098907,362.982347702237,453.615514520366,350.542558125111,292.414740241814
000287.png,14,15,0.0933628318584071,451.948044539492,497.981012725454,421.97425877524,229.878898420499
000287.png,15,17,0.00104112441436752,324.844377611602,321.81782130159,307.325685376115,298.982947138681
000287.png,16,18,0.000989068193649141,305.933822651811,484.76327325402,247.885992349978,487.869417347662
000287.png,17,19,0.00588235294117647,491.790489804995,446.59645448963,477.702114263902,348.322407738113
000287.png,18,20,0.000598646538261322,466.822604714202,440.928072329906,482.638827623191,431.019730693554
000287.png,19,21,0.00145757418011452,403.040679866513,470.521876733463,407.091999562297,500.782765531212
000287.png,20,22,0.00687142113482561,503.616961771985,347.432046253698,527.794449281375,501.404176261634
000287.png,21,23,0.00114523685580427,377.249437288713,500.5763327236,373.947833890339,474.487947468216
000287.png,22,24,0.00897969807391983,483.48154320668,444.047806356248,464.759445164635,241.007882864679
000287.png,23,25,0.0100468505986465,532.119876202578,477.635944582205,497.324592207149,275.024773594593
000287.png,24,26,0.000650702758979698,242.881881544661,495.958413707045,243.164191717679,501.945100996704
000287.png,25,27,0.000963040083289953,208.470877055347,484.058541457065,234.253645056044,497.758834770392
000288.png,1,1,0.0887589649941829,273.504582678047,506.211723939205,236.319088503795,67.9366444359421
000288.png,2,2,0.00882140700705418,0.512400332622037,314.378608851348,212.168792894935,268.783551938543
000288.png,3,3,0.0188798727596719,262.100772979468,4.44089209850063e-16,228.657401060793,50.811144418651
000288.png,4,4,0.0460657113824131,233.795366466893,505.84166807437,197.911873346611,98.9495014641257
000288.png,5,5,0.0668158991502585,308.222372121598,264.750250088702,269.851814907577,0
000288.png,6,6,0.0155515956585129,182.004332880137,98.3390303124323,55.0569937518405,250.867178507235
000288.png,7,7,0.00578766770245792,132.987588415762,143.552143194337,132.383992707532,115.266275627535
000288.png,8,8,0.0991708761026759,102.318594653884,505.864112504093,80.1585646606933,127.756276097091
000288.png,9,9,0.0389820773750792,57.1989552573692,505.932323056218,37.0280421873354,148.587252198381
000288.png,10,10,0.0119582345404474,392.052703864612,183.758141982289,204.841054993793,142.962399549491
000288.png,11,12,0.029733590563009,282.063072271845,463.569053872772,268.490399084041,209.622126586778
000288.png,12,13,0.0197782130391883,274.176214248929,69.9403108356556,314.608852743698,6.95877305356213
000288.png,13,14,0.00360808800789361,175.185677882846,234.531585099669,135.717610561876,322.56342521386
000288.png,14,15,0.00992592374416447,31.0930682271118,204.352392913683,209.981082428041,310.666559957386
000288.png,15,16,0.00552258368555145,51.8016385951736,311.111395902229,216.097323488619,274.435982246002
000288.png,16,17,0.00508077699070733,157.496306774264,254.9594454213,142.962715061457,150.25733345016
000288.png,17,18,0.10696140082176,504.966302708693,0,511.723095350326,504.423088549136
000288.png,18,19,0.00396153336376891,198.325366351154,118.445864740929,159.682034633752,186.784298960098
000288.png,19,20,0.00181140744886088,195.05002107593,192.388628288035,159.464137023843,105.4010340118
000288.png,20,21,0.0236808388436446,105.099914753319,197.791853237833,112.144401612775,505.767962183486
000288.png,21,22,0.00185558811834529,125.919630625811,21.0545023328694,0.0411095729816111,11.4606136846306
000288.png,22,23,0.0130627512775577,148.763795540725,186.898729159145,130.087101009409,340.573419858782
000288.png,23,24,0.00920430614258575,27.5573528067007,296.078354962479,34.2216603728528,163.621165723434
000288.png,24,25,0.0043149787196442,284.73527054622,298.516721896145,292.200016839535,323.94127428721
000288.png,25,26,0.00867413810877281,160.398861206673,342.432869824259,181.707587788948,235.543002659514
000288.png,26,27,0.008909768346023,236.299327765888,152.814497146876,187.911187628761,349.363785201041
000288.png,27,28,0.00511023077036361,298.699255657212,349.399385787472,295.36723702751,367.710876612451
000288.png,28,29,0.00273920150803352,129.641205833452,19.79653099414,41.9436763940396,2.2820199246354
000288.png,29,30,0.00689218443956821,107.624648441761,204.550025378768,85.9036097908938,120.291167042886
000288.png,30,31,0.0022973948131894,166.071734866696,149.888186302107,93.9455888524494,103.61514849816
000288.png,31,32,0.00204703768611107,186.000242056237,0.783301915218672,50.0002550433631,0.825328679734267
000288.png,32,33,0.0123705874556352,271.369790439514,388.035246512644,254.804287886295,91.8431611091934
000288.png,33,34,0.00111924362693843,36.4195579936974,5.65258116582853,104.046530947769,17.7396602500572
000288.png,34,35,0.00151686965229813,253.998093042952,312.146653450649,333.984568773586,313.186729718726
000288.png,35,36,0.000692163821922448,305.116651925072,357.581907703756,302.383456900228,368.078143122488
000288.png,36,37,0.00396153336376891,144.807011304279,190.236561917151,192.482098573781,107.163384860109
000288.png,37,38,0.00668600798197429,68.6069212028926,134.7294527117,73.3233225019106,226.072857396334
000288.png,38,39,0.00219430658439244,72.2677322691483,20.8022211318611,0,44.9207629879348
000288.png,39,40,0.00188504189800156,72.3403497092576,149.69764095838,164.484249619362,107.046169016603
000288.png,40,41,0.00101615539814147,0.762172503787746,167.354870136533,21.9316323769823,192.364997785359
000288.png,41,42,0.00181140744886088,33.6052971896136,50.245666890092,10.8727983058511,13.7223031060382
000288.png,42,43,0.00131069319470421,2.60989095927585,467.685237052315,22.3032547383732,505.8434911128
000288.png,43,45,0.0652401219386478,424.422054606467,505.898126275339,422.123526334771,0
000288.png,44,46,0.00275392839786166,303.507257137531,0.809057636973811,275.287135737384,53.3825424649207
000289.png,1,1,0.0032433148001059,638.536971757915,255.846380904684,633.851998545228,239.470172617367
000289.png,2,2,0.0355109875562616,439.660804734327,20.0616390323695,69.4479851599056,84.8454629887892
000289.png,3,3,0.00198570293884035,436.300013118087,510.792022658606,470.671364193116,497.772374676532
000289.png,4,4,0.0283293619274557,441.733497377614,58.250935516435,73.7441697380752,114.320978529413
000289.png,5,5,0.028296266878475,437.711194337764,14.3693300972118,71.8523065218587,79.1660852222279
000289.png,6,6,0.00436854646544877,126.478273183167,30.1773323842161,64.1671770056667,82.2002383811351
000289.png,7,7,0.0480871061689171,637.946944646693,238.90447369793,151.924552350245,262.442100945814
000289.png,8,8,0.0391183478951549,436.05204333738,0,469.517715525305,510.031645044554
000289.png,9,9,0.0039714058776807,627.766685527227,241.31508442251,453.700385804167,249.983797076054
000289.png,10,10,0.0198239343394228,66.9306311201419,48.4845521344612,316.997773168545,0
000289.png,11,11,0.0238946253640455,440.225920391539,144.104398718571,77.8929777178135,183.003110998713
000289.png,12,12,0.288952872650252,82.9118111546519,374.170802678274,456.370051503626,358.137860460301
000289.png,13,13,0.00125761186126555,441.01777662045,85.7035052607451,425.222879607218,59.9045538576052
000289.png,14,14,0.015356102727032,137.781990496989,397.791871076965,459.724768971846,365.226181933651
000289.png,15,15,0.00129070691024623,62.4723519786263,24.1284603310448,88.0716361561646,57.945772321598
000289.png,16,16,0.00152237225311093,74.0632301448217,0,64.7206165363635,17.3094653644018
000289.png,17,17,0.000761186126555467,92.5669289693536,92.6214731782382,70.2003436852683,41.0457872959142
000289.png,18,18,0.0157201482658194,443.937255815499,229.051274281671,83.9246578839413,252.860786800463
000289.png,19,19,0.00407069102462272,131.313774018098,0,69.2777814179194,12.3813757412869
000289.png,20,20,0.0207505957108817,446.055891907191,234.861156745585,82.0316422170148,258.487528695965
000289.png,21,21,0.00943208895949166,286.7814447562,0,79.3677743012616,40.7847743470275
000289.png,22,22,0.00221736828170506,73.6616073724832,6.275578593489,105.641447312461,0
000289.png,23,23,0.00182022769393699,437.682270451451,315.840644061003,435.884226218538,341.992039951483
000289.png,24,24,0.00777733651045804,449.344575872226,269.555232742194,308.862568294395,307.217426143468
000289.png,25,25,0.00162165740005295,371.953137401103,316.442918422377,352.323971899223,342.246450678331
000289.png,26,27,0.00165475244903362,431.401644757136,335.453644553618,417.551316438589,312.904767504164
000289.png,27,28,0.00178713264495631,50.9493077136856,86.1699075449562,1.82396550542458,95.0232179373357
000289.png,28,29,0.00198570293884035,49.8878031410258,81.4162513104366,0,91.0047179119367
000289.png,29,30,0.000694996028594122,160,288,112,288
000289.png,30,31,0.00334259994704792,0,56.6914323834132,46.8353105341421,43.7763613718757
000289.png,31,32,0.00152237225311093,2.0024822600914,162.018137702399,55.278355697447,154.726995111098
000289.png,32,33,0.00536139793486894,0,208.099391576269,52.5203390686174,209.161592266755
000289.png,33,34,0.00148927720413026,0,191.098815497606,56.0769350772473,184.671211779918
000292.png,1,2,0.00458353089932037,84.1819900466711,471.747239116418,0,464.946568699458
000292.png,2,3,0.018037774616722,90.2433912283946,488.376943912014,0,474.844170763785
000292.png,3,5,0.00136320531057373,445.557903265501,508.749426945517,435.020921390942,461.920074786372
000292.png,4,7,0.000579526895316369,21.4793410826193,409.872593049029,63.4692255960178,466.394311365432
000292.png,5,9,0.0015015015015015,406.001234460801,509.098679485391,598.000874299945,509.3616447962
000292.png,6,10,0.0258679732363943,127.454923283482,60.2868122098212,338.532774963353,111.21243646005
000292.png,7,11,0.000474158368895211,238.346676301927,22.2597208903653,236.764195523676,0
000292.png,8,12,0.000342447710868763,225.528105484251,0,233.995299041014,7.84700137269233
000292.png,9,15,0.000289763447658185,175.970408852635,89.8838204402768,177.124779600471,109.461983295936
000292.png,10,17,0.000928560139086455,173.417973971504,8.35571767273484,247.374137438878,26.628031288207
000293.png,1,1,0.029482105441385,291.499569837603,393.675415237698,316.985069333375,36.2128222210569
000293.png,2,2,0.00156617071260767,305.505554847496,114.924793480858,295.87968432966,47.7307262572527
000293.png,3,3,0.00770386674850261,313.713168682956,394.270285500105,320.090647685906,277.093455797513
000293.png,4,4,0.0194607293276048,240.929361688233,299.099787188184,251.756365156437,33.9900500248521
000293.png,5,5,0.0248047577726513,211.978919033439,389.041101146129,223.70383472636,186.561917734691
000293.png,6,6,0.00422231158331393,55.1376250896244,203.68161318164,235.943475036769,214.91018223034
000293.png,7,7,0.0128256682681115,286.127236969642,286.834023342322,1.33609708242119,255.756247143622
000293.png,8,8,0.0370272386717179,166.35144132808,386.073292019427,168.170040044651,29.9702267160115
000293.png,9,9,0.0437046286693898,62.3092406594237,402.5931693442,228.163407443363,29.6257841112429
000293.png,10,10,0.00830705411754746,637.405852215403,3.41494308254853,592.261056152448,0
000293.png,11,12,0.00194713115621495,635.746210055764,172.002354841554,635.865321264311,286.002230389839
000293.png,12,13,0.0242862282799636,593.629840805557,161.132831855009,596.978190507387,49.9090295898224
000293.png,13,14,0.0254079451416961,575.830060861569,155.044193027961,0.840377883313636,122.945948785778
000293.png,14,15,0.00158733518169697,484.800035567527,5.55111512312578e-17,503.425586310974,22.9567101081842
000293.png,15,16,0.00586255793773413,531.981994087306,0.287889712407886,527.379034608439,0
000293.png,16,17,0.000888907701750302,435.7086115586,1.07211289713042,461.198562625817,0
000293.png,17,18,0.00532286397595716,467.182724351636,315.762425428124,450.950774977194,508.248832272525
000293.png,18,19,0.0443183982729793,412.093901484349,493.690743582109,460.834495413075,43.4408221977382
000293.png,19,21,0.0276302143960719,450.499427778331,300.250264665668,345.566547488339,29.2581009088303
000293.png,20,22,0.00479375224872484,388.013078522,127.552799870579,270.347679342992,124.111634695172
000293.png,21,24,0.0400855044551207,123.17299662457,416.982587194167,267.540636088719,42.2997415571497
000293.png,22,25,0.00191538445258101,170.749853677824,340.717109898154,196.258021185999,261.274824903113
000293.png,23,26,0.0316620457575822,638.343786926303,354.845231456292,298.322324796304,350.540465125675
000293.png,24,27,0.0190586044149083,640,404.699865113472,301.563558362264,318.354221903142
000293.png,25,28,0.00423289381785858,452.183074937562,135.494558715643,552.599614721997,171.866244844516
000293.png,26,29,0.0213655315456412,569.420852650793,150.431991305504,476.239852744483,25.5092708604164
000293.png,27,30,0.0149209507079515,395.574980374733,39.8364598285016,388.12537037262,150.301370621926
000293.png,28,31,0.0303921776122246,171.960661797311,427.989840487177,312.802918358856,75.9251089808496
000293.png,29,32,0.00615886050498423,212.697944966963,393.231763673676,235.716236341547,246.875504122587
000293.png,30,33,0.000338631505428686,185.127299654306,202.376978898745,174.615112927084,196.321853434055
000293.png,31,34,0.0614933649389405,228.21630928342,388.197610580818,241.246748993452,31.7965506231938
000293.png,32,35,0.0146881415479693,640,297.292331193795,498.978604777447,263.163872561152
000293.png,33,36,0.00348155516518868,633.051751580942,163.996012241183,633.531193461231,49.9896176942204
000293.png,34,37,0.00166141082350949,599.538288571769,0,603.363853850075,14.4658672437958
000293.png,35,38,0.0104869944337446,402.31292648326,342.659001931135,638.650771656726,352.733431873444
000293.png,36,39,0.00622235391225211,536.406838350521,63.9307851513315,411.257898164565,51.4184479344018
000293.png,37,40,0.009068975004762,536.30870403993,47.9103481997867,530.810588620821,151.633200102584
000293.png,38,41,0.0076086266376008,638.588862489467,140.169804631152,543.278313790152,133.002064321265
000293.png,39,42,0.00547101525958221,638.470646145501,61.2466456620991,555.015352996258,55.4305859564967
000293.png,40,43,0.0129526550826473,638.773778001428,253.666982769337,503.766304121285,225.382871513231
000293.png,41,44,0.00877267243751191,188.526213349372,161.888402583658,436.058958811081,172.642973644032
000293.png,42,45,0.00397892018878706,424.166462502305,421.44542858747,435.727454577897,508.3024841155
000293.png,43,46,0.0111854219136913,328.447174184053,176.637350823192,401.866537052432,48.8160269627205
000293.png,44,47,0.00822239624119029,105.989361647867,34.4310669588282,101.049369527488,148.9083350896
000293.png,45,48,0.0220322123219539,131.33567879254,322.437483814106,170.091716470881,46.3667050075119
000293.png,46,49,0.00572498888865373,525.987490744158,390.112099337221,381.572568306663,500.191586257544
000293.png,47,50,0.00797900484666342,535.692357452868,141.462764940476,415.835228203122,116.254919500647
000293.png,48,51,0.00499481470507312,500.124423745454,142.534413868594,198.298062197437,131.698045947995
000293.png,49,52,0.000857160998116362,586.085332539295,98.0877898282359,631.700474552274,53.7494424764175
000293.png,50,53,0.00331223941247434,450.649989040734,360.048208539608,447.957143848394,508.07198826977
000293.png,51,54,0.00346039069609939,444.027597460327,507.998254456084,438.435945817449,419.592925365768
000293.png,52,55,0.000126986814535757,364,0,374,0
000293.png,53,56,0.00539693961776969,537.248214730417,54.6802093687751,445.696335771999,33.1988369172935
000293.png,54,57,0.00604245592499312,235.111492603184,389.859096267552,241.614639514037,267.038563171382
000293.png,55,58,0.00595779804863595,397.964470593261,151.459275992548,421.484368595458,65.328174105175
000293.png,56,59,0.00693136362674342,285.24762571621,387.251302067598,270.909792459688,328.581129492509
000293.png,57,60,0.000507947258143029,207.919558779195,354.002378800496,260.849024998961,380.204900641172
000293.png,58,61,0.00831763635209211,209.80184712188,177.155155622653,228.459687423453,56.3023927038648
000293.png,59,63,0.00113229909627717,561.988836349082,70.3689135630732,638.012652266727,69.848583479328
000293.png,60,64,0.00883616584477978,2.04386050561241,436.594618624904,362.130062191496,447.832538203082
000293.png,61,65,0.00233867383436686,292.562830680975,329.764693042365,304.254114573019,373.153328326261
000293.png,62,66,0.000910072170839594,538.003957928608,4.25810349642842,537.207446426134,0
000293.png,63,67,0.00195771339075959,440.379726963778,500.893188400844,403.155636804698,472.380622309702
000293.png,64,68,0.000709009714491312,432.90015889982,439.900581919949,438.404065771541,489.73448287478
000293.png,65,69,0.000941818874473534,312.020106979919,276.253547175231,333.218620667606,299.000475223111
000293.png,66,70,0.00202120679802747,292.757763899984,285.912122815228,416.77191947904,293.686312505311
000293.png,67,71,0.00459268979237656,422.723949218285,284.178918135434,292.843626207702,276.224759675876
000293.png,68,72,0.000391542678151919,341.496840484609,274.801603868539,313.185315278589,296.959041784873
000293.png,69,73,0.00208470020529535,289.770188624412,279.502987760133,224.22012371388,269.480184523456
000293.png,70,74,0.00098414781265212,515.983190303414,69.8329343050512,415.590903562822,79.9341335979047
000293.png,71,75,0.0025291540561705,508.962807481456,140.663292739006,638.341631318969,147.848446047389
000293.png,72,76,0.000719591949035958,90.2174577435583,160.226392656931,4.03839721189482,156.980535616153
000293.png,73,77,0.000201062456348282,50.0933635824396,162.566894698242,0.0451885088758246,159.306368822229
000293.png,74,78,0.0043069694596711,557.997162456502,166.054716261194,236.343618817269,149.374009255319
000293.png,75,79,0.000550276196321615,337.165354341811,72.8848440656028,313.484034348748,50.546997567274
000293.png,76,80,0.000486782789053737,296.790233323201,47.0330517680153,336.452245719944,79.446621413595
000293.png,77,81,0.000751338652669898,481.443116970118,68.0993004510376,447.046786913897,58.9749597740905
000293.png,78,82,0.0100848695210481,640,219.459092647648,624.33541162627,162.242425477127
000293.png,79,83,0.00267730533979555,577.111371932282,149.611359673576,639.389007189985,166.112003273025
000293.png,80,84,0.00121695697263434,638.493260531727,488.216652045069,566.352701740507,468.263120099683
000293.png,81,85,0.00767212004486867,418.131535216152,364.1036736338,300.696544309164,355.958009897788
000293.png,82,86,0.000899489936294948,496.073626187122,402.126493528122,556.945386989996,430.543299505232
000293.png,83,87,0.000455036085419797,512.798119611624,414.334902500834,517.476594895593,427.816325675001
000293.png,84,88,0.00324874600520646,506.351185520195,380.74013742828,437.627454154279,482.037262791459
000293.png,85,89,0.00203178903257212,430.946634148045,483.813388299876,430.514081553006,439.896443314495
000293.png,86,90,0.00065609854176808,442.641365841513,494.569197044825,421.618321379383,474.781847246369
000293.png,87,91,0.00353446633791191,88.678356845692,408.59264578698,125.426186923193,322.89631165031
000293.png,88,92,0.000105822345446464,175.055093983541,50.4338536668268,161.810167081491,56.1756297141146
000297.png,1,1,0.321989346111796,489.442980868893,37.3450800085431,0,68.8449788174483
000297.png,2,2,0.00300076763823304,5.17529638126096,0.722151338833741,101.233976496106,110.422067190195
000297.png,3,4,0.00229128381679034,576.370397849634,344.926086949797,600.83330697191,262.246555736658
000297.png,4,5,0.0120030705529321,511.676582511421,90.4409665438787,488.730546343337,0
000297.png,5,9,0.0091767661494801,640,41.7614666015168,628.95212479898,0
000297.png,6,10,0.00141896764288539,638.06010921116,503.482314037141,606.039167299577,503.056265486015
000297.png,7,11,0.00116308823187327,620.283287040812,465.992555870205,621.386188560503,507.963574163026
000297.png,8,12,0.000337295587243248,612.634098882072,476.000962896505,612.585506118438,508.000889107063
000297.png,9,13,0.000581544115936635,562.360100556163,103.104337042976,534.103075955961,91.7436235131166
000297.png,10,14,0.00317523087301403,571.181053913601,134.918347720112,553.101223864506,52.4432998354795
000297.png,11,15,0.00250063969852753,616.850315513596,503.518894730004,638.798367302961,468.500381231577
000297.png,12,16,0.00126776617274186,330.005866500249,411.403104783137,352.350117078744,486.490963493313
000297.png,13,17,0.0767870850682733,492.013202085279,512,567.042664882638,278.265812228839
000297.png,14,19,0.00378003675358813,630.554323126405,5.17702089950923,570.312106330686,98.1784772741282
000297.png,15,20,0.000104677940868594,624,508,638,508
000306.png,1,1,0.0196288997630804,504.971552218167,0,474.270751583498,318.095845225904
000306.png,2,2,0.0224187941456502,480.484975845485,328.972496024872,512.087856253883,0
000306.png,3,3,0.017259703739787,472.276321876003,357.033295339969,537.801006168584,157.278673129211
000306.png,4,4,0.00162743838983238,495.382390190018,0,488.950822457834,42.5130124139362
000306.png,5,5,0.0277882337311516,519.009361204612,132.061778764613,481.984679932052,303.804575592167
000306.png,6,6,0.050882359453535,407.231665796222,0,381.928940603236,424.804503020478
000306.png,7,7,0.0120674003055599,426.296997560169,56.0031900139265,347.996129566589,73.9831446573937
000306.png,8,8,0.00448375882913004,444.025905070362,0,438.180677199145,77.7584330085826
000306.png,9,9,0.00152779930474061,462.763392000211,0.317214161630236,432.418820128764,73.3429684263101
000306.png,10,10,0.00216991785310985,365.487064767797,127.562722482998,439.199945490666,123.854815407835
000306.png,11,11,0.0629276177401856,318.536081313766,0,290.812523823529,416.723505894564
000306.png,12,12,0.00249097712729447,321.246195782072,53.0603800837217,395.520746509047,105.860758440679
000306.png,13,13,0.0488452937138808,416.847410101088,329.803728008549,0.183568750631196,316.325277791132
000306.png,14,14,0.0537054668644687,525.026130165979,19.6748493089673,327.8625128089,0
000306.png,15,15,0.00142816021964883,317.419600263825,0,241.226371940317,33.7356588471058
000306.png,16,16,0.0565285742754024,162.878446414997,0,150.303925509058,367.325751872313
000306.png,17,17,0.0202156632641764,136.180012546585,429.634742177938,146.759861148109,29.3329112507032
000306.png,18,19,0.0105396010008193,509.920449519663,287.118131439894,637.822991753821,283.587537153988
000306.png,19,20,0.00695259393751522,637.302180107107,292.829513686934,540.085228400964,350.788263028691
000306.png,20,21,0.00892323362044151,601.097031130462,117.770832690644,609.075973434137,0
000306.png,21,22,0.00870181343134867,608.634044460059,196.216666143658,624.125828982845,293.883466019349
000306.png,22,23,0.00525872949095499,636.353387793948,263.817688036424,517.601583439428,272.63273720091
000306.png,23,24,0.0588756282797866,595.812083454106,196.40953050927,562.121786714962,510.013083495155
000306.png,24,25,0.000874609746916724,604.479806300356,23.5972482304507,584.672160018387,0
000306.png,25,26,0.0048158891127693,584.098815218207,191.34875716208,552.481346215307,231.462880079427
000306.png,26,27,0.0222638000132852,558.525177198979,509.038086156976,576.561543089228,293.879416733569
000306.png,27,28,0.000254633217456768,589.333194730642,0.518112297361102,600.417561301122,14.7835795992106
000306.png,28,29,0.00854681929898368,564.654923636032,115.216417028307,568.52218973683,0
000306.png,29,30,0.0572592608994088,548.782574553656,295.421290817547,531.554326226921,510.284993761313
000306.png,30,31,0.021466687332551,525.333500956474,509.191296019102,541.198404886262,299.939225311238
000306.png,31,32,0.00745078936297412,537.384626784382,0,527.979843127745,119.479546441169
000306.png,32,33,0.00339879990257512,476.191383931576,293.997698653848,503.314975118052,145.509539899784
000306.png,33,34,0.000309988264729978,476.90581666641,226.059501271604,471.412291019947,239.854142535721
000306.png,34,35,0.00252419015565839,407.620969970011,75.3372459952323,425.308450371296,0
000306.png,35,36,0.00154994132364989,638.221247393755,200.007151338409,636.019327926608,268.12991598993
000306.png,36,37,0.00245776409893054,324.350237155992,4.94938181486204,339.01531145404,123.115054164642
000306.png,37,38,0.000686402586187809,611.156304368961,79.4900532006231,631.086806860225,117.52646883674
000306.png,38,39,0.00102960387928171,625.12185905702,0,603.420170357906,13.0984468189613
000306.png,39,40,0.00120674003055599,514.907894648698,146.307904392586,537.046873206101,224.832594319422
000306.png,40,41,0.0219316697296459,0.991684696254003,0,0,17.2968822758604
000306.png,41,42,0.00183778756947058,400.955653295395,58.8861473495659,349.484408226637,62.3594999031853
000306.png,42,44,0.00323273476075549,32.968160360065,398.238362769346,120.411969809294,421.422778994148
000306.png,43,45,0.000786041671279587,536.95353764766,300.962824733634,565.734689098033,332.244106152453
000306.png,44,46,0.00584549299205101,559.974069728804,295.997731152463,541.346170208764,508.892814874945
000306.png,45,47,0.00153887031419525,635.825908499944,218.403846635112,606.753672922179,220.873190342981
000306.png,46,49,0.000819254699643514,519.943775643232,35.7859432159416,590.076229431596,97.3569726743784
000306.png,47,50,0.000597834510550672,637.461482819384,264.315516830275,605.730554969008,210.157867650601
000306.png,48,51,0.00808183690188871,171.769709382631,0,167.12673269315,223.358233371252
000306.png,49,52,0.000752828642915661,625.89594087234,25.0058427348903,615.95331299328,66.050790181389
000306.png,50,53,0.0030777406283905,530.023889793354,139.505708142601,507.777533564331,228.443551133055
000308.png,1,1,0.0876941594543475,517.468459197353,206.933064196624,477.09432690054,0
000308.png,2,2,0.003897518197971,197.873121327475,69.8009626702045,190.456091248725,0
000308.png,3,3,0.0203473376511721,170.433535130344,179.473789099069,155.754037413784,0
000308.png,4,4,0.0078523528400298,54.8923871874443,125.630532966974,177.264818426316,68.4272586210758
000308.png,5,5,0.038058118874305,588.476354538,0,623.166661619271,149.729700589308
000308.png,6,6,0.0292887029288703,182.016663771071,367.809387241252,147.251740137723,0
000308.png,7,7,0.0110620737089471,160.17711828055,77.2945382825461,237.466718139937,26.2195206870005
000308.png,8,8,0.0203473376511721,70.616856792408,261.960062999322,56.8819010998705,49.8134178182115
000308.png,9,9,0.0232704762996504,638.453928402441,139.888984289882,604.241760040245,0
000308.png,10,10,0.00492921419155156,187.826686667163,184.23798582031,178.642575802393,100.367650324379
000308.png,11,11,0.00544506218834184,181.707265569406,266.014492994553,176.161142897776,153.992021973176
000308.png,12,12,0.003897518197971,237.477054722624,171.629775800914,227.452580601005,131.63591024667
000308.png,13,13,0.00722187195506391,181.260620815347,172.626232737506,250.680163004813,135.263743541293
000308.png,14,14,0.00481458130337594,255.778145267387,144.426465761247,183.188765818429,148.933012023923
000308.png,15,15,0.0306069811428899,260.120750572161,215.752011233534,234.891911390998,0
000308.png,16,16,0.0415544219636614,530.909855325301,197.43091489203,492.297972273586,0
000308.png,17,17,0.0100876941594543,78.0410661474842,223.997552489958,66.8335991082545,35.9503181497857
000308.png,18,18,0.00596091018513211,56.021759296313,138.038995363576,134.224401241129,94.4021549161683
000308.png,19,19,0.0026365564280392,77.5544786488401,31.9077529425345,80.406972271442,79.9758491411004
000308.png,20,20,0.0962916260675188,640,121.09180830355,4.57075593321395,443.126199626378
000308.png,21,21,0.00246460709577578,88.6118507006217,17.9558708477622,87.9860994386108,65.9998189513107
000308.png,22,22,0.0535335587780134,21.4168761577876,494.958983635027,640,198.757386097686
000308.png,23,23,0.00189144265489769,585.597589532661,48.1824372545121,552.002225759043,41.9879287944799
000308.png,24,24,0.00475726485928813,199.199298626469,43.7404286712711,231.175640948729,21.7060965210248
000308.png,25,25,0.00957184616266407,564.690499899547,158.317467510661,566.985734021059,52.1077436832857
000308.png,26,26,0.00229265776351235,557.292086405082,86.0468228824062,530.951120934276,102.674936469624
000308.png,27,27,0.00928526394222502,0,53.9326786304737,82.8259676597977,0
000308.png,28,28,0.00137559465810741,227.912894899983,152.024105742801,221.546275846829,129.018592327559
000308.png,29,29,0.0839685905886399,640,133.10501891049,6.06561987548537,452.130393061055
000308.png,30,30,0.00206339198716112,128.787433420533,2.07558370051447,133.149382558453,72.0530220897087
000308.png,31,31,0.00332435375709291,574.515201214681,107.063639737285,606.681211723616,124.761921419607
000308.png,32,32,0.00859746661317132,521.116904623367,0,548.807761976047,143.844501378647
000308.png,33,33,0.0929672723104259,15.6603730192856,505.513783556175,640,210.493713327922
000308.png,34,34,0.00103169599358056,115.805942933677,6.04022920468336,119.466105109179,23.696067534968
000308.png,35,35,0.00108901243766837,226.10816529706,139.006621108469,252.290787030619,139.952726215856
000308.png,36,36,0.0025792399839514,547.351798325086,21.3136706066007,586.212178926625,28.9153204940544
000315.png,1,2,0.0326209614416416,164.075234787164,423.766789139522,0,420.850760201916
000315.png,2,3,0.0133591430704328,0,418.509227987905,88.1426164987779,308.113868838827
000315.png,3,4,0.00560754153573723,2.97764091687155,0,203.830541449796,36.9218456110523
000315.png,4,5,0.0118140310064061,59.0466634621806,0,243.76575810242,78.5508400827052
000315.png,5,6,0.0739483689519279,458.146324019857,375.257264625946,0,298.089338667491
000315.png,6,7,0.0114581344073888,60.9608592340921,413.224676645609,1.66118025547212,377.260923893197
000315.png,7,8,0.00304682210378292,27.1208558177556,452.727934819378,0,470.630102233879
000315.png,8,9,0.0417353865384282,177.683597887919,370.823733694712,0,350.914113407533
000315.png,9,10,0.00509539764934637,50.8370316855524,312.849607705874,0,452.624466458873
000315.png,10,11,0.00270828631447371,44.1831930606768,415.077067208779,0,406.30713894937
000315.png,11,12,0.00170135935140015,31.8083794445655,412.363777402128,0,388.169205418037
000315.png,12,13,0.0165014496276106,637.711245120886,339.502355465998,193.743559433035,368.005683028311
000315.png,13,14,0.0331765073523029,234.760530434802,345.507412479717,637.946845146349,321.121172055237
000315.png,14,15,0.00395826461346157,304.79026538744,448.61321719638,223.958118133935,477.485882498559
000315.png,15,16,0.00888873457058037,21.9892473149613,416.213847277871,103.227873530384,315.679271980129
000315.png,16,17,0.00424471797364629,91.655797351066,309.685771859337,10.4692771904992,410.694524890229
000315.png,17,18,0.000720473602888839,267.887423713673,501.791539050044,258.526569695247,459.882385073902
000315.png,18,19,0.0288102637106995,47.1043372351525,397.556531179743,164.440781859939,405.436803052788
000315.png,19,20,0.00446172809499835,56.3649021238145,407.643489750135,165.764897370832,416.806854076471
000315.png,20,21,0.00479158347945348,164.669812807208,163.464591280608,39.4647334977565,6.82917872300195
000315.png,21,22,0.011380010763702,198.158130239617,45.8654755306273,107.780740761017,0
000315.png,22,23,0.0059634381347546,171.417103320185,223.107766512171,30.9444801589607,0
000315.png,23,24,0.0182809326226975,10.0287533796577,153.939643764595,170.194185526583,38.710040621681
000315.png,24,25,0.00498255238624329,74.1876886594672,469.164458802276,4.4165434919891,473.302687018917
000315.png,25,26,0.00128469991840419,42.1961822527821,21.4191516313398,0,38.034899695201
000315.png,26,27,0.00306418291349109,0,13.6175318007493,177.559697161341,98.9165409942122
000315.png,27,28,0.00173608097081648,74.222927090222,50.1252120047609,0,22.0404274171072
000315.png,28,29,0.00240447214458082,3.48002126680598,42.1660179127957,180.568608516051,110.527024635345
000315.png,29,30,0.00184892623391955,0,443.646837468651,32.2542612209635,428.5429741838
000315.png,30,31,0.00223086404749918,241.591120899399,0,326.256648981905,34.3028944611992
000315.png,31,32,0.213338310098783,558.883963525396,512,595.615073533519,19.9783880781077
000315.png,32,33,0.00322043020086457,160.209362073705,73.4513595033787,1.85278904888256,20.4397493618558
000315.png,33,34,0.00233502890574816,32.8653240596946,314.293231880512,6.06596953530554,393.377832824114
000315.png,34,35,0.00181420461450322,384.860129342629,329.863750735787,381.257531236622,465.76825196278
000315.png,35,36,0.0194614676828527,612.819935471271,188.577698175748,34.4350359875939,297.733130905616
000315.png,36,37,0.000416659432995955,0,378.835686819822,37.7977129629688,363.501380297144
000315.png,37,38,0.00190968906789813,17.0900689935914,427.934861546702,17.6780527502617,509.987975255107
000315.png,38,39,0.00417527473481363,163.125063351172,510.010334416359,161.37523500113,361.865640083953
000315.png,39,40,0.000512143886390861,606.072899090064,508.117511823908,582.108835952389,507.189506846692
000315.png,40,41,0.00328119303484315,397.875247695239,407.967575255776,307.541635820459,409.83570072051
000315.png,41,42,0.000624989149493932,230.096133176262,28.6808783200573,204.167849421292,0
000315.png,42,43,0.00342875991736255,406.167757337127,393.717146692798,294.167105775169,355.93350161142
000315.png,43,44,0.00782104477352824,455.716793611848,510.008105796482,451.649316694792,367.895551019807
000315.png,44,45,0.000286453360184719,448.272214223197,422.952137671388,400.38646199082,410.51235193788
000315.png,45,46,0.00232634850089408,159.761944699498,403.611584061636,50.3330934103944,395.705880592075
000315.png,46,47,0.00233502890574816,637.983259358341,455.32035413772,585.473226344433,456.613750735833
000315.png,47,50,0.0010329681776358,5.55111512312578e-17,5.3154268057603,38.4351802611999,18.7554950231838
000315.png,48,51,0.00511275845905453,72.7827854107857,343.606708515883,5.7386601942579,300.975149385035
000315.png,49,52,0.000425339837850037,20.8915235551756,352.959471402984,22.5970103857608,330.044433413163
000315.png,50,53,0.00158851408829708,52.4001776542439,232.517395429567,0,281.880019653062
000315.png,51,54,0.000303814169892884,187.426827082968,207.344261985439,171.722241838159,201.75694207742
000315.png,52,55,0.00442700647558202,144.994951025036,510.066953159549,143.253986638871,431.92750045393
000315.png,53,56,0.000902762104824569,588.058483363728,504.044055150298,622.237006457842,458.671948046033
000315.png,54,57,0.000720473602888839,597.115331565775,463.633927132021,599.194236755268,504.041455279938
000315.png,55,58,0.000737834412597003,95.6373490068458,359.341064244284,79.6680307987047,312.059158493543
000315.png,56,59,0.00120657627471745,79.1530788297227,325.592450070102,33.4394167645748,302.861518790758
000315.png,57,60,0.000590267530077603,0,362.883389862609,61.5411741629436,339.522538038643
000315.png,58,61,0.000338535789309213,0,439.326614031452,4.59670377873145,415.726671493684
000315.png,59,62,0.000355896599017378,28.522686001033,24.1197761903739,32.4416839973995,7.01783477460966
000315.png,60,63,0.00176212218537873,24.4055448275068,143.737711422919,22.1688469244848,3.83742250449953
000315.png,61,64,0.00021701012135206,43.0247978261286,25.5704172986092,11.3166911261313,38.29762949249
000315.png,62,65,0.0221697539973264,173.406012331445,315.991931645516,173.201843003676,77.9732354667364
000315.png,63,66,0.000364577003871461,97.6034853550808,378.113290538658,88.9241941705642,347.735943030732
000322.png,1,1,0.0104824491104344,0,253.979269707603,185.825186442009,210.256653849522
000322.png,2,2,0.00589838115082545,77.6442576242311,232.180975350056,0,247.656860487616
000322.png,3,4,0.00431158839557621,0,182.171278949195,73.0914472843428,214.563088878209
000322.png,4,5,0.00246033018111877,0,192.83878229431,75.9262081347949,194.823268317587
000322.png,5,6,0.00511299887802532,0,128.585458823077,75.6215973582511,65.5460709064706
000322.png,6,8,0.0212854624138484,6.22292958375844,0,6.15490108830702,510.000287440385
000322.png,7,9,0.00507292835390287,79.1036320243344,21.0217873029143,0,106.461586069475
000322.png,8,10,0.00496874499118448,0,96.11789689064,75.7559239694616,17.5499111295875
000322.png,9,11,0.00268472511620452,0,296.423573082823,87.2861175467713,278.519644901591
000322.png,10,12,0.00755730084949511,390.658851042046,237.887287172764,393.678339064953,309.115816108018
000322.png,11,13,0.00580221189293156,372.577934419273,290.11764467993,372.369567109122,238.006519316432
000322.png,12,14,0.000552973232889886,416.37456817075,243.703102160499,372.243568287722,236.506409466877
000322.png,13,15,0.0565875941657317,279.353565937006,188.075951581658,288.330097418572,500.851514141315
000322.png,14,20,0.000392691136400064,414.699924278134,289.491336398191,379.385000374559,258.705475312606
000322.png,15,21,0.00021638083026126,38.896659445507,0.718570863238964,9.79082359697313,37.0379152287004
000322.png,16,22,0.000176310306138804,0.0484260748642969,6.83990090206577,38.0656678067507,8.42685653156388
000322.png,17,23,0.00197146978682481,637.973085313532,379.152354711973,303.992284600742,389.757012892047
000322.png,18,24,0.0145215579419779,327.568026904921,0.011110210003894,340.69622470662,510.445047572545
000322.png,19,25,0.0300609071966661,291.932264467921,5.56308030850932,285.202813083895,499.471392206003
000322.png,20,26,0.00585029652187851,636.929686070701,99.6951414389032,341.302991815297,173.19659665362
000322.png,21,27,0.00028850777368168,631.530273062706,105.18202265658,607.212814515629,119.14642572713
000322.png,22,28,0.000488860394293957,275.036036459514,421.714850349529,206.595915923256,390.685608936604
000322.png,23,29,0.0243869209809264,473.632522334003,0.0125307847305428,491.056467101539,510.986958429455
000322.png,24,30,0.00499278730565796,245.659140051052,510.135738691519,232.708422710007,95.9778476217087
000322.png,25,31,0.00447988459689053,355.50654010015,472.48059908858,345.329723835256,507.47885100966
000322.png,26,32,0.000440775765347011,282.025683099089,495.985199151894,248.090968006617,437.100151210929
000322.png,27,33,0.00574611315916012,253.212731691435,96.1301072978366,272.543712811479,510.254694813606
000324.png,1,1,0.0406270274061475,314.816254975412,13.3210022952707,392.78235471979,211.692510549244
000324.png,2,2,0.00943346600971402,396.174812655115,161.154977411451,348.014911691969,31.9944398991965
000324.png,3,3,0.0127123844926444,545.343217701027,480.824601503254,557.226875877256,512
000324.png,4,4,0.117444898388596,421.62165580366,0,420.418593872359,509.996269522693
000324.png,5,5,0.0414336062843015,578.42185699394,195.543681537646,356.628892207443,49.1690076400504
000324.png,6,6,0.0725745647104206,346.470635406899,20.2371284223971,626.433832808521,235.072478297847
000324.png,7,7,0.00810085742841612,442.88100834315,0,447.905681674837,71.6887731974458
000324.png,8,8,0.10211989970367,157.215614735571,510.053076500322,179.485690514634,0
000324.png,9,9,0.0124844382879487,352.576181581163,24.8462455144248,430.626634752177,98.4283745135274
000324.png,10,10,0.00147288316880293,381.478728180064,29.8193577776113,423.83144164023,14.8149571688499
000324.png,11,11,0.0744507373183006,606.359803187102,510.735468174248,593.039801474539,82.5898691412456
000324.png,12,12,0.00690852343462328,597.904787256628,0.127172028479394,637.929879044105,30.0936578853237
000324.png,13,13,0.00182356963756553,605.32309743537,0,637.696942801856,22.4372692050998
000324.png,14,14,0.0460626676719679,393.688269154665,96.8077764464037,615.229348418319,329.010764054442
000324.png,15,15,0.0636846627272887,527.528613992295,143.967274298079,562.843862312969,511.4564856585
000324.png,16,16,0.00457645841735197,541.998270550179,259.294054961718,577.558591168184,192.120051607331
000324.png,17,17,0.0678402973821255,41.7986185109197,499.860417423459,73.4931727356099,0
000324.png,18,19,0.00955620627378093,350.711865847589,46.7003852664451,269.331244611484,0
000324.png,19,20,0.00324384983605408,156.377137973832,318.785483176177,272.620843104283,354.882072835273
000324.png,20,21,0.0016306920797461,549.386366415516,512,546.61309425396,493.886969631271
000324.png,21,22,0.000561098350020164,549.268791538208,505.302902014517,549.698578252596,494.987492613986
000324.png,22,23,0.0183759709631604,261.246151004994,9.33236788075932,410.275412004556,93.6525922371935
000324.png,23,24,0.00173589802037488,261.25098253655,0.976888204938286,302.774828599016,32.8148054744785
000324.png,24,25,0.0157107538005646,184.217883819635,0,162.311752668178,507.754591107091
000324.png,25,26,0.0459223930844628,358.929221459744,260.201587306013,353.980646413938,86.6277699328726
000324.png,26,28,0.0116778594097947,607.969237660634,76.125564033293,613.543300730064,166.27556210033
000324.png,27,29,0.00371727656888359,611.502125271863,108.207003982278,632.395335439944,150.787372100897
000324.png,28,30,0.00645263102523189,410.26140998845,439.460834328635,364.057633225133,509.360106103832
000324.png,29,31,0.0188844663428662,354.74220504608,412.068184052765,355.043643782013,506.047972284226
000324.png,30,32,0.00455892409391384,399.030565323551,273.956601994411,357.256966258509,241.123913469823
000324.png,31,33,0.0347179604074977,366.053326451431,137.369733830481,357.662993536013,509.406035779114
000324.png,32,34,0.00450632112359945,454.2414378948,106.850611697301,546.719396215812,162.684217123756
000324.png,33,36,0.000526029703143904,619.746073462915,200.436857067769,638.414007887678,211.287737808262
000324.png,34,37,0.000280549175010082,637.320393952542,191.276661575282,614.920818877859,194.499569889787
000324.png,35,38,0.00168329505006049,552.042321152706,307.592657775133,625.777674884243,305.633313329735
000324.png,36,39,0.00115726534691659,552.672890339451,298.448615227361,626.63769427706,330.529761637182
000324.png,37,40,0.00461152706422823,588.970580276871,489.911606235955,566.947666402583,248.095839293177
000324.png,38,41,0.0018060353141274,373.640549279743,43.3128149898444,345.44603648642,14.2324753908296
000324.png,39,42,0.000543564026582034,634.927877564272,0,638.428074513581,7.80810384489264
000324.png,40,43,0.017516789114692,433.992616983116,24.1773783690264,619.827347450616,177.960248188608
000325.png,1,1,0.0107817106980974,146.848615602762,181.329009509103,220.918314945225,495.783691209408
000325.png,2,2,0.0250546420031978,90.3424817760666,461.555386681149,231.930703168346,433.478815430544
000325.png,3,4,0.00318317172991448,36.995875951266,498.757821565647,0.539457194751044,443.64316790388
000325.png,4,6,0.00528083789294568,540.746852702175,105.283865243955,607.289739103222,174.681047966434
000325.png,5,7,0.0140822343811885,594.881000335317,436.664932928682,513.949408559854,450.787579730669
000325.png,6,8,0.0318317172991448,585.277221660752,76.6893804654277,414.74339507972,228.346537797609
000325.png,7,9,0.00617564653591703,468.004766975427,137.019820982859,599.991918419411,137.661723631824
000325.png,8,10,0.00215634213961949,461.12770563493,11.8578446457341,459.668432061304,61.8736210235436
000325.png,9,11,0.00624899150665239,427.265502753118,79.4931041111493,347.971144276038,22.0398253357981
000325.png,10,12,0.00473808510950404,423.593155838308,89.4591600530207,397.301340405966,10.8875632520672
000325.png,11,13,0.00196564521570756,346.807921512176,36.9540408605486,371.800223458549,56.2586366326798
000325.png,12,14,0.0133047776913937,321.803264981394,34.4315338344981,359.840564276213,0
000325.png,13,15,0.0118085402883924,472.843047208746,510.740348089386,525.137537618207,451.191704951757
000325.png,14,16,0.00381393847823855,585.372795704714,217.839603571394,540.760121091374,106.890157736112
000325.png,15,17,0.017060040193044,597.166126552656,93.519871349327,415.111569295491,233.20186044907
000325.png,16,18,0.0504613398659254,356.800273430051,190.99141288084,580.695892325303,80.9914459555754
000325.png,17,19,0.00881606548238987,602.46175771877,150.242567154114,459.807103500586,208.643456733008
000325.png,18,20,0.00759853896818295,501.550076426673,447.049586765664,397.893412436755,449.510618938672
000325.png,19,21,0.00280177788209063,523.385134282239,507.741588899106,484.288173267531,449.139121434336
000325.png,20,22,0.00350588960115005,427.67119530707,351.416992862088,401.008531433202,183.522227734162
000325.png,21,23,0.00139355444397178,394.020037214881,183.766382624673,388.872265144828,227.394974507986
000325.png,22,24,0.00423933930850362,466.982510301382,510.016020087962,466.898158101775,452.004510263355
000325.png,23,25,0.00196564521570756,586.824975620322,262.447765701434,614.644244300699,221.088094017004
000325.png,24,26,0.00830265068724238,560.723838127327,219.829894633551,443.499344437603,266.772076548664
000325.png,25,27,0.00310982675917912,471.19355294052,49.4496717648336,406.426147139123,3.99401921467106
000325.png,26,28,0.00965219814877294,600.456605215494,173.566472997622,457.838429493384,237.151717258769
000325.png,27,29,0.00850801660530138,442.391456311159,283.528309665668,376.304168614307,310.749858241756
000325.png,28,30,0.00120285752005985,423.043400760846,342.881273805884,407.623469883913,307.296502617422
000325.png,29,31,0.000762787695647709,368.062513111727,112.859183735913,334.592089643944,85.7374775581207
000325.png,30,32,0.0014815684088542,372.444541373949,13.9598312012452,371.717941109075,42.0960136294798
000325.png,31,33,0.0128940458552757,513.63958129862,3.62810925227983,330.128934788936,99.2078628654077
000325.png,32,34,0.0027137639172082,617.499052887804,230.040223958837,624.558255867786,317.955174387675
000325.png,33,35,0.00152557539129542,380.677944847792,13.4687908005177,384.341863967003,45.7340670478843
000325.png,34,36,0.00193630722741342,405.204880409251,170.440474197552,451.944707060683,180.570097382197
000325.png,35,37,0.00239104604597263,390.902906084233,187.879875614631,369.188067407792,198.309533729511
000325.png,36,38,0.00503146499244547,382.257367316503,317.969777787899,404.904990080388,510.833155109058
000325.png,37,39,0.00142289243226592,393.30260933418,15.7929288609626,353.486250364567,28.3741078729208
000325.png,38,40,0.00117351953176571,535.906313722203,460.104955242444,586.705667029908,505.450020577961
000325.png,39,41,0.00171627231520735,602.983416897406,169.539666500723,611.864084613266,227.095186934006
000325.png,40,42,0.00126153349664813,579.281867629324,512,551.670261048493,478.269925947665
000325.png,41,43,0.00127620249079521,417.657284668246,75.8872709946647,419.318836524823,11.8784854953512
000325.png,42,44,0.00379926948409148,221.535626486278,380.048412945759,235.136502248378,510.507040659925
000325.png,43,45,0.00244972202256091,48.4103953991903,492.096741428931,9.62181902416405,440.733744446202
000325.png,44,46,0.000792125683941852,379.26302759438,44.8982401239179,350.447551132863,11.8649606351851
000325.png,45,47,0.00114418154347156,347.144109363236,56.890028106262,364.100675528312,13.261807593917
000325.png,46,48,0.00404864238459169,64.23533501846,382.149275703696,75.0855890684242,510.415717520174
000325.png,47,49,0.00410731836117997,386.782688770169,56.8994008531776,349.306058866794,67.675259241088
000325.png,48,50,0.00134954746153056,4.25667669698971,510.809025000922,0.615617668665587,457.957588659351
000325.png,49,51,0.00123219550835399,408.711929401909,9.58220274565157,391.585089082772,61.2083765878188
000325.png,50,52,0.000381393847823855,585.512477440928,510.467776325209,573.765538998862,498.224964575436
000325.png,51,53,0.00465007114462161,232.521881412846,444.921299828798,159.548405772218,459.782524597113
000325.png,52,54,0.00198031420985463,574.121375426186,497.119103826715,518.050970760002,496.590757881587
000325.png,53,56,0.000924146631265494,534.407659896249,453.477367614277,583.773118207435,491.983051844967
000325.png,54,57,0.00309515776503205,637.543899088876,448.646409859206,546.206845825059,456.427900805923
000325.png,55,58,0.00224435610450191,534.443527822563,462.448850121681,492.476498124698,504.478778061748
000325.png,56,59,0.000542752783441639,517.911958515829,499.850369819871,519.612806755944,476.115574602916
000325.png,57,60,0.000953484619559637,382.885065150008,3.00416366930915,360.992365622029,17.169992092679
000327.png,1,1,0.0208690527218174,0,43.8289861885492,273.939016947815,21.2598031854477
000327.png,2,2,0.0260215745106444,0,14.3631453927233,161.72251475352,0
000327.png,3,3,0.0281825975139306,279.948888402194,70.8998841935986,0,83.9063648813817
000327.png,4,4,0.068688384054865,638.063671130672,152.845081370232,0,151.541074260972
000327.png,5,5,0.020154664952136,0.338550313277523,415.876094399962,284.141195766616,461.114204100083
000327.png,6,7,0.017538219745678,284.154536586659,434.94623300222,0.391280265605587,393.331905410291
000327.png,7,8,0.0117070295756537,280.047941915366,230.572229212009,0.0278809224301426,221.169670917736
000327.png,8,9,0.00984069152736105,0.000281580648461064,178.158872248412,638.001822168935,177.028096487923
000327.png,9,11,0.0269145592227461,164.779675313672,500.856931252133,8.21487274015777,213.523802170532
000327.png,10,12,0.0146628089727104,282.234458550709,317.248104997852,0.405836335802235,293.236603737385
000327.png,11,13,0.010349692813259,0.0171284068067817,287.777634552857,282.038419904246,309.501222776694
000327.png,12,14,0.0236373053293328,283.442026913761,339.701668175195,0.487631109126369,311.164922831986
000327.png,13,15,0.00207172453207601,107.832069053589,286.62625128606,0.572677429206635,257.86436041597
000327.png,14,16,0.0195474353479068,287.852175086728,285.209942633379,6.42219481527002,208.452975753973
000327.png,15,17,0.00833154736390913,0,139.49623539457,276.047091129374,134.723902392316
000327.png,16,18,0.00364337762537505,147.474434771383,17.1860034082269,0,149.544480905114
000327.png,17,19,0.0247446063723389,277.745704490656,2.97878446856648,0,21.9399548645127
000327.png,18,20,0.0130554364909273,275.955027686071,134.793889325519,5.91048351805426,135.713503609738
000327.png,19,21,0.0634822831833119,640,144.110143370754,37.6461637740737,6.82421440352854
000327.png,20,22,0.0163416202314616,282.773961661182,420.524477199826,0.477471356898263,380.622048051922
000327.png,21,23,0.00115195027861123,44.1594749087339,303.637439441537,0,383.002176365916
000327.png,22,24,0.00210744392056008,105.978048422837,510.132522391846,0.551719178504698,492.669253210331
000327.png,23,26,0.000366123731961709,150.523989393946,142.789259006986,168.469348731318,159.350085203652
000327.png,24,27,0.0013930561508787,282.074662065305,427.448733092607,114.174869840325,404.708849592109
000327.png,25,28,0.000419702814687813,252.604670898448,224.222343555288,256.793714757155,250.510916642797
000327.png,26,29,0.0113944849264181,275.572985223996,306.458297019941,27.9128269223627,282.887547268545
000327.png,27,30,0.000964423489069867,267.273532643699,210.992289795731,261.829722643462,182.503831883199
000327.png,28,31,0.000901914559222746,231.282508275603,191.595188300676,248.413663549826,245.869430983223
000327.png,29,32,0.00102693241891699,164.011244550716,267.645360648802,280.021443563176,271.323696293053
000327.png,30,33,0.0158236890984426,0,160.253673621394,270.844112877765,168.405290670564
000327.png,31,34,0.0142609658522646,284.763877470817,497.757618702138,0.613306943977818,446.593849133688
000327.png,32,35,0.000884054864980712,271.728139996664,495.308780678763,230.586085647255,511.490155662144
000327.png,33,36,0.0250571510215745,51.5725850677103,318.611316383284,283.490164707651,348.397434179748
000327.png,34,37,0.00319688526932419,283.878445147991,389.009691206958,76.2392837647438,364.012397619369
000327.png,35,38,0.0126893127589656,296.137146030828,469.159680226638,1.14014450979272,421.014118087961
000327.png,36,39,0.000741177311044435,233.9346620309,483.202805569445,281.319573917415,454.862336067971
000327.png,37,40,0.00543827689669953,0.596193349496272,412.16068856725,276.162670322696,454.95245052595
000327.png,38,41,0.000410772967566795,250.105115979648,452.769693446699,278.010486202121,453.677749781286
000327.png,39,42,0.00164309187026718,264,192,74,192
000327.png,40,43,0.00378625517931133,280.044495907489,113.851844415255,43.9405291484325,119.524923738796
000327.png,41,44,0.00286648092584655,0.866779339511554,481.835213127552,130.257222255166,508.764073135128
000327.png,42,45,0.000687598228318331,313.500824692532,186.315494318107,292.603781494358,152.874263686469
000327.png,43,46,0.0007233176168024,28.0412112928563,330.545151615725,0,368.299469253745
000327.png,44,47,0.000562580368624089,4.86046865901065,378.434999479271,0,343.355431769401
000327.png,45,48,0.000580440062866124,10.6616548001656,360.946897569353,57.1565455918888,390.159219923036
000327.png,46,49,0.00550078582654665,285.05684406407,503.873648484286,1.22306752378097,454.910078380646
000327.png,47,50,0.000509001285897985,281.16303313906,428.542841732914,198.99779222234,475.737155021865
000327.png,48,51,0.00404522074582083,0,24.3906989928774,279.908443761324,0.908640635567586
000327.png,49,52,0.000446492356050864,280.479630626741,118.939900580258,254.992916633288,131.94575339385
000327.png,50,53,0.000714387769681383,286.648462990329,421.219717788558,281.007507474925,379.325747201488
000327.png,51,54,0.00632233176168024,277.74546038946,375.557805352729,80.6948492979447,345.362265663553
000327.png,52,55,0.000339334190598657,278.80045966271,81.8190855625489,281.990591371051,95.9338891527821
000327.png,53,56,0.0112873267609659,310.522811556189,195.17382668777,23.3237323184327,96.2712106592678
000329.png,1,1,0.0496624969615377,0,458.299981721313,486.081111078063,237.770472342509
000329.png,2,2,0.00332828481142836,288.154891753326,310.11082006518,290.460322216094,390.102017237894
000329.png,3,3,0.0592733868102691,637.611750159944,276.934912967033,7.49918026374792,506.626099609316
000329.png,4,4,0.0178942054187468,432.217133352802,72.5812190383378,124.373746908442,187.586169371004
000329.png,5,5,0.0485593014341542,614.804237345599,0,50.1729618576848,273.862754395566
000329.png,6,6,0.00166414240571418,231.529132759725,193.383702971866,222.042935555897,214.900670127789
000329.png,7,7,0.0158560984274789,503.6922109255,23.3329070648975,209.685739750782,158.984140795936
000329.png,8,8,0.017763317813803,160.451006114122,462.151035820838,223.09019713826,157.812743526878
000329.png,9,9,0.00579645107608309,285.944682769946,257.868074259494,186.194440208875,299.693930946309
000329.png,10,10,0.00132757427871581,171.384169285913,362.913650963708,189.322717732882,375.00482093845
000329.png,11,11,0.0528037994801892,489.247608049131,208.323592700779,0,427.903859649824
000329.png,12,12,0.00243076980609936,166.05846164493,323.891683832468,138.769594479062,309.163023290386
000329.png,13,13,0.0567304276285036,520.25466495614,171.215363457865,0,396.127772884701
000329.png,14,14,0.0119855649669976,23.4744667725361,486.637031667787,263.96482619997,393.908776889719
000329.png,15,15,0.00645088910080215,42.015252413993,332.034855928528,169.925433350257,303.663817951668
000329.png,16,16,0.00168284063499187,97.2842286723233,391.523148529689,44.8125641079582,354.519871798446
000329.png,17,17,0.00291692376731923,634.133586467238,209.960473108246,624.093312791365,228.994225577987
000329.png,18,18,0.00194461584487949,635.274079385216,161.938028713329,635.637636702339,145.946293853039
000329.png,19,19,0.00226248574260018,633.58648852129,164.484838831079,621.355249772494,152.604698055008
000329.png,20,21,0.00265514855743161,619.928815138886,199.963418273514,630.566532525775,179.263344561649
000329.png,21,22,0.00818982442362708,638.247767124637,102.564255362666,527.826716177115,151.050646636612
000329.png,22,23,0.00431929096314579,637.48478443609,484.602302034309,580.395224144867,505.64649807726
000329.png,23,24,0.00392662814831435,615.701234862471,463.053841391297,640,483.916404359066
000329.png,24,25,0.00693704306202203,625.447482154637,160.62541558001,525.852690797826,200.657805536995
000329.png,25,26,0.0135936126848787,637.955200551456,471.805694417204,492.904562376779,505.248833351397
000329.png,26,27,0.00747929171107496,638.143306785013,466.40305294402,514.17127435477,510.481712243554
000329.png,27,28,0.00888165890690152,263.705877891252,509.102155379585,637.552784163652,386.634817577847
000329.png,28,29,0.00845159963351471,507.617724010289,29.2288762128118,326.516613409457,119.007725527234
000329.png,29,30,0.0122847366354406,638.074905932445,220.190464186835,399.257758509669,314.112693917857
000329.png,30,31,0.00566556347113928,481.576245613978,312.851580588467,390.02027893746,346.634745568095
000329.png,31,32,0.00568426170041697,519.670575589073,151.294274449807,406.244899416677,204.240049966779
000329.png,32,33,0.000710532712552121,417.426376137546,100.750297274194,373.909482370109,81.6496397411005
000329.png,33,34,0.00443148033881191,304.729604016424,246.945606372464,393.934719523799,209.843047149796
000329.png,34,35,0.00272994147454236,129.285837465225,214.417189231068,197.03034599318,183.850939065829
000329.png,35,36,0.00143976365438193,537.189956045348,16.6330562820049,568.95767155599,0
000329.png,36,37,0.00603952805669303,638.16537732083,332.473434550504,250.557443469971,467.870315839293
000329.png,37,38,0.0056468652418616,510.08504440199,16.1846350025664,426.477640678285,54.6948933651734
000329.png,38,39,0.00439408388025654,377.365312678523,350.442210750856,281.055411683209,389.681583553082
000329.png,39,40,0.00104710083955049,598.684986856413,24.7875146728562,612.526936967991,32.607447567129
000329.png,40,41,0.00102840261027281,614.620072509243,493.176146921193,578.170095440091,503.603148857919
000329.png,41,42,0.00516071128064172,637.426679794096,14.8645613701092,534.406346207252,66.8829068002184
000329.png,42,43,0.0041510068996466,503.684529734566,79.3094295613435,423.135007392221,116.106514654349
000329.png,43,44,0.00112189375666124,379.527985913253,100.80992830372,405.093164607986,52.5794457585982
000329.png,44,45,0.00321609543576223,406.187212842179,126.408582905891,321.614941905132,165.159629470356
000329.png,45,46,0.00729230941829809,150.063099005327,359.428829884371,194.2203395195,172.051925210176
000329.png,46,47,0.00622651034946991,552.977911548295,221.447652743734,637.793115798569,187.483371206272
000329.png,47,48,0.00243076980609936,571.74086833941,178.560658995959,539.6148482013,149.563493727726
000329.png,48,49,0.00577775284680541,637.436526680097,176.477473118237,520.049442920171,219.921362741596
000329.png,49,50,0.0118733755913315,638.904380100302,94.0853896353498,384.960337346133,204.214420183941
000329.png,50,51,0.0026738467867093,286.772206903765,183.605200327502,208.524409742572,221.247535765049
000329.png,51,52,0.00559077055402853,632.260103650481,148.59531030118,520.815070099841,197.288000478131
000329.png,52,53,0.000654438024719059,77.1326480252151,0,0,45.5994237428176
000329.png,53,54,0.00138366896654887,158.184653029348,312.429035593292,54.695788349181,356.969704632716
000329.png,54,55,0.00628260503730297,557.6385993965,137.350220037237,571.166023992308,0.709435690604579
000329.png,55,56,0.00370224939698211,382.994098099017,206.49244884123,250.944220468212,259.363081328539
000329.png,56,57,9.3491146388437e-05,45.2959078071293,3.4712533065444,42.6540376618678,6.98923302515039
000329.png,57,58,0.00446887679736729,637.855933639477,7.72194356460765,542.509298636823,57.1228598697473
000329.png,58,59,0.00241207157682168,377.621733633744,87.161659134021,319.097877511334,113.568109413458
000329.png,59,60,0.00330958658215067,503.393965436439,72.6677305177798,417.062460978036,111.938971302207
000329.png,60,61,0.00985396682934126,529.002701706929,326.377922848449,553.637753860408,0.274809569192655
000329.png,61,62,0.00353396533348292,289.517527036479,138.852278107819,83.0163625867348,225.660092319094
000329.png,62,63,0.00186982292776874,191.189275807591,167.633834205633,72.6685292184917,243.931699524941
000329.png,63,64,0.0106205942297264,636.504021902741,281.923116591057,17.6371379061763,509.011117574011
000329.png,64,65,0.00676875899852284,638.124176865275,252.33792040147,548.938485229693,285.111317824343
000329.png,65,66,0.00493633252930947,634.851091825777,238.333143237574,566.081073714307,276.546650522333
000329.png,66,67,0.00224378751332249,544.958216952192,277.227098544891,603.027130386111,255.410524606193
000329.png,67,68,0.00127147959088274,584.394165548074,265.78499488443,538.901553325209,283.116789748861
000329.png,68,69,0.00360875825059367,638.212102946614,210.556115071992,548.7348353764,244.682850818582
000329.png,69,70,0.00224378751332249,529.871343286826,255.659571678311,637.601494688281,214.94554671027
000329.png,70,71,0.0028234326209308,375.902270757955,341.762575440447,257.399436494227,390.540984020148
000329.png,71,72,0.0032721901235953,480.01802355,304.048941803698,393.262692336966,335.997887935037
000329.png,72,73,0.000691834483274434,507.550850735448,274.783198845874,453.528968400456,294.723916882004
000329.png,73,74,0.00665656962285672,246.162451308504,392.414358539918,1.36774482903044,488.387330136571
000329.png,74,75,0.00175763355210262,362.818312757669,380.987863222397,371.228440460658,305.91356676569
000329.png,75,76,0.000916213234606683,42.8403303557434,504.237170491329,57.718007840678,445.447022667207
000329.png,76,77,0.00246816626465474,266.34278114936,363.253139855073,153.271894564559,402.728329556462
000329.png,77,78,0.000991006151717432,138.872391225466,438.921031742843,97.8181638823822,481.826007562778
000329.png,78,79,0.00140236719582656,124.779553700995,472.179653751029,137.302679221681,417.839297416797
000329.png,79,80,0.00314130251865148,375.137566980215,321.925520767408,293.169556506263,356.002467737113
000329.png,80,81,0.00338437949926142,486.372430070329,268.961748153915,370.793228433544,313.718964498921
000329.png,81,82,0.00254295918176549,246.452387719812,266.442014943506,142.904749115409,311.482000931128
000329.png,82,83,0.00446887679736729,97.7608172670712,376.917518699818,140.758808011882,200.673060603681
000329.png,83,84,0.000897515005328995,103.109641167123,318.511810241804,120.018007766505,281.853263548142
000329.png,84,85,0.000448757502664498,399.868910292374,171.485759661984,383.276932710676,180.38164482913
000329.png,85,86,0.00140236719582656,162.452601471064,265.320691067891,202.74779107293,185.402263128652
000329.png,86,87,0.00243076980609936,506.328584762908,24.6890615569771,394.951080979877,77.800355175473
000329.png,87,88,0.00325349189431761,377.338939046097,251.374783930161,404.284019324194,68.3362301699989
000329.png,88,89,0.00110319552738356,168.129216851691,238.28462184044,119.298006085065,260.453740379595
000329.png,89,90,0.00310390606009611,72.9427292716351,180.858641180613,23.7346991768007,140.21423594894
000329.png,90,91,0.000336568126998373,249.120935261464,242.294607681202,270.303291180844,246.456293389069
000329.png,91,92,0.000336568126998373,24.0486119936061,146.088638469555,0,159.277618134187
000329.png,92,93,0.00142106542510424,387.749632839392,127.458692116315,317.13109018152,160.121368098705
000329.png,93,94,0.000617041566163684,353.894393109922,147.554840548287,319.460017787993,155.723839938329
000336.png,1,1,0.0175423646279704,506.783422668469,297.382674264311,626.073489181097,498.771797311675
000336.png,2,2,0.00938595636930269,594.143801777405,473.911774762764,504.918448963926,328.479869718633
000336.png,3,3,0.00662251655629139,544.26903756881,508.617562401192,606.062934767633,431.244873304627
000336.png,4,4,0.0217666536813401,443.423053330915,391.850826404234,574.072066221779,512
000336.png,5,5,0.00299474094273471,558.012844707077,402.020851053131,505.075134505537,309.705463504366
000336.png,6,6,0.0111754966887417,453.557054159316,432.163799683887,580.545479101934,445.672853652313
000336.png,7,7,0.0431559213089209,353.007307095455,123.178926763242,527.982738636731,138.716810948327
000336.png,8,8,0.00143650175301909,500.012749578447,332.173849643267,560.03987748587,398.334653952494
000336.png,9,9,0.0134641604986365,389.652607667377,97.5445363117116,528.240449696264,128.715285325893
000336.png,10,10,0.00399298792364628,531.191404795657,341.281812083269,520.678864713486,470.21841488037
000336.png,11,11,0.00379820802493183,508.170170102207,353.061029230523,514.084230220677,430.14697850587
000336.png,12,12,0.00724337748344371,428.036092261028,227.716043166967,615.015327470186,251.48199129319
000336.png,13,13,0.00596513439813011,489.076482535543,240.727332823129,428.245223125911,211.489791853527
000336.png,14,14,0.00510079859758473,345.963228539576,114.428183865814,521.697722046938,129.519864073933
000336.png,15,15,0.00586774444877289,448.977215270532,384.601114214551,504.770220652918,433.405868879018
000336.png,16,16,0.00549035839501363,457.834254487715,386.153797697068,410.85477577603,510.323403783253
000336.png,17,17,0.00819292948967667,425.500349800298,443.788992245277,452.493987815508,511.399777033813
000336.png,18,18,0.00689033891702376,339.752048449062,479.301872794317,419.616855407278,494.51273121081
000336.png,19,19,0.0193684261784184,395.628209716286,509.95605782388,452.871052347072,25.6301872995085
000336.png,20,20,0.00113215816127776,433.826761986345,223.683730358648,421.606962267961,307.651743076231
000336.png,21,21,0.00966595247370471,332.244794102249,173.070219072042,416.510021439309,195.255693151506
000336.png,22,22,0.0051860148032723,325.581470961546,191.588851732152,410.118778247221,195.278690611728
000336.png,23,23,0.0064886053759252,311.049211059322,322.815532290027,391.517403572281,338.703343420718
000336.png,24,24,0.00349386443319049,333.014231284232,331.665123315585,303.38734599379,303.763651486776
000336.png,25,25,0.0012782430853136,316.815430695354,490.900118195306,314.520691085823,510.062354437336
000336.png,26,26,0.00860683677444488,33.7531784548594,287.170802977869,164.473411137746,314.728445400888
000336.png,27,27,0.0143893650175302,157.004239011218,417.733965589512,124.765160030018,250.478599757819
000336.png,28,28,0.0381159914296845,78.2638421941966,162.861228298843,180.622705982359,186.576769517426
000336.png,29,29,0.00580687573042462,177.607095379956,235.510602482218,146.805548078029,134.363738091101
000336.png,30,30,0.0157528243085314,199.385937446761,396.566792794309,1.12088794310637,204.840882263058
000336.png,31,31,0.000681729645500584,154.541622032019,121.878902189238,146.304506744576,85.0375828301624
000336.png,32,32,0.0171649785742111,200.567522887707,0,152.554736046548,355.534738223795
000336.png,33,33,0.00639121542656798,137.523278185544,320.74302424769,172.459749112704,418.55017379195
000336.png,34,34,0.0010956369302688,158.698131860179,385.417455165129,183.673147726994,408.355872018398
000336.png,35,35,0.00687816517335411,86.3485883499297,273.523039845047,191.116245121024,203.673499231155
000336.png,36,36,0.00900857031554344,150.008959309281,446.777349328841,102.253728611931,290.192331885148
000336.png,37,37,0.00540514218932606,62.9983057601206,293.211308652427,146.577367726864,429.329593229789
000336.png,38,38,0.00353038566419945,155.686761722794,511.685884974318,150.903440931633,512
000336.png,39,39,0.00261735488897546,104.863098132966,488.710712302294,161.630303625737,438.653039351662
000336.png,40,40,0.00266604986365407,74.9007814914603,376.347408779205,119.287488652877,441.117691330689
000336.png,41,41,0.0157041293338527,81.4651705766092,171.866649874977,178.274296027902,196.438288857174
000336.png,42,42,0.00172867160109077,104.031759844544,512,153.761869981562,457.231843604706
000336.png,43,43,0.00921552395792754,31.4177281043199,315.463716521987,116.761499730918,512
000336.png,44,44,0.0308726139462407,149.83991971897,223.873568755552,0,192.507984496314
000336.png,45,45,0.0210484028048305,32.515137701937,82.3502389547496,266.601803816886,137.086205186913
000336.png,46,46,0.0122833073626802,0,288.651185140253,86.5536685921802,485.277822924517
000336.png,47,47,0.0016678028827425,103.574076555333,319.447212769593,75.1703403499996,301.298460256234
000336.png,48,48,0.00491819244253993,59.9731654283892,178.985599994371,38.2511346237292,308.042269446871
000336.png,49,49,0.0104207245812232,9.72050146787928,408.925894502643,48.7741100433316,512
000336.png,50,50,0.0092276977015972,56.0698114878017,237.591904449588,116.307043814065,247.896478477663
000336.png,51,51,0.0070364238410596,0,391.399996651979,60.7710214929516,427.579936763623
000336.png,52,52,0.00735294117647059,15.1403094506338,348.589863167011,53.8871196697712,506.518382452653
000336.png,53,53,0.00766945851188157,0,429.803706319264,71.993690356154,436.285208769989
000336.png,54,54,0.00891118036618621,131.323671188932,209.458140512112,0,183.279054968698
000336.png,55,55,0.00138780677834048,20.2885837359036,286.053220677656,3.64464276043273,376.303305388776
000336.png,56,56,0.00248344370860927,0,462.405788535952,11.24911087535,406.250222510911
000336.png,57,57,0.0188936501753019,566.96864340356,179.528132362089,638.998527288628,200.584172289583
000336.png,58,58,0.00454080638878068,623.426530896716,196.097188427278,640,180.896433070436
000336.png,59,59,0.00770597974289053,612.535838731452,191.520750979045,574.697353618194,98.266729441334
000336.png,60,60,0.00306778340475263,585.900352524323,450.702830242111,590.045965997146,510.275159571879
000336.png,61,61,0.0092520451889365,594.138008584392,86.0642919920109,559.524954836462,369.697959441683
000336.png,62,62,0.00205736268017141,602.129875218257,512,640,483.764968749697
000336.png,63,63,0.00391994546162836,623.394615076456,430.258812417034,617.28426670479,510.402883333549
000336.png,64,64,0.0312378262563303,543.603878973193,14.6547538144674,637.603927145877,22.6541877450825
000336.png,65,65,0.00113215816127776,594.19056647286,100.879885084643,610.415686849719,129.766515893794
000336.png,66,66,0.00219127386053759,572.532169068775,162.44062345821,620.545597545029,104.451741920354
000336.png,67,67,0.00367647058823529,602.494181705358,436.984613550125,629.660761376367,487.099728570365
000336.png,68,68,0.00244692247760031,548.213998922691,510.435121365378,620.368306508664,474.948598938509
000336.png,69,69,0.00305560966108298,524.402806374667,246.250537900396,621.19596647844,157.881994032768
000336.png,70,70,0.00687816517335411,611.166696593942,212.939239641618,583.901192839569,439.988134595395
000336.png,71,71,0.00385907674328009,543.993494557871,501.995487350704,595.466481605155,427.791950474344
000336.png,72,72,0.00277561355668095,526.341662678787,493.433948824208,544.244675993697,377.728400327684
000336.png,73,73,0.00473558628749513,534.65525918017,336.297280481518,528.796109004048,230.956899720992
000336.png,74,74,0.00180171406310869,403.812030601603,512,429.143089214812,489.89320620426
000336.png,75,75,0.00124172185430464,406.429731689583,510.528896907673,402.08098809557,481.173116568258
000336.png,76,76,0.00366429684456564,311.857433130897,284.510448161443,373.875484018566,195.303870935524
000336.png,77,77,0.00261735488897546,372.813761635904,455.693755267094,358.744211668554,510.192129095265
000336.png,78,78,0.00217910011686794,351.400132647102,468.601723679532,362.052183224223,512
000336.png,79,80,0.0118815738215816,313.19570243041,153.493571836745,319.638599742249,312.258154859477
000336.png,80,81,0.00421211530970004,326.710350054428,498.928879708544,369.527476129722,488.544312616454
000336.png,81,82,0.00598948188546942,305.784664078972,304.649251257683,297.019104759242,166.731716363233
000336.png,82,83,0.00681729645500584,246.548348694219,224.76747620354,192.058254113561,226.206243818742
000336.png,83,84,0.00568513829372809,203.96067117125,168.004152867516,258.412455487749,166.931162423677
000336.png,84,85,0.00900857031554344,185.537987832582,135.59301336997,262.718811925656,145.517407228445
000336.png,85,86,0.000742598363848851,182.11326374697,106.283153673843,191.663276681236,130.906291398267
000336.png,86,87,0.00462602259446825,91.8872765971053,419.48307200498,141.879523922268,504.425087948379
000336.png,87,88,0.00539296844565641,126.720321014776,241.514805238234,57.1713952341794,232.160930246797
000336.png,88,89,0.00104694195559018,83.9388159072956,296.811053321121,56.5394616402543,344.311176050617
000336.png,89,90,0.00281213478768991,0,449.47645076914,30.9647160620909,471.509043359389
000336.png,90,91,0.00249561745227892,89.8891436719858,453.986653566484,9.87912231093398,453.431839694054
000336.png,91,92,0.00484514998052201,109.192813389495,249.155795289029,1.93205844515064,254.681067173151
000336.png,92,93,0.00348169068952084,6.07009364099707,440.739204421906,40.0374056533703,510.949491271394
000336.png,93,94,0.000401733541098559,0,396.4624953269,14.2420211753288,401.218794880574
000336.png,94,95,0.000657382158161278,0.00164526951165008,200.039395039629,30.0327923126274,198.785193213844
000336.png,95,96,0.00153389170237631,607.081513748825,482.947893144376,624.493884599494,512
000336.png,96,98,0.00234953252824309,539.97671887295,326.507459469126,605.563406941912,329.516432817056
000336.png,97,99,0.00131476431632256,538.77314132111,328.43025571343,554.054156622218,359.86288279163
000336.png,98,100,0.00304343591741332,484.139895405182,43.2121328148475,557.472710366566,56.2332663961462
000336.png,99,101,0.00192345149980522,525.738652403851,25.3078151652893,544.161594243863,85.336602877484
000336.png,100,102,0.0010956369302688,433.769268281055,206.828735565136,447.096969337524,212.428763251137
000336.png,101,103,0.00174084534476042,379.523800612863,465.328981622344,377.12375475865,509.952872133409
000336.png,102,104,0.000450428515777172,320.379224316776,267.114142187278,316.186935269392,293.7142533972
000336.png,103,105,0.00124172185430464,290.948273257471,93.2423099463342,273.792408916309,77.0948685025231
000336.png,104,106,0.00415124659135177,255.966680582901,265.033104226643,204.105126081277,257.295398152687
000336.png,105,107,0.00398081417997663,162.787016662434,173.117929011172,146.799487557399,303.853190122895
000336.png,106,108,0.00309213089209194,204.374778393224,220.791582690161,215.904532193718,167.120206360752
000336.png,107,109,0.00361560186988703,150.589496374291,177.261237272398,136.319552457877,281.770547790799
000336.png,108,110,0.0498393065835606,21.5516221604536,98.9958732493219,183.422422963367,123.222292029252
000336.png,109,111,0.00372516556291391,26.3070325749999,90.083324237023,135.429144536595,107.563611551222
000336.png,110,112,0.0012782430853136,1.87273708844486,458.572829740211,16.6033297581742,482.847539701169
000336.png,111,113,0.00167997662641215,0,171.19211741903,28.2340370015218,240.2694176381
000336.png,112,114,0.00283648227502922,577.781575873069,27.4523901835132,640,12.5783912978766
000336.png,113,115,0.0044555901830931,512.088750586263,386.699550395605,573.570523330974,466.636392919537
000336.png,114,116,0.00158258667705493,352.737905485146,512,332.498585703533,475.483094043504
000336.png,115,117,0.00298256719906506,532.390742814006,171.266482434292,553.813795444518,234.761982968264
000336.png,116,118,0.000657382158161278,529.890891031607,229.866035255967,560.211594796336,205.171025142794
000336.png,117,119,0.00368864433190495,462.147138827836,437.556089524359,511.996252381881,454.079106077209
000336.png,118,120,0.000973899493572263,142.013644580034,348.630598757966,116.225395118606,324.405187692799
000336.png,119,121,0.0022156213478769,115.745686840218,279.294946227497,147.548332427505,424.971841184031
000336.png,120,122,0.0025808336579665,573.722720672465,118.666892792726,576.761534422469,174.610465193062
000336.png,121,123,0.000584339696143358,125.96940782611,484.548648930245,138.782071653034,512
000336.png,122,124,0.000267822360732372,557.760786971202,496.217488247385,571.969795070347,511.845826350678
000336.png,123,125,0.004248636540709,251.428420805856,149.646091289578,242.561206822228,214.077235024761
000336.png,124,126,0.000669555901830931,178.964939717639,240.177821344712,152.187936869895,205.394987534958
000336.png,125,127,0.00409037787300351,202.690009141062,154.664767020891,193.012016488029,222.145142762296
000336.png,126,128,0.000426081028437865,13.0064113619824,298.533314057176,0,283.163784501882
000336.png,127,129,0.000876509544215037,164.3367652219,413.54581958883,155.628225811069,392.908596030058
000336.png,128,130,0.000413907284768212,102.333767592574,503.762301670981,136.177449874477,508.810312036171
000336.png,129,131,0.00186258278145695,1.70536698757107,279.986267763341,1.14270066093093,374.006838494792
000336.png,130,132,0.00298256719906506,451.260571687772,395.924725475075,460.00839367338,490.18483129696
000336.png,131,133,0.00125389559797429,436.598955823126,467.238695584285,500.655310881094,435.351905461747
000336.png,132,134,0.00585557070510323,410.595022650765,181.065624529782,392.581845096126,323.821054259499
000336.png,133,135,0.00136345929100117,391.088016153086,467.395639854959,387.443542858192,509.076979618205
000336.png,134,136,0.000158258667705493,554,510,564,510
000336.png,135,137,0.000645208414491624,116.396155154451,54.2125809072701,132.086350881542,24.9731163125668
000336.png,136,138,0.00147302298402805,157.694294294464,251.656471602167,127.177984400897,247.162379215235
000336.png,137,139,0.00118085313595637,21.935975695447,480.319989177663,29.5122112890979,512
000336.png,138,140,0.00124172185430464,581.666164479754,204.220394734007,604.601642326214,240.874979265446
000336.png,139,141,0.000365212310089599,574.032443004068,200.249635533931,599.062330950147,218.355560614578
000336.png,140,142,0.000864335800545384,0,208.601654603874,27.9510703508554,209.508359136331
000336.png,141,143,0.000766945851188157,56.4747847337438,353.402070568506,94.8472022553974,340.40797565962
000336.png,142,144,0.000547818465134398,56.0219450690787,357.221061865228,70.980207763471,319.23567642853
000336.png,143,145,0.00947117257499026,519.510460706116,3.31656534228711,617.956041240517,17.8475559928636
000336.png,144,146,0.00147302298402805,244.162047436914,143.334288333964,225.391916009245,251.547615060346
000336.png,145,147,0.00133911180366186,34.4145805744643,91.229382924413,82.68074393124,78.6020446289221
000336.png,146,148,0.00102259446825088,25.838585083176,88.2407056520115,88.0233103353387,101.365484092668
000336.png,147,149,0.000377386053759252,327.439546149491,492.95939720837,339.154429339702,509.165499213722
000336.png,148,150,0.000499123490455785,155.657451626136,225.834681844725,169.159782932575,254.397195062189
000336.png,149,151,0.000121737436696533,116,510,106,510
000336.png,150,152,0.00122954811063498,233.07292163135,154.179293435269,221.421500533406,223.903328301307
000336.png,151,153,0.00328691079080639,552.446085337723,350.558617241099,568.00002874559,204.298492849951
000336.png,152,154,0.000718250876509544,606.523524787446,504.088005784161,610.829037572737,478.475568064739
000336.png,153,155,0.00475993377483444,297.980908839806,12.0823355588683,375.934849224528,30.157529121143
000336.png,154,156,0.00243474873393066,0,238.228843991084,104.359005829872,254.515133938829
000336.png,155,157,0.000243474873393066,17.031530069706,211.826024347462,27.3809188477054,214.445733716291
000336.png,156,158,0.00859466303077522,288.843916841362,87.0847980416952,234.744494993627,510.095214555367
000336.png,157,159,0.00116867939228672,257.657048097659,185.966783506173,271.619883486794,200.368531940872
000336.png,158,160,0.000900857031554344,518.040642602639,273.829877474113,607.701372471685,295.250000396573
000336.png,159,161,0.000292169848071679,446.148187799269,350.692998233227,472.64718772579,345.026564621051
000336.png,160,162,0.00101042072458122,548.1146735699,393.564377944736,544.968354203079,436.071675964482
000336.png,161,163,0.00133911180366186,348.620245090178,223.698928449027,372.629220355528,305.343760532836
000336.png,162,164,0.000559992208804051,605.753177890711,178.991134046808,638.028515937632,181.654427262726
000336.png,163,165,0.00180171406310869,168.546555984467,155.491946542868,76.4506441370374,189.230133749195
000336.png,164,166,0.000572165952473705,449.012391165877,118.301588922495,442.308589580485,96.348747905796
000336.png,165,167,0.00103476821192053,9.47304959365488,215.609207740136,0,276.864071202222
000336.png,166,168,0.000706077132839891,71.2163035042771,404.5155331949,38.0404142850759,441.259615140093
000336.png,167,169,0.000267822360732372,457.973644504262,352.073362729623,471.009709179111,356.756557435451
000336.png,168,170,0.0018504090377873,493.798526100646,53.8927607908188,554.051391061053,60.3063444352411
000336.png,169,171,0.000450428515777172,591.771631719833,485.624703118148,603.502214092791,505.781495213428
000336.png,170,172,0.000474776003116478,596.701130853618,490.148117947902,592.804648831723,508.592498286729
000336.png,171,173,0.000584339696143358,364.653199722583,475.851375221046,319.196486081018,512
000336.png,172,174,0.000401733541098559,572.173637855236,427.625407699989,564.290667432426,466.059616753645
000336.png,173,175,0.000474776003116478,531.7871094286,403.79968230946,530.750197365855,435.959703526977
000336.png,174,176,0.000328691079080639,441.063327325884,445.045680541662,430.908299514841,476.295166672354
000336.png,175,177,0.00275126606934164,91.7209859860328,153.158852259014,161.21117345652,169.889834130658
000336.png,176,178,0.000353038566419945,357.965274913324,297.971804612578,388.664282185647,260.163291027247
000350.png,1,1,0.0144912061259667,153.32468015169,107.951279217767,162.444426897458,355.910095738655
000350.png,2,2,0.0106624769284745,137.954468693396,198.207115672398,74.2703812206457,196.893355932116
000350.png,3,3,0.0403618225361136,39.6026297221418,130.162290542888,10.1684059432553,420.827174871865
000350.png,4,4,0.00668120871912992,2.23826680584263,363.995028645844,2.35821402695627,417.999204380467
000350.png,5,5,0.0137437649678905,167.568708759132,448.048971741372,285.330070998513,422.016830063263
000350.png,6,6,0.0756746037799167,382.979418442976,167.440286593211,1.40093611425203,85.4778977994312
000350.png,7,7,0.0104641762130665,298.581003874019,133.392824360189,178.044613507305,142.585013130856
000350.png,8,8,0.0253672376710344,206.081857788671,119.809341147361,167.285121404704,510.127738063985
000350.png,9,9,0.0141403663987065,266.603486046585,446.284267984415,204.034934781912,205.471278847215
000350.png,10,10,0.0447091843739036,340.079626924897,199.621010080562,0.770824368121623,128.331207496066
000350.png,11,11,0.00495751788519914,6.85053345797974,416.055105443095,16.441064441505,268.028576243832
000350.png,12,12,0.0299281541254176,367.19427284644,177.956548770135,3.21898683808331,103.835189929478
000350.png,13,13,0.0345195783821712,158.115170070596,386.834611498456,10.7809227792967,407.165622625428
000350.png,14,14,0.0665832786735207,357.888442576906,260.590690951607,0,193.000164466923
000350.png,15,15,0.0019524993517092,337.358636430621,234.615409097633,308.126392019623,299.151328957082
000350.png,16,16,0.0286925881294141,271.211934243236,507.182135687349,320.713170869761,146.097768951612
000350.png,17,17,0.0282349710938573,1.52265178116969,78.5622443707945,192.480085547719,117.654907688544
000350.png,18,18,0.0340467074454292,308.723820751827,184.441280017781,1.631095360985,121.980595141285
000350.png,19,19,0.0201809112680568,170.256019402952,242.034140299252,47.2995698464809,226.021178238652
000350.png,20,20,0.0153911862958952,143.164162034396,427.372329079743,34.5618170747717,361.226413780862
000350.png,21,21,0.00558292783379349,208.977278428464,291.988361974455,280.481416018496,246.09931841774
000350.png,22,22,0.0100218130786949,167.978921658196,432.274297921904,300.273533491767,442.440437817128
000350.png,23,23,0.00491175618164346,274.979624428301,227.492511083985,210.545738518272,213.488925090999
000350.png,24,24,0.00187622984578306,274.551631202585,231.82308858787,238.342672054995,222.647707555988
000350.png,25,25,0.00117455039126257,309.794774863099,20.0541225081002,288.052289824657,0
000350.png,26,26,0.00535411931601507,436.105933987289,45.611497945672,268.830434344652,0
000350.png,27,27,0.000350839727260247,252.694931277891,0.298623824471334,251.104386796,0
000350.png,28,28,0.00613206827646171,81.9457766036636,209.110639024015,303.310584059984,248.66543605691
000350.png,29,29,0.00750491938313224,154.084990405335,386.06628875766,81.9861387424936,385.293925050459
000350.png,30,30,0.00651341580609241,273.150894352784,210.897728335626,238.035301616624,202.976876598763
000350.png,31,31,0.0103879067071404,88.9989351537212,389.162525150736,7.21497123420916,391.817445881741
000350.png,32,32,0.00565919733971963,203.375960794153,175.469962502619,309.711775535337,197.876252230187
000350.png,33,33,0.0100218130786949,271.900091213135,135.276943612091,207.887767120611,121.333521819112
000350.png,34,34,0.0163216742681941,271.173221416048,434.531189087156,181.111027061638,362.59347792983
000350.png,35,35,0.00739814207483564,126.08721512375,377.873957518408,30.2484952039766,373.942434093902
000350.png,36,36,0.0101896059917324,61.0520809712541,97.9116734641056,36.7929545823436,358.26024586034
000350.png,37,37,0.00298976463230471,83.2758500832666,410.419943592092,147.508884455259,429.641195956819
000350.png,38,38,0.0013575972054853,267.83029679175,240.036868003382,268.998938732585,182.020121805784
000350.png,39,39,0.0245740348094025,297.074438833219,258.674672140206,44.4040216336805,207.986050679655
000350.png,40,40,0.00489650228045823,284.982868069125,400.681067534792,167.087095637743,423.22610931518
000350.png,41,41,0.014979330963894,274.827610873593,429.709246482917,264.604305031726,259.963604396053
000350.png,42,42,0.00176945253748646,49.3485616995259,274.688019828556,70.074967697161,272.841464670931
000350.png,43,43,0.00491175618164346,569.953839319413,27.5637937095045,432.017004749305,42.1606904083899
000350.png,44,44,0.0118065195173666,295.441360945012,194.973299649752,50.7131813602385,144.773117115288
000350.png,45,45,0.00166267522918987,94.0918250603484,308.896965203933,32.1460701839797,307.063865334393
000350.png,46,46,0.0013575972054853,77.0875297678038,424.304810599661,32.1752405729634,395.491834639666
000350.png,47,47,0.00707781014994585,144.782754895852,184.251273214805,64.1000246296955,173.265396778792
000350.png,48,48,0.00332535045837973,279.100895359641,137.860927137998,316.064149889609,144.48939959695
000350.png,49,49,0.00539988101957076,226.528805473254,439.982234718663,225.682483453826,510.068618333889
000350.png,50,50,0.00837439175069024,249.977491302898,403.274150136246,182.481582796256,354.308660940403
000350.png,51,51,0.00501853348994005,83.9121639716385,394.450044041852,103.072371997364,227.893288354305
000350.png,52,52,0.000793202861631862,361.91806836129,180.487899096354,325.925481094932,174.44375661242
000350.png,53,53,0.00454566255319798,191.055148546852,447.311532252953,236.599067154065,350.281189005334
000350.png,54,54,0.00421007672712296,222.753363447186,466.757494390942,177.262778047748,512
000350.png,55,55,0.00359992067971384,192.78724299284,467.367175100985,170.425332813585,510.221941570501
000350.png,56,56,0.00269994050978538,232.454630360357,511.267273698762,197.739172457348,468.933707775295
000350.png,57,57,0.000823710664002319,282.784956510881,468.589287112515,260.153411464674,421.925596573411
000350.png,58,58,0.00103726528059551,279.681662357328,448.176546509493,282.818631073666,418.295909268253
000350.png,59,59,0.00463718596030935,141.876379564406,427.846903867373,105.548985961877,328.699657184239
000350.png,60,60,0.00186097594459783,244.037510415218,510.996215725275,229.445580430785,482.250925031926
000350.png,61,61,0.00445413914608661,121.971034022217,170.087349810744,6.09180192209989,131.660760973442
000350.png,62,62,0.00129658160074439,26.7846472124669,138.169784215569,0,143.753247479432
000350.png,63,63,0.000777948960446634,305.770115329939,256.414137384715,311.051462351297,208.335195220074
000350.png,64,64,0.00251689369556264,44.8586116949561,330.45155358155,91.9716963235216,341.851428534492
000350.png,65,65,0.0020592766600058,362.307704645424,29.826043650266,365.317431004861,0.546595418504427
000350.png,66,66,0.00986927406684259,90.7323223423233,258.505719290258,0,201.212082606314
000350.png,67,67,0.00137285110667053,149.952526427447,190.091405962785,83.993335058619,191.732047396181
000350.png,68,68,0.00349314337141724,88.0115354155353,380.128969867911,7.22673035203587,387.354582411693
000350.png,69,69,0.00433210793660479,254.109694194529,512,266.620732241633,475.52688246662
000350.png,70,70,0.00323382705126836,270.388680712577,482.443251887003,181.484767435405,508.223184192347
000350.png,71,71,0.00298976463230471,254.436533557134,268.042019878321,244.59818127367,370.25009591861
000350.png,72,72,0.00132708940311485,127.064022125277,403.600029406062,89.6496390589143,428.480654246699
000350.png,73,73,0.000579648245038669,20.2216058720425,366.016247165791,19.0441351536768,382.076551387353
000350.png,74,74,0.000152539011852281,18.7122015789796,379.898902734043,15.8172059256126,373.406198512318
000350.png,75,75,0.00269994050978538,179.64377252415,230.451040996953,186.13431782425,178.016626407098
000350.png,76,76,0.000350839727260247,193.646007732886,193.420307514199,166.134544162092,210.220327524125
000350.png,77,77,0.00266943270741492,247.982913535926,426.275601220878,169.984555174342,426.633435122943
000350.png,78,78,0.00122031209481825,86.7675143148749,210.928070671057,115.529540706134,200.679662067573
000350.png,79,79,0.00662019311438901,262.047136838078,480.980359724647,158.1348979594,479.358280956431
000350.png,80,80,0.00573546684564577,122.572105109131,232.059464855538,106.565350653179,386.058762794429
000350.png,81,81,0.000671171652150037,228.305752132694,377.999888204961,228.306721814798,397.999403305138
000350.png,82,82,0.00654392360846286,158.333549706041,400.103653726126,30.069891462927,420.440796180443
000350.png,83,83,0.000198300715407966,17.5862122065685,290.017858712881,19.1444883858873,326.123241339775
000350.png,84,84,0.00349314337141724,290.037423853081,493.861034468077,347.630758499144,509.371099909554
000350.png,85,85,0.00248638589319218,155.441951057706,400.418395062293,160.959470631616,302.278827152687
000350.png,86,86,0.000899980169928459,283.960986570694,396.078372127743,241.897115442725,396.932364665149
000350.png,87,87,0.0010830269841512,197.930792594992,500.971311447259,150.740379874162,497.608923394625
000350.png,88,88,0.000411855332001159,161.189865221123,504.040195092859,153.570075554542,499.413957714076
000350.png,89,89,0.00300501853348994,35.8965731257858,212.694194816287,7.1884201957668,197.721380380924
000350.png,90,90,0.00132708940311485,285.511079722189,509.764432495894,301.415521785281,476.754768190052
000350.png,91,91,0.00706255624876062,217.973632274296,400.632363099335,178.292806138801,398.97778657462
000350.png,92,92,0.00312704974297177,186.560401172028,143.212423301078,64.275644077215,118.628876873938
000350.png,93,93,0.00305078023704562,542.369881233806,346.899535746382,462.551481027428,337.377307481927
000350.png,94,94,0.00216605396830239,5.6693543455101,332.314880598343,9.45296728775223,264.191780640151
000350.png,95,95,0.000945741873484144,188.962524112374,121.937909867074,186.436494702841,164.145817634682
000350.png,96,96,0.00483548667571731,570.001030845471,156.027179149092,421.759145863381,161.649668478889
000350.png,97,97,0.00216605396830239,297.720973597811,478.167109750942,315.992422873658,289.999264246879
000350.png,98,98,0.00216605396830239,51.7341889839924,130.348372456223,29.9652920760114,81.1307535483014
000350.png,99,99,0.00105251918178074,42.9741055244617,142.099853847646,37.2309449574265,198.126182007137
000350.png,100,100,0.000579648245038669,302.658572894765,506.159771035205,274.665081011314,496.141585615374
000350.png,101,101,0.000366093628445475,275.082743810701,511.328294720927,280.925033464063,501.369382354277
000350.png,102,102,0.00758118888905838,205.471602559116,140.60203208194,1.35975339986976,99.152820329909
000350.png,103,103,0.00199826105526488,244.293417723955,442.014778262486,241.374523595051,499.968497286509
000350.png,104,104,0.00277621001571152,206.655539164899,394.756951350765,185.642994841656,377.551031723965
000350.png,105,105,0.000305078023704562,278.943206900686,458.723845408416,275.789322140666,480.262014647924
000350.png,106,106,0.00216605396830239,164.504314252442,293.834218887447,169.808588392864,245.978784026499
000350.png,107,107,0.00144912061259667,200.123778861735,452.137492252893,255.188996282686,421.785553832858
000350.png,108,108,0.000625409948594353,74.7008197984164,280.178777809749,51.4818208773147,275.920366931462
000350.png,109,109,0.00344738166786156,332.77080197618,264.073315133089,311.081679820472,492.102884401505
000350.png,110,110,0.0029287490275638,239.559550484086,334.154429244367,245.913079469974,269.991392986691
000350.png,111,111,0.00056439434385344,235.574785184385,228.387138383469,240.439254391287,208.599655757037
000350.png,112,112,0.000549140442668212,567.016178504344,201.339295210219,551.389751710139,213.195709604011
000350.png,113,113,0.00149488231615236,2.14737334334242,107.197217737629,36.1044562371512,113.430998764925
000350.png,114,114,0.00256265539911832,233.161725836015,478.388613253532,239.062981564904,430.37647642243
000350.png,115,115,0.00117455039126257,216.186167488625,468.29527961626,220.007790778687,440.001052279001
000350.png,116,116,0.00149488231615236,48.0358534826559,349.934873606408,45.9205562335843,283.810603032665
000350.png,117,117,0.000472870936742072,5.89590560314103,111.099603910255,9.84501200293984,128.186912402149
000350.png,118,118,0.00186097594459783,446.428190815407,483.344054243344,528.290430236727,512
000350.png,119,119,0.0004881248379273,285.013774041442,398.327627575601,290.217630194012,350.458498857661
000350.png,120,120,0.00289824122519334,563.922633681912,138.561937969495,421.474142955248,146.225526195178
000350.png,121,121,0.000640663849779581,527.818776319858,34.3269288668235,529.747440241457,0
000350.png,122,122,0.00149488231615236,203.977772305565,371.698837513013,193.333558623881,301.796934242338
000350.png,123,123,0.00158640572326372,260.321423284453,257.971610385668,296.342157938344,263.932335347515
000350.png,124,124,0.00369144408682521,220.394322771287,142.127967957786,310.201204229286,161.044790735712
000350.png,125,125,0.000350839727260247,340.738680940929,190.155200850075,325.222300287521,183.942245547412
000350.png,126,126,0.000198300715407966,323.270596710895,188.938562725904,327.044768463517,193.456446478684
000350.png,127,127,0.000183046814222737,354.232431423879,196.75296254669,328.993517215464,176.746631940684
000350.png,128,128,0.0020592766600058,551.445164591464,345.986673382694,555.093954572442,194.07431383779
000350.png,129,129,0.00102201137941028,131.273453189306,367.550292281439,123.341856101711,309.815655513844
000350.png,130,130,0.00277621001571152,559.836142918782,269.989594330877,567.442145739205,150.218591893429
000350.png,131,131,0.00115929649007734,0.473666059994643,188.0467033932,5.60926092604371,135.961473193562
000350.png,132,132,0.0004881248379273,3.86748413895777,157.963316248081,1.52580062014856,166.422380317252
000350.png,133,133,0.000945741873484144,65.8556802307409,348.981596612128,33.7404128773692,335.251205974925
000350.png,134,134,0.000259316320148878,328.228512118866,263.877556041414,326.558517968258,288.03860435722
000350.png,135,135,0.000823710664002319,323.360957167612,205.945622021974,318.079993863033,268.006806906057
000350.png,136,136,0.000289824122519334,328.436804382789,181.920357188854,324.778821924431,161.857996920618
000350.png,137,137,0.000823710664002319,206.312462856013,510.000469835288,206.306337576233,487.99991471109
000350.png,138,138,0.000701679454520494,89.9854067290045,243.922112091207,42.6493258973485,252.791117128652
000350.png,139,139,0.00056439434385344,77.7595024415114,264.169594563498,53.4977009085719,229.764576425717
000350.png,140,140,0.000762695059261406,230.500510929043,324.053256266766,225.571170646071,370.379986141278
000350.png,141,141,0.000533886541482984,35.9291361190196,377.987979445877,28.6683609929836,420.791888409216
000350.png,142,142,0.000701679454520494,265.009489826671,266.088836304243,261.090346122162,310.623958883641
000350.png,143,143,0.000442363134371616,62.7611234692239,386.354465028844,55.2119399294667,402.564416076269
000350.png,144,144,0.000640663849779581,191.987914358139,509.360338930177,248.00570496686,508.301948812258
000350.png,145,145,0.000671171652150037,10.0238548719941,215.058124364228,0,208.162242270448
000350.png,146,146,0.000472870936742072,134.36042290932,202.580459132576,122.148417175625,201.768307929578
000350.png,147,147,0.00106777308296597,236.628955923865,355.959539802798,240.617410727786,417.960282495398
000350.png,148,148,0.000442363134371616,202.00452381448,298.109909316193,234.114763738886,296.788267317585
000350.png,149,149,0.000701679454520494,241.870317411121,322.749778084642,234.088473022275,273.762006688384
000350.png,150,150,0.00202876885763534,248.436962606865,255.659863791562,188.293249874834,244.429511726087
000350.png,151,151,0.000884726268743231,223.870036811898,245.080088030704,249.313363709701,266.663204430154
000350.png,152,152,0.000305078023704562,149.61025513434,421.586077599914,143.61137222403,417.584402978441
000350.png,153,153,0.000793202861631862,501.98361963699,193.963010904742,483.972947410354,201.938911560459
000360.png,1,1,0.00924724041818859,401.064526008143,5.14129568307687,617.009930144846,44.4332021758127
000360.png,2,2,0.00488020849055654,428.895219016986,3.2338352391571,613.855750658566,66.4222362719197
000360.png,3,4,0.0057153781910023,585.658432512309,139.9028162391,412.950543657695,3.32709819816003
000360.png,4,5,0.0352783731296727,428.318274392447,511.146172434593,464.219373858935,0.0154085085184192
000360.png,5,6,0.0534911099707188,391.665227850426,504.26263542219,427.758813130978,0.555965207487645
000360.png,6,7,0.0424628450106157,365.172180745391,412.917365560122,481.58072558459,16.5617204879805
000360.png,7,8,0.0241997967418319,4.75644988833344,194.235238975312,398.83280507384,175.874005406269
000360.png,8,9,0.00427647135770419,402.029472063762,156.602693321129,91.9884538104694,171.763884491745
000360.png,9,10,0.00152946740322597,216.869546364622,0,258.935850437682,74.6000643492494
000360.png,10,11,0.00341111480061581,103.147258852046,165.794926037089,253.817498737022,107.528076270089
000360.png,11,12,0.168070355500548,263.231993939082,512,438.298059176435,20.5177722419616
000360.png,12,14,0.00217345367826848,0.848367286920918,299.424493086114,80.7438117284856,325.741906979586
000360.png,13,15,0.0169952002897938,509.685007851247,329.065278472527,606.778384576621,120.42683245338
000360.png,14,16,0.00234451253257665,589.201663530498,155.583377044332,640,133.641876736367
000360.png,15,17,0.0116219398074079,561.386208367494,510.858503490937,593.460843835239,10.7350232546457
000360.png,16,18,0.00144896911884565,225.819047476368,459.126996330424,265.36355019883,512
000360.png,17,19,0.000301868566426178,318.837197282154,509.793596555301,311.406371828056,479.653271700678
000360.png,18,20,0.0329439228826436,623.331108822455,512,640,478.526717980411
000360.png,19,22,0.0128897877863978,64.6587840367379,327.852862750915,100.570666819757,0.501422113040064
000360.png,20,23,0.00618830561173665,22.1564889754052,258.083086951769,46.9742708633329,113.251354575708
000360.png,21,24,0.000724484559422827,0.210162106312652,316.54310527202,29.9732759763221,279.978247142189
000360.png,22,25,0.00120747426570471,40.2934705440751,354.098439577889,32.64188100487,272.440604715708
000360.png,23,26,0.00156971654541613,143.735928357159,0,231.132227769305,35.1878807405743
000360.png,24,27,0.0124571095078536,109.48480080966,465.946532320814,157.82139262822,0.189025213051934
000360.png,25,28,0.0370895845282297,103.006455569463,512,263.486110109712,0
000369.png,1,1,0.0111197060529878,350.36840790607,186.58286906229,216.602306602539,175.027586614568
000369.png,2,2,0.108828079675111,630.622638431825,375.777239380621,217.917423589445,370.660712041098
000369.png,3,4,0.0621897763166377,578.444742203072,151.690818285167,328.085526132775,144.863663418585
000369.png,4,5,0.00444788242119513,248.516617898508,392.165992119539,367.524228878617,425.689000687805
000369.png,5,6,0.0812222007348675,352.36399013368,84.9742601458716,0,80.8403694965006
000369.png,6,7,0.0215464449171662,630.813743784394,0,620.074329600783,504.001583837025
000369.png,7,8,0.00230451879069168,637.142218387924,75.9943740469607,636.774945630219,131.991965206227
000369.png,8,9,0.0247373170888932,224.509241046158,1.00394645341513,183.116439635404,0
000369.png,9,10,0.0175497969444982,216.057387930439,299.120969763252,162.408569264078,56.5824430656824
000369.png,10,11,0.00549539096241862,202.750710154957,154.795115778831,161.264055565614,298.318568730389
000369.png,11,12,0.0210629794366016,349.710684237502,0,335.450840807605,355.657227065096
000369.png,12,13,0.00699413395216915,466.066426177281,429.58902160335,283.659494595724,400.106705079672
000369.png,13,14,0.0120060594340231,157.636687997465,62.7528386847816,100.533924220234,354.1046451333
000369.png,14,15,0.059063366208986,240.533386876748,61.8001653550263,0.00393049876518603,53.8806243032143
000369.png,15,16,0.0409334106878102,602.517827043159,332.415823765524,274.037029455503,322.742567658378
000369.png,16,17,0.00249790498291755,193.117639646595,401.772567948784,185.818900073428,301.721410946888
000369.png,17,18,0.0021111325984658,194.401262905241,296.835789779161,161.515436322618,341.995838976785
000369.png,18,20,0.00593050989492684,300.882564859396,385.94842635903,295.34315318905,505.969684162983
000369.png,19,21,0.000467349964545865,200.268784130638,165.188634394439,172.332920934908,162.517791197157
000369.png,20,22,0.0195158898987946,325.733673325308,407.581856355099,621.918234980472,421.713687126549
000369.png,21,23,0.0021111325984658,127.552680670917,388.817905547946,146.594999313811,445.795920432874
000369.png,22,24,0.0197898536711145,555.831264262725,0,547.857951254923,355.907206568092
000369.png,23,25,0.000402887900470573,153.559210149757,17.7642015965358,161.898088280209,0.940829631691926
000369.png,24,26,0.0102655837039902,127.351532323225,66.0805300235501,135.01791899457,318.212299040961
000369.png,25,27,0.0143105782247148,336.939908160467,0,321.626517199005,341.804060689449
000369.png,26,28,0.0042867272610069,124.448497759707,92.1050111006365,118.723077142052,225.602131602542
000369.png,27,29,0.00912138206665377,186.179812546856,482.311516952891,96.0770344933601,481.278809714597
000369.png,28,30,0.0125539869786631,329.533483703607,345.717366175808,344.566813271769,1.76253019830722
000369.png,29,31,0.00897634242248437,153.648172018639,63.3138035618307,331.306090308321,70.1734170726975
000369.png,30,32,0.0186134210017405,233.961854731486,91.997865609439,210.794182040178,506.044437874376
000369.png,31,33,0.00673628569586798,546.382796640533,306.768386746387,625.205315440982,297.134486498365
000369.png,32,34,0.00770321665699736,82.9353229875847,61.6089951139569,0,167.911570805435
000369.png,33,35,0.00230451879069168,179.254273512612,393.849647412373,183.88163100375,494.005468834999
000369.png,34,36,0.00206278605040933,195.676887354906,381.946939634211,147.371116415141,436.606680366212
000369.png,35,37,0.00267517565912461,17.1982550528582,508.559993012873,0,422.514054784532
000369.png,36,38,0.0224972603622768,290.095110257154,0,266.493089646301,506.022998780733
000369.png,37,39,0.00165989814993876,27.8987601947812,508.080656365242,2.20831900358279,475.834035105031
000369.png,38,40,0.00778379423709147,6.1407968954703,63.1223795050724,0,118.113996387436
000369.png,39,42,0.00425449622896925,217.944628558798,87.9489952880053,136.987746607364,168.993143684697
000369.png,40,44,0.0146973506091665,577.943398197326,0,570.261824050874,359.877518817615
000369.png,41,45,0.00510861857796687,567.620867731749,215.809315547234,573.954080981955,3.93884357120137
000369.png,42,46,0.00883130277831496,61.9012082890374,134.232498026867,18.1637250292825,285.149331171981
000369.png,43,47,0.00186939985818346,635.914569846353,80.3982278314186,602.728492557532,106.891566814283
000369.png,44,48,0.00736479082060208,45.7895762455631,327.780747929994,27.9144590068713,507.991515183559
000369.png,45,49,0.00438342035711984,621.96689735543,92.7271951816376,563.991935363834,92.8174101099067
000369.png,46,50,0.0058338167988139,65.1577165749527,89.8873127692579,15.6180590398506,204.946631772585
000369.png,47,51,0.000547927544639979,34.7827646130831,505.389796256412,0,497.534432170714
000369.png,48,52,0.000709082704828209,0.872438713795335,463.3458114004,31.3485974500662,503.989412871807
000369.png,49,53,0.00539869786630568,107.918727018773,473.994710166846,120.681067092985,277.914154311625
000369.png,50,54,0.00633339779539741,560.142948505579,196.249476967411,634.492312702363,199.083249859964
000369.png,51,55,0.00317475665570812,569.867112811356,207.994836779346,564.199940962613,353.852351882006
000369.png,52,56,0.0044962289692516,557.751971795339,341.993918855363,565.746031319757,15.9447372948161
000369.png,53,57,0.0048507703216657,56.6911002315367,331.228924031193,2.93390615062037,448.946532089897
000369.png,54,58,0.00767098562495971,371.632076819559,415.575055811581,625.906489657142,427.925255335253
000369.png,55,59,0.0059788564429833,25.8552416451097,263.308259721254,12.1377051660038,424.822665170075
000369.png,56,60,0.00209501708244698,222.525835490245,388.288659386619,346.390072519933,430.865195734259
000369.png,57,61,0.00510861857796687,638.113369172928,2.94269365118074,506.842205236191,0
000369.png,58,62,0.0019660929542964,145.84639274709,249.38838718477,183.190701285819,218.593250457413
000369.png,59,63,0.0017565912460517,155.964720617191,417.307959269886,172.239180667078,391.617578909681
000369.png,60,64,0.000757429252884677,284.958949217578,287.807796516635,306.396214736615,316.742966319944
000369.png,61,65,0.00544704441436215,325.818109017691,286.29704213107,225.918939363739,287.219277169132
000369.png,62,66,0.00278798427125637,181.069742321904,491.712198093085,105.350248858045,500.211271908729
000369.png,63,67,0.0150518919615806,291.923117151023,399.653463641589,620.050647697594,414.910756721222
000369.png,64,68,0.00146651195771289,130.618000637012,227.315348977016,177.103335864651,223.877088150317
000369.png,65,69,0.00357764455617869,202.903469889696,272.986051804475,146.880647167952,173.504067590125
000369.png,66,70,0.00222394121059756,578.721032726377,425.720156205609,575.711947974345,503.988925685635
000369.png,67,71,0.00157932056984465,37.0016081047356,173.467583640304,23.3301795114492,250.460523365534
000369.png,68,72,0.00122477921743054,37.4510171590784,299.915942001235,40.81981028072,358.068368857904
000369.png,69,73,0.00159543608586347,238.492456632666,0,233.900568822747,79.9942923826544
000369.png,70,74,0.0019660929542964,137.454530851852,270.515826593458,120.281954677494,346.249947045982
000369.png,71,75,0.000644620640752917,67.4117768480409,138.056248712311,70.4621651064381,169.955805561162
000369.png,72,76,0.00381937729646103,61.4230662168641,60.1890873035369,0,147.594280666625
000369.png,73,77,0.000402887900470573,177.106647469786,206.740222259012,166.091154306762,232.039688964775
000369.png,74,78,0.00138593437761877,155.255725385458,226.405975322118,187.145867023034,171.503872886386
000369.png,75,79,0.00193386192225875,596.478517491167,341.800281213841,586.692234685089,416.353398636028
000369.png,76,80,0.000338425836395281,590.652221588721,392.275110669948,594.352491603046,410.73128721516
000369.png,77,81,0.000257848256301167,192.808353604778,159.953429015869,191.538463091303,137.911365843131
000369.png,78,82,0.00140204989363759,222.010542695553,164.132335075072,219.419438407395,86.0192579230903
000369.png,79,83,0.00180493779410817,194.926856391924,75.916121778526,203.086705282269,166.082650923349
000369.png,80,84,0.00224005672661639,50.4790482327872,225.85343217193,42.1942290419813,311.825985325101
000369.png,81,85,0.000709082704828209,631.320299013796,205.97272410271,629.961313356839,239.837930495466
000369.png,82,86,0.000483465480564688,131.486138405187,350.676402361983,152.62882849866,342.468155279925
000369.png,83,87,0.00127312576548701,2.50983353105533,432.57207623399,29.0138536302375,501.610780688809
000369.png,84,88,0.0011925481853929,181.349032757845,197.876224240763,161.300714778204,162.147864074224
000369.png,85,89,0.00027396377231999,144.224131568985,343.126473180212,130.125949018648,339.509128293646
000369.png,86,90,0.00215947914652227,139.862419550489,343.169354861292,86.7321814722944,468.690952584163
000369.png,87,91,0.000370656868432927,117.195699521716,419.434270873847,120.453678311497,403.284578280598
000369.png,88,92,0.00116031715335525,167.288385525044,411.844152827793,175.105445890318,275.833638565895
000369.png,89,93,0.00140204989363759,313.338072511806,409.853376921403,411.532575799377,426.721086009132
000369.png,90,94,0.000709082704828209,189.486967770172,297.701651005748,192.005558279455,259.603717508019
000369.png,91,95,0.0212563656288274,618.542163388619,372.107658267205,220.398252395873,366.696618389234
000369.png,92,96,0.00103139302520467,258.101055493083,505.343825257642,208.657731781398,497.729208091195
000369.png,93,97,0.000354541352414104,58.1954373302059,146.327010155884,0.146948795771216,143.23828894969
000371.png,1,1,0.0248228882833787,458.982968184928,507.915232492279,640,457.566898422183
000371.png,2,2,0.00904632152588556,0,88.565732700569,69.3901315445327,74.9026796444464
000371.png,3,3,0.00551771117166213,3.74064342166026,126.005522861768,77.1968240166693,91.6825456537179
000371.png,4,4,0.0309673024523161,132.021593383928,500.315605526072,442.9764814757,479.040413147702
000371.png,5,5,0.0249182561307902,478.511369329653,13.9873314985102,487.288141079751,368.265372193484
000371.png,6,6,0.0141144414168937,396.708954884533,183.74712685793,358.333142847055,376.080648424835
000371.png,7,7,0.0271389645776567,402.468214037875,0,348.507345719762,330.532173100466
000371.png,8,8,0.0165940054495913,111.639746863137,0.00359700349478831,115.095289520899,346.088910467213
000371.png,9,9,0.0210490463215259,423.674764578916,509.732697636326,400.941039993642,367.296109500762
000371.png,10,10,0.0237602179836512,635.975197364887,252.474776200872,575.162497859658,505.472048586582
000371.png,11,11,0.0076566757493188,395.477684681767,512,496.285897267032,394.244751659724
000371.png,12,12,0.0140054495912807,160.347355554795,85.4937972145057,0,135.566071182466
000371.png,13,13,0.00163487738419619,70.6292427048902,141.006242584723,20.6587035609224,132.243617455825
000371.png,14,14,0.0186376021798365,418.311766540333,49.2961030546751,208.080820698523,47.8927303397018
000371.png,15,15,0.0091008174386921,382.775998125369,0,256.10590925366,81.5178436463045
000371.png,16,16,0.0126839237057221,119.163850908082,322.34665724973,0,312.188781729673
000371.png,17,17,0.00267029972752044,41.7394124957504,302.046149870949,0,317.893978129546
000371.png,18,18,0.0262125340599455,19.8644364337287,3.95867199616796,16.5270013574668,337.925319944528
000371.png,19,19,0.0242234332425068,621.870827434537,0.00351458388206481,631.016456662062,336.135594435462
000371.png,20,20,0.0052724795640327,403.467482455665,170.884945779469,334.023565976096,204.049345493657
000371.png,21,21,0.0044141689373297,394.686175529339,169.203552406463,322.842816110839,187.808425419483
000371.png,22,22,0.00408719346049046,96.7284082703675,92.3408609974857,0,102.89044308503
000371.png,23,23,0.00628065395095368,30.7684473134531,39.1328472087564,65.0843292954771,137.02211219796
000371.png,24,24,0.0294550408719346,46.2362264315655,0,30.635551199837,333.186951574697
000371.png,25,25,0.00404632152588556,48.970157842834,233.655863771283,6.0224720976319,283.382683774289
000371.png,26,26,0.0193051771117166,437.054630266998,346.852518289644,218.02764395046,331.602954469359
000371.png,27,27,0.00656675749318801,298.133200241705,452.005027472211,430.978936625034,387.753667063894
000371.png,28,28,0.00862397820163488,16.0603475295056,97.6997367470723,18.5173403807092,0
000371.png,29,29,0.0120708446866485,251.529945654088,196.083675870561,256.959960549941,356.37399375991
000371.png,30,30,0.00888283378746594,519.1226241058,403.891815283008,506.038385007668,510.004733058224
000371.png,31,31,0.013732970027248,422.611780176646,349.961497834467,424.435531478315,0
000371.png,32,32,0.0236512261580381,586.07960747399,2.07180051402358,595.385011020562,510.157780281675
000371.png,33,33,0.00489100817438692,575.570589191883,449.913694975088,563.436145160735,510.288643279423
000371.png,34,34,0.000871934604904632,570.87127123495,494.976017583706,555.215137973649,511.174456509855
000371.png,35,35,0.0091008174386921,123.234226769634,208.338802820985,0,182.889443452244
000371.png,36,36,0.00483651226158038,488.265272632559,436.274135336746,479.323839847024,510.160206448021
000371.png,37,37,0.000790190735694823,487.917060528031,485.782532557069,475.045855475599,509.481798730244
000371.png,38,38,0.00784741144414169,425.736727279198,509.790482347214,412.75112926654,402.150662955458
000371.png,39,39,0.00106267029972752,410.96888995776,491.223588969823,425.482450168419,506.743323869459
000371.png,40,40,0.00370572207084469,271.760415208928,29.755316083339,211.411385234894,7.60359212537956
000371.png,41,41,0.00739782016348774,504.140277140747,474.004230767359,503.967382209875,398.00462409383
000371.png,42,42,0.00728882833787466,456.742222284917,388.53531363761,402.109879898936,510.049401648469
000371.png,43,43,0.00115803814713896,244.156857031318,246.506178366906,241.664822868219,207.892556169894
000371.png,44,44,0.0162125340599455,578.228885320398,414.014360308113,576.652348782056,0.00513182132146994
000371.png,45,45,0.00904632152588556,622.877209062231,397.400354663952,582.277008403932,508.64119867852
000371.png,46,46,0.00501362397820164,552.405168055713,355.688762713638,491.963814209774,352.742281344059
000371.png,47,47,0.00115803814713896,537.990046676125,359.723670488828,513.028716766582,353.721708924697
000371.png,48,48,0.0073841961852861,426.002288188201,449.31548359868,282.261692781481,510.613654141562
000371.png,49,49,0.00262942779291553,542.063605521837,75.9675757934239,521.340874612931,35.3164619330772
000371.png,50,50,0.0129155313351499,520.751692163743,51.9788406440112,529.541466922509,364.238098946833
000371.png,51,51,0.00239782016348774,426.33193289748,288.171563440467,345.711447717713,217.750976675071
000371.png,52,52,0.00164850136239782,247.905669174098,12.5000849236311,255.084346690942,0
000371.png,53,53,0.00944141689373297,137.313940679217,0.00256004967167536,138.575207482037,338.005316653396
000371.png,54,54,0.00275204359673025,73.2113622491873,0,0,5.64327313539398
000371.png,55,55,0.00239782016348774,78.1054852169495,5.73535253965395,2.02189350071598,10.3601731424373
000371.png,56,56,0.000653950953678474,16.0130130722046,0.935531786781286,0,0.73977347973667
000371.png,57,57,0.00307901907356948,367.55363506163,0,388.828534990192,60.4125434788587
000371.png,58,58,0.000762942779291553,401.994752718191,0.715984534284999,357.99548752588,0.895792760908141
000371.png,59,59,0.00692098092643052,72.1582929746212,293.805394448956,0.579392651617084,223.410859255706
000371.png,60,60,0.0111852861035422,212.042173514047,0,214.657039042956,354.06899950738
000371.png,61,61,0.0193596730245232,371.083573661632,53.7901880160851,324.174249383433,327.976786709676
000371.png,62,62,0.00108991825613079,248.651846586729,0,231.357767307406,6.21205264370015
000371.png,63,63,0.00162125340599455,480.737420495177,297.306109219365,432.552799748869,293.983433906935
000371.png,64,64,0.0012125340599455,430.8565983092,314.882324272026,509.591049923619,301.068453178888
000371.png,65,65,0.0044141689373297,586.430385653763,399.86645274318,583.447180938655,479.605195435512
000371.png,66,66,0.00963215258855586,107.106186647843,131.998421748703,107.40582786981,342.015115230271
000371.png,67,67,0.0182561307901907,256.155171729069,2.55727430597124,272.415461228217,348.168645024696
000371.png,68,68,0.00305177111716621,414.872163439693,497.912607588812,405.248999930056,401.874847866244
000371.png,69,69,0.00132152588555858,243.944709933103,298.488686096895,324.994730777596,402.781235970631
000371.png,70,70,0.00386920980926431,515.682521066272,510.094448167799,520.414453819414,425.79872568962
000371.png,71,71,0.00681198910081744,550.045124903108,400.019906286418,503.886162949287,504.656132349402
000371.png,72,72,0.00603542234332425,268.329617783751,69.6973672547952,355.225408873032,6.66118208600325
000371.png,73,73,0.00809264305177112,559.32457166164,170.035022264842,574.995494636739,472.25949327602
000371.png,74,74,0.000735694822888283,575.551905430925,11.0870206709838,598.141379599011,0
000371.png,75,75,0.00407356948228883,418.776283538902,403.819150809505,425.175356862276,502.053717872046
000371.png,76,76,0.00115803814713896,415.763886657648,416.13326189448,430.275319750499,441.844610087792
000371.png,77,77,0.0023841961852861,325.671039390036,125.469759827547,268.050376648643,107.835393243771
000371.png,78,78,0.00420980926430518,32.3482176286424,12.3565161904866,46.8496327271505,79.5433157205819
000371.png,79,79,0.0056267029972752,32.9566969788151,53.9931120743292,33.9220279876331,188.072558316447
000371.png,80,80,0.0012125340599455,48.2198989030772,477.640647460386,0,497.050707194922
000371.png,81,81,0.00168937329700272,433.3048083012,290.386785156905,399.30372692241,229.274642917751
000371.png,82,82,0.00429155313351499,414.541139418117,223.429368228475,368.166180143905,357.989424456082
000371.png,83,83,0.0029700272479564,299.51367035811,409.52807585608,399.204644674466,398.686506482669
000371.png,84,84,0.00276566757493188,215.715491233783,28.8838498511684,275.270105869952,48.0543117913266
000371.png,85,85,0.00290190735694823,76.6415359937965,293.652658182091,61.2912569851952,265.300884824916
000371.png,86,86,0.005,164.330246964191,191.460641576993,46.0430799068959,186.8860616275
000371.png,87,87,0.000463215258855586,296.352706613011,0,308.152363954342,16.4567313794275
000371.png,88,88,0.00215258855585831,267.153781375526,144.260839877697,303.885219298297,92.7827466730369
000371.png,89,89,0.00147138964577657,529.278023391237,39.3183937588707,544.447463862715,67.7613547892804
000371.png,90,90,0.00227520435967302,528.316003469677,39.4551206579986,482.780313990898,16.455124295441
000371.png,91,91,0.00061307901907357,498.907638243842,23.6535448935778,528.418355974802,43.3952630010482
000371.png,92,92,0.00253405994550409,52.1995634766441,179.097818188598,100.693197634535,189.824656288583
000371.png,93,93,0.00163487738419619,421.827198248363,468.586215198015,414.146138139055,419.474735861072
000371.png,94,94,0.00544959128065395,395.665835844013,0,339.651478643858,50.2292488562567
000371.png,95,95,0.00404632152588556,127.375786468019,184.493003310232,45.9616043231916,164.153690176492
000371.png,96,96,0.00237057220708447,21.4131828780769,158.075538960591,23.0585227489875,257.982567495914
000371.png,97,97,0.00262942779291553,340.834501322159,225.937735766947,332.731649301888,377.611704165454
000371.png,98,98,0.000381471389645777,425.041782808287,426.079285860845,423.38457391765,406.050922261829
000371.png,99,99,0.00155313351498638,41.7658081746238,11.9712091234742,41.6399600557883,47.9637760891219
000371.png,100,100,0.00287465940054496,606.64675192694,311.933528424025,603.035061115091,385.461401953817
000371.png,101,101,0.00113079019073569,238.342480058963,299.90228939861,236.711451743691,327.570340955935
000371.png,102,102,0.00245231607629428,58.192064867724,309.162001791306,114.475691618338,312.971062450247
000371.png,103,103,0.0014441416893733,0.36946734620364,109.090574185933,44.788429229159,127.136417743675
000371.png,104,104,0.00295640326975477,395.230738097285,504.943117729732,362.176925674771,457.68011100537
000371.png,105,105,0.0026158038147139,366.621247824783,447.96848273941,365.20262454064,510.027491112413
000371.png,106,106,0.000967302452316076,211.982101462008,101.95888078312,295.97508913543,102.726335185589
000371.png,107,107,0.0014850136239782,612.959964111259,437.660319525242,630.309469145583,400.28678541737
000371.png,108,108,0.000653950953678474,331.93144353616,99.4076786847249,320.031328099573,60.6037382442586
000371.png,109,109,0.00235694822888283,340.793844941437,63.6584071111584,269.310333436941,83.5175236180546
000371.png,110,110,0.00434604904632153,56.7716619916489,111.932947492916,57.5124315233841,9.9819254883438
000371.png,111,111,0.00125340599455041,361.478195943213,145.556488828051,342.079770614351,117.943959342561
000371.png,112,112,0.000858310626702997,0.180245860291515,21.2929675106477,39.2125652933053,31.2435908572811
000371.png,113,113,0.00160762942779292,3.63891450976896,67.9317538741896,4.48521638273557,13.8511042442857
000371.png,114,114,0.00153950953678474,511.324762867247,389.766454945295,509.078565845822,453.967761985729
000371.png,115,115,0.000694822888283379,385.592115936529,36.736103736031,375.449079358481,3.55700826889249
000371.png,116,116,0.00152588555858311,496.372486771256,417.740806509455,458.266436338008,403.297076547397
000371.png,117,117,0.00126702997275204,105.273990069831,89.9960672653133,105.761491191639,0
000371.png,118,119,0.000599455040871935,628.729079533009,8.91043794994889,629.776275987144,0
000371.png,119,120,0.00138964577656676,387.639418897517,133.166332410187,297.767466503867,96.7119621608072
000371.png,120,121,0.000435967302452316,342.245197711205,125.183425757428,334.875549640649,129.774916763189
000371.png,121,122,0.00167574931880109,341.809332089901,236.365599254799,257.830615444985,240.771290183808
000371.png,122,123,0.00475476839237057,361.955014090116,21.5915940221579,353.134278618359,195.346868026822
000371.png,123,124,0.000980926430517711,364.667445333796,91.3529904544479,360.830422491272,134.837943561702
000371.png,124,125,0.000912806539509537,638.070449510496,20.5098444115401,621.014322488747,22.8666336053539
000371.png,125,126,0.00126702997275204,578.016710216477,400.284949318297,628.148357044582,400.773395916276
000371.png,126,127,0.00151226158038147,407.07498587334,481.825953661715,359.479785507385,502.076779011855
000371.png,127,128,0.00170299727520436,431.830779279774,458.026917296249,439.834596602553,508.344442481215
000371.png,128,129,0.000258855585831063,5.97327695297012,251.516130816438,10.814233269319,231.23941539558
000371.png,129,130,0.00478201634877384,375.089190092404,385.905323461405,371.049680095362,510.099193408163
000371.png,130,131,0.000245231607629428,34,0,52,0
000371.png,131,132,0.00110354223433243,269.64388785517,88.000210294275,269.668690729677,130.00137670394
000371.png,132,133,0.00164850136239782,580.861405102086,344.012910598601,581.519757520362,402.073479873875
000371.png,133,134,0.000940054495912807,462.800914515893,453.78962354163,471.30928051789,486.181431495484
000371.png,134,135,0.000994550408719346,637.530250205856,26.2512583589095,617.735156717929,31.5686482308688
000371.png,135,136,0.00168937329700272,351.388463963437,180.307112369231,316.598746698192,209.037934501337
000371.png,136,137,0.00226158038147139,93.9584538627709,269.883861458283,0,270.160396773269
000371.png,137,139,0.000967302452316076,25.3213005181216,179.075798063244,0.557780720572893,176.544109708394
000371.png,138,140,0.00100817438692098,264.094090368825,237.69327000296,219.246594518442,223.936162885452
000371.png,139,141,0.00114441416893733,615.018909184453,503.263356607752,608.393530623485,466.652656875245
000371.png,140,142,0.00133514986376022,440.804471044994,289.401712795112,464.671725864038,278.419865153715
000371.png,141,143,0.0005858310626703,244.748447803063,511.314908567489,227.314110042486,494.720611240743
000371.png,142,144,0.00331062670299728,400.132406843238,455.241085391083,218.281870757178,474.642051349852
000371.png,143,145,0.000708446866485014,459.934036915688,320.031095357737,473.278962343801,348.339901083991
000371.png,144,146,0.00836512261580382,435.890200604682,0,445.313982398984,364.069526400679
000371.png,145,147,0.0026158038147139,134.060091486948,505.161516635714,233.586762118454,500.012468016616
000371.png,146,148,0.000667574931880109,232.230206787047,0,209.302519011859,4.0915077853055
000371.png,147,149,0.000354223433242507,302.844899742954,138.699891606942,293.28414750047,147.194281329994
000371.png,148,150,0.00247956403269755,56.913995132981,143.511951663402,35.9762639206725,190.102578648018
000371.png,149,151,0.00113079019073569,566.604004368656,410.095120330672,534.078897775486,408.44493091096
000371.png,150,152,0.00178474114441417,110.740570121396,60.0179458336635,49.6574721278084,43.2475987193335
000371.png,151,153,0.00509536784741144,501.710238274701,75.9873151422853,503.624272182589,334.047288849389
000371.png,152,154,0.000340599455040872,503.739299248797,251.963790182292,504.905128382046,243.570140336769
000371.png,153,155,0.00277929155313351,83.229804446074,238.032615563639,84.4557669675395,342.159466285254
000371.png,154,156,0.00106267029972752,529.652834785367,460.370757782573,536.985538776606,506.792083366093
000371.png,155,157,0.00694822888283379,536.091219724579,67.9408390574081,544.870150213887,378.258284919906
000371.png,156,158,0.00129427792915531,639.904842093967,487.541921257636,621.042500608862,510.843877744508
000371.png,157,159,0.000517711171662125,633.381352613987,509.246661274857,634.970164313631,499.505809306795
000371.png,158,160,0.000762942779291553,244.542364669348,273.388547486474,276.478045592883,301.71582497957
000371.png,159,161,0.00050408719346049,46.1360051359566,263.737190975957,47.0265472643661,243.866737568908
000371.png,160,162,0.000980926430517711,406.429172160116,468.299552072613,379.016699699395,481.517971739714
000371.png,161,163,0.000354223433242507,376.966082265267,491.946268880572,391.783243395472,475.325771780829
000371.png,162,164,0.00102179836512262,52.1765691084345,315.467821321639,135.011530380042,342.95125095468
000371.png,163,165,0.000340599455040872,587.52985962561,0,579.899329608293,0.518511106855467
000371.png,164,166,0.000790190735694823,378.650629666329,434.080248061293,398.43680958783,427.268877183689
000371.png,165,168,0.000831062670299728,278.510141263005,271.182189983041,218.470610564553,297.09058242427
000371.png,166,169,0.000831062670299728,231.335590634263,286.979608662129,273.143944471518,259.75685517083
000371.png,167,170,0.000776566757493188,631.920244492441,108.034071500209,609.325093329397,55.1427183648455
000371.png,168,171,0.000790190735694823,294.211220394667,152.81421362121,291.003453748647,114.249247492824
000371.png,169,172,0.00111716621253406,54.933891962987,281.11040327219,50.2370410222007,339.536719736333
000371.png,170,173,0.000395095367847411,72.215439550521,278.315397439631,53.4214731328485,291.153052945868
000371.png,171,174,0.000449591280653951,98.3377652981827,120.770222165974,111.260920374376,145.336694779376
000371.png,172,175,0.000422343324250681,429.04798082307,91.9385802144026,402.726984071204,99.661157029917
000371.png,173,176,0.00050408719346049,409.862683387248,95.486184872692,420.593607848328,134.387948680599
000371.png,174,177,0.000395095367847411,425.894543866583,1.13852536635111,447.707402049938,3.15894559656607
000371.png,175,178,0.000653950953678474,501.830230502016,326.415256995884,465.487979533726,284.443343530227
000371.png,176,179,0.000286103542234332,400.583186853081,503.180006510518,405.160754886979,477.642023939034
000371.png,177,180,0.00130790190735695,382.714288822487,417.517027819332,377.227612911371,477.563931868053
000371.png,178,181,0.00215258855585831,417.977837706691,5.84976006523256,411.61242073782,91.5254240993182
000371.png,179,182,0.000381471389645777,410.008332538073,508.257900950146,377.977150979409,509.292798416423
000371.png,180,183,0.000940054495912807,216.197647704403,20.6202267045456,274.716411662047,1.97204648924367
000371.png,181,184,0.000408719346049046,267.821662920086,0,259.993865433138,4.54441241631942
000371.png,182,185,0.000299727520435967,0.237714752152572,510.021880219937,2.82689970654642,481.892023140352
000371.png,183,186,0.0005858310626703,333.552452783832,93.6063796147257,351.440848967473,73.2672350652843
000371.png,184,187,0.00222070844686648,281.346680148755,67.9404402273242,371.425818047358,66.3084045246365
000371.png,185,188,0.000395095367847411,385.997022220601,456.227644549671,390.125679628035,437.584909265215
000371.png,186,190,0.00182561307901907,287.989887838937,508.570375926938,141.997192084735,509.60302617482
000372.png,1,1,0.0143707143918248,640,311.735107077481,407.392830607809,237.628176952177
000372.png,2,2,0.0155826081517447,528.791563081712,447.46877135645,478.683522004953,233.839675636946
000372.png,3,3,0.00523850851062166,516.000841007416,355.713394592697,416.036914238167,355.420063058679
000372.png,4,5,0.0205396445632882,573.688242402084,208.013616117282,398.933656019908,143.472007961313
000372.png,5,6,0.00672405570020094,516.842122575649,381.112936081723,497.195483658465,185.27813102868
000372.png,6,7,0.003674774626854,462.852165673283,352.759905001149,399.233665618401,342.414004412624
000372.png,7,8,0.000523850851062166,429.427856310345,349.13007203964,412.778393267412,344.34092322936
000372.png,8,9,0.000852234966653375,404.634140062988,307.827183386056,378.259938476267,276.120161723751
000372.png,9,10,0.000164192057795604,363.586244108651,281.518755751001,350.840866531175,288.068242236018
000372.png,10,11,0.00516814048585212,350.30817987298,254.925985245733,242.896212476832,290.674078016351
000372.png,11,13,0.0010007896856113,120.20828218002,334.018917725178,169.6963293844,390.187970731483
000372.png,12,14,0.00512904713875793,53.8440446781505,281.99268609466,67.0687797375844,0
000372.png,13,15,0.0112901586408025,370.755081830511,117.800224741728,603.02072407941,223.762610455916
000372.png,14,16,0.000805322950140345,320.181515178134,452.738364144992,291.049625403959,494.728213415937
000372.png,15,17,0.00566853532865777,390.350812760697,85.6855098777179,593.696450416815,176.678355350166
000372.png,16,18,0.000203285404889796,294.001294748048,481.993463829767,314.389797676064,486.032216405985
000372.png,17,19,0.000328384115591209,228.755873801313,485.519327736366,231.237900098909,510.077024811817
000372.png,18,20,0.000695861578276609,160.250816799738,465.480379719605,214.183388589477,472.035176027493
000372.png,19,25,0.00171228860272559,608.715042068117,396.364804602622,583.809732048391,172.243158194205
000372.png,20,26,0.000336202785010047,328.184000662805,466.219920617736,309.622719918585,464.301305080999
000372.png,21,27,0.000211104074308634,330.729195943024,487.05470829796,311.991829382434,469.692100456879
000374.png,1,1,0.00624322566659441,487.911720443039,273.797952481236,508.896461498482,264.629200226064
000374.png,2,2,0.12113592022545,562.251373833204,508.014355619372,580.778945846818,183.587615371239
000374.png,3,3,0.0768697160199436,560.661525765153,283.48864649065,548.366697578843,508.020079521461
000374.png,4,4,0.0581833947539562,0,102.325505893719,277.374728463808,155.654548212901
000374.png,5,5,0.0584868848905268,158.661822887435,129.997621429939,637.967220762928,210.195905255291
000374.png,6,6,0.0183394753956211,477.662566276042,413.325356400031,500.230398940068,469.908106185275
000374.png,7,7,0.102449598959462,331.493516206628,0,271.99815980496,507.891229784092
000374.png,8,8,0.0055061781920659,251.002397492982,99.4125133902722,247.764429532313,137.980222584053
000374.png,9,9,0.0544981573813137,378.769718184487,509.887371044079,413.436053409106,131.215993969075
000374.png,10,10,0.00828094515499675,393.032337862805,414.071195074725,391.57121472778,312.120798874948
000374.png,11,11,0.0198135703446781,415.413145721924,484.948889061356,395.479282393845,388.590178640205
000374.png,12,12,0.0434424452633861,49.715408518715,92.6782248496914,0,404.283303676137
000374.png,13,13,0.0347279427704314,466.939334070303,429.992253252269,406.338672014059,336.892452079211
000374.png,14,14,0.0115326251896813,589.64480021431,19.5936299759086,582.522828854356,166.025428712609
000374.png,15,15,0.00619986993279861,519.166987898891,322.537847626985,497.270065867837,337.81982551512
000374.png,16,16,0.0213310210275309,31.7614170065968,371.504389524753,45.8974208081058,486.504296711808
000374.png,17,17,0.00546282245827011,60.4888935298864,308.611717802999,79.0310626263204,293.792553709919
000374.png,18,18,0.0055495339258617,152.07684849882,220.217676393368,172.476813131981,213.015670545237
000374.png,19,19,0.00511597658790375,63.7022669835533,269.552332026443,78.024618779316,272.299319739203
000374.png,20,20,0.00342510296986776,67.7521907290741,269.787479777939,81.4509955517712,253.813984160689
000374.png,21,21,0.00754389768046824,518.904752717738,472.192464176883,528.111004860962,510.38380188189
000374.png,22,22,0.00446564058096683,49.1486128157012,429.636216908577,9.98670785319856,409.981367714177
000374.png,23,23,0.00494255365272057,464.770614464275,369.01619914105,481.669363649475,356.201367850385
000374.png,24,24,0.00190765228701496,568.485550866233,478.425057123412,541.469296608931,509.286240090305
000374.png,25,25,0.019206590071537,423.33475996828,9.44776870615669,575.899783747122,38.8848829408489
000374.png,26,26,0.0383264686754823,338.171211413255,1.80289666852323,283.382639983505,510.149018289461
000374.png,27,27,0.0113158465207024,579.687614262344,153.373969607317,570.150180991492,280.011310575332
000374.png,28,28,0.00251463256015608,423.701001308759,464.343252774064,449.526705171346,486.839361294495
000374.png,29,29,0.00615651419900282,421.324834447306,485.301660219148,520.230188689144,497.897240735586
000374.png,30,30,0.0279210925644917,0,67.5838638176772,253.870457176679,112.134999515956
000374.png,31,31,0.0015608064166486,575.926461190067,247.35879574663,597.867240931698,244.842438715742
000374.png,32,32,0.0047257749837416,636.6228822623,392.000047416606,636.620472038174,322.000047499594
000378.png,1,1,0.061868781327149,638.067300711594,264.42288019974,350.093979137932,259.004887360788
000378.png,2,2,0.0291763297673375,543.695203527732,79.5831846629891,540.858870508212,0
000378.png,3,3,0.00493753272985711,352.300395620562,106.533095110719,378.022041281815,92.0391154156895
000378.png,4,4,0.0020947108550909,345.754747124545,95.4157409823604,370.064614289216,99.6270090733116
000378.png,5,5,0.0814692900426423,82.2409806207983,283.986387066673,82.9664416143286,509.996897862443
000378.png,6,6,0.0255105857709284,0,285.318988762922,76.0037856920408,285.043168608657
000378.png,7,7,0.0204234308371362,291.992493688327,115.644500983644,286.848729057425,0
000378.png,8,8,0.00718186578888307,278.325349324024,19.6254639879675,273.258337820508,42.2814275453644
000378.png,9,9,0.0243136081394479,538.24869365675,74.6036695878459,498.966999370761,0
000378.png,10,10,0.037405550983766,531.458074581154,83.1571916676652,493.02109683226,0
000378.png,11,11,0.0114460986010324,459.507601819696,106.942641839347,525.991573801097,75.9819058832272
000378.png,12,12,0.00987506545971422,518.896795238165,0,465.463171915337,47.6410749964493
000378.png,13,13,0.00172065534525324,625.862226709501,323.040173779198,635.281900606904,316.23669081741
000378.png,14,14,0.0476546719533179,637.767668236289,316.595307344966,351.734811797075,336.113814519889
000378.png,15,15,0.00478791052592205,468.842071754019,109.613332214496,517.981772785165,83.9650783288548
000378.png,16,16,0.00299244407870128,562.005076564507,0.848064794813716,584.004288269334,0.716376251670671
000378.png,17,17,0.00890252113413631,426.353640198144,13.6581227281695,451.106638954972,39.2627946566668
000378.png,18,18,0.0118949652128376,355.873393407542,92.0461362081303,358.138923666914,0.0526754429018581
000378.png,19,19,0.0114460986010324,445.79935941241,10.6032374194438,413.920118748846,0
000378.png,20,20,0.0237151193237076,446.971799472125,105.836925502097,444.496211418441,0
000378.png,21,21,0.00359093289444153,437.50734068581,12.0267639543775,423.274251336267,13.2006777230935
000378.png,22,22,0.0229670083040323,493.729782163472,91.9566569211233,493.292616456604,13.9927519332562
000378.png,23,23,0.00785516570659086,638.203237756742,79.199072269391,588.208167106049,77.0826300779298
000378.png,24,24,0.0113712874990649,638.028397012922,66.3789195877364,535.852826311393,74.0361669177476
000378.png,25,25,0.00179546644722077,502.951517515298,93.760686553375,512.500293760944,100.408786698252
000378.png,26,26,0.00269319967083115,498.199054785299,98.7104374796658,512.254120201701,122.678146198142
000378.png,27,27,0.0039649884042792,377.354310856249,42.9338623948451,362.103223555575,52.1704388487887
000378.png,28,28,0.00875289893020124,372.028193019779,211.235925978185,428.022367607047,211.807055716092
000378.png,29,29,0.00254357746689609,392.338909932577,226.613378539266,415.805248138078,213.64752696483
000378.png,30,30,0.00336649958853894,94.1849673955375,60.1979367753815,109.710240634879,45.6899235446229
000378.png,31,31,0.00216952195705843,94.6046748816297,65.542038790619,112.558573230179,10.8397521662557
000378.png,32,32,0.0308221740106232,479.314480273038,105.036144273223,483.978598313526,0.087933047940993
000378.png,33,33,0.00800478791052592,493.365167283768,96.6303966603944,489.621397087876,38.2293441846875
000378.png,34,34,0.00897733223610384,613.076393393264,96.1340274392921,602.592244127686,33.9002282374537
000378.png,35,35,0.0016458442432857,267.783485295236,37.9379937303834,271.792145967863,23.9404740053493
000378.png,36,36,0.00224433305902596,277.868399515177,266.107053759554,288.946282888484,277.041285002697
000378.png,37,37,0.00852846562429865,515.633860690762,79.2627493511461,498.24578590193,29.219674385531
000378.png,38,38,0.0112216652951298,592.082696867401,81.3754796523659,569.19336458465,5.04243330282783
000378.png,39,39,0.00314206628263634,54.0535709109684,226.786521073527,45.5328616965722,212.366921192744
000378.png,40,40,0.00179546644722077,53.244192519094,215.903369288576,51.6381578323707,228.465141968682
000378.png,41,41,0.00643375476920775,470.052111408612,99.1033328745096,396.028316984618,102.599543571518
000378.png,42,42,0.00306725518066881,0.00456603141848774,204.112888563792,34.0297959383092,202.736661747212
000378.png,43,43,0.0399491284506621,357.156710148622,91.9962366927986,356.603446280811,510.003445856261
000378.png,44,44,0.00875289893020124,433.003077026526,32.335978173625,428.439127353614,100.298106523815
000382.png,1,1,0.00475443350924737,75.2910230539816,5.48959226626482,51.9059245814274,129.605447993851
000382.png,2,2,0.00568154804355061,162.31251845388,95.3999924489938,0.39369590970864,110.283149054376
000382.png,3,4,0.00339941995911187,640,204.137404353872,625.89089604013,290.309599271933
000382.png,4,5,0.0004516711833785,616.347250393188,273.553984559973,619.490649312563,290.096784847345
000382.png,5,6,0.000427899015832264,595.759977953471,289.768719546332,606.534042701327,278.587432804619
000382.png,6,7,0.00575286454618932,503.795420290308,231.025212487271,637.993215480255,240.100325755099
000382.png,7,8,0.0287880948984928,273.788346273222,183.965761882156,635.824533229742,203.28772585141
000382.png,8,9,0.0425046355726715,589.20543034635,0.0177368789835952,586.320350176732,196.092998559857
000382.png,9,10,0.00903342366757001,610.881068554071,376.046724377982,614.777566488395,302.57155040661
000382.png,10,11,0.0275757143536348,609.699371596102,469.321080607707,592.925659064622,279.096663258297
000382.png,11,12,0.0525840346122759,514.902654776255,0,504.537775022174,192.352287217087
000382.png,12,13,0.0292397660818713,519.332889041399,192.361894195617,526.784762583454,0.185535025507988
000382.png,13,15,0.00137878571768174,0,208.169828626628,65.7847416858878,214.3072674223
000382.png,14,16,0.000808253696572053,2.11765382733965,211.082166154679,36.3651659522994,207.358753755444
000382.png,15,17,0.0112917795844625,639.728039447176,371.976631975002,638.833500260275,305.826454450803
000382.png,16,18,0.00591926971901298,621.951570312077,311.076683626747,626.666150770073,372.103046277709
000382.png,17,19,0.00106974753958066,547.813511381716,287.478337178541,603.97376491678,290.489329945093
000382.png,18,20,0.00660866257785385,604.011743302405,465.835110369631,611.303378852637,386.320362210202
000382.png,19,21,0.0129320591451529,159.253651753626,192.161098732287,118.52569835008,30.3309357425383
000382.png,20,22,0.00282888793800219,638.776281693356,34.668196788902,579.298882958327,0
000382.png,21,23,0.0421718252270242,482.969035708044,192.16871838971,493.889213135208,0
000382.png,22,24,0.00698901725859364,581.858829660105,193.490984706268,518.05583534481,95.362891393161
000382.png,23,25,0.00615699139447535,602.42747445868,412.47137055349,607.242026637959,305.965736063453
000382.png,24,26,0.00216326724670755,73.8981085921137,158.703696672314,165.143464887935,171.915522423171
000382.png,25,28,0.0013550135501355,556.025495675618,62.4910964159491,521.654624643267,81.8320192599417
000382.png,26,29,0.00251984975990111,543.850852890039,512,572.603016958524,475.639886883077
000382.png,27,30,0.0133361859934389,142.709161921703,6.67163721596726,133.960462069232,198.272161539275
000382.png,28,31,0.00337564779156563,5.98838186795301,123.979432742487,34.0668452698685,108.118334330628
000382.png,29,32,0.00076070936147958,586.3603313807,356.906016893781,633.822499866923,372.538898795215
000382.png,30,33,0.00292397660818713,622.123963577236,502.435424621939,593.144133345659,512
000382.png,31,34,0.0033518756240194,9.79551086121095,11.2442495781512,167.867114157064,17.4079390714282
000382.png,32,35,0.00280511577045595,613.264626345799,510.580635613859,613.923933870664,486.434806752194
000382.png,33,36,0.00237721675462369,43.9211277730534,146.166654463414,173.98809828121,148.628742862212
000382.png,34,37,0.0019968620738839,563.232153905089,472.019603738107,506.779770572217,499.347945147797
000382.png,35,38,0.00577663671373556,63.5580224694301,413.565282662996,497.826415289102,467.40024892109
000382.png,36,39,0.00855798031664527,127.986831629166,197.447562268391,102.564790431989,13.9818210207945
000382.png,37,40,0.00437407882850758,38.6509629340379,193.394981660955,9.25387250613752,87.1001035421773
000382.png,38,41,0.00442162316360006,45.7893394215445,96.4039262611682,28.6971087269517,12.9884905501791
000382.png,39,42,0.00164027956069034,3.87901967227288,36.0841615098279,44.7660690601205,94.8583998148678
000382.png,40,43,0.000142633005277421,58.0512633999143,159.732599280742,48.0359340900355,157.812560198164
000382.png,41,44,0.00149764655541292,547.118060109899,339.092142804929,585.76022942551,370.29691786334
000382.png,42,45,0.00275757143536348,3.97695897973626,176.288798029303,111.928083646059,184.901405452329
000382.png,43,46,0.00216326724670755,548.294796933237,346.479653787732,574.556917433284,439.843345604089
000382.png,44,47,0.00204440640897637,563.724462627972,289.676725513926,576.582427331934,358.265743697955
000382.png,45,48,0.000808253696572053,26.0890390699445,81.5204165681744,3.29599822412554,99.0865165729037
000382.png,46,49,0.000974658869395711,35.1535917206437,51.1637427336915,3.73187919354227,94.6938165918888
000382.png,47,50,0.0010935197071269,637.83470716838,292.215561054603,640,253.696247079467
000382.png,48,51,0.000950886701849475,637.724907927054,367.148478692414,599.974553604644,358.106235859696
000382.png,49,52,0.000713165026387106,578.143375903959,368.602037536715,557.945587513114,366.530539735763
000382.png,50,53,0.00168782389578282,623.854035109179,479.626279240674,546.011484877449,510.029405270656
000382.png,51,54,0.00568154804355061,623.590395949863,0,610.16648552203,196.01140182007
000382.png,52,55,0.00156896305805163,576.221920967173,195.792978141409,537.657827389593,154.453474172412
000382.png,53,56,0.00149764655541292,554.705333238752,351.710152992418,579.969845338332,413.190519111612
000384.png,1,1,0.0216061421952449,264.938695154996,319.146851999578,0,128.219784606261
000384.png,2,2,0.0410906772969013,371.67329385202,215.97959001298,0,277.659279740043
000384.png,3,3,0.00116069984492289,0,291.942731597475,3.52759497602256,286.420601563575
000384.png,4,4,0.0111598435909389,190.623214942994,511.381324378315,0,321.384537257057
000384.png,5,5,0.0171916772112759,137.503852790663,270.103209765546,1.57444748655365,187.411896110133
000384.png,6,6,0.00177910550000476,1.43243441098969,229.718457062697,4.94718578870897,197.665247780323
000384.png,7,7,0.0521839233557545,428.278174435298,0.110948882906636,456.123805483621,432.249769465814
000384.png,8,8,0.00664072534226375,635.687412633484,103.520734504424,398.184736197466,133.465222620051
000384.png,9,9,0.0125013081658088,454.407183289699,341.713517227907,413.739305568861,0
000384.png,10,10,0.01440409479683,443.909313125666,337.91451545043,419.128853769789,0.210682602748534
000384.png,11,11,0.0177910550000476,0.0868893901610772,38.8967507774606,400.014181830922,0.146365026635621
000384.png,12,12,0.0416805411525179,635.249152389734,292.194706960355,106.762465908467,512
000384.png,13,14,0.000209306529412324,318.555222662191,323.532655325315,308.389637900342,329.237601548098
000384.png,14,15,0.00191230056417624,635.713198815296,146.283567828508,523.179089315078,165.0870582666
000384.png,15,16,0.00179813336631497,633.800220874183,28.1949363174135,439.961094717599,49.6484792290659
000384.png,16,17,0.00322522333958082,437.634297020063,242.281199816767,225.045316675581,287.512998353951
000384.png,17,18,0.00132243670855969,393.474432702215,479.245431877193,276.834016038348,430.023640046431
000384.png,18,19,0.00107507444652694,407.047350095536,379.473290504457,378.565884348844,457.844650746708
000384.png,19,20,0.00371994786364631,358.447295510031,510.754332683813,438.575236563329,250.793768100464
000384.png,20,21,0.000237848328877641,338.139040164496,278.550657019943,397.866089020955,263.4696566929
000384.png,21,24,0.000256876195187853,21.8906767823021,243.082777901113,0.912255546100251,240.96468100478
000384.png,22,27,0.0268197775642428,426.854402731451,263.298134274945,0,378.514584139371
000384.png,23,28,0.000342501593583803,606.269763473933,483.557721427357,637.026303118396,502.317370874251
000384.png,24,29,0.000456668791445071,637.257035634203,472.038236741382,590.528519315686,500.85697450291
000384.png,25,30,0.000266390128342958,614.924181870633,510.634500798767,636.903608570387,478.620376116326
000388.png,1,1,0.0126883563125871,458.023865092161,74.3403567984975,398.143792266846,73.9498696996386
000388.png,2,2,0.0211876509230649,515.708452251264,172.982160404198,423.207292789253,178.356685492482
000388.png,3,3,0.00072702723755615,419.342781868776,183.139533806106,430.051734736616,179.7833854315
000388.png,4,4,0.00146270956127368,422.599802618383,507.457014964477,438.175310070008,467.292400243377
000388.png,5,5,0.0121344307982586,513.998118610079,468.146454274298,418.09102338595,466.914406639146
000388.png,6,6,0.10572187746129,637.277169451199,17.0825931553718,124.431764394499,58.6530106597161
000388.png,7,7,0.00535749833389591,400.041328247848,85.3715124822198,452.139062075647,85.6963389302147
000388.png,8,8,0.083919715420767,196.842770582302,33.7247267143829,612.861999758328,0
000388.png,9,9,0.0259912237426324,638.003359459764,108.060843287803,396.75112460233,121.381576029171
000388.png,10,10,0.0168427976700508,352.374160517818,465.18837038953,262.103682726728,464.016078187713
000388.png,11,11,0.0199066981711803,357.838782066519,182.250330631025,269.22867157205,186.060143575506
000388.png,12,12,0.0276356901132951,193.748113591031,104.25159091649,379.982325781188,91.736983815001
000388.png,13,13,0.0427561256372307,381.19476190209,111.715457789619,119.639520104486,137.138014649738
000388.png,14,14,0.0270471442543211,382.094636634058,83.3684956941394,193.062329675182,96.4407920377279
000388.png,15,15,0.00148867481975783,380.583155723284,140.876371429311,341.321074896146,167.00217423006
000388.png,16,16,0.0161763560356243,381.723516338449,54.1085183231477,191.970880452713,67.5901450954901
000388.png,17,17,0.00119440189027082,263.990731557551,485.575936844329,351.999449892943,486.093536102115
000388.png,18,18,0.00638745358710046,382.042909139859,60.6404298422728,125.719551256803,77.8142310714296
000388.png,19,22,0.00176563757692208,199.632815885825,138.586019297391,252.807205680242,171.903678460508
000388.png,20,23,0.0283973376954968,382.57471338183,74.0477398713576,116.237190727727,99.3576476400052
000388.png,21,24,0.0226243952258545,227.68432339804,187.272875812571,143.119723343891,191.241148858734
000388.png,22,25,0.00204260033408633,188.080039190078,165.979832728704,171.248997384984,99.1813583865523
000388.png,23,26,0.00803191995776318,178.751683682206,87.2434310497982,126.587323380197,85.9685457238295
000388.png,24,27,0.0146790261297051,218.370755558424,464.23409465189,134.182150312136,462.254291230403
000388.png,25,28,0.00105592051168869,176.006613135584,112.130229208136,131.917182864462,114.369123111864
000388.png,26,29,0.032811431637802,0,50.0938509532519,185.774702634278,35.1914266854168
000388.png,27,30,0.00226763257428228,174.873459062747,55.3203752158647,122.567569938055,59.3344236826942
000388.png,28,31,0.0145665100096071,0,72.2837234991366,107.254391531592,64.1581996980026
000388.png,29,32,0.0151550558685812,107.953684894108,71.3831678205262,0,79.4889160510651
000388.png,30,33,0.0232129410848285,107.620904696714,98.5815551454138,0,102.913329672509
000388.png,31,34,0.00886280822925592,107.414067863489,108.648030943819,0,120.4076942778
000388.png,32,35,0.0187382615393936,0,155.252922431329,105.844325096933,149.253512423868
000388.png,33,36,0.0136057954456937,72.2376599341006,461.929436739108,0.00664579328832815,461.270976931817
000388.png,34,37,0.00160119093985581,72.0144452730372,479.968876494784,0,479.456712501843
000388.png,35,38,0.0172149663749903,85.9829094808814,195.595648000039,5.87242437242625,198.981632927718
000388.png,36,39,0.00207722067873186,0,183.695419499127,7.05238367964512,57.8348353349099
000388.png,37,40,0.00192142912782697,0,384.020785145095,10.2867061079747,508.307334648138
000388.png,38,41,0.0272894866668398,467.15932000334,77.9738582968562,638.002180583817,66.0311938074944
000388.png,39,42,0.0286310250218541,464.955019505102,86.747079060538,637.924427250645,74.8969122613059
000388.png,40,43,0.0366716000657787,393.098218249161,134.848642866554,638.140309174459,118.046233537874
000388.png,41,44,0.0223128121240447,637.998609862879,167.9705259301,553.902693874122,171.936888733347
000388.png,42,45,0.00151464007824198,640,169.687314027186,631.002776737357,164.939504077394
000388.png,43,46,0.00112516120097976,638.207913932863,32.2116920179975,620.06548466605,50.0303318337001
000388.png,44,47,0.00129826292420741,632.599279776888,55.6846979351541,605.925428059518,4.9869649097271
000388.png,45,48,0.00830888271492743,403.905344982613,66.8438476771081,638.299144109482,47.6538597382914
000388.png,46,49,0.0198461125680506,638.235107059606,28.9973103663895,399.351711937179,47.7351672282698
000388.png,47,50,0.0163061823280451,637.993038949578,467.464382903498,559.982645659023,467.678545476341
000388.png,48,51,0.00306390050112949,519.276987554141,294.01219184818,478.92168663232,283.357976083723
000388.png,49,52,0.0117882273518033,637.908713129154,124.133047348476,398.622751739768,135.833219088087
000388.png,50,53,0.00063182128978094,411.506897296165,58.5646282159996,454.603310342815,60.2114205589275
000388.png,51,54,0.000735682323717533,271.551229753963,248.056820447694,266.936763388312,374.034312979732
000388.png,52,55,0.00103861033936593,265.950008562683,387.999623359469,265.07610246748,503.9930392628
000388.png,53,56,0.00154926042288751,136.168717137411,502.005497296525,143.598227925502,273.986909093748
000388.png,54,57,0.00141943413046677,78.5031976321974,187.87701518703,55.8131644557076,121.42969555323
000388.png,55,58,0.00518439661066826,3.31893667219161,164.008872515377,103.64211642261,152.797527890979
000388.png,56,59,0.00636148832861631,108.002800144598,138.039275109232,5.52556000226224,145.345456964147
000388.png,57,60,0.000424099221907754,16.0155247755369,244.65649239791,7.54729915055632,244.856749556168
000388.png,58,61,0.000701061979072002,16.6873319154365,266.694317907197,7.96233237194102,222.007354494746
000388.png,59,62,0.00157522568137166,9.04089469107538,372.04107715799,4.41288696608616,263.982316620521
000388.png,60,63,0.00229359783276643,435.844767223363,217.465576253669,514.028095210235,216.630550710039
000388.png,61,64,0.00148867481975783,516.680916645112,197.527716759783,438.402971249522,232.416877740505
000388.png,62,65,0.000501994997360199,228.580522212928,218.493542184892,213.701728807553,193.006564388987
000388.png,63,66,0.000276962757164248,227.40073822563,191.919265997379,228.651304427648,213.616640411987
000388.png,64,67,0.000424099221907754,80.3829432481305,201.972681525756,84.2359530043847,255.983167542176
000388.png,65,68,0.000969369650074867,222.436067348437,279.97924799212,219.993923091003,464.026457602029
000388.png,66,69,0.00053661534200573,423.311682736956,260.334889930275,439.018114574221,272.70755878544
000388.png,67,72,0.000337548360293927,423.106891179778,264.011669954766,422.727385329293,300.007668824222
000388.png,68,73,0.000891473874622422,134.008883729158,490.22858488754,216.195660002572,487.034475825396
000388.png,69,74,0.00109919594249561,217.834340304237,473.81588447658,139.677186150141,479.743908997263
000388.png,70,75,0.000614511117458174,576.26966958733,174.352648141023,553.431158513088,197.71074347549
000388.png,71,76,0.000770302668363064,513.868901128844,301.661425791354,473.023168483645,317.477247860986
000388.png,72,77,0.00147136464743507,638.057495181805,484.254381351149,565.951373475231,486.093357962023
000388.png,73,78,6.05856031296792e-05,346.155212897428,459.977609822783,352.300411776312,460.214736029154
000388.png,74,79,0.000553925514328495,451.572118060255,96.1352327770457,445.92184209457,161.821237938934
000388.png,75,80,0.00038082379110084,398.489549862837,14.77654792569,444.496549658661,10.8587469988635
000388.png,76,81,0.00167908671530825,470.061342978297,98.1113446714435,636.037452828385,93.2890771175105
000388.png,77,82,0.00289945386406322,401.92600543633,155.022750338282,637.935849135067,137.152756527709
000388.png,78,83,0.000501994997360199,566.798550211413,333.986197350287,565.795743404695,275.968961228943
000388.png,79,84,0.00369572179091043,638.345209002116,473.996712293179,564.013144026463,473.00991022935
000388.png,80,85,0.000250997498680099,354,432,354,386
000388.png,81,86,0.000363513618778075,514.392243634688,460.000556906857,514.517185635806,372.000734299302
000388.png,82,87,4.32754308069137e-05,355.761345523704,376.072340852105,353.372148626996,368.190314064179
000388.png,83,88,0.000579890772812643,564.960358954331,446.000524180391,565.012757385481,350.000552780354
000388.png,84,89,0.000882818788461039,156.499115186703,93.8286650320849,149.683778142865,42.0416157817099
000388.png,85,90,0.000328893274132544,144.251036922906,262.011036393563,146.799843452243,204.035163700326
000388.png,86,91,0.00196470455863388,125.475094790845,67.9341452007148,177.871259709791,63.4000736121678
000388.png,87,92,7.78957754524446e-05,82.8875952814077,302.079142635609,80.2179623176932,332.019434659745
000388.png,88,93,0.000164446637066272,514,358,514,320
000388.png,89,94,0.000181756809389037,75.4486158950194,462.071921969835,77.5385716921421,419.977090660849
000388.png,90,95,0.000865508616138274,313.019641641777,322.104132142779,306.831452848782,382.697670430761
000388.png,91,96,0.000389478877262223,356.505048643185,187.985503150665,358.571672211151,259.983590796598
000388.png,92,97,0.00063182128978094,328.196045192781,280.231453228866,317.714743271522,243.510558173509
000388.png,93,98,0.000320238187971161,110.479294965201,135.531973178494,106.19389129393,112.830753381207
000388.png,94,99,0.00122902223491635,355.79544121684,249.335114129743,267.547807740308,256.109073465926
000388.png,95,100,0.000960714563913484,0,508,88,508
000388.png,96,101,0.00203394524792494,515.949680945123,177.231423161563,427.021452290553,183.05359238918
000388.png,97,102,4.32754308069137e-05,82,286,82,290
000388.png,98,103,0.000216377154034568,518.157335248208,175.80831240429,526.629285040491,192.633941485017
000388.png,99,104,0.000129826292420741,77.8118812346712,408.057151122193,78.8852455090448,374.027922787261
000388.png,100,105,0.0117016764901895,379.005811683574,125.444817326348,122.08270490342,149.644299123879
000388.png,101,106,0.000268307671002865,356,256,356,346
000388.png,102,107,6.05856031296792e-05,514,286,514,266
000388.png,103,108,5.19305169682964e-05,80,344,80,354
000389.png,1,1,0.145581802274716,359.924150298142,61.1479259045298,0,93.1875567732251
000389.png,2,2,0.0379702537182852,484.163583883114,0,528.671189802437,66.8919507885419
000389.png,3,3,0.0270341207349081,609.927317490015,416.603062819636,523.640606145806,421.092552287764
000389.png,4,4,0.0383202099737533,0,110.061212859828,129.654092331068,98.2143328268069
000389.png,5,5,0.00822397200349956,397.867656521295,484.715128136793,447.9404803325,486.120564319969
000389.png,6,6,0.0297462817147857,617.996213260574,499.887776707702,517.772896852168,503.269602137047
000389.png,7,7,0.00481189851268591,613.993603343817,491.904214739129,571.51523328014,494.740971940053
000389.png,8,8,0.13840769903762,500.967204958898,477.915873213878,496.689745014857,21.9747658713473
000389.png,9,9,0.0133858267716535,390.539843389451,76.4825064392941,344.262079751997,60.019342821903
000389.png,10,10,0.00936132983377078,444.124161747176,392.358537265935,349.648975274501,397.332045374809
000389.png,11,11,0.00332458442694663,420.207562607891,391.62822109917,385.459411712677,382.465447031879
000389.png,12,12,0.0114610673665792,413.656582126511,414.854048411902,392.846445247544,397.432731390597
000389.png,13,13,0.0165354330708661,614.158244178856,499.971951291672,613.79400340592,420.000938244444
000389.png,14,14,0.00953630796150481,602.455856259817,422.030987832952,596.689242059078,506.862579167774
000389.png,15,15,0.0073490813648294,389.836136424188,503.129608503704,401.928938283452,512
000389.png,16,16,0.00411198600174978,557.080784581192,484.262772191407,588.7322700119,497.120687604442
000389.png,17,17,0.00446194225721785,495.442922074945,348.516038424052,462.471854748606,334.860698133242
000389.png,18,18,0.00516185476815398,452.265401021099,466.513110238798,441.452263483081,435.493750835413
000389.png,19,19,0.0286964129483815,404.156156016698,510.905829542362,419.563864689194,372.173684126791
000389.png,20,20,0.021084864391951,415.684971099891,509.887892691828,413.732311844328,445.703915375838
000389.png,21,21,0.00927384076990376,589.668111634421,492.351974923149,517.112844747259,482.113664682556
000389.png,22,22,0.00323709536307962,403.555969590586,489.922430013878,416.889421723645,506.873560739262
000389.png,23,23,0.00384951881014873,445.14547347761,488.345721277587,414.571165462264,467.175129857068
000389.png,24,24,0.00656167979002625,458.21065815626,432.128491631399,418.912524412625,496.556597250025
000389.png,25,25,0.00533683289588801,353.837183468702,393.935838917715,374.358670492504,372.433538655012
000389.png,26,26,0.0015748031496063,412.74802513772,474.647573973582,424.478156639243,481.135494984049
000389.png,27,27,0.0026246719160105,442.357292544205,480.037036419433,444.22457215269,462.023278818926
000389.png,28,28,0.0439195100612423,359.180547969382,71.9903144010609,355.492228998776,384.041276765719
000389.png,29,29,0.00743657042869641,517.963503383451,496.595737603232,552.448915576814,446.584126230804
000389.png,30,30,0.0101487314085739,609.929389050758,454.797891511262,517.660352359787,460.217705386163
000389.png,31,31,0.00752405949256343,455.741919634126,455.390361653936,445.008580263938,389.509838244686
000389.png,32,32,0.00218722659667542,450.352882323643,431.982220123105,450.262093662125,419.967792906655
000389.png,33,33,0.00131233595800525,425.925139196633,469.386148421148,440.200638149034,467.645214037552
000389.png,34,34,0.0196850393700787,598.397697517896,0,634.477179886699,69.753181101751
000389.png,35,35,0.00384951881014873,492.932013464417,353.773015153146,463.08289723553,368.08764072258
000389.png,36,36,0.00481189851268591,400.788998215758,476.10200279855,410.617255513588,400.079799660568
000389.png,37,37,0.0384951881014873,341.152979158864,84.0167283939298,337.322187898341,348.048201103589
000389.png,38,38,0.00166229221347332,574.773473380722,424.615738477646,589.623772477064,454.196945121656
000389.png,39,39,0.00533683289588801,568.761980970052,423.618211614994,604.022919452821,493.992704829679
000397.png,1,1,0.0102115847717789,172.114185817677,320.868954164244,298.061112129266,333.584046966122
000397.png,2,6,0.00291365650103862,176.789319936504,65.7591842865878,171.508850775204,267.725706075158
000397.png,3,8,0.00338241511792496,261.695723444881,22.2824632162881,491.085154977745,52.8625074024774
000397.png,4,9,0.000450375926028052,281.587527643221,185.576954603392,273.580716083733,193.576951703558
000397.png,5,10,0.000284931708303461,292.915277375945,192.944731851204,274.434755191602,189.598756256417
000397.png,6,11,0.000560672071177779,460.506993358593,12.7946330837553,430.088000361403,0
000397.png,7,12,0.00326292762734609,259.752773192937,11.8084266184701,493.217351314005,43.7249565023938
000399.png,1,1,0.122606403597178,424.015026467935,150.162567359351,640,79.5401444363763
000399.png,2,2,0.00325606636173347,527.138925720983,106.391924218685,421.645911074225,31.6760997772743
000399.png,3,3,0.0337623071555935,420.730743069336,142.597373934664,358.039047472342,9.39459337429381
000399.png,4,4,0.069036359407706,99.3630564993644,0,208.193359721595,146.369164679602
000399.png,5,5,0.0595201178385921,513.377105803775,332.649181627119,640,295.142984521113
000399.png,6,6,0.130591518722382,76.4896002567572,2.77555756156289e-17,229.894752866088,204.079113694425
000399.png,7,7,0.0831653616559423,276.695283808901,240.256479074182,455.098901491481,487.535973361075
000399.png,8,8,0.0858981316381115,215.15308713787,418.949217021048,0,211.259485567485
000399.png,9,9,0.00757810682998682,512.411140215783,384.93363184152,551.371183669243,378.993893082572
000399.png,10,10,0.104562369175905,286.729779143081,279.279715613312,446.330221843751,494.21019442544
000399.png,11,11,0.0236646251647415,450.19538786524,492.772130961818,282.739936196915,262.947836141637
000399.png,12,12,0.00251957516086518,530.330419837999,374.258055457013,547.236284059462,371.784230954637
000399.png,13,13,0.00100783006434607,173.647227144111,370.31351722735,193.151591839623,356.426385298839
000399.png,14,14,0.00189937204434452,605.748486936695,238.07751099702,603.266934980414,294.056163641506
000399.png,15,15,0.0543259167377316,0,331.418593648979,219.075073612759,512
000399.png,16,16,0.00226761764477866,186.332607936404,134.193737714406,235.025800462855,50.5975090049232
000399.png,17,17,0.018547949453446,540.965245680292,305.489834840467,640,278.098031739237
000399.png,18,18,0.00122102488565005,134.476222720533,66.7649004116613,175.865425979777,40.9962138267133
000399.png,19,19,0.0031010155826033,191.945853648447,80.4872431055031,201.537574286433,160.295943917094
000399.png,20,20,0.00238390572912629,377.99900948367,1.01775896626696,464.000938876347,0.931032477984297
000399.png,21,21,0.00292658345608187,501.110634563869,392.199339573038,558.743290059905,382.348755189244
000399.png,22,22,0.000562059074346849,528.025583705637,379.560913779157,531.32407996963,349.704369264216
000399.png,23,23,0.00127916892782386,185.930910618784,313.762519181871,154.724330589069,342.620511098677
000399.png,24,24,0.00889603845259322,183.504699400421,350.428702910605,94.1285477979127,315.737355716153
000399.png,25,25,0.00189937204434452,80.775756121471,279.346951229524,50.114545478393,205.952147796888
000399.png,26,26,0.0017830839599969,479.507008804483,82.9777898282932,415.845811264712,113.680291869292
000399.png,27,27,0.00507791301651291,32.3118960309991,212.442233830726,101.696763415101,304.22922670816
000399.png,28,28,0.0014536010543453,443.167319169131,3.38687272829844,424.676932972716,28.4984455643744
000399.png,29,29,0.000658965811303202,457.849411732752,20.9890089773681,447.972754617125,2.92158291609758
000399.png,30,30,0.00224823629738739,475.876399957822,122.918109782886,425.45445387467,35.4677049201202
000399.png,31,31,0.00203504147608342,426.310643412609,130.026153595027,484.483536401423,63.6852738577268
000411.png,1,1,0.0406761565836299,355.246548083751,170.489909814839,244.390528810298,0
000411.png,2,2,0.0216370106761566,637.954351285453,443.609825274066,473.168055257055,462.889091942911
000411.png,3,3,0.00188612099644128,601.263033543331,447.58534103199,567.926680300576,457.759769161618
000411.png,4,4,0.0258007117437722,637.718904635553,373.886982211821,412.908300456792,403.793601581861
000411.png,5,5,0.0254448398576512,348.197176493883,48.9443929426333,157.330780620136,88.7947190510824
000411.png,6,6,0.00864768683274021,182.687579755764,0,146.095846915468,79.437813455401
000411.png,7,7,0.0240569395017794,303.057953175694,166.567830760268,419.711729494449,146.337732124801
000411.png,8,8,0.0169750889679715,395.290485115094,259.30273902535,295.810652983147,357.846837359954
000411.png,9,9,0.00281138790035587,358.991271423909,292.769063491798,394.045274838236,247.58679668438
000411.png,10,10,0.0291459074733096,207.111009702387,99.2520118312071,201.448644082665,0
000411.png,11,11,0.0141992882562278,378.071103236246,53.1004704873831,372.15302253041,0
000411.png,12,12,0.00423487544483986,455.847516689,464.696558179395,369.392901293325,474.810462611771
000411.png,13,13,0.0391103202846975,261.999940940414,0,368.656705118002,170.587552595257
000411.png,14,14,0.0135943060498221,243.304630851688,158.413971079753,207.613712327628,6.09051108635592
000411.png,15,15,0.0147330960854093,225.391130777151,3.90559268917445,233.767654221521,127.337130639855
000411.png,16,16,0.0127402135231317,300.549305999244,64.7530067141403,156.867769127877,49.7110339338903
000411.png,17,17,0.0146975088967972,347.666441084082,218.276715291661,181.861047714521,18.4111172117622
000411.png,18,18,0.0456583629893238,421.170765627056,151.247809809945,42.4369225740463,506.597288324579
000411.png,19,19,0.00857651245551601,378.269910658367,0,458.748732242791,42.0502560625501
000411.png,20,20,0.0300355871886121,638.116345247046,406.946753184893,385.022920661427,438.04906947923
000411.png,21,21,0.00548042704626335,206.282962592075,39.1171629513471,271.959112729424,0
000411.png,22,22,0.0176156583629893,637.951277407057,483.540137352945,442.03156187844,504.297893196739
000411.png,23,23,0.00665480427046263,637.901982197285,487.083143986336,472.086581001824,504.809876471341
000411.png,24,24,0.0152313167259786,568.823437832549,2.77908268511168,370.956486715845,47.3694783630816
000411.png,25,25,0.00330960854092527,469.647298760189,26.3858431729886,510.180526535334,0
000411.png,26,26,0.0238790035587189,638.09536086226,344.666788588441,389.179875565473,380.265471168321
000411.png,27,27,0.013202846975089,294.514993720966,462.434353194026,258.851914759763,504.718517298127
000411.png,28,28,0.00416370106761566,248.909219437667,508.301509724479,293.909730731698,477.866529787889
000411.png,29,29,0.0207829181494662,237.494955212008,0,242.487713284276,163.680091728893
000411.png,30,30,0.0097153024911032,143.984981702216,0,208.501096275156,52.4650113362042
000411.png,31,31,0.0116370106761566,349.639832845842,52.8720532667671,344.516317710239,0
000411.png,32,32,0.0186120996441281,403.113321402043,329.010592666368,310.790824490404,430.717853289193
000411.png,33,33,0.00622775800711744,355.00177621774,305.461967262325,292.43407260733,280.76613235637
000411.png,34,34,0.0155516014234875,312.576200740978,261.937619147798,326.151906740993,387.333980056118
000411.png,35,35,0.0107829181494662,194.499751123409,52.2714023624785,120.586276007595,18.0843329533506
000411.png,36,36,0.00206405693950178,137.207507735427,29.4416164863551,124.98606575488,23.6733312973394
000411.png,37,37,0.00580071174377224,363.313807821066,0,235.361191722699,71.9752905586025
000411.png,38,38,0.00761565836298932,181.033786161718,13.5253509692325,164.737782864655,1.77635683940025e-15
000411.png,39,39,0.00811387900355872,179.629372907613,33.7377304289824,184.055238925409,94.9843255081934
000411.png,40,40,0.00480427046263345,170.01963865335,12.1048175755507,119.181220337538,21.6299193432249
000411.png,41,41,0.00903914590747331,333.602609662614,504.042066411316,327.375820021861,445.219220374421
000411.png,42,42,0.00854092526690392,370.176558878868,431.355587290126,327.481378430939,373.925019542864
000411.png,43,43,0.00889679715302491,279.94847638534,269.83362831699,285.359121410968,333.200866486063
000411.png,44,44,0.00320284697508897,412.256582328393,146.266358442424,356.190847207842,200.274321281307
000411.png,45,45,0.00156583629893238,349.888549046839,168.297592243758,379.981689372734,167.391719797032
000411.png,46,46,0.00241992882562278,445.274340805992,0,449.277973453532,33.0563709573329
000411.png,47,47,0.0190035587188612,283.599146951129,377.524657085689,159.674763472816,507.50358931248
000411.png,48,48,0.00309608540925267,172.738769741829,488.670108904265,273.611503941795,377.461731686495
000411.png,49,49,0.00800711743772242,365.767620092699,2.42192285187585,437.601814152832,41.9856091573186
000411.png,50,50,0.00498220640569395,104.823778321646,479.679936811478,124.480907720804,503.6048782259
000411.png,51,51,0.00320284697508897,103.938839549332,483.536662590186,115.577263092376,504.237669176028
000411.png,52,52,0.00644128113879004,357.000946679324,10.9539754860203,435.132147591773,44.6497568438827
000411.png,53,53,0.00914590747330961,419.978568819974,13.7983509873003,549.809210441577,1.77635683940025e-15
000411.png,54,54,0.000747330960854093,560.2183841944,0,553.857016175869,0.699288719857349
000411.png,55,55,0.00516014234875445,337.854534307772,9.41842528222497,205.152190996418,42.6104428169169
000411.png,56,56,0.0109252669039146,571.269888062307,1.37644327264988,203.331364464492,41.9341556126936
000411.png,57,57,0.0125266903914591,248.008900969493,121.967199232363,328.148638204334,233.867123156442
000411.png,58,58,0.00345195729537367,185.22835433086,25.9514934660258,155.205948070221,0
000411.png,59,59,0.00437722419928826,122.488556520537,0,125.337786889651,14.9850852171
000411.png,60,61,0.00185053380782918,343.932340856706,285.965947474246,291.993858320904,284.178456568005
000411.png,61,62,0.00313167259786477,294.779507534256,469.261801924146,297.153028019886,503.92103878002
000411.png,62,63,0.00213523131672598,142.001171166017,6.0057057568085,115.870540191341,11.3692899433545
000411.png,63,64,0.00903914590747331,489.041987046589,0,251.01505360855,32.866865618417
000411.png,64,65,0.00398576512455516,406.358871569706,126.145928349909,344.737567396524,136.45108795921
000411.png,65,66,0.000854092526690391,349.288500426059,138.641890143424,363.903661020679,135.545302783192
000411.png,66,67,0.00498220640569395,209.917894102449,6.82354202376787,341.408493194633,19.9329564147611
000411.png,67,68,0.00306049822064057,164.188506192145,90.716406214496,171.509122900072,47.9160398985199
000411.png,68,69,0.00156583629893238,313.145457080384,433.073357799023,338.274066953196,406.256816171208
000411.png,69,70,0.00156583629893238,155.030000931959,59.6787124577037,166.166907261514,26.0552837890365
000411.png,70,71,0.00170818505338078,401.32190826825,46.4045605545817,388.84679729844,25.4947869607682
000411.png,71,72,0.00362989323843416,373.197725677949,385.977384924252,373.565563667824,437.988927961776
000411.png,72,73,0.00117437722419929,374.866024118762,434.890085584971,377.478152391694,421.453818469336
000411.png,73,74,0.00167259786476868,216.979688664199,64.6688772137523,222.560162442625,6.43700928445795
000411.png,74,75,0.00217081850533808,389.792605565038,107.392630520051,324.524624152863,129.679255997542
000411.png,75,77,0.00174377224199288,420.4140724432,10.16087551337,424.314330416992,0.122123720213304
000411.png,76,78,0.00274021352313167,332.329389996756,293.795102116292,284.622684337302,260.508344117814
000411.png,77,79,0.00138790035587189,334.583415187398,143.15020638178,305.794790384741,123.385735839688
000411.png,78,80,0.0218861209964413,312.298110040316,246.319324026022,35.0619726241665,505.137544289063
000411.png,79,81,0.00177935943060498,247.828317697331,0,195.993577608021,9.96659812960707
000411.png,80,82,0.000498220640569395,159.921382212278,3.8490808544605,167.310295211489,0
000411.png,81,83,0.00943060498220641,349.220828974923,210.384658877709,260.14568478527,69.3810773735427
000411.png,82,84,0.00110320284697509,307.800965348689,34.6042290514999,329.178017818523,62.1870719217099
000411.png,83,85,0.00153024911032028,311.58371360998,33.6695887198323,284.004788686543,68.4163779069214
000411.png,84,86,0.00202846975088968,391.984562707077,0.0771542807183804,433.906935916441,8.46512639641029
000411.png,85,87,0.00142348754448399,215.233147415353,492.132946462006,217.252840362398,503.78279959281
000411.png,86,88,0.00274021352313167,278.054581178504,40.1164807792393,238.340215392805,58.7260479738445
000411.png,87,89,0.00181494661921708,200.068918295659,87.2993966711644,163.641006856798,89.2314853293065
000411.png,88,90,0.00266903914590747,233.236772985192,15.1239952643391,331.607574160761,25.6629204235531
000411.png,89,91,0.00131672597864769,242.408487452655,44.3064681723276,246.621812091373,60.2500941733201
000411.png,90,92,0.00302491103202847,124.706254877992,495.820051356908,111.889782094974,445.518497168195
000411.png,91,93,0.000640569395017794,364.015246137267,152.132287139818,351.035152687466,153.628247266752
000411.png,92,94,0.000854092526690391,314.958573906799,314.317485381738,306.601550845391,339.549589616969
000411.png,93,95,0.00149466192170819,380.50241228336,344.070343184791,352.701148602298,340.515911583478
000411.png,94,96,0.00238434163701068,386.675204729591,359.032545688082,351.735592485459,334.647527039963
000411.png,95,98,0.00167259786476868,371.746648103462,103.455081431105,340.962199025574,117.76785952855
000411.png,96,99,0.00476868327402135,414.498876631534,21.4102093579832,258.373735579124,48.6941220173246
000411.png,97,100,0.00270462633451957,405.766847690945,120.818210839096,331.121063380472,135.544896062621
000411.png,98,101,0.00259786476868327,390.263301724833,186.450025860626,385.524933204821,252.396973182777
000411.png,99,102,0.00398576512455516,310.48610324922,337.250881612961,300.846606535645,279.524655323774
000411.png,100,103,0.00202846975088968,464.003991138615,1.81404603092072,405.987790925432,0.568841649860551
000411.png,101,104,0.00181494661921708,101.970825083546,497.776009167574,55.9697393309377,503.767673286618
000411.png,102,105,0.00181494661921708,160.359987592594,72.6136677594301,198.145585567839,76.6305052944131
000411.png,103,106,0.00352313167259786,162.614464423598,503.999910319627,162.613957490591,443.99991032391
000411.png,104,107,0.00099644128113879,316.236549650275,122.452876548692,287.672357538033,137.372725399477
000411.png,105,108,0.00185053380782918,292.195036899578,6.77170474213863,339.95853438653,3.41072464882957
000411.png,106,109,0.000569395017793594,284.034833871836,1.38859213042038,324.009677912851,0.385793278642459
000412.png,1,1,0.21150234741784,158.54657794667,0,57.9488413981566,503.989788603526
000412.png,2,2,0.061697965571205,398.309694037345,0,325.857706710616,499.979380286457
000412.png,3,3,0.153364632237872,253.11545998833,0,164.388675088249,502.068687595548
000412.png,4,4,0.00477308294209703,194.900190381753,339.734345302791,224.051901466806,219.046352293175
000412.png,5,5,0.00942879499217527,0,150.677788744835,141.388193480196,200.69150139072
000412.png,6,6,0.0181924882629108,487.183876017136,276.218074783539,469.201849621369,445.915423774964
000412.png,7,7,0.0188575899843505,167.53146545428,453.379351008482,340.10881763221,512
000412.png,8,8,0.0503129890453834,0,59.7700712008838,13.9505693998811,0
000412.png,9,9,0.0138888888888889,0,345.33087743629,116.758366165188,394.457657540225
000412.png,10,10,0.00579029733959311,2,130,2,70
000412.png,11,11,0.0114632237871674,18.201627934475,0,0,76.6486939876825
000412.png,12,12,0.00880281690140845,2.38341621285718,56.1338431478808,159.098704395787,117.419040725784
000412.png,13,13,0.00688575899843505,466.193587412375,450.07547632677,460.811608424543,499.871558197993
000412.png,14,14,0.0254694835680751,490.639757046876,267.839601173996,522.20696423869,0.13769710084398
000412.png,15,15,0.010641627543036,526.064633952916,0,497.46687230398,241.569220572194
000412.png,16,16,0.00219092331768388,370.975099951194,299.252232229344,347.275615437546,325.34198138049
000412.png,17,17,0.0020735524256651,380.735617851578,403.321081182684,335.851406604934,415.450121600364
000412.png,18,18,0.00179968701095462,343.636513930217,386.489528896103,350.005910865067,417.241505027205
000412.png,19,19,0.0298904538341158,534.51515338189,492.866534822645,172.468736390977,354.771108246851
000412.png,20,20,0.0014866979655712,225.682372511272,182.893771815472,234.603809783094,115.814309432468
000412.png,21,21,0.0028169014084507,472,186,478,198
000422.png,1,2,0.0048260547742413,639.575626197173,475.678351902639,600.885924730812,512
000422.png,2,4,0.0192450037009623,468.301293078868,279.57546352268,635.971235724159,362.120915006882
000422.png,3,6,0.000547742413027387,457.037828540926,302.155315490005,469.391578362427,302.745056965234
000424.png,1,1,0.0472734470359252,142.978033280441,507.102660552789,363.834480648705,429.200867158311
000424.png,2,3,0.0442054564048428,569.282506872111,508.38824338161,509.246081074887,311.619805621058
000424.png,3,4,0.0373327175359307,367.951719011657,445.841929089534,170.796783415244,506.06069495325
000424.png,4,7,0.00232023664214473,26.9719558883376,78.0093970195407,27.7261627787433,0
000424.png,5,9,0.0142293185541957,519.71623339629,310.885032912055,572.839576261317,487.94742606435
000424.png,6,10,0.00919297551105686,558.816688533067,509.759385013242,503.378824686152,321.593766937863
000424.png,7,11,0.00155048988882658,408.69120205888,33.9808939448816,409.316022992553,121.990656960242
000424.png,8,12,0.00074775398893764,23.1951676203054,154.172401457531,14.2709743093387,216.039087710451
000424.png,9,13,0.0272380386852725,270.937080064444,458.099576837412,81.89537858657,509.616087937958
000424.png,10,14,0.0336379331200035,355.815013420681,403.289288567578,0,495.902125789977
000424.png,11,15,0.213186861522559,336.710541813231,174.944074485646,0,214.664655145439
000424.png,12,16,0.00459648775552843,319.894612568338,293.135507827713,29.5541527724217,468.572060517715
000424.png,13,17,0.00073675760674738,115.125838912307,421.717589106723,165.625606528648,433.592202067012
000424.png,14,18,0.0050913249540901,54.5959196715566,306.684791981759,94.7426419909465,506.252940177588
000424.png,15,19,0.0427759267201091,359.470998270362,312.175262601367,0,353.957972334292
000424.png,16,21,0.000670779313605824,187.10236224318,176.090395358314,189.143656465568,106.033323392915
000431.png,1,1,0.0093039689082558,572.582464655309,71.2674143874692,482.61533951982,245.35161363791
000431.png,2,2,0.00965728418325286,472.244754695119,380.540615538519,507.698093656404,233.330549566311
000431.png,3,4,0.0618806467351986,352.545952554847,1.81245116034548,624.428133740016,219.931206349149
000431.png,4,6,0.00188434813331763,0,110,0,116
000431.png,5,7,0.00149738378451133,9.87842823841146,141.797137437777,7.21248693596525,195.961238836251
000431.png,6,8,0.00570351801066676,596.903723774398,310.734950697166,631.03754536979,449.223119222576
000431.png,7,9,0.0058885879166176,607.441945674423,360.076032310445,611.602983002616,500.071245844416
000431.png,8,10,0.0142672072951192,557.076088457355,168.079826922471,564.066003583479,424.107403668806
000431.png,9,11,0.00089170045594495,30.9396895916515,138.553372248695,18.1025981939802,183.457575941698
000431.png,10,12,0.00104312128808655,558.151647634225,422.191069737804,611.480414132967,379.865260488054
000431.png,11,13,0.00158150646903444,567.522678623444,394.619778312591,637.037034727822,407.285234769982
000431.png,12,14,0.0127698235106079,432.034022403501,34.0476443169639,438.287527203397,292.089969606447
000431.png,13,15,0.00486229116543567,419.46804890329,128.138783356845,511.784781674871,196.29152535943
000431.png,14,16,0.135101031344112,0,449.284450491483,273.685377036987,512
000431.png,15,17,0.000807577771421842,332.965830630576,479.13467759629,391.223215103306,498.354517823478
000431.png,16,18,0.00068980601308949,328.612816766386,506.628198393929,366.078201790319,470.080164645903
000432.png,1,1,0.0140490498619458,163.633611205387,162.04549745686,163.171605832088,138.01592714942
000432.png,2,2,0.0867305505928212,419.719033658599,148.453068257502,149.795318103767,158.502116189096
000432.png,3,3,0.301932759460776,410.23541527816,153.986315859891,430.721740281019,506.423068232965
000432.png,4,4,0.240620432028585,130.000268477506,508.326307897856,119.156805292886,176.027514847948
000432.png,5,5,0.0333766444697093,126.007781992579,175.786882883891,0.0296947880820824,171.186780566143
000432.png,6,6,0.00942017216176709,12.0204723695416,498.002593759851,18.8803378305478,443.858143690915
000432.png,7,7,0.0079584213090791,98.6609022543898,416.100764065559,100.16838115408,466.055272823838
000432.png,8,8,0.0142114666233555,58.2737729095835,503.275917780541,69.0397397774743,425.315015658385
000432.png,9,9,0.00243625142114666,49.4962097302716,467.206442878445,34.6960747514028,471.420486574133
000432.png,10,10,0.00568458664934221,41.6816021858872,493.520892968984,30.212696626927,445.874471233989
000432.png,11,11,0.00349196037031022,10.3425097576248,445.412076250179,47.1660359068467,466.864546949142
000432.png,12,12,0.0166477180445022,164.036280354285,137.111525010717,0.146221060602585,130.419170710674
000432.png,13,13,0.0103134643495209,125.431259915595,223.585035647863,164.777248277888,287.349921695062
000432.png,14,15,0.0159980509988631,115.609813524435,180.230313609649,120.224024678924,348.323254720409
000432.png,15,16,0.00519733636511288,128.02916192088,370.151826755307,150.647328818336,346.812680442139
000432.png,16,17,0.000812083807048887,114,174,118,174
000432.png,17,18,0.00633425369498132,53.8435085175086,490.544036206642,61.1896323351939,409.025809289727
000432.png,18,19,0.0157544258567484,421.793448484824,152.291185478625,193.946992213697,160.534933912575
000432.png,19,20,0.00292350170537599,364.027372014466,156.958021934077,308.03190572962,156.454169282948
000432.png,20,21,0.0187591359428293,136.934664154391,507.883075915122,159.393756789004,303.250501981486
000439.png,1,1,0.0936723976497089,503.368537963762,151.064248146057,258.505643928986,5.7770590264021
000439.png,2,2,0.053505760384297,0,159.424152858546,122.664058809949,208.334585390053
000439.png,3,4,0.00659492760506425,490.458185735315,85.298631836113,369.722345049967,6.42502052658826
000439.png,4,5,0.0653657742255031,129.123006300234,3.65515419292326,469.340231023146,183.921357734391
000439.png,5,6,0.0819752215271464,636.782487334596,399.896057188143,310.405194983416,297.903589431967
000439.png,6,7,0.100158766775677,637.460217429199,419.373503064798,340.331213442465,302.602698730998
000439.png,7,8,0.106631566091759,253.552380756324,477.888930480671,353.244772015051,512
000439.png,8,10,0.0281709253253362,153.971139364001,61.033279618136,317.234812530925,141.360309709338
000439.png,9,11,0.0343723284436785,0,32.8228161530464,88.0026900343356,68.8753482632893
000439.png,10,12,0.00617426349856838,0,29.5340514421442,97.5926721300971,49.9473669185593
000439.png,11,13,0.0166501567313042,570.721245402646,1.42640610356936,635.031803941297,59.0799888973568
000439.png,12,14,0.00552291262399414,636.911675939816,126.617243319017,569.913677813148,179.349249136269
000439.png,13,15,0.023055106997951,552.383898008005,163.562114231383,635.672248261349,213.193749550968
000439.png,14,16,0.0208975072259238,230.846453560225,176.066090518463,161.632509805613,0
000439.png,15,17,0.00721913885986457,584.266949992895,0,639.327492522963,50.554175642465
000439.png,16,18,0.0123213873773628,206.253859337992,130.700340801999,292.669343250601,137.009786490254
000439.png,17,19,0.00647279931608158,594.685004938824,358.201081013681,640,355.317956159543
000439.png,18,20,0.0106794403810403,640,200.26048496848,573.080682046448,289.81863783373
000439.png,19,21,0.00389453543755852,327.315922634297,442.065941208575,336.912991513638,250.546852703056
000439.png,20,22,0.00118057346016582,487.536223247636,225.878466204655,504.981826703759,159.305499475707
000439.png,21,25,0.00381311657823674,454.929778937155,126.034038774949,459.541760189543,0.0564431242962371
000439.png,22,26,0.00469515422088936,417.844134687301,0.900970954204549,408.04169338584,108.003815930076
000439.png,23,27,0.00362313923981925,567.401461056972,210.719946599137,612.695660219222,216.400402378944
000439.png,24,28,0.00265968273784484,597.319528832617,502.101386929123,572.180427504466,333.377136420444
000439.png,25,29,0.00393524486721941,281.836328741659,3.09851620589724,255.69728438167,52.333713229347
000439.png,26,30,0.00515652775704612,621.181362128097,32.2244124328498,627.856057533122,354.002985817583
000439.png,27,31,0.0135833796968504,479.925533156154,223.156374527127,315.619982744825,144.293582968586
000439.png,28,32,0.00188620357428792,590.595924569833,442.959382288586,615.742849084346,360.698599154492
000439.png,29,33,0.00450517688247188,1.68476476749622,33.450858617377,57.9334407522411,206.02169468287
000439.png,30,34,0.00161480737654865,338.100412269719,58.9322421219032,364.256762256951,0
000439.png,31,35,0.00371812790902799,454.803919399787,327.197282919647,637.156500957218,411.817696481477
000439.png,32,36,0.00675776532370781,575.452133717803,323.182140376678,640,279.942935853887
000439.png,33,37,0.00384025619801067,320.002961793468,13.9934576586331,498.535473215947,94.8171867454948
000439.png,34,38,0.00443732783303706,0.492774025912379,1.8418787328872,66.7712797278561,208.394271605527
000439.png,35,39,0.00970241406917889,56.4068393782155,150.362440539448,98.0915499120012,2.02572681762601
000439.png,36,40,0.000610641444913357,636.023152314615,301.766600008102,594.039480621397,297.601993283721
000439.png,37,41,0.00541435414489843,498.403306793731,115.294673605382,319.879860954015,13.2146733433408
000439.png,38,42,0.0012619923194876,10.3632928823688,93.79379104819,6.14625501826324,45.4637089569692
000439.png,39,43,0.00450517688247188,29.6876624525703,79.6775935899475,59.0091529117748,60.6329477013701
000439.png,40,44,0.00645922950619462,321.804484873419,282.234262270625,633.137212750533,443.663968265927
000439.png,41,45,0.0585944390919083,291.19000295203,426.063547102338,571.489817886548,512
000439.png,42,46,0.0101230781756748,290.762002113538,2.32243516772347,496.840700952522,112.174799252256
000443.png,1,1,0.144952787769784,5.9238053016339,376.650752076802,415.496756232904,259.162032580817
000443.png,2,2,0.0116906474820144,181.015332821042,322.523779408163,167.966080927443,397.646697399159
000443.png,3,3,0.0119997751798561,0,360.137032710713,72.3520756023706,369.181999630939
000443.png,4,4,0.00112410071942446,51.3142083723438,336.002513982305,51.2836016812503,352.002455433994
000443.png,5,5,0.0969255845323741,1.01956166791495,450.112286643718,346.512666283702,283.349159563946
000443.png,6,6,0.0171987410071942,221.758683065304,48.3702403382364,91.4387665975521,227.591902623862
000443.png,7,7,0.0785184352517986,1.45537519412143,471.052480253552,330.935255087911,313.961588805013
000443.png,8,8,0.0580035971223022,196.166270842118,328.181589061534,637.584531582525,368.543745044529
000443.png,9,9,0.0826214028776978,637.939457229249,348.817536805093,213.895219591672,317.414897917595
000443.png,10,10,0.0558116007194245,0.719706609154484,439.485727142394,331.61118754293,279.197354570012
000443.png,11,11,0.00373763489208633,166.409894779427,383.961769795847,161.717703392816,333.653255989535
000443.png,12,12,0.00710993705035971,0,317.85283202845,96.4445561368813,326.788407916379
000443.png,13,13,0.00601393884892086,346.977016427986,67.4693944615936,325.604682480435,62.67272638544
000443.png,14,14,0.0283273381294964,124.866060459496,353.277895390516,289.558437989807,510.737451743418
000443.png,15,15,0.00151753597122302,338.493332983524,43.1615755712355,354.02417340126,45.8609167135498
000443.png,16,16,0.00469312050359712,118.743518327689,101.140960760692,178.777469862703,153.101734154265
000443.png,17,17,0.0147257194244604,41.5851990933117,162.738776256334,196.638160863058,143.017311498905
000443.png,18,18,0.102658498201439,36.3570679298533,172.371454100286,375.777508850626,206.230373706538
000443.png,19,19,0.00477742805755396,289.955664508281,274.82262404377,364.620169479723,271.424861566066
000443.png,20,20,0.0166085881294964,213.277491427194,282.01797949153,410.99999663437,291.377296115037
000443.png,21,21,0.0053675809352518,110.606945462946,43.0101782696882,115.710655209388,4.89017813101863
000443.png,22,22,0.00303507194244604,25.7917414956788,329.52815590482,3.90727475983326,329.132808518134
000443.png,23,23,0.00227630395683453,102.354990260939,20.3216138935946,144.721718980546,35.2831441723978
000443.png,24,24,0.00227630395683453,99.1693871964386,26.5591962467129,137.024286060569,42.89542973813
000443.png,25,25,0.0046369154676259,332.761759743422,71.6646170767835,363.116147388959,48.7886865009075
000443.png,26,26,0.00123651079136691,0.240797318942925,344.355365354375,20.6661413384325,343.581473091047
000443.png,27,27,0.00106789568345324,12.507751374168,314.553464756392,3.62525444414588,354.800099478942
000443.png,28,28,0.00500224820143885,207.52016410916,313.442179988004,64.283258494733,436.654339338165
000443.png,29,29,0.00382194244604317,138.38316463837,5.61908096420589,122.374871490041,157.618207543729
000443.png,30,30,0.00191097122302158,46.3779740868015,158.121825586377,25.6208857468286,222.522430937604
000443.png,31,31,0.0179013039568345,488.028834845963,307.002619713817,297.552006702521,301.495823484633
000443.png,32,32,0.00444019784172662,93.0962122977233,414.276359104799,161.2378274533,378.54643765634
000443.png,33,33,0.00193907374100719,201.914105967692,59.6491119909215,182.112500522037,94.0647290718216
000443.png,34,34,0.00143322841726619,185.911936665025,57.5824478022122,178.989840773854,92.1979394895068
000443.png,35,35,0.00236061151079137,117.277827478048,432.099822435033,162.728034369545,391.262042687266
000443.png,36,36,0.00314748201438849,0,417.92177560104,65.2578163856471,433.175233039754
000443.png,37,37,0.00101169064748201,175.663539856797,371.157903144934,189.645297792995,375.220681882543
000443.png,38,38,0.00351281474820144,193.822748878447,68.8560370326624,250.153413211417,111.798758255871
000443.png,39,39,0.00202338129496403,222.497304710212,58.3353519377766,186.212507793091,112.14330228277
000443.png,40,40,0.00888039568345324,234.978419434161,107.404389612529,298.356432567371,33.4437383815125
000443.png,41,41,0.00191097122302158,213.773146850644,87.106881929845,234.295636992465,127.85109031433
000443.png,42,42,0.00761578237410072,241.966071608912,84.0506920409323,56.6476690599985,107.449044405585
000443.png,43,43,0.000224820143884892,334.00024262721,55.8216527915438,344.000224119803,55.8352569720329
000443.png,44,44,0.000337230215827338,339.248250332982,68.2726445618309,333.01390861469,51.0829955942176
000445.png,1,1,0.0142219532491111,89.7301813319136,349.045343217091,285.785944511796,366.415964891186
000445.png,2,4,0.0112842625513781,438.761034673169,203.029314638269,404.982764306062,37.3530587084944
000445.png,3,5,0.0123181279471468,551.48537667531,24.7398937609628,588.852959145231,179.310293651188
000445.png,4,6,0.0106664649368333,353.059857297961,216.620490097176,321.474266516521,54.9762981038384
000445.png,5,7,0.000895176135360718,281.533433129645,498.117788229613,273.213030957133,512
000445.png,6,8,0.00649317901001084,640,72.9600381295349,621.394484953493,0
000445.png,7,9,0.00726227399954611,619.845966036622,310.665583990607,640,398.958737865751
000445.png,8,10,0.00893915323902464,502.922659226447,192.415481874535,466.803169752443,34.6117224581177
000445.png,9,11,0.000365635322893814,484.582315942253,145.417559033441,483.001946830997,127.55739913239
000445.png,10,12,0.00235771742693598,438.565466616587,409.75290731385,422.526359342264,348.615047373838
000445.png,11,13,0.0102125728118617,502.2274909977,509.551088099981,469.523494661645,347.274575883932
000445.png,12,14,0.00059258138537963,474.564846104583,374.409749323453,460.764439373365,341.487713933097
000445.png,13,15,0.000516932697884358,521.100855228136,354.750476602147,533.920434553716,335.94575853005
000445.png,14,16,0.00450109690596868,529.359851715764,337.085990816122,565.179133788955,501.306577254382
000445.png,15,17,0.00166427112489598,536.414159535728,30.6762603732619,454.820671667114,43.3031039314234
000445.png,16,18,0.000529540812466904,487.079602637788,42.0159835158835,544.313166947245,31.7450931726217
000445.png,17,19,0.0032276773331316,577.683026728335,181.131573522939,544.093420343337,38.6768909700442
000445.png,18,20,0.00059258138537963,574.552261395782,125.775984232946,553.836796551577,104.233701812659
000445.png,19,21,0.000933000479108354,291.661818184688,478.950497591452,293.494505912981,509.792349103925
000445.png,20,22,0.00658143581208866,405.433732783318,507.816521808779,377.40747302739,361.057664196402
000445.png,21,23,0.00271074463524725,591.768377322407,380.702122382465,572.132175975936,323.688568213337
000446.png,1,1,0.00580315691736305,591.299285437549,293.886371581165,607.970607322583,300.07912710017
000446.png,2,2,0.00984215413184773,581.278686765471,177.111015085496,640,129.465144279449
000446.png,3,3,0.00928505106778087,598.550594011649,125.5428338808,588.483923003729,245.537240660912
000446.png,4,4,0.0155988857938719,491.926339553852,230.833993782587,556.301161254336,226.767224655347
000446.png,5,5,0.0510677808727948,0,473.581815025598,419.692999899072,512
000446.png,6,6,0.00232126276694522,365.564546558868,505.137415077906,445.754143293299,510.029779534762
000446.png,7,7,0.0578458681522748,330.001165143122,350.064726944661,638.225306720019,344.516415642862
000446.png,8,8,0.00886722376973073,583.989541549338,328.668356234552,637.976322320276,329.513142373927
000446.png,9,9,0.0302228412256267,420.499331207063,216.662632304845,639.328216303137,51.762595683648
000446.png,10,10,0.00677808727948004,223.445739865381,178.150846378984,277.811683499933,185.41029962933
000446.png,11,11,0.0137418755803157,273.375249560206,254.260078004701,278.631244509816,186.048640199684
000446.png,12,12,0.074744661095636,0,427.745946618767,637.97352674709,458.548309702008
000446.png,13,13,0.00557103064066852,275.675997169226,67.6622772323453,257.583697358121,64.135815917744
000446.png,14,14,0.0122098421541318,136.266028714408,219.91577571048,278.250358975764,238.038541592971
000446.png,15,15,0.0122098421541318,258.532330923105,180.138256134832,260.35176821637,252.092249625623
000446.png,16,16,0.0143918291550604,433.430223238073,0,491.27902286912,40.1575066833011
000446.png,17,17,0.00617455896007428,555.964305112321,2.59715705540501,591.730302789282,58.173562678333
000446.png,18,18,0.00719591457753018,489.809498906983,64.0450569522759,513.767625405615,113.137359818186
000446.png,19,19,0.00283194057567317,483.082691311615,87.406297653075,518.404400424361,110.446164488444
000446.png,20,20,0.00311049210770659,473.287644065489,364.3390825029,447.159452726457,309.448098747503
000446.png,21,21,0.00441039925719591,449.358438431289,154.283241082236,500.946287544532,123.5905046173
000446.png,22,22,0.0103992571959146,490.345490865081,129.319503999923,593.254589985815,56.6061251556596
000446.png,23,23,0.0103992571959146,181.730534432968,67.1658184496712,182.56579652765,123.242746875004
000446.png,24,24,0.00292479108635097,638.702814536076,109.11313349236,611.987748304719,125.980595489058
000446.png,25,25,0.00654596100278552,553.432970485048,188.400563653646,640,120.867838145421
000446.png,26,26,0.00659238625812442,3.95838690612389,335.031876124386,101.968223689873,335.842407313558
000446.png,27,27,0.00454967502321263,572.908369056033,50.8152391893342,612.311873382537,14.5091052960612
000446.png,28,28,0.00696378830083565,403.091734827654,186.018861899088,399.519634573132,14.0099757256834
000446.png,29,29,0.00738161559888579,222.064122733637,299.997949603242,221.968761207255,203.998044330635
000446.png,30,30,0.00571030640668524,66.3764962149827,218.272516965662,94.3748796694184,238.274779742783
000446.png,31,31,0.00770659238625812,405.294012673367,297.756738681012,513.507586419288,218.046684265341
000446.png,32,32,0.0021355617455896,26.5795882306098,2.44846955210544,22.0407782816676,30.0067161337709
000446.png,33,33,0.000324976787372331,278,242,278,246
000446.png,34,34,0.00459610027855153,55.9363400833017,225.797238197651,125.990131318209,228.278611295688
000446.png,35,35,0.00408542246982358,159.943580412322,228.333552773608,240.978288128508,242.040363685515
000446.png,36,36,0.00139275766016713,531.982270600814,66.4437950018321,528.902063948097,80.2019560151545
000446.png,37,37,0.00181058495821727,517.694392016775,101.968358124336,520.831209284413,71.6719114442971
000446.png,38,38,0.00519962859795729,198.083747457828,181.302214094817,274.187694842277,190.436121897753
000446.png,39,40,0.00348189415041783,537.178292905072,0.0301243126282438,540.405468399929,88.0584565579544
000446.png,40,41,0.00287836583101207,496.445582909751,65.8489721400783,486.098739976954,35.3223104822574
000446.png,41,42,0.00311049210770659,605.925485414053,48.3220801501161,611.024811730307,17.8368781284959
000446.png,42,43,0.0556638811513463,637.998025050995,396.170101888706,0,388.762696985365
000446.png,43,44,0.00222841225626741,472.1501008242,318.118734046575,497.929301036039,342.215293942419
000446.png,44,45,0.00232126276694522,473.856533495378,332.247442128521,493.819137170026,342.321545795366
000446.png,45,46,0.00389972144846797,417.80477984037,0.459806484807029,460.376506890794,18.5344957837415
000446.png,46,47,0.00389972144846797,457.894841220645,10.1910242499361,486.832333513625,26.1211031176242
000446.png,47,48,0.00348189415041783,72.3535644777938,229.86241303543,69.3336166521719,309.899392272543
000446.png,48,49,0.0021819870009285,603.194365133211,2.65355088511154,585.571265718866,34.8597890818774
000446.png,49,50,0.00338904363974002,583.913233577417,156.304703845264,635.540604851198,113.446607158458
000446.png,50,51,0.00380687093779016,588.892710361567,177.229620561486,640,140.125485805705
000446.png,51,52,0.00176415970287837,501.173627803882,339.907608848808,515.728133494104,341.943532204341
000446.png,52,53,0.00515320334261838,469.146562945515,0.994824610992891,499.44061604873,26.9833930110278
000446.png,53,54,0.00176415970287837,254.871400013288,238.256829964265,269.258783749296,247.193326943936
000446.png,54,55,0.00408542246982358,259.65889407351,122.192722892743,257.254483785366,68.0330971056464
000446.png,55,56,0.00232126276694522,197.941439074108,151.781499554221,221.981206337431,152.571727666165
000446.png,56,57,0.00292479108635097,602.009329094174,50.0137600271174,640,24.2566489702945
000446.png,57,58,0.00157845868152275,614.446666885957,41.6577567864084,640,24.5651785733729
000446.png,58,59,0.00116063138347261,635.145276129166,20.5649451356563,621.552505275469,0
000446.png,59,60,0.00074280408542247,453.926282910473,139.939064648941,447.56218109571,147.638094113531
000446.png,60,61,0.00807799442896936,399.141333313007,166.624125554078,510.10505136637,97.3730042474164
000446.png,61,62,0.00134633240482823,262.115416354801,199.991547088081,266.059861501339,253.849138990167
000446.png,62,63,0.00937790157845868,219.943611714562,172.000867616052,217.297767120749,0.0415777958973251
000446.png,63,64,0.00227483751160631,225.517298271731,174.979904205999,217.878707997959,155.626643797347
000446.png,64,65,0.00259981429897864,579.628850256597,311.293982781244,593.337896487913,357.60394515858
000446.png,65,66,0.000974930362116992,586.070668499402,202.02235449116,594.456719042504,175.511815578165
000446.png,66,67,0.00998142989786444,123.997694115103,349.221662172763,278.014117790589,348.765376826175
000446.png,67,68,0.00204271123491179,271.705755730889,61.9582650677657,273.174101273545,121.971273121819
000449.png,1,1,0.091717538136683,209.693677751093,500.033440375929,13.5262850071075,444.349031015477
000449.png,2,2,0.0224962438582006,0,315.767271495628,388.593442652633,0
000449.png,3,3,0.0567414285520919,66.0778731589012,74.3897658647372,0,46.3511997320722
000449.png,4,4,0.0553337213551889,428.530927861188,268.421482479846,574.607546794394,322.934775776955
000449.png,5,5,0.0933688869638192,640,59.9100844815044,515.478481536033,18.0537904176659
000449.png,6,6,0.0280052518306961,636.293406200668,29.1422032521706,27.8884577922988,392.464092125241
000449.png,7,7,0.110437336726269,213.363127585317,439.663550490804,54.2305625433806,389.641524713498
000449.png,8,8,0.00230105984109151,68.3916834776298,469.956713912055,67.3144586124812,509.981549400023
000449.png,9,9,0.0961843013576253,532.791403078648,344.828142023455,203.519659999338,273.57846694877
000449.png,10,10,0.00663246660079319,611.664295874495,428.710784119649,640,445.173266998259
000449.png,11,11,0.00143477848915118,617.281837593583,498.294400071446,640,471.411058799323
000449.png,12,12,0.00138063590465491,635.751377054856,425.573889362507,610.558696992285,427.435738848079
000449.png,13,13,0.0226045290271931,182.031093839145,457.897668077961,91.1311059773906,430.277453930443
000449.png,14,14,0.0029778421472949,174.455145961424,438.150026858279,132.776376480644,472.954648559623
000449.png,15,15,0.0959541953735162,162.495988532566,330.652228580994,383.790451022189,384.855520518267
000449.png,16,16,0.00116406556666982,203.866522089384,389.743584360659,201.260064857649,411.430322904253
000449.png,17,17,0.00328916200814846,364.253893778709,322.291956610664,352.395978682342,271.906808221365
000449.png,18,18,0.0163510605178738,133.4975485224,499.59213032805,18.723140220611,463.371118752641
000449.png,19,19,0.000879816998064403,71.3135937444804,472.111035010657,77.4058327969361,509.772588524166
000449.png,20,20,0.0258936910353416,625.690352075792,291.725254372031,333.803232249311,399.164905376431
000449.png,21,21,0.00810785202831657,30.0416064886188,116.580981552722,0,105.262854601797
000449.png,22,22,0.00388473043760744,355.237715180532,18.9856421269997,287.190017866225,4.07557486346309
000449.png,23,23,0.0885908038820233,635.037568336364,202.639773584247,268.540472552962,133.403135461433
000449.png,24,24,0.00433140675970167,175.114065454481,464.288603972332,81.9068830912994,436.310209533623
000449.png,25,25,0.00231459548721558,590.601877646402,106.426496776751,575.145943895203,95.1729883791986
000449.png,26,26,0.00286955697830236,190.04260578419,421.517416875265,112.573886196199,395.910153621381
000449.png,27,27,0.00833795801242572,62.1886271725138,82.9575072881345,0.743115679528636,56.2878968857029
000449.png,28,28,0.00342451846938914,593.258129311675,138.190819984299,593.781138941711,57.9985725996607
000449.png,29,29,0.00089335264418847,585.1072770524,123.454745180689,574.713397481408,102.646591271876
000449.png,30,30,0.00175963399612881,0,509.455936842058,50.058393257295,507.978572145711
000449.png,31,31,0.00355987493062981,115.962181921222,512,9.23323031224109,482.802898988795
000449.png,32,32,0.0125204726647627,637.044985365809,32.403989571204,212.917869911834,286.191555559262
000449.png,33,33,0.0122226884500332,190.888017556524,444.795740603439,38.1609086440673,402.469468823766
000449.png,34,34,0.00029778421472949,47.8658228397479,83.946972076342,35.5930749692703,115.000846038502
000449.png,35,35,0.00200327562636202,0,504.807449037911,59.9520523220438,507.200974125117
000449.png,36,36,0.00110992298217355,56.7884137387694,423.425285123498,36.1962934104192,466.836602803827
000449.png,37,37,0.00116406556666982,83.3325085338778,472.257421670747,0.0593875985501597,504.155039498649
000449.png,38,38,0.00173256270388067,381.123195875461,495.1828468134,321.087394620495,502.904492010371
000449.png,39,39,0.000514354552714574,357.081654222735,500.823739043364,335.789559467626,509.482523219856
000449.png,40,40,0.0020980251492305,238.782990537853,321.62521496243,323.445263678632,278.900741560489
000449.png,41,41,0.047564260479974,640,261.654437847923,265.997085276347,187.238771285464
000449.png,42,42,0.000988102167056944,527.744380968317,246.062024871732,517.457095845534,243.039960279645
000449.png,43,43,0.0160668119492684,330.741076740626,398.929103202952,213.375479985403,368.953208294335
000451.png,1,1,0.022855574721656,504.46965031672,431.976441873183,508.412545053032,510.581238260481
000451.png,2,2,0.00627254194762427,525.297451131905,435.680917318784,505.241822178181,479.83893732374
000451.png,3,3,0.0361847263603575,640,352.748530285707,442.489928107771,309.749579158309
000451.png,4,4,0.0141132193821546,471.828972546669,424.456712005505,433.726019483552,506.14044202964
000451.png,5,5,0.0643719617374941,398.119759300026,321.811279063748,219.349874743204,354.801721630229
000451.png,6,6,0.048063352673671,372.574264009031,328.05323994682,253.853117666762,311.024006077634
000451.png,7,7,0.0245021169829073,340.891101303289,306.722080543236,227.009337888154,345.247535697277
000451.png,8,8,0.0274031676336835,295.467939537114,426.529836119999,466.272863322902,445.143663167135
000451.png,9,9,0.096910773090795,294.596462077358,509.479811596338,17.9852942924798,438.6317072433
000451.png,10,10,0.0623725889916889,230.720861051414,465.945647304251,34.0915255996693,418.094852660447
000451.png,11,11,0.00889916888819194,52.554412165033,387.521177257119,128.949408653739,401.337038726604
000451.png,12,12,0.00239140661753175,81.2632946961697,433.762983447256,69.002509946404,432.658848569415
000451.png,13,13,0.00815430453191156,638.084096187053,458.515639314943,593.317730448339,465.816635491392
000451.png,14,14,0.00854633840363807,618.558910291519,457.928302544923,625.348171143587,510.853301876614
000451.png,15,15,0.0203857613297789,595.811607111482,459.430675743379,444.628296728698,437.640740609633
000451.png,16,16,0.0102712874392347,453.999053524594,360.416686665355,459.842146225452,444.566455458268
000451.png,17,17,0.0477105221891171,341.899839693688,342.293029515757,238.21939453211,428.195205577415
000451.png,18,18,0.0333620824839266,316.162728615829,356.303555052191,225.096425529653,405.122025846719
000451.png,19,19,0.00395954210443782,616.551176777796,339.266351368914,597.552157566108,376.785974614537
000451.png,20,20,0.012153050023522,606.337743922839,376.755313115341,591.872459091515,230.01257244863
000451.png,21,21,0.0283832523129998,445.087544575054,162.078019844814,463.456112218545,376.901559096427
000451.png,22,22,0.00399874549161048,575.484075641793,437.18902891088,539.39445357619,442.590189780885
000451.png,23,23,0.0188568292300455,234.004365715333,301.26838157559,352.167239901633,301.973483380568
000451.png,24,24,0.00772306727301239,0,284.320314069029,7.66719637153875,233.348261361005
000451.png,25,25,0.00266583032774032,565.939821438938,353.030547032996,468.026838032502,354.216243424483
000451.png,26,26,0.00313627097381214,0,247.070539782761,3.02842532283647,215.713013333005
000451.png,27,27,0.00286184726360358,591.461076419423,379.908911562063,596.830568197843,348.1403819808
000451.png,28,28,0.00164654226125137,469.428527772976,352.108865554573,476.466603563405,389.054112944178
000451.png,29,29,0.00125450838952485,475.233938427627,363.635230021874,467.838513419962,419.714957389092
000451.png,30,30,0.00344989807119335,288.452751157416,341.268212941459,257.808803726644,322.309032801333
000451.png,31,31,0.0309706758663949,632.503105388912,201.628569808958,450.62730948596,163.043123196609
000451.png,32,32,0.0325780147404736,177.721919497975,499.165264491214,6.6033841137797,458.329275250852
000451.png,33,33,0.00493962678375412,1.29416244179979,473.209203416401,76.4696105423623,487.535835097902
000451.png,34,34,0.00203857613297789,587.883824679409,370.192427176471,585.850530883687,347.831728293277
000451.png,35,35,0.00301866081229418,575.979418820495,289.764197328103,547.804850145172,285.206321315329
000451.png,36,36,0.00423396581464639,428.229807363473,425.308345743985,474.294502020279,426.298464370605
000451.png,37,37,0.00882076211384664,0,390.274424751924,59.2875352708909,393.697058104148
000451.png,38,38,0.0268151168260938,437.753125639626,162.734631784848,215.889947103487,114.506272361729
000451.png,39,39,0.00168574564842402,36.445481311495,285.441866225628,8.86200129794272,263.425773639478
000451.png,40,40,0.00184255919711463,13.681216406913,295.169998139826,7.07695988033197,270.791878414127
000451.png,41,41,0.00392033871726517,630.988489138717,228.084150479129,636.647960279059,296.112480048088
000451.png,42,42,0.000823271130625686,632.59563363339,240.778062137372,635.73575626403,254.517489051125
000451.png,43,43,0.00478281323506351,525.921231190085,360.974995932175,567.632556746617,359.888864674033
000451.png,44,44,0.00399874549161048,275.92282126946,375.316351489922,253.443408482254,426.22145651854
000460.png,1,2,0.0164770390678547,516.309167282283,0,528.015888848068,210.221865027868
000460.png,2,3,0.00299748686314828,529.312985741946,148.356430323524,523.230547375967,0.113631319742893
000460.png,3,4,0.0723600639707562,484.527961896001,506.244515053996,461.906886307946,0.00416073481352441
000460.png,4,5,0.00864519076993374,466.598869470009,1.22131744658842,488.294616320831,416.924053389566
000460.png,5,6,0.00793237377198995,479.191134094735,311.166546038075,492.853084959182,508.02281453458
000460.png,6,7,0.0350011423349326,370.199082119974,506.264011945498,353.082320067395,0.504869524573905
000460.png,7,8,0.000895590587160155,347.400159800254,229.413261482458,386.378367825108,245.957047878397
000460.png,8,9,0.0391409641306831,311.425533591503,508.490866209735,297.987687304545,0.000325386798010641
000460.png,9,10,0.0335480923006626,275.909572623819,0.0531271587730216,288.832458576944,508.537962402727
000460.png,10,11,0.072122458304775,250.519924215524,0,261.609941809961,508.531896182889
000460.png,11,12,0.00490747087045922,269.224925892752,508.45376487003,258.121234385007,0.0847191959978773
000460.png,12,14,0.0373315055974412,593.007666931423,10.7292808636991,617.14764635585,374.587304994408
000460.png,13,15,0.0059675576879141,600.736294729843,45.6812387150287,622.59135553512,374.093741895131
000460.png,14,16,0.0321864290610007,338.207524495211,0.0879651707372357,350.007733783277,508.834828290644
000460.png,15,17,0.000941283984464245,591.057297635303,401.841367701863,633.654469190586,422.705453166922
000460.png,16,18,0.00511766049805803,625.599954940598,440.344880008242,616.821868362894,506.10970046895
000460.png,17,19,0.00703678318482979,357.899835177824,500.396899987184,618.7460623967,495.733835629078
000460.png,18,21,0.000255883024902902,629.486949241672,506.734918187102,615.78657936315,497.170608473573
000460.png,19,22,0.00265021704363719,572.482401605718,438.33917886514,640,424.415233858197
000460.png,20,23,0.0303404158099155,471.709470945506,474.280037478803,450.59579596019,0
000460.png,21,24,0.000274160383824537,617.48060217081,454.09531161185,610.829048672751,417.847866200316
000460.png,22,26,0.000859035869316884,571.65812867885,446.593447775589,636.625659656042,430.802682767685
000460.png,23,27,0.000383824537354352,571.419371996597,426.115398235184,598.150297912463,433.452420591303
000460.png,24,28,0.00136166323966187,577.744071594633,442.207522690981,582.106392934282,486.187823239239
000462.png,1,1,0.059155865736125,638.007254164414,505.910670338979,0,454.100225001119
000462.png,2,2,0.0195128899017234,622.940136650115,457.162862533606,634.962907285657,302.697626087282
000462.png,3,3,0.0118216778236718,325.520110146653,23.2732107284331,277.720860770918,31.6854393565147
000462.png,4,4,0.00897308075772682,324.176070705519,11.9586068083042,282.62361850957,11.3510218339
000462.png,5,5,0.0476190476190476,638.259753272877,457.176956854642,0.141463874641659,398.462546334067
000462.png,6,6,0.0583012866163415,608.37631260382,443.920292022871,38.2461483667104,391.331438157982
000462.png,7,7,0.0889711816930162,63.6812325081537,418.177268148954,107.7735932614,0
000462.png,8,8,0.0138631723875991,473.890748146968,74.9545896044806,352.564359347673,61.0689022517316
000462.png,9,9,0.00356074633243128,441.432968679792,75.809871890315,388.188397979372,57.6009293030209
000462.png,10,10,0.037838864359303,323.077790376914,19.1592873455615,310.695283381014,180.207232481564
000462.png,11,11,0.0617196030954755,551.601112102893,432.870932112381,584.086341054469,0.156628209916505
000462.png,12,12,0.00769121207805156,549.418341982075,411.177223814515,571.150555602861,126.545960412117
000462.png,13,13,0.0656601623700328,81.2623671634319,363.144076098564,118.150435909434,0.0152818786540934
000462.png,14,14,0.0329962493471965,358.57975208379,187.305079302161,372.817076882911,28.2521653805466
000462.png,15,15,0.0223614869676684,315.87487320605,23.2363700636908,299.472194604692,180.777978641036
000462.png,16,16,0.0152399943028059,411.358271865126,0.137935276061867,404.278240748159,69.8561925990332
000462.png,17,17,0.0410197977496083,76.8863492151444,367.897962155889,113.679292485927,1.77666036452842
000462.png,18,18,0.00427289559891753,328.83901050051,107.268135359949,378.341798528209,74.5166166565691
000462.png,19,19,0.0577790438209182,619.087317499094,512,0,462.417496744933
000462.png,20,20,0.00218392441722452,60.9331896105239,417.261655280053,65.6461002694143,376.420748365334
000462.png,21,21,0.00166168162180126,62.0253410402265,389.25791948262,46.9813771518871,376.487768274628
000462.png,22,22,0.0202250391682097,482.224365726379,77.6186683789185,489.968205222948,0
000462.png,23,23,0.0141480320941936,290.073468859096,78.9102761754653,106.369124006615,66.5249833852742
000462.png,24,24,0.0121540141480321,378.476681539579,80.0539647031216,366.324666181264,187.395264755024
000462.png,25,25,0.00232635427052177,366.191204098015,180.315800149371,372.121145943683,139.17043369187
000462.png,26,26,0.00251626074158477,398.282640163168,49.4529733660177,349.783547116034,58.8872767696045
000462.png,27,27,0.0115842947348431,568.108923516379,106.850780271031,362.44002770588,87.3573981294249
000462.png,28,28,0.00351326971466553,345.985962307387,462.051382748,287.946688856932,446.195136986205
000462.png,29,29,0.00664672648720505,375.219837672676,95.3639263653683,381.262580751505,27.9339161443779
000462.png,30,30,0.0140056022408964,333.940443657053,94.9806206788825,104.301608112578,81.0338933272908
000462.png,31,31,0.00246878412381902,456.662993532634,24.0374174972032,455.618598958502,42.5428467728774
000462.png,32,32,0.00935289369985282,525.946424728703,118.485153792237,380.396207441884,102.412121893386
000462.png,33,33,0.0245454113848929,278.33931546425,430.215026399712,0.0655925490375466,405.268332591232
000462.png,34,34,0.0122014907657978,311.935537782907,410.674626459474,72.402594545778,387.786664727483
000462.png,35,35,0.00194654132839576,440.869632680541,37.5793388977152,416.568949167472,28.8492161545953
000465.png,1,3,0.00810317675054287,638.264220929328,236.166887485025,339.980155424291,231.189161664091
000465.png,2,4,0.00124877723895352,636.26695769636,130.010826737756,636.541001915883,22.0064473949212
000465.png,3,5,0.000790892251337232,634.939086022123,481.983000360918,636.189117752998,403.970983185007
000465.png,4,6,0.000485635592926371,639.307662011432,181.732546188065,600.360960414892,211.128081210001
000465.png,5,7,0.00498123365315906,638.116511525132,375.025726997805,336.001186771971,367.949332671027
000465.png,6,8,0.000811705205319791,630.394378842782,0.00475952502102713,629.428464250266,80.04137610747
000465.png,7,9,0.00133896670621128,623.974916927525,64.1698740181474,563.958779348178,64.9924344011462
000465.png,8,10,0.000367695520358538,628.675477071708,103.746765507441,631.882768819262,137.63249507833
000465.png,9,11,0.000839455810629869,639.20801725023,125.514868670439,590.945641905683,102.054626847497
000465.png,10,12,0.000305256658410862,620.676404812762,37.8425320310496,622.683714265202,71.9597732390219
000465.png,11,13,0.000360757869031018,615.489730269544,70.3237695699021,611.299064746472,37.8324492268152
000465.png,12,15,0.000228942493808146,626.109318635783,341.703647907938,587.003939281549,327.278419143636
000470.png,1,1,0.012335734505535,43.9505061987012,234.630810791619,353.997905260372,231.772758343324
000470.png,2,2,0.0224390692964489,291.73995856044,216.929794678888,276.814958519332,25.3134029137515
000470.png,3,3,0.00161101010333479,292.234027897928,214.232007127746,287.421055277081,180.927550848833
000470.png,4,4,0.0365699293456998,624.647198542411,505.084437844404,118.28811418056,392.68249137714
000470.png,5,5,0.00287680375595498,607.435994298642,496.870393631987,458.05210282665,477.596179489137
000470.png,6,6,0.00455685714943269,351.999252340493,201.845131318271,405.998433060906,201.867012146181
000470.png,7,7,0.0281236335182159,257.788807907147,227.517114089647,251.687056458109,28.0095710852905
000470.png,8,8,0.00151895238314423,254.167212748259,220.932199689588,250.827231486633,182.874276134843
000470.png,9,9,0.0216565786748291,80.802731173739,254.623255248059,61.7430951107856,77.3824148967611
000470.png,10,10,0.00851533911762675,71.892919046988,73.9169803809726,73.2359385778134,233.956060933692
000470.png,11,11,0.00591470852224345,162.038653682403,114.027565600828,127.913081914208,125.569575618897
000470.png,12,12,0.0112770707233435,96.289734109156,389.068081624519,84.1752727488921,281.305785918761
000470.png,13,13,0.00147292352304895,79.5494793230232,312.994530652273,2.87398045970752,324.488208896426
000470.png,14,14,0.0042116406987181,416.937227002234,348.156632777416,362.717182307886,320.589423527253
000470.png,15,15,0.109272513866194,432.665785972348,496.766875356357,384.301201454265,0
000470.png,16,16,0.00393546753814642,453.047418477058,159.440185186141,442.297999106339,87.8530338789881
000470.png,17,17,0.00345216450714598,226.557728535884,217.727407405299,230.729426868237,287.477902840959
000470.png,18,18,0.00529331891095717,78.6498428487325,36.0679263853944,74.4644646721413,0
000470.png,19,19,0.06211594669858,143.821462556061,55.5871675635286,186.072907533831,446.695764315529
000470.png,20,20,0.0716899495983982,194.875128401051,424.616170632572,154.983429005262,53.4643769605117
000470.png,21,21,0.042691767738372,532.314463857778,506.553438909908,8.46199267670465,392.674619603723
000470.png,22,22,0.0757404892867828,418.398581562821,494.335079769718,368.209577611856,0
000470.png,23,23,0.00497111689029021,392.936900504684,274.039333933171,364.563744988224,0
000470.png,24,24,0.0158339278727762,154.613837353914,240.619792321135,134.600422334344,57.7154614592331
000470.png,25,25,0.00349819336724126,174.037053670112,180.640445312703,164.17183810616,107.809466899144
000470.png,26,26,0.00273871717566914,447.781419021654,171.655259213857,429.301665331701,87.5177308430586
000470.png,27,27,0.00338312121700306,126.197907681764,82.4567242828012,113.268699767567,59.840918049725
000470.png,28,28,0.0097581183401993,637.957379343885,225.226763104735,337.905300954696,229.838131311845
000470.png,29,29,0.0028307748958597,332.90678248232,21.1512279449167,388.023926258088,0
000470.png,30,30,0.0265356378449288,366.400179129279,0,2.49186498764266,87.7452712612772
000470.png,31,32,0.00124277922257255,163.23786495344,0,164.512001817234,11.9453880958549
000470.png,32,33,0.00538537663114773,586.918712470912,145.634581879553,514.999004917878,97.5491656496129
000470.png,33,34,0.00191019769395411,107.868067738479,16.7819628819609,105.270091414023,0
000470.png,34,35,0.00158799567328715,95.3461052060795,0,97.4963175592042,22.7228751397424
000470.png,35,36,0.00248555844514511,93.6426320431905,21.3532666013547,132.285913899138,0
000470.png,36,37,0.000575360751190997,441.693562313925,0,444.291568489427,13.1522742593188
000470.png,37,38,0.00108167821223907,116.89983382306,0,128.28401186349,9.16202503146024
000470.png,38,39,0.0037513520977653,459.220075666557,99.592265210321,463.041631186094,167.263508168846
000470.png,39,40,0.00388943867805114,338.422871213393,187.579648351275,317.333490355539,96.761481178152
000470.png,40,41,0.0128650663966307,365.661809029502,141.47083516881,353.849002571965,15.0794910679205
000470.png,41,42,0.00131182251271547,333.094883400181,237.776122943057,290.152672335372,264.247665493493
000470.png,42,43,0.00195622655404939,474.870962615372,146.80291227398,510.574046112927,110.593967565109
000470.png,43,44,0.00214034199443051,465.656918685583,148.314978123548,495.244417209497,109.525888476442
000470.png,44,45,0.00181813997376355,118.899911244192,143.965743545085,73.1342530671112,211.480321973895
000470.png,45,46,0.00469494372971853,155.095734039309,22.9481377861048,153.252517084536,0
000470.png,46,47,0.00292283261605026,511.957743707628,233.7470398518,393.886743772863,235.961567568995
000470.png,47,48,0.00142689466295367,165.6657110793,0,165.720509832854,19.9513284615075
000470.png,48,49,0.00257761616533567,212.728611709959,193.79470566692,199.953137608337,167.27761934397
000470.png,49,50,0.000943591631953235,106.363479421405,78.4713934227727,122.487558909928,66.0385277949542
000470.png,50,51,0.000897562771857955,116.268327038377,8.57048433669866,113.405873382106,0
000470.png,51,52,0.00202526984419231,203.780616788159,187.914170363507,160.13860437102,181.484351119295
000470.png,52,53,0.00142689466295367,219.864524265212,129.66710448446,165.157845275182,151.930629188159
000470.png,53,54,0.00103564935214379,213.934344289831,145.756841079257,252.372128899329,135.378196371727
000470.png,54,55,0.00144990909300131,351.000454344349,156.731633219885,348.140646353426,145.457024395048
000470.png,55,56,0.00614485282271985,375.012455136414,232.241081235795,368.5077810325,169.327160125942
000470.png,56,57,0.0207129870428759,638.163164818924,297.028158802223,66.3195953794416,278.261519090915
000470.png,57,58,0.00186416883385883,455.369021888106,87.9992964794328,444.430686670045,47.7110524629079
000470.png,58,59,0.00140388023290603,530.122358131451,87.7977152409318,456.350083754353,83.6989548020404
000470.png,59,60,0.000874548341810315,324.228151773143,10.3433659290078,340.807873921396,13.0484349167836
000470.png,60,61,0.000299187590619318,142.843465201801,15.6747880206633,155.540030641198,12.2798053427221
000470.png,61,62,0.000322202020666958,134.388744737106,0,137.328361616077,3.41977740812965
000470.png,62,63,0.00299187590619318,248.592119731523,169.544881912324,244.873497096233,33.9760401724156
000470.png,63,64,0.00128880808266783,230.727064024577,173.583873647057,204.017385297968,193.907972969912
000470.png,64,65,0.00326804906676486,375.326703384693,125.860678863788,571.637806989231,109.621535648744
000470.png,65,66,0.000920577201905595,27.2662489578325,321.975063534369,1.26029797752806,285.97936296179
000470.png,66,67,0.00115072150238199,87.1554472823667,26.3482110252508,79.8415107463324,0
000470.png,67,68,0.00184115440381119,543.76894508489,51.0676995913205,624.235286253511,99.6099765994891
000470.png,68,69,0.000437274170905158,216.918614928053,137.501613162257,194.677582773965,151.10761014309
000470.png,69,70,0.000874548341810315,103.929190245801,92.8150179676252,57.8546880943712,95.5682446689954
000470.png,70,71,0.000253158730524039,170.204447270491,0,174.996230515508,8.56178098966272
000470.png,71,72,0.000299187590619318,170.99147022094,8.42563742531504,167.520874677329,0.202208871745016
000470.png,72,73,0.00188718326390647,586.818182678515,79.7468842710092,516.320916183184,47.9748551050196
000473.png,1,1,0.0179877743260848,66.039593643467,320.971106862948,179.447590242777,344.646148802161
000473.png,2,2,0.022547349433811,63.219734304037,397.784991264123,180.244622183642,409.514035329616
000473.png,3,3,0.0164345124762,207.640403341625,487.554012467365,317.384871478641,471.419938400892
000473.png,4,4,0.0195159835654875,146.408168829832,510.736597564607,198.716312601447,339.724843752595
000473.png,5,5,0.0030814710892875,368.514146549888,350.562489114108,389.847141185555,379.582590133285
000473.png,6,6,0.00909409760497044,331.135035934365,489.285779911218,399.338341563014,480.949032382073
000473.png,7,7,0.0211193506363363,62.9378575149683,344.843168794942,176.752248755299,383.658645009295
000473.png,8,8,0.00796673013327989,574.227490435554,355.333922634319,533.42261297869,341.745160854026
000473.png,9,9,0.0194658783445235,315.777298875828,384.749001036452,523.041776129799,347.852062325557
000473.png,10,10,0.0354744964425293,59.8749305665801,444.652419113952,175.911095964633,466.896674612004
000473.png,11,11,0.00949493937268263,66.2685708423756,351.00455888297,153.682691082459,374.588961322002
000473.png,12,12,0.0236997695159836,620.204037271791,200.53867191829,631.406099126432,404.252614823541
000473.png,13,13,0.0114740956007616,543.829624387275,353.090111148084,639.710794218019,335.136475355817
000473.png,14,14,0.00789157230183385,639.620349038537,327.022906666521,552.131856099928,342.734240126519
000473.png,15,15,0.0401342819921836,209.799475513008,405.986982314597,527.544335113612,358.287396277889
000473.png,16,16,0.0233991381901994,521.842815806419,434.067202799383,515.489883550378,230.140503741804
000473.png,17,17,0.0141046197013729,388.02550972014,298.301333511734,523.257407927008,286.853128307342
000473.png,18,18,0.00949493937268263,178.248020842813,165.047039153807,315.374120061192,211.620085470606
000473.png,19,19,0.0879847680128269,316.450774800066,450.883085827498,526.32351740819,418.06916725239
000473.png,20,20,0.0022547349433811,311.656947462777,434.549634567885,340.974200943689,452.847898139123
000473.png,21,21,0.0136536727126967,390.128852484554,332.638681857199,520.101604133507,306.417000772069
000473.png,22,22,0.0057370478003808,202.443618522603,358.45246825102,171.859134768556,464.834469584865
000473.png,23,23,0.00846778234292013,65.3604215297716,303.91979886229,178.766002374096,341.700719216244
000473.png,24,24,0.012250726525704,315.344201410071,316.652203303644,520.639185904222,294.841155771862
000473.png,25,25,0.000926946587834452,392.153770089537,301.980975460938,382.855383329035,283.654492156737
000473.png,26,26,0.0131025152820924,394.62860582241,339.138483638896,525.391613604193,312.948005208856
000473.png,27,27,0.00255536626916525,385.091684756639,295.263314396254,395.975679887724,337.550554507634
000473.png,28,28,0.00681431005110733,208.434672981986,370.071037368431,300.975610601689,350.648381879872
000473.png,29,29,0.00834251929051007,69.7360060407297,395.78236503954,177.967213443396,416.579106520717
000473.png,30,30,0.000626315262050306,136.869229590271,394.816893466223,125.384203547534,384.464372676494
000473.png,31,31,0.00936967632027257,372.730750608945,446.004939523572,372.525268067873,310.005249988065
000473.png,32,32,0.00756588836556769,165.709726921321,510.259485497435,164.1346261183,472.076950152011
000473.png,33,33,0.00528610081170458,282.586259152617,312.719290023379,300.38622001571,387.431490133772
000473.png,34,34,0.0188646156929552,539.972485668986,224.07299967833,546.812255670959,414.042764163307
000473.png,35,35,0.00135284096602866,626.752276455405,312.006883960109,640,280.636438064826
000473.png,36,36,0.000801683535424391,622.005116305557,284.116826629844,638.236749427158,283.405978470891
000473.png,37,37,0.00388315462471189,288.209075747318,510.911439766637,350.004016036531,496.736259141001
000473.png,38,38,0.00739052009219361,288.857112879959,510.7936177701,281.92004055735,430.874957202308
000473.png,39,39,0.0147810401843872,259.49921541759,336.94091469739,70.0161464085926,283.942272651986
000473.png,40,40,0.00701473093496342,289.32821025709,347.987342710008,289.019352079166,461.986505919882
000473.png,41,41,0.0145054614690851,433.328177388353,474.946704428551,511.970277640252,463.271940814603
000473.png,42,42,0.0216204028459765,61.2169615530555,466.119732032031,173.347597467747,487.432428663481
000473.png,43,43,0.0047098907706183,435.836841868631,510.030468867746,435.245373963713,468.038799907955
000473.png,44,44,0.0297123960316665,208.341650473291,468.122809471147,299.520622489902,453.448228748251
000473.png,45,45,0.0140044092594448,640,446.300893870722,565.662793982008,457.82478367498
000473.png,46,46,0.00523599559074055,504.433745388506,448.105098251989,506.261048041578,510.110187678085
000473.png,47,47,0.0137789357651067,394.43081754035,271.916259975985,605.883348792058,224.377063543211
000473.png,48,48,0.00263052410061128,609.258598395468,281.425283882864,591.288328286436,305.468076222553
000473.png,49,49,0.0036827337408558,594.105383114112,240.974445601993,586.397183587433,300.311407406649
000473.png,50,50,0.044994488425694,638.952305136961,399.905316053142,540.29275358211,415.815387065501
000473.png,51,51,0.00791662491231586,601.176241566752,218.14534881904,606.941898008721,330.157411309587
000473.png,52,52,0.00851788756388416,211.679935746398,412.197848244233,301.465533111313,396.251821438875
000473.png,53,53,0.00313157631025153,62.2333227303608,453.783076496786,58.9991013646739,509.942358098984
000473.png,54,54,0.0160587233189698,215.7316252216,299.95923016353,211.95654533719,509.999218982898
000473.png,55,55,0.00939472893075458,211.215208711422,295.911119014294,207.238614424752,509.985856707984
000473.png,56,56,0.00323178675217958,581.555400837398,301.836785546851,575.491949001136,244.053311830595
000473.png,57,57,0.00232989277482714,580.977346275922,280.625583000613,575.894129157212,304.818212185342
000473.png,58,58,0.00145305140795671,174.664010354291,460.031389263367,177.125605167319,407.958665389008
000473.png,59,59,0.00187894578615092,587.361046581361,262.150158303575,583.247646003093,244.6468214974
000473.png,60,60,0.00170357751277683,296.242944002992,510.203182294117,293.523490770621,459.917609332922
000473.png,61,61,0.00338210241507165,262.330302140623,307.891166782259,351.917968266053,275.266810442802
000473.png,62,62,0.00275578715302134,347.533509933518,308.858877222073,261.748189028978,300.622818103278
000473.png,63,63,0.0057370478003808,566.980231574476,510.101957183405,564.954466201959,450.102827106009
000473.png,64,64,0.000876841366870428,562.670320005924,472.130003305606,566.407227090953,510.351266738274
000473.png,65,65,0.00648862611484117,319.890148141811,447.996581976595,320.162312475409,279.997022890993
000473.png,66,66,0.00418378595049604,579.489539106616,301.764076540217,556.069175403714,316.674531198039
000473.png,67,67,0.00170357751277683,182.861288698813,325.202781660262,157.136591304092,298.888859400342
000473.png,68,68,0.00127768313458262,159.629709254988,385.783428401251,104.281833074442,374.254018182955
000473.png,69,69,0.00413368072953202,372.800805062596,458.128130436457,373.726001961392,510.111663889367
000473.png,70,70,0.00353241807796372,393.90796580778,470.025668222217,394.398973138897,510.04418281404
000473.png,71,71,0.00197915622807897,550.11431239975,252.00065848771,550.010561874012,270.01158168569
000473.png,72,72,0.00107726225072653,615.581472954009,256.483902536029,639.451762831908,253.459990923671
000473.png,73,73,0.00536125864315062,61.7104294916303,441.986063302819,66.1372954195103,350.006607871419
000473.png,74,74,0.0032818919731436,603.681858395756,243.691651692899,560.072660075417,276.15709825651
000473.png,75,75,0.00132778835554665,169.988124173118,330.679643202385,161.899721534011,306.736401085631
000473.png,76,76,0.00222968233289909,391.99213263241,372.046829865671,391.152954396503,336.06640217642
000473.png,77,77,0.00588736346327287,300.075382636196,357.551811766146,218.287330531432,375.32241982902
000473.png,78,78,0.00215452450145305,537.665991792612,274.327408934553,604.204627828753,261.039970657733
000473.png,79,79,0.0012275779136186,219.570884770628,342.09867598645,215.740067380022,325.439485210747
000473.png,80,80,0.00125263052410061,472.118418976745,379.098209361727,494.931460355259,376.638298610063
000473.png,81,81,0.00207936667000701,536.765275344592,302.494507240739,574.356523284816,296.09388228227
000473.png,82,82,0.00263052410061128,296.868657509409,364.020061596595,297.381091014333,444.003965169073
000473.png,83,84,0.00453452249724421,130.003067893685,395.985897531198,67.0657976987873,382.294333559757
000473.png,84,85,0.00125263052410061,297.530565127007,353.997937271935,297.75030282669,303.990114680939
000473.png,85,86,0.000776630924942379,333.10547634244,509.950452311528,334.332564356431,487.796860645079
000473.png,86,87,0.000776630924942379,538.820614730028,263.988221101699,538.274872626702,225.967347048089
000473.png,87,88,0.000526104820122257,71.4316410251544,347.09210960778,76.0909626779734,333.911211686341
000473.png,88,89,0.000726525703978355,66.447264928398,322.00560018121,66.5122099069189,340.012579258947
000473.png,89,90,0.00120252530313659,235.48606943574,338.256866038312,227.48854159287,322.255630437139
000473.png,90,91,0.00220462972241708,299.166289313555,302.960769375129,259.945549753469,334.425151696973
000473.png,91,92,0.00255536626916525,539.794396516296,424.00403121507,538.110401515519,338.115475855461
000473.png,92,93,0.00145305140795671,197.773867806386,317.104315691675,215.866219072732,306.765985882221
000473.png,93,94,0.00162841968133079,157.339189447524,509.978272346834,158.659461009419,469.824401443849
000473.png,94,95,0.000926946587834452,563.172280218549,384.462203819768,552.685781762406,411.05894356145
000473.png,95,96,0.00227978755386311,517.309093218889,272.519173928258,446.221702411794,283.442770750877
000473.png,96,97,0.00363262851989177,77.4982977639593,343.707481326897,177.665291646396,373.139138362717
000473.png,97,98,0.000651367872532318,391.806428895297,290.004513264157,391.153941350171,262.019726529871
000473.png,98,99,0.000851788756388416,194.022312658188,163.776827959008,229.666020771443,167.340472724447
000473.png,99,100,0.000651367872532318,201.586079464806,168.670857822749,196.368741588932,149.897522235757
000473.png,100,101,0.00373283896181982,175.397450811164,405.059145659469,200.077905398406,357.662071937633
000487.png,1,1,0.0471854304635762,533.762020652349,109.893970528291,528.355068856922,326.008883423026
000487.png,2,2,0.0678290562913907,425.92309345958,0,492.169372722497,97.3298151314545
000487.png,3,3,0.0549720612582781,614.106778378563,254.808166406223,583.372990554455,509.924464350501
000487.png,4,4,0.0456332781456954,600.339568150313,295.500410730387,638.768742557459,368.543315172895
000487.png,5,5,0.0990273178807947,395.559433338928,0,327.465742721868,508.320935105625
000487.png,6,6,0.128544081125828,410.513637965597,7.85682495383104,539.416512877578,191.222118299607
000487.png,7,7,0.0121326572847682,493.06826261559,87.2987153480069,519.57826766983,170.59015020705
000487.png,8,8,0.0774006622516556,319.926649491666,118.808508686635,530.285699080063,333.851203905652
000487.png,9,9,0.0631467301324503,329.17974568548,434.337838838056,375.326892442158,0
000487.png,10,10,0.0365790562913907,329.352205582977,27.1544958978676,459.425221400748,260.182770718539
000487.png,11,11,0.0279904801324503,530.098686041359,267.044121857797,506.637652725085,510.06155933493
000487.png,12,12,0.00913182947019868,395.375741841875,0,379.120855923775,129.638996290932
000487.png,13,13,0.0178756208609272,379.237222340582,138.490167028652,335.463165420044,508.516896030764
000487.png,14,14,0.013607201986755,592.972411406495,510.122191988476,623.128050551121,270.141749406704
000487.png,15,15,0.0341990894039735,370.717786302186,0,328.581253907768,364.067273347282
000487.png,16,16,0.0165562913907285,389.352331916107,315.485757770036,367.832314812301,509.981446436514
000487.png,17,17,0.044934809602649,635.55306160797,323.761625357281,617.415727920347,509.943081669448
000487.png,18,18,0.0177721440397351,623.891176264192,509.990760448708,636.804391742819,357.898488287185
000487.png,19,19,0.00380277317880795,526.704709122535,285.978647391302,523.796753288423,190.006158352947
000487.png,20,20,0.00362168874172185,536.186302565585,231.823143098502,541.121454868872,125.402768670861
000487.png,21,21,0.00460471854304636,410.139170218701,102.033814383962,393.187361783252,171.80255214844
000487.png,22,22,0.00395798841059603,519.065057762629,335.087993591501,508.380331427835,463.197691291367
000487.png,23,23,0.0224544701986755,386.45887485951,255.595368299835,357.396843126343,509.931079422056
000487.png,24,24,0.00230235927152318,630.21479340818,338.099441168053,627.314829873952,286.038165956793
000487.png,25,25,0.0137882864238411,432.315176712475,0,493.241764666248,128.971824479738
000487.png,26,26,0.00131932947019868,421.275514355211,92.4822272315853,400.374899994489,61.0816880670361
000487.png,27,27,0.00087955298013245,427.814614582896,110.545948058851,397.288513339143,76.8332787222546
000487.png,28,28,0.00615687086092715,324.659439968701,348.2847375989,315.111535872313,433.677034351742
000487.png,29,29,0.00126759105960265,492,206,446,206
000489.png,1,1,0.00915371329879102,533.498830207151,316.160634641317,547.778425594887,360.712057695446
000489.png,2,2,0.0077720207253886,511.018162263998,353.390648424145,535.057574715035,314.656355725147
000489.png,3,3,0.0229994242947611,637.986480295015,51.9920930935841,589.146847599049,135.501039689824
000489.png,4,4,0.02573402417962,630.916238191732,40.0543033807975,558.032228093629,170.903939577801
000489.png,5,5,0.0107944732297064,600.184664636878,43.2352760170332,640,101.747046085093
000489.png,6,6,0.0960852043753598,504.691670519312,41.7963722556488,580.282327954562,126.163133679974
000489.png,7,7,0.00515256188831318,328.28315615199,299.821684636976,352.972563406053,323.090178038515
000489.png,8,8,0.0300518134715026,344.269906731197,149.616487356808,333.946285318816,303.862545772155
000489.png,9,9,0.0173575129533679,497.825372086283,361.779328646843,501.110286306621,299.635808873268
000489.png,10,10,0.101295336787565,468.449257684874,49.4238637340634,575.508063105899,176.414724146713
000489.png,11,11,0.0129533678756477,580.027590573908,42.107508731075,584.096502943528,116.757828119392
000489.png,12,12,0.0106793321819229,638.954064429843,273.275612000206,599.56088283539,302.7388291317
000489.png,13,13,0.0026482440990213,131.777162708448,221.861402078822,120.018219256036,240.767393511958
000489.png,14,14,0.00604490500863558,434.071946952081,194.251616496048,450.608361519784,320.964630188186
000489.png,15,15,0.00961427748992516,445.438618546663,309.873203071059,443.651076612994,345.982727128031
000489.png,16,16,0.00454807138744963,1.94453413784108,0,2.22044604925031e-16,49.0133531281107
000489.png,17,17,0.0122625215889465,150.540009702848,318.0515602151,155.92893557917,261.611294100615
000489.png,18,18,0.00238917674150835,150.212698650858,311.891404315661,151.073843944697,281.858749215161
000489.png,19,19,0.07573402417962,411.779020205614,103.613320742279,510.609961588951,212.102731156431
000489.png,20,20,0.0233736327000576,457.623641826215,87.9259135346288,550.054339092015,174.832158122475
000489.png,21,21,0.00696603339090386,116.167575217693,240.995705665137,155.959540088505,265.335808037183
000489.png,22,22,0.00259067357512953,136.123339322608,257.639341932804,111.988209878893,230.010299166043
000489.png,23,23,0.0028209556706966,429.913229988581,127.249962656163,477.867075143779,128.042531282685
000489.png,24,24,0.0100748416810593,460.869628812875,123.852305368322,452.660567474435,297.842441605997
000489.png,25,25,0.00526770293609672,576.986425715101,319.771290937251,589.040071875404,371.7588527345
000489.png,26,26,0.002475532527346,476.521823932755,115.761006688589,482.030566273434,35.5898267638039
000489.png,27,27,0.00823258491652274,543.996401046893,310.602712081786,437.984027612656,349.95697363831
000489.png,28,28,0.007426597582038,623.386378288226,255.650270980164,639.724988789354,226.983144218909
000489.png,29,29,0.0113126079447323,640,329.698890269955,606.069593447917,271.959103867051
000489.png,30,30,0.000316637881404721,437.359311566863,117.675213766905,433.315185576078,125.652844837504
000489.png,31,31,0.00975820379965458,31.4396541836973,248.569260654187,14.7951616429393,301.622000235897
000489.png,32,32,0.0219919401266552,444.40252793942,255.794933187622,384.520528791523,173.53254782364
000489.png,33,33,0.0100172711571675,637.843102414128,289.818277565703,585.453710214343,335.050827928916
000489.png,34,34,0.00322394933793898,586.215538490663,318.472769189294,598.390352287232,364.426454614029
000489.png,35,35,0.0051237766263673,630.447837445255,134.441795559,633.662759935145,160.29069116772
000489.png,36,36,0.0167530224525043,436.110876409128,226.01026013657,424.8493282597,347.708447246841
000489.png,37,37,0.0259067357512953,604.529116267941,353.929415023306,613.562324707947,165.691067927023
000489.png,38,38,0.00644789867587795,571.131778040254,313.189604895362,528.419909951116,356.414922078316
000489.png,39,39,0.0052964881980426,538.442421031532,315.135925323207,517.907412516774,354.982976925472
000489.png,40,40,0.00449050086355786,500.971394704129,355.544752750768,462.186906070541,329.719305677541
000489.png,41,41,0.00181347150259067,461.43713723244,334.284776648993,469.930042149309,351.071054537404
000489.png,42,42,0.00800230282095567,335.950835699693,316.723022483908,447.976839751644,324.340600398856
000489.png,43,43,0.004951065054692,83.898065346325,200.451742672297,86.401456319625,234.266409889784
000489.png,44,44,0.00201496833621186,101.556714567939,211.64175379139,72.085255826729,203.684246161396
000489.png,45,45,0.00189982728842832,506.023336913124,287.162871502709,465.999319432489,287.96608752154
000489.png,46,46,0.00112262521588946,490.310376654585,153.831861178495,491.860715210963,119.811369779203
000489.png,47,47,0.00189982728842832,613.514341360152,153.144622846923,631.18223642708,160.641036106759
000489.png,48,48,0.00178468624064479,608.557063328014,174.931956331709,620.890465425386,135.174104071486
000489.png,49,49,0.0158606793321819,627.414934005171,175.922866582913,626.06836310449,255.967504556207
000489.png,50,50,0.0052964881980426,637.239919460652,267.195195712595,602.188063536657,276.693980948878
000489.png,51,51,0.00808865860679332,623.976511027261,137.305980322011,614.215302364616,222.024806898201
000489.png,52,52,0.00261945883707542,638.020081579492,309.973644189891,605.240147072482,284.997259178527
000489.png,53,53,0.00273459988485895,602.13790401044,307.552393325435,638.393593841713,318.722479280657
000489.png,54,54,0.00374208405296488,542.034205083024,359.987775363263,532.254534049393,332.623816266386
000489.png,55,55,0.00624640184225676,349.929073293821,151.355042729577,465.925327297063,157.426609364283
000489.png,56,56,0.00261945883707542,618.009866279254,108.189249490447,638.267609562983,107.133138048236
000489.png,57,57,0.0090097869890616,639.29229581815,64.7610571205649,599.413317167924,132.476654214657
000489.png,58,58,0.00210132412204951,599.888727900957,354.440418341164,550.038952047742,341.845826614228
000489.png,59,59,0.00256188831318365,635.906328062327,267.15130131838,607.807142094949,270.252643707146
000489.png,60,60,0.003713298791019,391.926584207176,282.07442501336,391.729645158724,266.003312989487
000489.png,61,61,0.00385722510074842,151.804255820277,191.897084306373,154.084963380158,231.881072600657
000489.png,62,62,0.00538284398388025,640,349.305027782955,611.506011946957,290.306726460077
000489.png,63,63,0.00120898100172712,120.03938070003,213.221807440062,133.808610639982,221.601022668851
000489.png,64,64,0.00541162924582614,135.231953984474,212.884130130179,128.114942396939,190.602098453075
000489.png,65,65,0.00402993667242372,124.890011148016,249.846674089034,134.874041601023,177.568202492927
000489.png,66,66,0.00305123776626367,638.049410857626,345.997541513627,634.371620881167,272.081021622906
000489.png,67,67,0.00103626943005181,484.182192241649,292.548213584436,499.93411446516,294.525004377776
000489.png,68,68,0.00109383995394358,146.533518244333,226.706444590415,160.480238116708,210.895285599709
000489.png,69,69,0.003713298791019,468.993519918295,327.102376737552,527.493106107683,306.782734411834
000489.png,70,70,0.0142199194012666,34.851193444905,0,5.64662179772168,301.965823089112
000489.png,71,71,0.00215889464594128,144.154083766101,222.03215396447,143.598059031756,190.111515234902
000489.png,72,72,0.00103626943005181,144.578842957705,194.362366093,149.209770134981,238.083700486478
000489.png,73,73,0.00204375359815774,491.183915899563,305.274537877466,472.424473905476,326.377338242789
000489.png,74,74,0.00296488198042602,483.316703008697,316.015711640983,484.19106514656,354.041594409664
000489.png,75,75,0.00391479562464018,362.446949588773,340.31644998794,332.044648691535,319.933404311786
000489.png,76,76,0.00279217040875072,332.170873949828,315.960628909925,332.022014599207,338.000148691032
000489.png,77,77,0.00402993667242372,330.244860810484,278.418964434696,389.444403646514,287.587416022512
000489.png,78,78,0.00319516407599309,368.014919616193,261.844747005987,361.537154982508,279.833327533509
000489.png,79,79,0.00201496833621186,572.46979031209,262.611901280941,590.414369776136,268.685092957437
000489.png,80,80,0.00607369027058146,341.829184985446,306.666714084972,439.811492693491,312.942920976247
000489.png,81,81,0.00178468624064479,329.321656192149,294.047885312033,329.913706748438,277.707023144266
000489.png,82,82,0.00238917674150835,348.211155465875,176.131951381447,334.392504027663,198.245276381832
000489.png,83,83,0.00348301669545193,66.6499334194757,253.327605699741,54.9173680863069,311.782704161082
000489.png,84,84,0.00368451352907311,591.110524906476,321.061537661208,632.523575747967,355.762027918338
000489.png,85,85,0.00331030512377663,619.310109981653,315.705386696052,630.162242219704,363.963515493313
000489.png,86,86,0.00132412204951065,633.227042175145,314.847714488419,605.427289964948,321.664367333146
000489.png,87,87,0.00518134715025907,635.11200028153,231.975423684532,636.330344747975,187.953790554949
000489.png,88,88,0.00454807138744963,541.293039332456,317.161510292279,557.239769625553,354.326201786014
000489.png,89,89,0.00120898100172712,618.800439757024,223.081113270995,622.915337894726,190.840515925375
000489.png,90,90,0.00564191134139321,590.590948721164,80.5297241368364,630.380519416848,42.3970533382706
000489.png,91,91,0.000834772596430628,616.138646715798,345.91802983313,615.603471943756,358.070613603509
000489.png,92,92,0.000662061024755325,639.899394604009,332.740312567684,619.271440338734,363.036275417308
000489.png,93,93,0.00402993667242372,387.535797028191,236.50675229935,427.490250319042,273.106440112102
000489.png,94,94,0.000633275762809442,529.289645309978,327.650530749842,520.211234092471,346.103919662868
000489.png,95,95,0.00331030512377663,614.76996132926,42.6144187915721,590.609888271986,72.8907095257658
000489.png,96,96,0.00118019573978123,604.190594681588,279.769536695484,630.003262163351,292.15980679946
000489.png,97,97,0.00161197466896949,616.054844894092,114.870050796087,638.003137184798,115.93536573415
000489.png,98,98,0.00310880829015544,577.224848391524,333.369457933561,548.502685119387,317.111907764493
000489.png,99,99,0.00103626943005181,571.388946318367,269.965185688277,571.742627863961,263.757439509621
000489.png,100,100,0.00109383995394358,637.161718016627,243.564644168939,631.796954472574,253.894549738526
000489.png,101,101,0.00152561888313184,26.2207300745891,270.670974665778,29.035694834429,286.526285157448
000489.png,102,102,0.003713298791019,477.81151266068,165.989602955561,469.978223034933,307.99879877304
000489.png,103,103,0.00181347150259067,461.996125244762,320.000597109896,463.084866807043,327.065640075082
000489.png,104,104,0.00221646516983305,3.53765510726556,298.546321996568,99.6376612037403,315.995547613102
000489.png,105,105,0.00109383995394358,26.6794144690111,277.215508692007,19.8854463505371,305.972936597638
000489.png,106,106,0.00408750719631549,506.788629780337,313.690506716595,505.313735648917,348.056382122554
000489.png,107,107,0.00109383995394358,538.614301794695,159.790758102751,528.210578557748,129.247038417542
000489.png,108,108,0.00791594703511802,612.67401506324,47.667177055074,591.905662090142,95.0826636596689
000489.png,109,109,0.00126655152561888,575.453074831054,315.609345606597,555.168675434779,337.219682718432
000489.png,110,110,0.000143926309729419,630,354,626,350
000489.png,111,111,0.00310880829015544,493.4894319105,203.853625758956,488.820647959769,283.931239960973
000489.png,112,112,0.00132412204951065,371.967163543582,269.03819341173,399.939181474268,269.922905197911
000489.png,113,113,0.00166954519286126,521.328361690489,315.059031410655,510.38321177335,346.134969707728
000489.png,114,114,0.000604490500863558,551.792377477092,328.109861260766,547.610254486668,320.206229713775
000489.png,115,115,0.00178468624064479,588.228384570583,87.7744530161192,589.863196686539,60.4369888006988
000489.png,116,116,0.00302245250431779,588.529442950221,41.9876273565737,589.13780142586,68.0201488668723
000489.png,117,117,0.00112262521588946,630.196728712107,275.490440491988,613.951778891491,277.63467105579
000489.png,118,118,0.000719631548647093,507.918982512121,199.755977621046,520.521826645499,195.571727077321
000489.png,119,119,0.00213010938399539,334.499523432676,220.950047879207,343.210331449948,243.097217718888
000489.png,120,120,0.000892343120322395,357.593243309547,317.476483682889,390.219072577363,326.464577821715
000489.png,121,121,0.000834772596430628,355.000271311643,341.62799521574,376.883359840821,328.182608242697
000489.png,122,122,0.000834772596430628,619.241231869177,111.000081740243,637.405466319515,97.2165128462724
000489.png,123,123,0.00135290731145653,88.4261289944133,204.567356340319,94.0990125701883,240.301784051378
000489.png,124,124,0.00161197466896949,463.975847101404,194.017892031896,469.928232036648,202.05316441355
000489.png,125,125,0.000921128382268279,595.88491827269,334.391739307799,628.003024360501,335.9371448269
000489.png,126,126,0.000633275762809442,335.352322791438,339.107660852896,352.846159047338,326.410292290695
000489.png,127,127,0.00138169257340242,389.374476441615,345.980975991869,373.153755875543,335.283126000513
000489.png,128,128,0.000402993667242372,116.108903260465,220.056616369808,120.266630692917,212.059104783322
000489.png,129,129,0.00103626943005181,442.214021095998,221.993613304647,441.319574738444,192.020304862173
000489.png,130,130,0.00152561888313184,456.919636455871,312.198718692029,429.35894947518,345.836060684235
000489.png,131,131,0.000374208405296488,129.429977839625,179.938733746951,133.111705565268,181.021227098802
000489.png,132,132,0.00120898100172712,637.32544467656,158.027437170284,636.026011906406,126.080290890279
000489.png,133,133,0.00921128382268279,541.036738572157,45.1003626640735,578.150146236604,87.8697095256938
000489.png,134,134,0.000316637881404721,609.631914386246,326.528379752118,616.485629232813,331.302888664846
000489.png,135,135,0.000431778929188256,574.100398143366,323.812520473531,609.56830712594,342.806126218032
000489.png,136,136,0.000604490500863558,570.309220055969,41.1508421949533,576.137731038131,69.9721467546109
000489.png,137,137,0.000316637881404721,569.314785543756,48.4950676259456,571.804069880125,53.1694222755668
000489.png,138,138,0.000892343120322395,535.591067672374,136.171714136823,507.539824176072,157.391681239386
000489.png,139,139,0.00115141047783535,518.158798266652,162.703689358524,527.400223997689,149.577723613759
000489.png,140,140,0.000575705238917674,632,208,632,236
000489.png,141,141,0.00250431778929188,530.508509725709,109.642172035588,566.02046606656,92.3990904274599
000489.png,142,142,0.000633275762809442,542.02601702973,202.805509574702,570.061367810573,201.900000096387
000489.png,143,143,0.00023028209556707,541.904730195565,323.711238176057,561.726652470543,317.171486373418
000508.png,1,1,0.145718688091569,329.557391420599,511.356003683246,361.308479419122,6.58552225227419
000508.png,2,2,0.14175654853621,556.421183506167,507.993702744169,550.436622163842,107.724347879887
000508.png,3,3,0.0115562403697997,70.7078880457641,0,206.758140134985,93.8012065506173
000508.png,4,4,0.0418776139115122,2.70257053383214,143.011856020448,120.76089846439,37.076859070919
000508.png,5,5,0.0319722650231125,338.736758636202,193.21899663233,390.443562910474,109.585331717459
000508.png,6,6,0.00836451683909311,378.452165166159,109.233179035977,332.908572410914,125.932478638779
000508.png,7,7,0.00478758529605987,211.196627096819,109.094912623034,251.506983991173,138.671928875476
000508.png,8,8,0.00473255558001321,172.020473172122,146.467524907917,248.049840528628,143.138157214654
000508.png,9,9,0.0177745982830729,640,4.09231687752408,570.113898122509,54.126703031619
000508.png,10,10,0.0119414483821263,285.780022226381,244.270797743905,342.322054169865,233.72705199836
000508.png,11,11,0.00434734756768655,605.740357015055,377.494366150965,639.190221410658,360.31786055457
000508.png,12,12,0.00841954655513978,322.345583601401,68.049690265461,291.790705482858,93.4234364241162
000508.png,13,13,0.00374202069117323,373.985880215135,142.890258002491,394.279966906352,117.121868159065
000508.png,14,14,0.00335681267884658,89.5274318265095,264.544080512238,56.5851371316,235.931623928328
000508.png,15,15,0.00368699097512657,69.6156734633971,28.3214116329951,121.510629886254,51.1142048491664
000508.png,16,16,0.0036319612590799,71.1259646188737,42.6132382059743,114.485673394141,51.6764750507454
000508.png,17,17,0.0313119084305525,241.478181529124,129.022132404491,116.891608439052,226.215951057403
000508.png,18,18,0.00401716927140656,613.984766557315,506.209891360415,618.465670298879,463.83774285842
000508.png,19,19,0.00176095091349329,634.44642488873,169.043610006766,602.914653681049,154.325171344255
000508.png,20,20,0.000495267444419987,600.326010043378,152.856896574569,597.061862314051,146.480222098336
000508.png,21,21,0.00484261501210654,80.1761693078966,216.33347627133,106.246540159897,246.027620003793
000508.png,22,22,0.00214615892581994,178.119518913708,0,212.012202060291,25.9840840815517
000508.png,23,23,0.00269645608628659,234.649938240478,0,257.897233941942,20.1187466091281
000508.png,24,24,0.00715386308606648,0,103.9260645085,120.115269265877,32.8163971505683
000508.png,25,25,0.0176095091349329,11.2555439872797,308.477781426859,115.084188537411,231.461639382182
000508.png,26,26,0.00159586176535329,67.2471681645706,191.019791983005,87.5560216760054,175.421927856832
000508.png,27,27,0.00401716927140656,342.415755405837,262.159105021618,337.863353438483,296.771185701759
000508.png,28,28,0.00264142637023993,529.019099955702,487.918543185815,568.061430846301,507.879847358297
000508.png,29,29,0.000880475456746643,556.53937189939,508.002736212881,556.49440553856,483.999073823924
000508.png,30,30,0.00341184239489324,618.075241781225,206.542433554272,606.053121090213,252.536651574959
000508.png,31,31,0.00247633722209993,613.861050141024,195.014989585315,610.773726833204,231.093090371191
000508.png,32,32,0.00357693154303324,0,146.558556697289,57.8516721237391,186.216376385081
000508.png,33,33,0.0299361655293859,13.6163217406666,146.70244598127,131.491631074462,40.7895638402999
000508.png,34,34,0.0025313669381466,622.918574754192,500.155326176853,621.754362247281,462.068643404134
000508.png,35,35,0.0353841074180057,211.73452773352,316.727472609255,106.497878251287,383.652392951369
000508.png,36,36,0.00154083204930663,321.70603294701,0.570832114446788,343.978925231771,12.0409234789658
000508.png,37,38,0.00148580233325996,590.510533974288,1.095582134125,577.476827293917,7.1692025994171
000508.png,38,39,0.000990534888839974,571.907896989153,0.184523259518774,578.30954479829,3.37984421331904
000511.png,1,2,0.00822678683714106,0,28.7883097290474,418.826479611983,275.98827460639
000511.png,2,3,0.00928351847970377,304.975558782482,76.2998925834131,6.47827847142759,148.51159670629
000511.png,3,4,0.0177461049395654,0,91.9078018326971,182.266751193535,278.490355997479
000511.png,4,6,0.00523125829665339,7.29207602604003,507.734267290041,126.731446135397,486.865062583826
000511.png,5,7,0.00200866345280514,154.411594849738,124.79302336007,21.0448038356879,194.013032594842
000511.png,6,9,0.00136239782016349,66.2768035730766,113.004584328141,43.9482917749525,196.520885804498
000511.png,7,10,0.00158946412352407,52.4026243558111,97.7947394260595,35.7092519942024,227.705642030956
000511.png,8,11,0.00185146370432474,0,174.71835820149,37.4586442829346,201.01550390655
000511.png,9,12,0.00255012925312653,572.284993198862,386.38487574576,640,364.606908519178
000511.png,10,13,0.00272479564032698,598.550149975328,415.469339280598,613.549552238203,511.935896539064
000511.png,11,16,0.00206106336896528,487.272049868981,6.79431020479267,479.817253166596,56.2737953492078
000511.png,12,17,0.0083577866275414,381.135417363912,65.3039791079741,456.67976183378,102.136492568184
000511.png,13,18,0.0023055963110459,443.705427646701,46.8594094905246,479.705425413428,58.8688609948366
000511.png,14,19,0.00120519807168309,422.756823480034,111.582575226529,397.720542698275,107.569797060415
000511.png,15,20,0.00275099559840704,374.015536431979,496.845327024381,562.099036364333,493.388503311411
000511.png,16,21,0.00136239782016349,342.951313307967,419.497784855277,284.171948428115,459.300384623391
000511.png,17,22,0.000916998532802348,334.777738533845,416.643599899457,286.610337593912,474.850016366791
000511.png,18,23,0.00111786487808286,352.148728494022,495.460909956252,288.060749644733,477.779803265997
000511.png,19,24,0.0007423321456019,304.116838147991,509.702634376053,298.214897819054,467.688859314744
000511.png,20,26,0.00344092782784881,0,167.995855821974,350.179582432085,212.589806460771
000511.png,21,27,0.0106808495773073,47.9478769956284,143.912868132675,636.19495526675,230.678253246868
000511.png,22,28,0.00123139802976315,94.2373011483783,116.049848339769,0,126.959250439778
000511.png,23,29,0.000864598616642213,392.094038074326,54.17230649511,432.260419432437,87.9745998778376
000511.png,24,30,0.0155802417382799,41.5395125140377,194.096530876992,636.376546805151,266.924477551901
000511.png,25,32,0.00033186613568085,114.365687443298,45.8880358746319,132.774907758672,50.0990573677343
000511.png,26,34,0.000637532313281632,609.001192284606,397.557950585572,535.722958540905,376.986876459225
000511.png,27,35,0.00248899601760637,373.969379182017,505.659310085547,562.041848584503,503.198953069571
000511.png,28,36,0.0020697966883253,374.385829598058,501.915228288898,511.290791280454,474.335233442191
000511.png,29,37,0.00272479564032698,292.154838366039,183.390577453215,363.985729560593,228.47340112119
000511.png,30,38,0.000305666177600783,452.15349247471,88.3744826155449,458.252480932184,83.3566862523012
000513.png,1,1,0.0443410136611537,582.121423774532,153.006104110578,369.426425576518,178.67564390642
000513.png,2,2,0.00479650388161518,358.305643964741,202.632270598522,347.93910949738,139.680677731491
000513.png,3,3,0.00509850597786502,352.542053909916,203.09962173555,340.489537568067,142.299421268429
000513.png,4,4,0.00715922616404043,544.188459256359,115.72252166137,553.018379926194,185.363711377998
000513.png,5,6,0.0744701639693734,344.269619879633,184.078736274813,0,228.731795250023
000513.png,6,7,0.0822689239842959,0,10.8812057552229,80.3007625503758,0
000513.png,7,8,0.161961947735873,575.371898103822,111.198415392096,0,186.463605890178
000513.png,8,9,0.0182977740669023,503.847079349,1.11022302462516e-16,535.334165785279,181.421329528635
000513.png,9,10,0.209216393384378,225.840976981595,0,0.931425380223402,29.984869658464
000513.png,10,11,0.0731910962676094,606.093293023913,449.151369570865,222.312360620394,498.432532880517
000513.png,11,12,0.0218329750759446,612.282494507925,442.219803037807,341.748825664362,475.937975811745
000513.png,12,13,0.00785205450249596,161.619247802006,1.81170980282452,181.363686695719,171.608862071396
000513.png,13,14,0.0392425076832886,621.393005507051,421.45738766765,71.5889105726387,494.923497784375
000513.png,14,15,0.0122577321419055,357.410727497987,169.798292230555,333.132732754003,0
000513.png,15,16,0.0118491410705086,199.330722384464,219.615426359946,173.973369180514,0
000513.png,16,17,0.00117247872661704,523.890441642284,19.0884667997889,506.934227077035,48.5379034898889
000513.png,17,18,0.00820735108631931,519.1413633324,0,545.183727714523,150.759071324064
000513.png,18,19,0.00108365458066121,513.151937965108,29.8136453224081,508.328837737331,0
000513.png,19,20,0.012843971505214,585.335125499786,167.388450266233,554.64171914896,0
000513.png,20,21,0.0100193636638184,377.609176370913,203.107025973495,345.2927116301,0.112599444518168
000513.png,21,22,0.00492085768595335,564.919671445587,135.125500257423,540.900340785475,0
000513.png,22,23,0.00659075162992308,89.6975565544201,327.641363527736,0,333.865428837391
000513.png,23,24,0.00229166296566059,4.81311872678898,187.950209728283,0.649839059037199,119.960207947184
000513.png,24,25,0.00648416265477607,0,366.956922071191,87.9109486149687,357.197816663843
000513.png,25,26,0.000692828338455526,63.4339882399039,359.34490758785,53.2754055981086,359.799260432848
000513.png,26,27,0.0110319589277149,532.871940006597,162.354102562995,367.854305664601,181.652440817461
000513.png,27,28,0.0198788438649162,333.817909703089,141.255879983757,13.0046091429681,196.186592294991
000513.png,28,29,0.00291343198735144,10.5642587083866,116.161471588824,25.6212870085339,250.042592205711
000513.png,29,30,0.00142118633529339,532.721293973957,153.890160501892,515.942055165776,43.7042615460417
000513.png,30,31,0.00575580465793821,531.552829590141,136.442858804575,359.753587990312,158.039847245295
000513.png,31,32,0.00705263718889343,363.087019932983,143.125960788471,522.00258784259,122.019484468588
000513.png,32,33,0.00079941731360253,546.200250025963,112.797317176025,556.465370489778,141.419517674895
000513.png,33,34,0.000870476630367199,546.992842903787,122.370771207898,555.728427330997,146.099975790169
000513.png,34,35,0.000177648291911673,477.78046926838,174.369989341863,459.975575644237,174.706078571583
000513.png,35,36,0.00314437476683662,174.463815912994,27.6359288075454,60.5329770780102,5.28341412818368
000513.png,36,37,0.00566698051198238,1.6220552593468,195.918689339723,335.903962995558,164.962925507756
000513.png,37,38,0.00113694906823471,563.020795412375,176.239750445934,580.752908455602,143.328093142302
000513.png,38,39,0.00158106979801389,9.07656783030473,0,29.8702444295933,45.9053409538363
000513.png,39,40,0.00115471389742588,7.05341702343711,107.97801029411,5.51110839467198,34.0937040165266
000516.png,1,1,0.0345675482487491,204.480069160947,160.567118280413,198.58321603217,273.822098125322
000516.png,2,3,0.0123040266857279,165.658835340534,249.399909733943,309.042089770576,217.257732566796
000516.png,3,4,0.0135048844412676,183.758590802822,165.70021326187,176.04222128531,274.872089391456
000516.png,4,5,0.00735763640695735,217.632041930626,179.725787597062,0,214.937743120329
000516.png,5,6,0.0133714558017632,82.2968781479306,178.405200805275,72.8262774179937,283.533921266743
000516.png,6,7,0.017698355968549,233.561979960961,11.0286750050846,56.3245285300736,59.1941866214357
000516.png,7,8,0.0172790088158208,49.1365629152046,193.221484919011,39.426249677104,303.773936067701
000516.png,8,9,0.0202716225875625,77.222193411496,67.1884357266457,0,27.03440783371
000516.png,9,10,0.068734810578985,561.756805677224,68.7920640292437,567.203942233249,510.601613953561
000516.png,10,11,0.123707410054801,268.549065095393,55.0900918376426,238.891985855798,502.502548173151
000516.png,11,13,0.00941624970216822,240.445061558618,146.916325662487,248.308710934537,400.548503330681
000516.png,12,14,0.00033357159876102,237.30724901719,169.658235688178,267.738430367632,145.668200860254
000516.png,13,15,0.000781510602811532,211.149179554834,162.919139134326,241.75153484342,134.601787611262
000516.png,14,16,0.00738622825827972,117.453724076517,2.34711316321799,159.239487221118,68.1082503631434
000516.png,15,17,0.0131617822253991,0,7.14771379627534,28.9947258101895,0
000516.png,16,18,0.00627114605670717,16.4503319615231,272.009527858999,16.7506994632353,510.014196882406
000516.png,17,19,0.000609959494877293,20.88889022244,214.748919069167,47.3881312800685,254.42931990107
000516.png,18,20,0.000409816535620681,21.5510241583222,234.58159238824,18.3005239851459,211.641489885539
000516.png,19,21,0.000819633071241363,45.4807012757312,312.289417008289,0,316.425259213125
000516.png,20,22,0.00116273528710984,53.4745404782588,292.033420566668,0,303.318833259069
000516.png,21,23,0.00668096259232785,95.602093115686,0,186.240770497186,52.4912120827302
000516.png,22,24,0.000724326900166786,16.8029587448377,0,8.41013537071187,43.3042460610406
000516.png,23,26,0.00112461281868001,4.5670740544222,0,0,0.955376720201293
000516.png,24,27,0.00058136764355492,145.468244005549,50.6826433456244,122.461163564929,44.3298612890886
000516.png,25,28,0.00244936859661663,217.247756374885,19.9825521923456,79.9209821782013,57.7123957710284
000516.png,26,29,0.000352632832975935,13.0258131133408,136.921263630213,0.607224431846385,150.749174231347
000516.png,27,30,0.00133428639504408,567.610321565583,416.007064849759,567.206627260294,508.022842667036
000516.png,28,31,0.00456516559447224,526.368317232293,415.511126920523,521.73639014828,506.768457604604
000516.png,29,32,0.00180128663330951,200.871324796262,55.4993657252958,103.318434269085,0
000516.png,30,33,0.00446985942339766,266.728774506313,510.864519171841,270.333592330522,424.430975245594
000516.png,31,34,0.001915654038599,269.342941336312,510.06386856313,273.351425123506,425.778919756258
000516.png,32,35,0.00361210388372647,188.599047702679,506.048441624155,195.394739486384,422.010310737006
000516.png,33,36,0.00240171551107934,187.987687672994,511.416025904167,75.3674892895671,445.073726450166
000516.png,34,37,0.00223969502025256,290.005551779483,470.305833524462,53.9744133146003,474.590494056968
000516.png,35,38,0.00181081725041696,155.990543599664,509.995331911245,187.643243311474,445.874742973972
000516.png,36,40,0.00917798427448177,123.594650455624,207.479137839057,89.1475934932788,490.938715017498
000516.png,37,41,0.000400285918513224,222.241330170429,481.511147838835,241.497741973082,491.017402513267
000516.png,38,42,0.000562306409340005,637.52338165535,63.9115103117579,593.96617579984,73.8517860379504
000516.png,39,43,0.0106171074577079,591.483407334838,68.3557007598829,598.461066024364,510.05590550591
000516.png,40,44,0.0065570645699309,49.3006245616366,412.536418178411,38.250729694218,508.415419547416
000516.png,41,45,0.000428877769835597,204.436101605795,460.928595743559,203.658158545013,449.673562538491
000526.png,1,1,0.19396824483691,408.47931345996,389.279531479788,198.86577812481,0
000526.png,2,2,0.0208680895127423,113.038399888341,249.587673091767,134.334099160892,509.808984615781
000526.png,3,3,0.0873554622332164,537.822507422626,366.956532792715,456.304294387318,0
000526.png,4,4,0.0190703560950354,585.736714254094,508.041658987013,538.222325393884,207.749640160593
000526.png,5,5,0.011692458148766,336.99715782783,359.019099516828,592.020047768273,206.732051153267
000526.png,6,6,0.0236437899096819,409.088404516053,512,600.182018175745,209.910577816241
000526.png,7,7,0.0140654662601392,640,130.830881520549,532.406309148003,0
000526.png,8,8,0.00405568659034689,618.00067678429,506.850181836442,356.00084281098,507.058745891794
000526.png,9,9,0.0145113041477305,576.405594090223,250.919655597771,403.104463132206,506.682861109209
000526.png,10,10,0.0145113041477305,572.865369401789,450.343581722938,393.825749896424,212.106645890398
000526.png,11,11,0.0223925674509578,576.014336691405,230.182535049493,325.09099638722,249.890588414399
000526.png,12,12,0.0228959328079158,476.334791970472,512,522.889017222511,220.94062164818
000526.png,13,13,0.0328769487430248,526.765614530542,512,574.054862808389,224.19628180122
000526.png,14,14,0.00566645573261232,471.831163702453,329.681614147701,340.658155560034,399.241127778629
000526.png,15,15,0.0198901225335097,369.402925466792,460.86137328272,494.221058423585,225.176265945489
000526.png,16,16,0.00983719726169246,482.025702147299,368.285548589831,339.229597227875,290.410690523483
000526.png,17,17,0.0247368118276477,373.939292136493,507.960827245487,509.98039091043,237.055305224885
000526.png,18,18,0.00432894206983835,318.156154236477,339.086451631086,400.733532183608,376.375581164816
000526.png,19,19,0.005220617845021,302.112149996537,223.464666752655,386.298963703359,366.531624345435
000526.png,20,20,0.00980843352700915,330.572926783706,271.127624321994,467.143897516703,259.839030472338
000526.png,21,21,0.00208537076454007,390.111316002398,389.520138886668,337.025876233106,323.564572933307
000526.png,22,22,0.00491859863084623,371.199863619872,427.63037337932,362.246768345827,350.123283116395
000526.png,23,23,0.00848530173157683,362.247460278953,338.974733325406,341.088332824735,127.490908192622
000526.png,24,24,0.141258701029742,301.048574351613,472.385768984096,147.96548819806,118.113887116369
000526.png,25,25,0.00277570039693954,438.943096742459,297.891058628866,444.715479641842,240.06799273954
000526.png,26,26,0.0258154518782719,441.358662682704,512,535.51140664077,282.926159149764
000526.png,27,27,0.00184087901973192,414.7825029428,509.689300127688,408.150203022932,407.600446185445
000526.png,28,28,0.00949203244549272,380.316767345668,343.269780273594,431.068992870026,268.423679660832
000526.png,29,29,0.00153885980555715,382.349411274139,407.333129400605,365.778628120154,348.953610497488
000526.png,30,30,0.0152303975148133,364.218094167374,158.200404372381,319.229793625759,0
000526.png,31,31,0.00089167577518265,632.710124246445,112.257581614222,640,107.182691164511
000526.png,32,32,0.00854282920094345,405.57697341655,512,468.276039298534,373.360777429014
000526.png,33,33,0.00195593395846517,569.438799142002,0,640,59.7244385891662
000526.png,34,34,0.0140367025254559,376.230520816171,420.500156089643,463.992131310802,271.998499894539
000526.png,35,35,0.003048955876431,574.897438128536,502.512439786727,564.269698130313,438.945494236144
000526.png,36,36,0.00818328251740206,534.51567329295,313.921583727129,552.010548792874,503.445167716841
000526.png,37,37,0.00120807685669907,526.714458400057,509.113940925227,560.909915426534,464.216282342084
000526.png,38,38,0.00627049416096186,471.857430150614,380.472261361091,526.554993171222,288.888876200273
000526.png,39,39,0.00788126330322729,569.158441633357,503.729119818055,558.155980742754,294.206400510909
000526.png,40,40,0.00910372202726802,585.162501804433,347.760372730791,562.482106173412,512
000526.png,41,41,0.00245929931542311,459.036850265637,512,473.612383606239,434.953526723573
000526.png,42,42,0.000388310418224702,395.346688136804,491.993518831641,407.329838112354,507.166005750263
000526.png,43,43,0.00155324167289881,456.100682776135,394.853515054889,464.289992593108,363.847050032114
000526.png,44,44,0.000373928550883047,511.595575977604,252.571490985522,532.855925110301,267.616690527806
000526.png,45,45,0.000661565897716159,350.566179976785,64.939654788416,332.637475657921,37.5822299558065
000526.png,46,46,0.000488983489616292,332.138737782753,64.7393518243168,305.572980866957,69.7243590839569
000526.png,47,47,0.00608352988552034,343.985242393435,240.001560766764,318.602640022334,0
000526.png,48,48,0.000747857101766093,589.862753243377,322.032012144717,561.606710413648,347.934433822123
000526.png,49,49,0.00140942299948225,564.783349372806,1.87491781444356,616.731468580638,69.9145287049363
000526.png,50,50,0.000992348846574239,579.32941422217,0,639.131855338288,52.7159928406437
000526.png,51,51,0.000762238969107749,607.750475789337,56.4872559458307,638.820310637153,72.3981464791784
000526.png,52,52,0.000517747224299603,138.12484084064,503.582815899822,164.922168405723,511.601819737
000526.png,53,53,0.00348041189668067,149.665960413325,510.029163551994,137.791432069016,374.01820916425
000526.png,54,54,0.0563913018466318,222.581843592588,494.553013451773,92.041318573894,219.207983832289
000529.png,1,1,0.0139267725967297,427.824663805729,314.769525559881,638.121349553093,328.083221263193
000529.png,2,2,0.104934262746966,448.471022626446,297.646590839765,437.15882590743,474.622421525684
000529.png,3,4,0.057972896913019,344.701144994388,494.30803328357,357.115562933526,288.187647137169
000529.png,4,5,0.0178522463234764,480.108791836906,408.255197625655,0.0491323033335789,394.308781509591
000529.png,5,6,0.0185449769811375,431.986678008011,474.182161071388,0,477.347965793275
000529.png,6,7,0.00526763937596513,239.488882400533,174.645391918358,0.0976857605471935,143.255022743386
000529.png,7,8,0.0647703164913192,299.872867867819,393.871605849855,319.830619292899,73.86470304072
000529.png,8,9,0.00412752016856446,476.081983537008,352.835406565003,314.040252614579,341.428203119899
000529.png,9,10,0.00549854959518552,143.976584020436,414.629136972763,293.992087377836,420.212595127239
000529.png,10,11,0.0157451905730903,490.024107313265,466.590934916543,0.0648702301780872,458.20835489652
000529.png,11,12,0.0132629057164711,376.043459493539,449.546819287972,0.0197467473000756,442.885345049899
000529.png,12,13,0.0026987631871383,219.531476767718,112.17034286442,10.072252877081,79.5362508764509
000529.png,13,14,0.00480581893752435,474.077691661994,380.527137730053,310.006720348477,371.872597039903
000529.png,14,15,0.00829833600323274,370.458398438401,379.131998663271,0.000900859130751996,359.982572322882
000529.png,15,16,0.0383022326131821,376.443255109767,271.921366440087,374.82228126796,510.155285700125
000529.png,16,17,0.00890447532868627,438.122349189627,435.913446694893,0.0179533661268465,427.10686682707
000529.png,17,18,0.00340592573350074,370.31699053091,440.496560897226,129.985488129765,430.34350847725
000529.png,18,19,0.00402649694765554,29.9182660332276,164.661055467983,219.228055046607,188.067623833738
000529.png,19,20,0.00772106045518177,400.416305233574,366.929977931077,0.155372061370826,343.36134976408
000529.png,20,21,0.0132340419390686,622.184911547019,149.646354035601,612.989798025386,300.843890120487
000529.png,21,22,0.00822617655972637,612.615184164335,159.977529591247,599.590875557502,297.691505399537
000529.png,22,23,0.00145762075882871,202.771777158723,201.899931870438,98.417876533569,188.697135571188
000529.png,23,24,0.0263814925459295,604.77391347995,313.851877295672,597.485192512886,472.598941541414
000529.png,24,25,0.0043295666103823,154.582526273591,382.950052328062,0,376.049765426059
000529.png,25,26,0.00116898298480322,7.58447896677128,153.700029459307,0,128.797381796114
000529.png,26,27,0.00583048303531483,638.070245331136,135.62869756165,316.237914515149,74.7424325835573
000529.png,27,29,0.00138546131532234,619.225505191691,335.220953040197,637.657009153117,337.197853325794
000529.png,28,30,0.000923640876881557,294.520712518908,302.650436945872,202.275257424097,296.114896951661
000529.png,29,32,0.00043295666103823,455.508065882294,10.7089081479676,509.190511419,20.4575688772775
000529.png,30,33,0.00103909598649175,354.310005328492,280.072363347737,335.567401297818,360.365872437451
000529.png,31,34,0.0026410356323332,338.417463771253,392.52155995171,186.184248327589,385.816674769628
000529.png,32,35,0.00593150625622375,115.634067442657,342.469730829845,135.61425521174,251.286033429391
000529.png,33,36,0.00137102942662106,120.115566335732,491.027663987368,0.0146604616176944,490.100646212839
000529.png,34,37,0.000952504654284106,0,313.68493329156,58.6449651987948,347.333195968304
000529.png,35,38,0.000490684215843327,332,474,224,474
000529.png,36,39,0.00362240406401986,118.008509011782,492.803813554954,315.943985305303,490.708507635485
000538.png,1,1,0.0381685625012764,53.4740732355201,507.14955215881,0.314735298883257,39.9641874053081
000538.png,2,2,0.0104560214021688,67.8298551407319,219.321207536643,11.3186517746634,51.5350421892817
000538.png,3,3,0.0445606224600241,623.296862251993,507.685526370082,574.870905044375,0
000538.png,4,4,0.0582433067167684,551.533460595481,0,600.605006517129,507.748238029486
000538.png,5,5,0.000776032838442216,558.556457036391,298.600232609424,576.846314015943,305.871097525538
000538.png,6,6,0.0449690607960463,555.03845249389,505.897918902339,505.308093936726,0
000538.png,7,7,0.00718851471399106,510.584258401719,45.9343498224916,488.652469079287,37.663323712906
000538.png,8,8,0.0222394673964098,448.850193894604,491.304984277579,405.681745661484,65.8293713004581
000538.png,9,9,0.0409459431862275,550.858129398984,428.789095974633,353.263124882261,280.985107667837
000538.png,10,10,0.0164600649416954,535.117017835764,410.701331088482,338.087324967638,315.537495537431
000538.png,11,11,0.0915922968529826,309.422592267135,42.3940717698944,180.813027299066,55.6407910079525
000538.png,12,12,0.0267118671758531,237.859871062116,100.864680086303,230.675789185536,0
000538.png,13,13,0.0157248759368554,229.154354509612,0,234.034671102138,107.817371987815
000538.png,14,14,0.0253027549165765,180.207758791839,0,188.26628705036,111.870671710633
000538.png,15,16,0.00116404925766332,188.116680921768,0,216.278944468635,29.7358166505751
000538.png,16,17,0.00406396144342108,52.4373218950105,205.490745804927,4.92616449181746,197.210329484211
000538.png,17,18,0.00704556129638328,10.8791370919699,507.755560278659,0.53816932571484,385.954309240648
000538.png,18,19,0.00128658075846999,499.741332817173,78.2258324870355,490.798886421331,29.1259893746652
000538.png,19,20,0.0361876365715686,460.024515776079,421.329506652004,416.588045342365,31.0442008140784
000538.png,20,21,0.00144995609287888,357.671927159159,214.132857902932,387.812129931074,214.947849888005
000538.png,21,22,0.00818918863724549,387.421580580231,214.220740191787,324.523643203965,323.704880922277
000538.png,22,23,0.00724978046439439,376.952744566812,263.484777080624,361.798822749009,117.81287250015
000538.png,23,24,0.00134784650887332,355.688734284759,177.157015823446,429.711859277198,197.07105716864
000538.png,24,25,0.0194008209610554,398.436737309572,357.064365631626,367.032197618002,73.8855292596036
000538.png,25,26,0.00238936426572998,234.4038922083,54.2506172846454,240.629725974808,93.9011218323113
000538.png,26,27,0.00616741887393551,32.8915439927963,12.2979184874487,0,14.9044142291232
000538.png,27,28,0.00549349561949885,370.015333527411,308.628816948581,332.170762445135,308.456684270168
000538.png,28,29,0.00645332570915106,622.751729868432,502.339949949263,573.483403205636,391.341568832155
000538.png,29,30,0.000837298588845549,623.656495379738,487.858399215642,602.356569446305,467.198602432121
000538.png,30,31,0.0138664815079543,338.531536036659,326.81348894249,315.660943008825,123.812873711963
000538.png,31,32,0.0244246124941287,311.122617948395,126.579900726373,182.322092788143,141.809787126222
000538.png,32,33,0.00406396144342108,518.161358423072,137.31661557058,495.611020903154,0
000538.png,33,34,0.0142953417607777,238.95060246955,0.55955600086913,248.729717768501,88.8056664237892
000538.png,34,35,0.0136826842567443,558.559529406883,480.987397335246,462.55156889163,397.366723538989
000538.png,35,37,0.0020421916801111,297.413559185959,105.44266916647,278.805628739346,81.3770740561852
000538.png,36,38,0.00108236159045888,240.749292172898,62.7862594057603,242.168387585414,86.702054310431
000538.png,37,39,0.00169501909449221,252.085600696794,272.02317079576,271.977635977082,198.535315727903
000538.png,38,40,0.00771948455081994,589.062004778347,461.216881704991,438.776345361126,402.851195298839
000538.png,39,41,0.00175628484489554,226.623442991542,60.1336572343518,229.316720893676,87.8721525719744
000538.png,40,42,0.000530969836828885,468,194,470,204
000538.png,41,43,0.00620826270753773,636.332418146537,0,637.354092008374,156.004230060377
000538.png,42,44,0.00475830661465885,180.797378764953,400.07592779001,196.587951448304,234.246429228816
000538.png,43,45,0.00990462964853881,220.34262052892,299.285748893234,131.856061563768,222.623716970989
000538.png,44,46,0.00351256968979108,264.013486010747,116.212190385151,234.353720223628,118.097251858993
000538.png,45,47,0.0201972757162987,586.864397307381,427.142034500567,545.522260188359,0
000538.png,46,48,0.000796454755243327,561.194581738983,104.980720005552,543.188429319061,79.1708955819271
000538.png,47,49,0.00322666285457553,165.022024452802,360.692649163119,122.6540259716,424.461771589219
000538.png,48,50,0.000306328752016664,243.72140665336,77.8133383049936,244.226756151414,87.8883083424346
000538.png,49,51,0.00273653685134887,184.348293088336,91.7849405790659,228.028122247277,1.95875729275457
000538.png,50,52,0.00310413135376886,293.088550895743,36.6419163257192,247.373841045299,0
000538.png,51,53,0.00183797251209999,326.585676701873,296.846146780612,355.541184313873,293.732804375029
000538.png,52,54,0.0116404925766332,156.822782704734,344.91385758259,52.7515564649751,438.613364641292
000538.png,53,55,0.00504421344987441,405.309714588966,0,430.590455281307,185.373967601124
000538.png,54,56,0.0014907999264811,251.791703833461,0.202407431807833,285.269058795509,34.6537348468957
000538.png,55,57,0.000245063001613331,406.914249304364,161.960769721843,420.628736693264,181.560044880178
000538.png,56,58,0.000837298588845549,153.872379358041,217.408536581568,131.614037672848,222.211240800081
000538.png,57,59,0.00849551738926216,164.098050690166,317.040333088873,140.943283007899,121.651203552456
000538.png,58,60,0.00206261359691221,378.572594981859,143.93002766736,377.040305254487,0
000538.png,59,61,0.00138869034247554,185.766459724329,45.4440362913231,171.872559997876,1.29904283653791
000538.png,60,62,0.00234852043212776,82.9835525073734,59.9874229546473,201.759299729108,0
000538.png,61,63,0.000408438336022219,178.900819899214,7.72326215416685,180.845286442795,0
000538.png,62,64,0.00739273388200216,348.110915257493,61.7523126659388,251.966926364396,60.4593641274548
000538.png,63,65,0.00132742459207221,202.497112760081,68.1178679974316,221.517793339207,60.7544042826407
000540.png,1,1,0.00866164466258957,378.308999503123,176.869453637256,388.953324524217,75.1461557849468
000540.png,2,2,0.0454867581826295,579.726773623683,401.676488463245,626.711970835263,71.5244615242435
000540.png,3,3,0.0764324522953358,546.068699132648,434.333470341661,604.889949788471,69.4330428946985
000540.png,4,4,0.0195018241948608,616.760159977528,2.77555756156289e-17,607.211820049259,51.8548678183757
000540.png,5,5,0.0241213680149085,493.98211184159,375.997773991711,527.77120527875,104.469290019486
000540.png,6,6,0.0044883067797055,243.860690985296,57.8560351365815,236.961294121274,116.814618133418
000540.png,7,7,0.0708155069686868,0,18.595745904501,635.116275177648,136.750287300212
000540.png,8,8,0.0193968345625869,329.146758651941,326.328861197309,355.293974257685,76.1352305564986
000540.png,9,9,0.0313656526418016,311.664141215328,6.14349078328008,638.11067342735,57.2936689992778
000540.png,10,10,0.0120738077114885,231.925806585863,0.48277430085524,429.861411903269,30.9017885520475
000540.png,11,11,0.0181894537914381,347.324095014931,78.1420332025948,322.826658195006,306.51774662206
000540.png,12,12,0.00259849339877687,328.261462916941,236.43719007385,312.776471612681,316.53675248013
000540.png,13,13,0.0557757421454631,640,116.961508808037,595.61006494784,394.257741253223
000540.png,14,14,0.00165358670831255,622.788945657078,69.176566071817,639.123706966677,84.8271708787602
000540.png,15,15,0.00194230819706554,565.737996651471,281.446647519844,528.508596891916,299.074159369035
000540.png,16,16,0.00183731856479173,454.0889885775,316.003682121497,427.962871525734,317.16400888546
000540.png,17,17,0.0434394603532901,446.15087939821,394.964562236925,487.961312921415,41.6521597933168
000540.png,18,18,0.0101839943305599,289.413642124033,289.904281420238,433.880561551011,334.387893517923
000540.png,19,19,0.0246988109924145,411.105284132596,324.136480853679,438.589770438099,101.554589056647
000540.png,20,20,0.0174807737735899,143.008189263532,0,623.533453577703,76.9147509435948
000540.png,21,21,0.0156434552087981,376.741044135674,253.286520342664,395.917041038318,93.1878244678702
000540.png,22,22,0.00406834825061025,127.46429725524,0.11008467904146,124.601063201594,38.1955458201464
000540.png,23,23,0.00173232893251791,461.991183703636,350.220709972001,508.942774303208,334.886705344599
000540.png,24,24,0.00254599858263996,476.17366339569,183.829407880764,484.937757195547,115.92803017622
000540.png,25,25,0.0126512506889945,452.996530787898,196.436229380169,464.769211919682,115.567761846334
000540.png,26,26,0.0105514580435182,132.266014614622,124.287689876623,140.626639552701,0.31200956450833
000540.png,27,27,0.00257224599070842,83.9628634781731,63.9500904723793,137.217691721708,24.3244080479069
000540.png,28,28,0.00742801648337227,129.688120116428,47.7636369162207,350.218910269323,86.7620931882616
000540.png,29,29,0.0016273393002441,503.195428909118,60.6545218830905,569.294687057272,72.0803038582419
000540.png,30,30,0.0085304076222473,290.426671555654,161.207475190121,334.676153939658,73.3629453854754
000540.png,31,31,0.00553820310244363,258.747905893747,70.6556407665994,289.932410548875,33.347970641985
000540.png,32,32,0.0170608152444946,470.389126713108,49.272374677595,435.948691427722,330.483603205641
000540.png,33,33,0.0016273393002441,297.808971584371,249.265427298949,266.374498568294,257.440081172977
000540.png,34,34,0.0125462610567206,232.224171534036,58.0325940265395,240.39983881118,1.80290810354644
000540.png,35,35,0.00632562534449723,636.815198119205,265.992171721899,636.062004897348,379.987195188606
000540.png,36,36,0.00897661355941101,447.524824539647,337.562125513432,578.925533793186,377.532276422144
000540.png,37,37,0.000944906690464317,513.840232828998,382.877990244231,500.690974833046,350.53214593752
000540.png,38,38,0.000603690385574425,492.379108944908,375.847804777398,493.903273413536,359.615333669214
000540.png,39,39,0.00220478227775007,461.894047188621,187.074916690177,409.222964390812,181.88321267087
000540.png,40,40,0.00107614373080658,489.232257286241,366.486454732662,449.331146270917,354.166187305114
000540.png,41,41,0.0168770833880154,516.520021044614,125.432304430875,482.89606167288,372.394299778352
000540.png,42,42,0.00963279876112234,544.926060889741,210.45218029589,582.665992934739,133.161163049021
000540.png,43,43,0.00343841045696737,310.171813254568,64.3468352295945,301.252154175981,120.199967092106
000540.png,44,44,0.0246988109924145,575.169802365179,125.213672592334,540.313064532567,388.570857255552
000540.png,45,45,0.00666684164938712,290.553459361801,41.5319056654185,252.763044694216,121.994358075921
000540.png,46,46,0.00265098821491378,262.492096446444,62.8192100122865,270.412418252091,0.0520413034756118
000540.png,47,47,0.00230977191002389,258.130540127014,118.363399125487,265.310223040912,76.2702803630781
000540.png,48,48,0.013491167747185,401.62101283781,320.214790298031,430.058570490872,105.597805945237
000540.png,49,49,0.0170083204283577,28.8929963498686,489.419038419713,280.006327322868,448.038396579917
000540.png,50,50,0.0032546786004882,272.247064769059,215.195153528736,306.588264914041,311.072943552208
000540.png,51,51,0.00128612299535421,494.88175703486,180.80587014956,514.029597066576,159.854923325729
000540.png,52,52,0.000944906690464317,491.844252040159,173.108400844123,506.631196234164,203.694849718303
000540.png,53,53,0.003648389721515,292.389392890979,385.084800449441,305.485449109225,307.950016311144
000540.png,54,54,0.0028609674794614,531.611970753127,422.907895327878,577.470517427861,383.720870422396
000540.png,55,55,0.000603690385574425,319.647354139831,315.307716510716,343.5287083137,321.747690783158
000540.png,56,56,0.00753300611564608,305.90003662423,185.458757999783,314.313220766989,105.292227479863
000540.png,57,57,0.00370088453765191,223.105119006086,116.164824715129,230.238933264522,68.3339292288751
000540.png,58,58,0.000629937793642878,228.519454564045,80.1283290828812,230.231688593863,71.6654610872527
000540.png,59,59,0.00209979264547626,517.538618370075,202.02281313876,638.108677714425,229.523529559107
000540.png,60,60,0.00881912911100029,533.823756366571,358.811392232125,560.483615799455,167.460625048309
000540.png,61,61,0.00341216304889892,429.081879333861,387.884513078457,433.50849990501,352.692893341597
000540.png,62,62,0.00149610225990183,455.186619788591,380.440103567903,454.053223068522,404.098363796364
000540.png,63,63,0.00133861781149112,405.591582863985,392.606095079266,444.984045049405,385.320982934092
000540.png,64,64,0.00356964749730964,7.87870419404321,94.2724433730295,12.7812413130425,24.4763199677587
000540.png,65,65,0.000577442977505971,478.004769710435,367.881627275282,455.799059049989,366.986870395298
000540.png,66,66,0.0012336281792173,354.11854610809,116.451261817939,414.17704446572,100.673943740071
000540.png,67,67,0.0103152313709021,586.995566544031,392.577188464869,634.05859516414,148.323460997764
000540.png,68,68,0.00144360744376493,569.85973023656,205.864186745037,629.875317059753,143.879278359513
000540.png,69,69,0.00149610225990183,499.872602301518,370.426570289725,563.018755479701,389.285536271859
000540.png,70,70,0.0024672563584346,570.687124210765,125.033119451735,557.083205942168,170.136414948309
000540.png,71,71,0.0044358119635686,271.656789358867,126.175491962193,277.478278909287,71.2158127873088
000540.png,72,72,0.000787422242053597,286.097795841256,97.92529745448,269.535947535125,76.2435746085863
000540.png,73,73,0.0016273393002441,365.236274967577,328.525774589476,425.750921848353,346.82374577173
000540.png,74,74,0.00149610225990183,274.504369880592,218.660682514613,306.487618045228,230.70516579341
000540.png,75,75,0.000839917058190504,635.817826888132,54.0035563502445,635.311214906194,28.0524899719156
000540.png,76,76,0.00236226672616079,376.45528905606,278.487787301608,360.67744535238,228.52296091006
000540.png,77,77,0.00338591564083047,358.865413813899,332.559685119092,367.746958121929,255.351292594404
000540.png,78,78,0.00112863854694349,35.5785689742361,84.4370817068382,15.1836223702737,64.7724214539892
000540.png,79,79,0.00396335861833644,45.0329818976778,105.860567163452,34.2992021205612,26.3398425056555
000540.png,80,80,0.00115488595501194,271.349429539376,80.8790994525577,317.694631433518,91.3514085342036
000540.png,81,81,0.00120738077114885,189.511346074251,76.5811457715182,229.68023503426,55.1491830930495
000540.png,82,82,0.00191606078899709,517.429967019798,131.25557459838,558.015080858466,133.755133447742
000540.png,83,83,0.000944906690464317,165.27269930019,95.250031492703,149.88906305406,93.0124528010198
000540.png,84,84,0.00157484448410719,151.633657116354,106.512228003931,170.194757926772,79.665669514168
000540.png,85,85,0.0116538491823932,60.8332497638358,463.533640109975,274.211321357849,431.403392347217
000540.png,86,86,0.00236226672616079,441.309592914262,388.113448446621,539.305466651485,420.12607960849
000540.png,87,87,0.00146985485183338,276.877258052187,222.787892531058,298.914108115361,238.736976798004
000540.png,88,88,0.00115488595501194,282.316653130922,233.594058147385,297.113596790342,245.136348028662
000540.png,89,89,0.00559069791858054,194.573650023252,0,433.9801010996,36.1318483648247
000540.png,90,90,0.00110239113887504,425.909380244063,350.390243896424,361.658562959172,335.470360627425
000540.png,91,91,0.0012336281792173,341.616917885775,180.596385829726,281.699741133439,175.602636479909
000540.png,92,92,0.000209979264547626,521.929231487718,364.155158381936,508.074769654768,357.836069202564
000540.png,93,93,0.000603690385574425,525.95584315588,348.181369172583,560.351680311898,356.555513455409
000540.png,94,94,0.00501325494107457,640,88.1114804300005,633.254121963784,133.890088351511
000540.png,95,95,0.00299220451980367,632.621571069467,378.031648165063,637.496906853356,282.279882742261
000540.png,96,96,0.00236226672616079,296.03865347841,268.196742123669,303.342334702797,192.515566910175
000540.png,97,97,0.0032546786004882,302.142592227182,343.545898417133,422.23372963417,381.255660712108
000540.png,98,98,0.0016273393002441,104.919732973298,125.171843911001,84.4651001152672,78.9100568520657
000540.png,99,99,0.00257224599070842,55.6437753690482,64.5585779062301,73.6711684927254,110.130080740909
000540.png,100,100,0.000761174833985144,270.828867531084,256.859487377687,287.005779758452,268.616058095217
000540.png,101,101,0.00204729782933935,118.759255532312,104.249838015736,123.772304045692,48.8848376032432
000540.png,102,102,0.000734927425916691,122.425070064038,68.1683134786385,116.006440172322,84.3783487127602
000540.png,103,103,0.000498700753300612,453.496654329305,403.46303162674,495.973541743757,418.076903940823
000540.png,104,104,0.00207354523740781,373.485411307559,278.469702173567,370.609823744445,312.052217695666
000540.png,105,105,0.00112863854694349,147.469407894995,67.0383965036566,170.943760394497,54.085754220527
000540.png,106,106,0.00196855560513399,204.155450123028,83.2136442340456,187.478360068589,112.832403011287
000540.png,107,107,0.00102364891466968,290.950568450867,138.767613304621,300.721008184363,193.872159967929
000540.png,108,108,0.000183731856479173,562.000862742273,42.0085020051906,555.861134487488,42.6315318656489
000540.png,109,109,0.00207354523740781,597.56843716998,58.8909488882571,489.29424520508,42.7277033558832
000540.png,110,110,0.00204729782933935,251.95951381858,0.251687247216646,353.581993688727,16.5985868292506
000540.png,111,111,0.000603690385574425,575.636066487369,368.837474952674,613.44843946799,385.269237688781
000540.png,112,112,0.000472453345232158,613.550925965078,141.148759132221,637.760454726417,150.612771612716
000544.png,1,1,0.0250058269237172,461.920009313814,150.009379873322,504.185702161282,510.447272454418
000544.png,2,2,0.0220424200046615,638.103932233208,214.310713012752,539.737092554663,247.214018963181
000544.png,3,3,0.0136849465587853,552.550229982415,176.48203576054,634.466131541139,314.10345183944
000544.png,4,4,0.0997236373322678,405.520369768394,56.7168518264709,0,247.046658105208
000544.png,5,5,0.0240069257150468,638.023283055472,146.063724991556,530.968909724195,185.177938299426
000544.png,6,6,0.038957147138148,633.696927140458,97.4308245562898,512.611595404727,146.728805033159
000544.png,7,7,0.0128525288848933,28.2661485901389,0,0,19.1761891682433
000544.png,8,8,0.00509439616421936,627.530304171736,348.077976379391,625.983942271439,418.087996211918
000544.png,9,9,0.00239736290080911,637.948282831535,378.109826463879,607.051368731103,406.641048495576
000544.png,10,10,0.100855725368761,125.77149188861,0.0160922074868698,161.727074324465,510.582603548226
000544.png,11,11,0.0797789098658143,379.33568231072,379.659135182722,0,487.311402017711
000544.png,12,12,0.128558585555889,312.466378742375,40.1057177239259,501.409188408224,150.975408490611
000544.png,13,13,0.0238737388872241,464.594351062392,0,340.210774800503,56.0278652783651
000544.png,14,14,0.0228082442646422,637.416554188736,46.5965300953452,501.607063391927,103.05479704675
000544.png,15,15,0.00322978057470116,607.08438510097,67.0729898600283,506.309813868086,98.5968638651551
000544.png,16,16,0.0709885792295142,244.916937776798,113.89701038895,454.94615881714,223.946337287722
000544.png,17,17,0.0379915426364333,640,182.339419191773,536.251462754732,164.821309971183
000544.png,18,18,0.0153497819065694,566.000769610562,0,329.499659756005,104.332208112766
000544.png,19,19,0.00392901142077049,393.088091592686,0,359.204527204054,15.5519186398935
000544.png,20,20,0.0133186827822728,636.797175743586,108.906278407315,565.18130744002,136.750187744013
000544.png,21,21,0.0192121999134286,638.476045986823,127.483838676709,534.481372641661,126.739564715133
000544.png,22,23,0.00143175839909433,635.826767247011,368.693055187102,611.720104234397,371.888342056019
000544.png,23,24,0.0387906636033696,489.786114137301,140.508019257375,534.412677089566,510.673598604271
000544.png,24,25,0.0221756068324843,328.409892638465,108.556260929127,368.392514801228,510.358973976473
000544.png,25,26,0.00412879166250458,621.211975252726,357.746918889344,606.510972334534,403.521785608032
000544.png,26,27,0.0089235174641228,129.664802410511,0.0234830545808807,165.414909120205,510.321219312922
000544.png,27,28,0.00246395631472047,595.883314235438,389.345347300605,631.331217425649,383.027087726169
000544.png,28,29,0.0098558252588819,364.38682584108,384.955690090825,470.278660226952,389.484692116531
000544.png,29,30,0.0156827489761263,367.027044497281,388.575183540686,0,492.843831753667
000544.png,30,31,0.0157160456830819,640,235.383368806689,535.19608617391,205.767342014551
000544.png,31,32,0.00556055006159891,472.219415633296,395.602821324872,368.17907355432,390.411293021798
000544.png,32,33,0.000865714380847734,390.230741404896,397.752471998318,374.687079992677,383.262934462676
000544.png,33,34,0.0131189025405387,399.903312070362,11.846230349333,522.041766461775,55.6498794984597
000545.png,1,1,0.0664692435577722,308.963126829101,0,640,97.0093266371915
000545.png,2,2,0.0701995012468828,638.074708946985,208.239903475365,0,406.944359635171
000545.png,3,3,0.097236076475478,638.354312535064,195.131324131158,0,395.053635088914
000545.png,4,5,0.0502389858686617,638.026250736454,278.134518373401,33.2962924101535,396.145213572595
000545.png,5,6,0.0305590191188695,0,387.468121038823,637.83121694303,187.461741655649
000545.png,6,7,0.0141625103906899,0,366.402367352052,189.8606104894,325.355263224033
000545.png,7,9,0.00537198669991687,614.282128824677,2.22044604925031e-16,640,75.9165713299033
000545.png,8,10,0.00572527015793849,582.428471475991,0.781834875647573,634.967584516372,105.521114339297
000545.png,9,11,0.0038549459684123,614.921595732784,26.2573655983095,591.19573108637,111.216877508106
000545.png,10,14,0.0072734829592685,638.699503835118,243.370630768686,351.774997783366,302.915803807878
000545.png,11,15,0.00126766417290108,626.282500637281,0.0388677630788572,623.740517493165,18.5146379460099
000545.png,12,17,0.000124688279301746,616,0,616,10
000545.png,13,18,0.00131961762261014,599.346631478522,287.600503419226,638.531224401831,254.631372788374
000545.png,14,19,0.000592269326683292,561.534732359218,306.092380429106,555.882675789095,277.626188494492
000545.png,15,20,0.0100997506234414,638.433510468232,267.448921492069,60.6902376589283,440.306980458247
000545.png,16,21,0.0912094763092269,516.837659496141,0,0,112.233878362157
000545.png,17,22,0.0212905236907731,640,17.9356974414052,516.905601677154,0
000545.png,18,23,0.000415627597672485,603.079502626834,64.4642439310894,592.121280284403,91.1158862924005
000551.png,1,1,0.0706985781813426,234.209592684908,0,216.756388201045,510.025883780337
000551.png,2,2,0.0436136489608829,171.887448416292,0,152.709087818322,509.800959531725
000551.png,3,3,0.0652056125404032,141.868068730178,510.065668142007,159.798385847195,0
000551.png,4,4,0.0314070586476842,70.1732293878381,461.449243384891,84.4296658933776,0
000551.png,5,5,0.0406429634611911,61.51422522249,0,45.3887818343337,509.917423785224
000551.png,6,6,0.0505390206079629,44.0056484355039,0,28.1456079006726,509.942325372107
000551.png,7,7,0.0064582827320342,46.6315484752767,1.39643253513025,33.4955175716171,509.986970074588
000551.png,8,8,0.0433583070206578,6.8218048201638,509.898508314447,23.1047755445813,0
000551.png,9,10,0.0205020894444133,4.40670683371342,0,0,136.118748675545
000551.png,10,11,0.026038650050757,614.014145138001,167.825536673979,608.539360444057,355.665968964943
000551.png,11,12,0.0027464828204697,637.756502471326,7.98932784017796,631.441944039039,152.063198412415
000551.png,12,13,0.00151959593694922,626.641869931181,21.9989558764488,626.690877377987,145.998936507657
000551.png,13,14,0.00471448411586296,609.470059590561,28.8492108754766,589.341633061311,143.064250773613
000551.png,14,15,0.00520025658751067,601.091609016914,62.0324383992751,568.165960184121,140.170653414218
000551.png,15,16,0.00204896337400121,578.921149247692,24.4339571953148,631.276740140576,55.2296117069048
000551.png,16,17,0.00079093722947767,591.804923688425,25.6419303886112,600.575824351405,69.8534632076942
000551.png,17,18,0.00936668970971981,582.061328973818,28.4297775931296,569.944076204867,142.935862927326
000551.png,18,19,0.00340663515373453,592.401652407269,91.1673101718774,554.957775583467,25.454251080862
000551.png,19,20,0.00154450734575167,593.126488644854,287.759560403,574.933860125355,353.852948472323
000551.png,20,21,0.000772253672875835,637.980221652267,257.893802707398,564.793924293434,271.524131720096
000551.png,21,22,0.00402942037379569,558.304682773843,151.387129688107,564.916351880181,46.7936649103447
000551.png,22,23,0.00638977635782748,638.180473730266,229.916509332362,321.914311693423,215.938827328042
000551.png,23,24,0.00347514152794126,396.271969982346,276.836241076645,594.65477459573,323.198221024269
000551.png,24,25,0.00761666324134796,597.636456473682,286.517952410624,319.797269950861,304.942936136332
000551.png,25,26,0.000691291594267885,588.693880588942,266.930677912599,517.11290967534,308.810013056585
000551.png,26,28,0.144940804264833,221.177568571708,0,22.6719298697375,335.004454952034
000551.png,27,29,0.000348759723234248,470.365113244193,55.8224123224051,464.612049954617,26.270198520742
000551.png,28,31,0.00011832919181162,98.4022969856145,401.967568083255,104.992381735132,410.996629724388
000551.png,29,32,0.0270475621072561,267.438022210449,0,249.159703656054,509.826465504523
000551.png,30,33,0.00104627916970274,104.771602650481,487.521526468381,135.091307751209,512
000551.png,31,34,0.000523139584851372,637.464631306466,171.605182737944,596.186240422705,180.833092753785
000551.png,32,35,0.00117706406591559,637.739704864402,131.958288483441,556.047567613347,142.373112404746
000551.png,33,36,0.000772253672875835,587.981886617406,112.813447388919,576.389829771404,144.144232862409
000551.png,34,37,0.000965317091094794,631.83525814484,21.9896077294342,623.753111007692,150.110590013122
000551.png,35,38,0.000535595289252595,105.236658052827,493.930665440749,105.072020415992,509.99048679544
000551.png,36,39,0.000834532194881951,637.89891106621,85.9996775680924,637.369424732023,252.004367898762
000551.png,37,40,0.00070997515086972,159.704521594988,133.019958360221,194.996197133663,212.446023418604
000551.png,38,41,0.000336304018833025,270.007730346047,0,259.68320291517,16.5551416231525
000551.png,39,42,0.00108987413510703,86.186921486822,499.224021837329,69.7000782789899,430.382654682796
000551.png,40,43,0.000442177506243422,192.463674959221,211.586770972293,159.423819033947,174.513494842994
000551.png,41,44,0.000361215427635471,162.455325793084,131.680157243943,195.697528166849,109.545737808073
000551.png,42,45,0.000741114411872777,605.862290694785,71.4998579126798,616.459382703109,114.865212509169
000551.png,43,46,0.0916988958018048,407.18257542613,0,163.512339059812,423.391318328737
000551.png,44,47,0.000105873487410397,608.022540847641,139.600939462759,619.984376245159,140.276601133202
000551.png,45,48,0.000492000323848314,194.189263991586,57.9033014807894,161.515136152433,104.248115551966
000551.png,46,49,0.000242886235823851,163.997048462911,68.1692230196263,200.020972920192,68.7975414916675
000551.png,47,50,0.00302050831729661,175.894130291491,0,168.855104626601,191.147687767257
000551.png,48,51,0.00023665838362324,157.955989186625,229.31673023226,192.072092665184,227.119241723083
000551.png,49,52,0.00367443279836083,168.385485709467,0,155.638493380467,347.69345393325
000551.png,50,53,0.000242886235823851,583.397534769037,292.077860837933,562.939845463322,309.127697956872
000552.png,1,1,0.0342280564263323,376.568098019057,0.112112799786433,390.817410141124,436.299975309343
000552.png,2,3,0.0536246081504702,530.997780874754,114.370520333255,551.649489403121,504.653523578793
000552.png,3,4,0.074333855799373,118.3346325337,0.00850067058339558,120.927955441139,508.066724700041
000552.png,4,6,0.0192789968652038,525.19008970525,77.1777326057582,637.187912183493,105.240968613996
000552.png,5,7,0.0587578369905956,95.6429758242788,0,93.4331884903085,507.988834188508
000552.png,6,8,0.0189655172413793,571.550276346147,286.324459190804,483.512987444936,425.441239989721
000552.png,7,9,0.0464537617554859,483.323998725045,0.0997297139631475,502.131044202104,504.740479945587
000552.png,8,10,0.00656347962382445,507.557902666299,206.483352556942,492.065392812069,0
000552.png,9,11,0.00350705329153605,382.964067312084,33.1024389352369,342.864094147557,50.876894974519
000552.png,10,12,0.0614420062695925,407.301333943377,381.869793108603,38.8869848702178,364.826544918963
000552.png,11,13,0.0373824451410658,638.02607928995,482.375876208196,400.005236608776,482.059560706099
000552.png,12,15,0.0128722570532915,542.882600284693,0,525.164254577342,51.6552610903617
000552.png,13,16,0.0379310344827586,343.930906762631,0.0019075513795663,355.146598915768,406.244427936728
000552.png,14,17,0.00121473354231975,380.034551950066,23.472176783046,348.083340047783,5.38598732604825
000552.png,15,18,0.0630289968652038,78.1654042657921,356.402129277244,407.40042444051,371.537991841903
000552.png,16,19,0.0105995297805643,544.784738226449,177.576458404201,493.920309326309,267.426034610756
000552.png,17,20,0.00362460815047022,640,327.387517131823,606.512482421558,271.691865279786
000552.png,18,21,0.0546630094043887,639.015419940437,8.21919540224458,527.929143584159,6.4506504484389
000552.png,19,22,0.00127351097178683,382.835711979214,400.425859193492,387.243652703221,433.178454986793
000552.png,20,23,0.0212774294670846,364.067473732108,0.0634225918818125,376.612166256774,382.308094517546
000552.png,21,24,0.0292123824451411,109.646786957373,388.074841682458,107.623255781108,0
000552.png,22,25,0.00711206896551724,556.715290996224,0,561.231147627849,159.85221905053
000552.png,23,26,0.00593652037617555,572.351178688368,504.494265968731,566.042637647984,330.288160663962
000552.png,24,27,0.0102468652037618,381.941352678645,378.314776316014,370.102332204224,0
000552.png,25,28,0.0112264890282132,637.278106304079,430.032072897112,632.920837687127,331.959088252795
000552.png,26,29,0.00101880877742947,598.162988238167,24.7696778168178,580.854244884075,9.96168294772144
000552.png,27,30,0.00481974921630094,531.876528273798,161.706269530803,550.56454728151,14.046468759346
000552.png,28,31,0.0007641065830721,574.53406295605,19.7687744613604,531.481510700766,10.8491549605301
000552.png,29,32,0.00184169278996865,528.584616700846,0.140231421958206,532.410138820929,38.7519779456512
000552.png,30,33,0.00370297805642633,633.548017985354,255.056988647946,607.052637751113,272.046296355062
000552.png,31,34,0.00146943573667712,631.29079960001,254.583095858044,608.569466872897,299.197158263017
000552.png,32,35,0.000117554858934169,144.10555250995,158.7355485261,136.384524949788,163.216264934017
000552.png,33,36,0.0141065830721003,612.970986168701,0,576.890803114278,117.722879004348
000552.png,34,37,0.00244905956112853,639.596971559774,476.83882215734,613.923244907928,475.209319295717
000552.png,35,38,0.00286050156739812,76.2475614832484,440.898442106451,3.23817857230934,380.110767196323
000552.png,36,39,0.00158699059561129,20.5736959574457,429.697882110245,0,390.630198266428
000552.png,37,40,0.00221394984326019,640,347.414108936048,603.849574415636,313.999020632031
000552.png,38,41,0.00129310344827586,631.819142134894,310.407115359572,606.147905972669,308.244383138511
000552.png,39,42,0.00217476489028213,19.8998051779348,120.615417809378,3.68857933199418,170.659745960913
000552.png,40,43,0.00109717868338558,562.784649382906,218.684809022599,539.038478668334,176.541784793693
000552.png,41,44,0.00213557993730408,554.775208828489,311.958531568314,508.262402623302,280.575275485492
000552.png,42,45,0.00315438871473354,508.076360894622,289.996686354291,507.979913821831,345.986184662146
000552.png,43,46,0.000960031347962382,10.9710559061878,170.39196102065,0.135845842573389,141.948251537254
000552.png,44,47,0.00583855799373041,517.857791085006,504.682146861378,510.447671745726,394.507956112709
000552.png,45,48,0.00113636363636364,505.141040116049,449.253525162999,510.503943623099,495.710952395825
000552.png,46,49,0.0207288401253918,637.107846718188,21.375944143914,528.681192635172,29.0385524513225
000552.png,47,50,0.00536833855799373,548.487568819596,339.977259570565,556.074674638407,502.64948344936
000552.png,48,51,0.0022923197492163,145.355919261769,439.406773541712,99.1048549437137,352.476258672048
000552.png,49,52,0.00358542319749216,144.998389956849,420.635980828314,4.33009572373791,378.887760903915
000552.png,50,53,0.000685736677115987,630.834430659919,380.110811747616,627.200351434388,341.885881486735
000552.png,51,54,0.00577978056426332,107.367582778969,401.954849525794,105.548859126124,507.992262159575
000552.png,52,55,0.000862068965517241,533.876505080451,225.910375279876,517.637897542213,248.285736996675
000553.png,1,1,0.00214916467026125,9.60307531170652,510.026731171654,9.14097529456875,434.01738148492
000553.png,2,2,0.00208595394466533,4.98876812635677,510.023168119508,3.88752871018208,461.956755229071
000553.png,3,3,0.044051554667796,0,485.215208734561,520.813311417844,467.368787424617
000553.png,4,4,0.0569402216168039,6.90206849040992,461.319693421077,456.831022028998,447.07555246913
000553.png,5,5,0.00193424820323512,635.374528433637,83.9588387639706,636.690806097198,0
000553.png,6,6,0.000935518738819603,636.000000000002,0,636.000000000002,78
000553.png,7,7,0.00716177521001764,637.990534964564,123.991926786782,561.518379363403,213.647884477465
000553.png,8,8,0.00723762808073274,633.62180462034,228.635992366916,494.55109644385,97.2986898447014
000553.png,9,9,0.00368518530224208,638.045282188373,180.044530294537,563.57046583473,255.776853610314
000553.png,10,10,0.00634003577727069,638.552116543155,202.556263590769,561.313921295309,279.218633854503
000553.png,11,11,0.00115043520584573,637.848253159041,211.35836164765,566.833284467328,228.153332085923
000553.png,12,12,0.00232615470192982,634.78956134018,312.030364134549,637.787728552776,234.068750618288
000553.png,13,13,0.0075031131282356,638.627299746601,364.941878777973,561.997289388893,415.978155636111
000553.png,14,14,0.000493043659648169,620.844434568536,375.362255068557,634.65349473566,370.498560997368
000553.png,15,15,0.00818578896467153,632.150173457203,54.1217182247649,538.797106856419,169.298823206665
000553.png,16,16,0.00431097148564168,557.473754220666,271.681970135115,628.440898737334,32.9420318382464
000553.png,17,17,0.00072692334435307,638.830547310875,332.312009204535,624.920218462547,369.340359812311
000553.png,18,18,0.0168646215889912,597.423190549471,233.630874757378,593.852701333047,510.049765153691
000553.png,19,19,0.0105435490293993,611.788785878133,0,553.114651933575,151.792354817538
000553.png,20,20,0.00290769337741228,627.761964954795,12.4509980459652,593.918421734264,105.046182867347
000553.png,21,21,0.00206699072698656,616.74585693906,220.028015104294,616.259169591957,94.0067229919551
000553.png,22,22,0.00026548504750286,628.483468227583,12.2882733828346,620.013794891407,0
000553.png,23,23,0.00109986662536899,613.374187046876,143.50662457329,592.861441397777,169.5256381609
000553.png,24,24,0.00155498384965961,571.014823241109,470.293832194413,640,430.460357064751
000553.png,25,25,0.00842598972193602,543.085548004246,512,640,453.617638163551
000553.png,26,26,0.0583624629427121,276.247416705735,0,621.970912554769,38.1296209974761
000553.png,27,27,0.00486090479832618,631.561386447249,287.496465701655,562.079978231787,348.019626502532
000553.png,28,28,0.00612511931024456,578.80128029933,189.835927733128,577.343423846604,395.967066501289
000553.png,29,29,0.00764849779710621,571.328970589525,512,640,471.452854726693
000553.png,30,30,0.176996352741133,232.777443197201,0,349.892650503209,512
000553.png,31,31,0.00162451564781512,623.977453192996,508.073717695969,621.703090744326,383.968788945978
000553.png,32,32,0.00652966795405844,638.002673314743,504.68799964721,253.992928616193,506.180120923928
000553.png,33,33,0.0327115504958881,623.589832946364,40.0999502859644,59.1429562627624,13.6287135593582
000553.png,34,34,0.00319846271515351,542.392306791175,93.83998355668,611.304671427398,2.49305281027982
000553.png,35,35,0.00152337848686165,637.305434924223,154.95613838412,573.326230421984,113.028125069896
000553.png,36,36,0.00663080511501191,522.277784128122,238.877258474888,518.252601999207,452.989581435965
000553.png,37,37,0.00879261193039235,581.117458262508,0,489.923702990017,266.65788304357
000553.png,38,38,0.00189000069531798,596.723997868328,79.2098891610297,561.340418834237,136.353165834106
000553.png,39,39,0.000549933312684496,600.887631431399,512,580.561230034719,470.70825329923
000553.png,40,40,0.000651070473637967,618.131130818457,41.1940006933227,578.977886477746,37.5352842067086
000553.png,41,41,0.00283816157925677,601.93066047229,94.1547002463752,520.443991126333,273.852835413616
000553.png,42,42,0.00195953249347349,570.708830330635,473.994461047278,571.635425648996,257.998436022668
000553.png,43,43,0.000455117224290618,595.894439972148,512,579.986980570718,484.304998765201
000553.png,44,44,0.000347658990777555,590.933708288451,511.807078691278,540.983483313711,482.333259350903
000553.png,45,45,0.00441842971915475,556.847067379943,158.619499718877,470.495447819913,355.838465791153
000553.png,46,46,0.0273449598927946,546.701078833779,119.278737597385,200.091300539101,83.1246991761448
000553.png,47,47,0.0305939911884249,552.72076493608,106.935124264139,108.285932632354,61.5934855044973
000553.png,48,48,0.0219404428543435,515.683561618022,223.476668754235,131.584517045224,188.566403403912
000553.png,49,50,0.000973445174177154,483.5780074448,193.583205422929,510.403499191592,166.42316441123
000553.png,50,51,0.016851979443872,608.255866341205,172.664440725973,195.678915687348,144.744751469031
000553.png,51,52,0.0046080618959425,575.413239747478,181.028840137145,379.854233303443,170.781903695058
000553.png,52,53,0.00959538814546052,482.260308276604,165.291391252546,196.512665271064,136.849412719713
000553.png,53,54,0.000126421451191838,412.195705103734,164.034459615046,398.572091088553,159.257352604763
000553.png,54,55,0.00207963287210574,390.97256872009,44.8111893221639,339.847256929913,261.018022320115
000553.png,55,56,0.00171301066364941,348.295612587174,169.838576695857,386.123147906694,0
000553.png,56,58,0.000335016845658371,198.92377557838,30.0230606017813,205.463253735992,0
000553.png,57,59,0.000120100378632246,634.014149217064,1.91224956785173,622.154784476282,0
000553.png,58,60,0.00100505053697511,586.512028562585,53.9982673024127,620.218185243352,7.61181767431735
000553.png,59,61,0.0127812087154948,580.807239731608,69.1867726805642,204.120493465737,34.6844845930362
000553.png,60,62,0.00135903060031226,621.899344112232,141.724118690217,638.606882905783,102.256909977223
000553.png,61,63,0.000568896530363272,601.919126433698,8.61960212784935,585.593295195866,47.6466584352098
000553.png,62,64,0.00249050258847921,611.105616770447,368.056565679437,613.697115416642,225.775915356939
000553.png,63,65,0.000549933312684496,637.912469260533,433.898073010486,609.434067006118,458.354162806181
000553.png,64,66,5.05685804767353e-05,561.842488476865,126.979331955449,565.413032907344,119.755622705078
000553.png,65,67,0.000417190788933066,637.772636516461,479.975772367167,635.199023359919,504.127766769184
000553.png,66,68,0.00309732555420004,497.99770333469,424.993553745954,436.389518315986,491.195106920551
000553.png,67,69,0.000518327949886537,443.411706012636,427.043030177955,421.023105575625,430.590551945665
000553.png,68,70,0.000252842902383676,434.283249296246,449.639986901136,428.364422255974,458.96146252257
000553.png,69,71,0.00016434788654939,28.2814018201666,223.944655754325,4.1854309504047,220.645621991149
000553.png,70,72,0.00429200826796291,358.662270663034,453.23266283869,58.0384792000997,472.597363382925
000553.png,71,73,0.00206066965442696,180.128412797082,402.263916356443,364.598495800905,415.908604171061
000553.png,72,74,0.0241717814678795,136.421684433689,188.738688271989,157.274166796955,468.513517916185
000553.png,73,75,0.000467759369409801,537.611544097704,140.574638729324,541.317292968995,168.875055455094
000553.png,74,76,0.000657391546197559,613.11954479632,485.359293083537,606.742756779369,508.554699818155
000553.png,75,77,0.000271806120062452,602.114589651137,27.8801828041452,619.37453295415,0
000553.png,76,78,0.000366622208456331,398.801027000333,0,391.868549805457,27.9857193472311
000553.png,77,79,0.00611879823768497,467.72113281647,127.803650466257,375.80401935434,234.621251268028
000553.png,78,80,0.000227558612145309,521.364667685255,196.83443549503,508.630918842691,225.625342964814
000553.png,79,81,0.000360301135896739,461.267851152078,97.3271586542757,471.142480511287,27.8780734534536
000553.png,80,82,0.000139063596311022,0,466,0,486
000553.png,81,83,0.000139063596311022,630.706209956531,502.012026023263,630.910498272598,490.015504841451
000553.png,82,84,0.000385585426135107,591.426570379994,0,569.706067742285,42.7726028361516
000553.png,83,85,0.00419087110700944,398.383083659962,288.924474492612,445.995318843393,475.202703688626
000553.png,84,86,0.000530970095005721,464.260960626222,324.867542154733,499.709754978975,276.463862603581
000555.png,1,1,0.0738133910846418,129.22906991731,0,527.426198499247,119.993169527734
000555.png,2,2,0.044348192263731,169.818845077383,51.9961576917444,161.641735518555,437.525779686489
000555.png,3,3,0.00648499067556999,169.16562957733,510.971123055753,214.519801255347,269.721727021555
000555.png,4,4,0.0216326776153522,0.866347605621019,162.403126045455,209.616191647816,212.682877253084
000555.png,5,5,0.0024303675630151,194.377821156791,337.855161400399,140.026581356255,336.723431945672
000555.png,6,6,0.00127534139445347,176.067438878252,379.906208520432,141.331355465767,354.929925909148
000555.png,7,7,0.0341574926306924,0.244466305730376,222.903612358133,472.842799312117,328.280911547363
000555.png,8,8,0.00311616435059857,191.992019300759,473.10885952211,96.6937301195766,434.296637252812
000555.png,9,9,0.0118630812729351,0.00425625633184177,355.976807922516,189.176033499828,390.6939899114
000555.png,10,11,0.0509414666426036,442.620184662767,134.593889720916,638.083046812436,8.12835566442902
000555.png,11,14,0.0432653552307044,610.040050503662,0,449.158006184286,101.113701330165
000555.png,12,15,0.0032364795764904,439.88664789226,97.7875157317606,473.47064871276,78.211547255528
000555.png,13,16,0.00155206641400469,468.189268759086,113.280795196393,494.774984802064,150.866497217021
000555.png,14,17,0.0286711183300247,2.38247224683391,1.78213247718887,471.297581387248,137.727039175559
000555.png,15,18,0.0100342898393792,202.915653085018,121.953817717908,201.243074645123,233.659257931987
000555.png,16,19,0.00844612885760693,180.338508794725,73.9979882733373,180.101187291162,270.002544108861
000555.png,17,20,0.00209348493051796,192.310941642432,365.18321559486,64.3278413665291,356.921422652479
000555.png,18,21,0.00317632196354449,104.386751218747,326.181988876307,108.562072178196,409.079766335182
000555.png,19,22,0.0148829934428202,447.044093622036,472.027977691357,446.898758959262,332.001142984455
000555.png,20,23,0.00115502616856163,458.502059010109,346.952720653318,446.667805851061,409.0794356831
000555.png,21,24,0.00885520062563917,201.484535157649,273.987826505667,200.826852254605,409.887854452187
000555.png,22,25,0.0146182999458581,193.543973281314,451.712797387295,0.164920393034748,420.96285498711
000555.png,23,26,0.00227395776935571,100.67365315049,160.697747358004,137.010514473508,235.3009085436
000555.png,24,27,0.00494495578415448,515.631221065556,49.4321835071745,490.919527616819,65.4230809352856
000555.png,25,28,0.00267099801479877,446.564180051224,127.219331217842,454.99429957798,192.455986227728
000555.png,26,29,0.0056668471395055,158.596326646638,509.860697102736,171.979576933536,375.00555641266
000555.png,27,30,0.000541418516513265,163.171395423375,501.758414167373,162.988029591584,509.97742297154
000555.png,28,31,0.00481260903567346,78.8642372181919,324.989068345632,73.6970816049671,392.129641201112
000555.png,29,32,0.000782048968296938,80.4664906880001,363.121830505337,78.0513020004312,376.156627809026
000555.png,30,33,0.00324851109907959,139.075795229768,410.441565508941,143.033885535548,342.059843657117
000555.png,31,34,0.00235817842748,480.819898606871,447.714858532659,420.236839715519,427.346732453859
000555.png,32,35,0.0122119954280214,468.744789300503,475.611303203572,211.028172424633,440.052786591179
000555.png,33,36,0.00127534139445347,211.314028569539,127.067975114827,153.2902813942,219.801711082397
000555.png,34,37,0.0170366359862841,484.627525328739,278.664417711086,212.584621160995,213.557227726866
000555.png,35,38,0.0019852012272153,141.048609418523,215.977593133726,147.956140882358,169.694960713673
000555.png,36,39,0.00304397521506347,85.3275845268789,160.173289372867,78.5089277294102,212.411595211642
000555.png,37,40,0.00460807315165734,442.017772879349,302.08247067156,441.701168253806,210.014782928176
000555.png,38,41,0.00173253925284245,159.688171207425,246.131756787041,189.410062651946,316.474558325503
000555.png,39,42,0.0110329062142814,468.432070332902,494.644737935939,200.289143542611,452.174446350974
000556.png,1,1,0.235162020386323,221.268257863769,502.237695410175,315.397061182258,0
000556.png,2,2,0.0160529132090037,294.560687606309,68.0628286571848,638.142447678988,167.507844370947
000556.png,3,3,0.155476411866875,620.434041126408,0,545.884992016963,497.982783067875
000556.png,4,4,0.174389024368849,196.107929253421,0,117.992633259838,380.355491541605
000556.png,5,5,0.00945630625098686,254.577228989614,269.743059295331,637.566408157026,367.695325593878
000556.png,6,6,0.0261758978227688,302.227762825447,247.828043895755,134.327845995624,328.520692748949
000556.png,7,7,0.0219477534693591,192.465215090313,0,25.5820638580172,171.706158045169
000556.png,8,8,0.0266495903436902,0,280.452095550945,172.203409709018,146.800663623625
000556.png,9,9,0.00670187196266601,634.978963701021,299.227044823885,578.418915421069,324.455317340489
000556.png,10,10,0.00240355093949017,292.691292091606,71.0069874030838,333.172701434723,99.188380290627
000556.png,11,11,0.0380883875155704,332.83406873223,40.6753642799306,152.608915809634,179.177403108855
000556.png,12,12,0.036298882436534,637.042727834585,141.863175422189,600.143989563461,400.019536296342
000556.png,13,13,0.00657906279057527,606.522897433497,395.249398519343,639.017287361172,158.139412653
000556.png,14,14,0.00659660695801681,621.101972433501,442.487416932689,606.002273640362,491.383072670849
000556.png,15,15,0.00452639519991579,0,434.840144581273,92.4856110080158,472.817396506819
000556.png,16,16,0.0072106528184705,87.0253590735266,421.411221425223,15.7342954688747,468.575261912028
000556.png,17,17,0.00142107756276426,56.1914094111529,449.397702438867,74.5290721373847,434.222532047802
000556.png,18,19,0.0023684626046071,0,420.030552504643,3.90676814985853,414.472003261441
000556.png,19,20,0.0100352637765575,132.010438143331,397.190023592187,97.2047661085247,462.371472461421
000556.png,20,21,0.0080878611905472,202.873349513168,463.977930329628,21.2438750827221,497.958429890572
000556.png,21,22,0.00308777346971,634.356949667562,210.304651591309,593.771830343727,229.518028893075
000556.png,22,23,0.00126318005579045,64.2434887434561,195.02865579477,8.12863114953814,190.43028710335
000556.png,23,24,0.00368427516272215,104.048213161007,492.619511963292,265.537079641477,480.051734128856
000556.png,24,25,0.0107545746416604,274.698397923287,265.669262239118,58.3558786214727,376.693467495286
000556.png,25,26,0.000877208372076703,13.9721111178572,223.85222292753,48.2606630237473,217.381196218378
000556.png,26,27,0.00203512342321795,57.7048557487165,96.0661908167405,35.7675409105245,141.122947478904
000556.png,27,28,0.0024737276092563,634.703029989465,116.631613485304,599.364564731068,151.22083288365
000556.png,28,29,0.000684222530219828,68.0678249764559,116.259050282192,30.0476138149966,114.777835804543
000556.png,29,30,0.00233337426972403,634.291582527481,451.319102726014,625.729682152946,497.950367323385
000556.png,30,31,0.0073159178231197,227.214223330404,379.29624178943,73.4471738853067,437.223568930677
000556.png,31,32,0.00157897506973807,0,461.164583691871,48.5082353889223,400.801212271672
000556.png,32,33,0.001543886734855,57.3361638602117,53.6960498098659,123.338392368996,1.69887855116958
000556.png,33,34,0.000578957525570624,325.429288464045,502.718706571712,237.926506587737,484.350101601787
000556.png,34,35,0.000894752539518237,72.245558713785,427.798435288466,51.4438576513778,402.456504557888
000556.png,35,36,0.00456148353479886,105.577665045501,374.582084829896,0,425.115652827613
000556.png,36,37,0.00142107756276426,79.1016173242292,0,51.5657808446561,52.8163212484729
000556.png,37,38,0.000947385041842839,635.393636122403,32.7763196542776,615.985212307451,74.115068723194
000556.png,38,39,0.000719310865102897,609.410130890979,472.49992038246,635.30398131245,498.667787355425
000556.png,39,40,0.000421060018596818,623.008877984349,483.586229820738,620.958370066293,498.409239511544
000560.png,1,1,0.0136690364900428,542.789509433666,508.302708627557,544.502349437652,458.568337014418
000560.png,2,2,0.032797831808005,43.1997353216372,196.125784927675,52.8057359021658,104.503852084688
000560.png,3,3,0.047291723948309,183.24717957281,350.347111000897,192.487977324467,104.168465021019
000560.png,4,4,0.035547350642209,34.1803195196229,510.075838131031,27.5790885316547,351.684129210949
000560.png,5,5,0.00938764287678228,303.734377098297,202.230916557466,309.031962268636,116.558494651005
000560.png,6,6,0.0349974468753682,215.266817363129,211.586344032844,210.197906750522,0
000560.png,7,7,0.0206213912565301,382.043110666793,232.504230497843,570.445857694616,185.884325302021
000560.png,8,8,0.0253741309556542,347.843373717616,106.582305436816,340.486080440145,256.220567981098
000560.png,9,9,0.00746297969283947,285.957607419014,361.470497602943,164.098211302838,371.226703330192
000560.png,10,10,0.0123335559134294,162.724908852934,209.090058422697,70.8222387456727,101.587305721115
000560.png,11,11,0.0115872579441455,34.0005367321261,81.8700948906666,215.980903220342,82.6219876338502
000560.png,12,12,0.0151616324286107,285.087216100159,444.360111485345,288.94408963791,368.454461859079
000560.png,13,13,0.0212498527043482,86.6849535752827,421.453685918216,78.6703123068529,480.363295485597
000560.png,14,14,0.00679523940453278,63.5846879490631,484.036237824871,81.5283052218801,462.635182258161
000560.png,15,15,0.00557759534938529,568.420170992538,200.115405503643,518.789198784108,209.973323911026
000560.png,16,16,0.00416355709179465,483.291490648164,175.017043655336,557.093558362463,226.430230184824
000560.png,17,17,0.010683844612907,319.738648867503,196.587038001386,326.108587475725,112.61510078404
000560.png,18,18,0.0163792764837582,37.3838040940084,351.908570597421,38.0611664823686,465.88077198232
000560.png,19,19,0.0172041321340194,540.746752137135,202.189807231361,544.026817466994,120.161019377571
000560.png,20,20,0.0131976904041793,137.87509617632,102.322394778216,132.28266091066,204.235010197796
000560.png,21,21,0.0104481715699753,32.3677227778042,157.47626535295,93.6611037365193,108.590304047625
000560.png,22,22,0.0294984092069602,108.101733706758,204.430578111653,126.432079434565,114.956672146512
000560.png,23,23,0.00612749911622609,571.715894285013,97.2079621035622,501.170839767483,197.416284471946
000560.png,24,24,0.0154758631525197,38.9139203321368,512,53.4377074783409,471.224472995299
000560.png,25,25,0.0128441808397816,38.1420343756068,198.066326791134,116.116759082822,195.342716047144
000560.png,26,26,0.00333870144153345,138.422035874814,488.760325465715,120.164565856712,512
000560.png,27,27,0.00384932636788562,582.51029782262,493.381800147787,565.340076192469,512
000560.png,28,28,0.00868062374798696,158.475676563271,422.228751058861,148.862656338018,358.170678059983
000560.png,29,29,0.00219961506736321,469.187643158445,216.036423156834,496.424028743876,205.970279683934
000560.png,30,30,0.0426175419301622,556.083717307644,276.394429804163,562.112192193165,0.00244706019378782
000560.png,31,31,0.0175183628579284,96.0575924647491,432.351254529747,100.225283708117,360.476949906706
000560.png,32,32,0.00424211477277191,218.714237047509,495.772196356743,208.921312734037,465.068256559601
000560.png,33,33,0.0119407675085431,174.49963731188,422.808663700941,183.074907095957,353.884902954488
000560.png,34,34,0.0123335559134294,0,334.489526849023,189.905311412116,342.30175802172
000560.png,35,35,0.00310302839860167,198.111459303553,444.21971451673,236.087818281053,446.597321121329
000560.png,36,36,0.0088770179504301,237.438119512982,472.791463009177,224.119757164296,412.862104851914
000560.png,37,37,0.012058604030009,105.360047675158,435.075944062476,198.56348533331,410.103029242394
000560.png,38,38,0.00710947012844181,106.948730146139,386.64778619849,147.751619149384,360.760900762037
000560.png,39,39,0.00424211477277191,58.4287010075626,137.332370377246,142.456700452916,191.288765956429
000560.png,40,40,0.00353509564397659,244.022374114184,360.335435176298,162.119961079742,365.798469677989
000560.png,41,41,0.0206999489375074,343.748839834737,273.482005944402,380.222245424562,114.97154261387
000560.png,42,42,0.00274951883420401,84.3572403618948,108.158658420044,107.632977754405,134.560367382531
000560.png,43,43,0.00655956636160101,144.084675692099,190.715287401745,206.086748789161,188.781765208965
000560.png,44,44,0.00538120114694214,579.233610754616,506.743081894521,568.261118365995,461.055336670949
000560.png,45,45,0.010369613888998,118.060804659764,424.247661562607,126.467331565388,354.296516794088
000560.png,46,46,0.00769865273577124,194.502643742681,416.805147059479,205.905667640812,374.111521715786
000560.png,47,47,0.00424211477277191,58.9120963874125,482.945501602105,81.4905242460286,445.292351510959
000560.png,48,48,0.00184610550296555,36.4250495721388,482.500021527167,52.9669942653138,479.687587138994
000560.png,49,49,0.0102910562080207,203.880815163784,363.033124002596,19.9366010970302,358.677308208037
000560.png,50,50,0.00235673042931773,206.628342731786,501.608019045829,183.849010624841,482.177007621801
000560.png,51,51,0.00243528811029498,202.033977906679,503.892335422062,144.121297273824,485.615649665686
000560.png,52,52,0.0159864880788719,354.423157222406,198.251011549091,365.673784549361,0
000560.png,53,53,0.00636317215915786,12.7990890680878,81.1198743969858,23.1254600852511,137.426808420681
000560.png,54,54,0.00153187477905652,264.118966283148,433.538209759119,200.124067596079,435.68992934488
000560.png,55,55,0.00106052869319298,199.873354595511,417.013344192784,219.426399693525,430.8127613324
000560.png,56,56,0.00106052869319298,209.20857286423,170.907719507175,145.299832829269,187.264292332279
000560.png,57,57,0.00117836521465886,63.7131238271718,430.128394887759,90.0434899243361,433.677339070327
000560.png,58,58,0.00117836521465886,75.9399795167783,441.751855694906,73.829765491942,425.254310112892
000560.png,59,59,0.00384932636788562,486.767294939427,129.228863567666,519.851993545912,162.14874745434
000560.png,60,60,0.00424211477277191,394.198308495546,509.653710315129,391.031069477553,471.255088994353
000560.png,61,61,0.00196394202443144,149.95379205923,160.604226497007,100.07466989865,162.255505531538
000560.png,62,62,0.00172826898149967,180.015364733573,81.4558060747511,200.673985277592,73.8245496264384
000560.png,63,63,0.0129620173612475,202.486789443653,0,206.533532451315,245.562741537076
000560.png,64,64,0.00302447071762442,570.68981416713,505.428007745531,524.935556944801,450.24905280017
000560.png,65,65,0.00322086492006756,567.962300361766,206.166365653539,638.010696025461,207.38536539677
000560.png,66,66,0.0023174515888291,94.9673401856703,134.156003298834,127.811425451162,176.598220939496
000560.png,67,67,0.00153187477905652,243.77671525884,273.901898127199,215.925782517931,270.632170785243
000560.png,68,68,0.00113908637417023,278.004332433046,366.067010061724,255.967142515961,367.491790868973
000560.png,69,69,0.00184610550296555,237.568603505763,482.231545943789,260.262934878403,503.722340123402
000560.png,70,70,0.00184610550296555,505.99275021246,142.821188408236,494.84174205355,115.564521687971
000561.png,1,1,0.0374275954255161,384.507038787791,79.4303590885561,367.485997150017,114.789830694768
000561.png,2,2,0.201990197534531,0,421.636271017733,637.972844544655,484.276570247972
000561.png,3,3,0.00571810485667607,119.631197741491,428.845053181551,227.631202250402,442.845018398433
000561.png,4,4,0.00371305510173771,624.235898835062,17.2465707315221,595.949598273643,12.2874883433981
000561.png,5,5,0.0293331353037279,574.78856471227,220.083250091057,598.023120259981,0
000561.png,6,6,0.100623793257092,0,476.029942367334,343.921267857254,512
000561.png,7,7,0.00386157730580722,151.614370704648,489.886908333593,99.7374308014949,479.284767559872
000561.png,8,8,0.123124907173622,0,439.64816529484,638.030314825422,503.698019961038
000561.png,9,9,0.00237635526511213,268.332510620433,442.780589911834,254.877780890224,461.179337919412
000561.png,10,10,0.0251745135897817,188.032148648158,77.9084330655308,162.200021898827,102.212596947104
000561.png,11,11,0.00950542106044854,180.260456757163,99.0168109356606,166.535599902979,87.7902850767412
000561.png,12,12,0.0502747660775286,411.977584629234,0.827215665697004,382.025885644839,205.711407315272
000561.png,13,13,0.00579236595871083,407.401163664772,36.0407611079978,407.99800686061,74.0941374750077
000561.png,14,14,0.00675776028516263,632.155275117311,173.515373290879,626.011833683421,222.253591184556
000561.png,15,15,0.0173028367740977,157.80371689703,99.8198104232658,175.917479241261,80.0882280319623
000561.png,16,16,0.00430714391801574,188.939013320822,4.28604709697979,163.876489929327,19.8004777549645
000561.png,17,17,0.00430714391801574,69.5869258298531,163.288146487284,30.9809214661593,185.690428600597
000561.png,18,18,0.0520570325263627,0,182.093304409095,517.679776630184,216.779259048291
000561.png,19,19,0.012698648447943,390.43951206955,87.5135654770257,400.401104558084,115.134017610785
000561.png,20,20,0.00215357195900787,411.635398038926,98.7814854788168,408.167857202368,112.912146310257
000561.png,21,21,0.0109163819991089,370.72016700276,92.7541647405272,362.820219976018,113.551863904798
000561.png,22,22,0.0161889202435764,180.075729490025,34.928783888896,248.223572929604,166.981025115344
000561.png,23,23,0.00467844942818951,62.053058466664,66.1225610278996,93.1513950026005,52.6596350009676
000561.png,24,24,0.00185652755086885,157.973408963925,84.9713253264419,155.207623949121,95.7975714026654
000561.png,25,25,0.00475271053022427,240.040972771079,148.523529131616,231.976506351465,191.99564171768
000561.png,26,26,0.00594088816278034,444.501659151187,84.2498417531305,506.538944496715,70.4170591296118
000561.png,27,27,0.00556958265260656,373.169307029717,115.542153274621,384.593165462145,94.8153065652274
000561.png,28,28,0.00089113322441705,260.18401043794,84.6161056164651,240.176700267798,90.5916296305793
000561.png,29,29,0.000668349918312788,230.924243547034,94.0479482761617,237.307544603251,97.2942523975555
000561.png,30,30,0.0129214317540472,239.587422556289,460.390102586611,461.320684795518,481.228372471102
000561.png,31,31,0.00371305510173771,340.334509464645,154.125342427922,328.929627719201,200.759999540067
000561.png,32,32,0.00334174959156394,218.622632119689,195.89185146063,265.472148889072,180.473086013373
000561.png,33,33,0.00289618297935541,252.213477315532,106.264985657425,276.774190318327,86.4784238851539
000561.png,34,34,0.00245061636714689,180.848720048132,86.3698250964864,167.363238845925,103.498680418983
000561.png,35,35,0.000816872122382296,257.696339412252,126.486326057719,251.582402343473,122.668801386171
000563.png,1,1,0.103473316920243,0,203.37392594923,482.346182247203,377.038493067002
000563.png,2,2,0.0478223135372571,427.420426290764,0,494.514064915833,509.405453871978
000563.png,3,3,0.0315095910306594,452.026004247009,247.934037750736,0,69.7321722843406
000563.png,4,4,0.0477691776333268,474.098357357591,431.590230786832,0,270.315019185405
000563.png,5,5,0.0480879930569085,433.482655169018,7.78182704154196,638.429523467204,97.0134723033996
000563.png,6,6,0.0163481464425512,441.127453532474,4.82105798060536,511.522395192766,105.170920932966
000563.png,7,7,0.00883827202040419,320.51470211507,106.843978308941,431.869672266578,117.37772791359
000563.png,8,8,0.0366460617439204,556.169556071062,348.341677044887,492.801429583288,8.86378658251027
000563.png,9,9,0.0198728280699269,482.854726234449,32.901220010408,638.147310756358,103.676777280673
000563.png,10,10,0.0192351972227634,482.275488018591,72.3444996077529,638.055419194943,141.875837303579
000563.png,11,11,0.0361678386085478,220.485605833386,2.22044604925031e-16,427.455271704167,89.2630338508036
000563.png,12,12,0.0853716856479923,0,229.764309665832,487.21257968328,398.498734165755
000563.png,13,13,0.00302874652402628,16.0581872195571,220.575814431979,64.3799206112351,262.202333402085
000563.png,14,14,0.0223347916186968,131.466745544976,0,433.744138057641,128.601403086771
000563.png,15,15,0.0339361306434758,0,63.0309185593252,449.265106904554,240.907551695979
000563.png,16,16,0.00193060450946705,579.397560346812,320.31376700865,633.229322336569,364.929864749482
000563.png,17,17,0.0112470996652438,316.40912455518,0,422.560231491102,44.6686595588909
000563.png,18,18,0.00710249915868152,573.839001868602,112.975238991849,605.322506588777,69.6901557740243
000563.png,19,19,0.0222108078428594,447.238663857158,362.181967494114,423.371469995616,0
000563.png,20,20,0.0170212012256682,587.720486859813,508.942554780273,563.321283599599,376.949597569716
000563.png,21,21,0.0191289254149028,0,421.129614378214,300.018435137381,512
000563.png,22,22,0.0170743371295985,0,428.345788564726,277.018265417226,512
000563.png,23,23,0.0234860695371863,425.524387241961,23.5377248488413,639.565820971756,116.390517100998
000563.png,24,24,0.0373191165270373,174.457778129818,0,392.869028480271,92.6656784671614
000563.png,25,25,0.00138153350218743,298.501451133133,44.4764810025262,367.764848658089,86.3886078351107
000563.png,26,26,0.0283745726987726,420.150164207176,36.3999670270045,638.132212501478,135.709797592866
000563.png,27,27,0.00371951327512,633.810435792333,128.415445091862,586.846293369784,74.7564876386801
000563.png,28,28,0.00572096565649409,631.595410628867,141.815815860872,500.813064923508,81.1891232593475
000563.png,29,29,0.0322712056536602,0,138.680085159847,459.408615605485,311.571432521758
000563.png,30,30,0.00205458828530438,192.62151908274,145.272027569504,299.962053383588,214.059214662682
000563.png,31,31,0.0312793354469615,481.503776304173,509.329314500065,431.904217934818,102.305643826814
000563.png,32,32,0.00724419490249562,505.059665830679,265.634024267105,635.810252109442,321.156651194933
000563.png,33,33,0.00139924547016419,187.610236970667,253.661243569209,159.220780205406,295.470896670303
000563.png,34,34,0.00731504277440266,491.74382313272,119.247833409604,637.953888753893,182.107254063893
000563.png,35,35,0.00285162684425867,20.2823241328544,191.620929729048,156.950702497011,293.408868185463
000563.png,36,36,0.00565011778458705,524.801195635111,389.812902410818,637.789788905621,426.644859991268
000563.png,37,37,0.00125754972635009,306.076137401486,242.336296108191,387.954503392793,223.799043155649
000563.png,38,38,0.00161178908588533,269.060954269464,329.390494251921,186.326171765917,273.517020363441
000563.png,39,39,0.0028339148762819,204.144016057862,297.671967876372,108.402560359414,255.638563125875
000563.png,40,40,0.000531359039302857,211.79688783723,205.35274327206,263.706089071859,189.0633952046
000563.png,41,41,0.00533130236100533,392.168428929595,371.136640634105,225.222615352244,313.698785661093
000563.png,42,42,0.00292247471616571,579.985241850198,35.0949374882801,552.669764595564,0
000566.png,1,1,0.00341036501806403,639.499024469586,473.957660479831,597.285234744742,442.973828885436
000566.png,2,2,0.00313006104397658,567.971050215949,477.375869532987,637.984593281363,476.603470074245
000566.png,3,3,0.00336364768904946,556.827976692876,406.897967078971,569.864314691435,511.018621560349
000566.png,4,4,0.010573688800299,551.129695231815,38.4852855869043,632.575333216476,99.228583523427
000566.png,5,5,0.0127694032639841,553.986059504474,37.6939992903618,614.041385147325,167.980923653609
000566.png,6,6,0.00921888625887629,572.465240581143,150.959781448015,613.921723166082,219.667478168244
000566.png,7,7,0.0142487853494456,547.220989402071,67.2569694311194,633.718148460249,317.480150607772
000566.png,8,8,0.0047028777874673,557.652217301265,113.593287019175,614.157985178909,186.323409821058
000566.png,9,9,0.00935903824592002,545.626003616027,352.129794936858,543.196617803156,270.261233511888
000566.png,10,10,0.00356608944811262,547.980973359978,267.075876272366,527.245931703006,352.303124251646
000566.png,11,11,0.00437585648436527,516.019740019732,160.976365074256,588.071159595418,159.519639017905
000566.png,12,12,0.00509218886258876,545.333040792576,237.975902555287,545.643932384866,151.962568427519
000566.png,13,13,0.0011679332253644,544.943550801521,170.532124499286,549.3588962607,212.488414875037
000566.png,14,14,0.00657157094805033,544.485931135485,31.9240343508001,543.878452609018,123.99919807441
000566.png,15,15,0.0475270960508285,514.015375280664,0,512.744638727042,509.976937925989
000566.png,16,16,0.00105892612433038,521.167547585982,351.240749124016,551.161056416209,318.355480735981
000566.png,17,17,0.000591752834184627,521.612067516545,340.866948784955,561.851223821485,327.089922971617
000566.png,18,18,0.0258969727170799,487.585297734983,0,484.417408437853,467.948667851189
000566.png,19,19,0.000731904821228354,492.040103945541,502.159209536513,487.695354536596,448.674616774766
000566.png,20,20,0.00753706241435156,369.928669427909,51.8128205230926,462.221861911446,48.8028589312379
000566.png,21,21,0.00286532951289398,370.132671622271,42.1101703039491,461.681477508673,48.5371666726197
000566.png,22,22,0.0110408620904447,432.155861793752,436.008819032282,392.903492987152,321.814227811284
000566.png,23,23,0.00138594742743242,398.594965337716,317.229692077408,409.804282433382,366.499544714253
000566.png,24,24,0.00858041609567709,374.873421789427,141.255448052307,415.871458804788,243.656600914206
000566.png,25,25,0.003083343714962,431.327147545989,387.247313216415,437.349339771062,438.777248297696
000566.png,26,26,0.0248536190357543,445.281653786584,181.753953061184,442.105747948137,371.734295415706
000566.png,27,27,0.00140151987043727,438.064267246842,288.046094021792,453.382600505304,266.688289550449
000566.png,28,28,0.00499875420455961,460.305175551845,98.2853172012936,433.463056716546,162.610515679352
000566.png,29,30,0.0111810140774885,384.265241396264,22.0496096276882,381.508076272358,147.945425945085
000566.png,30,31,0.00258502553880653,380.683544857949,162.012540115103,380.952439286646,276.011905864085
000566.png,31,32,0.0102933848262115,313.901678142898,201.778958999085,309.256542348714,456.022957512763
000566.png,32,33,0.0164444998131307,272.632249637381,31.3735261889958,320.599682372536,193.00908800785
000566.png,33,34,0.00401769029525352,86.025643458742,307.916149694615,190.431713778721,257.44054641124
000566.png,34,35,0.0161797682820481,100.170919255543,101.807820296369,92.6469191144085,330.021328358472
000566.png,35,36,0.00576180391179768,103.086046470864,425.603039347449,100.016351463449,510.000594732934
000566.png,36,37,0.00884514762675969,87.6950868259135,4.19506667263757,116.499858832916,143.61559088419
000566.png,37,38,0.00859598853868195,27.7845500488991,422.582385806767,20.1562725576322,509.838814575073
000566.png,38,39,0.00583966612682198,74.2707934366958,424.313992240556,88.3100479617086,507.610652441271
000566.png,39,40,0.00404883518126324,422.573648449279,173.84611289674,420.75690242844,237.908028278999
000566.png,40,41,0.0028964743989037,285.990221269904,0.00979696029871547,316.023726053556,29.9874153404351
000566.png,41,42,0.00372181387816121,275.261972013181,437.93887531782,276.603754276085,377.83488365664
000566.png,42,43,0.0022580042357045,221.975796728551,81.6040129046298,235.315119940312,115.070170161055
000566.png,43,44,0.00105892612433038,85.2357326175704,423.523216893098,108.565947605127,441.827781804076
000566.png,44,46,0.000638470163199203,203.071204384017,78.2808048145336,197.235632383993,70.5791652856465
000566.png,45,47,0.000918774137286658,186.324777909799,75.0935447766149,212.664377112813,72.3282639768145
000566.png,46,48,0.00157281674349072,174.009783662254,135.845949165034,209.738655051881,138.115065138823
000566.png,47,49,0.000809767036252647,290.469271146363,59.1966172773991,267.623179293823,33.9626437683061
000566.png,48,50,0.000918774137286658,231.990172113578,378.454762227767,279.988230542489,378.149489165458
000566.png,49,51,0.0291048959760807,6.36028997611416,510.026391114082,43.7195438131997,0
000566.png,50,52,0.00907873427183256,418.064467309663,124.636089346236,384.270668389936,48.5445113027393
000566.png,51,53,0.0114924629375856,369.279334162606,488.66028695806,62.3511749678402,321.355752747866
000566.png,52,54,0.00431356671234583,265.992066604872,359.817519478587,262.823983705109,429.400098233527
000566.png,53,55,0.000918774137286658,544.63056422277,512,504.323941592354,498.995930360331
000566.png,54,56,0.00152609941447614,427.509814747918,291.849126987739,418.769371692459,270.624944568402
000566.png,55,57,0.00468730534446244,88.827796102346,300.868318850855,42.6743498474781,430.240573757218
000566.png,56,58,0.00077862215024293,81.0095530980015,316.463976115879,60.2942694497562,333.983076054115
000566.png,57,59,0.000700759935218637,402.776370215781,24.2338751344059,388.583894488605,3.75319259254022
000566.png,58,60,0.000467173290145758,393.969200235839,9.00703409607275,392.465189027718,0
000566.png,59,61,0.00118350566836925,407.955987463841,12.1056555104831,461.93240537848,13.2338737937637
000566.png,60,62,0.00129251276940326,200.078969948934,129.947688935013,199.097907844349,165.975435365338
000566.png,61,63,0.000545035505170051,193.260165981393,167.212498151337,203.129530876411,132.87553535268
000566.png,62,64,0.000685187492213778,98.1162123406516,320.821776453678,148.522326412953,313.693545323092
000566.png,63,65,0.00364395166313691,119.588287546285,267.969786357449,119.356087788915,347.986523878353
000566.png,64,66,0.0010900710103401,166.611421317462,331.373007787487,155.121965089107,363.687816700297
000566.png,65,67,0.000607325277189485,83.5872247910338,509.938465177504,86.4731383543056,490.579774832456
000566.png,66,68,0.02477575682073,29.6746155445436,510.081241021442,54.4203078762192,0
000566.png,67,69,0.000840911922262365,628.425021304299,276.40078829153,629.675063308812,306.264748429324
000566.png,68,70,0.000545035505170051,104.647972481057,129.578267681775,114.619240353743,144.898666198875
000566.png,69,71,0.0021801420206802,589.963762550369,501.889396151734,639.228212208216,485.748746065129
000566.png,70,72,0.003083343714962,640,417.441636482737,619.672785559736,509.928082888318
000566.png,71,73,0.00174411361654416,639.440303920426,457.416019887137,602.749094853788,494.736464849726
000566.png,72,74,0.0154634359038246,563.091734843326,274.446028678597,603.694773216127,512
000566.png,73,75,0.00965491466301233,497.167457998664,327.124630421674,507.702574243842,512
000566.png,74,76,0.000482745733150617,596.516782284295,509.386510474777,601.217446340503,498.021836886891
000566.png,75,77,0.00169739628752959,561.227923387299,266.252601895538,633.536761421428,328.537788281495
000566.png,76,78,0.0222063037249284,626.125526535515,0.01170713155598,627.749464134055,260.026546965593
000566.png,77,79,0.00157281674349072,626.747512759498,129.955373307169,632.605769926661,228.083235873138
000566.png,78,80,0.000638470163199203,528,436,550,436
000566.png,79,81,0.00284975706988912,570.504479613066,231.461043961268,566.437378812276,303.116681516564
000566.png,80,82,0.00228914912171421,443.426669117933,404.889072608618,456.161257027911,477.22443863632
000566.png,81,83,0.00325464058801545,475.51951760768,509.993456603868,476.719197031635,421.900847192864
000566.png,82,84,0.00621340475893858,607.947726856839,145.984121894994,609.077182370281,0
000566.png,83,85,0.0106048336863087,569.768878260681,3.62792512351332,599.72346953301,121.129643195147
000566.png,84,86,0.00585523856982683,550.910132752385,156.38440728217,608.896181507973,260.833441870336
000566.png,85,87,0.000996636352310951,564.19617327343,157.861829699913,588.191306536407,206.885287225371
000566.png,86,88,0.00188426560358789,456.582816656299,510.085894298347,464.712175840372,454.925935736561
000566.png,87,89,0.000731904821228354,525.955304390086,276.922881360616,555.885103633861,278.372396638413
000566.png,88,90,0.00411112495328267,363.384608480478,381.164026904188,469.278638514332,437.147516475042
000566.png,89,91,0.00239815622274822,520.099445174031,334.196758558923,515.968481188578,252.304252344192
000566.png,90,92,0.0059798181138657,575.317600716447,3.67584822944324,594.204432746923,68.8391330172288
000566.png,91,93,0.000903201694281799,577.670210852022,25.2046392957993,614.049823570273,10.1201607456808
000566.png,92,94,0.00322349570200573,361.878257211808,465.908035977284,464.461963109086,459.938131025106
000566.png,93,95,0.00188426560358789,477.341468696347,173.691738759167,539.191513633203,218.231802757113
000566.png,94,96,0.0064314189610066,492.245405559435,423.970300741549,494.12389338435,59.9903174800874
000566.png,95,97,0.00174411361654416,521.956710706674,44.9611204237313,578.026033087794,42.6247559416825
000566.png,96,98,0.000872056808272082,635.410755792963,286.118403915164,633.950476928067,254.185181214256
000566.png,97,99,0.00143266475644699,389.627702417627,466.217268573177,462.905047774863,478.521135975286
000566.png,98,100,0.00253830820979195,446.32323351537,138.220012301232,448.238370337534,170.225090389037
000566.png,99,101,0.00671172293509406,450.774988793689,1.25894578868259,440.283508127215,131.862112521864
000566.png,100,102,0.00362837922013205,403.719344715682,53.8353920013692,439.527343800471,131.145272382944
000566.png,101,103,0.00110564345334496,428.807703067919,425.650210290715,363.857868625258,404.43513439711
000566.png,102,104,0.00101220879531581,362.523335575876,390.338660336948,395.42381608971,416.70254256228
000566.png,103,105,0.00588638345583655,380.131447377767,289.951578987424,377.953591931828,463.949352847153
000566.png,104,106,0.00295876417092313,520.051321692959,229.969079235473,520.66183060325,152.005182571648
000566.png,105,107,0.00196212781861218,382.770888373286,382.032779998528,429.432396871383,410.246459125902
000566.png,106,108,0.000763049707238072,600.799215580514,40.1875643208134,594.699970710776,1.14027548436817
000566.png,107,109,0.00365952410614177,519.47539960132,124.037296867645,518.208221478877,38.2628446105812
000566.png,108,110,0.00140151987043727,577.922743954267,246.32050679405,612.404450673175,277.187614760605
000566.png,109,111,0.00157281674349072,417.536840257264,53.2677955030768,423.203516675903,82.1562359614739
000566.png,110,112,0.000700759935218637,357.664001998238,498.851858886891,375.654067165717,505.94766552912
000566.png,111,113,0.000763049707238072,364.569082091769,485.039209600068,357.900574575593,508.852001505615
000566.png,112,114,0.0013548025414227,382.134571552725,182.832469885846,394.38765679522,210.289623792373
000566.png,113,115,0.00309891615796686,231.060909134122,402.170149571393,229.053844693847,320.317445443374
000566.png,114,116,0.00066961504920892,269.154652710208,369.353725975738,273.217292127781,383.894998909946
000566.png,115,117,0.0167870935592376,363.384041816216,469.962957760179,370.038766152571,0
000566.png,116,118,0.00331693036003488,176.696552393098,246.02123575296,172.735072934502,375.961436240919
000566.png,117,119,0.000576180391179768,172.664620538224,332.189202928635,174.410096359852,344.508634662789
000566.png,118,120,0.00118350566836925,212.018060473465,331.992100471979,167.733647996581,375.703962680461
000566.png,119,121,0.00077862215024293,144.157418661324,284.347080086403,183.197545989842,266.640375430275
000566.png,120,122,0.000731904821228354,193.045556122162,331.682138358441,191.82757023699,365.993879150032
000566.png,121,123,0.00056060794817491,185.797539031978,351.858795666156,198.82467692496,333.180282928189
000566.png,122,124,0.001541671857481,87.8119561114611,423.572962372372,42.5431819831663,464.384057942356
000566.png,123,125,0.00182197583156846,37.2739174002721,509.924738439366,41.6874191662232,467.345674052292
000566.png,124,126,0.00331693036003488,321.413365997934,0,327.298431902788,130.031752048433
000566.png,125,127,0.0010900710103401,61.6039013847728,387.346947483568,55.9080493281187,425.689234985359
000566.png,126,128,0.000731904821228354,60.7678022949945,401.835323816908,52.065173594572,421.127193144409
000566.png,127,129,0.000903201694281799,86.041817125021,274.194639072058,158.053780667533,272.822507626481
000566.png,128,130,0.000404883518126324,138.141958191299,356.237403874403,162.275966877466,341.806214701514
000566.png,129,131,0.000747477264233213,5.23436678918812,390.1590487481,25.1216866372234,381.888111354196
000566.png,130,132,0.00157281674349072,101.975341440747,0,149.300273841927,31.9934531964404
000566.png,131,133,0.000918774137286658,113.336407558516,104.175873590161,125.545117062586,150.240819098652
000566.png,132,134,0.000420455961131182,118.113004856365,123.044222467656,123.287214055371,132.394440388743
000566.png,133,135,0.00655599850504547,8.63653470677341,175.981463263359,8.22218046842387,429.990574889239
000566.png,134,136,0.000654042606204061,98.9059389582401,322.016658112609,60.6251549889869,343.133296981103
000566.png,135,137,0.00171296873053445,102.248318233521,0,101.799458778782,51.9637159774527
000566.png,136,138,0.00102778123832067,393.410084362534,118.565047012796,383.829271664179,79.0102171372486
000566.png,137,139,0.000638470163199203,179.569155489397,243.087969278522,150.853600119759,257.679815011175
000575.png,1,1,0.195215096035044,387.711308798232,0.206579141777866,433.905683107328,511.994251132844
000575.png,2,2,0.125987494851923,165.786754119861,512,116.247644137695,0.169607258618726
000575.png,3,3,0.0688906361151672,636.140370500872,364.807244912642,149.551268882795,449.419429942489
000575.png,4,5,0.0114193717473511,520.055865423167,128.452056961319,561.585979172997,105.69517241143
000575.png,5,6,0.055786439028043,610.941663905213,0.0930111437080011,636.591144142067,291.948047701462
000575.png,6,7,0.00625257403871354,632.922465705511,182.275750888872,616.601559621179,0.125301991982468
000575.png,7,8,0.00471751095136471,104.608699838484,457.685777655445,68.922674115526,388.556135953826
000575.png,8,9,0.00228387434947022,141.971442732241,28.6916481150569,151.565403985692,56.8300893304737
000575.png,9,10,0.184956381743981,635.563666828555,150.884040057647,0,205.090389115759
000575.png,10,11,0.0219776105432626,509.865954381869,0.741170323240471,558.473927647846,140.697708114692
000575.png,11,12,0.028716911902355,471.286585836186,0.253616420924546,525.85084314347,153.740972874731
000575.png,12,13,0.0061776929125014,62.9639598963718,387.453833834636,73.9710001696592,455.866093174132
000575.png,13,14,0.0672806919016062,635.684712370862,358.179435208993,161.699491344265,440.264773408587
000582.png,1,1,0.045657772372845,360.093848990547,311.754103283579,640,451.205815758505
000582.png,2,4,0.0323789255311539,181.596469608886,511.619308657554,372.329295276901,322.090070939675
000582.png,3,5,0.00543672651834895,341.545935131392,368.442787900162,196.852590792086,334.37848953374
000582.png,4,6,0.00235174189856213,83.9012178145332,4.04642463750199,37.1766986410797,0
000582.png,5,7,0.0011177480506474,1.63355691798559,24.2501027020566,47.1638037774339,66.7533112173531
000582.png,6,8,0.00241433578939838,611.864781123654,74.6330170024172,639.419990015119,167.579023100259
000582.png,7,9,0.00359467773088204,636.450526833085,0,635.831945680429,131.989839236507
000582.png,8,10,0.0262447242292009,637.941313813027,434.89024009266,331.958705102854,438.40448594978
000582.png,9,11,0.0313327133557479,640,397.522299146918,366.588783077274,371.753028551416
000582.png,10,12,0.0011177480506474,586.020504704433,397.831976111097,638.459900356195,404.23138940588
000582.png,11,14,0.0302686172115316,640,302.443185604401,396.287052739029,286.094009932604
000582.png,12,15,0.0268080692467272,640,328.031474274342,196.581822018301,269.585806937927
000582.png,13,16,0.00401495099792546,490.605098884742,345.792119451581,363.373887470896,426.174619684167
000582.png,14,17,0.00275413119679519,427.214094509067,341.252242305127,511.248585896704,477.694588890861
000582.png,15,18,0.0151030116603477,640,366.951409611581,399.310205955938,337.347560746873
000582.png,16,19,0.0109986408183704,495.663338289246,423.064793899335,359.82711491356,425.249193476018
000582.png,17,20,0.0137795979683811,431.315191760025,342.42909870377,373.861167693526,433.511916564793
000582.png,18,21,0.00431897846770155,369.326972296172,485.125518303075,384.114650264437,445.299948626634
000582.png,19,22,0.000947850346948995,382.433518013864,484.751469814692,410.857312870254,449.089246230421
000582.png,20,23,0.00389870520065813,330.070627475921,481.573523348949,379.589590324855,442.956682094237
000582.png,21,24,0.00317440446383862,362.163104297714,469.728443500347,432.542095402486,512
000582.png,22,25,0.00963945918878317,529.872673393995,506.768546438482,393.635865352022,484.1979254424
000582.png,23,26,0.00163638314614779,453.042583622922,505.799740609061,393.897754436887,477.774213008164
000582.png,24,27,0.00353208384004578,429.7877247791,445.342036605,423.868196074988,501.232290937446
000582.png,25,28,0.00573181200371987,471.212611591298,354.212232812953,444.28767021217,508.050348404031
000582.png,26,29,0.00570498605050433,524.867972540196,359.914778690855,529.239562141,507.032900412846
000582.png,27,30,0.000715358752414336,482.563343366456,467.697618665318,469.88832424347,360.249100975714
000582.png,28,31,0.00887044852993776,640,329.629140138656,443.331233838847,321.5587852375
000582.png,29,32,0.00299556477573503,451.963453812784,386.662641787043,433.799811803324,440.482779386029
000582.png,30,33,0.000321911438586451,430.965784098662,424.408526829911,429.591528628762,434.49379308088
000582.png,31,34,0.000921024393733457,493.525712603332,494.276823749748,417.934805957323,482.415473507937
000582.png,32,35,0.0475266471135274,165.956727266707,509.993064432107,247.69622588856,0
000582.png,33,36,0.000733242721224694,186.194624724134,400.525885541343,242.170502985183,396.212827927932
000582.png,34,38,0.000938908362543816,516.315991301768,469.599050498095,412.016828292698,455.872136097589
000582.png,35,39,0.000187781672508763,425.236790755274,470.591590777801,407.828365165112,448.13304029815
000582.png,36,40,0.00254846555547607,129.501332510394,454.884712712578,230.832624000159,512
000582.png,37,41,0.00104621217540597,515.906383257423,470.15675592355,515.104179662838,398.032208694168
000582.png,38,42,0.0274608341083053,289.455071850643,279.741314872706,0,499.826849225095
000582.png,39,43,0.00044709922025896,21.3369560390521,15.4738444378413,92.4423946038866,47.4623165048235
000582.png,40,44,0.00195829458473424,202.476465916897,0,179.041300816647,93.7632776104253
000582.png,41,45,0.00102832820659561,301.864395309785,506.748008780026,253.374576230847,512
000582.png,42,46,0.00067064883038844,374.223953558386,342.076098560431,353.462281615299,403.176470017405
000582.png,43,48,0.000277201516560555,172.342379619093,7.41536232884305,175.730027345527,0
000582.png,44,49,0.015120895629158,201.174096431313,191.255670421838,0,329.791100416844
000582.png,45,50,0.000384505329422705,248.524280466162,509.669417900334,239.693190925592,480.70329174781
000582.png,46,51,0.00127870376994063,450.460121024927,383.925359858468,410.05533531049,380.864916608871
000582.png,47,52,0.0398097145718578,330.172261422168,0,240.163777412043,41.453120584492
000582.png,48,53,0.00148436941125975,212.446208222833,487.972755516475,283.003471384962,470.182952154445
000582.png,49,54,0.000634880892767723,376.648808793066,342.671124884361,386.611547680967,362.729336844604
000582.png,50,55,0.00990771872093855,145.361523670077,50.4791803976494,0,170.937467474061
000590.png,1,1,0.0347639981490051,588.835548525755,507.966082514755,568.215642467155,0
000590.png,2,2,0.0387841277186488,498.395341018646,507.915226254857,480.419664232107,0
000590.png,3,3,0.00384659879685331,431.608061466198,226.795823763667,459.900107784107,264.577128618409
000590.png,4,5,0.0152128644146229,433.469857524012,159.758757257127,426.423853011188,0
000590.png,5,7,0.000737505784359093,178.428423231389,353.325527303132,148.906320218312,334.573167379627
000590.png,6,8,0.012494215640907,174.492272269709,383.012357129523,100.303435639647,496.268443523533
000590.png,7,9,0.0275913928736696,18.503184057946,465.159076853291,175.925997600783,451.167386795614
000590.png,8,10,0.0527388940305414,348.142512482357,109.062340447152,135.226071769497,12.3362421716938
000590.png,9,11,0.00339831096714484,137.07914197952,380.140368535416,129.78307640451,436.231932246346
000590.png,10,12,0.00374537251272559,132.821899338943,380.145099377772,112.115753371092,497.432767625544
000590.png,11,13,0.00351399814900509,0,374.070445467656,18.6340196959326,403.256645327751
000590.png,12,14,0.00267526608051828,136.862010197581,366.476566772548,175.854329384027,446.071361891762
000590.png,13,15,0.0039333641832485,137.580791732296,399.393300194939,176.711615685221,405.225244543282
000590.png,14,16,0.00221251735307728,142.363778251245,378.467805985802,171.913727005964,398.242916274493
000590.png,15,17,0.00349953725127256,94.1613470405985,509.678363550826,35.0024586862828,480.001653757615
000590.png,16,18,0.00193776029615919,41.3086913900478,509.322302850777,80.9267588755718,468.908511537322
000590.png,17,19,0.00563975011568718,1.71903374954408,331.973376575799,39.5993801427672,348.14513813239
000590.png,18,20,0.00122917630726515,75.9441148365846,481.9507294708,50.6835076334458,510.602606859392
000590.png,19,21,0.0156177695511337,596.223165123604,0,619.857543889919,508.006627593973
000590.png,20,22,0.000462748727441,550.342962280146,106.115231970049,598.213622032742,114.826028396959
000590.png,21,23,0.00438165201295696,138.691362882775,461.973531910633,140.529229235925,509.979739024091
000590.png,22,24,0.00571205460434984,70.9354744391361,494.52652390418,51.2475393155433,375.13467115865
000590.png,23,25,0.00455518278574734,174.224849409401,461.933153593514,122.354661319554,460.966622590744
000590.png,24,26,0.000983341045812124,171.554189103122,274.116909762661,116.286031302074,308.92822094476
000590.png,25,27,0.000592896807033781,139.850885085006,311.706389918971,176.544006446532,293.071158957192
000590.png,26,29,0.00925497454881999,0.0825067881510745,375.308765907694,128.078090329705,377.559880281384
000590.png,27,30,0.0050468533086534,215.250871238726,390.830257339973,135.264363401924,339.973544477481
000590.png,28,31,0.00287771864877372,41.6017661364539,362.898057240732,3.0276323793911,345.346127758365
000592.png,1,2,0.0970558602932945,385.163623462148,120.894660883472,362.799830389682,0
000592.png,2,3,0.0205604686742043,351.825408184781,4.44089209850063e-16,375.299298782986,123.753545667547
000592.png,3,5,0.302175454307997,369.665211764911,124.085550425564,639.962903129174,101.676261849878
000592.png,4,6,0.0518676070002612,233.94906016776,509.183604473214,20.6692323406545,0
000592.png,5,7,0.0087316690921303,369.735222522783,458.928980123032,354.902327818349,486.485694104438
000592.png,6,8,0.00190305608418225,613.753425348165,75.7497561312682,638.759846124688,90.7317413812436
000592.png,7,9,0.0409716780476883,440.026851114628,508.471462463998,355.00613506975,61.9998428422425
000595.png,1,1,0.0174447081873328,624.011014086797,157.999548508104,618.353511867934,19.9855087628699
000595.png,2,2,0.00806299687276289,293.302915468328,163.977712307928,293.015470039105,43.9975671622926
000595.png,3,3,0.0143928261934366,290.148660930881,102.16837135054,207.956528682078,56.0775208153063
000595.png,4,5,0.00226065332881203,485.222171659006,409.884025250316,487.626316920417,396.309826777343
000595.png,5,8,0.00297652688293584,176.296824599104,36.0001837444725,176.319109808944,0.000197539771647826
000595.png,6,13,0.00550092310010927,386.454115258257,7.84528596331961,382.487840008728,73.8473125926509
000596.png,1,1,0.00797124241743428,537.636415915843,3.12922077673709,370.26808649931,73.0119868581791
000596.png,2,3,0.00555380813300382,408.614590627247,188.477855135095,257.374996569292,171.645548259672
000596.png,3,4,0.0221343518310492,318.065940980494,166.17391978246,355.177550555406,492.683633536922
000596.png,4,5,0.01705684115929,364.053306397092,476.666689252768,329.765299400298,166.698547965345
000596.png,5,7,0.0434509099078859,640,297.393270544809,606.111725083248,0
000596.png,6,9,0.0443405976185127,582.094767170816,509.108313847038,526.01349587102,0
000596.png,7,10,0.00130307796000899,511.55814149793,469.194697456383,491.430475393471,412.404569760916
000596.png,8,11,0.000359469782071445,478.989771495866,466.956099915967,500.530090546806,462.654331555768
000596.png,9,12,0.00259716917546619,422.730697039319,313.63322312502,427.188690173628,371.132526817318
000596.png,10,13,0.00251628847450011,424.344148903343,254.894232737272,638.643557741581,229.41220926732
000596.png,11,14,0.000781846776005392,337.0245698,235.681741275756,394.431215810516,200.707802852772
000599.png,1,1,0.00237437879624517,409.625368038306,397.100462606385,366.101311305514,424.696766361772
000599.png,2,2,0.0157003497147064,125.125023071111,143.114981999861,116.130383138263,212.986941680114
000599.png,3,3,0.0249585864163446,265.988245614223,35.8165290375107,236.376195475002,83.7618617885896
000599.png,4,4,0.014338302963372,92.1894026210778,407.178321640658,85.0483996519158,475.058287614806
000599.png,5,5,0.0338855144487392,350.358037077518,179.961965340881,385.402500851959,509.851010844495
000599.png,6,6,0.00476716362967053,344.309242557894,180.244594644362,424.498852941351,240.64800907644
000599.png,7,7,0.00373642554757961,273.950057570762,504.152962479512,207.99827615127,505.936246327362
000599.png,8,8,0.0371617890668139,569.930630884327,293.278713496504,589.274323275385,380.982352106111
000599.png,9,9,0.00848518314006994,283.997580522018,206.00068488577,305.606767004442,282.338890758721
000599.png,10,10,0.00922142462727775,242.387555503778,317.359793667192,231.075787271649,416.525747053566
000599.png,11,11,0.0130130682863979,616.208499095268,372.021208860805,624.52569332974,290.25691755735
000599.png,12,12,0.042076200993926,254.794445787834,164.943930557264,241.913865902145,301.614901567744
000599.png,13,13,0.00703110620283453,408.70737745692,423.88261805593,255.94970457232,471.839794310483
000599.png,14,14,0.0321369409166207,153.567601209175,19.9664615231564,136.242462686726,67.151639242633
000599.png,15,15,0.0432173752990981,75.9726865909575,135.822719130127,74.1783399107019,277.800041705659
000599.png,16,16,0.00287134180011044,145.332879156409,448.604411409447,164.100528355127,496.648351281661
000599.png,17,17,0.00207988220136205,0,136.934413866423,64.2343978408936,154.468214834079
000599.png,18,18,0.000717835450027609,13.9818268129013,124.685592833465,0,124.314972922858
000599.png,19,19,0.00629486471562673,13.3362915140299,240.22974566711,182.624711142079,290.62031816196
000599.png,20,20,0.0113381189030002,390.839610554337,187.545624632948,382.086873565529,364.004309119002
000599.png,21,21,0.0112829007914596,609.580643836957,287.8406874276,607.54193465388,369.988631948943
000599.png,22,22,0.00393889195656175,118.308793792963,280.030090463781,136.490098078803,235.646517654523
000599.png,23,23,0.0188661881097,93.5988490164913,277.432397489709,111.399586395402,139.406699220243
000599.png,24,24,0.0108779679734953,335.928269286578,449.272095178014,332.909355646759,507.633213971982
000599.png,25,25,0.00115958034235229,337.712781263648,498.075190427787,340.675856984723,509.393796922876
000599.png,26,26,0.0048960058899319,118.769235459314,479.97633542557,120.040001488692,413.885403890256
000599.png,27,27,0.00559543530277931,294.857642755003,500.169217710475,266.816642822441,440.433144853956
000599.png,28,28,0.00686545186821277,183.995232642535,303.336489813085,165.925554405484,324.203658326259
000599.png,29,29,0.00193263390392049,175.047449873823,325.691459304251,182.222795990146,304.081723925416
000599.png,30,30,0.0156267255659856,498.637544085836,322.535872168684,530.446583015598,364.713270696138
000599.png,31,31,0.00653414319896926,133.192366199285,268.151077095555,152.469074970632,218.027106846251
000599.png,32,32,0.0190134364071415,222.764264516438,509.74690593262,229.044494880738,429.455951486065
000599.png,33,33,0.0660592674397202,238.24747142254,161.292805093296,206.483886316231,509.496813528259
000599.png,34,34,0.0094054849990797,221.02709569765,162.201459619039,298.813320580417,267.245858624871
000599.png,35,35,0.00417817043990429,126.952877085849,372.045842069938,114.209334493247,386.188623646372
000599.png,36,36,0.00119639241671268,622.393188811523,372.122604396964,624.963717572803,321.94691067355
000599.png,37,37,0.00373642554757961,196.359729439288,155.538135506137,261.920307774627,225.452058016609
000599.png,38,38,0.0317688201730167,494.610868900168,457.780717102703,512.261458307667,184.981687954858
000599.png,39,39,0.00684704583103258,200.960672664741,502.248562831328,207.960414808525,426.156548614818
000599.png,40,40,0.00410454629118351,280.004635526519,181.695147239971,73.9914459184228,178.562554300529
000599.png,41,41,0.0243143751150377,96.7437737259623,137.113096249047,79.8303930705236,275.490363187958
000599.png,42,42,0.00701270016565434,16.234898918393,205.477571632737,239.38634245349,305.812920953187
000599.png,43,43,0.00351555310141727,36.7328842109559,476.298788231453,72.4180889896719,491.672020200918
000599.png,44,44,0.00377323762194,542.238351712569,333.481566167576,555.428239761429,384.775593765732
000599.png,45,45,0.0173200809865636,65.9263604392976,163.787765667727,64.8290768190687,277.911823115881
000599.png,46,46,0.00305540217191239,561.092994484871,289.311487044071,549.63549705288,318.273376412998
000599.png,47,47,0.00119639241671268,568.999726667977,348.844585229632,559.854323288816,294.70023718397
000599.png,48,48,0.0048960058899319,8.42219774385128,400.519118567425,30.3526081441598,467.174124146465
000599.png,49,49,0.021222160868765,64.6530680278756,398.278595648828,44.0094221869905,510.370070960861
000599.png,50,50,0.0182956009571139,75.8503248772937,291.285147867331,70.4843375047927,487.575849245835
000599.png,51,51,0.0033867108411559,188.388875170226,379.26128602641,164.418903060818,394.652395757037
000599.png,52,52,0.0322473771397018,34.70362753388,509.251281203695,65.7401709905287,289.701438166978
000599.png,53,53,0.0026504693539481,118.272373709937,434.750807129592,101.254729056314,472.771238415301
000599.png,54,54,0.00421498251426468,507.847186287385,348.831062008615,581.917096639986,362.450861586403
000599.png,55,55,0.0220320265046935,336.469647178559,181.156518831024,344.6618874544,319.500433943489
000599.png,56,56,0.00174857353211853,363.694594026311,283.38293317936,355.300935461985,314.742244599195
000599.png,57,57,0.00182219768083932,300.193808770346,268.520162217408,267.018399176962,303.143050966514
000599.png,58,59,0.00981041781704399,319.756890440363,181.558742143935,324.852950901636,319.665895546931
000599.png,59,60,0.00093870789618995,139.579864739883,459.124175526405,166.115884858418,469.041414830325
000599.png,60,61,0.00182219768083932,121.564366096792,428.571882373483,157.84082137054,495.505996376566
000599.png,61,62,0.00360758328731824,291.679770526328,172.05464217229,305.396990247145,252.444163073929
000599.png,62,63,0.000975519970550341,322.065037165694,214.43485927877,278.149971489173,221.002757314556
000599.png,63,64,0.00220872446162341,306.94973290663,278.477095575777,288.764184335181,307.218050125688
000599.png,64,65,0.00255843916804712,5.55111512312578e-17,174.919634156981,0.783063165485614,127.946372369196
000599.png,65,66,0.00196944597828088,331.325866737584,453.22551419657,316.192839910288,505.4766080458
000599.png,66,67,0.00219031842444322,264.460805460852,463.081867209226,281.220945942806,431.267797977519
000599.png,67,68,0.00246640898214614,146.499771871533,148.184555412332,152.223328055247,194.710635970916
000599.png,68,69,0.00136204675133444,538.374532408573,357.246277961452,578.433690790232,377.152095101944
000599.png,69,70,0.000846677710288975,506.845834439703,342.760571289794,522.382638207733,366.337642981545
000599.png,70,71,0.00154610712313639,318.745779831307,436.817132542937,304.844819230892,450.856181621112
000599.png,71,72,0.00220872446162341,141.865184698229,66.8678564410058,227.962339497062,80.242434720812
000599.png,72,73,0.00184060371801951,10.0010768264884,454.043538253589,116.035145676136,451.421010141074
000599.png,73,74,0.00209828823854224,548.360677065653,283.57559024877,509.325513289765,300.438678698955
000599.png,74,75,0.0064053009387079,183.774039480562,155.757909207605,198.035807922017,260.26803959088
000599.png,75,76,0.00117798637953249,183.798773656168,435.583480332353,186.109521779306,423.37162087481
000599.png,76,77,0.00522731455917541,383.093987692038,426.375331483066,376.603698193458,509.891489225597
000599.png,77,78,0.00349714706423707,494.902773075201,475.73659651196,491.988923979041,509.999058040426
000599.png,78,79,0.00139885882569483,232.207110744893,195.310229377275,197.713776838695,184.953250051384
000599.png,79,80,0.00104914411927112,186.417739416727,430.496279258335,128.446785063727,414.391724743964
000599.png,80,81,0.00145407693723541,158.236476666799,181.108170635068,229.470597756469,199.996545676298
000599.png,81,82,0.00207988220136205,174.154059845238,193.500768699044,253.396816482367,217.954617647174
000599.png,82,83,0.00353395913859746,140.992837531407,222.237773123061,261.869200426778,250.965629125008
000599.png,83,84,0.00191422786674029,21.1807600434578,164.111332530106,62.6062000645635,155.384081885669
000599.png,84,85,0.00182219768083932,559.041953368592,327.951756500198,510.047926943971,303.902362033995
000599.png,85,86,0.00465672740658936,241.72333077972,85.8349494673791,272.816419715822,33.7145440651889
000599.png,86,87,0.00482238174121112,111.595899165403,225.779611098472,108.805557172272,281.539894014449
000599.png,87,88,0.00158291919749678,120.255717366603,276.451336717992,101.486768619096,250.369327897638
000599.png,88,89,0.00132523467697405,152.135854315002,226.509163429958,206.277471852137,242.014667907866
000599.png,89,90,0.00147248297441561,304.539651145196,273.301197121818,275.545311702138,305.591725891419
000599.png,90,91,0.00174857353211853,277.451440960449,283.464432700969,290.879681994256,259.375485362468
000599.png,91,92,0.00115958034235229,74.0421645503253,500.104519160139,50.0095670481895,499.569919365977
000599.png,92,93,0.0011227682679919,30.4450227870136,149.193858557999,77.3881385065327,175.108363259236
000599.png,93,94,0.00152770108595619,95.2458567529241,213.315193816032,39.387303828505,246.153789541656
000599.png,94,95,0.00121479845389288,509.479117051381,331.022425310799,551.941345985696,338.340340143373
000599.png,95,97,0.00445426099760722,18.0517008636964,196.398720420196,4.54620853275857,263.708300520038
000599.png,96,98,0.00134364071415424,295.844276999154,259.646690784504,283.243718342964,233.319178521123
000599.png,97,99,0.000331308669243512,300.003553737538,232.029316925597,321.923896699989,229.372177950603
000599.png,98,100,0.00209828823854224,73.5424928115496,489.584466671062,24.0735752220325,494.710095607828
000599.png,99,101,0.000975519970550341,474.136596928397,293.671096290962,449.868166913452,292.247682783481
000599.png,100,102,0.00298177802319161,521.89653429187,285.668547299147,513.640684919474,335.609980154489
000599.png,101,103,0.000165654334621756,0,394,0,398
000599.png,102,104,0.0026504693539481,113.102352419578,402.764971569291,45.5507490403612,444.237688481045
000599.png,103,105,0.00086508374746917,140.192322394473,27.7098640235172,165.155325067478,44.2570861415999
000599.png,104,106,0.00132523467697405,100.253663589401,473.942528985659,102.092436666017,418.068860992023
000599.png,105,107,0.0115958034235229,387.537245330158,414.694540446353,404.76612437658,197.42636987358
000599.png,106,108,0.00161973127185717,616.954740355645,314.395217033971,592.198266245755,299.666742594419
000599.png,107,109,0.0026136572795877,577.743892954329,375.410466572661,554.762782751705,306.406798699251
000599.png,108,110,0.000478556966685073,576.132489861857,347.482118169287,573.926354517563,355.424863092719
000599.png,109,111,0.00202466408982146,236.251542223889,488.470315665442,267.571223771593,471.719390857109
000599.png,110,112,0.00347874102705687,237.047228190005,300.045819250847,241.072445010364,208.046922559399
000599.png,111,113,0.000294496594883122,638,306,626,306
000599.png,112,114,0.00115958034235229,217.95775546514,447.537025846753,267.906871542589,442.979369311177
000599.png,113,115,0.000754647524387999,194.643542645281,253.540007364981,181.065547876676,281.613399756541
000599.png,114,116,0.000975519970550341,64.0837253406232,133.998992572638,64.2785340634439,150.189168952097
000599.png,115,117,0.00136204675133444,304.64651464156,436.273703357394,283.788491469813,455.773762230547
000599.png,116,118,0.000883489784649365,136.00679817772,50.0332217103317,160.961838969434,44.9266573399903
000599.png,117,119,0.000846677710288975,130.074158629542,62.314075055548,162.173512079023,54.7348546783336
000599.png,118,120,0.00517209644763482,67.115126887509,307.082800186429,63.0450187801371,390.885123327545
000599.png,119,121,0.000312902632063317,52,510,72,510
000599.png,120,122,0.00364439536167863,236.562815222818,429.237787396041,229.988689041717,493.383920513474
000599.png,121,123,0.00138045278851463,160.59520178828,15.348066573259,138.597076346687,78.7368568954888
000599.png,122,124,0.002263942573164,31.7510818029732,121.797437291932,18.4853165198807,183.525415664272
000599.png,123,125,0.0018958218295601,633.114041798058,322.133733232716,635.52280674084,374.114791358512
000599.png,124,126,0.000349714706423707,624.980440972989,341.527587060409,633.463128466561,358.295191512146
000599.png,125,127,0.00145407693723541,607.361606054805,483.164803426269,605.598713580848,509.841313208109
000599.png,126,128,0.000736241487207804,123.292707529184,190.268376755262,129.538365799555,206.728472435342
000599.png,127,129,0.00141726486287502,269.929151409661,173.78100887983,265.888757753249,211.988236192477
000599.png,128,130,0.00305540217191239,232.076193676717,311.594512982842,222.951547642262,399.891652700428
000599.png,129,131,0.00230075464752439,147.699298287159,238.928681176734,159.229698885637,292.32570789153
000599.png,130,132,0.00136204675133444,96.0337126076417,420.00274729422,91.4870949852509,475.795219358441
000599.png,131,133,0.00425179458862507,84.7026508354489,135.693929981764,81.3355718806718,215.972132137025
000599.png,132,134,0.00086508374746917,169.456804327784,221.427052110361,186.035725215275,205.709046618148
000599.png,133,135,0.00108595619363151,226.044977288063,175.035515522002,271.945158923431,177.176001697423
000599.png,134,136,0.00211669427572244,48.4679047679528,193.894228880405,35.2962932474624,241.007531655175
000599.png,135,137,0.000478556966685073,598.495678291378,299.180505837149,613.752702384508,308.408851781301
000599.png,136,138,0.0014908890115958,214.747899719971,503.196418595572,218.280288823972,453.734352640262
000599.png,137,139,0.00763850542978097,586.192259696613,284.172139502327,597.557852402201,366.885214648548
000600.png,1,1,0.0130588563264453,527.770510957615,0,516.826213177611,81.4227899500459
000600.png,2,2,0.0404397672230547,543.454222108432,0,511.990148423121,503.499458130185
000600.png,3,3,0.0368418301564623,638.966394891883,137.37343759484,41.7236304834648,70.4670234717721
000600.png,4,4,0.0144962888106771,630.716596163296,143.736469536073,205.758468695882,96.15725923295
000600.png,5,5,0.0168658744816531,514.830754783789,160.107145729352,476.861760566777,454.49987395301
000600.png,6,6,0.00179461267728334,514.429565868794,252.817765656129,483.211292201463,268.393241717321
000600.png,7,7,0.0678119664076384,403.556457558149,153.338798011536,395.943319015047,503.868455206276
000600.png,8,8,0.0528888037077046,283.947801203491,156.504544416442,276.127907980532,501.143953086676
000600.png,9,9,0.0358225598494616,629.293905342311,115.591041458416,218.339915930106,72.7400994907618
000600.png,10,11,0.00324075687354079,509.204922695986,0,431.141719154713,35.7605365958106
000600.png,11,12,0.00205596403805276,495.281626399692,0,435.218796396414,28.3446131738555
000600.png,12,14,0.00140258563612921,468.777074337123,301.494886020976,413.572704286158,196.224075321082
000600.png,13,15,0.00133289193992403,409.706857862722,217.281344342804,455.469070052594,299.179124324448
000600.png,14,16,0.00285744154441231,431.393310909145,397.988802797669,432.329689889592,180.001416204339
000600.png,15,17,0.00312750461720737,427.917245142281,502.000531799527,425.822224249831,175.9882900168
000600.png,16,18,0.0319632714220999,364.328978389735,120.021724497753,338.86282430204,505.660760203748
000600.png,17,19,0.0175976582918075,330.533612670164,501.648101187292,353.16613481058,150.075069955812
000600.png,18,20,0.0230947485799909,290.308274887656,496.92676161468,303.092497353768,143.244276501409
000600.png,19,22,0.00378088301913092,276.291132041589,139.625470492957,295.282343961705,190.48319206614
000600.png,20,23,0.0330696588493571,245.106533897315,132.210587917378,213.172914129378,505.072718802076
000600.png,21,24,0.0049743875666446,228.379984707333,105.681446520456,216.83815978338,236.841786661317
000600.png,22,26,0.00028748649684636,244.513578732613,11.1225019857607,232.826758730871,3.82327640650369
000600.png,23,27,0.0419207582674147,596.917829892251,146.047037173647,578.679332868166,501.932318123724
000600.png,24,28,0.00205596403805276,601.171864459306,262.181828895057,600.127481582265,154.037398060125
000600.png,25,29,0.000757918946231313,293.870897019473,311.301210311644,291.084570062449,317.912039680884
000600.png,26,30,0.000435585601282364,359.801740070772,437.157892540909,311.645767464057,448.495400144989
000600.png,27,31,0.00155939645259086,320.049621005191,497.300594152361,331.315638488504,369.236024694154
000600.png,28,32,0.00581071192110674,568.25797572215,316.022356440118,551.982790251174,503.825186538569
000600.png,29,33,0.00115865769941109,514.597071711705,402.202965729566,398.156506125672,430.382506464528
000600.png,30,34,0.00115865769941109,517.244547780423,420.590405899341,395.011327921708,453.73019479927
000600.png,31,35,0.00256995504756595,637.79963091697,444.502322384494,545.986363946711,449.761966678537
000600.png,32,36,0.00387671185141304,440.399135366427,502.097016669237,444.373678726382,158.004316285405
000600.png,33,37,0.0019340000696937,536.130155926321,246.833819710343,637.227775133172,231.052885158765
000600.png,34,38,0.000252639648743771,640,242.126188244102,624.048364608069,239.684085889253
000600.png,35,39,0.00242185594312994,531.816546758696,341.363120770929,638.045904786637,337.160268143316
000600.png,36,40,0.0073701083736976,544.742577728013,455.268583356347,564.728668010508,147.657511297153
000600.png,37,41,0.000235216224692477,424.874687453139,488.691780458817,403.71023627391,483.095936631465
000600.png,38,42,0.000226504512666829,431.700272675664,482.830445762269,405.503570601449,473.375442466603
000600.png,39,43,0.00398996410774645,418.749791508383,171.84332826643,404.312963901588,471.340235656111
000600.png,40,44,0.00220406314248876,555.360748299912,149.499485907151,548.886794516224,209.506389861252
000600.png,41,45,0.00128062166777015,558.255398208442,360.691790386235,437.771572285216,337.170060410188
000600.png,42,46,0.0119176220510855,325.935114084289,144.609461341373,310.766696173334,450.74975852169
000600.png,43,47,0.0152019374847545,216.869385319572,104.070019843154,184.494942485723,506.039862411338
000600.png,44,48,0.00520089207931143,274.166270289832,155.710541391663,249.555729105784,481.664443618782
000600.png,45,49,0.0169094330417814,456.851097698679,154.478892149206,447.688601804622,285.558832879166
000600.png,46,50,0.000967000034846848,490.291864453098,439.433998989549,532.946292904385,490.242643905942
000600.png,47,51,0.0133899013834199,210.480535719635,133.145826159749,177.150920628958,501.214371079392
000600.png,48,52,0.00405965780395163,523.831140338858,159.547978297738,486.616677902236,502.765727548953
000600.png,49,53,0.000348468481025891,500.378139973976,445.757679868161,502.1099151254,419.873544087096
000600.png,50,54,0.000757918946231313,506.721456267818,160.089743592174,495.268895472405,252.157840804586
000600.png,51,55,0.000688225250026135,31.9569451786277,195.01293216614,85.8595600388313,197.304070242196
000600.png,52,56,0.00107154057915462,20.7557219764316,284.90251855817,80.8601446980009,216.758667135049
000600.png,53,57,0.00116736941143674,28.594343462598,208.603997919445,77.4352128287359,159.425355370706
000600.png,54,58,0.000696936962051782,27.1180411715028,218.139406083891,69.1533239101297,198.213839092227
000600.png,55,59,0.000723072098128724,33.8301284994451,161.070650504517,82.4007834296715,152.192644893031
000600.png,56,60,0.0004791441614106,476.256989571299,416.426683223749,445.403496248429,435.009616840044
000600.png,57,61,0.00189044150956546,64.2292491168821,0,76.060449739928,149.995231895097
000600.png,58,62,0.000453009025333659,92.8046875902411,11.4603278574682,44.1493271861597,38.2709954179374
000600.png,59,63,0.00122835139561627,22.4015591150578,278.268108585381,72.9153616218868,202.611158607422
000600.png,60,64,0.000888594626616023,38.8776439749654,86.6413637709541,77.8938095619478,154.917793627844
000600.png,61,65,0.000723072098128724,37.1433765756641,122.948124173419,68.6898284538642,151.450118312116
000600.png,62,66,0.000348468481025891,391.113190569014,0.247302785606784,393.664461667165,30.0287443859291
000600.png,63,67,0.0094522075478273,51.1260358868613,0,18.3976979787615,327.440037831572
000600.png,64,68,0.0594835697111196,22.4076332941203,0,0,95.6511657178127
000600.png,65,69,0.0231644422761961,134.813341899474,0,128.999195715276,24.500757810178
