Dataset,Packet,Experiment,Category,Parameter,Value,Repeat,EventCount,LineCount,ClusterCount,Coverage,Precision,F1,IoU,Fragmentation,MergeError,ExtraEventRatio,RuntimeSeconds
shapes_6dof_events,1,Full LLGD,Full,-,NaN,1,585,25,8,0.237864077669903,0.56,0.333901192504259,0.20040899795501,1,0.0102040816326531,0.44,0.0546343
shapes_6dof_events,1,w/o weighted support,Ablation,UseWeights,0,1,585,25,31,0.902912621359223,0.722330097087379,0.802588996763754,0.67027027027027,1.23076923076923,0.0403225806451613,0.277669902912621,0.1395177
shapes_6dof_events,1,w/o local verification,Ablation,UseVerification,0,1,585,25,9,0.383495145631068,0.672340425531915,0.488408037094281,0.323108384458078,1,0.0189873417721519,0.327659574468085,0.0301855
shapes_6dof_events,1,w/o global expansion,Ablation,UseGlobalExpansion,0,1,585,25,9,0.174757281553398,0.549618320610687,0.265193370165746,0.152866242038217,1.33333333333333,0,0.450381679389313,0.0618598
shapes_6dof_events,1,unit estimation weights,Ablation,UseWeights,0,1,585,25,8,0.237864077669903,0.56,0.333901192504259,0.20040899795501,1,0.0102040816326531,0.44,0.0400951
shapes_6dof_events,1,unit support tests,Ablation,UseMultiplicitySupport,0,1,585,25,32,0.910194174757282,0.721153846153846,0.804721030042919,0.673249551166966,1.21428571428571,0.0373333333333333,0.278846153846154,0.0702492
shapes_6dof_events,1,MAD = 3,Sensitivity,MAD,3,1,585,25,8,0.230582524271845,0.552325581395349,0.325342465753425,0.194274028629857,1,0,0.447674418604651,0.0430269
shapes_6dof_events,1,MAD = 3.5,Sensitivity,MAD,3.5,1,585,25,8,0.237864077669903,0.56,0.333901192504259,0.20040899795501,1,0.0102040816326531,0.44,0.0440414
shapes_6dof_events,1,MAD = 4,Sensitivity,MAD,4,1,585,25,8,0.240291262135922,0.5625,0.336734693877551,0.202453987730061,1,0.0101010101010101,0.4375,0.042676
shapes_6dof_events,1,p_in = 0.7,Sensitivity,p_in,0.7,1,585,25,8,0.237864077669903,0.56,0.333901192504259,0.20040899795501,1,0.0102040816326531,0.44,0.0387058
shapes_6dof_events,1,p_in = 0.8,Sensitivity,p_in,0.8,1,585,25,8,0.237864077669903,0.56,0.333901192504259,0.20040899795501,1,0.0102040816326531,0.44,0.0349295
shapes_6dof_events,1,p_in = 0.9,Sensitivity,p_in,0.9,1,585,25,6,0.216019417475728,0.659259259259259,0.325411334552102,0.194323144104804,1,0.0112359550561798,0.340740740740741,0.047339
shapes_6dof_events,1,p_w = 0.7,Sensitivity,p_w,0.7,1,585,25,8,0.237864077669903,0.56,0.333901192504259,0.20040899795501,1,0.0102040816326531,0.44,0.0340205
shapes_6dof_events,1,p_w = 0.8,Sensitivity,p_w,0.8,1,585,25,8,0.237864077669903,0.56,0.333901192504259,0.20040899795501,1,0.0102040816326531,0.44,0.0335774
shapes_6dof_events,1,p_w = 0.9,Sensitivity,p_w,0.9,1,585,25,8,0.237864077669903,0.56,0.333901192504259,0.20040899795501,1,0.0102040816326531,0.44,0.0451832
shapes_6dof_events,1,overlap = 0.7,Sensitivity,overlap,0.7,1,585,25,8,0.237864077669903,0.56,0.333901192504259,0.20040899795501,1,0.0102040816326531,0.44,0.0348395
shapes_6dof_events,1,overlap = 0.8,Sensitivity,overlap,0.8,1,585,25,8,0.237864077669903,0.56,0.333901192504259,0.20040899795501,1,0.0102040816326531,0.44,0.0300744
shapes_6dof_events,1,overlap = 0.9,Sensitivity,overlap,0.9,1,585,25,8,0.237864077669903,0.56,0.333901192504259,0.20040899795501,1,0.0102040816326531,0.44,0.0349807
shapes_6dof_events,1,eps_s = 0.015,Sensitivity,eps_s,0.015,1,585,25,8,0.237864077669903,0.56,0.333901192504259,0.20040899795501,1,0.0102040816326531,0.44,0.0613769
shapes_6dof_events,1,eps_s = 0.02,Sensitivity,eps_s,0.02,1,585,25,8,0.237864077669903,0.56,0.333901192504259,0.20040899795501,1,0.0102040816326531,0.44,0.0433539
shapes_6dof_events,1,eps_s = 0.025,Sensitivity,eps_s,0.025,1,585,25,7,0.228155339805825,0.580246913580247,0.327526132404181,0.195833333333333,1,0.0106382978723404,0.419753086419753,0.0433142
shapes_6dof_events,1,eps_t = 0.005,Sensitivity,eps_t,0.005,1,585,25,3,0.182038834951456,0.986842105263158,0.307377049180328,0.181598062953995,1,0,0.0131578947368421,0.0329849
shapes_6dof_events,1,eps_t = 0.01,Sensitivity,eps_t,0.01,1,585,25,7,0.230582524271845,0.633333333333333,0.338078291814947,0.203426124197002,1,0,0.366666666666667,0.0295267
shapes_6dof_events,1,eps_t = 0.015,Sensitivity,eps_t,0.015,1,585,25,8,0.237864077669903,0.56,0.333901192504259,0.20040899795501,1,0.0102040816326531,0.44,0.0424637
shapes_6dof_events,1,eps_t = 0.02,Sensitivity,eps_t,0.02,1,585,25,8,0.237864077669903,0.56,0.333901192504259,0.20040899795501,1,0.0102040816326531,0.44,0.0325031
shapes_6dof_events,1,eps_t = 0.025,Sensitivity,eps_t,0.025,1,585,25,8,0.237864077669903,0.56,0.333901192504259,0.20040899795501,1,0.0102040816326531,0.44,0.0336529
shapes_6dof_events,1,Event retention = 25%,Sparsity,retention,0.25,1,146,21,0,0,0,0,0,NaN,NaN,0,0.0072902
shapes_6dof_events,1,Event retention = 25%,Sparsity,retention,0.25,2,146,20,0,0,0,0,0,NaN,NaN,0,0.0043431
shapes_6dof_events,1,Event retention = 25%,Sparsity,retention,0.25,3,146,20,1,0.0943396226415094,1,0.172413793103448,0.0943396226415094,1,0,0,0.0051647
shapes_6dof_events,1,Event retention = 25%,Sparsity,retention,0.25,4,146,22,0,0,0,0,0,NaN,NaN,0,0.0049981
shapes_6dof_events,1,Event retention = 25%,Sparsity,retention,0.25,5,146,21,2,0.221153846153846,0.958333333333333,0.359375,0.219047619047619,1,0,0.0416666666666667,0.0061114
shapes_6dof_events,1,Event retention = 50%,Sparsity,retention,0.5,1,293,25,3,0.183574879227053,0.974358974358974,0.308943089430894,0.182692307692308,1,0.0263157894736842,0.0256410256410256,0.0131556
shapes_6dof_events,1,Event retention = 50%,Sparsity,retention,0.5,2,293,23,1,0.0845771144278607,1,0.155963302752294,0.0845771144278607,1,0.0588235294117647,0,0.0163643
shapes_6dof_events,1,Event retention = 50%,Sparsity,retention,0.5,3,293,24,3,0.142156862745098,0.783783783783784,0.240663900414938,0.136792452830189,1,0.0689655172413793,0.216216216216216,0.0134108
shapes_6dof_events,1,Event retention = 50%,Sparsity,retention,0.5,4,293,23,4,0.148514851485149,0.625,0.24,0.136363636363636,1,0,0.375,0.0100203
shapes_6dof_events,1,Event retention = 50%,Sparsity,retention,0.5,5,293,24,4,0.146341463414634,0.652173913043478,0.239043824701195,0.135746606334842,1,0,0.347826086956522,0.0236022
shapes_6dof_events,1,Event retention = 75%,Sparsity,retention,0.75,1,439,25,5,0.209003215434084,0.714285714285714,0.323383084577114,0.192878338278932,1,0.0307692307692308,0.285714285714286,0.0294932
shapes_6dof_events,1,Event retention = 75%,Sparsity,retention,0.75,2,439,25,5,0.194805194805195,0.75,0.309278350515464,0.182926829268293,1,0.0166666666666667,0.25,0.028866
shapes_6dof_events,1,Event retention = 75%,Sparsity,retention,0.75,3,439,25,5,0.133116883116883,0.506172839506173,0.210796915167095,0.117816091954023,1,0,0.493827160493827,0.0506997
shapes_6dof_events,1,Event retention = 75%,Sparsity,retention,0.75,4,439,25,4,0.226114649681529,0.855421686746988,0.357682619647355,0.217791411042945,1,0.0140845070422535,0.144578313253012,0.0365235
shapes_6dof_events,1,Event retention = 75%,Sparsity,retention,0.75,5,439,25,6,0.22258064516129,0.683168316831683,0.335766423357664,0.201754385964912,1,0.0289855072463768,0.316831683168317,0.0253874
shapes_6dof_events,1,Added events = 5%,AddedEvents,added-event ratio,0.05,1,614,25,8,0.237864077669903,0.56,0.333901192504259,0.20040899795501,1,0.0102040816326531,0.44,0.0353224
shapes_6dof_events,1,Added events = 5%,AddedEvents,added-event ratio,0.05,2,614,25,8,0.237864077669903,0.56,0.333901192504259,0.20040899795501,1,0.0102040816326531,0.44,0.0436284
shapes_6dof_events,1,Added events = 5%,AddedEvents,added-event ratio,0.05,3,614,25,8,0.237864077669903,0.56,0.333901192504259,0.20040899795501,1,0.0102040816326531,0.44,0.0316069
shapes_6dof_events,1,Added events = 5%,AddedEvents,added-event ratio,0.05,4,614,25,8,0.237864077669903,0.56,0.333901192504259,0.20040899795501,1,0.0102040816326531,0.44,0.0338899
shapes_6dof_events,1,Added events = 5%,AddedEvents,added-event ratio,0.05,5,614,25,8,0.237864077669903,0.556818181818182,0.333333333333333,0.2,1,0.0102040816326531,0.443181818181818,0.0340746
shapes_6dof_events,1,Added events = 10%,AddedEvents,added-event ratio,0.1,1,644,25,8,0.237864077669903,0.56,0.333901192504259,0.20040899795501,1,0.0102040816326531,0.44,0.043196
shapes_6dof_events,1,Added events = 10%,AddedEvents,added-event ratio,0.1,2,644,25,8,0.237864077669903,0.56,0.333901192504259,0.20040899795501,1,0.0102040816326531,0.44,0.0608328
shapes_6dof_events,1,Added events = 10%,AddedEvents,added-event ratio,0.1,3,644,25,8,0.237864077669903,0.556818181818182,0.333333333333333,0.2,1,0.0102040816326531,0.443181818181818,0.0451224
shapes_6dof_events,1,Added events = 10%,AddedEvents,added-event ratio,0.1,4,644,25,8,0.237864077669903,0.553672316384181,0.33276740237691,0.19959266802444,1,0.0102040816326531,0.446327683615819,0.0444689
shapes_6dof_events,1,Added events = 10%,AddedEvents,added-event ratio,0.1,5,644,25,8,0.237864077669903,0.56,0.333901192504259,0.20040899795501,1,0.0102040816326531,0.44,0.047991
shapes_6dof_events,1,Added events = 20%,AddedEvents,added-event ratio,0.2,1,702,25,8,0.242718446601942,0.555555555555556,0.337837837837838,0.203252032520325,1,0.02,0.444444444444444,0.0438734
shapes_6dof_events,1,Added events = 20%,AddedEvents,added-event ratio,0.2,2,702,25,8,0.240291262135922,0.559322033898305,0.33616298811545,0.202040816326531,1,0.0101010101010101,0.440677966101695,0.0457655
shapes_6dof_events,1,Added events = 20%,AddedEvents,added-event ratio,0.2,3,702,25,8,0.237864077669903,0.556818181818182,0.333333333333333,0.2,1,0.0102040816326531,0.443181818181818,0.0492608
shapes_6dof_events,1,Added events = 20%,AddedEvents,added-event ratio,0.2,4,702,25,8,0.237864077669903,0.556818181818182,0.333333333333333,0.2,1,0.0102040816326531,0.443181818181818,0.0449572
shapes_6dof_events,1,Added events = 20%,AddedEvents,added-event ratio,0.2,5,702,25,8,0.237864077669903,0.56,0.333901192504259,0.20040899795501,1,0.0102040816326531,0.44,0.0477498
shapes_6dof_events,1,Added events = 30%,AddedEvents,added-event ratio,0.3,1,761,25,8,0.237864077669903,0.56,0.333901192504259,0.20040899795501,1,0.0102040816326531,0.44,0.0400733
shapes_6dof_events,1,Added events = 30%,AddedEvents,added-event ratio,0.3,2,761,25,8,0.240291262135922,0.559322033898305,0.33616298811545,0.202040816326531,1,0.0101010101010101,0.440677966101695,0.0370673
shapes_6dof_events,1,Added events = 30%,AddedEvents,added-event ratio,0.3,3,761,25,8,0.237864077669903,0.547486033519553,0.331641285956007,0.198782961460446,1,0.0102040816326531,0.452513966480447,0.0377052
shapes_6dof_events,1,Added events = 30%,AddedEvents,added-event ratio,0.3,4,761,25,7,0.223300970873786,0.571428571428571,0.321116928446771,0.191268191268191,1,0.0108695652173914,0.428571428571429,0.0513763
shapes_6dof_events,1,Added events = 30%,AddedEvents,added-event ratio,0.3,5,761,25,8,0.237864077669903,0.56,0.333901192504259,0.20040899795501,1,0.0102040816326531,0.44,0.0418386
shapes_6dof_events,1,Full LLGD runtime,Runtime,-,NaN,1,585,25,8,0.237864077669903,0.56,0.333901192504259,0.20040899795501,1,0.0102040816326531,0.44,0.0355742
shapes_6dof_events,1,Full LLGD runtime,Runtime,-,NaN,2,585,25,8,0.237864077669903,0.56,0.333901192504259,0.20040899795501,1,0.0102040816326531,0.44,0.0341314
shapes_6dof_events,1,Full LLGD runtime,Runtime,-,NaN,3,585,25,8,0.237864077669903,0.56,0.333901192504259,0.20040899795501,1,0.0102040816326531,0.44,0.0338022
shapes_6dof_events,2,Full LLGD,Full,-,NaN,1,123,21,0,0,0,0,0,NaN,NaN,0,0.0022882
shapes_6dof_events,2,w/o weighted support,Ablation,UseWeights,0,1,123,21,5,0.181818181818182,0.551724137931034,0.273504273504273,0.158415841584158,1,0,0.448275862068966,0.0102707
shapes_6dof_events,2,w/o local verification,Ablation,UseVerification,0,1,123,21,0,0,0,0,0,NaN,NaN,0,0.0023186
shapes_6dof_events,2,w/o global expansion,Ablation,UseGlobalExpansion,0,1,123,21,0,0,0,0,0,NaN,NaN,0,0.0021875
shapes_6dof_events,2,unit estimation weights,Ablation,UseWeights,0,1,123,21,0,0,0,0,0,NaN,NaN,0,0.0024366
shapes_6dof_events,2,unit support tests,Ablation,UseMultiplicitySupport,0,1,123,21,5,0.181818181818182,0.551724137931034,0.273504273504273,0.158415841584158,1,0,0.448275862068966,0.0089607
shapes_6dof_events,2,MAD = 3,Sensitivity,MAD,3,1,123,21,0,0,0,0,0,NaN,NaN,0,0.0023104
shapes_6dof_events,2,MAD = 3.5,Sensitivity,MAD,3.5,1,123,21,0,0,0,0,0,NaN,NaN,0,0.0028361
shapes_6dof_events,2,MAD = 4,Sensitivity,MAD,4,1,123,21,0,0,0,0,0,NaN,NaN,0,0.0022544
shapes_6dof_events,2,p_in = 0.7,Sensitivity,p_in,0.7,1,123,21,0,0,0,0,0,NaN,NaN,0,0.003414
shapes_6dof_events,2,p_in = 0.8,Sensitivity,p_in,0.8,1,123,21,0,0,0,0,0,NaN,NaN,0,0.0024732
shapes_6dof_events,2,p_in = 0.9,Sensitivity,p_in,0.9,1,123,21,0,0,0,0,0,NaN,NaN,0,0.0022886
shapes_6dof_events,2,p_w = 0.7,Sensitivity,p_w,0.7,1,123,21,0,0,0,0,0,NaN,NaN,0,0.002394
shapes_6dof_events,2,p_w = 0.8,Sensitivity,p_w,0.8,1,123,21,0,0,0,0,0,NaN,NaN,0,0.002235
shapes_6dof_events,2,p_w = 0.9,Sensitivity,p_w,0.9,1,123,21,0,0,0,0,0,NaN,NaN,0,0.0024906
shapes_6dof_events,2,overlap = 0.7,Sensitivity,overlap,0.7,1,123,21,0,0,0,0,0,NaN,NaN,0,0.0046524
shapes_6dof_events,2,overlap = 0.8,Sensitivity,overlap,0.8,1,123,21,0,0,0,0,0,NaN,NaN,0,0.0042242
shapes_6dof_events,2,overlap = 0.9,Sensitivity,overlap,0.9,1,123,21,0,0,0,0,0,NaN,NaN,0,0.0023155
shapes_6dof_events,2,eps_s = 0.015,Sensitivity,eps_s,0.015,1,123,21,0,0,0,0,0,NaN,NaN,0,0.0020151
shapes_6dof_events,2,eps_s = 0.02,Sensitivity,eps_s,0.02,1,123,21,0,0,0,0,0,NaN,NaN,0,0.0037654
shapes_6dof_events,2,eps_s = 0.025,Sensitivity,eps_s,0.025,1,123,21,0,0,0,0,0,NaN,NaN,0,0.0030353
shapes_6dof_events,2,eps_t = 0.005,Sensitivity,eps_t,0.005,1,123,21,0,0,0,0,0,NaN,NaN,0,0.0026076
shapes_6dof_events,2,eps_t = 0.01,Sensitivity,eps_t,0.01,1,123,21,0,0,0,0,0,NaN,NaN,0,0.0035986
shapes_6dof_events,2,eps_t = 0.015,Sensitivity,eps_t,0.015,1,123,21,0,0,0,0,0,NaN,NaN,0,0.0033036
shapes_6dof_events,2,eps_t = 0.02,Sensitivity,eps_t,0.02,1,123,21,0,0,0,0,0,NaN,NaN,0,0.0025209
shapes_6dof_events,2,eps_t = 0.025,Sensitivity,eps_t,0.025,1,123,21,0,0,0,0,0,NaN,NaN,0,0.0027815
shapes_6dof_events,2,Event retention = 25%,Sparsity,retention,0.25,1,31,10,0,0,0,0,0,NaN,NaN,0,0.003631
shapes_6dof_events,2,Event retention = 25%,Sparsity,retention,0.25,2,31,10,0,0,0,0,0,NaN,NaN,0,0.000463
shapes_6dof_events,2,Event retention = 25%,Sparsity,retention,0.25,3,31,12,0,0,0,0,0,NaN,NaN,0,0.0004133
shapes_6dof_events,2,Event retention = 25%,Sparsity,retention,0.25,4,31,11,0,0,0,0,0,NaN,NaN,0,0.000515
shapes_6dof_events,2,Event retention = 25%,Sparsity,retention,0.25,5,31,14,0,0,0,0,0,NaN,NaN,0,0.0004112
shapes_6dof_events,2,Event retention = 50%,Sparsity,retention,0.5,1,62,17,0,0,0,0,0,NaN,NaN,0,0.0011981
shapes_6dof_events,2,Event retention = 50%,Sparsity,retention,0.5,2,62,17,0,0,0,0,0,NaN,NaN,0,0.000887
shapes_6dof_events,2,Event retention = 50%,Sparsity,retention,0.5,3,62,17,0,0,0,0,0,NaN,NaN,0,0.0010303
shapes_6dof_events,2,Event retention = 50%,Sparsity,retention,0.5,4,62,18,0,0,0,0,0,NaN,NaN,0,0.0006336
shapes_6dof_events,2,Event retention = 50%,Sparsity,retention,0.5,5,62,15,0,0,0,0,0,NaN,NaN,0,0.0006604
shapes_6dof_events,2,Event retention = 75%,Sparsity,retention,0.75,1,92,20,0,0,0,0,0,NaN,NaN,0,0.001765
shapes_6dof_events,2,Event retention = 75%,Sparsity,retention,0.75,2,92,19,0,0,0,0,0,NaN,NaN,0,0.0015094
shapes_6dof_events,2,Event retention = 75%,Sparsity,retention,0.75,3,92,20,0,0,0,0,0,NaN,NaN,0,0.0012805
shapes_6dof_events,2,Event retention = 75%,Sparsity,retention,0.75,4,92,18,0,0,0,0,0,NaN,NaN,0,0.0016281
shapes_6dof_events,2,Event retention = 75%,Sparsity,retention,0.75,5,92,20,0,0,0,0,0,NaN,NaN,0,0.0014743
shapes_6dof_events,2,Added events = 5%,AddedEvents,added-event ratio,0.05,1,129,21,0,0,0,0,0,NaN,NaN,0,0.0024809
shapes_6dof_events,2,Added events = 5%,AddedEvents,added-event ratio,0.05,2,129,21,0,0,0,0,0,NaN,NaN,0,0.0023378
shapes_6dof_events,2,Added events = 5%,AddedEvents,added-event ratio,0.05,3,129,21,0,0,0,0,0,NaN,NaN,0,0.0026555
shapes_6dof_events,2,Added events = 5%,AddedEvents,added-event ratio,0.05,4,129,21,0,0,0,0,0,NaN,NaN,0,0.0022224
shapes_6dof_events,2,Added events = 5%,AddedEvents,added-event ratio,0.05,5,129,21,0,0,0,0,0,NaN,NaN,0,0.0022121
shapes_6dof_events,2,Added events = 10%,AddedEvents,added-event ratio,0.1,1,135,21,0,0,0,0,0,NaN,NaN,0,0.0022949
shapes_6dof_events,2,Added events = 10%,AddedEvents,added-event ratio,0.1,2,135,21,0,0,0,0,0,NaN,NaN,0,0.0040758
shapes_6dof_events,2,Added events = 10%,AddedEvents,added-event ratio,0.1,3,135,21,0,0,0,0,0,NaN,NaN,0,0.0036986
shapes_6dof_events,2,Added events = 10%,AddedEvents,added-event ratio,0.1,4,135,21,0,0,0,0,0,NaN,NaN,0,0.0025392
shapes_6dof_events,2,Added events = 10%,AddedEvents,added-event ratio,0.1,5,135,21,0,0,0,0,0,NaN,NaN,0,0.0023189
shapes_6dof_events,2,Added events = 20%,AddedEvents,added-event ratio,0.2,1,148,21,0,0,0,0,0,NaN,NaN,0,0.0030827
shapes_6dof_events,2,Added events = 20%,AddedEvents,added-event ratio,0.2,2,148,21,0,0,0,0,0,NaN,NaN,0,0.003178
shapes_6dof_events,2,Added events = 20%,AddedEvents,added-event ratio,0.2,3,148,21,0,0,0,0,0,NaN,NaN,0,0.0024323
shapes_6dof_events,2,Added events = 20%,AddedEvents,added-event ratio,0.2,4,148,21,0,0,0,0,0,NaN,NaN,0,0.0024361
shapes_6dof_events,2,Added events = 20%,AddedEvents,added-event ratio,0.2,5,148,21,0,0,0,0,0,NaN,NaN,0,0.0025362
shapes_6dof_events,2,Added events = 30%,AddedEvents,added-event ratio,0.3,1,160,21,0,0,0,0,0,NaN,NaN,0,0.0023445
shapes_6dof_events,2,Added events = 30%,AddedEvents,added-event ratio,0.3,2,160,21,0,0,0,0,0,NaN,NaN,0,0.006247
shapes_6dof_events,2,Added events = 30%,AddedEvents,added-event ratio,0.3,3,160,21,0,0,0,0,0,NaN,NaN,0,0.0030791
shapes_6dof_events,2,Added events = 30%,AddedEvents,added-event ratio,0.3,4,160,21,0,0,0,0,0,NaN,NaN,0,0.0025781
shapes_6dof_events,2,Added events = 30%,AddedEvents,added-event ratio,0.3,5,160,21,0,0,0,0,0,NaN,NaN,0,0.003272
shapes_6dof_events,2,Full LLGD runtime,Runtime,-,NaN,1,123,21,0,0,0,0,0,NaN,NaN,0,0.0027164
shapes_6dof_events,2,Full LLGD runtime,Runtime,-,NaN,2,123,21,0,0,0,0,0,NaN,NaN,0,0.0023283
shapes_6dof_events,2,Full LLGD runtime,Runtime,-,NaN,3,123,21,0,0,0,0,0,NaN,NaN,0,0.0026966
shapes_6dof_events,3,Full LLGD,Full,-,NaN,1,805,25,10,0.352014010507881,0.654723127035831,0.457858769931663,0.296898079763663,1,0.0348258706467661,0.345276872964169,0.0677883
shapes_6dof_events,3,w/o weighted support,Ablation,UseWeights,0,1,805,25,40,0.896672504378284,0.72112676056338,0.799375487900078,0.665799739921977,1.53333333333333,0.07421875,0.27887323943662,0.0757661
shapes_6dof_events,3,w/o local verification,Ablation,UseVerification,0,1,805,25,12,0.567425569176883,0.758782201405152,0.649298597194389,0.480712166172107,1,0.0679012345679012,0.241217798594848,0.0340287
shapes_6dof_events,3,w/o global expansion,Ablation,UseGlobalExpansion,0,1,805,25,15,0.211908931698774,0.654054054054054,0.32010582010582,0.190551181102362,1.8,0,0.345945945945946,0.0872198
shapes_6dof_events,3,unit estimation weights,Ablation,UseWeights,0,1,805,25,9,0.355516637478109,0.685810810810811,0.468281430219147,0.305722891566265,1,0.0443349753694581,0.314189189189189,0.0726118
shapes_6dof_events,3,unit support tests,Ablation,UseMultiplicitySupport,0,1,805,25,39,0.907180385288967,0.713498622589532,0.798766383962991,0.664955070603338,1.53333333333333,0.0772200772200772,0.286501377410468,0.0929052
shapes_6dof_events,3,MAD = 3,Sensitivity,MAD,3,1,805,25,10,0.352014010507881,0.654723127035831,0.457858769931663,0.296898079763663,1,0.0348258706467661,0.345276872964169,0.126936
shapes_6dof_events,3,MAD = 3.5,Sensitivity,MAD,3.5,1,805,25,10,0.352014010507881,0.654723127035831,0.457858769931663,0.296898079763663,1,0.0348258706467661,0.345276872964169,0.062717
shapes_6dof_events,3,MAD = 4,Sensitivity,MAD,4,1,805,25,10,0.352014010507881,0.652597402597403,0.457337883959044,0.29646017699115,1,0.0348258706467661,0.347402597402597,0.0518187
shapes_6dof_events,3,p_in = 0.7,Sensitivity,p_in,0.7,1,805,25,11,0.352014010507881,0.630094043887147,0.451685393258427,0.291727140783745,1,0.0348258706467661,0.369905956112853,0.0638081
shapes_6dof_events,3,p_in = 0.8,Sensitivity,p_in,0.8,1,805,25,10,0.352014010507881,0.654723127035831,0.457858769931663,0.296898079763663,1,0.0348258706467661,0.345276872964169,0.0704328
shapes_6dof_events,3,p_in = 0.9,Sensitivity,p_in,0.9,1,805,25,9,0.352014010507881,0.68135593220339,0.464203233256351,0.302255639097744,1,0.0348258706467661,0.31864406779661,0.0788019
shapes_6dof_events,3,p_w = 0.7,Sensitivity,p_w,0.7,1,805,25,10,0.352014010507881,0.654723127035831,0.457858769931663,0.296898079763663,1,0.0348258706467661,0.345276872964169,0.0523076
shapes_6dof_events,3,p_w = 0.8,Sensitivity,p_w,0.8,1,805,25,10,0.352014010507881,0.654723127035831,0.457858769931663,0.296898079763663,1,0.0348258706467661,0.345276872964169,0.0589211
shapes_6dof_events,3,p_w = 0.9,Sensitivity,p_w,0.9,1,805,25,10,0.352014010507881,0.654723127035831,0.457858769931663,0.296898079763663,1,0.0348258706467661,0.345276872964169,0.0560612
shapes_6dof_events,3,overlap = 0.7,Sensitivity,overlap,0.7,1,805,25,10,0.352014010507881,0.654723127035831,0.457858769931663,0.296898079763663,1,0.0348258706467661,0.345276872964169,0.0564805
shapes_6dof_events,3,overlap = 0.8,Sensitivity,overlap,0.8,1,805,25,10,0.352014010507881,0.654723127035831,0.457858769931663,0.296898079763663,1,0.0348258706467661,0.345276872964169,0.0741985
shapes_6dof_events,3,overlap = 0.9,Sensitivity,overlap,0.9,1,805,25,10,0.352014010507881,0.654723127035831,0.457858769931663,0.296898079763663,1,0.0348258706467661,0.345276872964169,0.0527499
shapes_6dof_events,3,eps_s = 0.015,Sensitivity,eps_s,0.015,1,805,25,12,0.336252189141856,0.627450980392157,0.437856328392246,0.28029197080292,1,0.0364583333333334,0.372549019607843,0.0598938
shapes_6dof_events,3,eps_s = 0.02,Sensitivity,eps_s,0.02,1,805,25,10,0.352014010507881,0.654723127035831,0.457858769931663,0.296898079763663,1,0.0348258706467661,0.345276872964169,0.0525667
shapes_6dof_events,3,eps_s = 0.025,Sensitivity,eps_s,0.025,1,805,25,9,0.374781085814361,0.648484848484848,0.475027746947836,0.311499272197962,1,0.0700934579439252,0.351515151515152,0.0694284
shapes_6dof_events,3,eps_t = 0.005,Sensitivity,eps_t,0.005,1,805,25,1,0.112084063047285,0.96969696969697,0.200941915227629,0.111692844677138,1,0,0.0303030303030303,0.038815
shapes_6dof_events,3,eps_t = 0.01,Sensitivity,eps_t,0.01,1,805,25,9,0.269702276707531,0.596899224806202,0.371531966224367,0.228148148148148,1,0.0454545454545454,0.403100775193798,0.0669309
shapes_6dof_events,3,eps_t = 0.015,Sensitivity,eps_t,0.015,1,805,25,10,0.343257443082312,0.651162790697674,0.44954128440367,0.289940828402367,1,0.0357142857142857,0.348837209302326,0.0675046
shapes_6dof_events,3,eps_t = 0.02,Sensitivity,eps_t,0.02,1,805,25,10,0.352014010507881,0.654723127035831,0.457858769931663,0.296898079763663,1,0.0348258706467661,0.345276872964169,0.0630782
shapes_6dof_events,3,eps_t = 0.025,Sensitivity,eps_t,0.025,1,805,25,10,0.352014010507881,0.654723127035831,0.457858769931663,0.296898079763663,1,0.0348258706467661,0.345276872964169,0.0613858
shapes_6dof_events,3,Event retention = 25%,Sparsity,retention,0.25,1,201,22,0,0,0,0,0,NaN,NaN,0,0.005134
shapes_6dof_events,3,Event retention = 25%,Sparsity,retention,0.25,2,201,22,1,0.0869565217391304,1,0.16,0.0869565217391304,1,0,0,0.0128683
shapes_6dof_events,3,Event retention = 25%,Sparsity,retention,0.25,3,201,21,0,0,0,0,0,NaN,NaN,0,0.0098098
shapes_6dof_events,3,Event retention = 25%,Sparsity,retention,0.25,4,201,23,0,0,0,0,0,NaN,NaN,0,0.0116004
shapes_6dof_events,3,Event retention = 25%,Sparsity,retention,0.25,5,201,23,1,0.0647482014388489,1,0.121621621621622,0.0647482014388489,1,0,0,0.0088817
shapes_6dof_events,3,Event retention = 50%,Sparsity,retention,0.5,1,403,25,2,0.140522875816993,0.955555555555556,0.245014245014245,0.13961038961039,1,0.0697674418604651,0.0444444444444444,0.0142716
shapes_6dof_events,3,Event retention = 50%,Sparsity,retention,0.5,2,403,23,1,0.027972027972028,0.727272727272727,0.0538720538720539,0.027681660899654,NaN,0.375,0.272727272727273,0.0225228
shapes_6dof_events,3,Event retention = 50%,Sparsity,retention,0.5,3,403,25,3,0.130434782608696,0.696428571428571,0.219718309859155,0.123417721518987,1,0,0.303571428571429,0.0322686
shapes_6dof_events,3,Event retention = 50%,Sparsity,retention,0.5,4,403,25,5,0.233449477351916,0.788235294117647,0.360215053763441,0.219672131147541,1,0.0447761194029851,0.211764705882353,0.0274357
shapes_6dof_events,3,Event retention = 50%,Sparsity,retention,0.5,5,403,25,3,0.224913494809689,0.942028985507246,0.363128491620112,0.221843003412969,1,0.0615384615384615,0.0579710144927536,0.0190223
shapes_6dof_events,3,Event retention = 75%,Sparsity,retention,0.75,1,604,25,4,0.115566037735849,0.550561797752809,0.191033138401559,0.105603448275862,1,0,0.449438202247191,0.0507981
shapes_6dof_events,3,Event retention = 75%,Sparsity,retention,0.75,2,604,25,3,0.183294663573086,0.963414634146341,0.307992202729045,0.182027649769585,1,0.0506329113924051,0.0365853658536585,0.0595815
shapes_6dof_events,3,Event retention = 75%,Sparsity,retention,0.75,3,604,25,6,0.230588235294118,0.640522875816993,0.339100346020761,0.204166666666667,1,0,0.359477124183007,0.04296
shapes_6dof_events,3,Event retention = 75%,Sparsity,retention,0.75,4,604,25,1,0.123543123543124,0.963636363636364,0.21900826446281,0.122969837587007,1,0,0.0363636363636364,0.0597631
shapes_6dof_events,3,Event retention = 75%,Sparsity,retention,0.75,5,604,24,4,0.183962264150943,0.661016949152542,0.287822878228782,0.168103448275862,1,0.0128205128205128,0.338983050847458,0.052394
shapes_6dof_events,3,Added events = 5%,AddedEvents,added-event ratio,0.05,1,845,25,10,0.345008756567426,0.648026315789474,0.450285714285714,0.290560471976401,1,0.0355329949238579,0.351973684210526,0.0767307
shapes_6dof_events,3,Added events = 5%,AddedEvents,added-event ratio,0.05,2,845,25,10,0.346760070052539,0.649180327868852,0.452054794520548,0.292035398230089,1,0.0353535353535354,0.350819672131148,0.0850026
shapes_6dof_events,3,Added events = 5%,AddedEvents,added-event ratio,0.05,3,845,25,10,0.345008756567426,0.648026315789474,0.450285714285714,0.290560471976401,1,0.0355329949238579,0.351973684210526,0.0619369
shapes_6dof_events,3,Added events = 5%,AddedEvents,added-event ratio,0.05,4,845,25,10,0.357267950963222,0.62962962962963,0.45586592178771,0.295224312590449,1,0.0343137254901961,0.37037037037037,0.0863395
shapes_6dof_events,3,Added events = 5%,AddedEvents,added-event ratio,0.05,5,845,25,10,0.346760070052539,0.653465346534653,0.453089244851259,0.292899408284024,1,0.0353535353535354,0.346534653465347,0.0651527
shapes_6dof_events,3,Added events = 10%,AddedEvents,added-event ratio,0.1,1,886,25,10,0.362521891418564,0.629179331306991,0.46,0.298701298701299,1,0.033816425120773,0.370820668693009,0.0544213
shapes_6dof_events,3,Added events = 10%,AddedEvents,added-event ratio,0.1,2,886,25,10,0.346760070052539,0.644951140065147,0.451025056947608,0.291176470588235,1,0.0353535353535354,0.355048859934853,0.0552968
shapes_6dof_events,3,Added events = 10%,AddedEvents,added-event ratio,0.1,3,886,25,11,0.348511383537653,0.637820512820513,0.450736126840317,0.29093567251462,1,0.035175879396985,0.362179487179487,0.0567414
shapes_6dof_events,3,Added events = 10%,AddedEvents,added-event ratio,0.1,4,886,25,10,0.346760070052539,0.651315789473684,0.452571428571429,0.292466765140325,1,0.0353535353535354,0.348684210526316,0.0792022
shapes_6dof_events,3,Added events = 10%,AddedEvents,added-event ratio,0.1,5,886,25,10,0.346760070052539,0.647058823529412,0.451539338654504,0.29160530191458,1,0.0353535353535354,0.352941176470588,0.058118
shapes_6dof_events,3,Added events = 20%,AddedEvents,added-event ratio,0.2,1,966,25,10,0.348511383537653,0.650326797385621,0.45381984036488,0.293510324483776,1,0.035175879396985,0.349673202614379,0.0602452
shapes_6dof_events,3,Added events = 20%,AddedEvents,added-event ratio,0.2,2,966,25,10,0.346760070052539,0.647058823529412,0.451539338654504,0.29160530191458,1,0.0353535353535354,0.352941176470588,0.0673808
shapes_6dof_events,3,Added events = 20%,AddedEvents,added-event ratio,0.2,3,966,25,10,0.346760070052539,0.644951140065147,0.451025056947608,0.291176470588235,1,0.0353535353535354,0.355048859934853,0.0632133
shapes_6dof_events,3,Added events = 20%,AddedEvents,added-event ratio,0.2,4,966,25,11,0.346760070052539,0.647058823529412,0.451539338654504,0.29160530191458,1.2,0.0353535353535354,0.352941176470588,0.0610106
shapes_6dof_events,3,Added events = 20%,AddedEvents,added-event ratio,0.2,5,966,25,11,0.346760070052539,0.624605678233438,0.445945945945946,0.28695652173913,1,0.0353535353535354,0.375394321766562,0.0628396
shapes_6dof_events,3,Added events = 30%,AddedEvents,added-event ratio,0.3,1,1047,25,10,0.346760070052539,0.649180327868852,0.452054794520548,0.292035398230089,1,0.0353535353535354,0.350819672131148,0.0695631
shapes_6dof_events,3,Added events = 30%,AddedEvents,added-event ratio,0.3,2,1047,25,10,0.346760070052539,0.649180327868852,0.452054794520548,0.292035398230089,1,0.0353535353535354,0.350819672131148,0.0674101
shapes_6dof_events,3,Added events = 30%,AddedEvents,added-event ratio,0.3,3,1047,25,10,0.346760070052539,0.647058823529412,0.451539338654504,0.29160530191458,1,0.0353535353535354,0.352941176470588,0.0620998
shapes_6dof_events,3,Added events = 30%,AddedEvents,added-event ratio,0.3,4,1047,25,10,0.346760070052539,0.647058823529412,0.451539338654504,0.29160530191458,1,0.0353535353535354,0.352941176470588,0.0554202
shapes_6dof_events,3,Added events = 30%,AddedEvents,added-event ratio,0.3,5,1047,25,11,0.350262697022767,0.641025641025641,0.453001132502831,0.292825768667643,1.2,0.035,0.358974358974359,0.0545796
shapes_6dof_events,3,Full LLGD runtime,Runtime,-,NaN,1,805,25,10,0.352014010507881,0.654723127035831,0.457858769931663,0.296898079763663,1,0.0348258706467661,0.345276872964169,0.0585773
shapes_6dof_events,3,Full LLGD runtime,Runtime,-,NaN,2,805,25,10,0.346760070052539,0.651315789473684,0.452571428571429,0.292466765140325,1,0.0353535353535354,0.348684210526316,0.0605805
shapes_6dof_events,3,Full LLGD runtime,Runtime,-,NaN,3,805,25,10,0.346760070052539,0.653465346534653,0.453089244851259,0.292899408284024,1,0.0353535353535354,0.346534653465347,0.0581551
shapes_6dof_events,4,Full LLGD,Full,-,NaN,1,1323,28,16,0.636636636636637,0.829204693611473,0.720271800679502,0.56283185840708,1,0.0550314465408805,0.170795306388527,0.0686698
shapes_6dof_events,4,w/o weighted support,Ablation,UseWeights,0,1,1323,28,52,0.938938938938939,0.756451612903226,0.837874050915587,0.720983858570331,1.82352941176471,0.0660980810234542,0.243548387096774,0.0877206
shapes_6dof_events,4,w/o local verification,Ablation,UseVerification,0,1,1323,28,18,0.667667667667668,0.81640146878825,0.734581497797357,0.580504786771105,1,0.0464767616191905,0.18359853121175,0.0613724
shapes_6dof_events,4,w/o global expansion,Ablation,UseGlobalExpansion,0,1,1323,28,29,0.379379379379379,0.857466063348416,0.526023594725885,0.356873822975518,2.09090909090909,0.0554089709762533,0.142533936651584,0.1245329
shapes_6dof_events,4,unit estimation weights,Ablation,UseWeights,0,1,1323,28,18,0.601601601601602,0.801333333333333,0.687249857061178,0.523519163763066,1.18181818181818,0.069883527454243,0.198666666666667,0.0964702
shapes_6dof_events,4,unit support tests,Ablation,UseMultiplicitySupport,0,1,1323,28,45,0.936936936936937,0.760975609756098,0.839838492597577,0.723897911832947,1.47058823529412,0.0876068376068376,0.239024390243902,0.0761554
shapes_6dof_events,4,MAD = 3,Sensitivity,MAD,3,1,1323,28,16,0.613613613613614,0.828378378378378,0.705002875215641,0.544404973357016,1,0.0554649265905384,0.171621621621622,0.090313
shapes_6dof_events,4,MAD = 3.5,Sensitivity,MAD,3.5,1,1323,28,16,0.636636636636637,0.829204693611473,0.720271800679502,0.56283185840708,1,0.0550314465408805,0.170795306388527,0.0641547
shapes_6dof_events,4,MAD = 4,Sensitivity,MAD,4,1,1323,28,16,0.641641641641642,0.829236739974127,0.723476297968397,0.566755083996463,1,0.0577223088923557,0.170763260025873,0.0599268
shapes_6dof_events,4,p_in = 0.7,Sensitivity,p_in,0.7,1,1323,28,17,0.637637637637638,0.818766066838046,0.716938660664041,0.558771929824561,1,0.054945054945055,0.181233933161954,0.0690491
shapes_6dof_events,4,p_in = 0.8,Sensitivity,p_in,0.8,1,1323,28,16,0.636636636636637,0.829204693611473,0.720271800679502,0.56283185840708,1,0.0550314465408805,0.170795306388527,0.0813384
shapes_6dof_events,4,p_in = 0.9,Sensitivity,p_in,0.9,1,1323,28,16,0.636636636636637,0.829204693611473,0.720271800679502,0.56283185840708,1,0.0550314465408805,0.170795306388527,0.0634491
shapes_6dof_events,4,p_w = 0.7,Sensitivity,p_w,0.7,1,1323,28,15,0.61961961961962,0.827540106951872,0.708643388666285,0.548758865248227,1,0.0387722132471728,0.172459893048128,0.0745949
shapes_6dof_events,4,p_w = 0.8,Sensitivity,p_w,0.8,1,1323,28,16,0.636636636636637,0.829204693611473,0.720271800679502,0.56283185840708,1,0.0550314465408805,0.170795306388527,0.0760898
shapes_6dof_events,4,p_w = 0.9,Sensitivity,p_w,0.9,1,1323,28,16,0.643643643643644,0.830749354005168,0.725324309080654,0.569026548672566,1,0.0544323483670296,0.169250645994832,0.0688285
shapes_6dof_events,4,overlap = 0.7,Sensitivity,overlap,0.7,1,1323,28,16,0.636636636636637,0.829204693611473,0.720271800679502,0.56283185840708,1,0.0550314465408805,0.170795306388527,0.0688542
shapes_6dof_events,4,overlap = 0.8,Sensitivity,overlap,0.8,1,1323,28,16,0.636636636636637,0.829204693611473,0.720271800679502,0.56283185840708,1,0.0550314465408805,0.170795306388527,0.0651065
shapes_6dof_events,4,overlap = 0.9,Sensitivity,overlap,0.9,1,1323,28,16,0.636636636636637,0.829204693611473,0.720271800679502,0.56283185840708,1,0.0550314465408805,0.170795306388527,0.0727183
shapes_6dof_events,4,eps_s = 0.015,Sensitivity,eps_s,0.015,1,1323,28,19,0.628628628628629,0.81877444589309,0.711211778029445,0.551845342706503,1.16666666666667,0.035031847133758,0.18122555410691,0.0837158
shapes_6dof_events,4,eps_s = 0.02,Sensitivity,eps_s,0.02,1,1323,28,16,0.636636636636637,0.829204693611473,0.720271800679502,0.56283185840708,1,0.0550314465408805,0.170795306388527,0.0795421
shapes_6dof_events,4,eps_s = 0.025,Sensitivity,eps_s,0.025,1,1323,28,13,0.610610610610611,0.826558265582656,0.702360391479563,0.541259982253771,1,0.0426229508196722,0.173441734417344,0.1043571
shapes_6dof_events,4,eps_t = 0.005,Sensitivity,eps_t,0.005,1,1323,28,1,0.0910910910910911,0.957894736842105,0.16636197440585,0.0907278165503489,1,0,0.0421052631578947,0.0590247
shapes_6dof_events,4,eps_t = 0.01,Sensitivity,eps_t,0.01,1,1323,28,15,0.616616616616617,0.818061088977424,0.703196347031964,0.542253521126761,1,0.0405844155844156,0.181938911022576,0.1036515
shapes_6dof_events,4,eps_t = 0.015,Sensitivity,eps_t,0.015,1,1323,28,17,0.628628628628629,0.81877444589309,0.711211778029445,0.551845342706503,1.09090909090909,0.0509554140127388,0.18122555410691,0.0916049
shapes_6dof_events,4,eps_t = 0.02,Sensitivity,eps_t,0.02,1,1323,28,16,0.636636636636637,0.829204693611473,0.720271800679502,0.56283185840708,1,0.0550314465408805,0.170795306388527,0.066322
shapes_6dof_events,4,eps_t = 0.025,Sensitivity,eps_t,0.025,1,1323,28,16,0.636636636636637,0.829204693611473,0.720271800679502,0.56283185840708,1,0.0550314465408805,0.170795306388527,0.071614
shapes_6dof_events,4,Event retention = 25%,Sparsity,retention,0.25,1,331,24,1,0.03515625,1,0.0679245283018868,0.03515625,1,0,0,0.0221026
shapes_6dof_events,4,Event retention = 25%,Sparsity,retention,0.25,2,331,26,3,0.100840336134454,1,0.183206106870229,0.100840336134454,1.5,0.0833333333333334,0,0.0166243
shapes_6dof_events,4,Event retention = 25%,Sparsity,retention,0.25,3,331,23,1,0,0,0,0,NaN,NaN,1,0.0174986
shapes_6dof_events,4,Event retention = 25%,Sparsity,retention,0.25,4,331,24,1,0.104166666666667,0.925925925925926,0.187265917602996,0.103305785123967,1,0,0.0740740740740741,0.0189128
shapes_6dof_events,4,Event retention = 25%,Sparsity,retention,0.25,5,331,26,1,0.0977443609022556,0.962962962962963,0.177474402730375,0.0973782771535581,1,0,0.037037037037037,0.0143295
shapes_6dof_events,4,Event retention = 50%,Sparsity,retention,0.5,1,662,26,5,0.259920634920635,0.834394904458599,0.396369137670197,0.247169811320755,1,0.00763358778625955,0.165605095541401,0.0417053
shapes_6dof_events,4,Event retention = 50%,Sparsity,retention,0.5,2,662,28,3,0.289940828402367,0.986577181208054,0.448170731707317,0.288801571709234,1,0,0.0134228187919463,0.0307539
shapes_6dof_events,4,Event retention = 50%,Sparsity,retention,0.5,3,662,26,3,0.284872298624754,0.986394557823129,0.442073170731707,0.283757338551859,1,0.00689655172413794,0.0136054421768707,0.0388393
shapes_6dof_events,4,Event retention = 50%,Sparsity,retention,0.5,4,662,27,3,0.270541082164329,0.971223021582734,0.423197492163009,0.268389662027833,1,0.0222222222222223,0.0287769784172662,0.0532369
shapes_6dof_events,4,Event retention = 50%,Sparsity,retention,0.5,5,662,28,9,0.26984126984127,0.735135135135135,0.39477503628447,0.245931283905967,1,0.0735294117647058,0.264864864864865,0.0513586
shapes_6dof_events,4,Event retention = 75%,Sparsity,retention,0.75,1,992,28,12,0.574244415243101,0.861932938856016,0.689274447949527,0.525872442839952,1,0.0617848970251716,0.138067061143984,0.0535696
shapes_6dof_events,4,Event retention = 75%,Sparsity,retention,0.75,2,992,28,11,0.427800269905533,0.788557213930348,0.554680664916885,0.383777239709443,1.2,0.056782334384858,0.211442786069652,0.0902721
shapes_6dof_events,4,Event retention = 75%,Sparsity,retention,0.75,3,992,28,10,0.575596816976127,0.909853249475891,0.705117790414297,0.544542032622334,1,0.0391705069124424,0.090146750524109,0.0640485
shapes_6dof_events,4,Event retention = 75%,Sparsity,retention,0.75,4,992,28,11,0.365358592692828,0.735694822888283,0.488245931283906,0.322966507177034,1.4,0.0444444444444444,0.264305177111717,0.0845934
shapes_6dof_events,4,Event retention = 75%,Sparsity,retention,0.75,5,992,26,8,0.42875816993464,0.926553672316384,0.586237712243074,0.414664981036662,1,0.0609756097560976,0.0734463276836158,0.0704356
shapes_6dof_events,4,Added events = 5%,AddedEvents,added-event ratio,0.05,1,1389,28,16,0.63963963963964,0.824516129032258,0.720405862457723,0.562995594713656,1,0.0594679186228482,0.175483870967742,0.0719911
shapes_6dof_events,4,Added events = 5%,AddedEvents,added-event ratio,0.05,2,1389,28,16,0.636636636636637,0.828125,0.719864176570458,0.562334217506631,1,0.0550314465408805,0.171875,0.0750879
shapes_6dof_events,4,Added events = 5%,AddedEvents,added-event ratio,0.05,3,1389,28,16,0.636636636636637,0.825974025974026,0.719050310910119,0.561341571050309,1,0.0534591194968553,0.174025974025974,0.069678
shapes_6dof_events,4,Added events = 5%,AddedEvents,added-event ratio,0.05,4,1389,28,16,0.636636636636637,0.82704811443433,0.719457013574661,0.561837455830389,1,0.0581761006289309,0.17295188556567,0.0723008
shapes_6dof_events,4,Added events = 5%,AddedEvents,added-event ratio,0.05,5,1389,28,16,0.636636636636637,0.829204693611473,0.720271800679502,0.56283185840708,1,0.0550314465408805,0.170795306388527,0.0730434
shapes_6dof_events,4,Added events = 10%,AddedEvents,added-event ratio,0.1,1,1455,28,16,0.643643643643644,0.82860824742268,0.724507042253521,0.568021201413428,1,0.0544323483670296,0.17139175257732,0.0688331
shapes_6dof_events,4,Added events = 10%,AddedEvents,added-event ratio,0.1,2,1455,28,16,0.646646646646647,0.828205128205128,0.726250702641934,0.570167696381289,1,0.0572755417956656,0.171794871794872,0.0706859
shapes_6dof_events,4,Added events = 10%,AddedEvents,added-event ratio,0.1,3,1455,28,16,0.636636636636637,0.82704811443433,0.719457013574661,0.561837455830389,1,0.0550314465408805,0.17295188556567,0.0646021
shapes_6dof_events,4,Added events = 10%,AddedEvents,added-event ratio,0.1,4,1455,28,17,0.633633633633634,0.826370757180157,0.71728045325779,0.559187279151943,1.08333333333333,0.0458135860979463,0.173629242819843,0.0786285
shapes_6dof_events,4,Added events = 10%,AddedEvents,added-event ratio,0.1,5,1455,28,15,0.606606606606607,0.815612382234186,0.695752009184845,0.533450704225352,1,0.0643564356435643,0.184387617765814,0.0816344
shapes_6dof_events,4,Added events = 20%,AddedEvents,added-event ratio,0.2,1,1588,28,18,0.590590590590591,0.801630434782609,0.680115273775216,0.51528384279476,1.09090909090909,0.0830508474576271,0.198369565217391,0.0924449
shapes_6dof_events,4,Added events = 20%,AddedEvents,added-event ratio,0.2,2,1588,28,17,0.666666666666667,0.81219512195122,0.732270478284772,0.577623590633131,1.1,0.0735735735735735,0.18780487804878,0.0773757
shapes_6dof_events,4,Added events = 20%,AddedEvents,added-event ratio,0.2,3,1588,28,16,0.636636636636637,0.82704811443433,0.719457013574661,0.561837455830389,1,0.0550314465408805,0.17295188556567,0.0771326
shapes_6dof_events,4,Added events = 20%,AddedEvents,added-event ratio,0.2,4,1588,28,17,0.652652652652653,0.823232323232323,0.728084868788386,0.57243195785777,1.09090909090909,0.0628834355828221,0.176767676767677,0.0754536
shapes_6dof_events,4,Added events = 20%,AddedEvents,added-event ratio,0.2,5,1588,28,17,0.64964964964965,0.818411097099622,0.724330357142857,0.567804024496938,1.09090909090909,0.0631741140215717,0.181588902900378,0.074614
shapes_6dof_events,4,Added events = 30%,AddedEvents,added-event ratio,0.3,1,1720,28,18,0.756756756756757,0.832599118942731,0.792868379653907,0.656820156385752,1.08333333333333,0.0462962962962963,0.167400881057269,0.0737471
shapes_6dof_events,4,Added events = 30%,AddedEvents,added-event ratio,0.3,2,1720,28,17,0.663663663663664,0.831869510664994,0.738307349665924,0.585172109443954,1,0.0754147812971342,0.168130489335006,0.097165
shapes_6dof_events,4,Added events = 30%,AddedEvents,added-event ratio,0.3,3,1720,28,18,0.591591591591592,0.776609724047306,0.671590909090909,0.505560307955518,1,0.0964467005076142,0.223390275952694,0.0923144
shapes_6dof_events,4,Added events = 30%,AddedEvents,added-event ratio,0.3,4,1720,28,17,0.647647647647648,0.805728518057285,0.718091009988901,0.56017316017316,1,0.0510046367851623,0.194271481942715,0.0823159
shapes_6dof_events,4,Added events = 30%,AddedEvents,added-event ratio,0.3,5,1720,28,18,0.706706706706707,0.822843822843823,0.760366182014001,0.613379669852302,1,0.0495750708215298,0.177156177156177,0.0902285
shapes_6dof_events,4,Full LLGD runtime,Runtime,-,NaN,1,1323,28,16,0.636636636636637,0.829204693611473,0.720271800679502,0.56283185840708,1,0.0550314465408805,0.170795306388527,0.0731028
shapes_6dof_events,4,Full LLGD runtime,Runtime,-,NaN,2,1323,28,16,0.636636636636637,0.830287206266319,0.720679886685552,0.563330380868025,1,0.0550314465408805,0.169712793733681,0.0701739
shapes_6dof_events,4,Full LLGD runtime,Runtime,-,NaN,3,1323,28,16,0.636636636636637,0.830287206266319,0.720679886685552,0.563330380868025,1,0.0550314465408805,0.169712793733681,0.0711985
shapes_6dof_events,5,Full LLGD,Full,-,NaN,1,1368,27,16,0.508073196986007,0.670454545454545,0.578077158603797,0.406546080964686,1,0.0529661016949152,0.329545454545455,0.105995
shapes_6dof_events,5,w/o weighted support,Ablation,UseWeights,0,1,1368,27,54,0.917115177610334,0.68543845534996,0.784530386740331,0.645454545454546,1.55555555555556,0.0504694835680751,0.31456154465004,0.1071838
shapes_6dof_events,5,w/o local verification,Ablation,UseVerification,0,1,1368,27,21,0.548977395048439,0.6640625,0.601060695344726,0.429654591406908,1.1,0.0490196078431373,0.3359375,0.0723662
shapes_6dof_events,5,w/o global expansion,Ablation,UseGlobalExpansion,0,1,1368,27,40,0.357373519913886,0.605839416058394,0.449559918754232,0.289956331877729,2.625,0,0.394160583941606,0.0906918
shapes_6dof_events,5,unit estimation weights,Ablation,UseWeights,0,1,1368,27,18,0.515608180839612,0.657967032967033,0.578153289076645,0.406621392190153,1,0.0542797494780793,0.342032967032967,0.0740537
shapes_6dof_events,5,unit support tests,Ablation,UseMultiplicitySupport,0,1,1368,27,51,0.932185145317546,0.684584980237154,0.789425706472197,0.65210843373494,1.5,0.0438799076212472,0.315415019762846,0.0962838
shapes_6dof_events,5,MAD = 3,Sensitivity,MAD,3,1,1368,27,16,0.5005382131324,0.670995670995671,0.573366214549938,0.4019014693172,1,0.0516129032258065,0.329004329004329,0.0936538
shapes_6dof_events,5,MAD = 3.5,Sensitivity,MAD,3.5,1,1368,27,16,0.508073196986007,0.670454545454545,0.578077158603797,0.406546080964686,1,0.0529661016949152,0.329545454545455,0.0880222
shapes_6dof_events,5,MAD = 4,Sensitivity,MAD,4,1,1368,27,16,0.511302475780409,0.67090395480226,0.580329871716555,0.408777969018933,1,0.0505263157894736,0.32909604519774,0.0814757
shapes_6dof_events,5,p_in = 0.7,Sensitivity,p_in,0.7,1,1368,27,17,0.524219590958019,0.677329624478442,0.591019417475728,0.419465977605512,1,0.0513347022587269,0.322670375521558,0.0834166
shapes_6dof_events,5,p_in = 0.8,Sensitivity,p_in,0.8,1,1368,27,16,0.508073196986007,0.670454545454545,0.578077158603797,0.406546080964686,1,0.0529661016949152,0.329545454545455,0.0903068
shapes_6dof_events,5,p_in = 0.9,Sensitivity,p_in,0.9,1,1368,27,15,0.513455328310011,0.697368421052632,0.5914445133292,0.419894366197183,1,0.0524109014675053,0.302631578947368,0.0971633
shapes_6dof_events,5,p_w = 0.7,Sensitivity,p_w,0.7,1,1368,27,16,0.508073196986007,0.670454545454545,0.578077158603797,0.406546080964686,1,0.0529661016949152,0.329545454545455,0.080705
shapes_6dof_events,5,p_w = 0.8,Sensitivity,p_w,0.8,1,1368,27,16,0.508073196986007,0.670454545454545,0.578077158603797,0.406546080964686,1,0.0529661016949152,0.329545454545455,0.0832545
shapes_6dof_events,5,p_w = 0.9,Sensitivity,p_w,0.9,1,1368,27,17,0.516684607104413,0.668523676880223,0.58287795992714,0.411311053984576,1,0.0520833333333334,0.331476323119777,0.0927289
shapes_6dof_events,5,overlap = 0.7,Sensitivity,overlap,0.7,1,1368,27,16,0.508073196986007,0.670454545454545,0.578077158603797,0.406546080964686,1,0.0529661016949152,0.329545454545455,0.0931539
shapes_6dof_events,5,overlap = 0.8,Sensitivity,overlap,0.8,1,1368,27,16,0.508073196986007,0.670454545454545,0.578077158603797,0.406546080964686,1,0.0529661016949152,0.329545454545455,0.1047047
shapes_6dof_events,5,overlap = 0.9,Sensitivity,overlap,0.9,1,1368,27,16,0.508073196986007,0.672364672364672,0.578786020846107,0.407247627264884,1,0.0529661016949152,0.327635327635328,0.1005139
shapes_6dof_events,5,eps_s = 0.015,Sensitivity,eps_s,0.015,1,1368,27,15,0.522066738428418,0.694842406876791,0.596189305470191,0.424693520140105,1,0.045360824742268,0.305157593123209,0.066885
shapes_6dof_events,5,eps_s = 0.02,Sensitivity,eps_s,0.02,1,1368,27,16,0.508073196986007,0.670454545454545,0.578077158603797,0.406546080964686,1,0.0529661016949152,0.329545454545455,0.0909932
shapes_6dof_events,5,eps_s = 0.025,Sensitivity,eps_s,0.025,1,1368,27,16,0.523143164693219,0.701298701298701,0.599260172626387,0.427816901408451,1.125,0.0308641975308642,0.298701298701299,0.0881533
shapes_6dof_events,5,eps_t = 0.005,Sensitivity,eps_t,0.005,1,1368,27,2,0.102260495156082,0.87962962962963,0.183220829315333,0.100849256900212,1,0,0.12037037037037,0.0593545
shapes_6dof_events,5,eps_t = 0.01,Sensitivity,eps_t,0.01,1,1368,27,18,0.544671689989236,0.668428005284016,0.600237247924081,0.428813559322034,1,0.0335968379446641,0.331571994715984,0.0956789
shapes_6dof_events,5,eps_t = 0.015,Sensitivity,eps_t,0.015,1,1368,27,18,0.541442411194833,0.663588390501319,0.596324836988737,0.424831081081081,1,0.0357852882703777,0.336411609498681,0.0768232
shapes_6dof_events,5,eps_t = 0.02,Sensitivity,eps_t,0.02,1,1368,27,16,0.508073196986007,0.670454545454545,0.578077158603797,0.406546080964686,1,0.0529661016949152,0.329545454545455,0.094814
shapes_6dof_events,5,eps_t = 0.025,Sensitivity,eps_t,0.025,1,1368,27,16,0.508073196986007,0.670454545454545,0.578077158603797,0.406546080964686,1,0.0529661016949152,0.329545454545455,0.0884543
shapes_6dof_events,5,Event retention = 25%,Sparsity,retention,0.25,1,342,23,1,0.084070796460177,1,0.155102040816327,0.084070796460177,1,0,0,0.0136769
shapes_6dof_events,5,Event retention = 25%,Sparsity,retention,0.25,2,342,23,0,0,0,0,0,NaN,NaN,0,0.0121389
shapes_6dof_events,5,Event retention = 25%,Sparsity,retention,0.25,3,342,21,1,0.131004366812227,1,0.231660231660232,0.131004366812227,1,0,0,0.0111438
shapes_6dof_events,5,Event retention = 25%,Sparsity,retention,0.25,4,342,24,2,0.191304347826087,1,0.321167883211679,0.191304347826087,1,0.0454545454545454,0,0.0156698
shapes_6dof_events,5,Event retention = 25%,Sparsity,retention,0.25,5,342,20,4,0.275109170305677,0.984375,0.430034129692833,0.273913043478261,1.33333333333333,0.0158730158730159,0.015625,0.0202794
shapes_6dof_events,5,Event retention = 50%,Sparsity,retention,0.5,1,684,26,7,0.399141630901288,0.849315068493151,0.543065693430657,0.372745490981964,1,0.032258064516129,0.150684931506849,0.0474488
shapes_6dof_events,5,Event retention = 50%,Sparsity,retention,0.5,2,684,24,6,0.210065645514223,0.657534246575342,0.318407960199005,0.189349112426035,1,0.135416666666667,0.342465753424658,0.0778718
shapes_6dof_events,5,Event retention = 50%,Sparsity,retention,0.5,3,684,27,4,0.174736842105263,0.838383838383838,0.289198606271777,0.169042769857434,1,0.036144578313253,0.161616161616162,0.0570028
shapes_6dof_events,5,Event retention = 50%,Sparsity,retention,0.5,4,684,26,6,0.283582089552239,0.707446808510638,0.404870624048706,0.25381679389313,1,0,0.292553191489362,0.0370742
shapes_6dof_events,5,Event retention = 50%,Sparsity,retention,0.5,5,684,25,5,0.283549783549784,0.929078014184397,0.434494195688226,0.277542372881356,1,0.0305343511450382,0.0709219858156028,0.0492304
shapes_6dof_events,5,Event retention = 75%,Sparsity,retention,0.75,1,1026,26,12,0.413012729844413,0.705314009661836,0.520963425512935,0.352231604342581,1,0.041095890410959,0.294685990338164,0.075514
shapes_6dof_events,5,Event retention = 75%,Sparsity,retention,0.75,2,1026,27,13,0.398002853067047,0.682151589242054,0.502702702702703,0.335740072202166,1.2,0.057347670250896,0.317848410757946,0.093539
shapes_6dof_events,5,Event retention = 75%,Sparsity,retention,0.75,3,1026,26,12,0.427338129496403,0.667415730337079,0.521052631578947,0.352313167259786,1,0.0471380471380471,0.332584269662921,0.0778345
shapes_6dof_events,5,Event retention = 75%,Sparsity,retention,0.75,4,1026,27,12,0.465346534653465,0.744343891402715,0.572671888598782,0.401219512195122,1,0.0425531914893617,0.255656108597285,0.0876189
shapes_6dof_events,5,Event retention = 75%,Sparsity,retention,0.75,5,1026,27,12,0.474137931034483,0.730088495575221,0.574912891986063,0.403422982885086,1,0.0515151515151515,0.269911504424779,0.0658859
shapes_6dof_events,5,Added events = 5%,AddedEvents,added-event ratio,0.05,1,1436,27,18,0.594187298170075,0.695214105793451,0.640742890307603,0.471391972672929,1,0.0452898550724637,0.304785894206549,0.0956394
shapes_6dof_events,5,Added events = 5%,AddedEvents,added-event ratio,0.05,2,1436,27,16,0.498385360602799,0.663323782234957,0.569145666871543,0.397766323024055,1,0.0561555075593952,0.336676217765043,0.1029927
shapes_6dof_events,5,Added events = 5%,AddedEvents,added-event ratio,0.05,3,1436,27,18,0.522066738428418,0.659863945578231,0.582932692307692,0.41136556403732,1,0.0536082474226804,0.340136054421769,0.0791535
shapes_6dof_events,5,Added events = 5%,AddedEvents,added-event ratio,0.05,4,1436,27,16,0.506996770721206,0.669985775248933,0.577205882352941,0.405684754521964,1,0.0530785562632696,0.330014224751067,0.0843955
shapes_6dof_events,5,Added events = 5%,AddedEvents,added-event ratio,0.05,5,1436,27,18,0.518837459634015,0.658469945355191,0.580373269114991,0.408821034775233,1,0.0518672199170125,0.341530054644809,0.080057
shapes_6dof_events,5,Added events = 10%,AddedEvents,added-event ratio,0.1,1,1505,27,16,0.508073196986007,0.668555240793201,0.57737003058104,0.405846947549441,1,0.0529661016949152,0.331444759206799,0.0953574
shapes_6dof_events,5,Added events = 10%,AddedEvents,added-event ratio,0.1,2,1505,27,17,0.516684607104413,0.662983425414365,0.580762250453721,0.40920716112532,1,0.0541666666666667,0.337016574585635,0.0803648
shapes_6dof_events,5,Added events = 10%,AddedEvents,added-event ratio,0.1,3,1505,27,17,0.528525296017223,0.675378266850069,0.592995169082126,0.421459227467811,1,0.0509164969450102,0.324621733149931,0.0991482
shapes_6dof_events,5,Added events = 10%,AddedEvents,added-event ratio,0.1,4,1505,27,18,0.59956942949408,0.701511335012594,0.646546720835752,0.47770154373928,1,0.0448833034111311,0.298488664987406,0.0926208
shapes_6dof_events,5,Added events = 10%,AddedEvents,added-event ratio,0.1,5,1505,27,18,0.516684607104413,0.654843110504775,0.577617328519856,0.406091370558376,1,0.0520833333333334,0.345156889495225,0.0783834
shapes_6dof_events,5,Added events = 20%,AddedEvents,added-event ratio,0.2,1,1642,27,17,0.505920344456405,0.649171270718232,0.568663036902601,0.397295012679628,1,0.0531914893617021,0.350828729281768,0.0956065
shapes_6dof_events,5,Added events = 20%,AddedEvents,added-event ratio,0.2,2,1642,27,18,0.519913885898816,0.652702702702703,0.578789694427801,0.407251264755481,1,0.0496894409937888,0.347297297297297,0.0849802
shapes_6dof_events,5,Added events = 20%,AddedEvents,added-event ratio,0.2,3,1642,27,18,0.594187298170075,0.686567164179104,0.637045585689556,0.46740050804403,1,0.0452898550724637,0.313432835820896,0.0948865
shapes_6dof_events,5,Added events = 20%,AddedEvents,added-event ratio,0.2,4,1642,27,19,0.539289558665231,0.660079051383399,0.593601895734597,0.422072451558551,1,0.0499001996007984,0.339920948616601,0.0863199
shapes_6dof_events,5,Added events = 20%,AddedEvents,added-event ratio,0.2,5,1642,27,16,0.504843918191604,0.668091168091168,0.575107296137339,0.403614457831325,1,0.0533049040511727,0.331908831908832,0.0812574
shapes_6dof_events,5,Added events = 30%,AddedEvents,added-event ratio,0.3,1,1778,27,18,0.593110871905274,0.680246913580247,0.633697527314549,0.463804713804714,1,0.043557168784029,0.319753086419753,0.083573
shapes_6dof_events,5,Added events = 30%,AddedEvents,added-event ratio,0.3,2,1778,27,17,0.516684607104413,0.65843621399177,0.579010856453559,0.407470288624788,1,0.0520833333333334,0.34156378600823,0.0872486
shapes_6dof_events,5,Added events = 30%,AddedEvents,added-event ratio,0.3,3,1778,27,17,0.517761033369214,0.670850767085077,0.584447144592953,0.412875536480687,1,0.0519750519750519,0.329149232914923,0.0937806
shapes_6dof_events,5,Added events = 30%,AddedEvents,added-event ratio,0.3,4,1778,27,16,0.506996770721206,0.665254237288136,0.575442883323152,0.403945111492281,1,0.0530785562632696,0.334745762711864,0.1004287
shapes_6dof_events,5,Added events = 30%,AddedEvents,added-event ratio,0.3,5,1778,27,19,0.585575888051668,0.674101610904585,0.626728110599078,0.456375838926175,1,0.0477941176470589,0.325898389095415,0.1047488
shapes_6dof_events,5,Full LLGD runtime,Runtime,-,NaN,1,1368,27,16,0.508073196986007,0.670454545454545,0.578077158603797,0.406546080964686,1,0.0529661016949152,0.329545454545455,0.0840806
shapes_6dof_events,5,Full LLGD runtime,Runtime,-,NaN,2,1368,27,17,0.509149623250807,0.663394109396914,0.576126674786845,0.404619332763045,1,0.054968287526427,0.336605890603086,0.0881358
shapes_6dof_events,5,Full LLGD runtime,Runtime,-,NaN,3,1368,27,17,0.506996770721206,0.662447257383966,0.574390243902439,0.402908468776732,1,0.0552016985138004,0.337552742616034,0.09458
shapes_6dof_events,6,Full LLGD,Full,-,NaN,1,1639,31,29,0.702242152466368,0.678509532062392,0.690171881886293,0.526917900403769,1,0.0574712643678161,0.321490467937608,0.0979366
shapes_6dof_events,6,w/o weighted support,Ablation,UseWeights,0,1,1639,31,62,0.924663677130045,0.681427627230668,0.784627092846271,0.645585472761428,1.72727272727273,0.0746847720659554,0.318572372769332,0.1214586
shapes_6dof_events,6,w/o local verification,Ablation,UseVerification,0,1,1639,31,27,0.760538116591928,0.695652173913043,0.726649528706084,0.570659488559892,1,0.0566037735849056,0.304347826086957,0.08636
shapes_6dof_events,6,w/o global expansion,Ablation,UseGlobalExpansion,0,1,1639,31,57,0.498654708520179,0.675577156743621,0.573787409700722,0.402315484804631,2.64285714285714,0.0215827338129496,0.324422843256379,0.1400628
shapes_6dof_events,6,unit estimation weights,Ablation,UseWeights,0,1,1639,31,29,0.699551569506726,0.663829787234043,0.681222707423581,0.516556291390728,1.25,0.0679487179487179,0.336170212765957,0.1291044
shapes_6dof_events,6,unit support tests,Ablation,UseMultiplicitySupport,0,1,1639,31,61,0.925560538116592,0.684350132625995,0.786885245901639,0.648648648648649,1.5,0.0658914728682171,0.315649867374005,0.1432376
shapes_6dof_events,6,MAD = 3,Sensitivity,MAD,3,1,1639,31,27,0.68609865470852,0.677590788308237,0.681818181818182,0.517241379310345,1,0.0601307189542484,0.322409211691763,0.1388294
shapes_6dof_events,6,MAD = 3.5,Sensitivity,MAD,3.5,1,1639,31,29,0.702242152466368,0.678509532062392,0.690171881886293,0.526917900403769,1,0.0574712643678161,0.321490467937608,0.1261139
shapes_6dof_events,6,MAD = 4,Sensitivity,MAD,4,1,1639,31,24,0.698654708520179,0.68153980752406,0.689991142604074,0.526707234617985,1,0.0526315789473685,0.31846019247594,0.1287326
shapes_6dof_events,6,p_in = 0.7,Sensitivity,p_in,0.7,1,1639,31,27,0.709417040358744,0.684256055363322,0.696609423161603,0.534459459459459,1,0.0493046776232617,0.315743944636678,0.1044043
shapes_6dof_events,6,p_in = 0.8,Sensitivity,p_in,0.8,1,1639,31,29,0.702242152466368,0.678509532062392,0.690171881886293,0.526917900403769,1,0.0574712643678161,0.321490467937608,0.0888212
shapes_6dof_events,6,p_in = 0.9,Sensitivity,p_in,0.9,1,1639,31,27,0.695964125560538,0.681898066783831,0.688859298712827,0.525389302640487,1,0.0541237113402062,0.318101933216169,0.1072214
shapes_6dof_events,6,p_w = 0.7,Sensitivity,p_w,0.7,1,1639,31,26,0.702242152466368,0.68624014022787,0.694148936170213,0.531568228105906,1,0.0549169859514687,0.31375985977213,0.1013716
shapes_6dof_events,6,p_w = 0.8,Sensitivity,p_w,0.8,1,1639,31,29,0.702242152466368,0.678509532062392,0.690171881886293,0.526917900403769,1,0.0574712643678161,0.321490467937608,0.094181
shapes_6dof_events,6,p_w = 0.9,Sensitivity,p_w,0.9,1,1639,31,29,0.702242152466368,0.678509532062392,0.690171881886293,0.526917900403769,1,0.0574712643678161,0.321490467937608,0.1037807
shapes_6dof_events,6,overlap = 0.7,Sensitivity,overlap,0.7,1,1639,31,29,0.702242152466368,0.678509532062392,0.690171881886293,0.526917900403769,1,0.0574712643678161,0.321490467937608,0.0943365
shapes_6dof_events,6,overlap = 0.8,Sensitivity,overlap,0.8,1,1639,31,29,0.702242152466368,0.678509532062392,0.690171881886293,0.526917900403769,1,0.0574712643678161,0.321490467937608,0.0903582
shapes_6dof_events,6,overlap = 0.9,Sensitivity,overlap,0.9,1,1639,31,29,0.702242152466368,0.677922077922078,0.689867841409692,0.526563550773369,1,0.0574712643678161,0.322077922077922,0.0922228
shapes_6dof_events,6,eps_s = 0.015,Sensitivity,eps_s,0.015,1,1639,31,25,0.705829596412556,0.688538932633421,0.697077059344553,0.535010197144799,1.07692307692308,0.0584498094027954,0.311461067366579,0.0943208
shapes_6dof_events,6,eps_s = 0.02,Sensitivity,eps_s,0.02,1,1639,31,29,0.702242152466368,0.678509532062392,0.690171881886293,0.526917900403769,1,0.0574712643678161,0.321490467937608,0.1064026
shapes_6dof_events,6,eps_s = 0.025,Sensitivity,eps_s,0.025,1,1639,31,21,0.706726457399103,0.715063520871143,0.710870545782589,0.551434569629111,1,0.101522842639594,0.284936479128857,0.1238039
shapes_6dof_events,6,eps_t = 0.005,Sensitivity,eps_t,0.005,1,1639,31,5,0.226008968609865,0.893617021276596,0.360773085182534,0.220087336244541,1,0.0634920634920635,0.106382978723404,0.0800081
shapes_6dof_events,6,eps_t = 0.01,Sensitivity,eps_t,0.01,1,1639,31,22,0.686995515695067,0.724007561436673,0.705016106764841,0.544420753375977,1,0.0496083550913838,0.275992438563327,0.1471174
shapes_6dof_events,6,eps_t = 0.015,Sensitivity,eps_t,0.015,1,1639,31,24,0.678923766816144,0.684448462929476,0.681674921206664,0.51707650273224,1.07692307692308,0.047556142668428,0.315551537070524,0.1118968
shapes_6dof_events,6,eps_t = 0.02,Sensitivity,eps_t,0.02,1,1639,31,29,0.702242152466368,0.678509532062392,0.690171881886293,0.526917900403769,1,0.0574712643678161,0.321490467937608,0.1008577
shapes_6dof_events,6,eps_t = 0.025,Sensitivity,eps_t,0.025,1,1639,31,29,0.702242152466368,0.678509532062392,0.690171881886293,0.526917900403769,1,0.0574712643678161,0.321490467937608,0.0925119
shapes_6dof_events,6,Event retention = 25%,Sparsity,retention,0.25,1,410,28,4,0.0656934306569343,0.375,0.111801242236025,0.0592105263157895,1,0,0.625,0.0218356
shapes_6dof_events,6,Event retention = 25%,Sparsity,retention,0.25,2,410,29,0,0,0,0,0,NaN,NaN,0,0.0280511
shapes_6dof_events,6,Event retention = 25%,Sparsity,retention,0.25,3,410,26,1,0.0363636363636364,0.555555555555556,0.068259385665529,0.0353356890459364,NaN,0,0.444444444444444,0.021789
shapes_6dof_events,6,Event retention = 25%,Sparsity,retention,0.25,4,410,28,2,0.0947368421052632,0.84375,0.170347003154574,0.0931034482758621,1,0.0740740740740741,0.15625,0.0250455
shapes_6dof_events,6,Event retention = 25%,Sparsity,retention,0.25,5,410,28,3,0.0477941176470588,0.419354838709677,0.0858085808580858,0.0448275862068966,1,0.0769230769230769,0.580645161290323,0.0190263
shapes_6dof_events,6,Event retention = 50%,Sparsity,retention,0.5,1,820,30,6,0.326750448833034,0.875,0.475816993464052,0.312178387650086,1,0.021978021978022,0.125,0.0566588
shapes_6dof_events,6,Event retention = 50%,Sparsity,retention,0.5,2,820,30,7,0.353846153846154,0.821428571428571,0.494623655913978,0.328571428571429,1,0.0483091787439613,0.178571428571429,0.0649245
shapes_6dof_events,6,Event retention = 50%,Sparsity,retention,0.5,3,820,30,13,0.47005444646098,0.787234042553192,0.588636363636364,0.4170692431562,1.125,0.0424710424710425,0.212765957446809,0.0896849
shapes_6dof_events,6,Event retention = 50%,Sparsity,retention,0.5,4,820,31,10,0.436363636363636,0.736196319018405,0.547945205479452,0.377358490566038,1,0.0458333333333333,0.263803680981595,0.0529049
shapes_6dof_events,6,Event retention = 50%,Sparsity,retention,0.5,5,820,31,10,0.471731448763251,0.866883116883117,0.610983981693364,0.439868204283361,1,0.0973782771535581,0.133116883116883,0.0474048
shapes_6dof_events,6,Event retention = 75%,Sparsity,retention,0.75,1,1229,31,20,0.608222490931076,0.668882978723404,0.637112096263458,0.467472118959108,1.11111111111111,0.0536779324055666,0.331117021276596,0.092186
shapes_6dof_events,6,Event retention = 75%,Sparsity,retention,0.75,2,1229,30,17,0.516523867809058,0.696369636963696,0.593113141250878,0.421578421578422,1.11111111111111,0.042654028436019,0.303630363036304,0.0981388
shapes_6dof_events,6,Event retention = 75%,Sparsity,retention,0.75,3,1229,31,17,0.516867469879518,0.694174757281553,0.592541436464088,0.421000981354269,1.11111111111111,0.0536130536130536,0.305825242718447,0.0845334
shapes_6dof_events,6,Event retention = 75%,Sparsity,retention,0.75,4,1229,31,16,0.485611510791367,0.697074010327022,0.57243816254417,0.400990099009901,1,0.0370370370370371,0.302925989672978,0.1174928
shapes_6dof_events,6,Event retention = 75%,Sparsity,retention,0.75,5,1229,31,21,0.635054021608643,0.707219251336898,0.669196710942442,0.502851711026616,1.4,0.0718336483931947,0.292780748663102,0.1024776
shapes_6dof_events,6,Added events = 5%,AddedEvents,added-event ratio,0.05,1,1721,31,27,0.714798206278027,0.68412017167382,0.699122807017544,0.537424140256237,1,0.053952321204517,0.31587982832618,0.1100152
shapes_6dof_events,6,Added events = 5%,AddedEvents,added-event ratio,0.05,2,1721,31,29,0.716591928251121,0.686426116838488,0.7011847301448,0.539864864864865,1,0.0588235294117647,0.313573883161512,0.0983746
shapes_6dof_events,6,Added events = 5%,AddedEvents,added-event ratio,0.05,3,1721,31,26,0.710313901345291,0.686903729401561,0.698412698412698,0.536585365853659,1,0.0542929292929293,0.313096270598439,0.1014515
shapes_6dof_events,6,Added events = 5%,AddedEvents,added-event ratio,0.05,4,1721,31,25,0.710313901345291,0.688695652173913,0.699337748344371,0.537678207739308,1,0.0580808080808081,0.311304347826087,0.0999176
shapes_6dof_events,6,Added events = 5%,AddedEvents,added-event ratio,0.05,5,1721,31,26,0.71390134529148,0.688581314878893,0.701012769704976,0.539661016949153,1,0.0577889447236181,0.311418685121107,0.1061426
shapes_6dof_events,6,Added events = 10%,AddedEvents,added-event ratio,0.1,1,1803,31,26,0.705829596412556,0.692172383465259,0.698934280639432,0.537201365187713,1,0.0686149936467598,0.307827616534741,0.1108854
shapes_6dof_events,6,Added events = 10%,AddedEvents,added-event ratio,0.1,2,1803,31,26,0.705829596412556,0.684943429068755,0.695229681978799,0.53283683141503,1,0.0559085133418044,0.315056570931245,0.1027929
shapes_6dof_events,6,Added events = 10%,AddedEvents,added-event ratio,0.1,3,1803,31,28,0.737219730941704,0.695431472081218,0.715716151501959,0.55728813559322,1.06666666666667,0.0632603406326034,0.304568527918782,0.1028918
shapes_6dof_events,6,Added events = 10%,AddedEvents,added-event ratio,0.1,4,1803,31,28,0.722869955156951,0.683630195080577,0.702702702702703,0.541666666666667,1.07142857142857,0.0570719602977667,0.316369804919423,0.1066213
shapes_6dof_events,6,Added events = 10%,AddedEvents,added-event ratio,0.1,5,1803,31,26,0.705829596412556,0.68613775065388,0.695844385499558,0.533559322033898,1,0.0559085133418044,0.31386224934612,0.1261699
shapes_6dof_events,6,Added events = 20%,AddedEvents,added-event ratio,0.2,1,1967,31,30,0.746188340807175,0.681967213114754,0.712633832976445,0.553559547571524,1,0.0564903846153846,0.318032786885246,0.1276676
shapes_6dof_events,6,Added events = 20%,AddedEvents,added-event ratio,0.2,2,1967,31,25,0.709417040358744,0.685441941074523,0.697223446452182,0.535182679296346,1,0.0619469026548672,0.314558058925477,0.1328587
shapes_6dof_events,6,Added events = 20%,AddedEvents,added-event ratio,0.2,3,1967,31,30,0.744394618834081,0.693979933110368,0.718303764604068,0.560432140445645,1.06666666666667,0.0566265060240964,0.306020066889632,0.1261616
shapes_6dof_events,6,Added events = 20%,AddedEvents,added-event ratio,0.2,4,1967,31,25,0.714798206278027,0.680034129692833,0.696982947092261,0.53489932885906,1,0.0514429109159348,0.319965870307167,0.1204605
shapes_6dof_events,6,Added events = 20%,AddedEvents,added-event ratio,0.2,5,1967,31,26,0.696860986547085,0.683978873239437,0.69035984007108,0.527137042062415,1,0.0656370656370656,0.316021126760563,0.1218566
shapes_6dof_events,6,Added events = 30%,AddedEvents,added-event ratio,0.3,1,2131,31,26,0.704035874439462,0.674398625429553,0.688898639754278,0.525435073627845,1,0.0547770700636943,0.325601374570447,0.1173038
shapes_6dof_events,6,Added events = 30%,AddedEvents,added-event ratio,0.3,2,2131,31,27,0.719282511210762,0.676222596964587,0.697088222511951,0.535023348899266,1,0.0623441396508728,0.323777403035413,0.1315464
shapes_6dof_events,6,Added events = 30%,AddedEvents,added-event ratio,0.3,3,2131,31,26,0.690582959641256,0.672489082969432,0.68141592920354,0.516778523489933,1,0.0688311688311688,0.327510917030568,0.1264018
shapes_6dof_events,6,Added events = 30%,AddedEvents,added-event ratio,0.3,4,2131,31,25,0.715695067264574,0.681468830059778,0.698162729658793,0.536290322580645,1,0.0588972431077694,0.318531169940222,0.1037436
shapes_6dof_events,6,Added events = 30%,AddedEvents,added-event ratio,0.3,5,2131,31,27,0.701345291479821,0.670094258783205,0.685363716038563,0.521333333333333,1.07692307692308,0.0677749360613811,0.329905741216795,0.1069792
shapes_6dof_events,6,Full LLGD runtime,Runtime,-,NaN,1,1639,31,29,0.702242152466368,0.678509532062392,0.690171881886293,0.526917900403769,1,0.0574712643678161,0.321490467937608,0.0920663
shapes_6dof_events,6,Full LLGD runtime,Runtime,-,NaN,2,1639,31,26,0.710313901345291,0.689295039164491,0.699646643109541,0.53804347826087,1,0.0580808080808081,0.310704960835509,0.1032939
shapes_6dof_events,6,Full LLGD runtime,Runtime,-,NaN,3,1639,31,26,0.711210762331839,0.685393258426966,0.69806338028169,0.536173089925625,1,0.0529634300126104,0.314606741573034,0.1021478
shapes_6dof_events,7,Full LLGD,Full,-,NaN,1,1595,25,22,0.611218568665377,0.686210640608035,0.646547314578005,0.477702191987906,1,0.0395569620253164,0.313789359391965,0.1176387
shapes_6dof_events,7,w/o weighted support,Ablation,UseWeights,0,1,1595,25,57,0.91779497098646,0.652233676975945,0.762555243069506,0.616233766233766,1.76470588235294,0.0495258166491043,0.347766323024055,0.1104173
shapes_6dof_events,7,w/o local verification,Ablation,UseVerification,0,1,1595,25,25,0.736943907156673,0.688969258589512,0.71214953271028,0.552975326560232,1,0.0459317585301837,0.311030741410488,0.0840888
shapes_6dof_events,7,w/o global expansion,Ablation,UseGlobalExpansion,0,1,1595,25,41,0.355899419729207,0.644483362521891,0.458566978193146,0.29749393694422,1.91666666666667,0.0163043478260869,0.355516637478109,0.1486425
shapes_6dof_events,7,unit estimation weights,Ablation,UseWeights,0,1,1595,25,22,0.588974854932302,0.688135593220339,0.63470557582074,0.464885496183206,1.1,0.0443349753694581,0.311864406779661,0.1380443
shapes_6dof_events,7,unit support tests,Ablation,UseMultiplicitySupport,0,1,1595,25,55,0.939071566731141,0.666437886067262,0.779606583701325,0.638815789473684,1.76470588235294,0.0648815653964985,0.333562113932738,0.1030968
shapes_6dof_events,7,MAD = 3,Sensitivity,MAD,3,1,1595,25,23,0.63926499032882,0.699470899470899,0.668014148559879,0.501517450682853,1,0.0347957639939486,0.300529100529101,0.1303247
shapes_6dof_events,7,MAD = 3.5,Sensitivity,MAD,3.5,1,1595,25,22,0.611218568665377,0.686210640608035,0.646547314578005,0.477702191987906,1,0.0395569620253164,0.313789359391965,0.1177459
shapes_6dof_events,7,MAD = 4,Sensitivity,MAD,4,1,1595,25,22,0.617021276595745,0.686759956942949,0.650025471217524,0.481509433962264,1,0.0391849529780565,0.313240043057051,0.1130787
shapes_6dof_events,7,p_in = 0.7,Sensitivity,p_in,0.7,1,1595,25,22,0.611218568665377,0.686210640608035,0.646547314578005,0.477702191987906,1,0.0395569620253164,0.313789359391965,0.1161053
shapes_6dof_events,7,p_in = 0.8,Sensitivity,p_in,0.8,1,1595,25,22,0.611218568665377,0.686210640608035,0.646547314578005,0.477702191987906,1,0.0395569620253164,0.313789359391965,0.1215621
shapes_6dof_events,7,p_in = 0.9,Sensitivity,p_in,0.9,1,1595,25,20,0.594777562862669,0.705275229357798,0.645330535152151,0.476374903175833,1,0.032520325203252,0.294724770642202,0.1285005
shapes_6dof_events,7,p_w = 0.7,Sensitivity,p_w,0.7,1,1595,25,22,0.611218568665377,0.687704026115343,0.64720942140297,0.478425435276306,1,0.0395569620253164,0.312295973884657,0.1239394
shapes_6dof_events,7,p_w = 0.8,Sensitivity,p_w,0.8,1,1595,25,22,0.611218568665377,0.686210640608035,0.646547314578005,0.477702191987906,1,0.0395569620253164,0.313789359391965,0.1180771
shapes_6dof_events,7,p_w = 0.9,Sensitivity,p_w,0.9,1,1595,25,24,0.649903288201161,0.687116564417178,0.667992047713718,0.501492537313433,1.18181818181818,0.0461309523809523,0.312883435582822,0.1250345
shapes_6dof_events,7,overlap = 0.7,Sensitivity,overlap,0.7,1,1595,25,22,0.611218568665377,0.686210640608035,0.646547314578005,0.477702191987906,1,0.0395569620253164,0.313789359391965,0.114095
shapes_6dof_events,7,overlap = 0.8,Sensitivity,overlap,0.8,1,1595,25,22,0.611218568665377,0.686210640608035,0.646547314578005,0.477702191987906,1,0.0395569620253164,0.313789359391965,0.122827
shapes_6dof_events,7,overlap = 0.9,Sensitivity,overlap,0.9,1,1595,25,22,0.611218568665377,0.686210640608035,0.646547314578005,0.477702191987906,1,0.0395569620253164,0.313789359391965,0.115277
shapes_6dof_events,7,eps_s = 0.015,Sensitivity,eps_s,0.015,1,1595,25,22,0.588007736943907,0.685456595264938,0.63300364393545,0.463061690784463,1,0.0263157894736842,0.314543404735062,0.1014865
shapes_6dof_events,7,eps_s = 0.02,Sensitivity,eps_s,0.02,1,1595,25,22,0.611218568665377,0.686210640608035,0.646547314578005,0.477702191987906,1,0.0395569620253164,0.313789359391965,0.1231901
shapes_6dof_events,7,eps_s = 0.025,Sensitivity,eps_s,0.025,1,1595,25,21,0.578336557059961,0.633474576271186,0.604651162790698,0.433333333333333,1,0.0317725752508361,0.366525423728814,0.1138284
shapes_6dof_events,7,eps_t = 0.005,Sensitivity,eps_t,0.005,1,1595,25,2,0.0841392649903288,0.6796875,0.14974182444062,0.0809302325581395,1,0,0.3203125,0.0720666
shapes_6dof_events,7,eps_t = 0.01,Sensitivity,eps_t,0.01,1,1595,25,20,0.585106382978723,0.689066059225513,0.632845188284519,0.462892119357307,1,0.0396694214876033,0.310933940774487,0.1093961
shapes_6dof_events,7,eps_t = 0.015,Sensitivity,eps_t,0.015,1,1595,25,21,0.588974854932302,0.691259931895573,0.636031331592689,0.466309341500766,1,0.0377668308702791,0.308740068104427,0.1037421
shapes_6dof_events,7,eps_t = 0.02,Sensitivity,eps_t,0.02,1,1595,25,22,0.611218568665377,0.686210640608035,0.646547314578005,0.477702191987906,1,0.0395569620253164,0.313789359391965,0.1161118
shapes_6dof_events,7,eps_t = 0.025,Sensitivity,eps_t,0.025,1,1595,25,22,0.611218568665377,0.686210640608035,0.646547314578005,0.477702191987906,1,0.0395569620253164,0.313789359391965,0.1206165
shapes_6dof_events,7,Event retention = 25%,Sparsity,retention,0.25,1,399,24,2,0.169354838709677,0.933333333333333,0.286689419795222,0.167330677290837,1,0.0714285714285714,0.0666666666666667,0.0215062
shapes_6dof_events,7,Event retention = 25%,Sparsity,retention,0.25,2,399,23,3,0.0929368029739777,0.641025641025641,0.162337662337662,0.088339222614841,1,0.08,0.358974358974359,0.019017
shapes_6dof_events,7,Event retention = 25%,Sparsity,retention,0.25,3,399,23,1,0,0,0,0,NaN,NaN,1,0.0363035
shapes_6dof_events,7,Event retention = 25%,Sparsity,retention,0.25,4,399,22,1,0.02,1,0.0392156862745098,0.02,1,0,0,0.021441
shapes_6dof_events,7,Event retention = 25%,Sparsity,retention,0.25,5,399,21,0,0,0,0,0,NaN,NaN,0,0.019898
shapes_6dof_events,7,Event retention = 50%,Sparsity,retention,0.5,1,798,24,3,0.125968992248062,0.747126436781609,0.21558872305141,0.120817843866171,1,0.0461538461538461,0.252873563218391,0.0868607
shapes_6dof_events,7,Event retention = 50%,Sparsity,retention,0.5,2,798,24,5,0.106666666666667,0.549019607843137,0.178628389154705,0.0980735551663748,1,0,0.450980392156863,0.0747249
shapes_6dof_events,7,Event retention = 50%,Sparsity,retention,0.5,3,798,24,2,0.00199600798403194,0.024390243902439,0.003690036900369,0.00184842883548983,NaN,0,0.975609756097561,0.0999252
shapes_6dof_events,7,Event retention = 50%,Sparsity,retention,0.5,4,798,24,7,0.346080305927342,0.78695652173913,0.48074369189907,0.316433566433566,1,0.0331491712707183,0.21304347826087,0.059565
shapes_6dof_events,7,Event retention = 50%,Sparsity,retention,0.5,5,798,24,2,0.144554455445545,0.760416666666667,0.242928452579035,0.138257575757576,1,0,0.239583333333333,0.0672524
shapes_6dof_events,7,Event retention = 75%,Sparsity,retention,0.75,1,1196,25,14,0.356867779204108,0.671497584541063,0.466051969823973,0.303825136612022,1.16666666666667,0.0431654676258992,0.328502415458937,0.1390835
shapes_6dof_events,7,Event retention = 75%,Sparsity,retention,0.75,2,1196,23,16,0.445736434108527,0.692771084337349,0.542452830188679,0.372168284789644,1,0.063768115942029,0.307228915662651,0.1001836
shapes_6dof_events,7,Event retention = 75%,Sparsity,retention,0.75,3,1196,25,14,0.401544401544402,0.681222707423581,0.505263157894737,0.338028169014085,1,0.0480769230769231,0.318777292576419,0.1008775
shapes_6dof_events,7,Event retention = 75%,Sparsity,retention,0.75,4,1196,25,14,0.41591784338896,0.663934426229508,0.511444356748224,0.343584305408271,1,0.0432098765432098,0.336065573770492,0.0903212
shapes_6dof_events,7,Event retention = 75%,Sparsity,retention,0.75,5,1196,25,14,0.346203346203346,0.645083932853717,0.450586264656616,0.290810810810811,1,0.033457249070632,0.354916067146283,0.0946346
shapes_6dof_events,7,Added events = 5%,AddedEvents,added-event ratio,0.05,1,1675,25,22,0.643133462282398,0.68486096807415,0.663341645885287,0.496268656716418,1,0.043609022556391,0.31513903192585,0.1419369
shapes_6dof_events,7,Added events = 5%,AddedEvents,added-event ratio,0.05,2,1675,25,22,0.607350096711799,0.684095860566449,0.64344262295082,0.474320241691843,1,0.0366242038216561,0.315904139433551,0.1214005
shapes_6dof_events,7,Added events = 5%,AddedEvents,added-event ratio,0.05,3,1675,25,21,0.624758220502901,0.690909090909091,0.656170644997461,0.488284202569917,1,0.0402476780185759,0.309090909090909,0.1268755
shapes_6dof_events,7,Added events = 5%,AddedEvents,added-event ratio,0.05,4,1675,25,21,0.593810444874275,0.681465038845727,0.634625322997416,0.464799394398183,1,0.0325732899022801,0.318534961154273,0.1268845
shapes_6dof_events,7,Added events = 5%,AddedEvents,added-event ratio,0.05,5,1675,25,24,0.736943907156673,0.709497206703911,0.722960151802656,0.566121842496285,1,0.0485564304461942,0.290502793296089,0.1448731
shapes_6dof_events,7,Added events = 10%,AddedEvents,added-event ratio,0.1,1,1755,25,21,0.594777562862669,0.676567656765677,0.633041688111168,0.463102409638554,1,0.0390243902439025,0.323432343234323,0.1359651
shapes_6dof_events,7,Added events = 10%,AddedEvents,added-event ratio,0.1,2,1755,25,24,0.667311411992263,0.689310689310689,0.678132678132678,0.513011152416357,1,0.0507246376811594,0.310689310689311,0.1201245
shapes_6dof_events,7,Added events = 10%,AddedEvents,added-event ratio,0.1,3,1755,25,22,0.597678916827853,0.641744548286604,0.618928392588883,0.448150833937636,1,0.0388349514563107,0.358255451713396,0.1066675
shapes_6dof_events,7,Added events = 10%,AddedEvents,added-event ratio,0.1,4,1755,25,20,0.586073500967118,0.694954128440367,0.63588667366212,0.466153846153846,1,0.0264026402640264,0.305045871559633,0.1273938
shapes_6dof_events,7,Added events = 10%,AddedEvents,added-event ratio,0.1,5,1755,25,23,0.63926499032882,0.694327731092437,0.665659617321249,0.498867924528302,1,0.0347957639939486,0.305672268907563,0.1220417
shapes_6dof_events,7,Added events = 20%,AddedEvents,added-event ratio,0.2,1,1914,25,24,0.691489361702128,0.66449814126394,0.677725118483412,0.512544802867383,1,0.0377622377622377,0.335501858736059,0.1144228
shapes_6dof_events,7,Added events = 20%,AddedEvents,added-event ratio,0.2,2,1914,25,24,0.722437137330754,0.672972972972973,0.696828358208955,0.534717251252684,1,0.0428380187416332,0.327027027027027,0.1266249
shapes_6dof_events,7,Added events = 20%,AddedEvents,added-event ratio,0.2,3,1914,25,21,0.588974854932302,0.675166297117517,0.629132231404959,0.458929917106255,1,0.0262725779967159,0.324833702882483,0.1333648
shapes_6dof_events,7,Added events = 20%,AddedEvents,added-event ratio,0.2,4,1914,25,22,0.629593810444874,0.691817215727949,0.659240506329114,0.491691842900302,1,0.0399385560675883,0.308182784272051,0.1050468
shapes_6dof_events,7,Added events = 20%,AddedEvents,added-event ratio,0.2,5,1914,25,22,0.611218568665377,0.680301399354144,0.643912379011717,0.474830954169797,1,0.0395569620253164,0.319698600645856,0.1269586
shapes_6dof_events,7,Added events = 30%,AddedEvents,added-event ratio,0.3,1,2074,25,24,0.687620889748549,0.666354264292409,0.676820561637316,0.511510791366906,1,0.039381153305204,0.333645735707591,0.1194936
shapes_6dof_events,7,Added events = 30%,AddedEvents,added-event ratio,0.3,2,2074,25,22,0.629593810444874,0.676715176715177,0.652304609218437,0.484014869888476,1,0.0860215053763441,0.323284823284823,0.1593623
shapes_6dof_events,7,Added events = 30%,AddedEvents,added-event ratio,0.3,3,2074,25,22,0.686653771760155,0.680728667305848,0.683678382282138,0.519385515727871,1,0.0380281690140845,0.319271332694151,0.1386276
shapes_6dof_events,7,Added events = 30%,AddedEvents,added-event ratio,0.3,4,2074,25,24,0.67504835589942,0.662239089184061,0.668582375478927,0.502158273381295,1,0.0501432664756447,0.337760910815939,0.1336929
shapes_6dof_events,7,Added events = 30%,AddedEvents,added-event ratio,0.3,5,2074,25,20,0.593810444874275,0.673245614035088,0.63103802672148,0.460960960960961,1,0.0358306188925082,0.326754385964912,0.1271374
shapes_6dof_events,7,Full LLGD runtime,Runtime,-,NaN,1,1595,25,22,0.611218568665377,0.686210640608035,0.646547314578005,0.477702191987906,1,0.0395569620253164,0.313789359391965,0.1298832
shapes_6dof_events,7,Full LLGD runtime,Runtime,-,NaN,2,1595,25,22,0.643133462282398,0.683453237410072,0.662680617837568,0.495529061102832,1,0.043609022556391,0.316546762589928,0.1204019
shapes_6dof_events,7,Full LLGD runtime,Runtime,-,NaN,3,1595,25,21,0.593810444874275,0.680709534368071,0.634297520661157,0.464447806354009,1,0.0325732899022801,0.319290465631929,0.118912
shapes_6dof_events,8,Full LLGD,Full,-,NaN,1,1557,35,19,0.466725043782837,0.748595505617977,0.574973031283711,0.403482210446631,1,0.0525328330206379,0.251404494382022,0.1106236
shapes_6dof_events,8,w/o weighted support,Ablation,UseWeights,0,1,1557,35,75,0.941330998248686,0.750174459176553,0.83495145631068,0.716666666666667,2.125,0.0762790697674418,0.249825540823447,0.0923455
shapes_6dof_events,8,w/o local verification,Ablation,UseVerification,0,1,1557,35,25,0.654115586690017,0.783018867924528,0.712786259541985,0.553743513713862,1.07692307692308,0.0455153949129853,0.216981132075472,0.0822892
shapes_6dof_events,8,w/o global expansion,Ablation,UseGlobalExpansion,0,1,1557,35,32,0.31260945709282,0.764453961456103,0.443753884400249,0.285143769968051,2.2,0.0392156862745098,0.235546038543897,0.1369769
shapes_6dof_events,8,unit estimation weights,Ablation,UseWeights,0,1,1557,35,19,0.470227670753065,0.745833333333333,0.576799140708915,0.405283018867925,1,0.0521415270018621,0.254166666666667,0.1203757
shapes_6dof_events,8,unit support tests,Ablation,UseMultiplicitySupport,0,1,1557,35,74,0.930823117338003,0.747538677918425,0.829173166926677,0.70819453697535,1.91666666666667,0.0451552210724365,0.252461322081575,0.1239546
shapes_6dof_events,8,MAD = 3,Sensitivity,MAD,3,1,1557,35,18,0.450963222416813,0.748546511627907,0.562841530054645,0.391634980988593,1,0.0388349514563107,0.251453488372093,0.1199707
shapes_6dof_events,8,MAD = 3.5,Sensitivity,MAD,3.5,1,1557,35,19,0.466725043782837,0.748595505617977,0.574973031283711,0.403482210446631,1,0.0525328330206379,0.251404494382022,0.1237146
shapes_6dof_events,8,MAD = 4,Sensitivity,MAD,4,1,1557,35,18,0.46584938704028,0.741980474198047,0.57235072619688,0.400904295403165,1,0.0601503759398496,0.258019525801953,0.0970797
shapes_6dof_events,8,p_in = 0.7,Sensitivity,p_in,0.7,1,1557,35,20,0.492994746059545,0.754691689008043,0.596398305084746,0.424905660377358,1,0.0497335701598579,0.245308310991957,0.1054297
shapes_6dof_events,8,p_in = 0.8,Sensitivity,p_in,0.8,1,1557,35,19,0.466725043782837,0.748595505617977,0.574973031283711,0.403482210446631,1,0.0525328330206379,0.251404494382022,0.107152
shapes_6dof_events,8,p_in = 0.9,Sensitivity,p_in,0.9,1,1557,35,19,0.471978984238179,0.750696378830084,0.579569892473118,0.408024224072672,1,0.0538033395176253,0.249303621169916,0.1104085
shapes_6dof_events,8,p_w = 0.7,Sensitivity,p_w,0.7,1,1557,35,19,0.466725043782837,0.748595505617977,0.574973031283711,0.403482210446631,1,0.0525328330206379,0.251404494382022,0.124674
shapes_6dof_events,8,p_w = 0.8,Sensitivity,p_w,0.8,1,1557,35,19,0.466725043782837,0.748595505617977,0.574973031283711,0.403482210446631,1,0.0525328330206379,0.251404494382022,0.1177274
shapes_6dof_events,8,p_w = 0.9,Sensitivity,p_w,0.9,1,1557,35,19,0.466725043782837,0.748595505617977,0.574973031283711,0.403482210446631,1,0.0525328330206379,0.251404494382022,0.1113925
shapes_6dof_events,8,overlap = 0.7,Sensitivity,overlap,0.7,1,1557,35,19,0.466725043782837,0.748595505617977,0.574973031283711,0.403482210446631,1,0.0525328330206379,0.251404494382022,0.113433
shapes_6dof_events,8,overlap = 0.8,Sensitivity,overlap,0.8,1,1557,35,19,0.466725043782837,0.748595505617977,0.574973031283711,0.403482210446631,1,0.0525328330206379,0.251404494382022,0.1360823
shapes_6dof_events,8,overlap = 0.9,Sensitivity,overlap,0.9,1,1557,35,19,0.466725043782837,0.748595505617977,0.574973031283711,0.403482210446631,1,0.0525328330206379,0.251404494382022,0.142901
shapes_6dof_events,8,eps_s = 0.015,Sensitivity,eps_s,0.015,1,1557,35,17,0.474605954465849,0.775393419170243,0.588810429114612,0.417244033872209,1,0.0479704797047971,0.224606580829757,0.1097936
shapes_6dof_events,8,eps_s = 0.02,Sensitivity,eps_s,0.02,1,1557,35,19,0.466725043782837,0.748595505617977,0.574973031283711,0.403482210446631,1,0.0525328330206379,0.251404494382022,0.1201852
shapes_6dof_events,8,eps_s = 0.025,Sensitivity,eps_s,0.025,1,1557,35,20,0.514010507880911,0.753530166880616,0.611140031233732,0.440029985007496,1,0.0749574105621805,0.246469833119384,0.1137003
shapes_6dof_events,8,eps_t = 0.005,Sensitivity,eps_t,0.005,1,1557,35,1,0.0674255691768827,1,0.126333059885152,0.0674255691768827,1,0,0,0.0585536
shapes_6dof_events,8,eps_t = 0.01,Sensitivity,eps_t,0.01,1,1557,35,14,0.422066549912434,0.744976816074189,0.538848518725545,0.368783473603673,1,0.0477178423236515,0.255023183925811,0.1142849
shapes_6dof_events,8,eps_t = 0.015,Sensitivity,eps_t,0.015,1,1557,35,17,0.474605954465849,0.784370477568741,0.591380250954719,0.419829589465531,1.1,0.0424354243542435,0.215629522431259,0.1255368
shapes_6dof_events,8,eps_t = 0.02,Sensitivity,eps_t,0.02,1,1557,35,19,0.466725043782837,0.748595505617977,0.574973031283711,0.403482210446631,1,0.0525328330206379,0.251404494382022,0.1334342
shapes_6dof_events,8,eps_t = 0.025,Sensitivity,eps_t,0.025,1,1557,35,19,0.466725043782837,0.748595505617977,0.574973031283711,0.403482210446631,1,0.0525328330206379,0.251404494382022,0.1365987
shapes_6dof_events,8,Event retention = 25%,Sparsity,retention,0.25,1,389,31,1,0.0140350877192982,0.333333333333333,0.0269360269360269,0.0136518771331058,NaN,0,0.666666666666667,0.017126
shapes_6dof_events,8,Event retention = 25%,Sparsity,retention,0.25,2,389,28,0,0,0,0,0,NaN,NaN,0,0.0133692
shapes_6dof_events,8,Event retention = 25%,Sparsity,retention,0.25,3,389,27,1,0.0175438596491228,0.833333333333333,0.0343642611683849,0.0174825174825175,1,0,0.166666666666667,0.0163252
shapes_6dof_events,8,Event retention = 25%,Sparsity,retention,0.25,4,389,31,2,0.0326086956521739,0.529411764705882,0.0614334470989761,0.0316901408450704,1,0,0.470588235294118,0.0293428
shapes_6dof_events,8,Event retention = 25%,Sparsity,retention,0.25,5,389,31,0,0,0,0,0,NaN,NaN,0,0.0205778
shapes_6dof_events,8,Event retention = 50%,Sparsity,retention,0.5,1,779,33,3,0.214162348877375,0.905109489051095,0.346368715083799,0.209459459459459,1,0.00806451612903225,0.0948905109489051,0.0476623
shapes_6dof_events,8,Event retention = 50%,Sparsity,retention,0.5,2,779,33,6,0.352014010507881,0.897321428571429,0.505660377358491,0.338383838383838,1,0,0.102678571428571,0.04697
shapes_6dof_events,8,Event retention = 50%,Sparsity,retention,0.5,3,779,34,9,0.285467128027682,0.816831683168317,0.423076923076923,0.268292682926829,1,0.0363636363636364,0.183168316831683,0.0630731
shapes_6dof_events,8,Event retention = 50%,Sparsity,retention,0.5,4,779,33,6,0.332161687170475,0.926470588235294,0.489003880983182,0.323630136986301,1,0.0634920634920635,0.0735294117647059,0.0626479
shapes_6dof_events,8,Event retention = 50%,Sparsity,retention,0.5,5,779,32,4,0.203180212014134,0.982905982905983,0.336749633967789,0.202464788732394,1.33333333333333,0.00869565217391299,0.0170940170940171,0.0640522
shapes_6dof_events,8,Event retention = 75%,Sparsity,retention,0.75,1,1168,35,10,0.345433255269321,0.855072463768116,0.492076730608841,0.326327433628319,1,0.0101694915254237,0.144927536231884,0.1076412
shapes_6dof_events,8,Event retention = 75%,Sparsity,retention,0.75,2,1168,35,11,0.398373983739837,0.851116625310174,0.542721518987342,0.372421281216069,1,0.0466472303206997,0.148883374689826,0.1125595
shapes_6dof_events,8,Event retention = 75%,Sparsity,retention,0.75,3,1168,33,11,0.355971896955504,0.7735368956743,0.48757016840417,0.32237539766702,1,0.0328947368421053,0.2264631043257,0.0775615
shapes_6dof_events,8,Event retention = 75%,Sparsity,retention,0.75,4,1168,35,13,0.449122807017544,0.859060402684564,0.589861751152074,0.418300653594771,1,0.0442708333333334,0.140939597315436,0.086955
shapes_6dof_events,8,Event retention = 75%,Sparsity,retention,0.75,5,1168,31,12,0.381118881118881,0.751724137931034,0.505800464037123,0.338509316770186,1,0.0428134556574924,0.248275862068966,0.0918638
shapes_6dof_events,8,Added events = 5%,AddedEvents,added-event ratio,0.05,1,1635,35,18,0.467600700525394,0.756373937677054,0.577922077922078,0.406392694063927,1,0.0543071161048689,0.243626062322946,0.1268025
shapes_6dof_events,8,Added events = 5%,AddedEvents,added-event ratio,0.05,2,1635,35,19,0.469352014010508,0.746518105849582,0.576344086021505,0.404833836858006,1,0.0541044776119403,0.253481894150418,0.128865
shapes_6dof_events,8,Added events = 5%,AddedEvents,added-event ratio,0.05,3,1635,35,19,0.469352014010508,0.751753155680224,0.577897574123989,0.406368460955269,1,0.0541044776119403,0.248246844319776,0.1457654
shapes_6dof_events,8,Added events = 5%,AddedEvents,added-event ratio,0.05,4,1635,35,20,0.458844133099825,0.741159830268741,0.566792861005949,0.395471698113208,1,0.0419847328244275,0.258840169731259,0.1649727
shapes_6dof_events,8,Added events = 5%,AddedEvents,added-event ratio,0.05,5,1635,35,20,0.584938704028021,0.784037558685446,0.670010030090271,0.503770739064857,1.09090909090909,0.0598802395209581,0.215962441314554,0.1277641
shapes_6dof_events,8,Added events = 10%,AddedEvents,added-event ratio,0.1,1,1713,35,17,0.45446584938704,0.754360465116279,0.567213114754098,0.395881006864989,1,0.0558766859344894,0.245639534883721,0.145393
shapes_6dof_events,8,Added events = 10%,AddedEvents,added-event ratio,0.1,2,1713,35,19,0.468476357267951,0.746164574616457,0.57557826788596,0.404078549848943,1,0.0542056074766355,0.253835425383543,0.1328262
shapes_6dof_events,8,Added events = 10%,AddedEvents,added-event ratio,0.1,3,1713,35,18,0.467600700525394,0.762857142857143,0.579804560260586,0.408256880733945,1,0.0543071161048689,0.237142857142857,0.1826198
shapes_6dof_events,8,Added events = 10%,AddedEvents,added-event ratio,0.1,4,1713,35,19,0.466725043782837,0.741307371349096,0.572810317033853,0.401355421686747,1,0.0525328330206379,0.258692628650904,0.1477466
shapes_6dof_events,8,Added events = 10%,AddedEvents,added-event ratio,0.1,5,1713,35,19,0.468476357267951,0.745125348189415,0.575268817204301,0.40377358490566,1,0.0523364485981308,0.254874651810585,0.1598894
shapes_6dof_events,8,Added events = 20%,AddedEvents,added-event ratio,0.2,1,1868,35,20,0.482486865148862,0.737617135207497,0.583377448385389,0.411808669656203,1,0.0544464609800362,0.262382864792503,0.1539416
shapes_6dof_events,8,Added events = 20%,AddedEvents,added-event ratio,0.2,2,1868,35,18,0.456217162872154,0.740056818181818,0.564463705308776,0.393207547169811,1,0.0556621880998081,0.259943181818182,0.147887
shapes_6dof_events,8,Added events = 20%,AddedEvents,added-event ratio,0.2,3,1868,35,18,0.456217162872154,0.740056818181818,0.564463705308776,0.393207547169811,1,0.0556621880998081,0.259943181818182,0.1317862
shapes_6dof_events,8,Added events = 20%,AddedEvents,added-event ratio,0.2,4,1868,35,19,0.503502626970228,0.759577278731836,0.605581885202738,0.43429003021148,1,0.0539130434782609,0.240422721268164,0.2524174
shapes_6dof_events,8,Added events = 20%,AddedEvents,added-event ratio,0.2,5,1868,35,18,0.466725043782837,0.744413407821229,0.573735199138859,0.402264150943396,1,0.0487804878048781,0.255586592178771,0.2920603
shapes_6dof_events,8,Added events = 30%,AddedEvents,added-event ratio,0.3,1,2024,35,19,0.570052539404553,0.775923718712753,0.657243816254417,0.489473684210526,1,0.0460829493087558,0.224076281287247,0.3693569
shapes_6dof_events,8,Added events = 30%,AddedEvents,added-event ratio,0.3,2,2024,35,18,0.472854640980736,0.751043115438109,0.580333154218162,0.408781226343679,1,0.0555555555555556,0.248956884561892,0.4626579
shapes_6dof_events,8,Added events = 30%,AddedEvents,added-event ratio,0.3,3,2024,35,21,0.485989492119089,0.733157199471598,0.584518167456556,0.412946428571429,1,0.0558558558558558,0.266842800528402,0.2669268
shapes_6dof_events,8,Added events = 30%,AddedEvents,added-event ratio,0.3,4,2024,35,20,0.473730297723292,0.723262032085562,0.572486772486773,0.401037805782061,1,0.0499075785582255,0.276737967914438,0.2637601
shapes_6dof_events,8,Added events = 30%,AddedEvents,added-event ratio,0.3,5,2024,35,19,0.485989492119089,0.732189973614776,0.584210526315789,0.412639405204461,1,0.0846846846846847,0.267810026385224,0.3322349
shapes_6dof_events,8,Full LLGD runtime,Runtime,-,NaN,1,1557,35,19,0.466725043782837,0.748595505617977,0.574973031283711,0.403482210446631,1,0.0525328330206379,0.251404494382022,0.23379
shapes_6dof_events,8,Full LLGD runtime,Runtime,-,NaN,2,1557,35,19,0.468476357267951,0.752461322081575,0.577441985968699,0.405918057663126,1,0.0542056074766355,0.247538677918425,0.1873579
shapes_6dof_events,8,Full LLGD runtime,Runtime,-,NaN,3,1557,35,19,0.466725043782837,0.748595505617977,0.574973031283711,0.403482210446631,1,0.0525328330206379,0.251404494382022,0.1939532
shapes_6dof_events,9,Full LLGD,Full,-,NaN,1,1450,33,24,0.63771186440678,0.695953757225434,0.665561083471531,0.498757249378625,1,0.0631229235880398,0.304046242774566,0.1035104
shapes_6dof_events,9,w/o weighted support,Ablation,UseWeights,0,1,1450,33,65,0.92478813559322,0.661363636363636,0.771201413427562,0.627606038820992,1.94444444444444,0.0641466208476518,0.338636363636364,0.1058305
shapes_6dof_events,9,w/o local verification,Ablation,UseVerification,0,1,1450,33,22,0.643008474576271,0.700115340253749,0.670347874102706,0.504152823920266,1,0.0626029654036244,0.299884659746251,0.0558214
shapes_6dof_events,9,w/o global expansion,Ablation,UseGlobalExpansion,0,1,1450,33,38,0.414194915254237,0.708333333333333,0.522727272727273,0.353846153846154,2,0.0434782608695652,0.291666666666667,0.1094754
shapes_6dof_events,9,unit estimation weights,Ablation,UseWeights,0,1,1450,33,21,0.632415254237288,0.712410501193317,0.67003367003367,0.50379746835443,1,0.0787269681742043,0.287589498806683,0.0761934
shapes_6dof_events,9,unit support tests,Ablation,UseMultiplicitySupport,0,1,1450,33,64,0.935381355932203,0.668433005299016,0.779690949227373,0.638929088277858,1.83333333333333,0.071347678369196,0.331566994700984,0.1055557
shapes_6dof_events,9,MAD = 3,Sensitivity,MAD,3,1,1450,33,23,0.623940677966102,0.700356718192628,0.659943977591036,0.49247491638796,1,0.0611205432937182,0.299643281807372,0.084864
shapes_6dof_events,9,MAD = 3.5,Sensitivity,MAD,3.5,1,1450,33,24,0.63771186440678,0.695953757225434,0.665561083471531,0.498757249378625,1,0.0631229235880398,0.304046242774566,0.0680428
shapes_6dof_events,9,MAD = 4,Sensitivity,MAD,4,1,1450,33,24,0.645127118644068,0.70242214532872,0.672556598564329,0.506655574043261,1,0.0591133004926109,0.29757785467128,0.0858056
shapes_6dof_events,9,p_in = 0.7,Sensitivity,p_in,0.7,1,1450,33,24,0.641949152542373,0.696551724137931,0.668136714443219,0.501655629139073,1,0.0627062706270627,0.303448275862069,0.0662052
shapes_6dof_events,9,p_in = 0.8,Sensitivity,p_in,0.8,1,1450,33,24,0.63771186440678,0.695953757225434,0.665561083471531,0.498757249378625,1,0.0631229235880398,0.304046242774566,0.0837045
shapes_6dof_events,9,p_in = 0.9,Sensitivity,p_in,0.9,1,1450,33,24,0.648305084745763,0.701030927835051,0.673637864611998,0.507883817427386,1,0.0669934640522876,0.298969072164948,0.0925901
shapes_6dof_events,9,p_w = 0.7,Sensitivity,p_w,0.7,1,1450,33,24,0.63771186440678,0.695953757225434,0.665561083471531,0.498757249378625,1,0.0631229235880398,0.304046242774566,0.069609
shapes_6dof_events,9,p_w = 0.8,Sensitivity,p_w,0.8,1,1450,33,24,0.63771186440678,0.695953757225434,0.665561083471531,0.498757249378625,1,0.0631229235880398,0.304046242774566,0.067635
shapes_6dof_events,9,p_w = 0.9,Sensitivity,p_w,0.9,1,1450,33,24,0.63771186440678,0.695953757225434,0.665561083471531,0.498757249378625,1,0.0631229235880398,0.304046242774566,0.069224
shapes_6dof_events,9,overlap = 0.7,Sensitivity,overlap,0.7,1,1450,33,24,0.63771186440678,0.695953757225434,0.665561083471531,0.498757249378625,1,0.0631229235880398,0.304046242774566,0.0679534
shapes_6dof_events,9,overlap = 0.8,Sensitivity,overlap,0.8,1,1450,33,24,0.63771186440678,0.695953757225434,0.665561083471531,0.498757249378625,1,0.0631229235880398,0.304046242774566,0.066842
shapes_6dof_events,9,overlap = 0.9,Sensitivity,overlap,0.9,1,1450,33,24,0.63771186440678,0.696759259259259,0.665929203539823,0.499170812603648,1,0.0631229235880398,0.303240740740741,0.0751226
shapes_6dof_events,9,eps_s = 0.015,Sensitivity,eps_s,0.015,1,1450,33,21,0.633474576271186,0.756962025316456,0.689734717416378,0.526408450704225,1,0.040133779264214,0.243037974683544,0.0903968
shapes_6dof_events,9,eps_s = 0.02,Sensitivity,eps_s,0.02,1,1450,33,24,0.63771186440678,0.695953757225434,0.665561083471531,0.498757249378625,1,0.0631229235880398,0.304046242774566,0.0701132
shapes_6dof_events,9,eps_s = 0.025,Sensitivity,eps_s,0.025,1,1450,33,20,0.652542372881356,0.717948717948718,0.683684794672586,0.519392917369309,1,0.0568181818181818,0.282051282051282,0.0862668
shapes_6dof_events,9,eps_t = 0.005,Sensitivity,eps_t,0.005,1,1450,33,4,0.157838983050847,0.85632183908046,0.26654740608229,0.153766769865841,1,0.0268456375838926,0.14367816091954,0.0708298
shapes_6dof_events,9,eps_t = 0.01,Sensitivity,eps_t,0.01,1,1450,33,17,0.587923728813559,0.736074270557029,0.653710247349823,0.485564304461942,1,0.0558558558558558,0.263925729442971,0.1208128
shapes_6dof_events,9,eps_t = 0.015,Sensitivity,eps_t,0.015,1,1450,33,18,0.573093220338983,0.700777202072539,0.630536130536131,0.460425531914894,1,0.0591497227356746,0.299222797927461,0.099718
shapes_6dof_events,9,eps_t = 0.02,Sensitivity,eps_t,0.02,1,1450,33,24,0.63771186440678,0.695953757225434,0.665561083471531,0.498757249378625,1,0.0631229235880398,0.304046242774566,0.0669436
shapes_6dof_events,9,eps_t = 0.025,Sensitivity,eps_t,0.025,1,1450,33,24,0.63771186440678,0.695953757225434,0.665561083471531,0.498757249378625,1,0.0631229235880398,0.304046242774566,0.0821234
shapes_6dof_events,9,Event retention = 25%,Sparsity,retention,0.25,1,363,30,1,0.0714285714285714,1,0.133333333333333,0.0714285714285714,1,0.25,0,0.0148454
shapes_6dof_events,9,Event retention = 25%,Sparsity,retention,0.25,2,363,30,2,0.205240174672489,0.979166666666667,0.339350180505415,0.204347826086957,1,0.0212765957446809,0.0208333333333333,0.0206233
shapes_6dof_events,9,Event retention = 25%,Sparsity,retention,0.25,3,363,29,1,0.092,1,0.168498168498168,0.092,1,0,0,0.0157992
shapes_6dof_events,9,Event retention = 25%,Sparsity,retention,0.25,4,363,28,0,0,0,0,0,NaN,NaN,0,0.0142697
shapes_6dof_events,9,Event retention = 25%,Sparsity,retention,0.25,5,363,27,1,0.0616740088105727,1,0.116182572614108,0.0616740088105727,1,0,0,0.0138831
shapes_6dof_events,9,Event retention = 50%,Sparsity,retention,0.5,1,725,30,4,0.311158798283262,0.973154362416107,0.471544715447155,0.308510638297872,1,0.0137931034482759,0.0268456375838926,0.0676669
shapes_6dof_events,9,Event retention = 50%,Sparsity,retention,0.5,2,725,32,5,0.213530655391121,0.7890625,0.336106489184692,0.202,1,0.0495049504950495,0.2109375,0.0617308
shapes_6dof_events,9,Event retention = 50%,Sparsity,retention,0.5,3,725,30,6,0.136554621848739,0.565217391304348,0.219966159052453,0.123574144486692,1,0.0153846153846153,0.434782608695652,0.0590343
shapes_6dof_events,9,Event retention = 50%,Sparsity,retention,0.5,4,725,32,4,0.263598326359833,0.893617021276596,0.407108239095315,0.255578093306288,1,0.0555555555555556,0.106382978723404,0.054329
shapes_6dof_events,9,Event retention = 50%,Sparsity,retention,0.5,5,725,32,7,0.291489361702128,0.661835748792271,0.404726735598227,0.253703703703704,1,0.00729927007299269,0.338164251207729,0.0416406
shapes_6dof_events,9,Event retention = 75%,Sparsity,retention,0.75,1,1088,32,14,0.532303370786517,0.775051124744376,0.631140716069942,0.461070559610706,1,0.0554089709762533,0.224948875255624,0.0816121
shapes_6dof_events,9,Event retention = 75%,Sparsity,retention,0.75,2,1088,33,14,0.480555555555556,0.720833333333333,0.576666666666667,0.405152224824356,1,0.0491329479768786,0.279166666666667,0.0901029
shapes_6dof_events,9,Event retention = 75%,Sparsity,retention,0.75,3,1088,33,18,0.567039106145251,0.70242214532872,0.627511591962906,0.457207207207207,1,0.0738916256157636,0.29757785467128,0.0732614
shapes_6dof_events,9,Event retention = 75%,Sparsity,retention,0.75,4,1088,32,12,0.46685878962536,0.74141876430206,0.572944297082228,0.401486988847584,1,0.0679012345679012,0.258581235697941,0.0910577
shapes_6dof_events,9,Event retention = 75%,Sparsity,retention,0.75,5,1088,32,9,0.418079096045198,0.815426997245179,0.552754435107376,0.381935483870968,1,0.0777027027027027,0.184573002754821,0.1053207
shapes_6dof_events,9,Added events = 5%,AddedEvents,added-event ratio,0.05,1,1523,33,24,0.705508474576271,0.719222462203024,0.712299465240642,0.553156146179402,1,0.0570570570570571,0.280777537796976,0.1037501
shapes_6dof_events,9,Added events = 5%,AddedEvents,added-event ratio,0.05,2,1523,33,24,0.692796610169492,0.702470461868958,0.6976,0.535626535626536,1,0.0611620795107034,0.297529538131042,0.0854942
shapes_6dof_events,9,Added events = 5%,AddedEvents,added-event ratio,0.05,3,1523,33,23,0.63771186440678,0.697566628041715,0.666297731045932,0.499585062240664,1,0.0631229235880398,0.302433371958285,0.0870115
shapes_6dof_events,9,Added events = 5%,AddedEvents,added-event ratio,0.05,4,1523,33,23,0.636652542372881,0.695601851851852,0.664823008849558,0.497928748964375,1,0.0632279534109818,0.304398148148148,0.080313
shapes_6dof_events,9,Added events = 5%,AddedEvents,added-event ratio,0.05,5,1523,33,23,0.623940677966102,0.697867298578199,0.658836689038031,0.491242702251877,1,0.0645161290322581,0.302132701421801,0.0767447
shapes_6dof_events,9,Added events = 10%,AddedEvents,added-event ratio,0.1,1,1595,33,23,0.638771186440678,0.694700460829493,0.665562913907285,0.498759305210918,1,0.0630182421227198,0.305299539170507,0.0794709
shapes_6dof_events,9,Added events = 10%,AddedEvents,added-event ratio,0.1,2,1595,33,22,0.622881355932203,0.692579505300353,0.655883993307306,0.487966804979253,1,0.064625850340136,0.307420494699647,0.1317542
shapes_6dof_events,9,Added events = 10%,AddedEvents,added-event ratio,0.1,3,1595,33,23,0.61864406779661,0.67514450867052,0.645660585959093,0.476734693877551,1,0.0667808219178082,0.32485549132948,0.0833686
shapes_6dof_events,9,Added events = 10%,AddedEvents,added-event ratio,0.1,4,1595,33,23,0.646186440677966,0.69634703196347,0.67032967032967,0.504132231404959,1,0.0639344262295082,0.30365296803653,0.0811726
shapes_6dof_events,9,Added events = 10%,AddedEvents,added-event ratio,0.1,5,1595,33,23,0.638771186440678,0.697109826589595,0.666666666666667,0.5,1,0.0630182421227198,0.302890173410405,0.0763077
shapes_6dof_events,9,Added events = 20%,AddedEvents,added-event ratio,0.2,1,1740,33,23,0.711864406779661,0.730434782608696,0.721030042918455,0.563758389261745,1,0.0684523809523809,0.269565217391304,0.1004419
shapes_6dof_events,9,Added events = 20%,AddedEvents,added-event ratio,0.2,2,1740,33,25,0.635593220338983,0.679501698754247,0.656814449917898,0.488997555012225,1,0.0633333333333334,0.320498301245753,0.0777865
shapes_6dof_events,9,Added events = 20%,AddedEvents,added-event ratio,0.2,3,1740,33,23,0.638771186440678,0.686006825938567,0.66154690071311,0.494262295081967,1,0.0630182421227198,0.313993174061433,0.0722613
shapes_6dof_events,9,Added events = 20%,AddedEvents,added-event ratio,0.2,4,1740,33,24,0.682203389830508,0.703825136612022,0.692845615922539,0.530041152263374,1,0.0590062111801242,0.296174863387978,0.0721327
shapes_6dof_events,9,Added events = 20%,AddedEvents,added-event ratio,0.2,5,1740,33,23,0.63771186440678,0.695150115473441,0.665193370165746,0.498344370860927,1,0.0614617940199336,0.304849884526559,0.0633032
shapes_6dof_events,9,Added events = 30%,AddedEvents,added-event ratio,0.3,1,1885,33,23,0.634533898305085,0.679138321995465,0.656078860898138,0.488182559087205,1,0.0751252086811353,0.320861678004535,0.0826096
shapes_6dof_events,9,Added events = 30%,AddedEvents,added-event ratio,0.3,2,1885,33,23,0.63771186440678,0.689576174112257,0.662630709961475,0.495473251028807,1,0.0548172757475083,0.310423825887743,0.0787911
shapes_6dof_events,9,Added events = 30%,AddedEvents,added-event ratio,0.3,3,1885,33,23,0.643008474576271,0.698504027617952,0.669608383894098,0.503316749585406,1,0.0642504118616145,0.301495972382048,0.0884773
shapes_6dof_events,9,Added events = 30%,AddedEvents,added-event ratio,0.3,4,1885,33,24,0.647245762711864,0.692743764172336,0.669222343921139,0.502880658436214,1,0.0621931260229133,0.307256235827664,0.0795765
shapes_6dof_events,9,Added events = 30%,AddedEvents,added-event ratio,0.3,5,1885,33,22,0.619703389830508,0.693127962085308,0.654362416107382,0.486284289276808,1,0.0752136752136752,0.306872037914692,0.0815407
shapes_6dof_events,9,Full LLGD runtime,Runtime,-,NaN,1,1450,33,24,0.63771186440678,0.695953757225434,0.665561083471531,0.498757249378625,1,0.0631229235880398,0.304046242774566,0.076209
shapes_6dof_events,9,Full LLGD runtime,Runtime,-,NaN,2,1450,33,24,0.638771186440678,0.696304849884527,0.666298342541436,0.499585749792875,1,0.0630182421227198,0.303695150115473,0.0722041
shapes_6dof_events,9,Full LLGD runtime,Runtime,-,NaN,3,1450,33,23,0.630296610169492,0.692665890570431,0.660011092623405,0.492549668874172,1,0.0638655462184874,0.307334109429569,0.0680126
shapes_6dof_events,10,Full LLGD,Full,-,NaN,1,1229,31,13,0.521631644004944,0.799242424242424,0.631264023934181,0.46120218579235,1,0.056872037914692,0.200757575757576,0.0735709
shapes_6dof_events,10,w/o weighted support,Ablation,UseWeights,0,1,1229,31,54,0.930778739184178,0.670525378450579,0.779503105590062,0.638676844783715,1.47058823529412,0.049136786188579,0.329474621549421,0.0826517
shapes_6dof_events,10,w/o local verification,Ablation,UseVerification,0,1,1229,31,19,0.572311495673671,0.705792682926829,0.632081911262799,0.462075848303393,1,0.0561555075593952,0.294207317073171,0.0607397
shapes_6dof_events,10,w/o global expansion,Ablation,UseGlobalExpansion,0,1,1229,31,23,0.300370828182942,0.752321981424149,0.429328621908127,0.273340832395951,1.7,0.00411522633744854,0.247678018575851,0.1176952
shapes_6dof_events,10,unit estimation weights,Ablation,UseWeights,0,1,1229,31,15,0.594561186650185,0.825042881646655,0.691091954022989,0.527991218441273,1.1,0.0602910602910602,0.174957118353345,0.0731165
shapes_6dof_events,10,unit support tests,Ablation,UseMultiplicitySupport,0,1,1229,31,53,0.92336217552534,0.671762589928058,0.777719937532535,0.636286201022147,1.42105263157895,0.0428380187416332,0.328237410071942,0.0806491
shapes_6dof_events,10,MAD = 3,Sensitivity,MAD,3,1,1229,31,12,0.482076637824475,0.794297352342159,0.6,0.428571428571429,1,0.0512820512820513,0.205702647657841,0.087129
shapes_6dof_events,10,MAD = 3.5,Sensitivity,MAD,3.5,1,1229,31,13,0.521631644004944,0.799242424242424,0.631264023934181,0.46120218579235,1,0.056872037914692,0.200757575757576,0.0723712
shapes_6dof_events,10,MAD = 4,Sensitivity,MAD,4,1,1229,31,13,0.508034610630408,0.794970986460348,0.619909502262443,0.449180327868852,1,0.0608272506082725,0.205029013539652,0.0799915
shapes_6dof_events,10,p_in = 0.7,Sensitivity,p_in,0.7,1,1229,31,16,0.585908529048208,0.796638655462185,0.675213675213675,0.509677419354839,1.1,0.0569620253164557,0.203361344537815,0.0674432
shapes_6dof_events,10,p_in = 0.8,Sensitivity,p_in,0.8,1,1229,31,13,0.521631644004944,0.799242424242424,0.631264023934181,0.46120218579235,1,0.056872037914692,0.200757575757576,0.0740485
shapes_6dof_events,10,p_in = 0.9,Sensitivity,p_in,0.9,1,1229,31,12,0.496909765142151,0.794466403162055,0.611406844106464,0.440306681270537,1,0.0646766169154229,0.205533596837945,0.0803114
shapes_6dof_events,10,p_w = 0.7,Sensitivity,p_w,0.7,1,1229,31,13,0.521631644004944,0.799242424242424,0.631264023934181,0.46120218579235,1,0.056872037914692,0.200757575757576,0.0751729
shapes_6dof_events,10,p_w = 0.8,Sensitivity,p_w,0.8,1,1229,31,13,0.521631644004944,0.799242424242424,0.631264023934181,0.46120218579235,1,0.056872037914692,0.200757575757576,0.0685952
shapes_6dof_events,10,p_w = 0.9,Sensitivity,p_w,0.9,1,1229,31,14,0.532756489493202,0.811676082862524,0.643283582089552,0.474147414741474,1,0.0672853828306265,0.188323917137476,0.0704928
shapes_6dof_events,10,overlap = 0.7,Sensitivity,overlap,0.7,1,1229,31,13,0.521631644004944,0.799242424242424,0.631264023934181,0.46120218579235,1,0.056872037914692,0.200757575757576,0.0699835
shapes_6dof_events,10,overlap = 0.8,Sensitivity,overlap,0.8,1,1229,31,13,0.521631644004944,0.799242424242424,0.631264023934181,0.46120218579235,1,0.056872037914692,0.200757575757576,0.0709689
shapes_6dof_events,10,overlap = 0.9,Sensitivity,overlap,0.9,1,1229,31,13,0.521631644004944,0.799242424242424,0.631264023934181,0.46120218579235,1,0.056872037914692,0.200757575757576,0.073592
shapes_6dof_events,10,eps_s = 0.015,Sensitivity,eps_s,0.015,1,1229,31,13,0.508034610630408,0.799610894941634,0.621315192743764,0.450657894736842,1,0.0608272506082725,0.200389105058366,0.0676093
shapes_6dof_events,10,eps_s = 0.02,Sensitivity,eps_s,0.02,1,1229,31,13,0.521631644004944,0.799242424242424,0.631264023934181,0.46120218579235,1,0.056872037914692,0.200757575757576,0.0727659
shapes_6dof_events,10,eps_s = 0.025,Sensitivity,eps_s,0.025,1,1229,31,15,0.572311495673671,0.819469026548673,0.673944687045124,0.508232711306257,1.1,0.0539956803455723,0.180530973451327,0.0785504
shapes_6dof_events,10,eps_t = 0.005,Sensitivity,eps_t,0.005,1,1229,31,1,0.0778739184177998,0.984375,0.144329896907217,0.0777777777777778,1,0,0.015625,0.0483145
shapes_6dof_events,10,eps_t = 0.01,Sensitivity,eps_t,0.01,1,1229,31,13,0.468479604449938,0.784679089026915,0.586687306501548,0.415115005476451,1.125,0.0738786279683378,0.215320910973085,0.0921495
shapes_6dof_events,10,eps_t = 0.015,Sensitivity,eps_t,0.015,1,1229,31,13,0.527812113720643,0.805660377358491,0.637789395070948,0.468201754385965,1,0.0679156908665105,0.194339622641509,0.0743982
shapes_6dof_events,10,eps_t = 0.02,Sensitivity,eps_t,0.02,1,1229,31,13,0.521631644004944,0.799242424242424,0.631264023934181,0.46120218579235,1,0.056872037914692,0.200757575757576,0.0723245
shapes_6dof_events,10,eps_t = 0.025,Sensitivity,eps_t,0.025,1,1229,31,13,0.521631644004944,0.799242424242424,0.631264023934181,0.46120218579235,1,0.056872037914692,0.200757575757576,0.0685087
shapes_6dof_events,10,Event retention = 25%,Sparsity,retention,0.25,1,307,26,0,0,0,0,0,NaN,NaN,0,0.007553
shapes_6dof_events,10,Event retention = 25%,Sparsity,retention,0.25,2,307,27,1,0.00485436893203883,0.0666666666666667,0.00904977375565611,0.00454545454545455,NaN,0,0.933333333333333,0.0102438
shapes_6dof_events,10,Event retention = 25%,Sparsity,retention,0.25,3,307,28,2,0.0591133004926108,0.631578947368421,0.108108108108108,0.0571428571428571,1,0,0.368421052631579,0.0082424
shapes_6dof_events,10,Event retention = 25%,Sparsity,retention,0.25,4,307,28,0,0,0,0,0,NaN,NaN,0,0.0087654
shapes_6dof_events,10,Event retention = 25%,Sparsity,retention,0.25,5,307,27,0,0,0,0,0,NaN,NaN,0,0.0100629
shapes_6dof_events,10,Event retention = 50%,Sparsity,retention,0.5,1,615,29,5,0.238095238095238,0.748031496062992,0.361216730038023,0.220417633410673,1,0.0631578947368421,0.251968503937008,0.0302545
shapes_6dof_events,10,Event retention = 50%,Sparsity,retention,0.5,2,615,30,3,0.0513447432762836,0.5,0.0931263858093127,0.0488372093023256,1,0.333333333333333,0.5,0.050638
shapes_6dof_events,10,Event retention = 50%,Sparsity,retention,0.5,3,615,29,5,0.271820448877805,0.83206106870229,0.409774436090226,0.257683215130024,1,0.00917431192660545,0.16793893129771,0.0337767
shapes_6dof_events,10,Event retention = 50%,Sparsity,retention,0.5,4,615,30,4,0.313432835820896,0.863013698630137,0.45985401459854,0.298578199052133,1,0.0238095238095238,0.136986301369863,0.0306728
shapes_6dof_events,10,Event retention = 50%,Sparsity,retention,0.5,5,615,30,2,0.0787589498806683,0.970588235294118,0.145695364238411,0.0785714285714286,1,0.0606060606060606,0.0294117647058824,0.0253033
shapes_6dof_events,10,Event retention = 75%,Sparsity,retention,0.75,1,922,30,6,0.328358208955224,0.788844621513944,0.463700234192037,0.301829268292683,1,0.0353535353535354,0.211155378486056,0.0579837
shapes_6dof_events,10,Event retention = 75%,Sparsity,retention,0.75,2,922,30,7,0.306291390728477,0.767634854771784,0.437869822485207,0.28030303030303,1,0.081081081081081,0.232365145228216,0.0744982
shapes_6dof_events,10,Event retention = 75%,Sparsity,retention,0.75,3,922,31,8,0.395424836601307,0.876811594202899,0.545045045045045,0.374613003095975,1,0.0495867768595041,0.123188405797101,0.0646265
shapes_6dof_events,10,Event retention = 75%,Sparsity,retention,0.75,4,922,30,10,0.471358428805237,0.813559322033898,0.596891191709845,0.425406203840473,1,0.0451388888888888,0.186440677966102,0.0497811
shapes_6dof_events,10,Event retention = 75%,Sparsity,retention,0.75,5,922,31,9,0.381493506493506,0.775577557755776,0.511425462459195,0.343567251461988,1,0.0340425531914894,0.224422442244224,0.0587725
shapes_6dof_events,10,Added events = 5%,AddedEvents,added-event ratio,0.05,1,1290,31,14,0.526576019777503,0.781651376146789,0.629246676514033,0.459051724137931,1,0.0563380281690141,0.218348623853211,0.0729796
shapes_6dof_events,10,Added events = 5%,AddedEvents,added-event ratio,0.05,2,1290,31,13,0.522867737948084,0.802656546489564,0.633233532934132,0.463307776560789,1,0.0567375886524822,0.197343453510436,0.0787633
shapes_6dof_events,10,Added events = 5%,AddedEvents,added-event ratio,0.05,3,1290,31,13,0.521631644004944,0.805343511450382,0.633158289572393,0.463227222832053,1,0.056872037914692,0.194656488549618,0.0761175
shapes_6dof_events,10,Added events = 5%,AddedEvents,added-event ratio,0.05,4,1290,31,15,0.527812113720643,0.758436944937833,0.622448979591837,0.451851851851852,1.11111111111111,0.0585480093676815,0.241563055062167,0.0699276
shapes_6dof_events,10,Added events = 5%,AddedEvents,added-event ratio,0.05,5,1290,31,13,0.521631644004944,0.79622641509434,0.630321135175504,0.460196292257361,1,0.056872037914692,0.20377358490566,0.0683019
shapes_6dof_events,10,Added events = 10%,AddedEvents,added-event ratio,0.1,1,1352,31,13,0.521631644004944,0.793233082706767,0.62938105891126,0.459194776931447,1,0.056872037914692,0.206766917293233,0.0730435
shapes_6dof_events,10,Added events = 10%,AddedEvents,added-event ratio,0.1,2,1352,31,13,0.521631644004944,0.799242424242424,0.631264023934181,0.46120218579235,1,0.056872037914692,0.200757575757576,0.0707555
shapes_6dof_events,10,Added events = 10%,AddedEvents,added-event ratio,0.1,3,1352,31,13,0.505562422744129,0.79110251450677,0.616892911010558,0.446019629225736,1,0.0611246943765281,0.20889748549323,0.0872462
shapes_6dof_events,10,Added events = 10%,AddedEvents,added-event ratio,0.1,4,1352,31,13,0.521631644004944,0.800759013282732,0.631736526946108,0.461706783369803,1,0.056872037914692,0.199240986717268,0.0869288
shapes_6dof_events,10,Added events = 10%,AddedEvents,added-event ratio,0.1,5,1352,31,13,0.521631644004944,0.799242424242424,0.631264023934181,0.46120218579235,1,0.056872037914692,0.200757575757576,0.0803443
shapes_6dof_events,10,Added events = 20%,AddedEvents,added-event ratio,0.2,1,1475,31,14,0.584672435105068,0.811320754716981,0.679597701149425,0.514689880304679,1,0.054968287526427,0.188679245283019,0.0896275
shapes_6dof_events,10,Added events = 20%,AddedEvents,added-event ratio,0.2,2,1475,31,14,0.53646477132262,0.784810126582278,0.637298091042584,0.467672413793103,1.11111111111111,0.0576036866359447,0.215189873417722,0.0785936
shapes_6dof_events,10,Added events = 20%,AddedEvents,added-event ratio,0.2,3,1475,31,15,0.580964153275649,0.806174957118353,0.675287356321839,0.509761388286334,1.1,0.0574468085106383,0.193825042881647,0.0833554
shapes_6dof_events,10,Added events = 20%,AddedEvents,added-event ratio,0.2,4,1475,31,14,0.506798516687268,0.752293577981651,0.605612998522895,0.434322033898305,1,0.073170731707317,0.247706422018349,0.0964864
shapes_6dof_events,10,Added events = 20%,AddedEvents,added-event ratio,0.2,5,1475,31,13,0.519159456118665,0.792452830188679,0.627333831217326,0.457018498367791,1,0.0547619047619048,0.207547169811321,0.0822434
shapes_6dof_events,10,Added events = 30%,AddedEvents,added-event ratio,0.3,1,1598,31,14,0.488257107540173,0.750950570342205,0.591760299625468,0.420212765957447,1,0.0531645569620253,0.249049429657795,0.0891999
shapes_6dof_events,10,Added events = 30%,AddedEvents,added-event ratio,0.3,2,1598,31,14,0.541409147095179,0.793478260869565,0.643644379132991,0.47453954496208,1,0.0570776255707762,0.206521739130435,0.0855034
shapes_6dof_events,10,Added events = 30%,AddedEvents,added-event ratio,0.3,3,1598,31,14,0.514215080346106,0.793893129770992,0.624156039009752,0.453653217011996,1.11111111111111,0.0625,0.206106870229008,0.0995064
shapes_6dof_events,10,Added events = 30%,AddedEvents,added-event ratio,0.3,4,1598,31,13,0.504326328800989,0.786127167630058,0.614457831325301,0.443478260869565,1,0.0637254901960784,0.213872832369942,0.0930745
shapes_6dof_events,10,Added events = 30%,AddedEvents,added-event ratio,0.3,5,1598,31,12,0.521631644004944,0.790262172284644,0.628443782576322,0.458197611292074,1,0.056872037914692,0.209737827715356,0.0807552
shapes_6dof_events,10,Full LLGD runtime,Runtime,-,NaN,1,1229,31,13,0.521631644004944,0.799242424242424,0.631264023934181,0.46120218579235,1,0.056872037914692,0.200757575757576,0.075816
shapes_6dof_events,10,Full LLGD runtime,Runtime,-,NaN,2,1229,31,14,0.533992583436341,0.797047970479705,0.639526276831976,0.470076169749728,1.11111111111111,0.0578703703703703,0.202952029520295,0.0678173
shapes_6dof_events,10,Full LLGD runtime,Runtime,-,NaN,3,1229,31,13,0.521631644004944,0.799242424242424,0.631264023934181,0.46120218579235,1,0.056872037914692,0.200757575757576,0.0800614
shapes_6dof_events,11,Full LLGD,Full,-,NaN,1,1405,34,19,0.517964071856287,0.78517397881997,0.624173180998196,0.453671328671329,1.33333333333333,0.0385356454720617,0.21482602118003,0.1117934
shapes_6dof_events,11,w/o weighted support,Ablation,UseWeights,0,1,1405,34,62,0.937125748502994,0.720092024539877,0.814397224631396,0.686905632772495,1.71428571428571,0.0553780617678381,0.279907975460123,0.0900944
shapes_6dof_events,11,w/o local verification,Ablation,UseVerification,0,1,1405,34,21,0.608782435129741,0.751231527093596,0.672546857772878,0.506644518272425,1,0.0360655737704918,0.248768472906404,0.0553509
shapes_6dof_events,11,w/o global expansion,Ablation,UseGlobalExpansion,0,1,1405,34,29,0.351297405189621,0.836104513064133,0.494729444834856,0.328664799253035,2.3,0.03125,0.163895486935867,0.1206542
shapes_6dof_events,11,unit estimation weights,Ablation,UseWeights,0,1,1405,34,17,0.514970059880239,0.744588744588745,0.608849557522124,0.43765903307888,1,0.0542635658914729,0.255411255411255,0.0875017
shapes_6dof_events,11,unit support tests,Ablation,UseMultiplicitySupport,0,1,1405,34,58,0.946107784431138,0.729792147806005,0.823989569752282,0.700665188470067,1.45454545454545,0.0516877637130801,0.270207852193995,0.0925298
shapes_6dof_events,11,MAD = 3,Sensitivity,MAD,3,1,1405,34,17,0.50499001996008,0.820097244732577,0.625077208153181,0.454627133872417,1.22222222222222,0.0355731225296443,0.179902755267423,0.1182929
shapes_6dof_events,11,MAD = 3.5,Sensitivity,MAD,3.5,1,1405,34,19,0.517964071856287,0.78517397881997,0.624173180998196,0.453671328671329,1.33333333333333,0.0385356454720617,0.21482602118003,0.1178857
shapes_6dof_events,11,MAD = 4,Sensitivity,MAD,4,1,1405,34,19,0.491017964071856,0.7872,0.60479409956976,0.433480176211454,1.33333333333333,0.0426829268292683,0.2128,0.1037808
shapes_6dof_events,11,p_in = 0.7,Sensitivity,p_in,0.7,1,1405,34,20,0.531936127744511,0.78962962962963,0.635658914728682,0.465909090909091,1.3,0.0450281425891182,0.21037037037037,0.0968372
shapes_6dof_events,11,p_in = 0.8,Sensitivity,p_in,0.8,1,1405,34,19,0.517964071856287,0.78517397881997,0.624173180998196,0.453671328671329,1.33333333333333,0.0385356454720617,0.21482602118003,0.1024141
shapes_6dof_events,11,p_in = 0.9,Sensitivity,p_in,0.9,1,1405,34,14,0.508982035928144,0.877796901893287,0.644346178142767,0.475302889095993,1.22222222222222,0.0372549019607843,0.122203098106713,0.1048614
shapes_6dof_events,11,p_w = 0.7,Sensitivity,p_w,0.7,1,1405,34,18,0.517964071856287,0.78517397881997,0.624173180998196,0.453671328671329,1.22222222222222,0.0385356454720617,0.21482602118003,0.094395
shapes_6dof_events,11,p_w = 0.8,Sensitivity,p_w,0.8,1,1405,34,19,0.517964071856287,0.78517397881997,0.624173180998196,0.453671328671329,1.33333333333333,0.0385356454720617,0.21482602118003,0.0996014
shapes_6dof_events,11,p_w = 0.9,Sensitivity,p_w,0.9,1,1405,34,19,0.517964071856287,0.78517397881997,0.624173180998196,0.453671328671329,1.33333333333333,0.0385356454720617,0.21482602118003,0.09349
shapes_6dof_events,11,overlap = 0.7,Sensitivity,overlap,0.7,1,1405,34,19,0.517964071856287,0.78517397881997,0.624173180998196,0.453671328671329,1.33333333333333,0.0385356454720617,0.21482602118003,0.1005749
shapes_6dof_events,11,overlap = 0.8,Sensitivity,overlap,0.8,1,1405,34,19,0.517964071856287,0.78517397881997,0.624173180998196,0.453671328671329,1.33333333333333,0.0385356454720617,0.21482602118003,0.1136718
shapes_6dof_events,11,overlap = 0.9,Sensitivity,overlap,0.9,1,1405,34,19,0.517964071856287,0.78517397881997,0.624173180998196,0.453671328671329,1.33333333333333,0.0385356454720617,0.21482602118003,0.1072786
shapes_6dof_events,11,eps_s = 0.015,Sensitivity,eps_s,0.015,1,1405,34,15,0.536926147704591,0.831530139103555,0.652516676773802,0.484248424842484,1,0.0353159851301115,0.168469860896445,0.1033256
shapes_6dof_events,11,eps_s = 0.02,Sensitivity,eps_s,0.02,1,1405,34,19,0.517964071856287,0.78517397881997,0.624173180998196,0.453671328671329,1.33333333333333,0.0385356454720617,0.21482602118003,0.1194443
shapes_6dof_events,11,eps_s = 0.025,Sensitivity,eps_s,0.025,1,1405,34,19,0.530938123752495,0.752475247524752,0.622586307782329,0.451996601529312,1.1,0.0545112781954887,0.247524752475248,0.1017782
shapes_6dof_events,11,eps_t = 0.005,Sensitivity,eps_t,0.005,1,1405,34,1,0.030938123752495,1,0.0600193610842207,0.030938123752495,1,0.0645161290322581,0,0.0581529
shapes_6dof_events,11,eps_t = 0.01,Sensitivity,eps_t,0.01,1,1405,34,16,0.520958083832335,0.820754716981132,0.637362637362637,0.467741935483871,1,0.0574712643678161,0.179245283018868,0.0977045
shapes_6dof_events,11,eps_t = 0.015,Sensitivity,eps_t,0.015,1,1405,34,16,0.510978043912176,0.796267496111975,0.622492401215805,0.451897616946161,1,0.056640625,0.203732503888025,0.0895173
shapes_6dof_events,11,eps_t = 0.02,Sensitivity,eps_t,0.02,1,1405,34,19,0.517964071856287,0.78517397881997,0.624173180998196,0.453671328671329,1.33333333333333,0.0385356454720617,0.21482602118003,0.1059388
shapes_6dof_events,11,eps_t = 0.025,Sensitivity,eps_t,0.025,1,1405,34,19,0.517964071856287,0.78517397881997,0.624173180998196,0.453671328671329,1.33333333333333,0.0385356454720617,0.21482602118003,0.1183816
shapes_6dof_events,11,Event retention = 25%,Sparsity,retention,0.25,1,351,27,1,0.0368852459016393,0.818181818181818,0.0705882352941176,0.0365853658536585,1,0,0.181818181818182,0.0166977
shapes_6dof_events,11,Event retention = 25%,Sparsity,retention,0.25,2,351,29,0,0,0,0,0,NaN,NaN,0,0.0095278
shapes_6dof_events,11,Event retention = 25%,Sparsity,retention,0.25,3,351,29,1,0.0452830188679245,1,0.0866425992779783,0.0452830188679245,1,0,0,0.0108795
shapes_6dof_events,11,Event retention = 25%,Sparsity,retention,0.25,4,351,27,1,0,0,0,0,NaN,NaN,1,0.0186701
shapes_6dof_events,11,Event retention = 25%,Sparsity,retention,0.25,5,351,28,0,0,0,0,0,NaN,NaN,0,0.0106468
shapes_6dof_events,11,Event retention = 50%,Sparsity,retention,0.5,1,703,32,6,0.326612903225806,0.993865030674847,0.49165402124431,0.325955734406439,1,0.0493827160493827,0.00613496932515337,0.0545158
shapes_6dof_events,11,Event retention = 50%,Sparsity,retention,0.5,2,703,32,3,0.226,0.982608695652174,0.367479674796748,0.225099601593625,1,0.0265486725663717,0.0173913043478261,0.0331699
shapes_6dof_events,11,Event retention = 50%,Sparsity,retention,0.5,3,703,32,5,0.24609375,0.887323943661972,0.385321100917431,0.238636363636364,1,0,0.112676056338028,0.0411268
shapes_6dof_events,11,Event retention = 50%,Sparsity,retention,0.5,4,703,32,2,0.176938369781312,0.967391304347826,0.299159663865546,0.175889328063241,1,0.0112359550561798,0.0326086956521739,0.045733
shapes_6dof_events,11,Event retention = 50%,Sparsity,retention,0.5,5,703,32,4,0.256410256410256,0.977443609022556,0.40625,0.254901960784314,1,0.0230769230769231,0.0225563909774436,0.0391119
shapes_6dof_events,11,Event retention = 75%,Sparsity,retention,0.75,1,1054,34,9,0.424966799468792,0.958083832335329,0.588776448942042,0.417209908735332,1,0.04375,0.0419161676646707,0.0640253
shapes_6dof_events,11,Event retention = 75%,Sparsity,retention,0.75,2,1054,33,8,0.374496644295302,0.914754098360656,0.531428571428571,0.361867704280156,1,0.0501792114695341,0.0852459016393443,0.0809012
shapes_6dof_events,11,Event retention = 75%,Sparsity,retention,0.75,3,1054,32,9,0.316778523489933,0.851985559566787,0.461839530332681,0.300254452926209,1.16666666666667,0.038135593220339,0.148014440433213,0.0900585
shapes_6dof_events,11,Event retention = 75%,Sparsity,retention,0.75,4,1054,34,9,0.425302826379542,0.937685459940653,0.585185185185185,0.413612565445026,1,0.0727848101265823,0.0623145400593472,0.0706369
shapes_6dof_events,11,Event retention = 75%,Sparsity,retention,0.75,5,1054,34,8,0.341333333333333,0.864864864864865,0.489483747609943,0.324050632911392,1,0.0390625,0.135135135135135,0.0598703
shapes_6dof_events,11,Added events = 5%,AddedEvents,added-event ratio,0.05,1,1475,34,17,0.528942115768463,0.789865871833085,0.633592349073521,0.463692038495188,1.11111111111111,0.0622641509433962,0.210134128166915,0.1008116
shapes_6dof_events,11,Added events = 5%,AddedEvents,added-event ratio,0.05,2,1475,34,18,0.560878243512974,0.798295454545455,0.658851113716296,0.491258741258741,1.1,0.0355871886120996,0.201704545454545,0.0946535
shapes_6dof_events,11,Added events = 5%,AddedEvents,added-event ratio,0.05,3,1475,34,17,0.516966067864271,0.784848484848485,0.623345367027678,0.452797202797203,1.11111111111111,0.0366795366795367,0.215151515151515,0.0991938
shapes_6dof_events,11,Added events = 5%,AddedEvents,added-event ratio,0.05,4,1475,34,17,0.513972055888224,0.812302839116719,0.62958435207824,0.459411239964318,1.22222222222222,0.0388349514563107,0.187697160883281,0.1007082
shapes_6dof_events,11,Added events = 5%,AddedEvents,added-event ratio,0.05,5,1475,34,18,0.560878243512974,0.80863309352518,0.662345315262228,0.495154185022026,1.1,0.0355871886120996,0.19136690647482,0.0965942
shapes_6dof_events,11,Added events = 10%,AddedEvents,added-event ratio,0.1,1,1546,34,18,0.517964071856287,0.783987915407855,0.623798076923077,0.453275109170306,1.22222222222222,0.0385356454720617,0.216012084592145,0.1010801
shapes_6dof_events,11,Added events = 10%,AddedEvents,added-event ratio,0.1,2,1546,34,18,0.487025948103792,0.782051282051282,0.600246002460025,0.428822495606327,1.22222222222222,0.0389344262295082,0.217948717948718,0.1063884
shapes_6dof_events,11,Added events = 10%,AddedEvents,added-event ratio,0.1,3,1546,34,17,0.519960079840319,0.784638554216867,0.625450180072029,0.455021834061135,1,0.0422264875239923,0.215361445783133,0.108644
shapes_6dof_events,11,Added events = 10%,AddedEvents,added-event ratio,0.1,4,1546,34,18,0.519960079840319,0.785822021116139,0.625825825825826,0.45541958041958,1.22222222222222,0.0403071017274472,0.214177978883861,0.106961
shapes_6dof_events,11,Added events = 10%,AddedEvents,added-event ratio,0.1,5,1546,34,19,0.531936127744511,0.79080118694362,0.636038186157518,0.466316710411199,1.2,0.0375234521575984,0.20919881305638,0.1074556
shapes_6dof_events,11,Added events = 20%,AddedEvents,added-event ratio,0.2,1,1686,34,18,0.513972055888224,0.741007194244604,0.60695344725987,0.435702199661591,1.11111111111111,0.0368932038834952,0.258992805755396,0.1151356
shapes_6dof_events,11,Added events = 20%,AddedEvents,added-event ratio,0.2,2,1686,34,17,0.513972055888224,0.795981452859351,0.624620982413584,0.454144620811287,1.11111111111111,0.0368932038834952,0.204018547140649,0.1259883
shapes_6dof_events,11,Added events = 20%,AddedEvents,added-event ratio,0.2,3,1686,34,17,0.515968063872255,0.783333333333333,0.622141997593261,0.451528384279476,1.11111111111111,0.0367504835589942,0.216666666666667,0.1116048
shapes_6dof_events,11,Added events = 20%,AddedEvents,added-event ratio,0.2,4,1686,34,16,0.507984031936128,0.799058084772371,0.62111043319097,0.450442477876106,1.11111111111111,0.0353634577603144,0.20094191522763,0.1285875
shapes_6dof_events,11,Added events = 20%,AddedEvents,added-event ratio,0.2,5,1686,34,17,0.516966067864271,0.783661119515885,0.62297053517739,0.452401746724891,1.11111111111111,0.0366795366795367,0.216338880484115,0.1103756
shapes_6dof_events,11,Added events = 30%,AddedEvents,added-event ratio,0.3,1,1827,34,18,0.503992015968064,0.727665706051873,0.595518867924528,0.424013434089001,1.11111111111111,0.0455445544554456,0.272334293948127,0.1460992
shapes_6dof_events,11,Added events = 30%,AddedEvents,added-event ratio,0.3,2,1827,34,16,0.487025948103792,0.782051282051282,0.600246002460025,0.428822495606327,1.11111111111111,0.0409836065573771,0.217948717948718,0.1730852
shapes_6dof_events,11,Added events = 30%,AddedEvents,added-event ratio,0.3,3,1827,34,20,0.559880239520958,0.779166666666667,0.651567944250871,0.483204134366925,1.2,0.035650623885918,0.220833333333333,0.1518896
shapes_6dof_events,11,Added events = 30%,AddedEvents,added-event ratio,0.3,4,1827,34,19,0.513972055888224,0.770958083832335,0.616766467065868,0.445887445887446,1.2,0.0388349514563107,0.229041916167665,0.1749771
shapes_6dof_events,11,Added events = 30%,AddedEvents,added-event ratio,0.3,5,1827,34,16,0.512974051896208,0.78234398782344,0.61965039180229,0.448908296943231,1,0.0330739299610895,0.21765601217656,0.1161852
shapes_6dof_events,11,Full LLGD runtime,Runtime,-,NaN,1,1405,34,19,0.517964071856287,0.78517397881997,0.624173180998196,0.453671328671329,1.33333333333333,0.0385356454720617,0.21482602118003,0.1043339
shapes_6dof_events,11,Full LLGD runtime,Runtime,-,NaN,2,1405,34,17,0.517964071856287,0.787556904400607,0.624924744130042,0.45446584938704,1.11111111111111,0.0366088631984586,0.212443095599393,0.103987
shapes_6dof_events,11,Full LLGD runtime,Runtime,-,NaN,3,1405,34,17,0.515968063872255,0.786910197869102,0.623267028330319,0.452714535901926,1.11111111111111,0.0367504835589942,0.213089802130898,0.1110188
shapes_6dof_events,12,Full LLGD,Full,-,NaN,1,1997,32,23,0.638438880706922,0.774798927613941,0.700040371417037,0.538509316770186,1.07142857142857,0.0599769319492502,0.225201072386059,0.1470087
shapes_6dof_events,12,w/o weighted support,Ablation,UseWeights,0,1,1997,32,69,0.945508100147275,0.684070324986681,0.793817619783617,0.658124038954382,1.52380952380952,0.0700934579439252,0.315929675013319,0.1274903
shapes_6dof_events,12,w/o local verification,Ablation,UseVerification,0,1,1997,32,29,0.742268041237113,0.729377713458755,0.735766423357664,0.581986143187067,1.06666666666667,0.0535714285714286,0.270622286541245,0.0902494
shapes_6dof_events,12,w/o global expansion,Ablation,UseGlobalExpansion,0,1,1997,32,53,0.413843888070692,0.714104193138501,0.524009324009324,0.355022109917877,2.69230769230769,0.0373665480427047,0.285895806861499,0.1518457
shapes_6dof_events,12,unit estimation weights,Ablation,UseWeights,0,1,1997,32,26,0.684830633284242,0.755483346872461,0.718424101969872,0.560578661844485,1.06666666666667,0.0655913978494623,0.244516653127539,0.1448769
shapes_6dof_events,12,unit support tests,Ablation,UseMultiplicitySupport,0,1,1997,32,69,0.960235640648012,0.690312334568555,0.8032029565753,0.671127123005661,1.57142857142857,0.0958588957055214,0.309687665431445,0.1357308
shapes_6dof_events,12,MAD = 3,Sensitivity,MAD,3,1,1997,32,23,0.635493372606775,0.780289330922242,0.700487012987013,0.539038101186758,1.07142857142857,0.0660486674391657,0.219710669077758,0.1775068
shapes_6dof_events,12,MAD = 3.5,Sensitivity,MAD,3.5,1,1997,32,23,0.638438880706922,0.774798927613941,0.700040371417037,0.538509316770186,1.07142857142857,0.0599769319492502,0.225201072386059,0.154329
shapes_6dof_events,12,MAD = 4,Sensitivity,MAD,4,1,1997,32,23,0.642857142857143,0.775310834813499,0.702898550724638,0.541899441340782,1.07142857142857,0.0572737686139748,0.224689165186501,0.1407533
shapes_6dof_events,12,p_in = 0.7,Sensitivity,p_in,0.7,1,1997,32,24,0.637702503681885,0.775290957923008,0.69979797979798,0.53822249844624,1.14285714285714,0.058891454965358,0.224709042076992,0.1498138
shapes_6dof_events,12,p_in = 0.8,Sensitivity,p_in,0.8,1,1997,32,23,0.638438880706922,0.774798927613941,0.700040371417037,0.538509316770186,1.07142857142857,0.0599769319492502,0.225201072386059,0.1944005
shapes_6dof_events,12,p_in = 0.9,Sensitivity,p_in,0.9,1,1997,32,22,0.575110456553755,0.75531914893617,0.653010033444816,0.484792054624457,1.07692307692308,0.0653008962868118,0.24468085106383,0.2030008
shapes_6dof_events,12,p_w = 0.7,Sensitivity,p_w,0.7,1,1997,32,22,0.633284241531664,0.774774774774775,0.696920583468395,0.534825870646766,1,0.0593023255813954,0.225225225225225,0.2324456
shapes_6dof_events,12,p_w = 0.8,Sensitivity,p_w,0.8,1,1997,32,23,0.638438880706922,0.774798927613941,0.700040371417037,0.538509316770186,1.07142857142857,0.0599769319492502,0.225201072386059,0.3016164
shapes_6dof_events,12,p_w = 0.9,Sensitivity,p_w,0.9,1,1997,32,23,0.638438880706922,0.775491949910555,0.70032310177706,0.538844002486016,1.07142857142857,0.0599769319492502,0.224508050089445,0.2720166
shapes_6dof_events,12,overlap = 0.7,Sensitivity,overlap,0.7,1,1997,32,23,0.638438880706922,0.774798927613941,0.700040371417037,0.538509316770186,1.07142857142857,0.0599769319492502,0.225201072386059,0.1909168
shapes_6dof_events,12,overlap = 0.8,Sensitivity,overlap,0.8,1,1997,32,23,0.638438880706922,0.774798927613941,0.700040371417037,0.538509316770186,1.07142857142857,0.0599769319492502,0.225201072386059,0.1894062
shapes_6dof_events,12,overlap = 0.9,Sensitivity,overlap,0.9,1,1997,32,23,0.638438880706922,0.774798927613941,0.700040371417037,0.538509316770186,1.07142857142857,0.0599769319492502,0.225201072386059,0.1530675
shapes_6dof_events,12,eps_s = 0.015,Sensitivity,eps_s,0.015,1,1997,32,25,0.639175257731959,0.764757709251101,0.69634977938227,0.534153846153846,1.14285714285714,0.0368663594470046,0.235242290748899,0.1502881
shapes_6dof_events,12,eps_s = 0.02,Sensitivity,eps_s,0.02,1,1997,32,23,0.638438880706922,0.774798927613941,0.700040371417037,0.538509316770186,1.07142857142857,0.0599769319492502,0.225201072386059,0.1718289
shapes_6dof_events,12,eps_s = 0.025,Sensitivity,eps_s,0.025,1,1997,32,22,0.650220913107511,0.772528433945757,0.706117552978809,0.545735475896168,1.07692307692308,0.0634201585503964,0.227471566054243,0.1913695
shapes_6dof_events,12,eps_t = 0.005,Sensitivity,eps_t,0.005,1,1997,32,5,0.220913107511046,0.87463556851312,0.352733686067019,0.214132762312634,1.33333333333333,0.0166666666666667,0.12536443148688,0.0903012
shapes_6dof_events,12,eps_t = 0.01,Sensitivity,eps_t,0.01,1,1997,32,21,0.530927835051546,0.734964322120285,0.61650277896537,0.445611866501854,1.08333333333333,0.0554785020804438,0.265035677879715,0.1380898
shapes_6dof_events,12,eps_t = 0.015,Sensitivity,eps_t,0.015,1,1997,32,25,0.648011782032401,0.732113144758735,0.6875,0.523809523809524,1,0.05,0.267886855241265,0.1342278
shapes_6dof_events,12,eps_t = 0.02,Sensitivity,eps_t,0.02,1,1997,32,23,0.638438880706922,0.774798927613941,0.700040371417037,0.538509316770186,1.07142857142857,0.0599769319492502,0.225201072386059,0.1557755
shapes_6dof_events,12,eps_t = 0.025,Sensitivity,eps_t,0.025,1,1997,32,23,0.638438880706922,0.774798927613941,0.700040371417037,0.538509316770186,1.07142857142857,0.0599769319492502,0.225201072386059,0.1538703
shapes_6dof_events,12,Event retention = 25%,Sparsity,retention,0.25,1,499,30,1,0.03003003003003,0.666666666666667,0.0574712643678161,0.029585798816568,NaN,0.3,0.333333333333333,0.0250534
shapes_6dof_events,12,Event retention = 25%,Sparsity,retention,0.25,2,499,30,2,0.0113314447592068,0.266666666666667,0.0217391304347826,0.010989010989011,1,0,0.733333333333333,0.032335
shapes_6dof_events,12,Event retention = 25%,Sparsity,retention,0.25,3,499,29,1,0.0233236151603499,1,0.0455840455840456,0.0233236151603499,1,0.125,0,0.0220309
shapes_6dof_events,12,Event retention = 25%,Sparsity,retention,0.25,4,499,30,1,0.0145772594752187,0.833333333333333,0.0286532951289398,0.0145348837209302,1,0.2,0.166666666666667,0.0253832
shapes_6dof_events,12,Event retention = 25%,Sparsity,retention,0.25,5,499,31,2,0.0529411764705882,0.72,0.0986301369863014,0.0518731988472622,1,0,0.28,0.0258337
shapes_6dof_events,12,Event retention = 50%,Sparsity,retention,0.5,1,999,32,6,0.243362831858407,0.771028037383178,0.369955156950673,0.226960110041265,1,0.0242424242424243,0.228971962616822,0.0876401
shapes_6dof_events,12,Event retention = 50%,Sparsity,retention,0.5,2,999,31,9,0.385991058122206,0.849180327868852,0.530737704918033,0.361227336122734,1,0.0540540540540541,0.150819672131148,0.0863326
shapes_6dof_events,12,Event retention = 50%,Sparsity,retention,0.5,3,999,31,10,0.345238095238095,0.822695035460993,0.486373165618449,0.321329639889197,1,0.0258620689655172,0.177304964539007,0.0817732
shapes_6dof_events,12,Event retention = 50%,Sparsity,retention,0.5,4,999,31,7,0.378138847858198,0.927536231884058,0.537250786988458,0.367288378766141,1,0.05859375,0.072463768115942,0.0601632
shapes_6dof_events,12,Event retention = 50%,Sparsity,retention,0.5,5,999,31,7,0.307030129124821,0.880658436213992,0.45531914893617,0.294765840220386,1,0.0280373831775701,0.119341563786008,0.0879369
shapes_6dof_events,12,Event retention = 75%,Sparsity,retention,0.75,1,1498,32,20,0.517751479289941,0.711382113821138,0.599315068493151,0.427872860635697,1,0.0780952380952381,0.288617886178862,0.1086129
shapes_6dof_events,12,Event retention = 75%,Sparsity,retention,0.75,2,1498,31,16,0.473942969518191,0.783739837398374,0.590686274509804,0.419130434782609,1.11111111111111,0.0705394190871369,0.216260162601626,0.105941
shapes_6dof_events,12,Event retention = 75%,Sparsity,retention,0.75,3,1498,32,14,0.404527559055118,0.702564102564103,0.513429106808245,0.345378151260504,1,0.0754257907542579,0.297435897435897,0.0923084
shapes_6dof_events,12,Event retention = 75%,Sparsity,retention,0.75,4,1498,32,18,0.525703200775946,0.744505494505495,0.616259238203525,0.445357436318817,1.1,0.0793357933579336,0.255494505494505,0.0855337
shapes_6dof_events,12,Event retention = 75%,Sparsity,retention,0.75,5,1498,32,21,0.640232108317215,0.811274509803922,0.715675675675676,0.557239057239057,1.07142857142857,0.0589123867069486,0.188725490196078,0.1089806
shapes_6dof_events,12,Added events = 5%,AddedEvents,added-event ratio,0.05,1,2097,32,22,0.634756995581738,0.77170993733214,0.696565656565656,0.534407935523869,1,0.0603248259860789,0.22829006266786,0.1836055
shapes_6dof_events,12,Added events = 5%,AddedEvents,added-event ratio,0.05,2,2097,32,23,0.633284241531664,0.763087843833185,0.69215291750503,0.529230769230769,1,0.0593023255813954,0.236912156166815,0.1501813
shapes_6dof_events,12,Added events = 5%,AddedEvents,added-event ratio,0.05,3,2097,32,22,0.636966126656848,0.765486725663717,0.695337620578778,0.532963647566235,1,0.0624277456647399,0.234513274336283,0.1564684
shapes_6dof_events,12,Added events = 5%,AddedEvents,added-event ratio,0.05,4,2097,32,23,0.632547864506627,0.76423487544484,0.69218372280419,0.529266789895256,1,0.0721769499417928,0.23576512455516,0.1440539
shapes_6dof_events,12,Added events = 5%,AddedEvents,added-event ratio,0.05,5,2097,32,22,0.634020618556701,0.770814682184423,0.695757575757576,0.533457249070632,1,0.0592334494773519,0.229185317815577,0.1661095
shapes_6dof_events,12,Added events = 10%,AddedEvents,added-event ratio,0.1,1,2197,32,21,0.639175257731959,0.777777777777778,0.701697655618432,0.540473225404732,1,0.0645161290322581,0.222222222222222,0.1544289
shapes_6dof_events,12,Added events = 10%,AddedEvents,added-event ratio,0.1,2,2197,32,25,0.648011782032401,0.741989881956155,0.691823899371069,0.528846153846154,1,0.0681818181818182,0.258010118043845,0.1564308
shapes_6dof_events,12,Added events = 10%,AddedEvents,added-event ratio,0.1,3,2197,32,24,0.745949926362298,0.772103658536585,0.758801498127341,0.611345805672903,1.06666666666667,0.0552813425468904,0.227896341463415,0.1470466
shapes_6dof_events,12,Added events = 10%,AddedEvents,added-event ratio,0.1,4,2197,32,21,0.636229749631811,0.774887892376682,0.698746461787303,0.536979490366687,1,0.0625,0.225112107623318,0.1639544
shapes_6dof_events,12,Added events = 10%,AddedEvents,added-event ratio,0.1,5,2197,32,22,0.631811487481591,0.769506726457399,0.693894055802669,0.531269349845201,1,0.0606060606060606,0.230493273542601,0.1555659
shapes_6dof_events,12,Added events = 20%,AddedEvents,added-event ratio,0.2,1,2396,32,22,0.648748159057437,0.770778652668416,0.704518192722911,0.543827160493827,1,0.0737797956867197,0.229221347331584,0.1661557
shapes_6dof_events,12,Added events = 20%,AddedEvents,added-event ratio,0.2,2,2396,32,24,0.653166421207658,0.752971137521222,0.699526813880126,0.537901758641601,1.15384615384615,0.0529875986471251,0.247028862478778,0.1449154
shapes_6dof_events,12,Added events = 20%,AddedEvents,added-event ratio,0.2,3,2396,32,23,0.634020618556701,0.746747614917606,0.685782556750299,0.521818181818182,1,0.0592334494773519,0.253252385082394,0.1636203
shapes_6dof_events,12,Added events = 20%,AddedEvents,added-event ratio,0.2,4,2396,32,23,0.726067746686303,0.746969696969697,0.736370425690814,0.58274231678487,1,0.063894523326572,0.253030303030303,0.1412683
shapes_6dof_events,12,Added events = 20%,AddedEvents,added-event ratio,0.2,5,2396,32,22,0.632547864506627,0.766280107047279,0.693021379588544,0.530246913580247,1,0.0570430733410943,0.233719892952721,0.1772904
shapes_6dof_events,12,Added events = 30%,AddedEvents,added-event ratio,0.3,1,2596,32,25,0.651693667157585,0.752551020408163,0.698500394632991,0.53668890236507,1,0.0598870056497175,0.247448979591837,0.1665368
shapes_6dof_events,12,Added events = 30%,AddedEvents,added-event ratio,0.3,2,2596,32,25,0.721649484536082,0.753846153846154,0.73739653875094,0.584028605482718,1,0.05,0.246153846153846,0.1561371
shapes_6dof_events,12,Added events = 30%,AddedEvents,added-event ratio,0.3,3,2596,32,23,0.633284241531664,0.733162830349531,0.679573291189253,0.514661879114303,1,0.0674418604651162,0.266837169650469,0.150261
shapes_6dof_events,12,Added events = 30%,AddedEvents,added-event ratio,0.3,4,2596,32,23,0.634020618556701,0.725358045492839,0.676620825147348,0.511282660332542,1,0.0603948896631823,0.274641954507161,0.1620699
shapes_6dof_events,12,Added events = 30%,AddedEvents,added-event ratio,0.3,5,2596,32,24,0.637702503681885,0.721666666666667,0.677091477716966,0.511820330969267,1,0.0773672055427251,0.278333333333333,0.1593654
shapes_6dof_events,12,Full LLGD runtime,Runtime,-,NaN,1,1997,32,23,0.638438880706922,0.774798927613941,0.700040371417037,0.538509316770186,1.07142857142857,0.0599769319492502,0.225201072386059,0.1458816
shapes_6dof_events,12,Full LLGD runtime,Runtime,-,NaN,2,1997,32,23,0.638438880706922,0.775491949910555,0.70032310177706,0.538844002486016,1.07142857142857,0.0599769319492502,0.224508050089445,0.1615026
shapes_6dof_events,12,Full LLGD runtime,Runtime,-,NaN,3,1997,32,23,0.632547864506627,0.762200532386868,0.691348088531187,0.528290282902829,1,0.059371362048894,0.237799467613132,0.1422311
shapes_6dof_events,13,Full LLGD,Full,-,NaN,1,1338,31,13,0.492914979757085,0.828231292517007,0.618020304568528,0.447199265381084,1,0.053388090349076,0.171768707482993,0.0795215
shapes_6dof_events,13,w/o weighted support,Ablation,UseWeights,0,1,1338,31,62,0.944331983805668,0.759153783563873,0.841677943166441,0.726635514018692,1.52,0.07502679528403,0.240846216436127,0.093425
shapes_6dof_events,13,w/o local verification,Ablation,UseVerification,0,1,1338,31,14,0.527327935222672,0.838969404186795,0.647607209446861,0.478860294117647,1,0.0460652591170825,0.161030595813205,0.0645344
shapes_6dof_events,13,w/o global expansion,Ablation,UseGlobalExpansion,0,1,1338,31,19,0.240890688259109,0.829268292682927,0.373333333333333,0.229508196721311,1.6,0.0126050420168067,0.170731707317073,0.1112832
shapes_6dof_events,13,unit estimation weights,Ablation,UseWeights,0,1,1338,31,14,0.531376518218624,0.844051446945338,0.652173913043478,0.483870967741935,1,0.0628571428571428,0.155948553054662,0.1022282
shapes_6dof_events,13,unit support tests,Ablation,UseMultiplicitySupport,0,1,1338,31,52,0.959514170040486,0.75779376498801,0.846806610093792,0.73431448489543,1.28,0.0675105485232067,0.24220623501199,0.0936534
shapes_6dof_events,13,MAD = 3,Sensitivity,MAD,3,1,1338,31,13,0.481781376518219,0.830715532286213,0.609865470852018,0.438709677419355,1,0.0588235294117647,0.169284467713787,0.1017688
shapes_6dof_events,13,MAD = 3.5,Sensitivity,MAD,3.5,1,1338,31,13,0.492914979757085,0.828231292517007,0.618020304568528,0.447199265381084,1,0.053388090349076,0.171768707482993,0.1024015
shapes_6dof_events,13,MAD = 4,Sensitivity,MAD,4,1,1338,31,13,0.507085020242915,0.833610648918469,0.63058527375708,0.460477941176471,1,0.0658682634730539,0.166389351081531,0.092394
shapes_6dof_events,13,p_in = 0.7,Sensitivity,p_in,0.7,1,1338,31,14,0.524291497975709,0.836833602584814,0.644679527069073,0.475665748393021,1,0.0540540540540541,0.163166397415186,0.097837
shapes_6dof_events,13,p_in = 0.8,Sensitivity,p_in,0.8,1,1338,31,13,0.492914979757085,0.828231292517007,0.618020304568528,0.447199265381084,1,0.053388090349076,0.171768707482993,0.1084068
shapes_6dof_events,13,p_in = 0.9,Sensitivity,p_in,0.9,1,1338,31,10,0.425101214574899,0.8203125,0.56,0.388888888888889,1,0.0547619047619048,0.1796875,0.1117668
shapes_6dof_events,13,p_w = 0.7,Sensitivity,p_w,0.7,1,1338,31,13,0.492914979757085,0.828231292517007,0.618020304568528,0.447199265381084,1,0.053388090349076,0.171768707482993,0.102585
shapes_6dof_events,13,p_w = 0.8,Sensitivity,p_w,0.8,1,1338,31,13,0.492914979757085,0.828231292517007,0.618020304568528,0.447199265381084,1,0.053388090349076,0.171768707482993,0.0815413
shapes_6dof_events,13,p_w = 0.9,Sensitivity,p_w,0.9,1,1338,31,13,0.492914979757085,0.828231292517007,0.618020304568528,0.447199265381084,1,0.053388090349076,0.171768707482993,0.0865405
shapes_6dof_events,13,overlap = 0.7,Sensitivity,overlap,0.7,1,1338,31,13,0.492914979757085,0.828231292517007,0.618020304568528,0.447199265381084,1,0.053388090349076,0.171768707482993,0.0949392
shapes_6dof_events,13,overlap = 0.8,Sensitivity,overlap,0.8,1,1338,31,13,0.492914979757085,0.828231292517007,0.618020304568528,0.447199265381084,1,0.053388090349076,0.171768707482993,0.0933554
shapes_6dof_events,13,overlap = 0.9,Sensitivity,overlap,0.9,1,1338,31,13,0.492914979757085,0.828231292517007,0.618020304568528,0.447199265381084,1,0.053388090349076,0.171768707482993,0.0896895
shapes_6dof_events,13,eps_s = 0.015,Sensitivity,eps_s,0.015,1,1338,31,14,0.526315789473684,0.858085808580858,0.652446675031368,0.484171322160149,1,0.0538461538461539,0.141914191419142,0.0971236
shapes_6dof_events,13,eps_s = 0.02,Sensitivity,eps_s,0.02,1,1338,31,13,0.492914979757085,0.828231292517007,0.618020304568528,0.447199265381084,1,0.053388090349076,0.171768707482993,0.0868762
shapes_6dof_events,13,eps_s = 0.025,Sensitivity,eps_s,0.025,1,1338,31,12,0.51417004048583,0.842454394693201,0.638592080452546,0.469067405355494,1,0.106299212598425,0.157545605306799,0.0912113
shapes_6dof_events,13,eps_t = 0.005,Sensitivity,eps_t,0.005,1,1338,31,0,0,0,0,0,NaN,NaN,0,0.0460616
shapes_6dof_events,13,eps_t = 0.01,Sensitivity,eps_t,0.01,1,1338,31,13,0.404858299595142,0.8,0.537634408602151,0.367647058823529,1,0.0675,0.2,0.0937796
shapes_6dof_events,13,eps_t = 0.015,Sensitivity,eps_t,0.015,1,1338,31,14,0.534412955465587,0.861337683523654,0.659587757651468,0.492078285181733,1,0.0625,0.138662316476346,0.0935908
shapes_6dof_events,13,eps_t = 0.02,Sensitivity,eps_t,0.02,1,1338,31,13,0.492914979757085,0.828231292517007,0.618020304568528,0.447199265381084,1,0.053388090349076,0.171768707482993,0.0796339
shapes_6dof_events,13,eps_t = 0.025,Sensitivity,eps_t,0.025,1,1338,31,13,0.492914979757085,0.828231292517007,0.618020304568528,0.447199265381084,1,0.053388090349076,0.171768707482993,0.0797337
shapes_6dof_events,13,Event retention = 25%,Sparsity,retention,0.25,1,335,25,0,0,0,0,0,NaN,NaN,0,0.0107783
shapes_6dof_events,13,Event retention = 25%,Sparsity,retention,0.25,2,335,28,1,0.0537190082644628,1,0.101960784313726,0.0537190082644628,1,0,0,0.0099262
shapes_6dof_events,13,Event retention = 25%,Sparsity,retention,0.25,3,335,26,2,0.0548523206751055,1,0.104,0.0548523206751055,1,0,0,0.0106407
shapes_6dof_events,13,Event retention = 25%,Sparsity,retention,0.25,4,335,27,0,0,0,0,0,NaN,NaN,0,0.0131365
shapes_6dof_events,13,Event retention = 25%,Sparsity,retention,0.25,5,335,27,2,0.103846153846154,1,0.18815331010453,0.103846153846154,1,0.0370370370370371,0,0.0139277
shapes_6dof_events,13,Event retention = 50%,Sparsity,retention,0.5,1,669,30,3,0.222,0.973684210526316,0.361563517915309,0.220675944333996,1,0.045045045045045,0.0263157894736842,0.0288516
shapes_6dof_events,13,Event retention = 50%,Sparsity,retention,0.5,2,669,30,4,0.2719836400818,0.956834532374101,0.423566878980892,0.268686868686869,1,0.0526315789473685,0.0431654676258993,0.0259867
shapes_6dof_events,13,Event retention = 50%,Sparsity,retention,0.5,3,669,30,5,0.248979591836735,0.835616438356164,0.383647798742138,0.237354085603113,1,0.0327868852459017,0.164383561643836,0.0440826
shapes_6dof_events,13,Event retention = 50%,Sparsity,retention,0.5,4,669,30,3,0.210735586481113,0.946428571428571,0.344715447154472,0.208251473477407,1,0.0566037735849056,0.0535714285714286,0.0369075
shapes_6dof_events,13,Event retention = 50%,Sparsity,retention,0.5,5,669,29,2,0.113590263691684,0.96551724137931,0.203266787658802,0.113131313131313,1,0.0357142857142857,0.0344827586206897,0.0447949
shapes_6dof_events,13,Event retention = 75%,Sparsity,retention,0.75,1,1004,31,6,0.255689424364123,0.830434782608696,0.390992835209826,0.243002544529262,1,0.0418848167539267,0.169565217391304,0.0520537
shapes_6dof_events,13,Event retention = 75%,Sparsity,retention,0.75,2,1004,31,6,0.344504021447721,0.980916030534351,0.509920634920635,0.342210386151798,1,0.0389105058365758,0.0190839694656489,0.0833906
shapes_6dof_events,13,Event retention = 75%,Sparsity,retention,0.75,3,1004,31,9,0.439839572192513,0.889189189189189,0.588550983899821,0.416983523447402,1,0.0759878419452887,0.110810810810811,0.0639012
shapes_6dof_events,13,Event retention = 75%,Sparsity,retention,0.75,4,1004,31,5,0.253061224489796,0.889952153110048,0.394067796610169,0.245382585751979,1,0.0376344086021505,0.110047846889952,0.0677934
shapes_6dof_events,13,Event retention = 75%,Sparsity,retention,0.75,5,1004,31,6,0.299864314789688,0.986607142857143,0.45993756503642,0.298648648648649,1,0.0723981900452488,0.0133928571428571,0.0651947
shapes_6dof_events,13,Added events = 5%,AddedEvents,added-event ratio,0.05,1,1405,31,13,0.5,0.826086956521739,0.622950819672131,0.452380952380952,1,0.0627530364372469,0.173913043478261,0.0899414
shapes_6dof_events,13,Added events = 5%,AddedEvents,added-event ratio,0.05,2,1405,31,13,0.492914979757085,0.826825127334465,0.617628408370323,0.446788990825688,1,0.053388090349076,0.173174872665535,0.0787904
shapes_6dof_events,13,Added events = 5%,AddedEvents,added-event ratio,0.05,3,1405,31,11,0.442307692307692,0.816822429906542,0.573867367038739,0.402394106813996,1,0.0526315789473685,0.183177570093458,0.0793687
shapes_6dof_events,13,Added events = 5%,AddedEvents,added-event ratio,0.05,4,1405,31,13,0.493927125506073,0.831345826235094,0.61968253968254,0.448942042318307,1,0.0450819672131147,0.168654173764906,0.0840861
shapes_6dof_events,13,Added events = 5%,AddedEvents,added-event ratio,0.05,5,1405,31,13,0.492914979757085,0.826825127334465,0.617628408370323,0.446788990825688,1,0.053388090349076,0.173174872665535,0.0892944
shapes_6dof_events,13,Added events = 10%,AddedEvents,added-event ratio,0.1,1,1472,31,13,0.503036437246964,0.829716193656094,0.626339004410838,0.455963302752294,1,0.0543259557344065,0.170283806343907,0.0860619
shapes_6dof_events,13,Added events = 10%,AddedEvents,added-event ratio,0.1,2,1472,31,12,0.473684210526316,0.819614711033275,0.600384862091084,0.428964252978918,1,0.0555555555555556,0.180385288966725,0.1012743
shapes_6dof_events,13,Added events = 10%,AddedEvents,added-event ratio,0.1,3,1472,31,14,0.492914979757085,0.802306425041186,0.610658307210031,0.439530685920578,1,0.053388090349076,0.197693574958814,0.0822815
shapes_6dof_events,13,Added events = 10%,AddedEvents,added-event ratio,0.1,4,1472,31,13,0.492914979757085,0.825423728813559,0.61723700887199,0.446379468377635,1,0.053388090349076,0.174576271186441,0.0784324
shapes_6dof_events,13,Added events = 10%,AddedEvents,added-event ratio,0.1,5,1472,31,12,0.492914979757085,0.841105354058722,0.621569878749202,0.450925925925926,1,0.053388090349076,0.158894645941278,0.1273292
shapes_6dof_events,13,Added events = 20%,AddedEvents,added-event ratio,0.2,1,1606,31,13,0.493927125506073,0.817420435510888,0.615772870662461,0.444849589790337,1,0.0450819672131147,0.182579564489112,0.0861025
shapes_6dof_events,13,Added events = 20%,AddedEvents,added-event ratio,0.2,2,1606,31,13,0.492914979757085,0.822635135135135,0.616455696202532,0.445562671546203,1,0.053388090349076,0.177364864864865,0.090902
shapes_6dof_events,13,Added events = 20%,AddedEvents,added-event ratio,0.2,3,1606,31,13,0.492914979757085,0.821247892074199,0.61606578115117,0.445155393053016,1,0.053388090349076,0.178752107925801,0.0788546
shapes_6dof_events,13,Added events = 20%,AddedEvents,added-event ratio,0.2,4,1606,31,14,0.536437246963563,0.834645669291339,0.653111521873075,0.484903934126258,1,0.0528301886792453,0.165354330708661,0.0822182
shapes_6dof_events,13,Added events = 20%,AddedEvents,added-event ratio,0.2,5,1606,31,12,0.476720647773279,0.817708333333333,0.60230179028133,0.43092406221409,1,0.0552016985138004,0.182291666666667,0.0849931
shapes_6dof_events,13,Added events = 30%,AddedEvents,added-event ratio,0.3,1,1739,31,14,0.520242914979757,0.829032258064516,0.639303482587065,0.469835466179159,1,0.0525291828793775,0.170967741935484,0.0950781
shapes_6dof_events,13,Added events = 30%,AddedEvents,added-event ratio,0.3,2,1739,31,13,0.493927125506073,0.822934232715008,0.617330803289058,0.44647758462946,1,0.0450819672131147,0.177065767284992,0.1354206
shapes_6dof_events,13,Added events = 30%,AddedEvents,added-event ratio,0.3,3,1739,31,13,0.504048582995951,0.825870646766169,0.626021370207417,0.455626715462031,1,0.0662650602409639,0.174129353233831,0.1220827
shapes_6dof_events,13,Added events = 30%,AddedEvents,added-event ratio,0.3,4,1739,31,16,0.616396761133603,0.836538461538462,0.70979020979021,0.550135501355014,1,0.0443349753694581,0.163461538461538,0.1307872
shapes_6dof_events,13,Added events = 30%,AddedEvents,added-event ratio,0.3,5,1739,31,14,0.569838056680162,0.84407796101949,0.68036253776435,0.515567765567766,1,0.044404973357016,0.15592203898051,0.1267931
shapes_6dof_events,13,Full LLGD runtime,Runtime,-,NaN,1,1338,31,13,0.492914979757085,0.828231292517007,0.618020304568528,0.447199265381084,1,0.053388090349076,0.171768707482993,0.0986774
shapes_6dof_events,13,Full LLGD runtime,Runtime,-,NaN,2,1338,31,13,0.492914979757085,0.828231292517007,0.618020304568528,0.447199265381084,1,0.053388090349076,0.171768707482993,0.1043635
shapes_6dof_events,13,Full LLGD runtime,Runtime,-,NaN,3,1338,31,13,0.492914979757085,0.828231292517007,0.618020304568528,0.447199265381084,1,0.053388090349076,0.171768707482993,0.1410339
shapes_6dof_events,14,Full LLGD,Full,-,NaN,1,1345,31,17,0.533926585094549,0.72289156626506,0.614203454894434,0.443213296398892,1.11111111111111,0.0895833333333333,0.27710843373494,0.1240707
shapes_6dof_events,14,w/o weighted support,Ablation,UseWeights,0,1,1345,31,62,0.918798665183537,0.67816091954023,0.780349551251771,0.639814097598761,1.47619047619048,0.0944309927360775,0.32183908045977,0.0948458
shapes_6dof_events,14,w/o local verification,Ablation,UseVerification,0,1,1345,31,24,0.589543937708565,0.671736375158428,0.627962085308057,0.457685664939551,1.08333333333333,0.0716981132075472,0.328263624841572,0.0627888
shapes_6dof_events,14,w/o global expansion,Ablation,UseGlobalExpansion,0,1,1345,31,30,0.368186874304783,0.713362068965517,0.48569332355099,0.320736434108527,1.90909090909091,0.0181268882175226,0.286637931034483,0.1100607
shapes_6dof_events,14,unit estimation weights,Ablation,UseWeights,0,1,1345,31,15,0.517241379310345,0.709923664122137,0.598455598455598,0.426997245179063,1,0.0838709677419355,0.290076335877863,0.1013783
shapes_6dof_events,14,unit support tests,Ablation,UseMultiplicitySupport,0,1,1345,31,66,0.923248053392658,0.670436187399031,0.776789892372485,0.63504208110176,1.61904761904762,0.121686746987952,0.329563812600969,0.0987457
shapes_6dof_events,14,MAD = 3,Sensitivity,MAD,3,1,1345,31,18,0.548387096774194,0.72821270310192,0.625634517766497,0.455216989843029,1.1,0.0912778904665315,0.27178729689808,0.1013039
shapes_6dof_events,14,MAD = 3.5,Sensitivity,MAD,3.5,1,1345,31,17,0.533926585094549,0.72289156626506,0.614203454894434,0.443213296398892,1.11111111111111,0.0895833333333333,0.27710843373494,0.1014265
shapes_6dof_events,14,MAD = 4,Sensitivity,MAD,4,1,1345,31,18,0.579532814238042,0.735875706214689,0.648413192283758,0.479742173112339,1.1,0.101727447216891,0.264124293785311,0.0917695
shapes_6dof_events,14,p_in = 0.7,Sensitivity,p_in,0.7,1,1345,31,19,0.533926585094549,0.679886685552408,0.598130841121495,0.426666666666667,1.11111111111111,0.0895833333333333,0.320113314447592,0.0909631
shapes_6dof_events,14,p_in = 0.8,Sensitivity,p_in,0.8,1,1345,31,17,0.533926585094549,0.72289156626506,0.614203454894434,0.443213296398892,1.11111111111111,0.0895833333333333,0.27710843373494,0.1031692
shapes_6dof_events,14,p_in = 0.9,Sensitivity,p_in,0.9,1,1345,31,19,0.553948832035595,0.721739130434783,0.626809314033984,0.456461961503208,1.2,0.0903614457831325,0.278260869565217,0.0935615
shapes_6dof_events,14,p_w = 0.7,Sensitivity,p_w,0.7,1,1345,31,16,0.532814238042269,0.724659606656581,0.614102564102564,0.443108233117484,1,0.0876826722338204,0.275340393343419,0.1043735
shapes_6dof_events,14,p_w = 0.8,Sensitivity,p_w,0.8,1,1345,31,17,0.533926585094549,0.72289156626506,0.614203454894434,0.443213296398892,1.11111111111111,0.0895833333333333,0.27710843373494,0.1190684
shapes_6dof_events,14,p_w = 0.9,Sensitivity,p_w,0.9,1,1345,31,18,0.53726362625139,0.724137931034483,0.616858237547893,0.445983379501385,1.22222222222222,0.093167701863354,0.275862068965517,0.1057101
shapes_6dof_events,14,overlap = 0.7,Sensitivity,overlap,0.7,1,1345,31,17,0.533926585094549,0.72289156626506,0.614203454894434,0.443213296398892,1.11111111111111,0.0895833333333333,0.27710843373494,0.1016738
shapes_6dof_events,14,overlap = 0.8,Sensitivity,overlap,0.8,1,1345,31,17,0.533926585094549,0.72289156626506,0.614203454894434,0.443213296398892,1.11111111111111,0.0895833333333333,0.27710843373494,0.1013874
shapes_6dof_events,14,overlap = 0.9,Sensitivity,overlap,0.9,1,1345,31,17,0.533926585094549,0.717488789237668,0.612244897959184,0.441176470588235,1.11111111111111,0.0895833333333333,0.282511210762332,0.1104824
shapes_6dof_events,14,eps_s = 0.015,Sensitivity,eps_s,0.015,1,1345,31,20,0.563959955506118,0.710084033613445,0.628642281463112,0.458408679927667,1.18181818181818,0.0453648915187377,0.289915966386555,0.0825361
shapes_6dof_events,14,eps_s = 0.02,Sensitivity,eps_s,0.02,1,1345,31,17,0.533926585094549,0.72289156626506,0.614203454894434,0.443213296398892,1.11111111111111,0.0895833333333333,0.27710843373494,0.0995811
shapes_6dof_events,14,eps_s = 0.025,Sensitivity,eps_s,0.025,1,1345,31,18,0.562847608453838,0.684709066305819,0.617826617826618,0.446996466431095,1,0.0909090909090909,0.315290933694181,0.1088078
shapes_6dof_events,14,eps_t = 0.005,Sensitivity,eps_t,0.005,1,1345,31,2,0.199110122358176,0.988950276243094,0.331481481481481,0.198668146503885,1,0.0279329608938548,0.0110497237569061,0.0573327
shapes_6dof_events,14,eps_t = 0.01,Sensitivity,eps_t,0.01,1,1345,31,18,0.538375973303671,0.731117824773414,0.62011531069827,0.449396471680594,1.2,0.0888429752066116,0.268882175226586,0.0975493
shapes_6dof_events,14,eps_t = 0.015,Sensitivity,eps_t,0.015,1,1345,31,18,0.549499443826474,0.694796061884669,0.613664596273292,0.442652329749104,1.11111111111111,0.131578947368421,0.305203938115331,0.1064421
shapes_6dof_events,14,eps_t = 0.02,Sensitivity,eps_t,0.02,1,1345,31,17,0.533926585094549,0.72289156626506,0.614203454894434,0.443213296398892,1.11111111111111,0.0895833333333333,0.27710843373494,0.1131708
shapes_6dof_events,14,eps_t = 0.025,Sensitivity,eps_t,0.025,1,1345,31,17,0.533926585094549,0.72289156626506,0.614203454894434,0.443213296398892,1.11111111111111,0.0895833333333333,0.27710843373494,0.0979392
shapes_6dof_events,14,Event retention = 25%,Sparsity,retention,0.25,1,336,29,2,0.0434782608695652,0.714285714285714,0.0819672131147541,0.0427350427350427,1,0,0.285714285714286,0.0150519
shapes_6dof_events,14,Event retention = 25%,Sparsity,retention,0.25,2,336,28,2,0.108225108225108,0.961538461538462,0.194552529182879,0.107758620689655,1,0.04,0.0384615384615385,0.0113707
shapes_6dof_events,14,Event retention = 25%,Sparsity,retention,0.25,3,336,26,1,0.0632911392405063,1,0.119047619047619,0.0632911392405063,1,0,0,0.0131118
shapes_6dof_events,14,Event retention = 25%,Sparsity,retention,0.25,4,336,28,1,0.111111111111111,1,0.2,0.111111111111111,1,0,0,0.0142125
shapes_6dof_events,14,Event retention = 25%,Sparsity,retention,0.25,5,336,27,1,0.100877192982456,1,0.183266932270916,0.100877192982456,1,0,0,0.0193231
shapes_6dof_events,14,Event retention = 50%,Sparsity,retention,0.5,1,673,28,3,0.172413793103448,0.76530612244898,0.281425891181989,0.163755458515284,1,0.0133333333333333,0.23469387755102,0.0565873
shapes_6dof_events,14,Event retention = 50%,Sparsity,retention,0.5,2,673,28,5,0.275,0.858156028368794,0.416523235800344,0.26304347826087,1,0.0413223140495868,0.141843971631206,0.0392139
shapes_6dof_events,14,Event retention = 50%,Sparsity,retention,0.5,3,673,29,4,0.333333333333333,0.987179487179487,0.498381877022654,0.331896551724138,1,0.0714285714285714,0.0128205128205128,0.0573733
shapes_6dof_events,14,Event retention = 50%,Sparsity,retention,0.5,4,673,30,6,0.245575221238938,0.637931034482759,0.354632587859425,0.215533980582524,1,0.027027027027027,0.362068965517241,0.0440351
shapes_6dof_events,14,Event retention = 50%,Sparsity,retention,0.5,5,673,28,6,0.343612334801762,0.808290155440414,0.482225656877898,0.317718940936864,1,0.0512820512820513,0.191709844559585,0.042911
shapes_6dof_events,14,Event retention = 75%,Sparsity,retention,0.75,1,1009,30,13,0.45440956651719,0.698850574712644,0.550724637681159,0.38,1,0.0888157894736842,0.301149425287356,0.0734036
shapes_6dof_events,14,Event retention = 75%,Sparsity,retention,0.75,2,1009,30,10,0.399702823179792,0.800595238095238,0.533201189296333,0.363513513513514,1,0.0892193308550185,0.199404761904762,0.0604993
shapes_6dof_events,14,Event retention = 75%,Sparsity,retention,0.75,3,1009,30,11,0.351906158357771,0.657534246575342,0.458452722063037,0.297397769516729,1,0.0583333333333333,0.342465753424658,0.0793077
shapes_6dof_events,14,Event retention = 75%,Sparsity,retention,0.75,4,1009,31,11,0.380029806259314,0.685483870967742,0.488974113135187,0.323604060913706,1,0.0509803921568628,0.314516129032258,0.0668433
shapes_6dof_events,14,Event retention = 75%,Sparsity,retention,0.75,5,1009,31,12,0.402714932126697,0.713903743315508,0.514946962391514,0.346753246753247,1,0.0786516853932584,0.286096256684492,0.065553
shapes_6dof_events,14,Added events = 5%,AddedEvents,added-event ratio,0.05,1,1412,31,17,0.53503893214683,0.721139430284858,0.614303959131545,0.44331797235023,1.11111111111111,0.0914760914760915,0.278860569715142,0.1112896
shapes_6dof_events,14,Added events = 5%,AddedEvents,added-event ratio,0.05,2,1412,31,17,0.533926585094549,0.72289156626506,0.614203454894434,0.443213296398892,1.11111111111111,0.0895833333333333,0.27710843373494,0.1027876
shapes_6dof_events,14,Added events = 5%,AddedEvents,added-event ratio,0.05,3,1412,31,18,0.529477196885428,0.690856313497823,0.599496221662469,0.428057553956835,1.11111111111111,0.092436974789916,0.309143686502177,0.1145701
shapes_6dof_events,14,Added events = 5%,AddedEvents,added-event ratio,0.05,4,1412,31,17,0.53503893214683,0.71898355754858,0.613520408163265,0.442502299908004,1.11111111111111,0.0893970893970893,0.28101644245142,0.1127945
shapes_6dof_events,14,Added events = 5%,AddedEvents,added-event ratio,0.05,5,1412,31,17,0.533926585094549,0.72289156626506,0.614203454894434,0.443213296398892,1.11111111111111,0.0895833333333333,0.27710843373494,0.1254864
shapes_6dof_events,14,Added events = 10%,AddedEvents,added-event ratio,0.1,1,1480,31,17,0.560622914349277,0.733624454148472,0.635561160151324,0.465804066543438,1.1,0.0873015873015873,0.266375545851528,0.1345706
shapes_6dof_events,14,Added events = 10%,AddedEvents,added-event ratio,0.1,2,1480,31,16,0.520578420467186,0.717791411042945,0.60348162475822,0.43213296398892,1.11111111111111,0.0811965811965812,0.282208588957055,0.1357469
shapes_6dof_events,14,Added events = 10%,AddedEvents,added-event ratio,0.1,3,1480,31,18,0.525027808676307,0.674285714285714,0.590368980612883,0.418811002661934,1.11111111111111,0.0783898305084746,0.325714285714286,0.1431733
shapes_6dof_events,14,Added events = 10%,AddedEvents,added-event ratio,0.1,4,1480,31,16,0.517241379310345,0.719814241486068,0.601941747572815,0.430555555555556,1.11111111111111,0.0817204301075268,0.280185758513932,0.2183159
shapes_6dof_events,14,Added events = 10%,AddedEvents,added-event ratio,0.1,5,1480,31,16,0.525027808676307,0.71841704718417,0.606683804627249,0.435424354243542,1.11111111111111,0.0805084745762712,0.28158295281583,0.1805572
shapes_6dof_events,14,Added events = 20%,AddedEvents,added-event ratio,0.2,1,1614,31,17,0.530589543937709,0.717293233082707,0.60997442455243,0.438822447102116,1.11111111111111,0.0922431865828093,0.282706766917293,0.1289496
shapes_6dof_events,14,Added events = 20%,AddedEvents,added-event ratio,0.2,2,1614,31,16,0.527252502780868,0.713855421686747,0.606525911708253,0.435261707988981,1,0.0928270042194093,0.286144578313253,0.1200745
shapes_6dof_events,14,Added events = 20%,AddedEvents,added-event ratio,0.2,3,1614,31,19,0.53503893214683,0.685185185185185,0.600874453466583,0.429464285714286,1.22222222222222,0.0956340956340956,0.314814814814815,0.1363638
shapes_6dof_events,14,Added events = 20%,AddedEvents,added-event ratio,0.2,4,1614,31,18,0.563959955506118,0.730547550432277,0.63653483992467,0.466850828729282,1.1,0.0887573964497042,0.269452449567723,0.1495674
shapes_6dof_events,14,Added events = 20%,AddedEvents,added-event ratio,0.2,5,1614,31,20,0.531701890989989,0.667597765363129,0.591950464396285,0.420404573438874,1.11111111111111,0.0941422594142259,0.332402234636872,0.1671508
shapes_6dof_events,14,Added events = 30%,AddedEvents,added-event ratio,0.3,1,1749,31,19,0.578420467185762,0.709413369713506,0.637254901960784,0.467625899280576,1.09090909090909,0.0769230769230769,0.290586630286494,0.2381471
shapes_6dof_events,14,Added events = 30%,AddedEvents,added-event ratio,0.3,2,1749,31,17,0.515016685205784,0.682890855457227,0.58719086873811,0.415619389587074,1.11111111111111,0.0777537796976242,0.317109144542773,0.164032
shapes_6dof_events,14,Added events = 30%,AddedEvents,added-event ratio,0.3,3,1749,31,20,0.565072302558398,0.692098092643052,0.622167789344764,0.451555555555556,1.3,0.0649606299212598,0.307901907356948,0.2162997
shapes_6dof_events,14,Added events = 30%,AddedEvents,added-event ratio,0.3,4,1749,31,18,0.547274749721913,0.698863636363636,0.613849033063007,0.442844284428443,1.1,0.0752032520325203,0.301136363636364,0.2282203
shapes_6dof_events,14,Added events = 30%,AddedEvents,added-event ratio,0.3,5,1749,31,15,0.49944382647386,0.707086614173228,0.585397653194263,0.413824884792627,1,0.0757238307349666,0.292913385826772,0.2367913
shapes_6dof_events,14,Full LLGD runtime,Runtime,-,NaN,1,1345,31,17,0.533926585094549,0.72289156626506,0.614203454894434,0.443213296398892,1.11111111111111,0.0895833333333333,0.27710843373494,0.1917485
shapes_6dof_events,14,Full LLGD runtime,Runtime,-,NaN,2,1345,31,16,0.521690767519466,0.721538461538462,0.605551969012266,0.434259259259259,1.11111111111111,0.0788912579957356,0.278461538461538,0.1997838
shapes_6dof_events,14,Full LLGD runtime,Runtime,-,NaN,3,1345,31,17,0.533926585094549,0.72289156626506,0.614203454894434,0.443213296398892,1.11111111111111,0.0895833333333333,0.27710843373494,0.2796415
shapes_6dof_events,15,Full LLGD,Full,-,NaN,1,1844,30,22,0.52208480565371,0.622760800842993,0.567996155694378,0.396644295302013,1.11111111111111,0.0846023688663282,0.377239199157007,0.2623529
shapes_6dof_events,15,w/o weighted support,Ablation,UseWeights,0,1,1844,30,71,0.95583038869258,0.625795257374205,0.756378888500524,0.608206857785273,1.84210526315789,0.0619223659889094,0.374204742625795,0.1874049
shapes_6dof_events,15,w/o local verification,Ablation,UseVerification,0,1,1844,30,30,0.718197879858657,0.63515625,0.674129353233831,0.50844277673546,1.07692307692308,0.0738007380073801,0.36484375,0.1464654
shapes_6dof_events,15,w/o global expansion,Ablation,UseGlobalExpansion,0,1,1844,30,44,0.409893992932862,0.645340751043115,0.501350621285791,0.334534967555876,3.11111111111111,0.0193965517241379,0.354659248956885,0.2165683
shapes_6dof_events,15,unit estimation weights,Ablation,UseWeights,0,1,1844,30,22,0.477031802120141,0.602678571428571,0.532544378698225,0.362903225806452,1.125,0.0722222222222222,0.397321428571429,0.2912761
shapes_6dof_events,15,unit support tests,Ablation,UseMultiplicitySupport,0,1,1844,30,71,0.946113074204947,0.623399301513388,0.751578947368421,0.602023608768971,2.05555555555556,0.0634920634920635,0.376600698486612,0.2230975
shapes_6dof_events,15,MAD = 3,Sensitivity,MAD,3,1,1844,30,22,0.513250883392226,0.620064034151548,0.561623972933784,0.390456989247312,1.11111111111111,0.0826161790017211,0.379935965848453,0.2572501
shapes_6dof_events,15,MAD = 3.5,Sensitivity,MAD,3.5,1,1844,30,22,0.52208480565371,0.622760800842993,0.567996155694378,0.396644295302013,1.11111111111111,0.0846023688663282,0.377239199157007,0.24128
shapes_6dof_events,15,MAD = 4,Sensitivity,MAD,4,1,1844,30,24,0.526501766784452,0.615702479338843,0.567619047619048,0.396276595744681,1.22222222222222,0.0620805369127517,0.384297520661157,0.169244
shapes_6dof_events,15,p_in = 0.7,Sensitivity,p_in,0.7,1,1844,30,25,0.52208480565371,0.591591591591592,0.554669169404036,0.383766233766234,1.11111111111111,0.0846023688663282,0.408408408408408,0.1717118
shapes_6dof_events,15,p_in = 0.8,Sensitivity,p_in,0.8,1,1844,30,22,0.52208480565371,0.622760800842993,0.567996155694378,0.396644295302013,1.11111111111111,0.0846023688663282,0.377239199157007,0.2139541
shapes_6dof_events,15,p_in = 0.9,Sensitivity,p_in,0.9,1,1844,30,20,0.510600706713781,0.622844827586207,0.561165048543689,0.390013495276653,1.11111111111111,0.0622837370242214,0.377155172413793,0.2028044
shapes_6dof_events,15,p_w = 0.7,Sensitivity,p_w,0.7,1,1844,30,21,0.52208480565371,0.622760800842993,0.567996155694378,0.396644295302013,1.11111111111111,0.0846023688663282,0.377239199157007,0.1582881
shapes_6dof_events,15,p_w = 0.8,Sensitivity,p_w,0.8,1,1844,30,22,0.52208480565371,0.622760800842993,0.567996155694378,0.396644295302013,1.11111111111111,0.0846023688663282,0.377239199157007,0.1337717
shapes_6dof_events,15,p_w = 0.9,Sensitivity,p_w,0.9,1,1844,30,23,0.521201413427562,0.610766045548654,0.562440419447092,0.391246684350133,1.11111111111111,0.0847457627118644,0.389233954451346,0.1462469
shapes_6dof_events,15,overlap = 0.7,Sensitivity,overlap,0.7,1,1844,30,22,0.52208480565371,0.622760800842993,0.567996155694378,0.396644295302013,1.11111111111111,0.0846023688663282,0.377239199157007,0.1375277
shapes_6dof_events,15,overlap = 0.8,Sensitivity,overlap,0.8,1,1844,30,22,0.52208480565371,0.622760800842993,0.567996155694378,0.396644295302013,1.11111111111111,0.0846023688663282,0.377239199157007,0.1471678
shapes_6dof_events,15,overlap = 0.9,Sensitivity,overlap,0.9,1,1844,30,22,0.52208480565371,0.622105263157895,0.567723342939481,0.396378269617706,1.11111111111111,0.0846023688663282,0.377894736842105,0.1663483
shapes_6dof_events,15,eps_s = 0.015,Sensitivity,eps_s,0.015,1,1844,30,22,0.490282685512367,0.597416576964478,0.538573508005822,0.368525896414343,1.25,0.0720720720720721,0.402583423035522,0.1649477
shapes_6dof_events,15,eps_s = 0.02,Sensitivity,eps_s,0.02,1,1844,30,22,0.52208480565371,0.622760800842993,0.567996155694378,0.396644295302013,1.11111111111111,0.0846023688663282,0.377239199157007,0.1736054
shapes_6dof_events,15,eps_s = 0.025,Sensitivity,eps_s,0.025,1,1844,30,23,0.535335689045936,0.593535749265426,0.562935438922434,0.391725921137686,1.11111111111111,0.0676567656765676,0.406464250734574,0.1925507
shapes_6dof_events,15,eps_t = 0.005,Sensitivity,eps_t,0.005,1,1844,30,5,0.182862190812721,0.678688524590164,0.288100208768267,0.168292682926829,1,0.0289855072463768,0.321311475409836,0.1460244
shapes_6dof_events,15,eps_t = 0.01,Sensitivity,eps_t,0.01,1,1844,30,20,0.471731448763251,0.579804560260586,0.520214320506576,0.35154707044108,1,0.0617977528089888,0.420195439739414,0.157255
shapes_6dof_events,15,eps_t = 0.015,Sensitivity,eps_t,0.015,1,1844,30,24,0.52208480565371,0.59040959040959,0.554149085794655,0.383268482490272,1.11111111111111,0.0642978003384095,0.40959040959041,0.1357946
shapes_6dof_events,15,eps_t = 0.02,Sensitivity,eps_t,0.02,1,1844,30,22,0.52208480565371,0.622760800842993,0.567996155694378,0.396644295302013,1.11111111111111,0.0846023688663282,0.377239199157007,0.1447447
shapes_6dof_events,15,eps_t = 0.025,Sensitivity,eps_t,0.025,1,1844,30,22,0.52208480565371,0.622760800842993,0.567996155694378,0.396644295302013,1.11111111111111,0.0846023688663282,0.377239199157007,0.1447984
shapes_6dof_events,15,Event retention = 25%,Sparsity,retention,0.25,1,461,28,2,0.0989399293286219,0.933333333333333,0.178913738019169,0.0982456140350877,1,0,0.0666666666666667,0.0352484
shapes_6dof_events,15,Event retention = 25%,Sparsity,retention,0.25,2,461,24,0,0,0,0,0,NaN,NaN,0,0.0200906
shapes_6dof_events,15,Event retention = 25%,Sparsity,retention,0.25,3,461,29,2,0.174061433447099,0.980769230769231,0.295652173913043,0.173469387755102,1,0,0.0192307692307692,0.0221202
shapes_6dof_events,15,Event retention = 25%,Sparsity,retention,0.25,4,461,27,4,0.192439862542955,0.848484848484849,0.313725490196078,0.186046511627907,1,0.0178571428571429,0.151515151515152,0.0252669
shapes_6dof_events,15,Event retention = 25%,Sparsity,retention,0.25,5,461,24,1,0,0,0,0,NaN,NaN,1,0.0244548
shapes_6dof_events,15,Event retention = 50%,Sparsity,retention,0.5,1,922,30,10,0.379073756432247,0.775438596491228,0.509216589861751,0.341576506955178,1.16666666666667,0.0588235294117647,0.224561403508772,0.0661375
shapes_6dof_events,15,Event retention = 50%,Sparsity,retention,0.5,2,922,28,10,0.364937388193202,0.660194174757282,0.470046082949309,0.307228915662651,1,0.0343137254901961,0.339805825242718,0.0682922
shapes_6dof_events,15,Event retention = 50%,Sparsity,retention,0.5,3,922,26,12,0.337522441651706,0.706766917293233,0.456865127582017,0.296062992125984,1.28571428571429,0.0691489361702128,0.293233082706767,0.0716092
shapes_6dof_events,15,Event retention = 50%,Sparsity,retention,0.5,4,922,27,8,0.258467023172906,0.644444444444444,0.368956743002545,0.226209048361934,1,0.0758620689655173,0.355555555555556,0.0742969
shapes_6dof_events,15,Event retention = 50%,Sparsity,retention,0.5,5,922,27,9,0.422145328719723,0.794788273615635,0.551412429378531,0.380655226209048,1.16666666666667,0.0573770491803278,0.205211726384365,0.0716311
shapes_6dof_events,15,Event retention = 75%,Sparsity,retention,0.75,1,1383,30,16,0.444444444444444,0.636209813874788,0.523312456506611,0.354382657869934,1,0.0718085106382979,0.363790186125212,0.1104552
shapes_6dof_events,15,Event retention = 75%,Sparsity,retention,0.75,2,1383,30,19,0.442216981132075,0.590551181102362,0.505731625084289,0.338447653429603,1,0.072,0.409448818897638,0.1193432
shapes_6dof_events,15,Event retention = 75%,Sparsity,retention,0.75,3,1383,29,19,0.435747663551402,0.574730354391371,0.495681063122924,0.329505300353357,1.14285714285714,0.061662198391421,0.425269645608629,0.102756
shapes_6dof_events,15,Event retention = 75%,Sparsity,retention,0.75,4,1383,29,17,0.440046565774156,0.6,0.507723304231028,0.34023402340234,1.14285714285714,0.0634920634920635,0.4,0.0776581
shapes_6dof_events,15,Event retention = 75%,Sparsity,retention,0.75,5,1383,30,17,0.444444444444444,0.656303972366149,0.529986052998605,0.360531309297913,1,0.0684210526315789,0.343696027633851,0.0956974
shapes_6dof_events,15,Added events = 5%,AddedEvents,added-event ratio,0.05,1,1936,30,24,0.525618374558304,0.609007164790174,0.564248458985301,0.392998678996037,1.22222222222222,0.0806722689075631,0.390992835209826,0.1399174
shapes_6dof_events,15,Added events = 5%,AddedEvents,added-event ratio,0.05,2,1936,30,23,0.530918727915194,0.6082995951417,0.566981132075472,0.395655036208032,1.11111111111111,0.0831946755407654,0.3917004048583,0.1516867
shapes_6dof_events,15,Added events = 5%,AddedEvents,added-event ratio,0.05,3,1936,30,24,0.522968197879859,0.604081632653061,0.560606060606061,0.389473684210526,1.11111111111111,0.081081081081081,0.395918367346939,0.1533699
shapes_6dof_events,15,Added events = 5%,AddedEvents,added-event ratio,0.05,4,1936,30,23,0.537102473498233,0.613521695257316,0.572774375883184,0.401320132013201,1.11111111111111,0.0970394736842105,0.386478304742684,0.1408868
shapes_6dof_events,15,Added events = 5%,AddedEvents,added-event ratio,0.05,5,1936,30,22,0.520318021201413,0.620653319283456,0.566074002883229,0.394772117962466,1.11111111111111,0.0848896434634975,0.379346680716544,0.1481487
shapes_6dof_events,15,Added events = 10%,AddedEvents,added-event ratio,0.1,1,2028,30,24,0.519434628975265,0.600612870275792,0.557081951681668,0.386080105055811,1.11111111111111,0.0782312925170068,0.399387129724208,0.1797767
shapes_6dof_events,15,Added events = 10%,AddedEvents,added-event ratio,0.1,2,2028,30,21,0.51678445229682,0.617740232312566,0.562770562770563,0.391566265060241,1.11111111111111,0.0820512820512821,0.382259767687434,0.1588679
shapes_6dof_events,15,Added events = 10%,AddedEvents,added-event ratio,0.1,3,2028,30,23,0.524734982332155,0.605504587155963,0.562233790818741,0.391046741277156,1.11111111111111,0.0774410774410774,0.394495412844037,0.1673044
shapes_6dof_events,15,Added events = 10%,AddedEvents,added-event ratio,0.1,4,2028,30,25,0.545053003533569,0.61028684470821,0.575828278114792,0.4043250327654,1.1,0.0858995137763371,0.38971315529179,0.1631702
shapes_6dof_events,15,Added events = 10%,AddedEvents,added-event ratio,0.1,5,2028,30,25,0.52208480565371,0.597573306370071,0.557284299858557,0.386274509803922,1.11111111111111,0.0829103214890017,0.402426693629929,0.1624603
shapes_6dof_events,15,Added events = 20%,AddedEvents,added-event ratio,0.2,1,2213,30,22,0.512367491166078,0.613756613756614,0.558497833413577,0.387441549766199,1.11111111111111,0.0551724137931034,0.386243386243386,0.162728
shapes_6dof_events,15,Added events = 20%,AddedEvents,added-event ratio,0.2,2,2213,30,25,0.53886925795053,0.607569721115538,0.571161048689139,0.399737876802097,1.22222222222222,0.101639344262295,0.392430278884462,0.1738464
shapes_6dof_events,15,Added events = 20%,AddedEvents,added-event ratio,0.2,3,2213,30,26,0.518551236749117,0.576054955839058,0.545792654579265,0.375319693094629,1.11111111111111,0.0783645655877342,0.423945044160942,0.1456077
shapes_6dof_events,15,Added events = 20%,AddedEvents,added-event ratio,0.2,4,2213,30,22,0.525618374558304,0.62043795620438,0.569105691056911,0.397727272727273,1.22222222222222,0.0773109243697478,0.37956204379562,0.1715025
shapes_6dof_events,15,Added events = 20%,AddedEvents,added-event ratio,0.2,5,2213,30,23,0.507950530035336,0.60272536687631,0.551294343240652,0.380542686962277,1.11111111111111,0.0852173913043478,0.39727463312369,0.153456
shapes_6dof_events,15,Added events = 30%,AddedEvents,added-event ratio,0.3,1,2397,30,26,0.568021201413428,0.610636277302944,0.588558352402746,0.416990920881971,1.1,0.0762052877138414,0.389363722697056,0.1755764
shapes_6dof_events,15,Added events = 30%,AddedEvents,added-event ratio,0.3,2,2397,30,27,0.534452296819788,0.592556317335945,0.562006502554575,0.390826873385013,1.3,0.056198347107438,0.407443682664055,0.1471669
shapes_6dof_events,15,Added events = 30%,AddedEvents,added-event ratio,0.3,3,2397,30,26,0.553886925795053,0.590951932139491,0.571819425444596,0.400383141762452,1.11111111111111,0.0972886762360446,0.409048067860509,0.1621308
shapes_6dof_events,15,Added events = 30%,AddedEvents,added-event ratio,0.3,4,2397,30,23,0.51678445229682,0.613207547169811,0.560882070949185,0.389740173217855,1.22222222222222,0.0854700854700855,0.386792452830189,0.1628787
shapes_6dof_events,15,Added events = 30%,AddedEvents,added-event ratio,0.3,5,2397,30,25,0.531802120141343,0.586744639376218,0.557924003707136,0.386889460154242,1.11111111111111,0.0647840531561462,0.413255360623782,0.1982588
shapes_6dof_events,15,Full LLGD runtime,Runtime,-,NaN,1,1844,30,22,0.52208480565371,0.622760800842993,0.567996155694378,0.396644295302013,1.11111111111111,0.0846023688663282,0.377239199157007,0.1293106
shapes_6dof_events,15,Full LLGD runtime,Runtime,-,NaN,2,1844,30,23,0.51678445229682,0.607476635514019,0.558472553699284,0.387417218543046,1,0.0598290598290598,0.392523364485981,0.1705951
shapes_6dof_events,15,Full LLGD runtime,Runtime,-,NaN,3,1844,30,23,0.519434628975265,0.607438016528926,0.56,0.388888888888889,1.11111111111111,0.0799319727891157,0.392561983471074,0.1752567
shapes_6dof_events,16,Full LLGD,Full,-,NaN,1,1970,29,20,0.673897830650805,0.801164725457571,0.732041049030787,0.577338129496403,1,0.0924195223260644,0.198835274542429,0.1487336
shapes_6dof_events,16,w/o weighted support,Ablation,UseWeights,0,1,1970,29,66,0.961511546536039,0.738312735088662,0.835258358662614,0.717118997912317,1.68,0.0720524017467249,0.261687264911338,0.1390387
shapes_6dof_events,16,w/o local verification,Ablation,UseVerification,0,1,1970,29,25,0.72778166550035,0.772659732540862,0.74954954954955,0.599423631123919,1,0.0932692307692308,0.227340267459138,0.0878018
shapes_6dof_events,16,w/o global expansion,Ablation,UseGlobalExpansion,0,1,1970,29,44,0.386983904828551,0.744279946164199,0.509208103130755,0.341568869672637,2.53846153846154,0.0470162748643761,0.255720053835801,0.1658155
shapes_6dof_events,16,unit estimation weights,Ablation,UseWeights,0,1,1970,29,21,0.660601819454164,0.78601165695254,0.71787072243346,0.559905100830368,1,0.0688559322033898,0.21398834304746,0.1381292
shapes_6dof_events,16,unit support tests,Ablation,UseMultiplicitySupport,0,1,1970,29,71,0.953114065780266,0.734231805929919,0.829476248477466,0.708636836628512,1.6,0.091042584434655,0.265768194070081,0.1102379
shapes_6dof_events,16,MAD = 3,Sensitivity,MAD,3,1,1970,29,20,0.65850244926522,0.799490229396772,0.722179585571757,0.565165165165165,1,0.0818278427205101,0.200509770603229,0.1434004
shapes_6dof_events,16,MAD = 3.5,Sensitivity,MAD,3.5,1,1970,29,20,0.673897830650805,0.801164725457571,0.732041049030787,0.577338129496403,1,0.0924195223260644,0.198835274542429,0.1347128
shapes_6dof_events,16,MAD = 4,Sensitivity,MAD,4,1,1970,29,18,0.644506648005598,0.791917454858126,0.710648148148148,0.551166965888689,1,0.0673181324647123,0.208082545141874,0.1155243
shapes_6dof_events,16,p_in = 0.7,Sensitivity,p_in,0.7,1,1970,29,21,0.673897830650805,0.800498753117207,0.731762917933131,0.576992210904733,1,0.0924195223260644,0.199501246882793,0.1221253
shapes_6dof_events,16,p_in = 0.8,Sensitivity,p_in,0.8,1,1970,29,20,0.673897830650805,0.801164725457571,0.732041049030787,0.577338129496403,1,0.0924195223260644,0.198835274542429,0.1479475
shapes_6dof_events,16,p_in = 0.9,Sensitivity,p_in,0.9,1,1970,29,17,0.624212736179146,0.790780141843972,0.697692608525616,0.535735735735736,1,0.0639013452914798,0.209219858156028,0.1384177
shapes_6dof_events,16,p_w = 0.7,Sensitivity,p_w,0.7,1,1970,29,20,0.673897830650805,0.801164725457571,0.732041049030787,0.577338129496403,1,0.0924195223260644,0.198835274542429,0.1337595
shapes_6dof_events,16,p_w = 0.8,Sensitivity,p_w,0.8,1,1970,29,20,0.673897830650805,0.801164725457571,0.732041049030787,0.577338129496403,1,0.0924195223260644,0.198835274542429,0.1308175
shapes_6dof_events,16,p_w = 0.9,Sensitivity,p_w,0.9,1,1970,29,20,0.668299510146956,0.799832495812395,0.728173846740374,0.572541966426859,1,0.0931937172774869,0.200167504187605,0.1330041
shapes_6dof_events,16,overlap = 0.7,Sensitivity,overlap,0.7,1,1970,29,20,0.673897830650805,0.801164725457571,0.732041049030787,0.577338129496403,1,0.0924195223260644,0.198835274542429,0.1742033
shapes_6dof_events,16,overlap = 0.8,Sensitivity,overlap,0.8,1,1970,29,20,0.673897830650805,0.801164725457571,0.732041049030787,0.577338129496403,1,0.0924195223260644,0.198835274542429,0.1858012
shapes_6dof_events,16,overlap = 0.9,Sensitivity,overlap,0.9,1,1970,29,20,0.673897830650805,0.801164725457571,0.732041049030787,0.577338129496403,1,0.0924195223260644,0.198835274542429,0.180531
shapes_6dof_events,16,eps_s = 0.015,Sensitivity,eps_s,0.015,1,1970,29,29,0.651504548635409,0.763114754098361,0.702906757266893,0.541909196740396,1.42857142857143,0.0601503759398496,0.236885245901639,0.1619725
shapes_6dof_events,16,eps_s = 0.02,Sensitivity,eps_s,0.02,1,1970,29,20,0.673897830650805,0.801164725457571,0.732041049030787,0.577338129496403,1,0.0924195223260644,0.198835274542429,0.1699302
shapes_6dof_events,16,eps_s = 0.025,Sensitivity,eps_s,0.025,1,1970,29,20,0.637508747375787,0.768776371308017,0.697016067329763,0.534938344098649,1.1,0.0878155872667399,0.231223628691983,0.1845565
shapes_6dof_events,16,eps_t = 0.005,Sensitivity,eps_t,0.005,1,1970,29,3,0.0629811056682995,0.681818181818182,0.11531069827034,0.0611828687967369,1,0.111111111111111,0.318181818181818,0.0864881
shapes_6dof_events,16,eps_t = 0.01,Sensitivity,eps_t,0.01,1,1970,29,20,0.63890832750175,0.791161178509532,0.706929926442122,0.546706586826347,1.09090909090909,0.0690032858707558,0.208838821490468,0.1650043
shapes_6dof_events,16,eps_t = 0.015,Sensitivity,eps_t,0.015,1,1970,29,20,0.670398880335899,0.801673640167364,0.730182926829268,0.575030012004802,1,0.0730688935281837,0.198326359832636,0.1601801
shapes_6dof_events,16,eps_t = 0.02,Sensitivity,eps_t,0.02,1,1970,29,20,0.673897830650805,0.801164725457571,0.732041049030787,0.577338129496403,1,0.0924195223260644,0.198835274542429,0.1343192
shapes_6dof_events,16,eps_t = 0.025,Sensitivity,eps_t,0.025,1,1970,29,20,0.673897830650805,0.801164725457571,0.732041049030787,0.577338129496403,1,0.0924195223260644,0.198835274542429,0.1267457
shapes_6dof_events,16,Event retention = 25%,Sparsity,retention,0.25,1,493,29,2,0.167123287671233,0.968253968253968,0.285046728971963,0.166212534059946,1,0.0491803278688525,0.0317460317460317,0.0249639
shapes_6dof_events,16,Event retention = 25%,Sparsity,retention,0.25,2,493,29,1,0.0963172804532578,0.971428571428571,0.175257731958763,0.096045197740113,1,0,0.0285714285714286,0.0167046
shapes_6dof_events,16,Event retention = 25%,Sparsity,retention,0.25,3,493,29,2,0.0202312138728324,0.35,0.0382513661202186,0.0194986072423398,1,0,0.65,0.0274464
shapes_6dof_events,16,Event retention = 25%,Sparsity,retention,0.25,4,493,28,3,0.132075471698113,0.844827586206897,0.228438228438228,0.128947368421053,1,0,0.155172413793103,0.0280229
shapes_6dof_events,16,Event retention = 25%,Sparsity,retention,0.25,5,493,27,3,0.158640226628895,0.8,0.264775413711584,0.152588555858311,1,0.0892857142857143,0.2,0.0181528
shapes_6dof_events,16,Event retention = 50%,Sparsity,retention,0.5,1,985,28,7,0.287899860917942,0.811764705882353,0.425051334702259,0.269882659713168,1,0.106280193236715,0.188235294117647,0.0848668
shapes_6dof_events,16,Event retention = 50%,Sparsity,retention,0.5,2,985,29,5,0.200280112044818,0.882716049382716,0.32648401826484,0.195088676671214,1,0.0769230769230769,0.117283950617284,0.0948055
shapes_6dof_events,16,Event retention = 50%,Sparsity,retention,0.5,3,985,28,7,0.202216066481994,0.737373737373737,0.317391304347826,0.188630490956072,1,0.0616438356164384,0.262626262626263,0.0686713
shapes_6dof_events,16,Event retention = 50%,Sparsity,retention,0.5,4,985,28,6,0.138849929873773,0.692307692307692,0.231308411214953,0.130779392338177,1,0.0808080808080808,0.307692307692308,0.0779805
shapes_6dof_events,16,Event retention = 50%,Sparsity,retention,0.5,5,985,28,9,0.392807745504841,0.845238095238095,0.536355051935788,0.366451612903226,1,0.0211267605633803,0.154761904761905,0.0702963
shapes_6dof_events,16,Event retention = 75%,Sparsity,retention,0.75,1,1478,29,18,0.601869158878505,0.791154791154791,0.683651804670913,0.519354838709677,1.2,0.0419254658385093,0.208845208845209,0.0968006
shapes_6dof_events,16,Event retention = 75%,Sparsity,retention,0.75,2,1478,29,15,0.588507877664504,0.808917197452229,0.681330472103004,0.516680227827502,1.11111111111111,0.0488188976377952,0.191082802547771,0.0906252
shapes_6dof_events,16,Event retention = 75%,Sparsity,retention,0.75,3,1478,29,13,0.493975903614458,0.799100449775112,0.610538373424971,0.439406430338005,1,0.0825515947467167,0.200899550224888,0.1317752
shapes_6dof_events,16,Event retention = 75%,Sparsity,retention,0.75,4,1478,29,18,0.569943289224953,0.76425855513308,0.652950730914997,0.484726688102894,1.22222222222222,0.0613598673300166,0.23574144486692,0.1137179
shapes_6dof_events,16,Event retention = 75%,Sparsity,retention,0.75,5,1478,29,18,0.495344506517691,0.747191011235955,0.595744680851064,0.424242424242424,1.11111111111111,0.0545112781954887,0.252808988764045,0.1365844
shapes_6dof_events,16,Added events = 5%,AddedEvents,added-event ratio,0.05,1,2069,29,23,0.684394681595521,0.784911717495987,0.731214953271028,0.57631113730112,1,0.0920245398773006,0.215088282504013,0.1702186
shapes_6dof_events,16,Added events = 5%,AddedEvents,added-event ratio,0.05,2,2069,29,20,0.659902029391183,0.797800338409476,0.722328609728074,0.565347721822542,1,0.0689289501590669,0.202199661590525,0.2164174
shapes_6dof_events,16,Added events = 5%,AddedEvents,added-event ratio,0.05,3,2069,29,22,0.675997200839748,0.78345498783455,0.725770097670924,0.569575471698113,1,0.0921325051759835,0.21654501216545,0.1965334
shapes_6dof_events,16,Added events = 5%,AddedEvents,added-event ratio,0.05,4,2069,29,20,0.676696990902729,0.797854785478548,0.732298371828853,0.577658303464755,1.09090909090909,0.078593588417787,0.202145214521452,0.1772932
shapes_6dof_events,16,Added events = 5%,AddedEvents,added-event ratio,0.05,5,2069,29,19,0.662001399580126,0.795626576955425,0.722689075630252,0.565789473684211,1,0.0782241014799154,0.204373423044575,0.1688678
shapes_6dof_events,16,Added events = 10%,AddedEvents,added-event ratio,0.1,1,2167,29,19,0.662701189643107,0.797138047138047,0.723729461215132,0.567065868263473,1,0.0813093980992609,0.202861952861953,0.1708395
shapes_6dof_events,16,Added events = 10%,AddedEvents,added-event ratio,0.1,2,2167,29,18,0.648705388383485,0.793664383561644,0.713900654601463,0.555089820359281,1,0.0636461704422869,0.206335616438356,0.1482414
shapes_6dof_events,16,Added events = 10%,AddedEvents,added-event ratio,0.1,3,2167,29,19,0.661301609517145,0.792120704107293,0.720823798627002,0.56350626118068,1,0.0804232804232804,0.207879295892707,0.1456771
shapes_6dof_events,16,Added events = 10%,AddedEvents,added-event ratio,0.1,4,2167,29,23,0.650104968509447,0.781328847771236,0.709702062643239,0.550029603315571,1.3,0.109795479009688,0.218671152228764,0.1557528
shapes_6dof_events,16,Added events = 10%,AddedEvents,added-event ratio,0.1,5,2167,29,24,0.6962911126662,0.789056304520222,0.739776951672862,0.587020648967552,1.27272727272727,0.0864321608040201,0.210943695479778,0.2019419
shapes_6dof_events,16,Added events = 20%,AddedEvents,added-event ratio,0.2,1,2364,29,18,0.653603918824353,0.78752107925801,0.71434034416826,0.555621653777513,1,0.0845824411134903,0.21247892074199,0.1777686
shapes_6dof_events,16,Added events = 20%,AddedEvents,added-event ratio,0.2,2,2364,29,18,0.638208537438768,0.799298860648554,0.709727626459144,0.550060313630881,1,0.0712719298245614,0.200701139351446,0.1646348
shapes_6dof_events,16,Added events = 20%,AddedEvents,added-event ratio,0.2,3,2364,29,18,0.619314205738279,0.763589301121657,0.683925811437403,0.51967116852613,1,0.0655367231638418,0.236410698878343,0.1508675
shapes_6dof_events,16,Added events = 20%,AddedEvents,added-event ratio,0.2,4,2364,29,22,0.692792162351295,0.795819935691318,0.740740740740741,0.588235294117647,1.18181818181818,0.0878787878787879,0.204180064308682,0.1555803
shapes_6dof_events,16,Added events = 20%,AddedEvents,added-event ratio,0.2,5,2364,29,23,0.685794261721484,0.787781350482315,0.733258511036289,0.578854105138807,1.18181818181818,0.0908163265306122,0.212218649517685,0.1409453
shapes_6dof_events,16,Added events = 30%,AddedEvents,added-event ratio,0.3,1,2561,29,23,0.680895731280616,0.770998415213946,0.723151244890375,0.566356228172293,1.18181818181818,0.0739979445015416,0.229001584786054,0.1535939
shapes_6dof_events,16,Added events = 30%,AddedEvents,added-event ratio,0.3,2,2561,29,19,0.648005598320504,0.784745762711864,0.709850517439632,0.550207961972668,1.1,0.0809935205183585,0.215254237288136,0.1491684
shapes_6dof_events,16,Added events = 30%,AddedEvents,added-event ratio,0.3,3,2561,29,20,0.665500349895031,0.786600496277916,0.721000758150114,0.563722584469472,1,0.0662460567823344,0.213399503722084,0.1770898
shapes_6dof_events,16,Added events = 30%,AddedEvents,added-event ratio,0.3,4,2561,29,24,0.711686494051784,0.782307692307692,0.745327958959326,0.594042056074766,1.15384615384615,0.104228121927237,0.217692307692308,0.1824811
shapes_6dof_events,16,Added events = 30%,AddedEvents,added-event ratio,0.3,5,2561,29,20,0.67109867039888,0.786710418375718,0.724320241691843,0.567791592658378,1,0.0928050052137643,0.213289581624282,0.1495613
shapes_6dof_events,16,Full LLGD runtime,Runtime,-,NaN,1,1970,29,20,0.673897830650805,0.801164725457571,0.732041049030787,0.577338129496403,1,0.0924195223260644,0.198835274542429,0.1432147
shapes_6dof_events,16,Full LLGD runtime,Runtime,-,NaN,2,1970,29,20,0.65850244926522,0.79813401187447,0.721625766871166,0.564487102579484,1,0.0658873538788523,0.20186598812553,0.1552284
shapes_6dof_events,16,Full LLGD runtime,Runtime,-,NaN,3,1970,29,19,0.662701189643107,0.79915611814346,0.724560061208875,0.568086382723455,1,0.0813093980992609,0.20084388185654,0.1174333
shapes_6dof_events,17,Full LLGD,Full,-,NaN,1,1792,28,19,0.598883572567783,0.74800796812749,0.6651904340124,0.498341074983411,1.08333333333333,0.0705725699067909,0.25199203187251,0.1200508
shapes_6dof_events,17,w/o weighted support,Ablation,UseWeights,0,1,1792,28,61,0.949760765550239,0.714028776978417,0.815195071868583,0.688041594454073,1.95,0.0797649034424853,0.285971223021583,0.1494055
shapes_6dof_events,17,w/o local verification,Ablation,UseVerification,0,1,1792,28,24,0.644338118022329,0.704446381865737,0.673052894627239,0.50721908349027,1,0.0717821782178217,0.295553618134263,0.1037252
shapes_6dof_events,17,w/o global expansion,Ablation,UseGlobalExpansion,0,1,1792,28,45,0.409090909090909,0.72972972972973,0.524271844660194,0.355263157894737,2.13333333333333,0.0584795321637427,0.27027027027027,0.1522302
shapes_6dof_events,17,unit estimation weights,Ablation,UseWeights,0,1,1792,28,21,0.567783094098884,0.749473684210526,0.646098003629764,0.477211796246649,1.16666666666667,0.0814606741573034,0.250526315789474,0.1561101
shapes_6dof_events,17,unit support tests,Ablation,UseMultiplicitySupport,0,1,1792,28,61,0.946570972886762,0.712057588482303,0.812735364601164,0.684544405997693,1.76190476190476,0.0859309182813817,0.287942411517696,0.1764551
shapes_6dof_events,17,MAD = 3,Sensitivity,MAD,3,1,1792,28,19,0.594896331738437,0.756592292089249,0.666071428571429,0.499330655957162,1.08333333333333,0.0697050938337802,0.243407707910751,0.1784536
shapes_6dof_events,17,MAD = 3.5,Sensitivity,MAD,3.5,1,1792,28,19,0.598883572567783,0.74800796812749,0.6651904340124,0.498341074983411,1.08333333333333,0.0705725699067909,0.25199203187251,0.1479954
shapes_6dof_events,17,MAD = 4,Sensitivity,MAD,4,1,1792,28,19,0.606858054226475,0.7625250501002,0.675843694493783,0.510395707578806,1.08333333333333,0.0696452036793692,0.2374749498998,0.1359507
shapes_6dof_events,17,p_in = 0.7,Sensitivity,p_in,0.7,1,1792,28,20,0.634768740031898,0.744621141253508,0.685320705983642,0.52128356254093,1,0.0728643216080402,0.255378858746492,0.154407
shapes_6dof_events,17,p_in = 0.8,Sensitivity,p_in,0.8,1,1792,28,19,0.598883572567783,0.74800796812749,0.6651904340124,0.498341074983411,1.08333333333333,0.0705725699067909,0.25199203187251,0.1490617
shapes_6dof_events,17,p_in = 0.9,Sensitivity,p_in,0.9,1,1792,28,17,0.574162679425837,0.741503604531411,0.647191011235955,0.478405315614618,1,0.0736111111111111,0.258496395468589,0.1366607
shapes_6dof_events,17,p_w = 0.7,Sensitivity,p_w,0.7,1,1792,28,18,0.594896331738437,0.74749498997996,0.662522202486678,0.49535192563081,1,0.0697050938337802,0.25250501002004,0.1232828
shapes_6dof_events,17,p_w = 0.8,Sensitivity,p_w,0.8,1,1792,28,19,0.598883572567783,0.74800796812749,0.6651904340124,0.498341074983411,1.08333333333333,0.0705725699067909,0.25199203187251,0.1229836
shapes_6dof_events,17,p_w = 0.9,Sensitivity,p_w,0.9,1,1792,28,21,0.599681020733652,0.735092864125122,0.660518225735617,0.493114754098361,1.16666666666667,0.0704787234042553,0.264907135874878,0.1273265
shapes_6dof_events,17,overlap = 0.7,Sensitivity,overlap,0.7,1,1792,28,19,0.598883572567783,0.74800796812749,0.6651904340124,0.498341074983411,1.08333333333333,0.0705725699067909,0.25199203187251,0.1180961
shapes_6dof_events,17,overlap = 0.8,Sensitivity,overlap,0.8,1,1792,28,19,0.598883572567783,0.74800796812749,0.6651904340124,0.498341074983411,1.08333333333333,0.0705725699067909,0.25199203187251,0.1197768
shapes_6dof_events,17,overlap = 0.9,Sensitivity,overlap,0.9,1,1792,28,19,0.598883572567783,0.74800796812749,0.6651904340124,0.498341074983411,1.08333333333333,0.0705725699067909,0.25199203187251,0.1248343
shapes_6dof_events,17,eps_s = 0.015,Sensitivity,eps_s,0.015,1,1792,28,22,0.598086124401914,0.740375123395854,0.661667401852669,0.494396835860251,1.15384615384615,0.0426666666666666,0.259624876604146,0.1093371
shapes_6dof_events,17,eps_s = 0.02,Sensitivity,eps_s,0.02,1,1792,28,19,0.598883572567783,0.74800796812749,0.6651904340124,0.498341074983411,1.08333333333333,0.0705725699067909,0.25199203187251,0.1148849
shapes_6dof_events,17,eps_s = 0.025,Sensitivity,eps_s,0.025,1,1792,28,24,0.607655502392344,0.702952029520295,0.651839178785287,0.483502538071066,1.07692307692308,0.0485564304461942,0.297047970479705,0.1237139
shapes_6dof_events,17,eps_t = 0.005,Sensitivity,eps_t,0.005,1,1792,28,6,0.172248803827751,0.652567975830816,0.272555205047319,0.157779401022644,1,0.0138888888888888,0.347432024169184,0.0907993
shapes_6dof_events,17,eps_t = 0.01,Sensitivity,eps_t,0.01,1,1792,28,21,0.601275917065391,0.742857142857143,0.664609960334949,0.497689768976898,1,0.0477453580901857,0.257142857142857,0.1353212
shapes_6dof_events,17,eps_t = 0.015,Sensitivity,eps_t,0.015,1,1792,28,20,0.595693779904306,0.745508982035928,0.662234042553192,0.495029821073559,1.07692307692308,0.0441767068273092,0.254491017964072,0.1322193
shapes_6dof_events,17,eps_t = 0.02,Sensitivity,eps_t,0.02,1,1792,28,19,0.598883572567783,0.74800796812749,0.6651904340124,0.498341074983411,1.08333333333333,0.0705725699067909,0.25199203187251,0.1340561
shapes_6dof_events,17,eps_t = 0.025,Sensitivity,eps_t,0.025,1,1792,28,19,0.598883572567783,0.74800796812749,0.6651904340124,0.498341074983411,1.08333333333333,0.0705725699067909,0.25199203187251,0.127975
shapes_6dof_events,17,Event retention = 25%,Sparsity,retention,0.25,1,448,26,1,0.0679012345679012,0.956521739130435,0.126801152737752,0.0676923076923077,1,0.0454545454545454,0.0434782608695652,0.0330135
shapes_6dof_events,17,Event retention = 25%,Sparsity,retention,0.25,2,448,25,1,0,0,0,0,NaN,NaN,1,0.0406147
shapes_6dof_events,17,Event retention = 25%,Sparsity,retention,0.25,3,448,28,1,0.0414012738853503,1,0.0795107033639144,0.0414012738853503,1,0,0,0.0442081
shapes_6dof_events,17,Event retention = 25%,Sparsity,retention,0.25,4,448,24,2,0.0429447852760736,0.933333333333333,0.0821114369501466,0.0428134556574924,1,0.0714285714285714,0.0666666666666667,0.0386732
shapes_6dof_events,17,Event retention = 25%,Sparsity,retention,0.25,5,448,26,1,0.0319488817891374,1,0.0619195046439628,0.0319488817891374,1,0.2,0,0.0312197
shapes_6dof_events,17,Event retention = 50%,Sparsity,retention,0.5,1,896,26,8,0.39413680781759,0.906367041198502,0.549375709421112,0.378716744913928,1,0.0743801652892562,0.0936329588014981,0.1355876
shapes_6dof_events,17,Event retention = 50%,Sparsity,retention,0.5,2,896,26,9,0.313001605136437,0.752895752895753,0.442176870748299,0.283842794759825,1,0.0769230769230769,0.247104247104247,0.1069718
shapes_6dof_events,17,Event retention = 50%,Sparsity,retention,0.5,3,896,28,4,0.196172248803828,0.803921568627451,0.315384615384615,0.187214611872146,1,0.016260162601626,0.196078431372549,0.1162847
shapes_6dof_events,17,Event retention = 50%,Sparsity,retention,0.5,4,896,26,7,0.344155844155844,0.872427983539095,0.493597206053551,0.327666151468315,1,0.0707547169811321,0.127572016460905,0.0845506
shapes_6dof_events,17,Event retention = 50%,Sparsity,retention,0.5,5,896,26,7,0.261075949367089,0.812807881773399,0.395209580838323,0.246268656716418,1,0.0424242424242425,0.187192118226601,0.0890722
shapes_6dof_events,17,Event retention = 75%,Sparsity,retention,0.75,1,1344,28,15,0.423603793466807,0.74169741697417,0.539235412474849,0.369146005509642,1.11111111111111,0.119402985074627,0.25830258302583,0.1340215
shapes_6dof_events,17,Event retention = 75%,Sparsity,retention,0.75,2,1344,28,15,0.579113924050633,0.784285714285714,0.66626213592233,0.499545040946315,1,0.0382513661202186,0.215714285714286,0.1053153
shapes_6dof_events,17,Event retention = 75%,Sparsity,retention,0.75,3,1344,27,15,0.495217853347503,0.73851030110935,0.592875318066158,0.421338155515371,1,0.0536480686695279,0.26148969889065,0.1600887
shapes_6dof_events,17,Event retention = 75%,Sparsity,retention,0.75,4,1344,27,16,0.469214437367304,0.758147512864494,0.579672131147541,0.408125577100646,1.1,0.079185520361991,0.241852487135506,0.1701585
shapes_6dof_events,17,Event retention = 75%,Sparsity,retention,0.75,5,1344,28,13,0.38,0.722,0.497931034482759,0.331496786042241,1,0.0498614958448753,0.278,0.1389504
shapes_6dof_events,17,Added events = 5%,AddedEvents,added-event ratio,0.05,1,1882,28,21,0.607655502392344,0.734104046242775,0.664921465968586,0.498039215686275,1.08333333333333,0.068241469816273,0.265895953757225,0.1236509
shapes_6dof_events,17,Added events = 5%,AddedEvents,added-event ratio,0.05,2,1882,28,19,0.601275917065391,0.729912875121007,0.659379099256668,0.491846053489889,1.08333333333333,0.0676392572944297,0.270087124878993,0.1118156
shapes_6dof_events,17,Added events = 5%,AddedEvents,added-event ratio,0.05,3,1882,28,18,0.606060606060606,0.764587525150905,0.676156583629893,0.510752688172043,1.08333333333333,0.0671052631578948,0.235412474849095,0.1215473
shapes_6dof_events,17,Added events = 5%,AddedEvents,added-event ratio,0.05,4,1882,28,20,0.596491228070175,0.748,0.663708961845608,0.49667994687915,1.07692307692308,0.0521390374331551,0.252,0.1553996
shapes_6dof_events,17,Added events = 5%,AddedEvents,added-event ratio,0.05,5,1882,28,20,0.647527910685805,0.734841628959276,0.688427299703264,0.524886877828054,1.09090909090909,0.0886699507389163,0.265158371040724,0.1453147
shapes_6dof_events,17,Added events = 10%,AddedEvents,added-event ratio,0.1,1,1971,28,19,0.610845295055821,0.756169792694965,0.675782973092192,0.510326449033977,1.07692307692308,0.0561357702349869,0.243830207305035,0.1464177
shapes_6dof_events,17,Added events = 10%,AddedEvents,added-event ratio,0.1,2,1971,28,19,0.607655502392344,0.74852652259332,0.670774647887324,0.504635761589404,1,0.068241469816273,0.25147347740668,0.1532442
shapes_6dof_events,17,Added events = 10%,AddedEvents,added-event ratio,0.1,3,1971,28,23,0.610047846889952,0.702479338842975,0.653008962868118,0.484790874524715,1.16666666666667,0.0745098039215686,0.297520661157025,0.203724
shapes_6dof_events,17,Added events = 10%,AddedEvents,added-event ratio,0.1,4,1971,28,20,0.586124401913876,0.736472945891784,0.652753108348135,0.484508899143045,1,0.0503401360544218,0.263527054108216,0.1664968
shapes_6dof_events,17,Added events = 10%,AddedEvents,added-event ratio,0.1,5,1971,28,21,0.596491228070175,0.742800397219464,0.661654135338346,0.49438202247191,1.08333333333333,0.105614973262032,0.257199602780536,0.1729619
shapes_6dof_events,17,Added events = 20%,AddedEvents,added-event ratio,0.2,1,2150,28,20,0.644338118022329,0.731221719457014,0.685036032217041,0.520954223081883,1,0.0668316831683168,0.268778280542986,0.1731716
shapes_6dof_events,17,Added events = 20%,AddedEvents,added-event ratio,0.2,2,2150,28,18,0.609250398724083,0.764,0.67790594498669,0.512751677852349,1.08333333333333,0.0654450261780105,0.236,0.1539134
shapes_6dof_events,17,Added events = 20%,AddedEvents,added-event ratio,0.2,3,2150,28,18,0.586124401913876,0.746951219512195,0.656836461126005,0.489021956087824,1.09090909090909,0.0707482993197279,0.253048780487805,0.161868
shapes_6dof_events,17,Added events = 20%,AddedEvents,added-event ratio,0.2,4,2150,28,22,0.645933014354067,0.733695652173913,0.687022900763359,0.523255813953488,1.15384615384615,0.0592592592592592,0.266304347826087,0.1348127
shapes_6dof_events,17,Added events = 20%,AddedEvents,added-event ratio,0.2,5,2150,28,22,0.615629984051037,0.733840304182509,0.669557675628794,0.503259452411995,1,0.101036269430052,0.26615969581749,0.1845307
shapes_6dof_events,17,Added events = 30%,AddedEvents,added-event ratio,0.3,1,2330,28,23,0.633173843700159,0.739292364990689,0.68213058419244,0.517601043024772,1.15384615384615,0.0554156171284634,0.260707635009311,0.1594713
shapes_6dof_events,17,Added events = 30%,AddedEvents,added-event ratio,0.3,2,2330,28,20,0.595693779904306,0.753784056508577,0.665478841870824,0.498664886515354,1.07692307692308,0.0870147255689424,0.246215943491423,0.1790342
shapes_6dof_events,17,Added events = 30%,AddedEvents,added-event ratio,0.3,3,2330,28,23,0.649920255183413,0.730941704035874,0.688054031236809,0.524453024453024,1.16666666666667,0.105521472392638,0.269058295964126,0.2124832
shapes_6dof_events,17,Added events = 30%,AddedEvents,added-event ratio,0.3,4,2330,28,21,0.610845295055821,0.730916030534351,0.665508253692441,0.498697916666667,1.15384615384615,0.0496083550913838,0.269083969465649,0.1709108
shapes_6dof_events,17,Added events = 30%,AddedEvents,added-event ratio,0.3,5,2330,28,18,0.599681020733652,0.724470134874759,0.656195462478185,0.488311688311688,1,0.0651595744680851,0.275529865125241,0.1494657
shapes_6dof_events,17,Full LLGD runtime,Runtime,-,NaN,1,1792,28,19,0.598883572567783,0.74800796812749,0.6651904340124,0.498341074983411,1.08333333333333,0.0705725699067909,0.25199203187251,0.1215423
shapes_6dof_events,17,Full LLGD runtime,Runtime,-,NaN,2,1792,28,19,0.601275917065391,0.750248756218906,0.66755201416556,0.500996677740864,1.08333333333333,0.0676392572944297,0.249751243781095,0.1562929
shapes_6dof_events,17,Full LLGD runtime,Runtime,-,NaN,3,1792,28,18,0.601275917065391,0.742857142857143,0.664609960334949,0.497689768976898,1.08333333333333,0.0676392572944297,0.257142857142857,0.1479321
shapes_6dof_events,18,Full LLGD,Full,-,NaN,1,453,21,4,0.201342281879195,0.674157303370786,0.310077519379845,0.18348623853211,1,0.05,0.325842696629214,0.02252
shapes_6dof_events,18,w/o weighted support,Ablation,UseWeights,0,1,453,21,29,0.855704697986577,0.6640625,0.747800586510264,0.597189695550351,1.38461538461538,0.0705882352941176,0.3359375,0.0369545
shapes_6dof_events,18,w/o local verification,Ablation,UseVerification,0,1,453,21,4,0.201342281879195,0.681818181818182,0.310880829015544,0.184049079754601,1,0.05,0.318181818181818,0.022543
shapes_6dof_events,18,w/o global expansion,Ablation,UseGlobalExpansion,0,1,453,21,5,0.087248322147651,0.604651162790698,0.152492668621701,0.0825396825396825,1.5,0.0769230769230769,0.395348837209302,0.0269723
shapes_6dof_events,18,unit estimation weights,Ablation,UseWeights,0,1,453,21,4,0.201342281879195,0.681818181818182,0.310880829015544,0.184049079754601,1,0.05,0.318181818181818,0.0211498
shapes_6dof_events,18,unit support tests,Ablation,UseMultiplicitySupport,0,1,453,21,30,0.855704697986577,0.667539267015707,0.75,0.6,1.38461538461538,0.0705882352941176,0.332460732984293,0.0353353
shapes_6dof_events,18,MAD = 3,Sensitivity,MAD,3,1,453,21,4,0.197986577181208,0.670454545454545,0.305699481865285,0.180428134556575,1,0.0508474576271186,0.329545454545455,0.0250925
shapes_6dof_events,18,MAD = 3.5,Sensitivity,MAD,3.5,1,453,21,4,0.201342281879195,0.674157303370786,0.310077519379845,0.18348623853211,1,0.05,0.325842696629214,0.023784
shapes_6dof_events,18,MAD = 4,Sensitivity,MAD,4,1,453,21,4,0.204697986577181,0.67032967032967,0.313624678663239,0.185975609756098,1,0.0491803278688525,0.32967032967033,0.0192878
shapes_6dof_events,18,p_in = 0.7,Sensitivity,p_in,0.7,1,453,21,4,0.201342281879195,0.681818181818182,0.310880829015544,0.184049079754601,1,0.05,0.318181818181818,0.0224719
shapes_6dof_events,18,p_in = 0.8,Sensitivity,p_in,0.8,1,453,21,4,0.201342281879195,0.674157303370786,0.310077519379845,0.18348623853211,1,0.05,0.325842696629214,0.0209624
shapes_6dof_events,18,p_in = 0.9,Sensitivity,p_in,0.9,1,453,21,3,0.187919463087248,0.888888888888889,0.310249307479224,0.183606557377049,1,0.0535714285714286,0.111111111111111,0.0367667
shapes_6dof_events,18,p_w = 0.7,Sensitivity,p_w,0.7,1,453,21,4,0.201342281879195,0.674157303370786,0.310077519379845,0.18348623853211,1,0.05,0.325842696629214,0.0216595
shapes_6dof_events,18,p_w = 0.8,Sensitivity,p_w,0.8,1,453,21,4,0.201342281879195,0.674157303370786,0.310077519379845,0.18348623853211,1,0.05,0.325842696629214,0.0259035
shapes_6dof_events,18,p_w = 0.9,Sensitivity,p_w,0.9,1,453,21,4,0.201342281879195,0.674157303370786,0.310077519379845,0.18348623853211,1,0.05,0.325842696629214,0.0207379
shapes_6dof_events,18,overlap = 0.7,Sensitivity,overlap,0.7,1,453,21,4,0.201342281879195,0.674157303370786,0.310077519379845,0.18348623853211,1,0.05,0.325842696629214,0.0222319
shapes_6dof_events,18,overlap = 0.8,Sensitivity,overlap,0.8,1,453,21,4,0.201342281879195,0.674157303370786,0.310077519379845,0.18348623853211,1,0.05,0.325842696629214,0.0212637
shapes_6dof_events,18,overlap = 0.9,Sensitivity,overlap,0.9,1,453,21,4,0.201342281879195,0.674157303370786,0.310077519379845,0.18348623853211,1,0.05,0.325842696629214,0.0194342
shapes_6dof_events,18,eps_s = 0.015,Sensitivity,eps_s,0.015,1,453,21,3,0.187919463087248,0.7,0.296296296296296,0.173913043478261,1,0.0535714285714286,0.3,0.0195439
shapes_6dof_events,18,eps_s = 0.02,Sensitivity,eps_s,0.02,1,453,21,4,0.201342281879195,0.674157303370786,0.310077519379845,0.18348623853211,1,0.05,0.325842696629214,0.02033
shapes_6dof_events,18,eps_s = 0.025,Sensitivity,eps_s,0.025,1,453,21,4,0.201342281879195,0.681818181818182,0.310880829015544,0.184049079754601,1,0.05,0.318181818181818,0.0188535
shapes_6dof_events,18,eps_t = 0.005,Sensitivity,eps_t,0.005,1,453,21,0,0,0,0,0,NaN,NaN,0,0.0131466
shapes_6dof_events,18,eps_t = 0.01,Sensitivity,eps_t,0.01,1,453,21,3,0.201342281879195,0.882352941176471,0.327868852459016,0.196078431372549,1,0.05,0.117647058823529,0.0232111
shapes_6dof_events,18,eps_t = 0.015,Sensitivity,eps_t,0.015,1,453,21,3,0.201342281879195,0.882352941176471,0.327868852459016,0.196078431372549,1,0.05,0.117647058823529,0.0211817
shapes_6dof_events,18,eps_t = 0.02,Sensitivity,eps_t,0.02,1,453,21,4,0.201342281879195,0.674157303370786,0.310077519379845,0.18348623853211,1,0.05,0.325842696629214,0.0189903
shapes_6dof_events,18,eps_t = 0.025,Sensitivity,eps_t,0.025,1,453,21,4,0.201342281879195,0.674157303370786,0.310077519379845,0.18348623853211,1,0.05,0.325842696629214,0.0214356
shapes_6dof_events,18,Event retention = 25%,Sparsity,retention,0.25,1,113,18,1,0.0882352941176471,1,0.162162162162162,0.0882352941176471,1,0.166666666666667,0,0.0026636
shapes_6dof_events,18,Event retention = 25%,Sparsity,retention,0.25,2,113,18,0,0,0,0,0,NaN,NaN,0,0.0021421
shapes_6dof_events,18,Event retention = 25%,Sparsity,retention,0.25,3,113,19,0,0,0,0,0,NaN,NaN,0,0.0013693
shapes_6dof_events,18,Event retention = 25%,Sparsity,retention,0.25,4,113,18,0,0,0,0,0,NaN,NaN,0,0.002121
shapes_6dof_events,18,Event retention = 25%,Sparsity,retention,0.25,5,113,20,1,0.0136986301369863,0.2,0.0256410256410256,0.012987012987013,NaN,0,0.8,0.0033472
shapes_6dof_events,18,Event retention = 50%,Sparsity,retention,0.5,1,227,21,2,0.10126582278481,0.695652173913043,0.176795580110497,0.096969696969697,1,0.1875,0.304347826086957,0.0076446
shapes_6dof_events,18,Event retention = 50%,Sparsity,retention,0.5,2,227,20,0,0,0,0,0,NaN,NaN,0,0.0054061
shapes_6dof_events,18,Event retention = 50%,Sparsity,retention,0.5,3,227,21,0,0,0,0,0,NaN,NaN,0,0.0099479
shapes_6dof_events,18,Event retention = 50%,Sparsity,retention,0.5,4,227,20,2,0.1,0.6,0.171428571428571,0.09375,1,0,0.4,0.0110189
shapes_6dof_events,18,Event retention = 50%,Sparsity,retention,0.5,5,227,20,0,0,0,0,0,NaN,NaN,0,0.0059794
shapes_6dof_events,18,Event retention = 75%,Sparsity,retention,0.75,1,340,21,1,0.108225108225108,1,0.1953125,0.108225108225108,1,0.08,0,0.0133148
shapes_6dof_events,18,Event retention = 75%,Sparsity,retention,0.75,2,340,21,3,0.194690265486726,0.862745098039216,0.317689530685921,0.188841201716738,1,0.0681818181818182,0.137254901960784,0.0167082
shapes_6dof_events,18,Event retention = 75%,Sparsity,retention,0.75,3,340,21,1,0.111607142857143,1,0.200803212851406,0.111607142857143,1,0.12,0,0.0200288
shapes_6dof_events,18,Event retention = 75%,Sparsity,retention,0.75,4,340,21,1,0.0995475113122172,1,0.181069958847737,0.0995475113122172,1,0.136363636363636,0,0.0142306
shapes_6dof_events,18,Event retention = 75%,Sparsity,retention,0.75,5,340,21,2,0.0855855855855856,0.5,0.146153846153846,0.0788381742738589,1,0.105263157894737,0.5,0.0159276
shapes_6dof_events,18,Added events = 5%,AddedEvents,added-event ratio,0.05,1,476,21,4,0.201342281879195,0.666666666666667,0.309278350515464,0.182926829268293,1,0.05,0.333333333333333,0.0193222
shapes_6dof_events,18,Added events = 5%,AddedEvents,added-event ratio,0.05,2,476,21,4,0.187919463087248,0.674698795180723,0.293963254593176,0.172307692307692,1,0.0535714285714286,0.325301204819277,0.0262059
shapes_6dof_events,18,Added events = 5%,AddedEvents,added-event ratio,0.05,3,476,21,4,0.187919463087248,0.674698795180723,0.293963254593176,0.172307692307692,1,0.0535714285714286,0.325301204819277,0.0260192
shapes_6dof_events,18,Added events = 5%,AddedEvents,added-event ratio,0.05,4,476,21,4,0.201342281879195,0.674157303370786,0.310077519379845,0.18348623853211,1,0.05,0.325842696629214,0.0203527
shapes_6dof_events,18,Added events = 5%,AddedEvents,added-event ratio,0.05,5,476,21,4,0.201342281879195,0.674157303370786,0.310077519379845,0.18348623853211,1,0.05,0.325842696629214,0.0251198
shapes_6dof_events,18,Added events = 10%,AddedEvents,added-event ratio,0.1,1,498,21,4,0.187919463087248,0.674698795180723,0.293963254593176,0.172307692307692,1,0.0535714285714286,0.325301204819277,0.0289718
shapes_6dof_events,18,Added events = 10%,AddedEvents,added-event ratio,0.1,2,498,21,4,0.187919463087248,0.674698795180723,0.293963254593176,0.172307692307692,1,0.0535714285714286,0.325301204819277,0.0320956
shapes_6dof_events,18,Added events = 10%,AddedEvents,added-event ratio,0.1,3,498,21,4,0.187919463087248,0.674698795180723,0.293963254593176,0.172307692307692,1,0.0535714285714286,0.325301204819277,0.026502
shapes_6dof_events,18,Added events = 10%,AddedEvents,added-event ratio,0.1,4,498,21,4,0.187919463087248,0.674698795180723,0.293963254593176,0.172307692307692,1,0.0535714285714286,0.325301204819277,0.0273607
shapes_6dof_events,18,Added events = 10%,AddedEvents,added-event ratio,0.1,5,498,21,3,0.187919463087248,0.736842105263158,0.299465240641711,0.176100628930818,1,0.0535714285714286,0.263157894736842,0.0304868
shapes_6dof_events,18,Added events = 20%,AddedEvents,added-event ratio,0.2,1,544,21,4,0.187919463087248,0.674698795180723,0.293963254593176,0.172307692307692,1,0.0535714285714286,0.325301204819277,0.0269921
shapes_6dof_events,18,Added events = 20%,AddedEvents,added-event ratio,0.2,2,544,21,4,0.187919463087248,0.674698795180723,0.293963254593176,0.172307692307692,1,0.0535714285714286,0.325301204819277,0.0314122
shapes_6dof_events,18,Added events = 20%,AddedEvents,added-event ratio,0.2,3,544,21,3,0.187919463087248,0.736842105263158,0.299465240641711,0.176100628930818,1,0.0535714285714286,0.263157894736842,0.0344476
shapes_6dof_events,18,Added events = 20%,AddedEvents,added-event ratio,0.2,4,544,21,4,0.201342281879195,0.674157303370786,0.310077519379845,0.18348623853211,1,0.05,0.325842696629214,0.0244302
shapes_6dof_events,18,Added events = 20%,AddedEvents,added-event ratio,0.2,5,544,21,4,0.187919463087248,0.674698795180723,0.293963254593176,0.172307692307692,1,0.0535714285714286,0.325301204819277,0.0345073
shapes_6dof_events,18,Added events = 30%,AddedEvents,added-event ratio,0.3,1,589,21,4,0.187919463087248,0.674698795180723,0.293963254593176,0.172307692307692,1,0.0535714285714286,0.325301204819277,0.0258403
shapes_6dof_events,18,Added events = 30%,AddedEvents,added-event ratio,0.3,2,589,21,4,0.191275167785235,0.662790697674419,0.296875,0.174311926605505,1,0.0526315789473685,0.337209302325581,0.0336232
shapes_6dof_events,18,Added events = 30%,AddedEvents,added-event ratio,0.3,3,589,21,4,0.187919463087248,0.674698795180723,0.293963254593176,0.172307692307692,1,0.0535714285714286,0.325301204819277,0.0254529
shapes_6dof_events,18,Added events = 30%,AddedEvents,added-event ratio,0.3,4,589,21,4,0.187919463087248,0.666666666666667,0.293193717277487,0.171779141104294,1,0.0535714285714286,0.333333333333333,0.0290085
shapes_6dof_events,18,Added events = 30%,AddedEvents,added-event ratio,0.3,5,589,21,3,0.201342281879195,0.75,0.317460317460317,0.188679245283019,1,0.05,0.25,0.0282234
shapes_6dof_events,18,Full LLGD runtime,Runtime,-,NaN,1,453,21,4,0.201342281879195,0.674157303370786,0.310077519379845,0.18348623853211,1,0.05,0.325842696629214,0.0207522
shapes_6dof_events,18,Full LLGD runtime,Runtime,-,NaN,2,453,21,4,0.187919463087248,0.674698795180723,0.293963254593176,0.172307692307692,1,0.0535714285714286,0.325301204819277,0.0303765
shapes_6dof_events,18,Full LLGD runtime,Runtime,-,NaN,3,453,21,4,0.201342281879195,0.674157303370786,0.310077519379845,0.18348623853211,1,0.05,0.325842696629214,0.0192853
shapes_6dof_events,19,Full LLGD,Full,-,NaN,1,717,27,4,0.310077519379845,0.780487804878049,0.443828016643551,0.285204991087344,1,0.0125,0.219512195121951,0.0372256
shapes_6dof_events,19,w/o weighted support,Ablation,UseWeights,0,1,717,27,36,0.918604651162791,0.740625,0.820069204152249,0.695014662756598,1.35714285714286,0.0485232067510548,0.259375,0.0497611
shapes_6dof_events,19,w/o local verification,Ablation,UseVerification,0,1,717,27,6,0.381782945736434,0.784860557768924,0.513689700130378,0.345614035087719,1,0.0253807106598984,0.215139442231076,0.0314335
shapes_6dof_events,19,w/o global expansion,Ablation,UseGlobalExpansion,0,1,717,27,9,0.13953488372093,0.666666666666667,0.230769230769231,0.130434782608696,2.5,0,0.333333333333333,0.0544686
shapes_6dof_events,19,unit estimation weights,Ablation,UseWeights,0,1,717,27,4,0.315891472868217,0.815,0.455307262569832,0.294755877034358,1,0.0122699386503068,0.185,0.0410545
shapes_6dof_events,19,unit support tests,Ablation,UseMultiplicitySupport,0,1,717,27,31,0.905038759689923,0.749598715890851,0.820017559262511,0.694940476190476,1.23076923076923,0.0492505353319058,0.250401284109149,0.0602209
shapes_6dof_events,19,MAD = 3,Sensitivity,MAD,3,1,717,27,4,0.304263565891473,0.785,0.43854748603352,0.280858676207513,1,0.0127388535031847,0.215,0.0341401
shapes_6dof_events,19,MAD = 3.5,Sensitivity,MAD,3.5,1,717,27,4,0.310077519379845,0.780487804878049,0.443828016643551,0.285204991087344,1,0.0125,0.219512195121951,0.034278
shapes_6dof_events,19,MAD = 4,Sensitivity,MAD,4,1,717,27,4,0.310077519379845,0.780487804878049,0.443828016643551,0.285204991087344,1,0.0125,0.219512195121951,0.0335755
shapes_6dof_events,19,p_in = 0.7,Sensitivity,p_in,0.7,1,717,27,4,0.310077519379845,0.780487804878049,0.443828016643551,0.285204991087344,1,0.0125,0.219512195121951,0.0344449
shapes_6dof_events,19,p_in = 0.8,Sensitivity,p_in,0.8,1,717,27,4,0.310077519379845,0.780487804878049,0.443828016643551,0.285204991087344,1,0.0125,0.219512195121951,0.0355494
shapes_6dof_events,19,p_in = 0.9,Sensitivity,p_in,0.9,1,717,27,4,0.315891472868217,0.815,0.455307262569832,0.294755877034358,1,0.0122699386503068,0.185,0.0393928
shapes_6dof_events,19,p_w = 0.7,Sensitivity,p_w,0.7,1,717,27,4,0.310077519379845,0.780487804878049,0.443828016643551,0.285204991087344,1,0.0125,0.219512195121951,0.040853
shapes_6dof_events,19,p_w = 0.8,Sensitivity,p_w,0.8,1,717,27,4,0.310077519379845,0.780487804878049,0.443828016643551,0.285204991087344,1,0.0125,0.219512195121951,0.0372977
shapes_6dof_events,19,p_w = 0.9,Sensitivity,p_w,0.9,1,717,27,4,0.310077519379845,0.780487804878049,0.443828016643551,0.285204991087344,1,0.0125,0.219512195121951,0.0336534
shapes_6dof_events,19,overlap = 0.7,Sensitivity,overlap,0.7,1,717,27,4,0.310077519379845,0.780487804878049,0.443828016643551,0.285204991087344,1,0.0125,0.219512195121951,0.0328703
shapes_6dof_events,19,overlap = 0.8,Sensitivity,overlap,0.8,1,717,27,4,0.310077519379845,0.780487804878049,0.443828016643551,0.285204991087344,1,0.0125,0.219512195121951,0.0344476
shapes_6dof_events,19,overlap = 0.9,Sensitivity,overlap,0.9,1,717,27,4,0.310077519379845,0.780487804878049,0.443828016643551,0.285204991087344,1,0.0125,0.219512195121951,0.0341269
shapes_6dof_events,19,eps_s = 0.015,Sensitivity,eps_s,0.015,1,717,27,5,0.321705426356589,0.79047619047619,0.457300275482094,0.296428571428571,1,0.0120481927710844,0.20952380952381,0.0365683
shapes_6dof_events,19,eps_s = 0.02,Sensitivity,eps_s,0.02,1,717,27,4,0.310077519379845,0.780487804878049,0.443828016643551,0.285204991087344,1,0.0125,0.219512195121951,0.0466217
shapes_6dof_events,19,eps_s = 0.025,Sensitivity,eps_s,0.025,1,717,27,4,0.317829457364341,0.784688995215311,0.452413793103448,0.292335115864528,1,0.0121951219512195,0.215311004784689,0.0382583
shapes_6dof_events,19,eps_t = 0.005,Sensitivity,eps_t,0.005,1,717,27,1,0.0116279069767442,0.2,0.021978021978022,0.0111111111111111,NaN,0,0.8,0.0225968
shapes_6dof_events,19,eps_t = 0.01,Sensitivity,eps_t,0.01,1,717,27,4,0.317829457364341,0.807881773399015,0.456189151599444,0.295495495495495,1,0.0121951219512195,0.192118226600985,0.0382102
shapes_6dof_events,19,eps_t = 0.015,Sensitivity,eps_t,0.015,1,717,27,4,0.317829457364341,0.81592039800995,0.457461645746165,0.296564195298373,1,0.0121951219512195,0.18407960199005,0.0470208
shapes_6dof_events,19,eps_t = 0.02,Sensitivity,eps_t,0.02,1,717,27,4,0.310077519379845,0.780487804878049,0.443828016643551,0.285204991087344,1,0.0125,0.219512195121951,0.0356834
shapes_6dof_events,19,eps_t = 0.025,Sensitivity,eps_t,0.025,1,717,27,4,0.310077519379845,0.780487804878049,0.443828016643551,0.285204991087344,1,0.0125,0.219512195121951,0.0340563
shapes_6dof_events,19,Event retention = 25%,Sparsity,retention,0.25,1,179,20,0,0,0,0,0,NaN,NaN,0,0.0078391
shapes_6dof_events,19,Event retention = 25%,Sparsity,retention,0.25,2,179,20,0,0,0,0,0,NaN,NaN,0,0.0051968
shapes_6dof_events,19,Event retention = 25%,Sparsity,retention,0.25,3,179,20,0,0,0,0,0,NaN,NaN,0,0.0041284
shapes_6dof_events,19,Event retention = 25%,Sparsity,retention,0.25,4,179,21,1,0.0163934426229508,0.285714285714286,0.0310077519379845,0.015748031496063,NaN,0,0.714285714285714,0.0063603
shapes_6dof_events,19,Event retention = 25%,Sparsity,retention,0.25,5,179,21,0,0,0,0,0,NaN,NaN,0,0.0042356
shapes_6dof_events,19,Event retention = 50%,Sparsity,retention,0.5,1,359,27,2,0.274193548387097,0.80952380952381,0.409638554216867,0.257575757575758,1,0.0294117647058824,0.19047619047619,0.0141831
shapes_6dof_events,19,Event retention = 50%,Sparsity,retention,0.5,2,359,23,1,0.0441767068273092,1,0.0846153846153846,0.0441767068273092,1,0,0,0.0163569
shapes_6dof_events,19,Event retention = 50%,Sparsity,retention,0.5,3,359,26,1,0.012,0.272727272727273,0.0229885057471264,0.0116279069767442,NaN,0,0.727272727272727,0.0110143
shapes_6dof_events,19,Event retention = 50%,Sparsity,retention,0.5,4,359,23,1,0.310344827586207,1,0.473684210526316,0.310344827586207,1,0.0123456790123457,0,0.0174603
shapes_6dof_events,19,Event retention = 50%,Sparsity,retention,0.5,5,359,26,3,0.333333333333333,0.876288659793814,0.482954545454545,0.318352059925094,1,0,0.123711340206186,0.014107
shapes_6dof_events,19,Event retention = 75%,Sparsity,retention,0.75,1,538,26,3,0.286821705426357,0.76027397260274,0.416510318949343,0.26303317535545,1,0.00900900900900903,0.23972602739726,0.0257931
shapes_6dof_events,19,Event retention = 75%,Sparsity,retention,0.75,2,538,27,2,0.0126903553299492,0.142857142857143,0.0233100233100233,0.0117924528301887,NaN,0,0.857142857142857,0.0327371
shapes_6dof_events,19,Event retention = 75%,Sparsity,retention,0.75,3,538,26,3,0.315656565656566,0.856164383561644,0.461254612546125,0.299760191846523,1,0.016,0.143835616438356,0.0231453
shapes_6dof_events,19,Event retention = 75%,Sparsity,retention,0.75,4,538,27,2,0.0103626943005181,0.108108108108108,0.0189125295508274,0.00954653937947494,NaN,0,0.891891891891892,0.0271907
shapes_6dof_events,19,Event retention = 75%,Sparsity,retention,0.75,5,538,26,3,0.051413881748072,0.363636363636364,0.0900900900900901,0.0471698113207547,1,0,0.636363636363636,0.0386418
shapes_6dof_events,19,Added events = 5%,AddedEvents,added-event ratio,0.05,1,753,27,4,0.310077519379845,0.780487804878049,0.443828016643551,0.285204991087344,1,0.0125,0.219512195121951,0.0344017
shapes_6dof_events,19,Added events = 5%,AddedEvents,added-event ratio,0.05,2,753,27,4,0.310077519379845,0.780487804878049,0.443828016643551,0.285204991087344,1,0.0125,0.219512195121951,0.0345733
shapes_6dof_events,19,Added events = 5%,AddedEvents,added-event ratio,0.05,3,753,27,4,0.312015503875969,0.777777777777778,0.44536652835408,0.286476868327402,1,0.0124223602484472,0.222222222222222,0.0345448
shapes_6dof_events,19,Added events = 5%,AddedEvents,added-event ratio,0.05,4,753,27,4,0.310077519379845,0.780487804878049,0.443828016643551,0.285204991087344,1,0.0125,0.219512195121951,0.0373075
shapes_6dof_events,19,Added events = 5%,AddedEvents,added-event ratio,0.05,5,753,27,4,0.310077519379845,0.776699029126214,0.443213296398892,0.284697508896797,1,0.0125,0.223300970873786,0.0382349
shapes_6dof_events,19,Added events = 10%,AddedEvents,added-event ratio,0.1,1,789,27,5,0.331395348837209,0.818181818181818,0.471724137931034,0.308664259927798,1,0.0175438596491229,0.181818181818182,0.0472009
shapes_6dof_events,19,Added events = 10%,AddedEvents,added-event ratio,0.1,2,789,27,4,0.310077519379845,0.772946859903382,0.442600276625173,0.284191829484902,1,0.0125,0.227053140096618,0.0374475
shapes_6dof_events,19,Added events = 10%,AddedEvents,added-event ratio,0.1,3,789,27,4,0.310077519379845,0.780487804878049,0.443828016643551,0.285204991087344,1,0.0125,0.219512195121951,0.0471588
shapes_6dof_events,19,Added events = 10%,AddedEvents,added-event ratio,0.1,4,789,27,5,0.37984496124031,0.80327868852459,0.515789473684211,0.347517730496454,1,0.0255102040816326,0.19672131147541,0.0332832
shapes_6dof_events,19,Added events = 10%,AddedEvents,added-event ratio,0.1,5,789,27,4,0.312015503875969,0.777777777777778,0.44536652835408,0.286476868327402,1,0.0124223602484472,0.222222222222222,0.0361676
shapes_6dof_events,19,Added events = 20%,AddedEvents,added-event ratio,0.2,1,860,27,4,0.315891472868217,0.810945273631841,0.454672245467225,0.294223826714801,1,0.0122699386503068,0.189054726368159,0.0370046
shapes_6dof_events,19,Added events = 20%,AddedEvents,added-event ratio,0.2,2,860,27,4,0.310077519379845,0.780487804878049,0.443828016643551,0.285204991087344,1,0.0125,0.219512195121951,0.0448291
shapes_6dof_events,19,Added events = 20%,AddedEvents,added-event ratio,0.2,3,860,27,4,0.312015503875969,0.777777777777778,0.44536652835408,0.286476868327402,1,0.0124223602484472,0.222222222222222,0.0374758
shapes_6dof_events,19,Added events = 20%,AddedEvents,added-event ratio,0.2,4,860,27,4,0.310077519379845,0.776699029126214,0.443213296398892,0.284697508896797,1,0.0125,0.223300970873786,0.0504575
shapes_6dof_events,19,Added events = 20%,AddedEvents,added-event ratio,0.2,5,860,27,4,0.310077519379845,0.780487804878049,0.443828016643551,0.285204991087344,1,0.0125,0.219512195121951,0.0367074
shapes_6dof_events,19,Added events = 30%,AddedEvents,added-event ratio,0.3,1,932,27,4,0.315891472868217,0.806930693069307,0.454038997214485,0.293693693693694,1,0.0122699386503068,0.193069306930693,0.0408341
shapes_6dof_events,19,Added events = 30%,AddedEvents,added-event ratio,0.3,2,932,27,4,0.312015503875969,0.781553398058252,0.445983379501385,0.28698752228164,1,0.0124223602484472,0.218446601941748,0.0482999
shapes_6dof_events,19,Added events = 30%,AddedEvents,added-event ratio,0.3,3,932,27,4,0.310077519379845,0.76555023923445,0.441379310344828,0.283185840707965,1,0.0125,0.23444976076555,0.0411741
shapes_6dof_events,19,Added events = 30%,AddedEvents,added-event ratio,0.3,4,932,27,4,0.315891472868217,0.815,0.455307262569832,0.294755877034358,1,0.0122699386503068,0.185,0.0398306
shapes_6dof_events,19,Added events = 30%,AddedEvents,added-event ratio,0.3,5,932,27,5,0.383720930232558,0.825,0.523809523809524,0.354838709677419,1,0.0252525252525253,0.175,0.0486706
shapes_6dof_events,19,Full LLGD runtime,Runtime,-,NaN,1,717,27,4,0.310077519379845,0.780487804878049,0.443828016643551,0.285204991087344,1,0.0125,0.219512195121951,0.0332062
shapes_6dof_events,19,Full LLGD runtime,Runtime,-,NaN,2,717,27,4,0.310077519379845,0.780487804878049,0.443828016643551,0.285204991087344,1,0.0125,0.219512195121951,0.0435178
shapes_6dof_events,19,Full LLGD runtime,Runtime,-,NaN,3,717,27,4,0.310077519379845,0.780487804878049,0.443828016643551,0.285204991087344,1,0.0125,0.219512195121951,0.0335447
shapes_6dof_events,20,Full LLGD,Full,-,NaN,1,1419,31,17,0.569767441860465,0.790322580645161,0.662162162162162,0.494949494949495,1.22222222222222,0.0255102040816326,0.209677419354839,0.0894635
shapes_6dof_events,20,w/o weighted support,Ablation,UseWeights,0,1,1419,31,53,0.937015503875969,0.739862280030604,0.826849080803762,0.704810495626822,1.65,0.0496380558428128,0.260137719969396,0.087786
shapes_6dof_events,20,w/o local verification,Ablation,UseVerification,0,1,1419,31,20,0.61046511627907,0.781637717121588,0.685527747551687,0.521523178807947,1,0.0333333333333333,0.218362282878412,0.0566969
shapes_6dof_events,20,w/o global expansion,Ablation,UseGlobalExpansion,0,1,1419,31,36,0.330426356589147,0.710416666666667,0.451058201058201,0.291204099060632,2.22222222222222,0.0469208211143695,0.289583333333333,0.1155699
shapes_6dof_events,20,unit estimation weights,Ablation,UseWeights,0,1,1419,31,17,0.562984496124031,0.778820375335121,0.653543307086614,0.485380116959064,1,0.0258175559380379,0.221179624664879,0.1030556
shapes_6dof_events,20,unit support tests,Ablation,UseMultiplicitySupport,0,1,1419,31,51,0.924418604651163,0.74010861132661,0.822059457130547,0.697878566203365,1.68421052631579,0.0461215932914046,0.25989138867339,0.1124589
shapes_6dof_events,20,MAD = 3,Sensitivity,MAD,3,1,1419,31,16,0.557170542635659,0.790921595598349,0.653780557134736,0.485641891891892,1.11111111111111,0.0191304347826087,0.209078404401651,0.089161
shapes_6dof_events,20,MAD = 3.5,Sensitivity,MAD,3.5,1,1419,31,17,0.569767441860465,0.790322580645161,0.662162162162162,0.494949494949495,1.22222222222222,0.0255102040816326,0.209677419354839,0.0921871
shapes_6dof_events,20,MAD = 4,Sensitivity,MAD,4,1,1419,31,17,0.571705426356589,0.790884718498659,0.663667041619798,0.496632996632997,1.22222222222222,0.0254237288135594,0.20911528150134,0.083836
shapes_6dof_events,20,p_in = 0.7,Sensitivity,p_in,0.7,1,1419,31,18,0.573643410852713,0.772845953002611,0.658509454949944,0.490878938640133,1.11111111111111,0.0253378378378378,0.227154046997389,0.0876231
shapes_6dof_events,20,p_in = 0.8,Sensitivity,p_in,0.8,1,1419,31,17,0.569767441860465,0.790322580645161,0.662162162162162,0.494949494949495,1.22222222222222,0.0255102040816326,0.209677419354839,0.1114553
shapes_6dof_events,20,p_in = 0.9,Sensitivity,p_in,0.9,1,1419,31,15,0.529069767441861,0.78,0.630484988452656,0.460370994940978,1.125,0.0109890109890109,0.22,0.0910173
shapes_6dof_events,20,p_w = 0.7,Sensitivity,p_w,0.7,1,1419,31,16,0.562015503875969,0.786974219810041,0.655737704918033,0.48780487804878,1.11111111111111,0.0258620689655172,0.213025780189959,0.0921642
shapes_6dof_events,20,p_w = 0.8,Sensitivity,p_w,0.8,1,1419,31,17,0.569767441860465,0.790322580645161,0.662162162162162,0.494949494949495,1.22222222222222,0.0255102040816326,0.209677419354839,0.0906254
shapes_6dof_events,20,p_w = 0.9,Sensitivity,p_w,0.9,1,1419,31,17,0.569767441860465,0.790322580645161,0.662162162162162,0.494949494949495,1.22222222222222,0.0255102040816326,0.209677419354839,0.0870227
shapes_6dof_events,20,overlap = 0.7,Sensitivity,overlap,0.7,1,1419,31,17,0.569767441860465,0.790322580645161,0.662162162162162,0.494949494949495,1.22222222222222,0.0255102040816326,0.209677419354839,0.0824727
shapes_6dof_events,20,overlap = 0.8,Sensitivity,overlap,0.8,1,1419,31,17,0.569767441860465,0.790322580645161,0.662162162162162,0.494949494949495,1.22222222222222,0.0255102040816326,0.209677419354839,0.0943772
shapes_6dof_events,20,overlap = 0.9,Sensitivity,overlap,0.9,1,1419,31,17,0.574612403100775,0.798115746971736,0.668169014084507,0.501692047377327,1.22222222222222,0.0252951096121417,0.201884253028264,0.0926029
shapes_6dof_events,20,eps_s = 0.015,Sensitivity,eps_s,0.015,1,1419,31,16,0.559108527131783,0.780784844384303,0.651609260304913,0.483249581239531,1,0.0207972270363952,0.219215155615697,0.0877774
shapes_6dof_events,20,eps_s = 0.02,Sensitivity,eps_s,0.02,1,1419,31,17,0.569767441860465,0.790322580645161,0.662162162162162,0.494949494949495,1.22222222222222,0.0255102040816326,0.209677419354839,0.0940888
shapes_6dof_events,20,eps_s = 0.025,Sensitivity,eps_s,0.025,1,1419,31,14,0.474806201550388,0.753846153846154,0.582639714625446,0.411073825503356,1,0.0183673469387755,0.246153846153846,0.1009338
shapes_6dof_events,20,eps_t = 0.005,Sensitivity,eps_t,0.005,1,1419,31,2,0.0562015503875969,0.568627450980392,0.102292768959436,0.0539033457249071,1,0,0.431372549019608,0.0689429
shapes_6dof_events,20,eps_t = 0.01,Sensitivity,eps_t,0.01,1,1419,31,15,0.482558139534884,0.768518518518518,0.592857142857143,0.421319796954315,1,0.0321285140562249,0.231481481481481,0.1202868
shapes_6dof_events,20,eps_t = 0.015,Sensitivity,eps_t,0.015,1,1419,31,16,0.536821705426357,0.763085399449036,0.630261660978384,0.460132890365449,1,0.0252707581227437,0.236914600550964,0.1164431
shapes_6dof_events,20,eps_t = 0.02,Sensitivity,eps_t,0.02,1,1419,31,17,0.569767441860465,0.790322580645161,0.662162162162162,0.494949494949495,1.22222222222222,0.0255102040816326,0.209677419354839,0.1096078
shapes_6dof_events,20,eps_t = 0.025,Sensitivity,eps_t,0.025,1,1419,31,17,0.569767441860465,0.790322580645161,0.662162162162162,0.494949494949495,1.22222222222222,0.0255102040816326,0.209677419354839,0.1018577
shapes_6dof_events,20,Event retention = 25%,Sparsity,retention,0.25,1,355,27,3,0.0352941176470588,0.310344827586207,0.0633802816901408,0.0327272727272727,1,0,0.689655172413793,0.0194717
shapes_6dof_events,20,Event retention = 25%,Sparsity,retention,0.25,2,355,28,0,0,0,0,0,NaN,NaN,0,0.0192028
shapes_6dof_events,20,Event retention = 25%,Sparsity,retention,0.25,3,355,27,2,0.108333333333333,1,0.195488721804511,0.108333333333333,1,0,0,0.020431
shapes_6dof_events,20,Event retention = 25%,Sparsity,retention,0.25,4,355,27,1,0.0242914979757085,0.666666666666667,0.046875,0.024,1,0,0.333333333333333,0.0184073
shapes_6dof_events,20,Event retention = 25%,Sparsity,retention,0.25,5,355,26,2,0.0557768924302789,1,0.105660377358491,0.0557768924302789,1,0.285714285714286,0,0.0186417
shapes_6dof_events,20,Event retention = 50%,Sparsity,retention,0.5,1,710,30,6,0.228682170542636,0.715151515151515,0.34654919236417,0.209591474245115,1,0.0338983050847458,0.284848484848485,0.0665086
shapes_6dof_events,20,Event retention = 50%,Sparsity,retention,0.5,2,710,29,6,0.21301775147929,0.765957446808511,0.333333333333333,0.2,1,0.0555555555555556,0.234042553191489,0.0418705
shapes_6dof_events,20,Event retention = 50%,Sparsity,retention,0.5,3,710,31,6,0.327651515151515,0.808411214953271,0.466307277628032,0.304042179261863,1,0.0057803468208093,0.191588785046729,0.0419805
shapes_6dof_events,20,Event retention = 50%,Sparsity,retention,0.5,4,710,29,7,0.109375,0.509090909090909,0.180064308681672,0.0989399293286219,1,0.0714285714285714,0.490909090909091,0.0567714
shapes_6dof_events,20,Event retention = 50%,Sparsity,retention,0.5,5,710,30,7,0.125244618395303,0.503937007874016,0.200626959247649,0.111498257839721,1,0,0.496062992125984,0.0524739
shapes_6dof_events,20,Event retention = 75%,Sparsity,retention,0.75,1,1064,29,10,0.291828793774319,0.690184049079755,0.4102096627165,0.25802752293578,1,0.0177777777777778,0.309815950920245,0.0823236
shapes_6dof_events,20,Event retention = 75%,Sparsity,retention,0.75,2,1064,31,10,0.421530479896239,0.808457711442786,0.554134697357204,0.383254716981132,1,0.0430769230769231,0.191542288557214,0.0642154
shapes_6dof_events,20,Event retention = 75%,Sparsity,retention,0.75,3,1064,31,11,0.41742522756827,0.76978417266187,0.541315345699831,0.371098265895954,1.16666666666667,0.0311526479750779,0.23021582733813,0.057188
shapes_6dof_events,20,Event retention = 75%,Sparsity,retention,0.75,4,1064,31,12,0.37434554973822,0.702702702702703,0.488471391972673,0.32316384180791,1,0.0174825174825175,0.297297297297297,0.0696527
shapes_6dof_events,20,Event retention = 75%,Sparsity,retention,0.75,5,1064,29,15,0.584298584298584,0.834558823529412,0.687358062074186,0.523644752018454,1.1,0.00660792951541855,0.165441176470588,0.0675073
shapes_6dof_events,20,Added events = 5%,AddedEvents,added-event ratio,0.05,1,1490,31,17,0.570736434108527,0.790604026845638,0.662915025323579,0.495791245791246,1.22222222222222,0.0254668930390493,0.209395973154362,0.1045083
shapes_6dof_events,20,Added events = 5%,AddedEvents,added-event ratio,0.05,2,1490,31,15,0.535852713178295,0.781073446327684,0.635632183908046,0.465880370682393,1.125,0.0162748643761302,0.218926553672316,0.1002133
shapes_6dof_events,20,Added events = 5%,AddedEvents,added-event ratio,0.05,3,1490,31,18,0.577519379844961,0.793608521970706,0.668536174985979,0.502106149957877,1.22222222222222,0.0201342281879194,0.206391478029294,0.1153791
shapes_6dof_events,20,Added events = 5%,AddedEvents,added-event ratio,0.05,4,1490,31,17,0.535852713178295,0.769123783031989,0.631639063392347,0.461602671118531,1.25,0.0162748643761302,0.230876216968011,0.0957552
shapes_6dof_events,20,Added events = 5%,AddedEvents,added-event ratio,0.05,5,1490,31,18,0.570736434108527,0.775,0.657366071428572,0.489609310058188,1.22222222222222,0.0254668930390493,0.225,0.0897542
shapes_6dof_events,20,Added events = 10%,AddedEvents,added-event ratio,0.1,1,1561,31,17,0.570736434108527,0.784287616511318,0.660684240044868,0.493299832495812,1.22222222222222,0.0271646859083192,0.215712383488682,0.0967954
shapes_6dof_events,20,Added events = 10%,AddedEvents,added-event ratio,0.1,2,1561,31,16,0.562984496124031,0.785135135135135,0.655756207674944,0.487825356842989,1.11111111111111,0.0258175559380379,0.214864864864865,0.1017157
shapes_6dof_events,20,Added events = 10%,AddedEvents,added-event ratio,0.1,3,1561,31,16,0.568798449612403,0.78475935828877,0.659550561797753,0.492036881810562,1.11111111111111,0.0238500851788757,0.21524064171123,0.0852298
shapes_6dof_events,20,Added events = 10%,AddedEvents,added-event ratio,0.1,4,1561,31,18,0.575581395348837,0.786754966887417,0.664801343033016,0.497904442581727,1.22222222222222,0.0218855218855218,0.213245033112583,0.0907184
shapes_6dof_events,20,Added events = 10%,AddedEvents,added-event ratio,0.1,5,1561,31,17,0.569767441860465,0.789261744966443,0.661789532920653,0.494533221194281,1.22222222222222,0.0221088435374149,0.210738255033557,0.0941722
shapes_6dof_events,20,Added events = 20%,AddedEvents,added-event ratio,0.2,1,1703,31,17,0.570736434108527,0.779100529100529,0.658836689038031,0.491242702251877,1.22222222222222,0.0271646859083192,0.220899470899471,0.1019824
shapes_6dof_events,20,Added events = 20%,AddedEvents,added-event ratio,0.2,2,1703,31,17,0.536821705426357,0.762035763411279,0.62990335417851,0.459751037344398,1.25,0.01985559566787,0.237964236588721,0.0966579
shapes_6dof_events,20,Added events = 20%,AddedEvents,added-event ratio,0.2,3,1703,31,18,0.578488372093023,0.779373368146214,0.664071190211346,0.497085761865112,1.22222222222222,0.0284757118927973,0.220626631853786,0.091934
shapes_6dof_events,20,Added events = 20%,AddedEvents,added-event ratio,0.2,4,1703,31,16,0.574612403100775,0.791722296395194,0.665918023582257,0.499158249158249,1.11111111111111,0.0236087689713322,0.208277703604806,0.0889951
shapes_6dof_events,20,Added events = 20%,AddedEvents,added-event ratio,0.2,5,1703,31,18,0.573643410852713,0.783068783068783,0.662192393736018,0.494983277591973,1.22222222222222,0.0219594594594594,0.216931216931217,0.1017276
shapes_6dof_events,20,Added events = 30%,AddedEvents,added-event ratio,0.3,1,1845,31,18,0.562984496124031,0.758485639686684,0.646273637374861,0.477403451109285,1.11111111111111,0.036144578313253,0.241514360313316,0.1050865
shapes_6dof_events,20,Added events = 30%,AddedEvents,added-event ratio,0.3,2,1845,31,16,0.535852713178295,0.761707988980716,0.629124004550626,0.458921161825726,1.125,0.0198915009041591,0.238292011019284,0.1034331
shapes_6dof_events,20,Added events = 30%,AddedEvents,added-event ratio,0.3,3,1845,31,16,0.48546511627907,0.743323442136498,0.587338804220399,0.415767634854772,1,0.0259481037924152,0.256676557863501,0.1072881
shapes_6dof_events,20,Added events = 30%,AddedEvents,added-event ratio,0.3,4,1845,31,17,0.575581395348837,0.782608695652174,0.663316582914573,0.496240601503759,1.22222222222222,0.0252525252525253,0.217391304347826,0.107534
shapes_6dof_events,20,Added events = 30%,AddedEvents,added-event ratio,0.3,5,1845,31,17,0.570736434108527,0.785333333333333,0.661054994388328,0.49371332774518,1.22222222222222,0.0254668930390493,0.214666666666667,0.0927887
shapes_6dof_events,20,Full LLGD runtime,Runtime,-,NaN,1,1419,31,17,0.569767441860465,0.790322580645161,0.662162162162162,0.494949494949495,1.22222222222222,0.0255102040816326,0.209677419354839,0.0903812
shapes_6dof_events,20,Full LLGD runtime,Runtime,-,NaN,2,1419,31,17,0.570736434108527,0.790604026845638,0.662915025323579,0.495791245791246,1.22222222222222,0.0254668930390493,0.209395973154362,0.0897804
shapes_6dof_events,20,Full LLGD runtime,Runtime,-,NaN,3,1419,31,17,0.570736434108527,0.790604026845638,0.662915025323579,0.495791245791246,1.22222222222222,0.0254668930390493,0.209395973154362,0.0924397
shapes_6dof_events,21,Full LLGD,Full,-,NaN,1,1948,30,27,0.714896650035638,0.756981132075472,0.73533724340176,0.581449275362319,1,0.0508474576271186,0.243018867924528,0.1205737
shapes_6dof_events,21,w/o weighted support,Ablation,UseWeights,0,1,1948,30,72,0.951532430506058,0.729109776078646,0.825602968460111,0.703001579778831,1.72727272727273,0.0719101123595506,0.270890223921354,0.1124795
shapes_6dof_events,21,w/o local verification,Ablation,UseVerification,0,1,1948,30,29,0.759087669280114,0.7574679943101,0.758276966892132,0.610665137614679,1,0.0629107981220657,0.2425320056899,0.0853011
shapes_6dof_events,21,w/o global expansion,Ablation,UseGlobalExpansion,0,1,1948,30,62,0.479686386315039,0.738748627881449,0.581676750216076,0.41011578305911,2.64705882352941,0.0386329866270431,0.261251372118551,0.1784407
shapes_6dof_events,21,unit estimation weights,Ablation,UseWeights,0,1,1948,30,28,0.712045616535994,0.756245268735806,0.733480176211454,0.579130434782609,1.21428571428571,0.066066066066066,0.243754731264194,0.1095436
shapes_6dof_events,21,unit support tests,Ablation,UseMultiplicitySupport,0,1,1948,30,63,0.934426229508197,0.721518987341772,0.814285714285714,0.686746987951807,1.68181818181818,0.07627765064836,0.278481012658228,0.1142901
shapes_6dof_events,21,MAD = 3,Sensitivity,MAD,3,1,1948,30,27,0.692088382038489,0.755642023346303,0.722470238095238,0.565521258008154,1,0.0422245108135942,0.244357976653696,0.1305386
shapes_6dof_events,21,MAD = 3.5,Sensitivity,MAD,3.5,1,1948,30,27,0.714896650035638,0.756981132075472,0.73533724340176,0.581449275362319,1,0.0508474576271186,0.243018867924528,0.1181155
shapes_6dof_events,21,MAD = 4,Sensitivity,MAD,4,1,1948,30,25,0.719173200285103,0.76905487804878,0.743278084714549,0.591441969519343,1,0.0555004955401388,0.23094512195122,0.1046451
shapes_6dof_events,21,p_in = 0.7,Sensitivity,p_in,0.7,1,1948,30,24,0.702066999287242,0.761205564142195,0.730441230997405,0.57535046728972,1,0.067005076142132,0.238794435857805,0.1174644
shapes_6dof_events,21,p_in = 0.8,Sensitivity,p_in,0.8,1,1948,30,27,0.714896650035638,0.756981132075472,0.73533724340176,0.581449275362319,1,0.0508474576271186,0.243018867924528,0.1187088
shapes_6dof_events,21,p_in = 0.9,Sensitivity,p_in,0.9,1,1948,30,23,0.711332858161083,0.76009139375476,0.734904270986745,0.580908032596042,1,0.0861723446893787,0.23990860624524,0.145144
shapes_6dof_events,21,p_w = 0.7,Sensitivity,p_w,0.7,1,1948,30,26,0.701354240912331,0.754022988505747,0.726735598227474,0.5707656612529,1,0.0497967479674797,0.245977011494253,0.1063174
shapes_6dof_events,21,p_w = 0.8,Sensitivity,p_w,0.8,1,1948,30,27,0.714896650035638,0.756981132075472,0.73533724340176,0.581449275362319,1,0.0508474576271186,0.243018867924528,0.1093632
shapes_6dof_events,21,p_w = 0.9,Sensitivity,p_w,0.9,1,1948,30,27,0.715609408410549,0.765827612509535,0.739867354458364,0.587134502923977,1.0625,0.0507968127490039,0.234172387490465,0.1207113
shapes_6dof_events,21,overlap = 0.7,Sensitivity,overlap,0.7,1,1948,30,27,0.714896650035638,0.756981132075472,0.73533724340176,0.581449275362319,1,0.0508474576271186,0.243018867924528,0.111317
shapes_6dof_events,21,overlap = 0.8,Sensitivity,overlap,0.8,1,1948,30,27,0.714896650035638,0.756981132075472,0.73533724340176,0.581449275362319,1,0.0508474576271186,0.243018867924528,0.1049797
shapes_6dof_events,21,overlap = 0.9,Sensitivity,overlap,0.9,1,1948,30,25,0.71632216678546,0.771297006907137,0.742793791574279,0.590828924162258,1,0.0537313432835821,0.228702993092863,0.1182587
shapes_6dof_events,21,eps_s = 0.015,Sensitivity,eps_s,0.015,1,1948,30,30,0.709907341411262,0.762633996937213,0.735326688815061,0.581436077057793,1.13333333333333,0.0582329317269076,0.237366003062787,0.118485
shapes_6dof_events,21,eps_s = 0.02,Sensitivity,eps_s,0.02,1,1948,30,27,0.714896650035638,0.756981132075472,0.73533724340176,0.581449275362319,1,0.0508474576271186,0.243018867924528,0.1040669
shapes_6dof_events,21,eps_s = 0.025,Sensitivity,eps_s,0.025,1,1948,30,25,0.692088382038489,0.748073959938367,0.718992965568308,0.561271676300578,1.15384615384615,0.135942327497425,0.251926040061633,0.11663
shapes_6dof_events,21,eps_t = 0.005,Sensitivity,eps_t,0.005,1,1948,30,6,0.129009265858874,0.601328903654485,0.212441314553991,0.118844386080105,1,0.198895027624309,0.398671096345515,0.0937287
shapes_6dof_events,21,eps_t = 0.01,Sensitivity,eps_t,0.01,1,1948,30,22,0.656450463292944,0.760528488852188,0.704667176740627,0.544004725339634,1,0.0792616720955484,0.239471511147812,0.1460571
shapes_6dof_events,21,eps_t = 0.015,Sensitivity,eps_t,0.015,1,1948,30,26,0.70064148253742,0.752679938744257,0.725729051310447,0.569524913093859,1,0.0803662258392676,0.247320061255743,0.119981
shapes_6dof_events,21,eps_t = 0.02,Sensitivity,eps_t,0.02,1,1948,30,27,0.714896650035638,0.756981132075472,0.73533724340176,0.581449275362319,1,0.0508474576271186,0.243018867924528,0.1136316
shapes_6dof_events,21,eps_t = 0.025,Sensitivity,eps_t,0.025,1,1948,30,27,0.714896650035638,0.756981132075472,0.73533724340176,0.581449275362319,1,0.0508474576271186,0.243018867924528,0.1045659
shapes_6dof_events,21,Event retention = 25%,Sparsity,retention,0.25,1,487,29,5,0.219839142091153,0.911111111111111,0.354211663066955,0.215223097112861,1,0.0487804878048781,0.0888888888888889,0.0241195
shapes_6dof_events,21,Event retention = 25%,Sparsity,retention,0.25,2,487,26,1,0,0,0,0,NaN,NaN,1,0.0213058
shapes_6dof_events,21,Event retention = 25%,Sparsity,retention,0.25,3,487,28,1,0.0197183098591549,0.538461538461538,0.0380434782608696,0.0193905817174515,NaN,0,0.461538461538462,0.0202188
shapes_6dof_events,21,Event retention = 25%,Sparsity,retention,0.25,4,487,29,2,0.0482954545454545,0.85,0.0913978494623656,0.047887323943662,1,0,0.15,0.0219004
shapes_6dof_events,21,Event retention = 25%,Sparsity,retention,0.25,5,487,26,0,0,0,0,0,NaN,NaN,0,0.015874
shapes_6dof_events,21,Event retention = 50%,Sparsity,retention,0.5,1,974,29,10,0.24929178470255,0.715447154471545,0.369747899159664,0.22680412371134,1,0.0795454545454546,0.284552845528455,0.0984922
shapes_6dof_events,21,Event retention = 50%,Sparsity,retention,0.5,2,974,30,11,0.346967559943583,0.822742474916388,0.488095238095238,0.322834645669291,1,0.0609756097560976,0.177257525083612,0.094659
shapes_6dof_events,21,Event retention = 50%,Sparsity,retention,0.5,3,974,28,9,0.292022792022792,0.759259259259259,0.421810699588477,0.267275097783572,1,0.0682926829268292,0.240740740740741,0.1112785
shapes_6dof_events,21,Event retention = 50%,Sparsity,retention,0.5,4,974,30,9,0.288543140028289,0.769811320754717,0.419753086419753,0.265625,1,0.151960784313726,0.230188679245283,0.1055268
shapes_6dof_events,21,Event retention = 50%,Sparsity,retention,0.5,5,974,28,8,0.207520891364903,0.805405405405405,0.330011074197121,0.197612732095491,1,0.10738255033557,0.194594594594595,0.0886129
shapes_6dof_events,21,Event retention = 75%,Sparsity,retention,0.75,1,1461,29,19,0.536701620591039,0.751668891855808,0.626251390433815,0.45587044534413,1.09090909090909,0.0461811722912966,0.248331108144192,0.1336295
shapes_6dof_events,21,Event retention = 75%,Sparsity,retention,0.75,2,1461,30,23,0.672300469483568,0.787678767876788,0.725430597771023,0.569157392686804,1.06666666666667,0.0628491620111732,0.212321232123212,0.1291571
shapes_6dof_events,21,Event retention = 75%,Sparsity,retention,0.75,3,1461,30,18,0.548233046800382,0.75130890052356,0.633903920485919,0.464025869037995,1.09090909090909,0.0365853658536586,0.24869109947644,0.1236631
shapes_6dof_events,21,Event retention = 75%,Sparsity,retention,0.75,4,1461,29,18,0.646666666666667,0.830073349633252,0.726980728051392,0.571068124474348,1,0.0633284241531664,0.169926650366748,0.1011827
shapes_6dof_events,21,Event retention = 75%,Sparsity,retention,0.75,5,1461,29,17,0.535211267605634,0.739299610894942,0.620915032679738,0.450236966824645,1,0.0578947368421052,0.260700389105058,0.0996823
shapes_6dof_events,21,Added events = 5%,AddedEvents,added-event ratio,0.05,1,2045,30,25,0.713471133285816,0.767049808429119,0.739290989660266,0.586408904510838,1,0.0559440559440559,0.232950191570881,0.1177101
shapes_6dof_events,21,Added events = 5%,AddedEvents,added-event ratio,0.05,2,2045,30,26,0.717034925160371,0.762121212121212,0.738890929122292,0.585905649388468,1,0.0506958250497018,0.237878787878788,0.1145166
shapes_6dof_events,21,Added events = 5%,AddedEvents,added-event ratio,0.05,3,2045,30,28,0.719885958660014,0.746489283074649,0.732946298984035,0.578465063001146,1.0625,0.0603960396039604,0.253510716925351,0.1102345
shapes_6dof_events,21,Added events = 5%,AddedEvents,added-event ratio,0.05,4,2045,30,26,0.707769066286529,0.753986332574032,0.730147058823529,0.57498552403011,1,0.0473313192346425,0.246013667425968,0.1182927
shapes_6dof_events,21,Added events = 5%,AddedEvents,added-event ratio,0.05,5,2045,30,27,0.712758374910905,0.753012048192771,0.732332478945441,0.577700751010976,1,0.056,0.246987951807229,0.1218739
shapes_6dof_events,21,Added events = 10%,AddedEvents,added-event ratio,0.1,1,2143,30,27,0.732715609408411,0.766592095451156,0.749271137026239,0.599067599067599,1.0625,0.0486381322957199,0.233407904548844,0.1181693
shapes_6dof_events,21,Added events = 10%,AddedEvents,added-event ratio,0.1,2,2143,30,28,0.721311475409836,0.752416356877323,0.736535662299854,0.58294930875576,1,0.0563241106719368,0.247583643122677,0.1185061
shapes_6dof_events,21,Added events = 10%,AddedEvents,added-event ratio,0.1,3,2143,30,27,0.70064148253742,0.739097744360902,0.719356019026711,0.561714285714286,1,0.0640895218718209,0.260902255639098,0.1034782
shapes_6dof_events,21,Added events = 10%,AddedEvents,added-event ratio,0.1,4,2143,30,27,0.714183891660727,0.754518072289157,0.733797143903332,0.579525737420474,1,0.0548902195608783,0.245481927710843,0.1137874
shapes_6dof_events,21,Added events = 10%,AddedEvents,added-event ratio,0.1,5,2143,30,24,0.711332858161083,0.767692307692308,0.738438771735109,0.58533724340176,1,0.0470941883767535,0.232307692307692,0.131639
shapes_6dof_events,21,Added events = 20%,AddedEvents,added-event ratio,0.2,1,2338,30,26,0.709907341411262,0.753403933434191,0.731009174311927,0.576055523423945,1,0.0491967871485943,0.246596066565809,0.110239
shapes_6dof_events,21,Added events = 20%,AddedEvents,added-event ratio,0.2,2,2338,30,25,0.702779757662153,0.755555555555556,0.72821270310192,0.572590011614402,1.07142857142857,0.065922920892495,0.244444444444444,0.1216277
shapes_6dof_events,21,Added events = 20%,AddedEvents,added-event ratio,0.2,3,2338,30,26,0.719173200285103,0.739736070381232,0.729309721720275,0.573947667804323,1,0.0782953419226957,0.260263929618768,0.1149918
shapes_6dof_events,21,Added events = 20%,AddedEvents,added-event ratio,0.2,4,2338,30,28,0.729151817533856,0.757216876387861,0.742919389978213,0.590987868284229,1.05555555555556,0.0566959921798631,0.242783123612139,0.1388963
shapes_6dof_events,21,Added events = 20%,AddedEvents,added-event ratio,0.2,5,2338,30,26,0.689950106913756,0.732778198334595,0.71071953010279,0.55125284738041,1,0.0774793388429752,0.267221801665405,0.1328335
shapes_6dof_events,21,Added events = 30%,AddedEvents,added-event ratio,0.3,1,2532,30,27,0.714183891660727,0.75622641509434,0.734604105571848,0.58053302433372,1,0.0508982035928144,0.24377358490566,0.1309163
shapes_6dof_events,21,Added events = 30%,AddedEvents,added-event ratio,0.3,2,2532,30,29,0.71632216678546,0.731441048034934,0.723802664746129,0.567155756207675,1.0625,0.0557213930348258,0.268558951965066,0.1345647
shapes_6dof_events,21,Added events = 30%,AddedEvents,added-event ratio,0.3,3,2532,30,29,0.754811119030649,0.746826516220028,0.750797589507267,0.601021566401816,1.05882352941176,0.0472143531633616,0.253173483779972,0.1306708
shapes_6dof_events,21,Added events = 30%,AddedEvents,added-event ratio,0.3,4,2532,30,25,0.705630791161796,0.748865355521936,0.726605504587156,0.570605187319885,1,0.0525252525252525,0.251134644478064,0.1394283
shapes_6dof_events,21,Added events = 30%,AddedEvents,added-event ratio,0.3,5,2532,30,27,0.727726300784034,0.750183688464364,0.738784370477569,0.585771658060815,1,0.058765915768854,0.249816311535636,0.1296996
shapes_6dof_events,21,Full LLGD runtime,Runtime,-,NaN,1,1948,30,27,0.714896650035638,0.756981132075472,0.73533724340176,0.581449275362319,1,0.0508474576271186,0.243018867924528,0.1219252
shapes_6dof_events,21,Full LLGD runtime,Runtime,-,NaN,2,1948,30,26,0.707769066286529,0.757437070938215,0.731761238025055,0.57699012202208,1,0.0483383685800605,0.242562929061785,0.114249
shapes_6dof_events,21,Full LLGD runtime,Runtime,-,NaN,3,1948,30,27,0.710620099786172,0.757023538344723,0.733088235294118,0.578641903656413,1,0.0511534603811434,0.242976461655277,0.1144115
shapes_6dof_events,22,Full LLGD,Full,-,NaN,1,2818,31,33,0.715691351631279,0.723939235201676,0.719791666666667,0.562245728234337,1.26666666666667,0.0926193921852387,0.276060764798324,0.2008142
shapes_6dof_events,22,w/o weighted support,Ablation,UseWeights,0,1,2818,31,80,0.957017089590886,0.698148847752172,0.807339449541284,0.676923076923077,1.95833333333333,0.0773809523809523,0.301851152247828,0.1826691
shapes_6dof_events,22,w/o local verification,Ablation,UseVerification,0,1,2818,31,35,0.789228379078198,0.702304147465438,0.74323335771763,0.591385331781141,1,0.0780839895013123,0.297695852534562,0.1408298
shapes_6dof_events,22,w/o global expansion,Ablation,UseGlobalExpansion,0,1,2818,31,95,0.663904712584153,0.745782431646306,0.702465753424658,0.541385135135135,4.17647058823529,0.0366614664586583,0.254217568353694,0.1820939
shapes_6dof_events,22,unit estimation weights,Ablation,UseWeights,0,1,2818,31,32,0.728638011393061,0.723021582733813,0.725818932164044,0.569635627530364,1.11764705882353,0.0831556503198294,0.276978417266187,0.1912061
shapes_6dof_events,22,unit support tests,Ablation,UseMultiplicitySupport,0,1,2818,31,79,0.954945624029001,0.697956093868282,0.806472774983599,0.675705386588494,1.70833333333333,0.0672451193058569,0.302043906131718,0.1786857
shapes_6dof_events,22,MAD = 3,Sensitivity,MAD,3,1,2818,31,34,0.735370274469187,0.730828615542975,0.73309241094476,0.578647106764466,1.17647058823529,0.0838028169014085,0.269171384457025,0.203828
shapes_6dof_events,22,MAD = 3.5,Sensitivity,MAD,3.5,1,2818,31,33,0.715691351631279,0.723939235201676,0.719791666666667,0.562245728234337,1.26666666666667,0.0926193921852387,0.276060764798324,0.1977477
shapes_6dof_events,22,MAD = 4,Sensitivity,MAD,4,1,2818,31,34,0.719834282755049,0.723958333333333,0.721890418073228,0.564811052417716,1.33333333333333,0.0906474820143884,0.276041666666667,0.1888234
shapes_6dof_events,22,p_in = 0.7,Sensitivity,p_in,0.7,1,2818,31,38,0.733298808907302,0.7217125382263,0.727459542769073,0.57165926524021,1.4375,0.0911016949152542,0.2782874617737,0.1863861
shapes_6dof_events,22,p_in = 0.8,Sensitivity,p_in,0.8,1,2818,31,33,0.715691351631279,0.723939235201676,0.719791666666667,0.562245728234337,1.26666666666667,0.0926193921852387,0.276060764798324,0.1960878
shapes_6dof_events,22,p_in = 0.9,Sensitivity,p_in,0.9,1,2818,31,29,0.713619886069394,0.729872881355932,0.72165488347735,0.564522736583367,1.06666666666667,0.0994194484760522,0.270127118644068,0.2451563
shapes_6dof_events,22,p_w = 0.7,Sensitivity,p_w,0.7,1,2818,31,32,0.705334023821854,0.7264,0.715712033631109,0.557283142389525,1.2,0.0925110132158591,0.2736,0.2097748
shapes_6dof_events,22,p_w = 0.8,Sensitivity,p_w,0.8,1,2818,31,33,0.715691351631279,0.723939235201676,0.719791666666667,0.562245728234337,1.26666666666667,0.0926193921852387,0.276060764798324,0.2282976
shapes_6dof_events,22,p_w = 0.9,Sensitivity,p_w,0.9,1,2818,31,35,0.715173485240808,0.718522372528616,0.716844017648586,0.558656957928803,1.33333333333333,0.0912382331643736,0.281477627471384,0.2034133
shapes_6dof_events,22,overlap = 0.7,Sensitivity,overlap,0.7,1,2818,31,33,0.715691351631279,0.723939235201676,0.719791666666667,0.562245728234337,1.26666666666667,0.0926193921852387,0.276060764798324,0.1927449
shapes_6dof_events,22,overlap = 0.8,Sensitivity,overlap,0.8,1,2818,31,33,0.715691351631279,0.723939235201676,0.719791666666667,0.562245728234337,1.26666666666667,0.0926193921852387,0.276060764798324,0.2051899
shapes_6dof_events,22,overlap = 0.9,Sensitivity,overlap,0.9,1,2818,31,33,0.715691351631279,0.723939235201676,0.719791666666667,0.562245728234337,1.26666666666667,0.0926193921852387,0.276060764798324,0.1939996
shapes_6dof_events,22,eps_s = 0.015,Sensitivity,eps_s,0.015,1,2818,31,36,0.729155877783532,0.734864300626305,0.73199896022875,0.577285772857729,1.375,0.0873579545454546,0.265135699373695,0.2026939
shapes_6dof_events,22,eps_s = 0.02,Sensitivity,eps_s,0.02,1,2818,31,33,0.715691351631279,0.723939235201676,0.719791666666667,0.562245728234337,1.26666666666667,0.0926193921852387,0.276060764798324,0.1975775
shapes_6dof_events,22,eps_s = 0.025,Sensitivity,eps_s,0.025,1,2818,31,33,0.723977213878819,0.686977886977887,0.70499243570348,0.544392523364486,1.16666666666667,0.146638054363376,0.313022113022113,0.2095184
shapes_6dof_events,22,eps_t = 0.005,Sensitivity,eps_t,0.005,1,2818,31,14,0.639564992232004,0.705714285714286,0.671013311600109,0.504905968928863,1,0.516599190283401,0.294285714285714,0.2490391
shapes_6dof_events,22,eps_t = 0.01,Sensitivity,eps_t,0.01,1,2818,31,27,0.740031071983428,0.74621409921671,0.743109724388976,0.591228796028134,1.15384615384615,0.133659902029391,0.25378590078329,0.2001686
shapes_6dof_events,22,eps_t = 0.015,Sensitivity,eps_t,0.015,1,2818,31,33,0.729673744174003,0.715591670898933,0.722564102564103,0.565636290646327,1.1875,0.0830376153300213,0.284408329101067,0.1962537
shapes_6dof_events,22,eps_t = 0.02,Sensitivity,eps_t,0.02,1,2818,31,33,0.715691351631279,0.723939235201676,0.719791666666667,0.562245728234337,1.26666666666667,0.0926193921852387,0.276060764798324,0.2142587
shapes_6dof_events,22,eps_t = 0.025,Sensitivity,eps_t,0.025,1,2818,31,33,0.715691351631279,0.723939235201676,0.719791666666667,0.562245728234337,1.26666666666667,0.0926193921852387,0.276060764798324,0.2477617
shapes_6dof_events,22,Event retention = 25%,Sparsity,retention,0.25,1,705,29,3,0.145569620253165,0.758241758241758,0.244247787610619,0.139112903225806,1,0.0434782608695652,0.241758241758242,0.0551004
shapes_6dof_events,22,Event retention = 25%,Sparsity,retention,0.25,2,705,29,2,0.142011834319527,0.935064935064935,0.246575342465753,0.140625,1,0.0138888888888888,0.0649350649350649,0.0833214
shapes_6dof_events,22,Event retention = 25%,Sparsity,retention,0.25,3,705,28,1,0.110671936758893,0.949152542372881,0.198230088495575,0.110019646365422,1,0.0357142857142857,0.0508474576271186,0.0470878
shapes_6dof_events,22,Event retention = 25%,Sparsity,retention,0.25,4,705,29,0,0,0,0,0,NaN,NaN,0,0.0654268
shapes_6dof_events,22,Event retention = 25%,Sparsity,retention,0.25,5,705,29,6,0.272164948453608,0.840764331210191,0.411214953271028,0.258823529411765,1,0.0454545454545454,0.159235668789809,0.0693904
shapes_6dof_events,22,Event retention = 50%,Sparsity,retention,0.5,1,1409,31,17,0.478887744593203,0.773710482529118,0.591603053435114,0.420054200542005,1.11111111111111,0.0860215053763441,0.226289517470882,0.1074979
shapes_6dof_events,22,Event retention = 50%,Sparsity,retention,0.5,2,1409,30,14,0.455747711088505,0.787346221441125,0.577319587628866,0.405797101449275,1.125,0.0625,0.212653778558875,0.1047301
shapes_6dof_events,22,Event retention = 50%,Sparsity,retention,0.5,3,1409,29,17,0.574055158324821,0.82043795620438,0.675480769230769,0.509981851179673,1.09090909090909,0.0587188612099644,0.17956204379562,0.1100858
shapes_6dof_events,22,Event retention = 50%,Sparsity,retention,0.5,4,1409,31,14,0.447761194029851,0.688524590163934,0.542635658914729,0.372340425531915,1,0.069047619047619,0.311475409836066,0.1060019
shapes_6dof_events,22,Event retention = 50%,Sparsity,retention,0.5,5,1409,31,19,0.58695652173913,0.771428571428571,0.666666666666667,0.5,1.2,0.109347442680776,0.228571428571429,0.1053706
shapes_6dof_events,22,Event retention = 75%,Sparsity,retention,0.75,1,2114,31,31,0.705923344947735,0.698620689655172,0.702253032928943,0.541132478632479,1,0.114511352418559,0.301379310344828,0.1257514
shapes_6dof_events,22,Event retention = 75%,Sparsity,retention,0.75,2,2114,31,28,0.708362128541811,0.735821966977746,0.721830985915493,0.564738292011019,1.06666666666667,0.0741463414634146,0.264178033022254,0.103816
shapes_6dof_events,22,Event retention = 75%,Sparsity,retention,0.75,3,2114,31,29,0.739848589125946,0.728319783197832,0.734038921133493,0.57982740021575,1,0.0883720930232558,0.271680216802168,0.1301407
shapes_6dof_events,22,Event retention = 75%,Sparsity,retention,0.75,4,2114,30,28,0.751219512195122,0.751219512195122,0.751219512195122,0.6015625,1.14285714285714,0.108534322820037,0.248780487804878,0.1314838
shapes_6dof_events,22,Event retention = 75%,Sparsity,retention,0.75,5,2114,31,28,0.709965635738832,0.736279401282965,0.722883135059482,0.566027397260274,1.0625,0.0880929332042595,0.263720598717035,0.1539653
shapes_6dof_events,22,Added events = 5%,AddedEvents,added-event ratio,0.05,1,2959,31,32,0.727084412221647,0.726708074534162,0.726896194667357,0.570963806425376,1.26666666666667,0.0982905982905983,0.273291925465839,0.2765139
shapes_6dof_events,22,Added events = 5%,AddedEvents,added-event ratio,0.05,2,2959,31,31,0.712584153288452,0.724973656480506,0.71872551580047,0.560945780676722,1.2,0.0872093023255814,0.275026343519494,0.2485738
shapes_6dof_events,22,Added events = 5%,AddedEvents,added-event ratio,0.05,3,2959,31,35,0.729155877783532,0.727272727272727,0.728213085078873,0.57259048393656,1.3125,0.0873579545454546,0.272727272727273,0.2272321
shapes_6dof_events,22,Added events = 5%,AddedEvents,added-event ratio,0.05,4,2959,31,28,0.690833764888659,0.726579520697168,0.708255906556942,0.548294286888615,1.25,0.122188905547226,0.273420479302832,0.2555937
shapes_6dof_events,22,Added events = 5%,AddedEvents,added-event ratio,0.05,5,2959,31,34,0.735370274469187,0.725600408788963,0.730452674897119,0.575364667747164,1.17647058823529,0.0887323943661972,0.274399591211037,0.2117428
shapes_6dof_events,22,Added events = 10%,AddedEvents,added-event ratio,0.1,1,3100,31,32,0.718798549974107,0.719170984455959,0.718984718984719,0.561261625556005,1.1875,0.0850144092219021,0.280829015544041,0.2086577
shapes_6dof_events,22,Added events = 10%,AddedEvents,added-event ratio,0.1,2,3100,31,35,0.717244950802693,0.715762273901809,0.716502845318158,0.558242644095123,1.4,0.0909747292418772,0.284237726098191,0.212038
shapes_6dof_events,22,Added events = 10%,AddedEvents,added-event ratio,0.1,3,3100,31,33,0.742102537545313,0.712935323383085,0.727226592235473,0.571371610845295,1.25,0.09351011863224,0.287064676616915,0.2402872
shapes_6dof_events,22,Added events = 10%,AddedEvents,added-event ratio,0.1,4,3100,31,34,0.749870533402382,0.727272727272727,0.738398776134625,0.585286984640259,1.25,0.0966850828729282,0.272727272727273,0.196806
shapes_6dof_events,22,Added events = 10%,AddedEvents,added-event ratio,0.1,5,3100,31,32,0.711548420507509,0.719371727748691,0.715438687841708,0.556951763275233,1.2,0.0851528384279476,0.280628272251309,0.2257074
shapes_6dof_events,22,Added events = 20%,AddedEvents,added-event ratio,0.2,1,3382,31,34,0.727602278612118,0.693827160493827,0.710313447927199,0.550764406115249,1.1875,0.0896797153024911,0.306172839506173,0.2106191
shapes_6dof_events,22,Added events = 20%,AddedEvents,added-event ratio,0.2,2,3382,31,33,0.721387881926463,0.697546319479219,0.709266802443992,0.549506903353057,1.35714285714286,0.0983488872936109,0.302453680520781,0.2167948
shapes_6dof_events,22,Added events = 20%,AddedEvents,added-event ratio,0.2,3,3382,31,37,0.756084930088037,0.718857705563762,0.737001514386673,0.583533173461231,1.29411764705882,0.0904109589041096,0.281142294436238,0.1950958
shapes_6dof_events,22,Added events = 20%,AddedEvents,added-event ratio,0.2,4,3382,31,34,0.767477990678405,0.721167883211679,0.743602609131962,0.59185303514377,1.17647058823529,0.0924426450742241,0.278832116788321,0.1945389
shapes_6dof_events,22,Added events = 20%,AddedEvents,added-event ratio,0.2,5,3382,31,36,0.751941998964267,0.696402877697842,0.723107569721116,0.566302652106084,1.33333333333333,0.0964187327823691,0.303597122302158,0.18936
shapes_6dof_events,22,Added events = 30%,AddedEvents,added-event ratio,0.3,1,3663,31,29,0.727602278612118,0.712474645030426,0.719959005892903,0.562449959967974,1.16666666666667,0.137366548042705,0.287525354969574,0.2321354
shapes_6dof_events,22,Added events = 30%,AddedEvents,added-event ratio,0.3,2,3663,31,36,0.735888140859658,0.719858156028369,0.727784891165173,0.572061191626409,1.35714285714286,0.106263194933146,0.280141843971631,0.2190489
shapes_6dof_events,22,Added events = 30%,AddedEvents,added-event ratio,0.3,3,3663,31,37,0.719316416364578,0.697289156626506,0.708131531990823,0.548145224940805,1.33333333333333,0.0871130309575234,0.302710843373494,0.2185212
shapes_6dof_events,22,Added events = 30%,AddedEvents,added-event ratio,0.3,4,3663,31,35,0.737441740031072,0.686927158707188,0.711288711288711,0.551937984496124,1.33333333333333,0.101825842696629,0.313072841292812,0.2085335
shapes_6dof_events,22,Added events = 30%,AddedEvents,added-event ratio,0.3,5,3663,31,36,0.735370274469187,0.692682926829268,0.713388595830193,0.554470909800859,1.1875,0.0943661971830986,0.307317073170732,0.1916072
shapes_6dof_events,22,Full LLGD runtime,Runtime,-,NaN,1,2818,31,33,0.715691351631279,0.723939235201676,0.719791666666667,0.562245728234337,1.26666666666667,0.0926193921852387,0.276060764798324,0.2240325
shapes_6dof_events,22,Full LLGD runtime,Runtime,-,NaN,2,2818,31,33,0.714655618850337,0.722513089005236,0.718562874251497,0.560747663551402,1.26666666666667,0.0876811594202899,0.277486910994764,0.2073598
shapes_6dof_events,22,Full LLGD runtime,Runtime,-,NaN,3,2818,31,32,0.711548420507509,0.720125786163522,0.715811409221151,0.557403651115619,1.2,0.0887918486171762,0.279874213836478,0.2029924
shapes_6dof_events,23,Full LLGD,Full,-,NaN,1,3469,38,34,0.795434969853575,0.710657945363601,0.750660434870961,0.600845803513338,1.05882352941176,0.0693015701136979,0.289342054636399,0.2129753
shapes_6dof_events,23,w/o weighted support,Ablation,UseWeights,0,1,3469,38,88,0.96167097329888,0.675438596491228,0.793532338308458,0.657731958762887,1.82608695652174,0.0770264218540081,0.324561403508772,0.1944169
shapes_6dof_events,23,w/o local verification,Ablation,UseVerification,0,1,3469,38,36,0.871231696813092,0.706354748603352,0.780177400694177,0.639582674675941,1.05555555555556,0.074147305981216,0.293645251396648,0.1662115
shapes_6dof_events,23,w/o global expansion,Ablation,UseGlobalExpansion,0,1,3469,38,136,0.737295434969854,0.708902691511387,0.722820350432763,0.565950413223141,4,0.0175233644859814,0.291097308488613,0.2240596
shapes_6dof_events,23,unit estimation weights,Ablation,UseWeights,0,1,3469,38,40,0.803186907838071,0.699025487256372,0.74749498997996,0.5968,1.3125,0.0857908847184986,0.300974512743628,0.1891083
shapes_6dof_events,23,unit support tests,Ablation,UseMultiplicitySupport,0,1,3469,38,79,0.968561584840655,0.682135274491962,0.800498309307706,0.667359050445104,1.625,0.082258781680747,0.317864725508038,0.2028351
shapes_6dof_events,23,MAD = 3,Sensitivity,MAD,3,1,3469,38,35,0.770025839793282,0.701726844583987,0.73429158110883,0.580142764438676,1.05882352941176,0.0805369127516778,0.298273155416013,0.290577
shapes_6dof_events,23,MAD = 3.5,Sensitivity,MAD,3.5,1,3469,38,34,0.795434969853575,0.710657945363601,0.750660434870961,0.600845803513338,1.05882352941176,0.0693015701136979,0.289342054636399,0.213856
shapes_6dof_events,23,MAD = 4,Sensitivity,MAD,4,1,3469,38,36,0.808785529715762,0.706280556600226,0.754065448705079,0.605220754108927,1.11764705882353,0.0777422790202343,0.293719443399774,0.2140417
shapes_6dof_events,23,p_in = 0.7,Sensitivity,p_in,0.7,1,3469,38,38,0.804909560723514,0.709567198177677,0.754237288135593,0.605442176870748,1.05263157894737,0.0695559122525414,0.290432801822323,0.2336047
shapes_6dof_events,23,p_in = 0.8,Sensitivity,p_in,0.8,1,3469,38,34,0.795434969853575,0.710657945363601,0.750660434870961,0.600845803513338,1.05882352941176,0.0693015701136979,0.289342054636399,0.2314589
shapes_6dof_events,23,p_in = 0.9,Sensitivity,p_in,0.9,1,3469,38,32,0.775624461670973,0.696981424148607,0.734203016714227,0.580032206119163,1,0.0671848972792893,0.303018575851393,0.2535888
shapes_6dof_events,23,p_w = 0.7,Sensitivity,p_w,0.7,1,3469,38,39,0.796726959517657,0.696273993225442,0.743121108656357,0.591243208692873,1.17647058823529,0.0664864864864865,0.303726006774558,0.2041131
shapes_6dof_events,23,p_w = 0.8,Sensitivity,p_w,0.8,1,3469,38,34,0.795434969853575,0.710657945363601,0.750660434870961,0.600845803513338,1.05882352941176,0.0693015701136979,0.289342054636399,0.2694703
shapes_6dof_events,23,p_w = 0.9,Sensitivity,p_w,0.9,1,3469,38,34,0.796296296296296,0.710607225211376,0.751015434606012,0.60130081300813,1.05882352941176,0.0692266089778258,0.289392774788624,0.305311
shapes_6dof_events,23,overlap = 0.7,Sensitivity,overlap,0.7,1,3469,38,34,0.795434969853575,0.710657945363601,0.750660434870961,0.600845803513338,1.05882352941176,0.0693015701136979,0.289342054636399,0.2500185
shapes_6dof_events,23,overlap = 0.8,Sensitivity,overlap,0.8,1,3469,38,34,0.795434969853575,0.710657945363601,0.750660434870961,0.600845803513338,1.05882352941176,0.0693015701136979,0.289342054636399,0.2608487
shapes_6dof_events,23,overlap = 0.9,Sensitivity,overlap,0.9,1,3469,38,34,0.795865633074935,0.713238131995369,0.752289843272949,0.602936378466558,1.05882352941176,0.064935064935065,0.286761868004631,0.2544684
shapes_6dof_events,23,eps_s = 0.015,Sensitivity,eps_s,0.015,1,3469,38,42,0.804478897502153,0.69884025439581,0.747947947947948,0.597377678285897,1.21052631578947,0.065845824411135,0.30115974560419,0.2100831
shapes_6dof_events,23,eps_s = 0.02,Sensitivity,eps_s,0.02,1,3469,38,34,0.795434969853575,0.710657945363601,0.750660434870961,0.600845803513338,1.05882352941176,0.0693015701136979,0.289342054636399,0.2375743
shapes_6dof_events,23,eps_s = 0.025,Sensitivity,eps_s,0.025,1,3469,38,38,0.792850990525409,0.697612732095491,0.74218907478331,0.590064102564103,1.11764705882353,0.0803910917979359,0.302387267904509,0.2073991
shapes_6dof_events,23,eps_t = 0.005,Sensitivity,eps_t,0.005,1,3469,38,18,0.630921619293712,0.666211914506594,0.648086706480867,0.479384816753927,1,0.316723549488055,0.333788085493406,0.2573941
shapes_6dof_events,23,eps_t = 0.01,Sensitivity,eps_t,0.01,1,3469,38,29,0.715331610680448,0.690931780366057,0.702920016927634,0.541924959216966,1,0.153521974714028,0.309068219633943,0.2741284
shapes_6dof_events,23,eps_t = 0.015,Sensitivity,eps_t,0.015,1,3469,38,31,0.781653746770026,0.707602339181287,0.742786985880909,0.5908203125,1,0.0859504132231405,0.292397660818713,0.2285474
shapes_6dof_events,23,eps_t = 0.02,Sensitivity,eps_t,0.02,1,3469,38,34,0.795434969853575,0.710657945363601,0.750660434870961,0.600845803513338,1.05882352941176,0.0693015701136979,0.289342054636399,0.2173675
shapes_6dof_events,23,eps_t = 0.025,Sensitivity,eps_t,0.025,1,3469,38,34,0.795434969853575,0.710657945363601,0.750660434870961,0.600845803513338,1.05882352941176,0.0693015701136979,0.289342054636399,0.2077948
shapes_6dof_events,23,Event retention = 25%,Sparsity,retention,0.25,1,867,33,3,0.194871794871795,0.897637795275591,0.320224719101124,0.190635451505017,1,0.043859649122807,0.102362204724409,0.0572712
shapes_6dof_events,23,Event retention = 25%,Sparsity,retention,0.25,2,867,32,5,0.219469026548673,0.770186335403727,0.341597796143251,0.205980066445183,1,0.0403225806451613,0.229813664596273,0.0551641
shapes_6dof_events,23,Event retention = 25%,Sparsity,retention,0.25,3,867,33,4,0.127147766323024,0.54014598540146,0.205841446453408,0.114728682170543,1,0.0135135135135135,0.45985401459854,0.0526196
shapes_6dof_events,23,Event retention = 25%,Sparsity,retention,0.25,4,867,33,2,0.185059422750424,0.973214285714286,0.310984308131241,0.184121621621622,1,0.055045871559633,0.0267857142857143,0.0456132
shapes_6dof_events,23,Event retention = 25%,Sparsity,retention,0.25,5,867,34,5,0.213310580204778,0.816993464052288,0.3382949932341,0.203583061889251,1,0.032,0.183006535947712,0.0600173
shapes_6dof_events,23,Event retention = 50%,Sparsity,retention,0.5,1,1735,37,22,0.652173913043478,0.768072289156627,0.705394190871369,0.544871794871795,1.07142857142857,0.0562091503267974,0.231927710843373,0.1386953
shapes_6dof_events,23,Event retention = 50%,Sparsity,retention,0.5,2,1735,36,22,0.552356020942408,0.712035995500562,0.622113022113022,0.451497860199715,1.22222222222222,0.0679304897314376,0.287964004499438,0.1308411
shapes_6dof_events,23,Event retention = 50%,Sparsity,retention,0.5,3,1735,37,20,0.554134697357204,0.742009132420091,0.634455832113226,0.464617583988563,1.1,0.08,0.257990867579909,0.1394682
shapes_6dof_events,23,Event retention = 50%,Sparsity,retention,0.5,4,1735,37,21,0.590909090909091,0.753005464480874,0.662181643440654,0.494971264367816,1.09090909090909,0.0609579100145138,0.246994535519126,0.1282191
shapes_6dof_events,23,Event retention = 50%,Sparsity,retention,0.5,5,1735,35,25,0.677749360613811,0.765158806544755,0.71880650994575,0.561044460127029,1.07142857142857,0.0654088050314465,0.234841193455245,0.1131
shapes_6dof_events,23,Event retention = 75%,Sparsity,retention,0.75,1,2602,38,29,0.724217844727694,0.697544642857143,0.710631040363843,0.551146384479718,1.06666666666667,0.0496,0.302455357142857,0.187879
shapes_6dof_events,23,Event retention = 75%,Sparsity,retention,0.75,2,2602,38,32,0.770689655172414,0.692307692307692,0.729398966548817,0.574058219178082,1.0625,0.0827740492170023,0.307692307692308,0.1524394
shapes_6dof_events,23,Event retention = 75%,Sparsity,retention,0.75,3,2602,37,39,0.740334679746105,0.708057395143488,0.723836389280677,0.567197170645447,1.44444444444444,0.0607950116913484,0.291942604856512,0.2083328
shapes_6dof_events,23,Event retention = 75%,Sparsity,retention,0.75,4,2602,38,30,0.806987399770905,0.727413526071244,0.765137116481129,0.619613016710642,1,0.0681334279630944,0.272586473928756,0.1742979
shapes_6dof_events,23,Event retention = 75%,Sparsity,retention,0.75,5,2602,37,35,0.717341040462428,0.717755928282244,0.717548424400116,0.5595130748422,1.3125,0.0636583400483481,0.282244071717756,0.2427994
shapes_6dof_events,23,Added events = 5%,AddedEvents,added-event ratio,0.05,1,3642,38,35,0.790267011197244,0.703874184886843,0.744572935686752,0.593083387201034,1.05882352941176,0.0659400544959128,0.296125815113157,0.3346968
shapes_6dof_events,23,Added events = 5%,AddedEvents,added-event ratio,0.05,2,3642,38,34,0.790697674418605,0.693877551020408,0.739130434782609,0.586206896551724,1,0.0746187363834423,0.306122448979592,0.2497705
shapes_6dof_events,23,Added events = 5%,AddedEvents,added-event ratio,0.05,3,3642,38,34,0.794142980189492,0.701140684410646,0.744749596122779,0.593307593307593,1,0.0699566160520607,0.298859315589354,0.2381083
shapes_6dof_events,23,Added events = 5%,AddedEvents,added-event ratio,0.05,4,3642,38,37,0.799310938845823,0.700906344410876,0.746881287726358,0.59601798330122,1.17647058823529,0.0689655172413793,0.299093655589124,0.1958873
shapes_6dof_events,23,Added events = 5%,AddedEvents,added-event ratio,0.05,5,3642,38,38,0.863049095607235,0.715969989281886,0.782659636789689,0.642925890279115,1.11111111111111,0.0703592814371258,0.284030010718114,0.2246077
shapes_6dof_events,23,Added events = 10%,AddedEvents,added-event ratio,0.1,1,3816,38,33,0.786391042204996,0.703118983442434,0.74242732262655,0.59036534109279,1,0.0728368017524644,0.296881016557566,0.2651856
shapes_6dof_events,23,Added events = 10%,AddedEvents,added-event ratio,0.1,2,3816,38,35,0.791559000861326,0.693061840120664,0.739043023723362,0.58609693877551,1,0.0674646354733406,0.306938159879336,0.2223977
shapes_6dof_events,23,Added events = 10%,AddedEvents,added-event ratio,0.1,3,3816,38,36,0.786821705426357,0.69047619047619,0.735507246376812,0.581661891117478,1.05882352941176,0.0706075533661741,0.30952380952381,0.223546
shapes_6dof_events,23,Added events = 10%,AddedEvents,added-event ratio,0.1,4,3816,38,37,0.80792420327304,0.708994708994709,0.755233494363929,0.606727037516171,1.05555555555556,0.0666311300639659,0.291005291005291,0.2263733
shapes_6dof_events,23,Added events = 10%,AddedEvents,added-event ratio,0.1,5,3816,38,38,0.797588285960379,0.69311377245509,0.74169002803364,0.589433481858689,1.05882352941176,0.0701943844492441,0.30688622754491,0.2389558
shapes_6dof_events,23,Added events = 20%,AddedEvents,added-event ratio,0.2,1,4163,38,37,0.803186907838071,0.702448210922787,0.749447458308218,0.599293059125964,1.11111111111111,0.0691689008042895,0.297551789077213,0.3533091
shapes_6dof_events,23,Added events = 20%,AddedEvents,added-event ratio,0.2,2,4163,38,37,0.856589147286822,0.698630136986301,0.769587928032502,0.625471698113208,1.11111111111111,0.0703871292106586,0.301369863013699,0.3289598
shapes_6dof_events,23,Added events = 20%,AddedEvents,added-event ratio,0.2,3,4163,38,38,0.819552110249785,0.690493468795356,0.749507680189051,0.599370078740157,1.10526315789474,0.094587493431424,0.309506531204644,0.2846708
shapes_6dof_events,23,Added events = 20%,AddedEvents,added-event ratio,0.2,4,4163,38,41,0.798880275624462,0.686782673084043,0.738602428827394,0.585542929292929,1.15789473684211,0.0700808625336927,0.313217326915957,0.2523142
shapes_6dof_events,23,Added events = 20%,AddedEvents,added-event ratio,0.2,5,4163,38,37,0.862187769164513,0.708171206225681,0.777626723635657,0.636161423578011,1.10526315789474,0.061938061938062,0.291828793774319,0.2244489
shapes_6dof_events,23,Added events = 30%,AddedEvents,added-event ratio,0.3,1,4510,38,38,0.808354866494401,0.687545787545788,0.743072050673001,0.591181102362205,1.11764705882353,0.0639318060735216,0.312454212454212,0.2236616
shapes_6dof_events,23,Added events = 30%,AddedEvents,added-event ratio,0.3,2,4510,38,34,0.81266149870801,0.691715542521994,0.747326732673267,0.596585520075877,1,0.0582935877053524,0.308284457478006,0.234637
shapes_6dof_events,23,Added events = 30%,AddedEvents,added-event ratio,0.3,3,4510,38,34,0.809216192937123,0.696183771767321,0.748456482772356,0.598026734563972,1.05555555555556,0.0681213411389037,0.303816228232679,0.2433995
shapes_6dof_events,23,Added events = 30%,AddedEvents,added-event ratio,0.3,4,4510,38,32,0.775624461670973,0.679110105580694,0.724165661439485,0.567601638827608,1.0625,0.0971682398667407,0.320889894419306,0.2155303
shapes_6dof_events,23,Added events = 30%,AddedEvents,added-event ratio,0.3,5,4510,38,36,0.857881136950904,0.692147324530924,0.766153846153846,0.620947630922693,1.05263157894737,0.0707831325301205,0.307852675469076,0.2476719
shapes_6dof_events,23,Full LLGD runtime,Runtime,-,NaN,1,3469,38,34,0.795434969853575,0.710657945363601,0.750660434870961,0.600845803513338,1.05882352941176,0.0693015701136979,0.289342054636399,0.2090985
shapes_6dof_events,23,Full LLGD runtime,Runtime,-,NaN,2,3469,38,34,0.795004306632214,0.710546574287914,0.750406504065041,0.600520494469746,1.05882352941176,0.0682556879739978,0.289453425712086,0.2222867
shapes_6dof_events,23,Full LLGD runtime,Runtime,-,NaN,3,3469,38,35,0.794142980189492,0.708413369189397,0.748832487309645,0.598506978253814,1.05882352941176,0.0721258134490239,0.291586630810603,0.2276465
shapes_6dof_events,24,Full LLGD,Full,-,NaN,1,3234,37,40,0.750342935528121,0.674198849630238,0.710235879679723,0.550671140939597,1.2,0.106032906764168,0.325801150369762,0.2193359
shapes_6dof_events,24,w/o weighted support,Ablation,UseWeights,0,1,3234,37,82,0.959304983996342,0.686293752044488,0.800152555301297,0.666878575969485,1.72,0.0791229742612012,0.313706247955512,0.2351009
shapes_6dof_events,24,w/o local verification,Ablation,UseVerification,0,1,3234,37,43,0.88477366255144,0.703636363636364,0.783876848288434,0.644570286475683,1.05,0.0945736434108527,0.296363636363636,0.1856919
shapes_6dof_events,24,w/o global expansion,Ablation,UseGlobalExpansion,0,1,3234,37,126,0.681755829903978,0.687096774193548,0.68441588248795,0.520237264480112,3.80952380952381,0.0489604292421194,0.312903225806452,0.2193053
shapes_6dof_events,24,unit estimation weights,Ablation,UseWeights,0,1,3234,37,42,0.748971193415638,0.665042630937881,0.704516129032258,0.543824701195219,1.17647058823529,0.0781440781440782,0.334957369062119,0.2345665
shapes_6dof_events,24,unit support tests,Ablation,UseMultiplicitySupport,0,1,3234,37,81,0.946959304983996,0.679684936002626,0.791364157432174,0.654758141005375,1.69565217391304,0.0888459681313375,0.320315063997374,0.2079204
shapes_6dof_events,24,MAD = 3,Sensitivity,MAD,3,1,3234,37,41,0.735711019661637,0.673785594639866,0.703387978142077,0.54248145650708,1.11764705882353,0.0826600372902424,0.326214405360134,0.2457019
shapes_6dof_events,24,MAD = 3.5,Sensitivity,MAD,3.5,1,3234,37,40,0.750342935528121,0.674198849630238,0.710235879679723,0.550671140939597,1.2,0.106032906764168,0.325801150369762,0.2092231
shapes_6dof_events,24,MAD = 4,Sensitivity,MAD,4,1,3234,37,41,0.780064014631916,0.672182821118991,0.722116402116402,0.565087777409738,1.28571428571429,0.104923798358734,0.327817178881009,0.1866081
shapes_6dof_events,24,p_in = 0.7,Sensitivity,p_in,0.7,1,3234,37,43,0.787837219935985,0.679952644041042,0.729930099555179,0.574716477651768,1.23529411764706,0.10272780034823,0.320047355958958,0.2146579
shapes_6dof_events,24,p_in = 0.8,Sensitivity,p_in,0.8,1,3234,37,40,0.750342935528121,0.674198849630238,0.710235879679723,0.550671140939597,1.2,0.106032906764168,0.325801150369762,0.2097708
shapes_6dof_events,24,p_in = 0.9,Sensitivity,p_in,0.9,1,3234,37,44,0.769547325102881,0.680274858528699,0.722162626045913,0.565144392209537,1.11764705882353,0.077243018419489,0.319725141471302,0.2618632
shapes_6dof_events,24,p_w = 0.7,Sensitivity,p_w,0.7,1,3234,37,39,0.756744398719707,0.681069958847737,0.716915746155512,0.558744091829845,1.125,0.105135951661631,0.318930041152263,0.2088336
shapes_6dof_events,24,p_w = 0.8,Sensitivity,p_w,0.8,1,3234,37,40,0.750342935528121,0.674198849630238,0.710235879679723,0.550671140939597,1.2,0.106032906764168,0.325801150369762,0.1983827
shapes_6dof_events,24,p_w = 0.9,Sensitivity,p_w,0.9,1,3234,37,42,0.812071330589849,0.688906128782002,0.745435466946485,0.594178655068585,1.1875,0.0974099099099099,0.311093871217998,0.235597
shapes_6dof_events,24,overlap = 0.7,Sensitivity,overlap,0.7,1,3234,37,40,0.750342935528121,0.674198849630238,0.710235879679723,0.550671140939597,1.2,0.106032906764168,0.325801150369762,0.2278824
shapes_6dof_events,24,overlap = 0.8,Sensitivity,overlap,0.8,1,3234,37,40,0.750342935528121,0.674198849630238,0.710235879679723,0.550671140939597,1.2,0.106032906764168,0.325801150369762,0.2286209
shapes_6dof_events,24,overlap = 0.9,Sensitivity,overlap,0.9,1,3234,37,41,0.749885688157293,0.673788003286771,0.709803072927938,0.550150956055015,1.26666666666667,0.109146341463415,0.326211996713229,0.2135283
shapes_6dof_events,24,eps_s = 0.015,Sensitivity,eps_s,0.015,1,3234,37,53,0.792409693644262,0.673794712286159,0.728304265602017,0.57270323859881,1.31578947368421,0.0807847663012118,0.326205287713841,0.202427
shapes_6dof_events,24,eps_s = 0.02,Sensitivity,eps_s,0.02,1,3234,37,40,0.750342935528121,0.674198849630238,0.710235879679723,0.550671140939597,1.2,0.106032906764168,0.325801150369762,0.1983022
shapes_6dof_events,24,eps_s = 0.025,Sensitivity,eps_s,0.025,1,3234,37,36,0.771376314586191,0.673453093812375,0.719096334185848,0.561397670549085,1.07692307692308,0.1185536455246,0.326546906187625,0.2935128
shapes_6dof_events,24,eps_t = 0.005,Sensitivity,eps_t,0.005,1,3234,37,18,0.791495198902606,0.766268260292165,0.778677462887989,0.637569060773481,1,0.47949162333911,0.233731739707835,0.2464968
shapes_6dof_events,24,eps_t = 0.01,Sensitivity,eps_t,0.01,1,3234,37,36,0.738454503886603,0.685483870967742,0.710983931322914,0.551571038251366,1.13333333333333,0.0904024767801858,0.314516129032258,0.2518896
shapes_6dof_events,24,eps_t = 0.015,Sensitivity,eps_t,0.015,1,3234,37,38,0.8079561042524,0.691044192412984,0.744940978077572,0.593550554249244,1.0625,0.0848896434634975,0.308955807587016,0.2074452
shapes_6dof_events,24,eps_t = 0.02,Sensitivity,eps_t,0.02,1,3234,37,40,0.750342935528121,0.674198849630238,0.710235879679723,0.550671140939597,1.2,0.106032906764168,0.325801150369762,0.2206913
shapes_6dof_events,24,eps_t = 0.025,Sensitivity,eps_t,0.025,1,3234,37,40,0.750342935528121,0.674198849630238,0.710235879679723,0.550671140939597,1.2,0.106032906764168,0.325801150369762,0.2297551
shapes_6dof_events,24,Event retention = 25%,Sparsity,retention,0.25,1,809,32,3,0.0785046728971963,0.875,0.144082332761578,0.077634011090573,1,0.0238095238095238,0.125,0.0468575
shapes_6dof_events,24,Event retention = 25%,Sparsity,retention,0.25,2,809,33,4,0.0819366852886406,0.63768115942029,0.145214521452145,0.0782918149466192,1,0.204545454545455,0.36231884057971,0.054142
shapes_6dof_events,24,Event retention = 25%,Sparsity,retention,0.25,3,809,35,3,0.120996441281139,0.839506172839506,0.211508553654743,0.118260869565217,1,0.102941176470588,0.160493827160494,0.0461628
shapes_6dof_events,24,Event retention = 25%,Sparsity,retention,0.25,4,809,33,5,0.161764705882353,0.807339449541284,0.269525267993874,0.155752212389381,1,0.0454545454545454,0.192660550458716,0.0782183
shapes_6dof_events,24,Event retention = 25%,Sparsity,retention,0.25,5,809,32,1,0,0,0,0,NaN,NaN,1,0.0569491
shapes_6dof_events,24,Event retention = 50%,Sparsity,retention,0.5,1,1617,37,17,0.535173642030276,0.789750328515112,0.638004246284501,0.468433359314108,1,0.0299500831946755,0.210249671484888,0.1729934
shapes_6dof_events,24,Event retention = 50%,Sparsity,retention,0.5,2,1617,35,19,0.57208448117539,0.756986634264885,0.651673640167364,0.483320403413499,1.1,0.0529695024077047,0.243013365735115,0.1218415
shapes_6dof_events,24,Event retention = 50%,Sparsity,retention,0.5,3,1617,36,19,0.545622119815668,0.763870967741936,0.636559139784946,0.466876971608833,1.2,0.0472972972972973,0.236129032258065,0.1503692
shapes_6dof_events,24,Event retention = 50%,Sparsity,retention,0.5,4,1617,36,25,0.648574057037719,0.750798722044728,0.695952615992103,0.533686601059803,1.07142857142857,0.0524822695035461,0.249201277955272,0.1315084
shapes_6dof_events,24,Event retention = 50%,Sparsity,retention,0.5,5,1617,35,21,0.610074626865672,0.731543624161074,0.665310274669379,0.498475609756098,1.18181818181818,0.0535168195718655,0.268456375838926,0.1579598
shapes_6dof_events,24,Event retention = 75%,Sparsity,retention,0.75,1,2426,36,36,0.728553921568627,0.703550295857988,0.715833835039133,0.557430848570089,1.1875,0.0849453322119428,0.296449704142012,0.2515625
shapes_6dof_events,24,Event retention = 75%,Sparsity,retention,0.75,2,2426,37,31,0.734016887816647,0.710449503794513,0.722040937407298,0.564995357474466,1.07692307692308,0.120788824979458,0.289550496205487,0.2075305
shapes_6dof_events,24,Event retention = 75%,Sparsity,retention,0.75,3,2426,37,32,0.725766871165644,0.697112551561579,0.711151187255786,0.551772388059702,1.14285714285714,0.109044801352494,0.302887448438421,0.2125569
shapes_6dof_events,24,Event retention = 75%,Sparsity,retention,0.75,4,2426,35,35,0.720687538367096,0.676657060518732,0.697978596908442,0.536073059360731,1.28571428571429,0.0672913117546848,0.323342939481268,0.1715921
shapes_6dof_events,24,Event retention = 75%,Sparsity,retention,0.75,5,2426,36,32,0.725766871165644,0.701244813278008,0.713295146216461,0.5543580131209,1.13333333333333,0.0819949281487743,0.298755186721992,0.1490184
shapes_6dof_events,24,Added events = 5%,AddedEvents,added-event ratio,0.05,1,3396,37,41,0.755372656607225,0.675664621676892,0.713298791018998,0.554362416107383,1.2,0.104116222760291,0.324335378323108,0.2476975
shapes_6dof_events,24,Added events = 5%,AddedEvents,added-event ratio,0.05,2,3396,37,39,0.772748056698674,0.670103092783505,0.717774474410703,0.559788009274594,1.13333333333333,0.104142011834319,0.329896907216495,0.2421166
shapes_6dof_events,24,Added events = 5%,AddedEvents,added-event ratio,0.05,3,3396,37,38,0.747142203932327,0.672151378033731,0.707665656128194,0.547587131367292,1.06666666666667,0.102203182374541,0.327848621966269,0.2265274
shapes_6dof_events,24,Added events = 5%,AddedEvents,added-event ratio,0.05,4,3396,37,40,0.751714677640604,0.665856622114216,0.706185567010309,0.545816733067729,1.14285714285714,0.10705596107056,0.334143377885784,0.2302051
shapes_6dof_events,24,Added events = 5%,AddedEvents,added-event ratio,0.05,5,3396,37,41,0.751257430269776,0.672533769954973,0.709719222462203,0.550050217609642,1.2,0.105903834449178,0.327466230045027,0.223041
shapes_6dof_events,24,Added events = 10%,AddedEvents,added-event ratio,0.1,1,3557,37,41,0.774119798811157,0.67611821086262,0.721807716904711,0.564709806537692,1.2,0.0986414648552865,0.32388178913738,0.2461873
shapes_6dof_events,24,Added events = 10%,AddedEvents,added-event ratio,0.1,2,3557,37,44,0.764517604023777,0.661654135338346,0.70937632583793,0.549638395792242,1.2,0.105263157894737,0.338345864661654,0.2193345
shapes_6dof_events,24,Added events = 10%,AddedEvents,added-event ratio,0.1,3,3557,37,42,0.780064014631916,0.672978303747535,0.722575180008471,0.565649867374005,1.2,0.106682297772567,0.327021696252465,0.2099547
shapes_6dof_events,24,Added events = 10%,AddedEvents,added-event ratio,0.1,4,3557,37,44,0.818930041152263,0.684894837476099,0.745939192003332,0.59481899701096,1.33333333333333,0.0999441652707984,0.315105162523901,0.2229409
shapes_6dof_events,24,Added events = 10%,AddedEvents,added-event ratio,0.1,5,3557,37,38,0.748971193415638,0.672689938398357,0.708784076157508,0.548927613941019,1.13333333333333,0.106837606837607,0.327310061601643,0.2407186
shapes_6dof_events,24,Added events = 20%,AddedEvents,added-event ratio,0.2,1,3881,37,41,0.749885688157293,0.662894098625707,0.703711649860545,0.542866600463423,1.14285714285714,0.104268292682927,0.337105901374293,0.2177852
shapes_6dof_events,24,Added events = 20%,AddedEvents,added-event ratio,0.2,2,3881,37,44,0.815272062185642,0.671310240963855,0.736320462523229,0.582679738562092,1.28571428571429,0.114974761637689,0.328689759036145,0.2285263
shapes_6dof_events,24,Added events = 20%,AddedEvents,added-event ratio,0.2,3,3881,37,43,0.775034293552812,0.678271308523409,0.723431498079385,0.566700100300903,1.15,0.0766961651917404,0.321728691476591,0.2066224
shapes_6dof_events,24,Added events = 20%,AddedEvents,added-event ratio,0.2,4,3881,37,42,0.757658893461363,0.66386217948718,0.707666026051676,0.547587574355585,1.21428571428571,0.117682558841279,0.336137820512821,0.2258019
shapes_6dof_events,24,Added events = 20%,AddedEvents,added-event ratio,0.2,5,3881,37,42,0.814357567443987,0.678993518871521,0.740540540540541,0.587982832618026,1.26666666666667,0.0960134755755194,0.321006481128479,0.2048084
shapes_6dof_events,24,Added events = 30%,AddedEvents,added-event ratio,0.3,1,4204,37,44,0.76771833561957,0.652799377916019,0.705610422357638,0.54512987012987,1.33333333333333,0.0952948183442526,0.347200622083981,0.2474351
shapes_6dof_events,24,Added events = 30%,AddedEvents,added-event ratio,0.3,2,4204,37,38,0.758573388203018,0.662804634438674,0.707462686567164,0.547344110854504,1.1875,0.0855937311633514,0.337195365561326,0.2503701
shapes_6dof_events,24,Added events = 30%,AddedEvents,added-event ratio,0.3,3,4204,37,39,0.770004572473708,0.667724028548771,0.715226162667233,0.556694214876033,1.05,0.0819477434679335,0.332275971451229,0.3243693
shapes_6dof_events,24,Added events = 30%,AddedEvents,added-event ratio,0.3,4,4204,37,42,0.783264746227709,0.656825153374233,0.714494264859228,0.555807916937054,1.05555555555556,0.0899007589025103,0.343174846625767,0.3417327
shapes_6dof_events,24,Added events = 30%,AddedEvents,added-event ratio,0.3,5,4204,37,45,0.839506172839506,0.674751929437707,0.748166259168704,0.59765625,1.11111111111111,0.0915032679738562,0.325248070562293,0.2697705
shapes_6dof_events,24,Full LLGD runtime,Runtime,-,NaN,1,3234,37,40,0.750342935528121,0.674198849630238,0.710235879679723,0.550671140939597,1.2,0.106032906764168,0.325801150369762,0.2527901
shapes_6dof_events,24,Full LLGD runtime,Runtime,-,NaN,2,3234,37,41,0.82533150434385,0.694765204003079,0.754440961337513,0.605704697986577,1.1875,0.099168975069252,0.305234795996921,0.2152751
shapes_6dof_events,24,Full LLGD runtime,Runtime,-,NaN,3,3234,37,42,0.764974851394605,0.678977272727273,0.719415179531284,0.56178643384822,1.1875,0.102809324566647,0.321022727272727,0.2304108
shapes_6dof_events,25,Full LLGD,Full,-,NaN,1,3051,36,37,0.813865147198481,0.722901729228174,0.765691311145857,0.620340209916757,1.13333333333333,0.0898483080513419,0.277098270771826,0.1950238
shapes_6dof_events,25,w/o weighted support,Ablation,UseWeights,0,1,3051,36,83,0.94681861348528,0.695258019525802,0.801769199839164,0.669127516778523,1.72,0.074222668004012,0.304741980474198,0.2160256
shapes_6dof_events,25,w/o local verification,Ablation,UseVerification,0,1,3051,36,37,0.830959164292498,0.720461095100865,0.771775082690187,0.628366247755835,1.05882352941176,0.0742857142857143,0.279538904899135,0.1676279
shapes_6dof_events,25,w/o global expansion,Ablation,UseGlobalExpansion,0,1,3051,36,106,0.677587844254511,0.72253164556962,0.699338397451605,0.537678975131876,3.18181818181818,0.0364400840925018,0.27746835443038,0.185572
shapes_6dof_events,25,unit estimation weights,Ablation,UseWeights,0,1,3051,36,38,0.804843304843305,0.711586901763224,0.755347593582888,0.60687432867884,1.26666666666667,0.0784660766961652,0.288413098236776,0.1884127
shapes_6dof_events,25,unit support tests,Ablation,UseMultiplicitySupport,0,1,3051,36,74,0.95346628679962,0.697464397360194,0.805616850551655,0.674504534766543,1.76190476190476,0.0821713147410359,0.302535602639806,0.1868139
shapes_6dof_events,25,MAD = 3,Sensitivity,MAD,3,1,3051,36,34,0.750712250712251,0.707066189624329,0.728235836020267,0.572618616443318,1.06666666666667,0.0752688172043011,0.292933810375671,0.2573028
shapes_6dof_events,25,MAD = 3.5,Sensitivity,MAD,3.5,1,3051,36,37,0.813865147198481,0.722901729228174,0.765691311145857,0.620340209916757,1.13333333333333,0.0898483080513419,0.277098270771826,0.2216151
shapes_6dof_events,25,MAD = 4,Sensitivity,MAD,4,1,3051,36,39,0.83713200379867,0.723727422003284,0.776309995596653,0.634400863620007,1.33333333333333,0.0788428814520703,0.276272577996716,0.1962163
shapes_6dof_events,25,p_in = 0.7,Sensitivity,p_in,0.7,1,3051,36,39,0.822886989553656,0.722685571309425,0.769538188277087,0.625405990617106,1.17647058823529,0.0802077322562031,0.277314428690575,0.2449485
shapes_6dof_events,25,p_in = 0.8,Sensitivity,p_in,0.8,1,3051,36,37,0.813865147198481,0.722901729228174,0.765691311145857,0.620340209916757,1.13333333333333,0.0898483080513419,0.277098270771826,0.2148718
shapes_6dof_events,25,p_in = 0.9,Sensitivity,p_in,0.9,1,3051,36,32,0.762108262108262,0.714285714285714,0.737422467263956,0.584061135371179,1,0.085981308411215,0.285714285714286,0.2869381
shapes_6dof_events,25,p_w = 0.7,Sensitivity,p_w,0.7,1,3051,36,35,0.814814814814815,0.725274725274725,0.767441860465116,0.622641509433962,1.2,0.0722610722610723,0.274725274725275,0.2492342
shapes_6dof_events,25,p_w = 0.8,Sensitivity,p_w,0.8,1,3051,36,37,0.813865147198481,0.722901729228174,0.765691311145857,0.620340209916757,1.13333333333333,0.0898483080513419,0.277098270771826,0.2263911
shapes_6dof_events,25,p_w = 0.9,Sensitivity,p_w,0.9,1,3051,36,33,0.773504273504274,0.714160455940377,0.742648734898564,0.590645395213923,1,0.0742786985880909,0.285839544059623,0.2024593
shapes_6dof_events,25,overlap = 0.7,Sensitivity,overlap,0.7,1,3051,36,37,0.813865147198481,0.722901729228174,0.765691311145857,0.620340209916757,1.13333333333333,0.0898483080513419,0.277098270771826,0.3138149
shapes_6dof_events,25,overlap = 0.8,Sensitivity,overlap,0.8,1,3051,36,37,0.813865147198481,0.722901729228174,0.765691311145857,0.620340209916757,1.13333333333333,0.0898483080513419,0.277098270771826,0.2640264
shapes_6dof_events,25,overlap = 0.9,Sensitivity,overlap,0.9,1,3051,36,38,0.813865147198481,0.718959731543624,0.76347438752784,0.617435158501441,1.14285714285714,0.0910151691948659,0.281040268456376,0.2494551
shapes_6dof_events,25,eps_s = 0.015,Sensitivity,eps_s,0.015,1,3051,36,36,0.761158594491928,0.719479353680431,0.739732348869405,0.586964481874771,1.26666666666667,0.0729881472239551,0.280520646319569,0.2402207
shapes_6dof_events,25,eps_s = 0.02,Sensitivity,eps_s,0.02,1,3051,36,37,0.813865147198481,0.722901729228174,0.765691311145857,0.620340209916757,1.13333333333333,0.0898483080513419,0.277098270771826,0.2409963
shapes_6dof_events,25,eps_s = 0.025,Sensitivity,eps_s,0.025,1,3051,36,30,0.814339981006648,0.726079593564776,0.767681289167413,0.622956774427897,1.23076923076923,0.137609329446064,0.273920406435224,0.1902873
shapes_6dof_events,25,eps_t = 0.005,Sensitivity,eps_t,0.005,1,3051,36,18,0.762108262108262,0.763921941932413,0.763014024245305,0.616833205226749,1.16666666666667,0.373831775700935,0.236078058067587,0.2589398
shapes_6dof_events,25,eps_t = 0.01,Sensitivity,eps_t,0.01,1,3051,36,29,0.743589743589744,0.716704805491991,0.729899790258681,0.574678899082569,1.07692307692308,0.109833971902937,0.283295194508009,0.2143378
shapes_6dof_events,25,eps_t = 0.015,Sensitivity,eps_t,0.015,1,3051,36,27,0.766856600189934,0.723890632003586,0.744754438551994,0.593313739897134,1.09090909090909,0.142414860681115,0.276109367996414,0.2084072
shapes_6dof_events,25,eps_t = 0.02,Sensitivity,eps_t,0.02,1,3051,36,37,0.813865147198481,0.722901729228174,0.765691311145857,0.620340209916757,1.13333333333333,0.0898483080513419,0.277098270771826,0.1979276
shapes_6dof_events,25,eps_t = 0.025,Sensitivity,eps_t,0.025,1,3051,36,37,0.813865147198481,0.722901729228174,0.765691311145857,0.620340209916757,1.13333333333333,0.0898483080513419,0.277098270771826,0.1970302
shapes_6dof_events,25,Event retention = 25%,Sparsity,retention,0.25,1,763,34,4,0.202729044834308,0.954128440366973,0.334405144694534,0.200772200772201,1.33333333333333,0.0480769230769231,0.0458715596330275,0.0685245
shapes_6dof_events,25,Event retention = 25%,Sparsity,retention,0.25,2,763,34,5,0.190283400809717,0.740157480314961,0.302737520128824,0.178368121442125,1,0,0.259842519685039,0.0632049
shapes_6dof_events,25,Event retention = 25%,Sparsity,retention,0.25,3,763,32,5,0.294007490636704,0.940119760479042,0.44793152639087,0.288602941176471,1,0.00636942675159236,0.0598802395209581,0.0413384
shapes_6dof_events,25,Event retention = 25%,Sparsity,retention,0.25,4,763,32,5,0.22879684418146,0.734177215189873,0.348872180451128,0.211293260473588,1,0.0517241379310345,0.265822784810127,0.0571553
shapes_6dof_events,25,Event retention = 25%,Sparsity,retention,0.25,5,763,35,5,0.171171171171171,0.753968253968254,0.279001468428781,0.162116040955631,1,0.0631578947368421,0.246031746031746,0.076466
shapes_6dof_events,25,Event retention = 50%,Sparsity,retention,0.5,1,1526,34,18,0.538090646094503,0.778242677824268,0.636259977194983,0.466555183946488,1.2,0.0268817204301075,0.221757322175732,0.1256357
shapes_6dof_events,25,Event retention = 50%,Sparsity,retention,0.5,2,1526,36,18,0.553008595988539,0.80979020979021,0.657207718501703,0.489433643279797,1.1,0.0449050086355786,0.19020979020979,0.135593
shapes_6dof_events,25,Event retention = 50%,Sparsity,retention,0.5,3,1526,34,15,0.49953314659197,0.784457478005865,0.610382201939532,0.439244663382594,1.125,0.0336448598130841,0.215542521994135,0.1260797
shapes_6dof_events,25,Event retention = 50%,Sparsity,retention,0.5,4,1526,35,18,0.570482497634816,0.74169741697417,0.644919786096257,0.475927387529597,1,0.0663349917081261,0.25830258302583,0.1118778
shapes_6dof_events,25,Event retention = 50%,Sparsity,retention,0.5,5,1526,34,24,0.626062322946176,0.747463359639233,0.681397738951696,0.516757599376461,1.22222222222222,0.0799396681749623,0.252536640360767,0.1137362
shapes_6dof_events,25,Event retention = 75%,Sparsity,retention,0.75,1,2288,36,36,0.790712468193384,0.726051401869159,0.75700365408039,0.609015188633023,1.29411764705882,0.0732099758648431,0.273948598130841,0.1254774
shapes_6dof_events,25,Event retention = 75%,Sparsity,retention,0.75,2,2288,36,34,0.713738019169329,0.691212871287129,0.702294875825212,0.541182170542636,1.25,0.0877350044762757,0.308787128712871,0.1480785
shapes_6dof_events,25,Event retention = 75%,Sparsity,retention,0.75,3,2288,36,31,0.753485424588086,0.734403953057443,0.743822333437598,0.592131474103586,1.2,0.0681244743481918,0.265596046942557,0.1287187
shapes_6dof_events,25,Event retention = 75%,Sparsity,retention,0.75,4,2288,36,29,0.769917144678139,0.712684365781711,0.740196078431373,0.587548638132296,1,0.0769867549668874,0.287315634218289,0.153655
shapes_6dof_events,25,Event retention = 75%,Sparsity,retention,0.75,5,2288,35,32,0.75796178343949,0.732307692307692,0.74491392801252,0.593516209476309,1.35714285714286,0.0714285714285714,0.267692307692308,0.1614784
shapes_6dof_events,25,Added events = 5%,AddedEvents,added-event ratio,0.05,1,3204,36,36,0.782526115859449,0.716521739130435,0.74807081252837,0.597534445250181,1.2,0.0879854368932039,0.283478260869565,0.2042151
shapes_6dof_events,25,Added events = 5%,AddedEvents,added-event ratio,0.05,2,3204,36,37,0.809116809116809,0.72572402044293,0.765154916928604,0.619636363636364,1.1875,0.0886150234741784,0.27427597955707,0.2198822
shapes_6dof_events,25,Added events = 5%,AddedEvents,added-event ratio,0.05,3,3204,36,38,0.813865147198481,0.719261435165757,0.763644464245935,0.617657657657658,1.125,0.0898483080513419,0.280738564834243,0.1915253
shapes_6dof_events,25,Added events = 5%,AddedEvents,added-event ratio,0.05,4,3204,36,31,0.782526115859449,0.724077328646749,0.752167959835692,0.602779809802487,1.07142857142857,0.0946601941747572,0.275922671353251,0.1843365
shapes_6dof_events,25,Added events = 5%,AddedEvents,added-event ratio,0.05,5,3204,36,38,0.816714150047483,0.719063545150502,0.764784348599377,0.619150467962563,1.1875,0.0819767441860465,0.280936454849498,0.1907681
shapes_6dof_events,25,Added events = 10%,AddedEvents,added-event ratio,0.1,1,3356,36,37,0.813865147198481,0.717755443886097,0.762794837561193,0.616546762589928,1.2,0.0822637106184364,0.282244556113903,0.2013139
shapes_6dof_events,25,Added events = 10%,AddedEvents,added-event ratio,0.1,2,3356,36,38,0.848528015194682,0.717382577278202,0.777463563193387,0.635943060498221,1.25,0.0839395635142697,0.282617422721798,0.2087545
shapes_6dof_events,25,Added events = 10%,AddedEvents,added-event ratio,0.1,3,3356,36,34,0.802469135802469,0.717013152312261,0.757338113376652,0.609448250991706,1.14285714285714,0.085207100591716,0.282986847687739,0.1966761
shapes_6dof_events,25,Added events = 10%,AddedEvents,added-event ratio,0.1,4,3356,36,34,0.800094966761633,0.71641156462585,0.755944369672499,0.607645149657411,1.07142857142857,0.0955489614243323,0.28358843537415,0.2012807
shapes_6dof_events,25,Added events = 10%,AddedEvents,added-event ratio,0.1,5,3356,36,36,0.797720797720798,0.727587700303162,0.761041902604756,0.614259597806216,1.16666666666667,0.0904761904761905,0.272412299696838,0.2239605
shapes_6dof_events,25,Added events = 20%,AddedEvents,added-event ratio,0.2,1,3661,36,38,0.844254510921178,0.720129607128392,0.777267759562841,0.635681086878799,1.1875,0.0804274465691789,0.279870392871608,0.2240264
shapes_6dof_events,25,Added events = 20%,AddedEvents,added-event ratio,0.2,2,3661,36,39,0.821462488129155,0.706122448979592,0.759438103599649,0.612172682236377,1.125,0.0930635838150289,0.293877551020408,0.2241184
shapes_6dof_events,25,Added events = 20%,AddedEvents,added-event ratio,0.2,3,3661,36,38,0.779202279202279,0.697704081632653,0.736204576043069,0.582534611288605,1.05882352941176,0.0816575258988421,0.302295918367347,0.2041379
shapes_6dof_events,25,Added events = 20%,AddedEvents,added-event ratio,0.2,4,3661,36,42,0.797720797720798,0.702928870292887,0.747330960854092,0.596590909090909,1.13333333333333,0.0803571428571429,0.297071129707113,0.2596801
shapes_6dof_events,25,Added events = 20%,AddedEvents,added-event ratio,0.2,5,3661,36,45,0.833808167141501,0.697378872120731,0.759515570934256,0.612273361227336,1.21052631578947,0.0831435079726651,0.302621127879269,0.2036716
shapes_6dof_events,25,Added events = 30%,AddedEvents,added-event ratio,0.3,1,3966,36,37,0.798670465337132,0.699376299376299,0.745732653513633,0.594556380346412,1.2,0.0826397146254459,0.300623700623701,0.2352761
shapes_6dof_events,25,Added events = 30%,AddedEvents,added-event ratio,0.3,2,3966,36,34,0.803418803418803,0.711821623895667,0.754851661833594,0.606234324614833,1.17647058823529,0.0673758865248227,0.288178376104333,0.211932
shapes_6dof_events,25,Added events = 30%,AddedEvents,added-event ratio,0.3,3,3966,36,37,0.815764482431149,0.697523345513601,0.752024513022543,0.602595580498071,1.13333333333333,0.10069848661234,0.302476654486399,0.2208193
shapes_6dof_events,25,Added events = 30%,AddedEvents,added-event ratio,0.3,4,3966,36,34,0.769705603038936,0.701124567474048,0.733816206428248,0.579549517340007,1.06666666666667,0.0876002467612584,0.298875432525952,0.2171312
shapes_6dof_events,25,Added events = 30%,AddedEvents,added-event ratio,0.3,5,3966,36,35,0.784900284900285,0.702507437314067,0.74142184346266,0.589094796863863,1.2,0.0774349667271628,0.297492562685933,0.2319655
shapes_6dof_events,25,Full LLGD runtime,Runtime,-,NaN,1,3051,36,37,0.813865147198481,0.722901729228174,0.765691311145857,0.620340209916757,1.13333333333333,0.0898483080513419,0.277098270771826,0.2021166
shapes_6dof_events,25,Full LLGD runtime,Runtime,-,NaN,2,3051,36,36,0.810541310541311,0.723611699872827,0.76461366181411,0.618926758520667,1.13333333333333,0.0843585237258347,0.276388300127173,0.1987142
shapes_6dof_events,25,Full LLGD runtime,Runtime,-,NaN,3,3051,36,38,0.814814814814815,0.720403022670025,0.764705882352941,0.619047619047619,1.125,0.0903263403263403,0.279596977329975,0.2201255
shapes_6dof_events,26,Full LLGD,Full,-,NaN,1,1921,34,25,0.764021887824897,0.855938697318008,0.807372605710155,0.676969696969697,1.17647058823529,0.0599820948970456,0.144061302681992,0.1163373
shapes_6dof_events,26,w/o weighted support,Ablation,UseWeights,0,1,1921,34,72,0.961012311901505,0.77240241891149,0.856446205425175,0.748933901918977,1.66666666666667,0.101779359430605,0.22759758108851,0.1786192
shapes_6dof_events,26,w/o local verification,Ablation,UseVerification,0,1,1921,34,27,0.813953488372093,0.851216022889843,0.832167832167832,0.712574850299401,1.11764705882353,0.0815126050420169,0.148783977110157,0.1190784
shapes_6dof_events,26,w/o global expansion,Ablation,UseGlobalExpansion,0,1,1921,34,61,0.551299589603283,0.860192102454643,0.671946644435181,0.505963590709353,3.05882352941176,0.0409429280397022,0.139807897545358,0.1836684
shapes_6dof_events,26,unit estimation weights,Ablation,UseWeights,0,1,1921,34,27,0.779753761969904,0.855213803450863,0.815742397137746,0.688821752265861,1.17647058823529,0.0763157894736842,0.144786196549137,0.2034765
shapes_6dof_events,26,unit support tests,Ablation,UseMultiplicitySupport,0,1,1921,34,62,0.93844049247606,0.770353733857383,0.846130126426149,0.733297701763763,1.5,0.0954810495626822,0.229646266142617,0.183523
shapes_6dof_events,26,MAD = 3,Sensitivity,MAD,3,1,1921,34,24,0.748974008207934,0.854134165366615,0.798104956268222,0.664038811400849,1.11764705882353,0.052054794520548,0.145865834633385,0.1571273
shapes_6dof_events,26,MAD = 3.5,Sensitivity,MAD,3.5,1,1921,34,25,0.764021887824897,0.855938697318008,0.807372605710155,0.676969696969697,1.17647058823529,0.0599820948970456,0.144061302681992,0.1206871
shapes_6dof_events,26,MAD = 4,Sensitivity,MAD,4,1,1921,34,27,0.784541723666211,0.850890207715134,0.816370106761566,0.689717378232111,1.23529411764706,0.053182214472537,0.149109792284866,0.1128257
shapes_6dof_events,26,p_in = 0.7,Sensitivity,p_in,0.7,1,1921,34,25,0.752393980848153,0.855365474339036,0.800582241630277,0.66747572815534,1.11764705882353,0.0527272727272727,0.144634525660964,0.125624
shapes_6dof_events,26,p_in = 0.8,Sensitivity,p_in,0.8,1,1921,34,25,0.764021887824897,0.855938697318008,0.807372605710155,0.676969696969697,1.17647058823529,0.0599820948970456,0.144061302681992,0.125147
shapes_6dof_events,26,p_in = 0.9,Sensitivity,p_in,0.9,1,1921,34,25,0.73187414500684,0.849206349206349,0.786186627479794,0.647699757869249,1.125,0.0719626168224299,0.150793650793651,0.1102669
shapes_6dof_events,26,p_w = 0.7,Sensitivity,p_w,0.7,1,1921,34,24,0.766073871409029,0.853008377760853,0.807207207207207,0.676737160120846,1.11764705882353,0.0553571428571429,0.146991622239147,0.1178498
shapes_6dof_events,26,p_w = 0.8,Sensitivity,p_w,0.8,1,1921,34,25,0.764021887824897,0.855938697318008,0.807372605710155,0.676969696969697,1.17647058823529,0.0599820948970456,0.144061302681992,0.1132606
shapes_6dof_events,26,p_w = 0.9,Sensitivity,p_w,0.9,1,1921,34,25,0.760601915184679,0.854727132974635,0.804922186029678,0.673531193216233,1.17647058823529,0.0584532374100719,0.145272867025365,0.1075151
shapes_6dof_events,26,overlap = 0.7,Sensitivity,overlap,0.7,1,1921,34,24,0.766073871409029,0.856269113149847,0.808664259927798,0.678787878787879,1.11764705882353,0.0553571428571429,0.143730886850153,0.1212541
shapes_6dof_events,26,overlap = 0.8,Sensitivity,overlap,0.8,1,1921,34,25,0.764021887824897,0.855938697318008,0.807372605710155,0.676969696969697,1.17647058823529,0.0599820948970456,0.144061302681992,0.1010663
shapes_6dof_events,26,overlap = 0.9,Sensitivity,overlap,0.9,1,1921,34,25,0.764021887824897,0.855938697318008,0.807372605710155,0.676969696969697,1.17647058823529,0.0599820948970456,0.144061302681992,0.1074225
shapes_6dof_events,26,eps_s = 0.015,Sensitivity,eps_s,0.015,1,1921,34,30,0.755813953488372,0.859253499222395,0.804221251819505,0.672550213024954,1.47058823529412,0.0524886877828055,0.140746500777605,0.1320404
shapes_6dof_events,26,eps_s = 0.02,Sensitivity,eps_s,0.02,1,1921,34,25,0.764021887824897,0.855938697318008,0.807372605710155,0.676969696969697,1.17647058823529,0.0599820948970456,0.144061302681992,0.1097895
shapes_6dof_events,26,eps_s = 0.025,Sensitivity,eps_s,0.025,1,1921,34,22,0.714774281805746,0.842741935483871,0.773501110288675,0.630657815328908,1.07142857142857,0.0822966507177033,0.157258064516129,0.1166656
shapes_6dof_events,26,eps_t = 0.005,Sensitivity,eps_t,0.005,1,1921,34,5,0.176470588235294,0.966292134831461,0.298438403701562,0.175390890550646,1,0.0891472868217055,0.0337078651685393,0.0847662
shapes_6dof_events,26,eps_t = 0.01,Sensitivity,eps_t,0.01,1,1921,34,23,0.698358413132695,0.846600331674959,0.765367316341829,0.619914996964177,1,0.0636630754162586,0.153399668325041,0.1287185
shapes_6dof_events,26,eps_t = 0.015,Sensitivity,eps_t,0.015,1,1921,34,22,0.722298221614227,0.854368932038835,0.782802075611564,0.643118148599269,1.0625,0.0378787878787878,0.145631067961165,0.1270402
shapes_6dof_events,26,eps_t = 0.02,Sensitivity,eps_t,0.02,1,1921,34,25,0.764021887824897,0.855938697318008,0.807372605710155,0.676969696969697,1.17647058823529,0.0599820948970456,0.144061302681992,0.1084111
shapes_6dof_events,26,eps_t = 0.025,Sensitivity,eps_t,0.025,1,1921,34,25,0.764021887824897,0.855938697318008,0.807372605710155,0.676969696969697,1.17647058823529,0.0599820948970456,0.144061302681992,0.1046762
shapes_6dof_events,26,Event retention = 25%,Sparsity,retention,0.25,1,480,34,3,0.137535816618911,0.905660377358491,0.238805970149254,0.135593220338983,1,0,0.0943396226415094,0.0351578
shapes_6dof_events,26,Event retention = 25%,Sparsity,retention,0.25,2,480,33,2,0.111731843575419,0.930232558139535,0.199501246882793,0.110803324099723,1,0.05,0.0697674418604651,0.036294
shapes_6dof_events,26,Event retention = 25%,Sparsity,retention,0.25,3,480,31,2,0.107238605898123,0.909090909090909,0.191846522781775,0.106100795755968,1,0,0.0909090909090909,0.0356815
shapes_6dof_events,26,Event retention = 25%,Sparsity,retention,0.25,4,480,31,0,0,0,0,0,NaN,NaN,0,0.0286136
shapes_6dof_events,26,Event retention = 25%,Sparsity,retention,0.25,5,480,31,2,0.043360433604336,1,0.0831168831168831,0.043360433604336,1,0,0,0.0254434
shapes_6dof_events,26,Event retention = 50%,Sparsity,retention,0.5,1,961,34,13,0.472375690607735,0.957983193277311,0.632747456059204,0.462787550744249,1.3,0.0409356725146199,0.0420168067226891,0.0674791
shapes_6dof_events,26,Event retention = 50%,Sparsity,retention,0.5,2,961,33,12,0.397790055248619,0.920127795527157,0.555448408871746,0.384512683578104,1.11111111111111,0.0625,0.0798722044728434,0.075647
shapes_6dof_events,26,Event retention = 50%,Sparsity,retention,0.5,3,961,33,7,0.313103448275862,0.930327868852459,0.468524251805986,0.305929919137466,1,0.0440528634361234,0.069672131147541,0.1013466
shapes_6dof_events,26,Event retention = 50%,Sparsity,retention,0.5,4,961,32,12,0.492537313432836,0.9453125,0.647636039250669,0.478891820580475,1.2,0.0606060606060606,0.0546875,0.0781357
shapes_6dof_events,26,Event retention = 50%,Sparsity,retention,0.5,5,961,33,12,0.385333333333333,0.903125,0.540186915887851,0.370038412291933,1,0.0726643598615917,0.096875,0.0813088
shapes_6dof_events,26,Event retention = 75%,Sparsity,retention,0.75,1,1441,34,17,0.682277318640955,0.895180722891566,0.774361646690985,0.631802721088435,1.14285714285714,0.0551816958277255,0.104819277108434,0.0942264
shapes_6dof_events,26,Event retention = 75%,Sparsity,retention,0.75,2,1441,34,21,0.695533272561531,0.891355140186916,0.781362007168459,0.641176470588235,1.13333333333333,0.0668414154652687,0.108644859813084,0.0722386
shapes_6dof_events,26,Event retention = 75%,Sparsity,retention,0.75,3,1441,34,18,0.689686924493554,0.884297520661157,0.774961200206932,0.632601351351351,1,0.0627503337783711,0.115702479338843,0.0960786
shapes_6dof_events,26,Event retention = 75%,Sparsity,retention,0.75,4,1441,34,17,0.558394160583942,0.865629420084866,0.678868552412646,0.513853904282116,1.08333333333333,0.0424836601307189,0.134370579915134,0.0969515
shapes_6dof_events,26,Event retention = 75%,Sparsity,retention,0.75,5,1441,34,20,0.66003616636528,0.861865407319953,0.747567844342038,0.596892886345053,1.14285714285714,0.0506849315068493,0.138134592680047,0.0957687
shapes_6dof_events,26,Added events = 5%,AddedEvents,added-event ratio,0.05,1,2017,34,24,0.767441860465116,0.851936218678816,0.807484706729039,0.677127338563669,1.11764705882353,0.0552584670231729,0.148063781321185,0.1213484
shapes_6dof_events,26,Added events = 5%,AddedEvents,added-event ratio,0.05,2,2017,34,24,0.764021887824897,0.852021357742182,0.805625676163,0.67451690821256,1.11764705882353,0.054610564010743,0.147978642257818,0.1212483
shapes_6dof_events,26,Added events = 5%,AddedEvents,added-event ratio,0.05,3,2017,34,24,0.764705882352941,0.853435114503817,0.806637806637807,0.675937122128174,1.11764705882353,0.0518783542039356,0.146564885496183,0.1105092
shapes_6dof_events,26,Added events = 5%,AddedEvents,added-event ratio,0.05,4,2017,34,23,0.733926128590971,0.848221343873518,0.786945361202787,0.648730350665054,1.125,0.0559179869524697,0.151778656126482,0.1124702
shapes_6dof_events,26,Added events = 5%,AddedEvents,added-event ratio,0.05,5,2017,34,25,0.732558139534884,0.8426435877262,0.783754116355653,0.644404332129964,1.25,0.0569561157796452,0.1573564122738,0.15211
shapes_6dof_events,26,Added events = 10%,AddedEvents,added-event ratio,0.1,1,2113,34,24,0.766073871409029,0.846560846560847,0.804308797127469,0.672672672672673,1.11764705882353,0.0535714285714286,0.153439153439153,0.109601
shapes_6dof_events,26,Added events = 10%,AddedEvents,added-event ratio,0.1,2,2113,34,24,0.755813953488372,0.848694316436252,0.799565846599132,0.666063893911995,1.11764705882353,0.0524886877828055,0.151305683563748,0.1181665
shapes_6dof_events,26,Added events = 10%,AddedEvents,added-event ratio,0.1,3,2113,34,24,0.765389876880985,0.845166163141994,0.803302225412778,0.67126574685063,1.11764705882353,0.0554066130473637,0.154833836858006,0.1272501
shapes_6dof_events,26,Added events = 10%,AddedEvents,added-event ratio,0.1,4,2113,34,24,0.761969904240766,0.834456928838951,0.796567751161959,0.661913250148544,1.11764705882353,0.0511669658886894,0.165543071161049,0.1502024
shapes_6dof_events,26,Added events = 10%,AddedEvents,added-event ratio,0.1,5,2113,34,24,0.764021887824897,0.84557153671461,0.802730865971973,0.67046818727491,1.11764705882353,0.0510295434198746,0.15442846328539,0.1578685
shapes_6dof_events,26,Added events = 20%,AddedEvents,added-event ratio,0.2,1,2305,34,26,0.729822161422709,0.839496459480724,0.780826930113429,0.640456182472989,1.25,0.0684161199625117,0.160503540519276,0.1427873
shapes_6dof_events,26,Added events = 20%,AddedEvents,added-event ratio,0.2,2,2305,34,25,0.795485636114911,0.851390922401171,0.822489391796322,0.698498498498499,1.05263157894737,0.056749785038693,0.148609077598829,0.1375764
shapes_6dof_events,26,Added events = 20%,AddedEvents,added-event ratio,0.2,3,2305,34,24,0.76265389876881,0.84855403348554,0.803314121037464,0.671282360024082,1.11764705882353,0.0627802690582959,0.15144596651446,0.1747109
shapes_6dof_events,26,Added events = 20%,AddedEvents,added-event ratio,0.2,4,2305,34,27,0.748290013679891,0.843484965304549,0.793040956868431,0.657057057057057,1.11764705882353,0.073126142595978,0.156515034695451,0.1744751
shapes_6dof_events,26,Added events = 20%,AddedEvents,added-event ratio,0.2,5,2305,34,26,0.797537619699042,0.857352941176471,0.82636428065202,0.704106280193237,1.16666666666667,0.0643224699828473,0.142647058823529,0.2179894
shapes_6dof_events,26,Added events = 30%,AddedEvents,added-event ratio,0.3,1,2497,34,26,0.74281805745554,0.82837528604119,0.783267219617742,0.643746295198577,1.3125,0.0561694290976059,0.17162471395881,0.1718415
shapes_6dof_events,26,Added events = 30%,AddedEvents,added-event ratio,0.3,2,2497,34,23,0.735294117647059,0.851822503961965,0.78928046989721,0.651910248635537,1.125,0.0558139534883721,0.148177496038035,0.1720625
shapes_6dof_events,26,Added events = 30%,AddedEvents,added-event ratio,0.3,3,2497,34,24,0.763337893296854,0.838467317806161,0.799140708915145,0.665474060822898,1.11764705882353,0.0555555555555556,0.161532682193839,0.1502502
shapes_6dof_events,26,Added events = 30%,AddedEvents,added-event ratio,0.3,4,2497,34,26,0.76812585499316,0.844360902255639,0.804441260744986,0.672857998801678,1.17647058823529,0.06233303650935,0.155639097744361,0.1340593
shapes_6dof_events,26,Added events = 30%,AddedEvents,added-event ratio,0.3,5,2497,34,26,0.792749658002736,0.809923130677848,0.801244382993432,0.668396770472895,1.11764705882353,0.0672993960310613,0.190076869322152,0.1482593
shapes_6dof_events,26,Full LLGD runtime,Runtime,-,NaN,1,1921,34,25,0.764021887824897,0.855938697318008,0.807372605710155,0.676969696969697,1.17647058823529,0.0599820948970456,0.144061302681992,0.1350045
shapes_6dof_events,26,Full LLGD runtime,Runtime,-,NaN,2,1921,34,24,0.764705882352941,0.854740061162079,0.807220216606498,0.676755447941889,1.11764705882353,0.0518783542039356,0.14525993883792,0.1095177
shapes_6dof_events,26,Full LLGD runtime,Runtime,-,NaN,3,1921,34,23,0.725034199726402,0.850722311396469,0.782865583456425,0.643203883495146,1.125,0.0537735849056604,0.149277688603531,0.1430758
shapes_6dof_events,27,Full LLGD,Full,-,NaN,1,2053,29,28,0.800141242937853,0.72674791533034,0.761680672268908,0.615092290988057,1.07142857142857,0.0406001765225066,0.27325208466966,0.1402392
shapes_6dof_events,27,w/o weighted support,Ablation,UseWeights,0,1,2053,29,56,0.961158192090395,0.698306824012314,0.808915304606241,0.679141716566866,1.625,0.0551065393093314,0.301693175987686,0.2326374
shapes_6dof_events,27,w/o local verification,Ablation,UseVerification,0,1,2053,29,30,0.809322033898305,0.730867346938776,0.768096514745308,0.623503808487486,1.14285714285714,0.0497382198952879,0.269132653061224,0.1647185
shapes_6dof_events,27,w/o global expansion,Ablation,UseGlobalExpansion,0,1,2053,29,82,0.636299435028249,0.732520325203252,0.681027966742252,0.516332378223496,4,0.0177580466148723,0.267479674796748,0.2853995
shapes_6dof_events,27,unit estimation weights,Ablation,UseWeights,0,1,2053,29,31,0.812853107344633,0.732188295165394,0.770414993306559,0.626565051714752,1,0.0616854908774979,0.267811704834606,0.3519803
shapes_6dof_events,27,unit support tests,Ablation,UseMultiplicitySupport,0,1,2053,29,55,0.951977401129944,0.698445595854922,0.805738194859534,0.674674674674675,1.625,0.0504451038575667,0.301554404145078,0.2874999
shapes_6dof_events,27,MAD = 3,Sensitivity,MAD,3,1,2053,29,28,0.782485875706215,0.724183006535948,0.752206381534284,0.602829162132753,1.07142857142857,0.0397111913357401,0.275816993464052,0.2498414
shapes_6dof_events,27,MAD = 3.5,Sensitivity,MAD,3.5,1,2053,29,28,0.800141242937853,0.72674791533034,0.761680672268908,0.615092290988057,1.07142857142857,0.0406001765225066,0.27325208466966,0.2803358
shapes_6dof_events,27,MAD = 4,Sensitivity,MAD,4,1,2053,29,28,0.811440677966102,0.72629582806574,0.766511007338226,0.621416982152515,1.07142857142857,0.0356832027850305,0.27370417193426,0.2483624
shapes_6dof_events,27,p_in = 0.7,Sensitivity,p_in,0.7,1,2053,29,31,0.806497175141243,0.725540025412961,0.763879598662207,0.617965367965368,1.21428571428571,0.0359019264448336,0.274459974587039,0.2169253
shapes_6dof_events,27,p_in = 0.8,Sensitivity,p_in,0.8,1,2053,29,28,0.800141242937853,0.72674791533034,0.761680672268908,0.615092290988057,1.07142857142857,0.0406001765225066,0.27325208466966,0.1664529
shapes_6dof_events,27,p_in = 0.9,Sensitivity,p_in,0.9,1,2053,29,27,0.800141242937853,0.72674791533034,0.761680672268908,0.615092290988057,1,0.0406001765225066,0.27325208466966,0.1982121
shapes_6dof_events,27,p_w = 0.7,Sensitivity,p_w,0.7,1,2053,29,32,0.807909604519774,0.722222222222222,0.762666666666667,0.616379310344828,1.14285714285714,0.0463286713286714,0.277777777777778,0.1860587
shapes_6dof_events,27,p_w = 0.8,Sensitivity,p_w,0.8,1,2053,29,28,0.800141242937853,0.72674791533034,0.761680672268908,0.615092290988057,1.07142857142857,0.0406001765225066,0.27325208466966,0.1911279
shapes_6dof_events,27,p_w = 0.9,Sensitivity,p_w,0.9,1,2053,29,29,0.804378531073446,0.725940089228808,0.763149078726968,0.617009750812568,1.07142857142857,0.0438981562774363,0.274059910771192,0.1973749
shapes_6dof_events,27,overlap = 0.7,Sensitivity,overlap,0.7,1,2053,29,28,0.800141242937853,0.72674791533034,0.761680672268908,0.615092290988057,1.07142857142857,0.0406001765225066,0.27325208466966,0.1761707
shapes_6dof_events,27,overlap = 0.8,Sensitivity,overlap,0.8,1,2053,29,28,0.800141242937853,0.72674791533034,0.761680672268908,0.615092290988057,1.07142857142857,0.0406001765225066,0.27325208466966,0.1670296
shapes_6dof_events,27,overlap = 0.9,Sensitivity,overlap,0.9,1,2053,29,28,0.800141242937853,0.72674791533034,0.761680672268908,0.615092290988057,1.07142857142857,0.0406001765225066,0.27325208466966,0.1750475
shapes_6dof_events,27,eps_s = 0.015,Sensitivity,eps_s,0.015,1,2053,29,32,0.800141242937853,0.727214377406932,0.761936785474109,0.615426398696361,1.14285714285714,0.0538393645189762,0.272785622593068,0.1218692
shapes_6dof_events,27,eps_s = 0.02,Sensitivity,eps_s,0.02,1,2053,29,28,0.800141242937853,0.72674791533034,0.761680672268908,0.615092290988057,1.07142857142857,0.0406001765225066,0.27325208466966,0.1145532
shapes_6dof_events,27,eps_s = 0.025,Sensitivity,eps_s,0.025,1,2053,29,27,0.80861581920904,0.733504163997438,0.769230769230769,0.625,1.07142857142857,0.0393013100436681,0.266495836002562,0.1184387
shapes_6dof_events,27,eps_t = 0.005,Sensitivity,eps_t,0.005,1,2053,29,7,0.363700564971751,0.820063694267516,0.503913894324853,0.336821451929366,1,0.312621359223301,0.179936305732484,0.1220692
shapes_6dof_events,27,eps_t = 0.01,Sensitivity,eps_t,0.01,1,2053,29,27,0.810028248587571,0.74,0.773432231962239,0.630566245189665,1.07142857142857,0.0470793374019181,0.26,0.1675148
shapes_6dof_events,27,eps_t = 0.015,Sensitivity,eps_t,0.015,1,2053,29,28,0.798728813559322,0.726863753213368,0.761103633916554,0.614340032590983,1.07142857142857,0.0459770114942529,0.273136246786632,0.1556677
shapes_6dof_events,27,eps_t = 0.02,Sensitivity,eps_t,0.02,1,2053,29,28,0.800141242937853,0.72674791533034,0.761680672268908,0.615092290988057,1.07142857142857,0.0406001765225066,0.27325208466966,0.1449337
shapes_6dof_events,27,eps_t = 0.025,Sensitivity,eps_t,0.025,1,2053,29,28,0.800141242937853,0.72674791533034,0.761680672268908,0.615092290988057,1.07142857142857,0.0406001765225066,0.27325208466966,0.1222832
shapes_6dof_events,27,Event retention = 25%,Sparsity,retention,0.25,1,513,24,4,0.188953488372093,0.833333333333333,0.308056872037915,0.182072829131653,1,0.0307692307692308,0.166666666666667,0.0375723
shapes_6dof_events,27,Event retention = 25%,Sparsity,retention,0.25,2,513,25,2,0.187845303867403,1,0.316279069767442,0.187845303867403,1,0.0294117647058824,0,0.0454545
shapes_6dof_events,27,Event retention = 25%,Sparsity,retention,0.25,3,513,25,4,0.230985915492958,0.901098901098901,0.367713004484305,0.225274725274725,1,0.024390243902439,0.0989010989010989,0.0256321
shapes_6dof_events,27,Event retention = 25%,Sparsity,retention,0.25,4,513,23,3,0.209302325581395,0.986301369863014,0.345323741007194,0.208695652173913,1,0.0416666666666666,0.0136986301369863,0.0321051
shapes_6dof_events,27,Event retention = 25%,Sparsity,retention,0.25,5,513,24,4,0.133522727272727,0.734375,0.225961538461538,0.127371273712737,1,0.0638297872340425,0.265625,0.0246862
shapes_6dof_events,27,Event retention = 50%,Sparsity,retention,0.5,1,1027,26,7,0.312769010043042,0.810408921933085,0.451345755693582,0.29144385026738,1,0.0871559633027523,0.189591078066914,0.0966
shapes_6dof_events,27,Event retention = 50%,Sparsity,retention,0.5,2,1027,26,11,0.510668563300142,0.81038374717833,0.62652705061082,0.456162642947903,1,0.0306406685236769,0.18961625282167,0.0690494
shapes_6dof_events,27,Event retention = 50%,Sparsity,retention,0.5,3,1027,28,14,0.498559077809798,0.835748792270531,0.624548736462094,0.454068241469816,1.25,0.0144508670520231,0.164251207729469,0.0755393
shapes_6dof_events,27,Event retention = 50%,Sparsity,retention,0.5,4,1027,26,11,0.447405329593268,0.855227882037534,0.587476979742173,0.415906127770535,1.28571428571429,0.0282131661442007,0.144772117962467,0.0980408
shapes_6dof_events,27,Event retention = 50%,Sparsity,retention,0.5,5,1027,26,10,0.310099573257468,0.683385579937304,0.426614481409002,0.271144278606965,1,0.0321100917431193,0.316614420062696,0.1066701
shapes_6dof_events,27,Event retention = 75%,Sparsity,retention,0.75,1,1540,29,26,0.71563981042654,0.745310957551826,0.730174081237911,0.575019040365575,1.33333333333333,0.0370860927152318,0.254689042448174,0.1079387
shapes_6dof_events,27,Event retention = 75%,Sparsity,retention,0.75,2,1540,29,20,0.630314232902033,0.731759656652361,0.677259185700099,0.512012012012012,1.1,0.0102639296187683,0.268240343347639,0.1180262
shapes_6dof_events,27,Event retention = 75%,Sparsity,retention,0.75,3,1540,27,23,0.712007504690432,0.753723932472691,0.732272069464544,0.577625570776256,1.08333333333333,0.0579710144927537,0.246276067527309,0.1140246
shapes_6dof_events,27,Event retention = 75%,Sparsity,retention,0.75,4,1540,29,25,0.754020813623463,0.74625468164794,0.750117647058823,0.600150602409639,1.15384615384615,0.041405269761606,0.25374531835206,0.0893835
shapes_6dof_events,27,Event retention = 75%,Sparsity,retention,0.75,5,1540,29,21,0.6480605487228,0.74945295404814,0.69507864028412,0.532659409020218,1.2,0.0262773722627737,0.25054704595186,0.1082589
shapes_6dof_events,27,Added events = 5%,AddedEvents,added-event ratio,0.05,1,2156,29,28,0.806497175141243,0.723242558581381,0.762604340567613,0.616297895304911,1.07142857142857,0.0402802101576182,0.276757441418619,0.1248984
shapes_6dof_events,27,Added events = 5%,AddedEvents,added-event ratio,0.05,2,2156,29,27,0.799435028248588,0.725641025641026,0.760752688172043,0.613882863340564,1.07142857142857,0.0388692579505301,0.274358974358974,0.121699
shapes_6dof_events,27,Added events = 5%,AddedEvents,added-event ratio,0.05,3,2156,29,31,0.815677966101695,0.720074812967581,0.764900662251656,0.619302949061662,1.14285714285714,0.0450216450216451,0.279925187032419,0.1081139
shapes_6dof_events,27,Added events = 5%,AddedEvents,added-event ratio,0.05,4,2156,29,30,0.810028248587571,0.721837633731907,0.763394342762063,0.617330462863294,1.07142857142857,0.048823016564952,0.278162366268093,0.1164307
shapes_6dof_events,27,Added events = 5%,AddedEvents,added-event ratio,0.05,5,2156,29,27,0.800847457627119,0.728323699421965,0.762865792129163,0.616639477977161,1.07692307692308,0.0520282186948854,0.271676300578035,0.1245261
shapes_6dof_events,27,Added events = 10%,AddedEvents,added-event ratio,0.1,1,2258,29,28,0.799435028248588,0.729851708575113,0.763060330299966,0.616893732970027,1.07142857142857,0.0388692579505301,0.270148291424887,0.1218128
shapes_6dof_events,27,Added events = 10%,AddedEvents,added-event ratio,0.1,2,2258,29,29,0.805790960451977,0.730941704035874,0.766543500167954,0.621459694989107,1.07142857142857,0.0438212094653813,0.269058295964126,0.1300151
shapes_6dof_events,27,Added events = 10%,AddedEvents,added-event ratio,0.1,3,2258,29,29,0.800141242937853,0.717542748575048,0.756594323873122,0.608485499462943,1.07142857142857,0.0406001765225066,0.282457251424952,0.1321583
shapes_6dof_events,27,Added events = 10%,AddedEvents,added-event ratio,0.1,4,2258,29,31,0.810028248587571,0.721383647798742,0.763140385894877,0.616998386229155,1.21428571428571,0.050566695727986,0.278616352201258,0.1155703
shapes_6dof_events,27,Added events = 10%,AddedEvents,added-event ratio,0.1,5,2258,29,28,0.798022598870056,0.720203951561504,0.757118927973199,0.609164420485175,1.07142857142857,0.0389380530973451,0.279796048438496,0.1133777
shapes_6dof_events,27,Added events = 20%,AddedEvents,added-event ratio,0.2,1,2464,29,31,0.811440677966102,0.712779156327543,0.75891677675033,0.61149547631719,1.21428571428571,0.0478677110530896,0.287220843672457,0.1383153
shapes_6dof_events,27,Added events = 20%,AddedEvents,added-event ratio,0.2,2,2464,29,30,0.810028248587571,0.715533374922021,0.759854256376284,0.612713675213675,1.21428571428571,0.041848299912816,0.284466625077979,0.1431552
shapes_6dof_events,27,Added events = 20%,AddedEvents,added-event ratio,0.2,3,2464,29,29,0.800141242937853,0.715277777777778,0.755333333333333,0.606855918585967,1.07142857142857,0.0406001765225066,0.284722222222222,0.1274052
shapes_6dof_events,27,Added events = 20%,AddedEvents,added-event ratio,0.2,4,2464,29,32,0.809322033898305,0.718045112781955,0.760956175298805,0.614147909967846,1.28571428571429,0.0497382198952879,0.281954887218045,0.1246397
shapes_6dof_events,27,Added events = 20%,AddedEvents,added-event ratio,0.2,5,2464,29,30,0.805790960451977,0.722609246358455,0.761936560934891,0.615426105717368,1.14285714285714,0.0438212094653813,0.277390753641545,0.1188525
shapes_6dof_events,27,Added events = 30%,AddedEvents,added-event ratio,0.3,1,2669,29,29,0.805084745762712,0.728900255754476,0.765100671140939,0.619565217391304,1.21428571428571,0.0394736842105263,0.271099744245524,0.1445878
shapes_6dof_events,27,Added events = 30%,AddedEvents,added-event ratio,0.3,2,2669,29,30,0.80861581920904,0.709417596034696,0.755775577557756,0.607427055702918,1.07142857142857,0.040174672489083,0.290582403965304,0.1397443
shapes_6dof_events,27,Added events = 30%,AddedEvents,added-event ratio,0.3,3,2669,29,31,0.800847457627119,0.707423580786026,0.751242133156674,0.60159151193634,1.07142857142857,0.0388007054673721,0.292576419213974,0.1300646
shapes_6dof_events,27,Added events = 30%,AddedEvents,added-event ratio,0.3,4,2669,29,30,0.810734463276836,0.718847839699436,0.762031198141387,0.615549597855228,1.14285714285714,0.0365853658536586,0.281152160300564,0.1420911
shapes_6dof_events,27,Added events = 30%,AddedEvents,added-event ratio,0.3,5,2669,29,30,0.88135593220339,0.732394366197183,0.8,0.666666666666667,1.06666666666667,0.0384615384615384,0.267605633802817,0.1468208
shapes_6dof_events,27,Full LLGD runtime,Runtime,-,NaN,1,2053,29,28,0.800141242937853,0.72674791533034,0.761680672268908,0.615092290988057,1.07142857142857,0.0406001765225066,0.27325208466966,0.109364
shapes_6dof_events,27,Full LLGD runtime,Runtime,-,NaN,2,2053,29,29,0.804378531073446,0.725940089228808,0.763149078726968,0.617009750812568,1.07142857142857,0.0438981562774363,0.274059910771192,0.1200829
shapes_6dof_events,27,Full LLGD runtime,Runtime,-,NaN,3,2053,29,28,0.800141242937853,0.72674791533034,0.761680672268908,0.615092290988057,1.07142857142857,0.0406001765225066,0.27325208466966,0.1185067
shapes_6dof_events,28,Full LLGD,Full,-,NaN,1,1832,30,21,0.625275532696547,0.74780316344464,0.681072428971589,0.516383495145631,1.08333333333333,0.0423031727379554,0.25219683655536,0.1354887
shapes_6dof_events,28,w/o weighted support,Ablation,UseWeights,0,1,1832,30,61,0.944158706833211,0.746658919233004,0.833874107722258,0.715080690038954,1.89473684210526,0.0731517509727626,0.253341080766996,0.1243676
shapes_6dof_events,28,w/o local verification,Ablation,UseVerification,0,1,1832,30,26,0.830271858927259,0.791316526610644,0.810326281821441,0.681133212778782,1,0.0575221238938053,0.208683473389356,0.1050471
shapes_6dof_events,28,w/o global expansion,Ablation,UseGlobalExpansion,0,1,1832,30,45,0.40852314474651,0.761643835616438,0.531802965088474,0.362214983713355,2.58333333333333,0.0377697841726619,0.238356164383562,0.1574959
shapes_6dof_events,28,unit estimation weights,Ablation,UseWeights,0,1,1832,30,23,0.630418809698751,0.742214532871972,0.68176400476758,0.517179023508137,1,0.034965034965035,0.257785467128028,0.150535
shapes_6dof_events,28,unit support tests,Ablation,UseMultiplicitySupport,0,1,1832,30,58,0.939750183688464,0.740590619571511,0.828367875647669,0.70702045328911,1.47619047619048,0.0562939796716184,0.259409380428489,0.1338425
shapes_6dof_events,28,MAD = 3,Sensitivity,MAD,3,1,1832,30,21,0.609110947832476,0.761248852157943,0.676734693877551,0.511412708204812,1.08333333333333,0.0410132689987938,0.238751147842057,0.1665324
shapes_6dof_events,28,MAD = 3.5,Sensitivity,MAD,3.5,1,1832,30,21,0.625275532696547,0.74780316344464,0.681072428971589,0.516383495145631,1.08333333333333,0.0423031727379554,0.25219683655536,0.1411267
shapes_6dof_events,28,MAD = 4,Sensitivity,MAD,4,1,1832,30,21,0.648787656135195,0.766493055555556,0.702745722244329,0.541717791411043,1.08333333333333,0.0396375990939978,0.233506944444444,0.1310776
shapes_6dof_events,28,p_in = 0.7,Sensitivity,p_in,0.7,1,1832,30,23,0.635562086700955,0.751520417028671,0.688694267515923,0.525197328476017,1.16666666666667,0.0416184971098266,0.248479582971329,0.1242872
shapes_6dof_events,28,p_in = 0.8,Sensitivity,p_in,0.8,1,1832,30,21,0.625275532696547,0.74780316344464,0.681072428971589,0.516383495145631,1.08333333333333,0.0423031727379554,0.25219683655536,0.1447197
shapes_6dof_events,28,p_in = 0.9,Sensitivity,p_in,0.9,1,1832,30,21,0.62747979426892,0.749780509218613,0.6832,0.518833535844471,1.08333333333333,0.0421545667447307,0.250219490781387,0.1519149
shapes_6dof_events,28,p_w = 0.7,Sensitivity,p_w,0.7,1,1832,30,21,0.626010286554004,0.748024582967515,0.6816,0.516990291262136,1.08333333333333,0.0422535211267606,0.251975417032485,0.1429719
shapes_6dof_events,28,p_w = 0.8,Sensitivity,p_w,0.8,1,1832,30,21,0.625275532696547,0.74780316344464,0.681072428971589,0.516383495145631,1.08333333333333,0.0423031727379554,0.25219683655536,0.1308228
shapes_6dof_events,28,p_w = 0.9,Sensitivity,p_w,0.9,1,1832,30,22,0.621601763409258,0.746031746031746,0.67815631262525,0.513038204972711,1.08333333333333,0.0425531914893617,0.253968253968254,0.1369825
shapes_6dof_events,28,overlap = 0.7,Sensitivity,overlap,0.7,1,1832,30,20,0.618662747979427,0.747779751332149,0.677121029352634,0.511854103343465,1,0.0368171021377672,0.252220248667851,0.1797767
shapes_6dof_events,28,overlap = 0.8,Sensitivity,overlap,0.8,1,1832,30,21,0.625275532696547,0.74780316344464,0.681072428971589,0.516383495145631,1.08333333333333,0.0423031727379554,0.25219683655536,0.1813978
shapes_6dof_events,28,overlap = 0.9,Sensitivity,overlap,0.9,1,1832,30,21,0.625275532696547,0.74780316344464,0.681072428971589,0.516383495145631,1.08333333333333,0.0423031727379554,0.25219683655536,0.2021111
shapes_6dof_events,28,eps_s = 0.015,Sensitivity,eps_s,0.015,1,1832,30,20,0.603232916972814,0.759481961147086,0.672399672399672,0.506477483035163,1.09090909090909,0.0426309378806333,0.240518038852914,0.2004078
shapes_6dof_events,28,eps_s = 0.02,Sensitivity,eps_s,0.02,1,1832,30,21,0.625275532696547,0.74780316344464,0.681072428971589,0.516383495145631,1.08333333333333,0.0423031727379554,0.25219683655536,0.1475207
shapes_6dof_events,28,eps_s = 0.025,Sensitivity,eps_s,0.025,1,1832,30,20,0.629684055841293,0.751095530236635,0.685051958433253,0.5209726443769,1,0.0350058343057176,0.248904469763365,0.1477193
shapes_6dof_events,28,eps_t = 0.005,Sensitivity,eps_t,0.005,1,1832,30,5,0.237325495958854,0.875338753387534,0.373410404624277,0.22956645344705,1,0.0278637770897833,0.124661246612466,0.0937324
shapes_6dof_events,28,eps_t = 0.01,Sensitivity,eps_t,0.01,1,1832,30,21,0.60470242468773,0.744796380090498,0.667477696674777,0.500912964090079,1,0.0267314702308628,0.255203619909502,0.1554524
shapes_6dof_events,28,eps_t = 0.015,Sensitivity,eps_t,0.015,1,1832,30,22,0.626745040411462,0.743031358885017,0.679952172180151,0.515096618357488,1.08333333333333,0.0304806565064478,0.256968641114983,0.177626
shapes_6dof_events,28,eps_t = 0.02,Sensitivity,eps_t,0.02,1,1832,30,21,0.625275532696547,0.74780316344464,0.681072428971589,0.516383495145631,1.08333333333333,0.0423031727379554,0.25219683655536,0.1542487
shapes_6dof_events,28,eps_t = 0.025,Sensitivity,eps_t,0.025,1,1832,30,21,0.625275532696547,0.74780316344464,0.681072428971589,0.516383495145631,1.08333333333333,0.0423031727379554,0.25219683655536,0.154792
shapes_6dof_events,28,Event retention = 25%,Sparsity,retention,0.25,1,458,26,2,0.0626865671641791,0.724137931034483,0.115384615384615,0.0612244897959184,1,0.142857142857143,0.275862068965517,0.0314962
shapes_6dof_events,28,Event retention = 25%,Sparsity,retention,0.25,2,458,28,3,0.198224852071006,0.985294117647059,0.330049261083744,0.1976401179941,1,0.0447761194029851,0.0147058823529412,0.0282118
shapes_6dof_events,28,Event retention = 25%,Sparsity,retention,0.25,3,458,27,4,0.265486725663717,0.978260869565217,0.417633410672854,0.263929618768328,1,0.0333333333333333,0.0217391304347826,0.0283493
shapes_6dof_events,28,Event retention = 25%,Sparsity,retention,0.25,4,458,27,1,0,0,0,0,NaN,NaN,1,0.029045
shapes_6dof_events,28,Event retention = 25%,Sparsity,retention,0.25,5,458,29,2,0.119186046511628,0.891304347826087,0.21025641025641,0.117478510028653,1,0,0.108695652173913,0.0295157
shapes_6dof_events,28,Event retention = 50%,Sparsity,retention,0.5,1,916,28,6,0.299093655589124,0.849785407725322,0.442458100558659,0.284074605451937,1,0.0606060606060606,0.150214592274678,0.0639579
shapes_6dof_events,28,Event retention = 50%,Sparsity,retention,0.5,2,916,28,4,0.229317851959361,0.835978835978836,0.359908883826879,0.219444444444444,1,0.0316455696202531,0.164021164021164,0.0523597
shapes_6dof_events,28,Event retention = 50%,Sparsity,retention,0.5,3,916,28,8,0.436578171091445,0.888888888888889,0.585558852621167,0.413986013986014,1.16666666666667,0.0371621621621622,0.111111111111111,0.0511675
shapes_6dof_events,28,Event retention = 50%,Sparsity,retention,0.5,4,916,30,7,0.23342939481268,0.743119266055046,0.355263157894737,0.216,1,0.0493827160493827,0.256880733944954,0.0633272
shapes_6dof_events,28,Event retention = 50%,Sparsity,retention,0.5,5,916,29,10,0.458272327964861,0.912536443148688,0.610136452241715,0.438990182328191,1,0.0415335463258786,0.0874635568513119,0.051397
shapes_6dof_events,28,Event retention = 75%,Sparsity,retention,0.75,1,1374,30,16,0.533333333333333,0.807017543859649,0.642233856893543,0.473007712082262,1,0.0326086956521739,0.192982456140351,0.1778166
shapes_6dof_events,28,Event retention = 75%,Sparsity,retention,0.75,2,1374,30,20,0.612778315585673,0.78927680798005,0.68991825613079,0.526622296173045,1.18181818181818,0.0315955766192733,0.21072319201995,0.1272183
shapes_6dof_events,28,Event retention = 75%,Sparsity,retention,0.75,3,1374,30,16,0.530155642023346,0.781922525107604,0.631884057971014,0.461864406779661,1,0.0330275229357798,0.218077474892396,0.0943909
shapes_6dof_events,28,Event retention = 75%,Sparsity,retention,0.75,4,1374,29,16,0.560319042871386,0.778393351800554,0.651594202898551,0.48323301805675,1.11111111111111,0.0516014234875445,0.221606648199446,0.1103637
shapes_6dof_events,28,Event retention = 75%,Sparsity,retention,0.75,5,1374,28,13,0.471106758080313,0.746894409937888,0.577777777777778,0.40625,1,0.0478170478170478,0.253105590062112,0.1231932
shapes_6dof_events,28,Added events = 5%,AddedEvents,added-event ratio,0.05,1,1924,30,24,0.645113886847906,0.753648068669528,0.695170229612035,0.532766990291262,1.16666666666667,0.0421412300683371,0.246351931330472,0.167872
shapes_6dof_events,28,Added events = 5%,AddedEvents,added-event ratio,0.05,2,1924,30,21,0.63409257898604,0.746539792387543,0.685736988478347,0.521765417170496,1.08333333333333,0.0417149478563151,0.253460207612457,0.1555139
shapes_6dof_events,28,Added events = 5%,AddedEvents,added-event ratio,0.05,3,1924,30,22,0.62747979426892,0.751099384344767,0.683746997598079,0.519464720194647,1.08333333333333,0.0421545667447307,0.248900615655233,0.1422997
shapes_6dof_events,28,Added events = 5%,AddedEvents,added-event ratio,0.05,4,1924,30,23,0.631153563556209,0.747606614447346,0.684462151394422,0.520290732889158,1.16666666666667,0.0419091967403958,0.252393385552655,0.1501107
shapes_6dof_events,28,Added events = 5%,AddedEvents,added-event ratio,0.05,5,1924,30,24,0.644379132990448,0.752144082332762,0.694103680253265,0.531515151515151,1.16666666666667,0.0364880273660205,0.247855917667238,0.1272126
shapes_6dof_events,28,Added events = 10%,AddedEvents,added-event ratio,0.1,1,2015,30,21,0.624540778839089,0.750220653133274,0.681635926222935,0.517031630170316,1.08333333333333,0.0423529411764706,0.249779346866726,0.1576895
shapes_6dof_events,28,Added events = 10%,AddedEvents,added-event ratio,0.1,2,2015,30,22,0.635562086700955,0.752828546562228,0.689243027888446,0.525835866261398,1.08333333333333,0.0404624277456648,0.247171453437772,0.1450955
shapes_6dof_events,28,Added events = 10%,AddedEvents,added-event ratio,0.1,3,2015,30,21,0.625275532696547,0.745836985100789,0.680255795363709,0.515445184736523,1.08333333333333,0.0423031727379554,0.254163014899211,0.1441469
shapes_6dof_events,28,Added events = 10%,AddedEvents,added-event ratio,0.1,4,2015,30,27,0.639970609845702,0.739388794567063,0.686096888538795,0.522182254196643,1.18181818181818,0.0459242250287026,0.260611205432937,0.134542
shapes_6dof_events,28,Added events = 10%,AddedEvents,added-event ratio,0.1,5,2015,30,22,0.639970609845702,0.770114942528736,0.699036918138042,0.537322640345466,1.16666666666667,0.0390355912743973,0.229885057471264,0.1677566
shapes_6dof_events,28,Added events = 20%,AddedEvents,added-event ratio,0.2,1,2198,30,23,0.637766348273328,0.745704467353952,0.687524752475248,0.523838261919131,1.08333333333333,0.0391705069124424,0.254295532646048,0.1681895
shapes_6dof_events,28,Added events = 20%,AddedEvents,added-event ratio,0.2,2,2198,30,21,0.609110947832476,0.752268602540835,0.673162809581811,0.50734394124847,1.09090909090909,0.0530759951749096,0.247731397459165,0.1626117
shapes_6dof_events,28,Added events = 20%,AddedEvents,added-event ratio,0.2,3,2198,30,26,0.651726671565026,0.741638795986622,0.693781775518185,0.531137724550898,1.14285714285714,0.0293122886133033,0.258361204013378,0.1640868
shapes_6dof_events,28,Added events = 20%,AddedEvents,added-event ratio,0.2,4,2198,30,21,0.62747979426892,0.739393939393939,0.678855325914149,0.513838748495788,1.08333333333333,0.0421545667447307,0.260606060606061,0.1488614
shapes_6dof_events,28,Added events = 20%,AddedEvents,added-event ratio,0.2,5,2198,30,22,0.634827332843497,0.741630901287554,0.684085510688836,0.51985559566787,1.08333333333333,0.0416666666666666,0.258369098712446,0.1444208
shapes_6dof_events,28,Added events = 30%,AddedEvents,added-event ratio,0.3,1,2382,30,24,0.64364437913299,0.743633276740238,0.690035447026388,0.526758869512928,1.25,0.041095890410959,0.256366723259762,0.167384
shapes_6dof_events,28,Added events = 30%,AddedEvents,added-event ratio,0.3,2,2382,30,21,0.654665686994857,0.72557003257329,0.6882966396292,0.524734982332155,1,0.0505050505050505,0.27442996742671,0.1764187
shapes_6dof_events,28,Added events = 30%,AddedEvents,added-event ratio,0.3,3,2382,30,23,0.61425422483468,0.728222996515679,0.666400956556397,0.499701135684399,1.16666666666667,0.0466507177033493,0.271777003484321,0.1582111
shapes_6dof_events,28,Added events = 30%,AddedEvents,added-event ratio,0.3,4,2382,30,24,0.65686994856723,0.752525252525252,0.701451549627305,0.540181268882175,1.30769230769231,0.0458612975391499,0.247474747474747,0.1462022
shapes_6dof_events,28,Added events = 30%,AddedEvents,added-event ratio,0.3,5,2382,30,20,0.657604702424688,0.759762308998302,0.705001969279244,0.544403892944039,1,0.0513966480446927,0.240237691001698,0.1734844
shapes_6dof_events,28,Full LLGD runtime,Runtime,-,NaN,1,1832,30,21,0.625275532696547,0.74780316344464,0.681072428971589,0.516383495145631,1.08333333333333,0.0423031727379554,0.25219683655536,0.1334439
shapes_6dof_events,28,Full LLGD runtime,Runtime,-,NaN,2,1832,30,21,0.631153563556209,0.754833040421793,0.687474989995998,0.523780487804878,1.08333333333333,0.0419091967403958,0.245166959578207,0.1409895
shapes_6dof_events,28,Full LLGD runtime,Runtime,-,NaN,3,1832,30,21,0.625275532696547,0.749119718309859,0.681617941529836,0.517010935601458,1.08333333333333,0.0423031727379554,0.250880281690141,0.1409815
shapes_6dof_events,29,Full LLGD,Full,-,NaN,1,3438,33,36,0.88314332247557,0.7645400070497,0.819573020971094,0.694302176696543,1.2,0.123098201936376,0.2354599929503,0.1542113
shapes_6dof_events,29,w/o weighted support,Ablation,UseWeights,0,1,3438,33,68,0.958469055374593,0.726767520839765,0.826690079016681,0.704579467225382,1.63636363636364,0.112999150382328,0.273232479160235,0.2248693
shapes_6dof_events,29,w/o local verification,Ablation,UseVerification,0,1,3438,33,33,0.877442996742671,0.76175326970661,0.815515610217597,0.688498402555911,1,0.116473317865429,0.23824673029339,0.1687406
shapes_6dof_events,29,w/o global expansion,Ablation,UseGlobalExpansion,0,1,3438,33,142,0.845684039087948,0.76727004063539,0.804570985860934,0.673039533376539,4.20833333333333,0.052961001444391,0.23272995936461,0.2262992
shapes_6dof_events,29,unit estimation weights,Ablation,UseWeights,0,1,3438,33,40,0.894543973941368,0.758894645941278,0.821154924313213,0.696575776791376,1.3125,0.116067364588075,0.241105354058722,0.1823758
shapes_6dof_events,29,unit support tests,Ablation,UseMultiplicitySupport,0,1,3438,33,68,0.960097719869707,0.728902627511592,0.828676858197153,0.707470747074707,1.52380952380952,0.128074639525021,0.271097372488408,0.1818129
shapes_6dof_events,29,MAD = 3,Sensitivity,MAD,3,1,3438,33,33,0.848127035830619,0.756354393609296,0.799616122840691,0.666133674448353,1.06666666666667,0.131060969755161,0.243645606390704,0.2516495
shapes_6dof_events,29,MAD = 3.5,Sensitivity,MAD,3.5,1,3438,33,36,0.88314332247557,0.7645400070497,0.819573020971094,0.694302176696543,1.2,0.123098201936376,0.2354599929503,0.1716118
shapes_6dof_events,29,MAD = 4,Sensitivity,MAD,4,1,3438,33,37,0.883957654723127,0.760686755430974,0.817702448210923,0.691621535520866,1.14285714285714,0.115614923998158,0.239313244569026,0.1863539
shapes_6dof_events,29,p_in = 0.7,Sensitivity,p_in,0.7,1,3438,33,40,0.885586319218241,0.76128806440322,0.818746470920384,0.693116634799235,1.3125,0.114942528735632,0.23871193559678,0.214032
shapes_6dof_events,29,p_in = 0.8,Sensitivity,p_in,0.8,1,3438,33,36,0.88314332247557,0.7645400070497,0.819573020971094,0.694302176696543,1.2,0.123098201936376,0.2354599929503,0.2197172
shapes_6dof_events,29,p_in = 0.9,Sensitivity,p_in,0.9,1,3438,33,35,0.867263843648209,0.763988522238164,0.812356979405034,0.684007707129094,1.11764705882353,0.107981220657277,0.236011477761836,0.177576
shapes_6dof_events,29,p_w = 0.7,Sensitivity,p_w,0.7,1,3438,33,31,0.875407166123778,0.766761768901569,0.817490494296578,0.691318327974277,1.06666666666667,0.12046511627907,0.233238231098431,0.16021
shapes_6dof_events,29,p_w = 0.8,Sensitivity,p_w,0.8,1,3438,33,36,0.88314332247557,0.7645400070497,0.819573020971094,0.694302176696543,1.2,0.123098201936376,0.2354599929503,0.1591117
shapes_6dof_events,29,p_w = 0.9,Sensitivity,p_w,0.9,1,3438,33,37,0.889657980456026,0.766129032258065,0.8232856066315,0.699647774575728,1.33333333333333,0.130434782608696,0.233870967741935,0.1613101
shapes_6dof_events,29,overlap = 0.7,Sensitivity,overlap,0.7,1,3438,33,36,0.88314332247557,0.7645400070497,0.819573020971094,0.694302176696543,1.2,0.123098201936376,0.2354599929503,0.1622817
shapes_6dof_events,29,overlap = 0.8,Sensitivity,overlap,0.8,1,3438,33,36,0.88314332247557,0.7645400070497,0.819573020971094,0.694302176696543,1.2,0.123098201936376,0.2354599929503,0.1603169
shapes_6dof_events,29,overlap = 0.9,Sensitivity,overlap,0.9,1,3438,33,36,0.883957654723127,0.764705882352941,0.820018885741265,0.6949423815621,1.2,0.122984799631506,0.235294117647059,0.166513
shapes_6dof_events,29,eps_s = 0.015,Sensitivity,eps_s,0.015,1,3438,33,45,0.870114006514658,0.762941806497679,0.813011223131063,0.684935897435897,1.35,0.0818905007019186,0.237058193502321,0.1761289
shapes_6dof_events,29,eps_s = 0.02,Sensitivity,eps_s,0.02,1,3438,33,36,0.88314332247557,0.7645400070497,0.819573020971094,0.694302176696543,1.2,0.123098201936376,0.2354599929503,0.1780914
shapes_6dof_events,29,eps_s = 0.025,Sensitivity,eps_s,0.025,1,3438,33,38,0.883957654723127,0.744768439108062,0.808415565071681,0.6784375,1.16666666666667,0.122984799631506,0.255231560891938,0.1469084
shapes_6dof_events,29,eps_t = 0.005,Sensitivity,eps_t,0.005,1,3438,33,16,0.773208469055375,0.777959852519459,0.775576883806412,0.633422281521014,1,0.448657187993681,0.222040147480541,0.26634
shapes_6dof_events,29,eps_t = 0.01,Sensitivity,eps_t,0.01,1,3438,33,18,0.784201954397394,0.747961165048544,0.765652951699463,0.620289855072464,1.16666666666667,0.276220145379024,0.252038834951456,0.227132
shapes_6dof_events,29,eps_t = 0.015,Sensitivity,eps_t,0.015,1,3438,33,37,0.875407166123778,0.759985860728173,0.813623462630085,0.685805422647528,1.28571428571429,0.132558139534884,0.240014139271827,0.1845594
shapes_6dof_events,29,eps_t = 0.02,Sensitivity,eps_t,0.02,1,3438,33,36,0.88314332247557,0.7645400070497,0.819573020971094,0.694302176696543,1.2,0.123098201936376,0.2354599929503,0.1619669
shapes_6dof_events,29,eps_t = 0.025,Sensitivity,eps_t,0.025,1,3438,33,36,0.88314332247557,0.7645400070497,0.819573020971094,0.694302176696543,1.2,0.123098201936376,0.2354599929503,0.1812819
shapes_6dof_events,29,Event retention = 25%,Sparsity,retention,0.25,1,860,31,4,0.236628849270664,0.768421052631579,0.36183395291202,0.220877458396369,1,0.047945205479452,0.231578947368421,0.0706885
shapes_6dof_events,29,Event retention = 25%,Sparsity,retention,0.25,2,860,32,4,0.222940226171244,0.878980891719745,0.355670103092784,0.216300940438871,1.33333333333333,0.0144927536231884,0.121019108280255,0.0557337
shapes_6dof_events,29,Event retention = 25%,Sparsity,retention,0.25,3,860,31,2,0.230769230769231,0.888888888888889,0.366412213740458,0.224299065420561,1,0.0138888888888888,0.111111111111111,0.0624257
shapes_6dof_events,29,Event retention = 25%,Sparsity,retention,0.25,4,860,29,6,0.312091503267974,0.845132743362832,0.455847255369928,0.295208655332303,1.33333333333333,0.0732984293193717,0.154867256637168,0.0664733
shapes_6dof_events,29,Event retention = 25%,Sparsity,retention,0.25,5,860,31,7,0.363036303630363,0.88,0.514018691588785,0.345911949685535,1.25,0.109090909090909,0.12,0.0663338
shapes_6dof_events,29,Event retention = 50%,Sparsity,retention,0.5,1,1719,32,14,0.669686985172982,0.776504297994269,0.719150818222026,0.56146408839779,1,0.121771217712177,0.223495702005731,0.1068333
shapes_6dof_events,29,Event retention = 50%,Sparsity,retention,0.5,2,1719,32,17,0.629752066115702,0.797905759162304,0.70392609699769,0.54312188168211,1.1,0.0866141732283464,0.202094240837696,0.1379133
shapes_6dof_events,29,Event retention = 50%,Sparsity,retention,0.5,3,1719,32,23,0.71004942339374,0.750871080139373,0.729889923793395,0.574666666666667,1.09090909090909,0.111368909512761,0.249128919860627,0.1227056
shapes_6dof_events,29,Event retention = 50%,Sparsity,retention,0.5,4,1719,32,13,0.60840890354493,0.784272051009564,0.685236768802228,0.521186440677966,1,0.115176151761518,0.215727948990436,0.1139003
shapes_6dof_events,29,Event retention = 50%,Sparsity,retention,0.5,5,1719,31,18,0.627228525121556,0.801242236024845,0.703636363636364,0.542776998597475,1.11111111111111,0.0723514211886305,0.198757763975155,0.1461057
shapes_6dof_events,29,Event retention = 75%,Sparsity,retention,0.75,1,2579,32,29,0.795292829775588,0.7675647120972,0.781182795698925,0.640935156594618,1.07142857142857,0.107364074328975,0.2324352879028,0.1625965
shapes_6dof_events,29,Event retention = 75%,Sparsity,retention,0.75,2,2579,32,31,0.829069134458356,0.752098765432099,0.788710512687727,0.651132962804617,1.2,0.134602757715036,0.247901234567901,0.1377032
shapes_6dof_events,29,Event retention = 75%,Sparsity,retention,0.75,3,2579,32,28,0.834233261339093,0.787060621497708,0.809960681520315,0.680616740088106,1.21428571428571,0.110032362459547,0.212939378502292,0.1440809
shapes_6dof_events,29,Event retention = 75%,Sparsity,retention,0.75,4,2579,32,27,0.806799784133837,0.7600406710727,0.782722513089005,0.643010752688172,1.08333333333333,0.121739130434783,0.2399593289273,0.2036367
shapes_6dof_events,29,Event retention = 75%,Sparsity,retention,0.75,5,2579,33,34,0.818970189701897,0.765063291139241,0.791099476439791,0.654395842355998,1.3125,0.102581072137657,0.234936708860759,0.1434163
shapes_6dof_events,29,Added events = 5%,AddedEvents,added-event ratio,0.05,1,3610,33,40,0.868078175895766,0.752824858757062,0.806354009077156,0.67553865652725,1.33333333333333,0.126641651031895,0.247175141242938,0.1958488
shapes_6dof_events,29,Added events = 5%,AddedEvents,added-event ratio,0.05,2,3610,33,34,0.86970684039088,0.759331674369001,0.81078003416208,0.681774656878391,1.15384615384615,0.13249063670412,0.240668325630999,0.2310137
shapes_6dof_events,29,Added events = 5%,AddedEvents,added-event ratio,0.05,3,3610,33,35,0.88314332247557,0.758126529185599,0.815873612939628,0.689008894536214,1.2,0.125403411710466,0.241873470814401,0.1991904
shapes_6dof_events,29,Added events = 5%,AddedEvents,added-event ratio,0.05,4,3610,33,35,0.873371335504886,0.756346967559944,0.810657596371882,0.681601525262154,1.14285714285714,0.127272727272727,0.243653032440056,0.1939073
shapes_6dof_events,29,Added events = 5%,AddedEvents,added-event ratio,0.05,5,3610,33,38,0.867263843648209,0.753182461103253,0.806207418622256,0.675332910589727,1.125,0.115492957746479,0.246817538896747,0.1732595
shapes_6dof_events,29,Added events = 10%,AddedEvents,added-event ratio,0.1,1,3782,33,34,0.864006514657981,0.751150442477876,0.803635675061541,0.671731560620449,1.0625,0.114514608859566,0.248849557522124,0.1911642
shapes_6dof_events,29,Added events = 10%,AddedEvents,added-event ratio,0.1,2,3782,33,36,0.879885993485342,0.755594405594406,0.813017306245297,0.684944532488114,1.13333333333333,0.127255900046275,0.244405594405594,0.1836621
shapes_6dof_events,29,Added events = 10%,AddedEvents,added-event ratio,0.1,3,3782,33,34,0.884364820846905,0.757586327171259,0.816081157242157,0.689304982545224,1.14285714285714,0.14134438305709,0.242413672828741,0.1813188
shapes_6dof_events,29,Added events = 10%,AddedEvents,added-event ratio,0.1,4,3782,33,35,0.873778501628665,0.757768361581921,0.811649016641452,0.683004455760662,1,0.1309412861137,0.242231638418079,0.1621453
shapes_6dof_events,29,Added events = 10%,AddedEvents,added-event ratio,0.1,5,3782,33,37,0.881107491856677,0.750607006590357,0.810638696385091,0.681574803149606,1.13333333333333,0.128465804066543,0.249392993409643,0.2018692
shapes_6dof_events,29,Added events = 20%,AddedEvents,added-event ratio,0.2,1,4126,33,38,0.883957654723127,0.745791824115424,0.809018073411589,0.679286608260325,1.13333333333333,0.124366651312759,0.254208175884576,0.1720449
shapes_6dof_events,29,Added events = 20%,AddedEvents,added-event ratio,0.2,2,4126,33,38,0.879071661237785,0.73989033584647,0.803498325269818,0.67153965785381,1.2,0.121815655396017,0.26010966415353,0.1859293
shapes_6dof_events,29,Added events = 20%,AddedEvents,added-event ratio,0.2,3,4126,33,38,0.894543973941368,0.749317871759891,0.815515961395694,0.688498903165152,1.28571428571429,0.134274010013655,0.250682128240109,0.1926467
shapes_6dof_events,29,Added events = 20%,AddedEvents,added-event ratio,0.2,4,4126,33,38,0.871742671009772,0.749649859943978,0.806099397590361,0.67518133081047,1.26666666666667,0.126576366184026,0.250350140056022,0.2198223
shapes_6dof_events,29,Added events = 20%,AddedEvents,added-event ratio,0.2,5,4126,33,36,0.885179153094462,0.753552859618718,0.814079760344505,0.686454057467635,1.11764705882353,0.115915363385465,0.246447140381282,0.2535529
shapes_6dof_events,29,Added events = 30%,AddedEvents,added-event ratio,0.3,1,4469,33,34,0.872557003257329,0.74332292750607,0.80277205469189,0.670525657071339,1.06666666666667,0.118058796080261,0.25667707249393,0.260699
shapes_6dof_events,29,Added events = 30%,AddedEvents,added-event ratio,0.3,2,4469,33,36,0.893322475570033,0.724331462528887,0.8,0.666666666666667,1.06666666666667,0.13947128532361,0.275668537471113,0.2639669
shapes_6dof_events,29,Added events = 30%,AddedEvents,added-event ratio,0.3,3,4469,33,35,0.881514657980456,0.74526678141136,0.80768513337064,0.677409261576971,1.21428571428571,0.113625866050808,0.25473321858864,0.2032616
shapes_6dof_events,29,Added events = 30%,AddedEvents,added-event ratio,0.3,4,4469,33,37,0.878257328990228,0.741746905089409,0.804250559284116,0.672591206735267,1.07692307692308,0.139545665275846,0.258253094910591,0.2503475
shapes_6dof_events,29,Added events = 30%,AddedEvents,added-event ratio,0.3,5,4469,33,33,0.86685667752443,0.753895184135977,0.806439393939394,0.675658521104411,1.21428571428571,0.122123062470644,0.246104815864023,0.2133742
shapes_6dof_events,29,Full LLGD runtime,Runtime,-,NaN,1,3438,33,36,0.88314332247557,0.7645400070497,0.819573020971094,0.694302176696543,1.2,0.123098201936376,0.2354599929503,0.1650087
shapes_6dof_events,29,Full LLGD runtime,Runtime,-,NaN,2,3438,33,36,0.882736156351791,0.767977329082536,0.821367683273347,0.696882031501125,1.2,0.125461254612546,0.232022670917464,0.1814418
shapes_6dof_events,29,Full LLGD runtime,Runtime,-,NaN,3,3438,33,38,0.877035830618892,0.763288447909284,0.816218264494127,0.689500640204866,1.33333333333333,0.118384401114206,0.236711552090716,0.157836
shapes_6dof_events,30,Full LLGD,Full,-,NaN,1,2979,33,37,0.861751152073733,0.789695945945946,0.824151608638167,0.700899550224888,1.25,0.133155080213904,0.210304054054054,0.1622745
shapes_6dof_events,30,w/o weighted support,Ablation,UseWeights,0,1,2979,33,63,0.952534562211982,0.737687366167024,0.831456154465004,0.711531841652324,1.40909090909091,0.139816158684083,0.262312633832976,0.1796999
shapes_6dof_events,30,w/o local verification,Ablation,UseVerification,0,1,2979,33,38,0.859447004608295,0.790589232725731,0.823581364539633,0.700075075075075,1.15789473684211,0.0857908847184986,0.209410767274269,0.1588637
shapes_6dof_events,30,w/o global expansion,Ablation,UseGlobalExpansion,0,1,2979,33,106,0.73778801843318,0.786345776031434,0.761293390394674,0.614587332053743,3.31818181818182,0.0599625234228607,0.213654223968566,0.2236554
shapes_6dof_events,30,unit estimation weights,Ablation,UseWeights,0,1,2979,33,35,0.851612903225806,0.761433868974042,0.804002610398086,0.672244452528192,1.33333333333333,0.119047619047619,0.238566131025958,0.1505919
shapes_6dof_events,30,unit support tests,Ablation,UseMultiplicitySupport,0,1,2979,33,73,0.958986175115207,0.735075944895797,0.832233553289342,0.712671232876712,1.72222222222222,0.153291686689092,0.264924055104203,0.168853
shapes_6dof_events,30,MAD = 3,Sensitivity,MAD,3,1,2979,33,36,0.848847926267281,0.796024200518583,0.821587867975022,0.697199091597275,1.23529411764706,0.119435396308361,0.203975799481417,0.2400518
shapes_6dof_events,30,MAD = 3.5,Sensitivity,MAD,3.5,1,2979,33,37,0.861751152073733,0.789695945945946,0.824151608638167,0.700899550224888,1.25,0.133155080213904,0.210304054054054,0.1677444
shapes_6dof_events,30,MAD = 4,Sensitivity,MAD,4,1,2979,33,37,0.880184331797235,0.782786885245902,0.828633405639913,0.707407407407407,1.35714285714286,0.14869109947644,0.217213114754098,0.1401967
shapes_6dof_events,30,p_in = 0.7,Sensitivity,p_in,0.7,1,2979,33,40,0.893548387096774,0.789495114006515,0.83830523130134,0.721622627465575,1.44444444444444,0.105724600309438,0.210504885993485,0.152859
shapes_6dof_events,30,p_in = 0.8,Sensitivity,p_in,0.8,1,2979,33,37,0.861751152073733,0.789695945945946,0.824151608638167,0.700899550224888,1.25,0.133155080213904,0.210304054054054,0.1882364
shapes_6dof_events,30,p_in = 0.9,Sensitivity,p_in,0.9,1,2979,33,35,0.859447004608295,0.76717400246812,0.810693327537492,0.681652046783626,1.0625,0.115281501340483,0.23282599753188,0.2365646
shapes_6dof_events,30,p_w = 0.7,Sensitivity,p_w,0.7,1,2979,33,36,0.875115207373272,0.788293897882939,0.829438742083424,0.708582089552239,1.22222222222222,0.115323854660348,0.211706102117061,0.2430355
shapes_6dof_events,30,p_w = 0.8,Sensitivity,p_w,0.8,1,2979,33,37,0.861751152073733,0.789695945945946,0.824151608638167,0.700899550224888,1.25,0.133155080213904,0.210304054054054,0.2143112
shapes_6dof_events,30,p_w = 0.9,Sensitivity,p_w,0.9,1,2979,33,40,0.881566820276498,0.792132505175983,0.834460196292257,0.715943113772455,1.35294117647059,0.119184526921066,0.207867494824017,0.2522231
shapes_6dof_events,30,overlap = 0.7,Sensitivity,overlap,0.7,1,2979,33,37,0.861751152073733,0.789695945945946,0.824151608638167,0.700899550224888,1.25,0.133155080213904,0.210304054054054,0.2608359
shapes_6dof_events,30,overlap = 0.8,Sensitivity,overlap,0.8,1,2979,33,37,0.861751152073733,0.789695945945946,0.824151608638167,0.700899550224888,1.25,0.133155080213904,0.210304054054054,0.272016
shapes_6dof_events,30,overlap = 0.9,Sensitivity,overlap,0.9,1,2979,33,39,0.878341013824885,0.792845257903494,0.833406209007433,0.714392803598201,1.35294117647059,0.123819517313746,0.207154742096506,0.3589737
shapes_6dof_events,30,eps_s = 0.015,Sensitivity,eps_s,0.015,1,2979,33,34,0.847004608294931,0.798436142484796,0.822003577817531,0.697798025816249,1.05263157894737,0.0990206746463548,0.201563857515204,0.3496761
shapes_6dof_events,30,eps_s = 0.02,Sensitivity,eps_s,0.02,1,2979,33,37,0.861751152073733,0.789695945945946,0.824151608638167,0.700899550224888,1.25,0.133155080213904,0.210304054054054,0.2946634
shapes_6dof_events,30,eps_s = 0.025,Sensitivity,eps_s,0.025,1,2979,33,32,0.842857142857143,0.778960817717206,0.809650287737937,0.680178505020454,1.06666666666667,0.129579004920722,0.221039182282794,0.2051858
shapes_6dof_events,30,eps_t = 0.005,Sensitivity,eps_t,0.005,1,2979,33,14,0.78294930875576,0.82196419932269,0.801982534812367,0.669424743892829,1.25,0.436138905238376,0.17803580067731,0.4960889
shapes_6dof_events,30,eps_t = 0.01,Sensitivity,eps_t,0.01,1,2979,33,28,0.825806451612903,0.783902012248469,0.804308797127469,0.672672672672673,1.11764705882353,0.0837053571428571,0.216097987751531,0.4306388
shapes_6dof_events,30,eps_t = 0.015,Sensitivity,eps_t,0.015,1,2979,33,31,0.842857142857143,0.789042277825712,0.8150623885918,0.68785257615645,1.125,0.121377802077638,0.210957722174288,0.2672882
shapes_6dof_events,30,eps_t = 0.02,Sensitivity,eps_t,0.02,1,2979,33,37,0.861751152073733,0.789695945945946,0.824151608638167,0.700899550224888,1.25,0.133155080213904,0.210304054054054,0.2517013
shapes_6dof_events,30,eps_t = 0.025,Sensitivity,eps_t,0.025,1,2979,33,37,0.861751152073733,0.789695945945946,0.824151608638167,0.700899550224888,1.25,0.133155080213904,0.210304054054054,0.273233
shapes_6dof_events,30,Event retention = 25%,Sparsity,retention,0.25,1,745,33,2,0.113636363636364,0.952380952380952,0.203045685279188,0.112994350282486,2,0.1,0.0476190476190476,0.0836327
shapes_6dof_events,30,Event retention = 25%,Sparsity,retention,0.25,2,745,32,3,0.171698113207547,0.587096774193548,0.265693430656934,0.153198653198653,1,0.10989010989011,0.412903225806452,0.0751299
shapes_6dof_events,30,Event retention = 25%,Sparsity,retention,0.25,3,745,32,4,0.277173913043478,0.921686746987952,0.426183844011142,0.270796460176991,1,0.0196078431372549,0.0783132530120482,0.1011887
shapes_6dof_events,30,Event retention = 25%,Sparsity,retention,0.25,4,745,32,3,0.176795580110497,0.96,0.298600311041991,0.175502742230347,1,0.0416666666666666,0.04,0.1007811
shapes_6dof_events,30,Event retention = 25%,Sparsity,retention,0.25,5,745,32,3,0.149056603773585,0.858695652173913,0.254019292604502,0.14548802946593,1,0.0126582278481012,0.141304347826087,0.0805896
shapes_6dof_events,30,Event retention = 50%,Sparsity,retention,0.5,1,1490,32,14,0.542435424354244,0.774703557312253,0.638090070537168,0.468525896414343,1.11111111111111,0.0493197278911565,0.225296442687747,0.1817792
shapes_6dof_events,30,Event retention = 50%,Sparsity,retention,0.5,2,1490,33,12,0.467544684854186,0.856896551724138,0.604990870359099,0.433682373472949,1.125,0.0925553319919518,0.143103448275862,0.1689318
shapes_6dof_events,30,Event retention = 50%,Sparsity,retention,0.5,3,1490,33,17,0.620689655172414,0.807272727272727,0.701791359325606,0.540584415584416,1.3,0.0585585585585585,0.192727272727273,0.0935743
shapes_6dof_events,30,Event retention = 50%,Sparsity,retention,0.5,4,1490,32,12,0.643454038997215,0.867334167709637,0.738805970149254,0.585798816568047,1,0.0418470418470418,0.132665832290363,0.12188
shapes_6dof_events,30,Event retention = 50%,Sparsity,retention,0.5,5,1490,33,11,0.586654309545876,0.83841059602649,0.690294438386041,0.527060782681099,1,0.104265402843602,0.16158940397351,0.1372218
shapes_6dof_events,30,Event retention = 75%,Sparsity,retention,0.75,1,2234,33,26,0.770692826486818,0.802169751116784,0.786116322701689,0.647604327666152,1.23076923076923,0.104216388225935,0.197830248883216,0.1554411
shapes_6dof_events,30,Event retention = 75%,Sparsity,retention,0.75,2,2234,33,28,0.803824799506477,0.782112845138055,0.792820200790995,0.656754032258065,1.15384615384615,0.108979278587874,0.217887154861945,0.1605552
shapes_6dof_events,30,Event retention = 75%,Sparsity,retention,0.75,3,2234,33,23,0.760493827160494,0.777287066246057,0.768798751950078,0.624429802331475,1,0.113636363636364,0.222712933753943,0.1787413
shapes_6dof_events,30,Event retention = 75%,Sparsity,retention,0.75,4,2234,32,25,0.773062730627306,0.774969173859433,0.774014778325123,0.631341034655952,1.3,0.13126491646778,0.225030826140567,0.1652685
shapes_6dof_events,30,Event retention = 75%,Sparsity,retention,0.75,5,2234,33,21,0.715950920245399,0.793337865397689,0.752660432118671,0.603412616339193,1.16666666666667,0.0959725792630677,0.206662134602311,0.1616031
shapes_6dof_events,30,Added events = 5%,AddedEvents,added-event ratio,0.05,1,3128,33,34,0.859907834101382,0.797095258436566,0.827311017512747,0.705482041587902,1.22222222222222,0.103965702036442,0.202904741563434,0.1796166
shapes_6dof_events,30,Added events = 5%,AddedEvents,added-event ratio,0.05,2,3128,33,34,0.874193548387097,0.793723849372385,0.832017543859649,0.712354487420203,1.25,0.132841328413284,0.206276150627615,0.1629816
shapes_6dof_events,30,Added events = 5%,AddedEvents,added-event ratio,0.05,3,3128,33,36,0.887557603686636,0.796526054590571,0.839581517000872,0.723516153268219,1.25,0.131879543094496,0.203473945409429,0.1589937
shapes_6dof_events,30,Added events = 5%,AddedEvents,added-event ratio,0.05,4,3128,33,37,0.861751152073733,0.787037037037037,0.822701275846898,0.698804185351271,1.23529411764706,0.12620320855615,0.212962962962963,0.1645453
shapes_6dof_events,30,Added events = 5%,AddedEvents,added-event ratio,0.05,5,3128,33,37,0.864976958525346,0.793657505285412,0.827783902976847,0.706170052671181,1.375,0.134789557805008,0.206342494714588,0.2209551
shapes_6dof_events,30,Added events = 10%,AddedEvents,added-event ratio,0.1,1,3277,33,33,0.861751152073733,0.776255707762557,0.816772221008954,0.690291620524179,1.21428571428571,0.149197860962567,0.223744292237443,0.1671846
shapes_6dof_events,30,Added events = 10%,AddedEvents,added-event ratio,0.1,2,3277,33,35,0.857603686635945,0.788225328250741,0.82145221805341,0.697003745318352,1.3125,0.134873723804406,0.211774671749259,0.1781617
shapes_6dof_events,30,Added events = 10%,AddedEvents,added-event ratio,0.1,3,3277,33,34,0.871889400921659,0.790639364814041,0.829278983125137,0.708348932983901,1.125,0.14323467230444,0.209360635185959,0.1654856
shapes_6dof_events,30,Added events = 10%,AddedEvents,added-event ratio,0.1,4,3277,33,33,0.856221198156682,0.782315789473684,0.817601760176018,0.691477484183104,1.125,0.136167922497309,0.217684210526316,0.186229
shapes_6dof_events,30,Added events = 10%,AddedEvents,added-event ratio,0.1,5,3277,33,37,0.870967741935484,0.790133779264214,0.828583954405962,0.707335329341317,1.23529411764706,0.11957671957672,0.209866220735786,0.1700855
shapes_6dof_events,30,Added events = 20%,AddedEvents,added-event ratio,0.2,1,3575,33,31,0.846082949308756,0.767558528428094,0.804910127137221,0.673514306676449,1.06666666666667,0.132897603485839,0.232441471571906,0.1851326
shapes_6dof_events,30,Added events = 20%,AddedEvents,added-event ratio,0.2,2,3575,33,34,0.843778801843318,0.782144382742418,0.811793393925959,0.683208955223881,1.26666666666667,0.131075914800655,0.217855617257582,0.2078449
shapes_6dof_events,30,Added events = 20%,AddedEvents,added-event ratio,0.2,3,3575,33,37,0.86036866359447,0.780518394648829,0.818500657606313,0.692764378478664,1.375,0.125870380289234,0.219481605351171,0.2175009
shapes_6dof_events,30,Added events = 20%,AddedEvents,added-event ratio,0.2,4,3575,33,35,0.885253456221198,0.78280358598207,0.830882352941177,0.710691823899371,1.26666666666667,0.131702238417491,0.21719641401793,0.1938466
shapes_6dof_events,30,Added events = 20%,AddedEvents,added-event ratio,0.2,5,3575,33,37,0.854838709677419,0.771951727007907,0.811283621255193,0.682487122884474,1.21428571428571,0.163342318059299,0.228048272992093,0.1973655
shapes_6dof_events,30,Added events = 30%,AddedEvents,added-event ratio,0.3,1,3873,33,37,0.872811059907834,0.776229508196721,0.821691973969631,0.697349042709867,1.25,0.136219640971489,0.223770491803279,0.1870676
shapes_6dof_events,30,Added events = 30%,AddedEvents,added-event ratio,0.3,2,3873,33,38,0.865898617511521,0.765065146579805,0.812364894076956,0.684018929741536,1.33333333333333,0.136242682277807,0.234934853420195,0.1916219
shapes_6dof_events,30,Added events = 30%,AddedEvents,added-event ratio,0.3,3,3873,33,38,0.867741935483871,0.781003732890917,0.82209124645274,0.697924388435878,1.44444444444444,0.109930961232076,0.218996267109083,0.1881347
shapes_6dof_events,30,Added events = 30%,AddedEvents,added-event ratio,0.3,4,3873,33,42,0.894930875576037,0.776179056754596,0.831335616438356,0.711355311355311,1.38888888888889,0.117919670442842,0.223820943245404,0.1672116
shapes_6dof_events,30,Added events = 30%,AddedEvents,added-event ratio,0.3,5,3873,33,35,0.873271889400922,0.762575452716298,0.814178302900108,0.686594202898551,1.35714285714286,0.141424802110818,0.237424547283702,0.1841874
shapes_6dof_events,30,Full LLGD runtime,Runtime,-,NaN,1,2979,33,37,0.861751152073733,0.789695945945946,0.824151608638167,0.700899550224888,1.25,0.133155080213904,0.210304054054054,0.1741645
shapes_6dof_events,30,Full LLGD runtime,Runtime,-,NaN,2,2979,33,38,0.86405529953917,0.790139064475348,0.825445740699978,0.702773613193403,1.3125,0.1328,0.209860935524652,0.1698207
shapes_6dof_events,30,Full LLGD runtime,Runtime,-,NaN,3,2979,33,39,0.886175115207373,0.796273291925466,0.838822246455834,0.722389181066867,1.41176470588235,0.125845033801352,0.203726708074534,0.1651305
