Dataset,Packet,Experiment,Category,Parameter,Value,Repeat,EventCount,LineCount,ClusterCount,Coverage,Precision,F1,IoU,Fragmentation,MergeError,ExtraEventRatio,RuntimeSeconds
office_spiral_events,1,Full LLGD,Full,-,NaN,1,18073,81,118,0.674351585014409,0.332229058211074,0.445149017121116,0.286296900489396,1.09090909090909,0.223646723646724,0.667770941788926,1.493414
office_spiral_events,1,w/o weighted support,Ablation,UseWeights,0,1,18073,81,165,0.972910662824207,0.29226063369308,0.449494052902539,0.289901534234028,1.13333333333333,0.637243285939968,0.70773936630692,2.7517671
office_spiral_events,1,w/o local verification,Ablation,UseVerification,0,1,18073,81,180,0.775408261287224,0.326642926513435,0.459654917145948,0.298410351201479,1,0.144449950445986,0.673357073486565,1.0691681
office_spiral_events,1,w/o global expansion,Ablation,UseGlobalExpansion,0,1,18073,81,402,0.56388088376561,0.34001390176089,0.424224904242249,0.269216657494038,3.67741935483871,0.0412265758091993,0.65998609823911,1.4963896
office_spiral_events,1,unit estimation weights,Ablation,UseWeights,0,1,18073,81,110,0.702785782901057,0.338578304331729,0.456992941470423,0.296170350578901,1.08333333333333,0.212684527063969,0.661421695668271,1.4833773
office_spiral_events,1,unit support tests,Ablation,UseMultiplicitySupport,0,1,18073,81,153,0.965225744476465,0.289651196310176,0.445587583148559,0.286659819696451,1.41666666666667,0.705812101910828,0.710348803689824,2.6162996
office_spiral_events,1,MAD = 3,Sensitivity,MAD,3,1,18073,81,115,0.681460134486071,0.325263640531866,0.440347610180013,0.282337021412083,1,0.22892585283338,0.674736359468134,1.6702729
office_spiral_events,1,MAD = 3.5,Sensitivity,MAD,3.5,1,18073,81,118,0.674351585014409,0.332229058211074,0.445149017121116,0.286296900489396,1.09090909090909,0.223646723646724,0.667770941788926,1.4716525
office_spiral_events,1,MAD = 4,Sensitivity,MAD,4,1,18073,81,143,0.732756964457253,0.320854715235131,0.446290662298151,0.287242054526284,1.08333333333333,0.191662296801259,0.679145284764869,1.231009
office_spiral_events,1,p_in = 0.7,Sensitivity,p_in,0.7,1,18073,81,102,0.705859750240154,0.315798521574695,0.436367955341766,0.279073300417774,1.08333333333333,0.265650517147523,0.684201478425305,1.4831393
office_spiral_events,1,p_in = 0.8,Sensitivity,p_in,0.8,1,18073,81,118,0.674351585014409,0.332229058211074,0.445149017121116,0.286296900489396,1.09090909090909,0.223646723646724,0.667770941788926,1.4488085
office_spiral_events,1,p_in = 0.9,Sensitivity,p_in,0.9,1,18073,81,101,0.718731988472622,0.313133004101448,0.436217350746269,0.278950115576765,1.125,0.360866078588613,0.686866995898552,1.6968442
office_spiral_events,1,p_w = 0.7,Sensitivity,p_w,0.7,1,18073,81,90,0.716618635926993,0.320419207971824,0.442835094384424,0.284385483379079,1.3,0.288739946380697,0.679580792028176,1.5061938
office_spiral_events,1,p_w = 0.8,Sensitivity,p_w,0.8,1,18073,81,118,0.674351585014409,0.332229058211074,0.445149017121116,0.286296900489396,1.09090909090909,0.223646723646724,0.667770941788926,1.5856339
office_spiral_events,1,p_w = 0.9,Sensitivity,p_w,0.9,1,18073,81,105,0.689337175792507,0.328541342367915,0.444995659183927,0.28617004306907,1.11111111111111,0.246655518394649,0.671458657632085,1.5213891
office_spiral_events,1,overlap = 0.7,Sensitivity,overlap,0.7,1,18073,81,118,0.674351585014409,0.332229058211074,0.445149017121116,0.286296900489396,1.09090909090909,0.223646723646724,0.667770941788926,1.5567183
office_spiral_events,1,overlap = 0.8,Sensitivity,overlap,0.8,1,18073,81,118,0.674351585014409,0.332229058211074,0.445149017121116,0.286296900489396,1.09090909090909,0.223646723646724,0.667770941788926,1.5103687
office_spiral_events,1,overlap = 0.9,Sensitivity,overlap,0.9,1,18073,81,112,0.668011527377522,0.334842064714946,0.446083777022259,0.287070673712021,1.09090909090909,0.219442047742307,0.665157935285054,1.4255452
office_spiral_events,1,eps_s = 0.015,Sensitivity,eps_s,0.015,1,18073,81,158,0.675504322766571,0.340203193033382,0.452509652509653,0.292415169660679,1.26315789473684,0.111205915813424,0.659796806966618,1.3873509
office_spiral_events,1,eps_s = 0.02,Sensitivity,eps_s,0.02,1,18073,81,118,0.674351585014409,0.332229058211074,0.445149017121116,0.286296900489396,1.09090909090909,0.223646723646724,0.667770941788926,1.3990013
office_spiral_events,1,eps_s = 0.025,Sensitivity,eps_s,0.025,1,18073,81,9,0.990778097982709,0.29256254609406,0.451734407848633,0.291768033946252,1,0.868140391700601,0.70743745390594,3.1419831
office_spiral_events,1,eps_t = 0.005,Sensitivity,eps_t,0.005,1,18073,81,4,0.967915465898175,0.295987309793784,0.453342931701611,0.293111473120782,NaN,0.915244144501786,0.704012690206216,5.5430782
office_spiral_events,1,eps_t = 0.01,Sensitivity,eps_t,0.01,1,18073,81,10,0.956580211335255,0.291647141518276,0.447008124971944,0.28783674413227,NaN,0.817031532436232,0.708352858481724,2.8208152
office_spiral_events,1,eps_t = 0.015,Sensitivity,eps_t,0.015,1,18073,81,15,0.894908741594621,0.299761889439475,0.449093713844967,0.289568568941937,1,0.757191927866037,0.700238110560525,2.4191939
office_spiral_events,1,eps_t = 0.02,Sensitivity,eps_t,0.02,1,18073,81,118,0.674351585014409,0.332229058211074,0.445149017121116,0.286296900489396,1.09090909090909,0.223646723646724,0.667770941788926,1.3847599
office_spiral_events,1,eps_t = 0.025,Sensitivity,eps_t,0.025,1,18073,81,118,0.674351585014409,0.332229058211074,0.445149017121116,0.286296900489396,1.09090909090909,0.223646723646724,0.667770941788926,1.431372
office_spiral_events,1,Event retention = 25%,Sparsity,retention,0.25,1,4518,76,10,0.150842266462481,0.464622641509434,0.227745664739884,0.128506196999348,1.5,0.0456852791878173,0.535377358490566,0.2802402
office_spiral_events,1,Event retention = 25%,Sparsity,retention,0.25,2,4518,76,10,0.135198135198135,0.450777202072539,0.208009563658099,0.116077384923282,1,0.0689655172413793,0.549222797927461,0.2273243
office_spiral_events,1,Event retention = 25%,Sparsity,retention,0.25,3,4518,76,10,0.132770529547199,0.404205607476636,0.199884459849798,0.111039794608472,1,0.0693641618497109,0.595794392523365,0.2988628
office_spiral_events,1,Event retention = 25%,Sparsity,retention,0.25,4,4518,75,10,0.103044496487119,0.304849884526559,0.154025670945158,0.0834386852085967,1,0,0.695150115473441,0.233459
office_spiral_events,1,Event retention = 25%,Sparsity,retention,0.25,5,4518,76,8,0.180457052797478,0.5,0.265199768384482,0.152870493991989,1.33333333333333,0.0131004366812227,0.5,0.2620489
office_spiral_events,1,Event retention = 50%,Sparsity,retention,0.5,1,9037,77,39,0.375957120980092,0.391390992427262,0.383518843975786,0.237255375694612,1.33333333333333,0.117107942973523,0.608609007572738,0.7913554
office_spiral_events,1,Event retention = 50%,Sparsity,retention,0.5,2,9037,80,44,0.411377708978328,0.41916403785489,0.415234375,0.262016268178457,1.28571428571429,0.144873000940734,0.58083596214511,0.7208879
office_spiral_events,1,Event retention = 50%,Sparsity,retention,0.5,3,9037,79,38,0.410652257815515,0.432872253864931,0.421469597940186,0.267001254705144,1,0.191729323308271,0.567127746135069,0.6703074
office_spiral_events,1,Event retention = 50%,Sparsity,retention,0.5,4,9037,80,48,0.432297660145761,0.408037653874004,0.419817470664928,0.265676567656766,1,0.0967169476486247,0.591962346125996,0.7110682
office_spiral_events,1,Event retention = 50%,Sparsity,retention,0.5,5,9037,78,48,0.477893118031526,0.400451030927835,0.435758106923751,0.278574630210668,1,0.17135961383749,0.599548969072165,0.7560364
office_spiral_events,1,Event retention = 75%,Sparsity,retention,0.75,1,13555,81,74,0.629256965944272,0.366106274392074,0.46289618523439,0.301148289912335,1.11111111111111,0.276752767527675,0.633893725607926,1.072433
office_spiral_events,1,Event retention = 75%,Sparsity,retention,0.75,2,13555,81,55,0.756234096692112,0.324666812322482,0.454295322531336,0.293908227848101,1,0.444481830417227,0.675333187677518,1.3623757
office_spiral_events,1,Event retention = 75%,Sparsity,retention,0.75,3,13555,80,63,0.660938702231341,0.332687838884586,0.442593387720052,0.284186149095721,1,0.447807528133489,0.667312161115414,1.23626
office_spiral_events,1,Event retention = 75%,Sparsity,retention,0.75,4,13555,81,64,0.713735558408216,0.326329381382791,0.447881424198486,0.288561345235624,1,0.480935251798561,0.673670618617209,1.1523393
office_spiral_events,1,Event retention = 75%,Sparsity,retention,0.75,5,13555,80,73,0.739019407558733,0.347418967587035,0.472644128695084,0.30945252352438,1,0.416378714581894,0.652581032412965,1.2395858
office_spiral_events,1,Added events = 5%,AddedEvents,added-event ratio,0.05,1,18977,81,93,0.771181556195965,0.310200927357032,0.442435932763847,0.28405633005449,1.2,0.316641753861485,0.689799072642968,1.6264769
office_spiral_events,1,Added events = 5%,AddedEvents,added-event ratio,0.05,2,18977,81,107,0.771181556195965,0.308318611260465,0.440517998244074,0.282477128782547,1.08333333333333,0.283756851021425,0.691681388739535,1.5409373
office_spiral_events,1,Added events = 5%,AddedEvents,added-event ratio,0.05,3,18977,81,94,0.754851104707012,0.303608685572985,0.433043094896947,0.276359288176127,1.08333333333333,0.427080682107406,0.696391314427015,1.7471999
office_spiral_events,1,Added events = 5%,AddedEvents,added-event ratio,0.05,4,18977,81,82,0.744284341978867,0.311815840309079,0.439503091496965,0.281643038894947,1,0.293495095508518,0.688184159690921,2.0893574
office_spiral_events,1,Added events = 5%,AddedEvents,added-event ratio,0.05,5,18977,81,86,0.81075888568684,0.304979403049794,0.443230753072156,0.28471191472136,1.11111111111111,0.376303317535545,0.695020596950206,1.8503934
office_spiral_events,1,Added events = 10%,AddedEvents,added-event ratio,0.1,1,19880,81,86,0.8,0.305637110980622,0.442296457592012,0.283941356972383,1.125,0.39433237271854,0.694362889019378,1.8353271
office_spiral_events,1,Added events = 10%,AddedEvents,added-event ratio,0.1,2,19880,81,17,0.908933717579251,0.271133016218694,0.417674582855125,0.263962506276851,1,0.785246248150497,0.728866983781306,4.321465
office_spiral_events,1,Added events = 10%,AddedEvents,added-event ratio,0.1,3,19880,81,17,0.93583093179635,0.279862108589486,0.430871295886776,0.27459270533852,1,0.765756518168754,0.720137891410514,2.9248008
office_spiral_events,1,Added events = 10%,AddedEvents,added-event ratio,0.1,4,19880,81,38,0.859365994236311,0.277670867217084,0.419724124988271,0.265601805118461,1,0.614352783366868,0.722329132782916,2.5590648
office_spiral_events,1,Added events = 10%,AddedEvents,added-event ratio,0.1,5,19880,81,113,0.78866474543708,0.304502633335806,0.439366370544793,0.281530759207187,1,0.296954933008526,0.695497366664194,1.5674613
office_spiral_events,1,Added events = 20%,AddedEvents,added-event ratio,0.2,1,21688,81,90,0.867050912584054,0.270271888848964,0.412089668081998,0.259516963772283,1.1,0.471748282738755,0.729728111151036,2.12721
office_spiral_events,1,Added events = 20%,AddedEvents,added-event ratio,0.2,2,21688,81,21,0.919884726224784,0.256413002731216,0.401038612949158,0.250811943425877,1,0.754177109440267,0.743586997268784,4.5347339
office_spiral_events,1,Added events = 20%,AddedEvents,added-event ratio,0.2,3,21688,81,36,0.972142170989433,0.260609806345282,0.411031233499858,0.258677981698277,1.25,0.723715415019763,0.739390193654718,3.3059047
office_spiral_events,1,Added events = 20%,AddedEvents,added-event ratio,0.2,4,21688,81,69,0.827089337175792,0.270346646571213,0.407496805338634,0.255884450784593,1,0.493844367015099,0.729653353428787,2.4499387
office_spiral_events,1,Added events = 20%,AddedEvents,added-event ratio,0.2,5,21688,81,55,0.868203650336215,0.265589186012342,0.406750675067507,0.255296310942885,1,0.626908608099137,0.734410813987658,2.9647777
office_spiral_events,1,Added events = 30%,AddedEvents,added-event ratio,0.3,1,23495,81,3,0.984822286263208,0.232019191599149,0.375558648985274,0.231192495038788,NaN,0.904994147483418,0.767980808400851,5.8553458
office_spiral_events,1,Added events = 30%,AddedEvents,added-event ratio,0.3,2,23495,81,3,0.970028818443804,0.232372974963181,0.374930382801767,0.230716505209285,NaN,0.922162804515746,0.767627025036819,6.0076993
office_spiral_events,1,Added events = 30%,AddedEvents,added-event ratio,0.3,3,23495,81,18,0.904130643611912,0.245526164762352,0.386180863285738,0.239296247330418,1.5,0.774543136421589,0.754473835237648,5.0046621
office_spiral_events,1,Added events = 30%,AddedEvents,added-event ratio,0.3,4,23495,81,11,0.991738712776177,0.231979147941758,0.376006118658266,0.23153173357255,1,0.87175513366912,0.768020852058242,5.8148419
office_spiral_events,1,Added events = 30%,AddedEvents,added-event ratio,0.3,5,23495,81,16,0.975792507204611,0.232257179440278,0.375207771580541,0.230926616349914,1,0.797597952352825,0.767742820559722,4.283299
office_spiral_events,1,Full LLGD runtime,Runtime,-,NaN,1,18073,81,118,0.674351585014409,0.332229058211074,0.445149017121116,0.286296900489396,1.09090909090909,0.223646723646724,0.667770941788926,1.3918742
office_spiral_events,1,Full LLGD runtime,Runtime,-,NaN,2,18073,81,108,0.698943323727185,0.331209031318281,0.449440978442152,0.289857381881922,1.11111111111111,0.235843870258384,0.668790968681719,1.4632379
office_spiral_events,1,Full LLGD runtime,Runtime,-,NaN,3,18073,81,109,0.667819404418828,0.331552842426555,0.443113009114666,0.284614754769508,1.1,0.220655926352129,0.668447157573445,1.4879548
office_spiral_events,2,Full LLGD,Full,-,NaN,1,9715,77,46,0.527327327327327,0.432618871643262,0.475301123291379,0.311734422155157,1.1,0.281321184510251,0.567381128356738,0.7491679
office_spiral_events,2,w/o weighted support,Ablation,UseWeights,0,1,9715,77,240,0.944744744744745,0.357337573830077,0.518542937201253,0.350022251891411,1.43333333333333,0.4815638906548,0.642662426169923,0.9474967
office_spiral_events,2,w/o local verification,Ablation,UseVerification,0,1,9715,77,100,0.603903903903904,0.424440692275222,0.498512642538423,0.332012547465742,1.06666666666667,0.166086524117355,0.575559307724778,0.5482387
office_spiral_events,2,w/o global expansion,Ablation,UseGlobalExpansion,0,1,9715,77,120,0.306606606606607,0.444106133101348,0.362764256528691,0.221571180555556,2.95,0.0215475024485798,0.555893866898652,0.8426584
office_spiral_events,2,unit estimation weights,Ablation,UseWeights,0,1,9715,77,29,0.425525525525526,0.397921932041561,0.411261065157452,0.258860065765437,1,0.60832745236415,0.602078067958439,0.9358273
office_spiral_events,2,unit support tests,Ablation,UseMultiplicitySupport,0,1,9715,77,235,0.935135135135135,0.354145342886387,0.51373422420193,0.345654345654346,1.41935483870968,0.447013487475915,0.645854657113613,1.1850703
office_spiral_events,2,MAD = 3,Sensitivity,MAD,3,1,9715,77,46,0.515615615615616,0.420215369554577,0.463052858683927,0.30128092647833,1.25,0.284799068142108,0.579784630445423,0.7969416
office_spiral_events,2,MAD = 3.5,Sensitivity,MAD,3.5,1,9715,77,46,0.527327327327327,0.432618871643262,0.475301123291379,0.311734422155157,1.1,0.281321184510251,0.567381128356738,0.7822269
office_spiral_events,2,MAD = 4,Sensitivity,MAD,4,1,9715,77,43,0.503303303303303,0.394167450611477,0.442099709839093,0.283779207585506,1.2,0.375298329355609,0.605832549388523,0.7384252
office_spiral_events,2,p_in = 0.7,Sensitivity,p_in,0.7,1,9715,77,56,0.530630630630631,0.421517175572519,0.469821855889391,0.307037358818419,1.1,0.279569892473118,0.578482824427481,0.7641304
office_spiral_events,2,p_in = 0.8,Sensitivity,p_in,0.8,1,9715,77,46,0.527327327327327,0.432618871643262,0.475301123291379,0.311734422155157,1.1,0.281321184510251,0.567381128356738,0.7408
office_spiral_events,2,p_in = 0.9,Sensitivity,p_in,0.9,1,9715,77,41,0.499399399399399,0.421119270701443,0.45693089710125,0.296118233618234,1.11111111111111,0.281419122068551,0.578880729298557,0.7362371
office_spiral_events,2,p_w = 0.7,Sensitivity,p_w,0.7,1,9715,77,52,0.532132132132132,0.42999272021354,0.475640853576701,0.312026765275577,1.11111111111111,0.278216704288939,0.57000727978646,0.767398
office_spiral_events,2,p_w = 0.8,Sensitivity,p_w,0.8,1,9715,77,46,0.527327327327327,0.432618871643262,0.475301123291379,0.311734422155157,1.1,0.281321184510251,0.567381128356738,0.7714224
office_spiral_events,2,p_w = 0.9,Sensitivity,p_w,0.9,1,9715,77,45,0.524324324324324,0.432071269487751,0.473748473748474,0.3104,1.1,0.288087056128293,0.567928730512249,0.7594745
office_spiral_events,2,overlap = 0.7,Sensitivity,overlap,0.7,1,9715,77,46,0.527327327327327,0.432618871643262,0.475301123291379,0.311734422155157,1.1,0.281321184510251,0.567381128356738,0.9082521
office_spiral_events,2,overlap = 0.8,Sensitivity,overlap,0.8,1,9715,77,46,0.527327327327327,0.432618871643262,0.475301123291379,0.311734422155157,1.1,0.281321184510251,0.567381128356738,0.8185765
office_spiral_events,2,overlap = 0.9,Sensitivity,overlap,0.9,1,9715,77,45,0.51021021021021,0.42549461557726,0.464017479175201,0.302098150782361,1,0.290170688640377,0.57450538442274,0.7663518
office_spiral_events,2,eps_s = 0.015,Sensitivity,eps_s,0.015,1,9715,77,60,0.502102102102102,0.494674556213018,0.498360655737705,0.331877729257642,1.28571428571429,0.0992822966507177,0.505325443786982,0.7018846
office_spiral_events,2,eps_s = 0.02,Sensitivity,eps_s,0.02,1,9715,77,46,0.527327327327327,0.432618871643262,0.475301123291379,0.311734422155157,1.1,0.281321184510251,0.567381128356738,0.7430162
office_spiral_events,2,eps_s = 0.025,Sensitivity,eps_s,0.025,1,9715,77,23,0.525225225225225,0.383048620236531,0.443009118541033,0.284529038555393,1,0.570040022870212,0.616951379763469,0.9113406
office_spiral_events,2,eps_t = 0.005,Sensitivity,eps_t,0.005,1,9715,77,7,0.291891891891892,0.3598667160311,0.322334604543194,0.192132832575608,1,0.673868312757202,0.6401332839689,0.5988393
office_spiral_events,2,eps_t = 0.01,Sensitivity,eps_t,0.01,1,9715,77,21,0.502102102102102,0.364587876144788,0.422435573521981,0.267777065983344,1,0.652511961722488,0.635412123855212,0.7449497
office_spiral_events,2,eps_t = 0.015,Sensitivity,eps_t,0.015,1,9715,77,50,0.535735735735736,0.453597762522248,0.491257056312818,0.325606862566162,1,0.222533632286996,0.546402237477752,0.6780501
office_spiral_events,2,eps_t = 0.02,Sensitivity,eps_t,0.02,1,9715,77,46,0.527327327327327,0.432618871643262,0.475301123291379,0.311734422155157,1.1,0.281321184510251,0.567381128356738,0.7932373
office_spiral_events,2,eps_t = 0.025,Sensitivity,eps_t,0.025,1,9715,77,46,0.527327327327327,0.432618871643262,0.475301123291379,0.311734422155157,1.1,0.281321184510251,0.567381128356738,0.7293603
office_spiral_events,2,Event retention = 25%,Sparsity,retention,0.25,1,2429,75,3,0.0566948130277443,0.388429752066116,0.0989473684210526,0.0520487264673311,1,0.319148936170213,0.611570247933884,0.0910152
office_spiral_events,2,Event retention = 25%,Sparsity,retention,0.25,2,2429,70,4,0.0676328502415459,0.474576271186441,0.118393234672304,0.0629213483146067,1,0.0535714285714286,0.525423728813559,0.1042728
office_spiral_events,2,Event retention = 25%,Sparsity,retention,0.25,3,2429,76,3,0.0529556650246305,0.330769230769231,0.0912951167728238,0.0478309232480534,NaN,0.348837209302326,0.669230769230769,0.1067462
office_spiral_events,2,Event retention = 25%,Sparsity,retention,0.25,4,2429,71,1,0,0,0,0,NaN,NaN,1,0.1069602
office_spiral_events,2,Event retention = 25%,Sparsity,retention,0.25,5,2429,72,4,0.0847457627118644,0.538461538461538,0.146443514644351,0.0790067720090293,1,0.328571428571429,0.461538461538462,0.1083457
office_spiral_events,2,Event retention = 50%,Sparsity,retention,0.5,1,4858,75,16,0.216519174041298,0.383891213389121,0.276876650320634,0.160683012259194,1.33333333333333,0.166212534059946,0.616108786610879,0.3886823
office_spiral_events,2,Event retention = 50%,Sparsity,retention,0.5,2,4858,75,19,0.221424296828247,0.503401360544218,0.307564422277639,0.181728880157171,1,0.205405405405405,0.496598639455782,0.2928994
office_spiral_events,2,Event retention = 50%,Sparsity,retention,0.5,3,4858,74,17,0.245249406175772,0.476905311778291,0.323921568627451,0.193261581656528,1.16666666666667,0.300242130750605,0.523094688221709,0.29425
office_spiral_events,2,Event retention = 50%,Sparsity,retention,0.5,4,4858,75,15,0.180437424058323,0.501689189189189,0.265415549597855,0.153013910355487,1,0.178451178451178,0.498310810810811,0.3906722
office_spiral_events,2,Event retention = 50%,Sparsity,retention,0.5,5,4858,74,11,0.167769092002405,0.520522388059702,0.2537517053206,0.1453125,1,0.14336917562724,0.479477611940299,0.3177128
office_spiral_events,2,Event retention = 75%,Sparsity,retention,0.75,1,7286,77,38,0.410909090909091,0.447032967032967,0.428210526315789,0.272435038842754,1,0.23795476892822,0.552967032967033,0.5349378
office_spiral_events,2,Event retention = 75%,Sparsity,retention,0.75,2,7286,77,35,0.353914447134786,0.406771799628942,0.378506689684937,0.233430928932659,1,0.160775370581528,0.593228200371058,0.5643878
office_spiral_events,2,Event retention = 75%,Sparsity,retention,0.75,3,7286,76,42,0.390194489465154,0.433783783783784,0.410836177474403,0.258523489932886,1.25,0.201453790238837,0.566216216216216,0.4995452
office_spiral_events,2,Event retention = 75%,Sparsity,retention,0.75,4,7286,75,29,0.399677679290894,0.467483506126296,0.430929626411816,0.274640088593577,1.125,0.361895161290323,0.532516493873704,0.5534798
office_spiral_events,2,Event retention = 75%,Sparsity,retention,0.75,5,7286,77,41,0.48896025692493,0.481613285883749,0.485258964143426,0.320357706470279,1.2,0.278325123152709,0.518386714116251,0.5299233
office_spiral_events,2,Added events = 5%,AddedEvents,added-event ratio,0.05,1,10201,77,45,0.528828828828829,0.40417718613725,0.458176141537661,0.297165035437057,1.125,0.294151050539466,0.59582281386275,0.7462786
office_spiral_events,2,Added events = 5%,AddedEvents,added-event ratio,0.05,2,10201,77,58,0.57987987987988,0.421431689218682,0.488119312436805,0.322855709747534,1.07142857142857,0.215950284826515,0.578568310781318,0.7657195
office_spiral_events,2,Added events = 5%,AddedEvents,added-event ratio,0.05,3,10201,77,31,0.523123123123123,0.394921786442983,0.450071050251905,0.290381730288381,1.25,0.464408725602755,0.605078213557017,0.8341004
office_spiral_events,2,Added events = 5%,AddedEvents,added-event ratio,0.05,4,10201,77,39,0.574774774774775,0.405766376934492,0.47570523176339,0.31208217837926,1,0.351097178683386,0.594233623065508,0.7793646
office_spiral_events,2,Added events = 5%,AddedEvents,added-event ratio,0.05,5,10201,77,72,0.516216216216216,0.404851625058879,0.453801478352693,0.293494963291788,1.16666666666667,0.213496218731821,0.595148374941121,0.7410161
office_spiral_events,2,Added events = 10%,AddedEvents,added-event ratio,0.1,1,10687,77,53,0.51021021021021,0.374476526338991,0.431930850387695,0.275453955901427,1.125,0.309593878752207,0.625523473661009,0.8112523
office_spiral_events,2,Added events = 10%,AddedEvents,added-event ratio,0.1,2,10687,77,55,0.602402402402402,0.389438943894389,0.473057422473765,0.30980694980695,1,0.324027916251246,0.610561056105611,0.8544467
office_spiral_events,2,Added events = 10%,AddedEvents,added-event ratio,0.1,3,10687,77,53,0.59009009009009,0.378612716763006,0.461267605633803,0.299771167048055,1.09090909090909,0.340458015267176,0.621387283236994,0.7562869
office_spiral_events,2,Added events = 10%,AddedEvents,added-event ratio,0.1,4,10687,77,58,0.59039039039039,0.410438413361169,0.48423645320197,0.319467013324667,1.08333333333333,0.277721261444557,0.589561586638831,0.7470896
office_spiral_events,2,Added events = 10%,AddedEvents,added-event ratio,0.1,5,10687,77,28,0.507507507507508,0.358202628232302,0.419980119284294,0.265806857502359,1,0.606508875739645,0.641797371767698,1.0723492
office_spiral_events,2,Added events = 20%,AddedEvents,added-event ratio,0.2,1,11658,77,74,0.575375375375375,0.406448875689436,0.476379910492292,0.31266318537859,1,0.156054279749478,0.593551124310564,0.8847612
office_spiral_events,2,Added events = 20%,AddedEvents,added-event ratio,0.2,2,11658,77,83,0.55045045045045,0.404903909874089,0.466590301641848,0.304282868525896,1.07142857142857,0.190398254228041,0.595096090125911,0.9110668
office_spiral_events,2,Added events = 20%,AddedEvents,added-event ratio,0.2,3,11658,77,46,0.575075075075075,0.405634399491633,0.475717302198485,0.312092568448501,1,0.28355091383812,0.594365600508367,0.9346226
office_spiral_events,2,Added events = 20%,AddedEvents,added-event ratio,0.2,4,11658,77,37,0.63993993993994,0.386540903319427,0.4819631346828,0.317491060786651,1,0.590333176912248,0.613459096680573,1.1118421
office_spiral_events,2,Added events = 20%,AddedEvents,added-event ratio,0.2,5,11658,77,23,0.838438438438438,0.318249173600821,0.461373213252913,0.299860380195468,1,0.824498567335244,0.681750826399179,1.5268818
office_spiral_events,2,Added events = 30%,AddedEvents,added-event ratio,0.3,1,12630,77,47,0.688588588588589,0.324144755442465,0.44079200307574,0.282702502774011,1,0.569995638901003,0.675855244557535,1.1065996
office_spiral_events,2,Added events = 30%,AddedEvents,added-event ratio,0.3,2,12630,77,57,0.571171171171171,0.34177897574124,0.427655986509275,0.271986271986272,1.14285714285714,0.439011566771819,0.65822102425876,1.0654985
office_spiral_events,2,Added events = 30%,AddedEvents,added-event ratio,0.3,3,12630,77,65,0.580480480480481,0.353834889254988,0.439667917661776,0.281778425655977,1.33333333333333,0.414899120538024,0.646165110745012,0.9978145
office_spiral_events,2,Added events = 30%,AddedEvents,added-event ratio,0.3,4,12630,77,16,0.8996996996997,0.300170323614868,0.450154007963339,0.290450799806108,1,0.793724966622163,0.699829676385132,2.2130247
office_spiral_events,2,Added events = 30%,AddedEvents,added-event ratio,0.3,5,12630,77,26,0.576576576576577,0.359012715033657,0.442498271491127,0.284107724178751,1,0.573958333333333,0.640987284966343,1.3464594
office_spiral_events,2,Full LLGD runtime,Runtime,-,NaN,1,9715,77,46,0.527327327327327,0.432618871643262,0.475301123291379,0.311734422155157,1.1,0.281321184510251,0.567381128356738,0.7355974
office_spiral_events,2,Full LLGD runtime,Runtime,-,NaN,2,9715,77,40,0.531231231231231,0.432201319325678,0.476626700794827,0.312875840113194,1.11111111111111,0.322781232334652,0.567798680674322,0.7183975
office_spiral_events,2,Full LLGD runtime,Runtime,-,NaN,3,9715,77,40,0.556456456456456,0.410500664599025,0.472463029066803,0.309297279252212,1.125,0.291419320021587,0.589499335400975,0.6980483
office_spiral_events,3,Full LLGD,Full,-,NaN,1,6444,77,20,0.262538699690402,0.295059151009047,0.277850589777195,0.161339421613394,1,0.193396226415094,0.704940848990953,0.5013441
office_spiral_events,3,w/o weighted support,Ablation,UseWeights,0,1,6444,77,227,0.875541795665635,0.267853760181853,0.410211778357992,0.258029197080292,1.43478260869565,0.346534653465347,0.732146239818147,0.6493597
office_spiral_events,3,w/o local verification,Ablation,UseVerification,0,1,6444,77,39,0.295356037151703,0.30873786407767,0.301898734177215,0.177786060380171,1,0.169811320754717,0.69126213592233,0.3093077
office_spiral_events,3,w/o global expansion,Ablation,UseGlobalExpansion,0,1,6444,77,36,0.180185758513932,0.385941644562334,0.245673279864922,0.140038498556304,5.66666666666667,0.0584192439862543,0.614058355437666,0.4000647
office_spiral_events,3,unit estimation weights,Ablation,UseWeights,0,1,6444,77,19,0.274303405572755,0.379280821917808,0.318361480416816,0.189316239316239,1,0.200902934537246,0.620719178082192,0.4383654
office_spiral_events,3,unit support tests,Ablation,UseMultiplicitySupport,0,1,6444,77,285,0.853250773993808,0.261927390229994,0.400814426992437,0.2506365951255,1.57692307692308,0.211901306240929,0.738072609770006,0.6372142
office_spiral_events,3,MAD = 3,Sensitivity,MAD,3,1,6444,77,20,0.215479876160991,0.32073732718894,0.257777777777778,0.147959183673469,1,0.132183908045977,0.67926267281106,0.4538727
office_spiral_events,3,MAD = 3.5,Sensitivity,MAD,3.5,1,6444,77,20,0.262538699690402,0.295059151009047,0.277850589777195,0.161339421613394,1,0.193396226415094,0.704940848990953,0.4307617
office_spiral_events,3,MAD = 4,Sensitivity,MAD,4,1,6444,77,21,0.23343653250774,0.31442869057548,0.267945984363895,0.154698399671728,1.33333333333333,0.0689655172413793,0.68557130942452,0.4267639
office_spiral_events,3,p_in = 0.7,Sensitivity,p_in,0.7,1,6444,77,25,0.264396284829721,0.30305180979418,0.282407407407407,0.164420485175202,1,0.173302107728337,0.69694819020582,0.4207478
office_spiral_events,3,p_in = 0.8,Sensitivity,p_in,0.8,1,6444,77,20,0.262538699690402,0.295059151009047,0.277850589777195,0.161339421613394,1,0.193396226415094,0.704940848990953,0.4410543
office_spiral_events,3,p_in = 0.9,Sensitivity,p_in,0.9,1,6444,77,19,0.258204334365325,0.289583333333333,0.272995090016367,0.158074298711145,1,0.201438848920863,0.710416666666667,0.4534101
office_spiral_events,3,p_w = 0.7,Sensitivity,p_w,0.7,1,6444,77,18,0.222910216718266,0.307692307692308,0.258527827648115,0.148453608247423,1,0.177777777777778,0.692307692307692,0.4642691
office_spiral_events,3,p_w = 0.8,Sensitivity,p_w,0.8,1,6444,77,20,0.262538699690402,0.295059151009047,0.277850589777195,0.161339421613394,1,0.193396226415094,0.704940848990953,0.4285494
office_spiral_events,3,p_w = 0.9,Sensitivity,p_w,0.9,1,6444,77,19,0.260681114551084,0.300714285714286,0.279270315091211,0.162297609868928,1,0.216152019002375,0.699285714285714,0.4241958
office_spiral_events,3,overlap = 0.7,Sensitivity,overlap,0.7,1,6444,77,20,0.262538699690402,0.295059151009047,0.277850589777195,0.161339421613394,1,0.193396226415094,0.704940848990953,0.4502028
office_spiral_events,3,overlap = 0.8,Sensitivity,overlap,0.8,1,6444,77,20,0.262538699690402,0.295059151009047,0.277850589777195,0.161339421613394,1,0.193396226415094,0.704940848990953,0.4481253
office_spiral_events,3,overlap = 0.9,Sensitivity,overlap,0.9,1,6444,77,21,0.239009287925697,0.298069498069498,0.265292096219931,0.152931854199683,1,0.181347150259067,0.701930501930502,0.4350034
office_spiral_events,3,eps_s = 0.015,Sensitivity,eps_s,0.015,1,6444,77,20,0.207430340557276,0.35524920466596,0.26192337763878,0.150697255960414,1.5,0.173134328358209,0.64475079533404,0.3558294
office_spiral_events,3,eps_s = 0.02,Sensitivity,eps_s,0.02,1,6444,77,20,0.262538699690402,0.295059151009047,0.277850589777195,0.161339421613394,1,0.193396226415094,0.704940848990953,0.4755397
office_spiral_events,3,eps_s = 0.025,Sensitivity,eps_s,0.025,1,6444,77,19,0.409287925696594,0.254720616570328,0.314014251781473,0.186249647788109,1,0.511346444780635,0.745279383429672,0.5033978
office_spiral_events,3,eps_t = 0.005,Sensitivity,eps_t,0.005,1,6444,77,6,0.173374613003096,0.257116620752984,0.207100591715976,0.115511551155116,NaN,0.335714285714286,0.742883379247016,0.2996147
office_spiral_events,3,eps_t = 0.01,Sensitivity,eps_t,0.01,1,6444,77,17,0.421052631578947,0.318352059925094,0.36256998133831,0.221426245522631,1,0.370588235294118,0.681647940074906,0.4159649
office_spiral_events,3,eps_t = 0.015,Sensitivity,eps_t,0.015,1,6444,77,13,0.315789473684211,0.325462667517549,0.320553111250786,0.190868263473054,1,0.294117647058823,0.674537332482451,0.4130768
office_spiral_events,3,eps_t = 0.02,Sensitivity,eps_t,0.02,1,6444,77,20,0.262538699690402,0.295059151009047,0.277850589777195,0.161339421613394,1,0.193396226415094,0.704940848990953,0.4490738
office_spiral_events,3,eps_t = 0.025,Sensitivity,eps_t,0.025,1,6444,77,20,0.262538699690402,0.295059151009047,0.277850589777195,0.161339421613394,1,0.193396226415094,0.704940848990953,0.4415587
office_spiral_events,3,Event retention = 25%,Sparsity,retention,0.25,1,1611,63,2,0.0891566265060241,0.362745098039216,0.143133462282398,0.0770833333333333,1,0.297297297297297,0.637254901960784,0.0569826
office_spiral_events,3,Event retention = 25%,Sparsity,retention,0.25,2,1611,61,2,0.0531400966183575,0.275,0.0890688259109312,0.0466101694915254,1,0.181818181818182,0.725,0.0726339
office_spiral_events,3,Event retention = 25%,Sparsity,retention,0.25,3,1611,64,1,0,0,0,0,NaN,NaN,1,0.0436668
office_spiral_events,3,Event retention = 25%,Sparsity,retention,0.25,4,1611,60,1,0,0,0,0,NaN,NaN,1,0.0476399
office_spiral_events,3,Event retention = 25%,Sparsity,retention,0.25,5,1611,63,3,0.0413625304136253,0.204819277108434,0.0688259109311741,0.0356394129979036,2,0,0.795180722891566,0.0456826
office_spiral_events,3,Event retention = 50%,Sparsity,retention,0.5,1,3222,70,2,0.105063291139241,0.397129186602871,0.166166166166166,0.0906113537117904,1,0.240963855421687,0.602870813397129,0.1374927
office_spiral_events,3,Event retention = 50%,Sparsity,retention,0.5,2,3222,75,3,0.027363184079602,0.134969325153374,0.0455015511892451,0.0232804232804233,1,0,0.865030674846626,0.1665126
office_spiral_events,3,Event retention = 50%,Sparsity,retention,0.5,3,3222,74,7,0.177045177045177,0.434131736526946,0.251517779705117,0.143849206349206,1,0.220689655172414,0.565868263473054,0.1439975
office_spiral_events,3,Event retention = 50%,Sparsity,retention,0.5,4,3222,76,3,0.113414634146341,0.449275362318841,0.181110029211295,0.0995717344753747,1,0.301075268817204,0.550724637681159,0.15396
office_spiral_events,3,Event retention = 50%,Sparsity,retention,0.5,5,3222,71,6,0.112469437652812,0.344569288389513,0.169585253456221,0.0926485397784491,1,0.119565217391304,0.655430711610487,0.1437563
office_spiral_events,3,Event retention = 75%,Sparsity,retention,0.75,1,4833,76,6,0.191769547325103,0.448076923076923,0.268587896253602,0.155126498002663,1,0.15450643776824,0.551923076923077,0.2849805
office_spiral_events,3,Event retention = 75%,Sparsity,retention,0.75,2,4833,76,9,0.179028132992327,0.387453874538745,0.244897959183673,0.13953488372093,1,0.157142857142857,0.612546125461255,0.2857474
office_spiral_events,3,Event retention = 75%,Sparsity,retention,0.75,3,4833,76,10,0.20114006514658,0.428076256499133,0.273684210526316,0.158536585365854,1,0.129554655870445,0.571923743500866,0.2942684
office_spiral_events,3,Event retention = 75%,Sparsity,retention,0.75,4,4833,75,7,0.204081632653061,0.471698113207547,0.284900284900285,0.166112956810631,1,0.116,0.528301886792453,0.2689204
office_spiral_events,3,Event retention = 75%,Sparsity,retention,0.75,5,4833,76,8,0.193388429752066,0.422382671480144,0.26530612244898,0.152941176470588,1,0.162393162393162,0.577617328519856,0.2972036
office_spiral_events,3,Added events = 5%,AddedEvents,added-event ratio,0.05,1,6766,77,21,0.270588235294118,0.324907063197026,0.29527027027027,0.173206500198177,1,0.203661327231121,0.675092936802974,0.4428864
office_spiral_events,3,Added events = 5%,AddedEvents,added-event ratio,0.05,2,6766,77,22,0.410526315789474,0.242501828822238,0.304897677627041,0.179869777536625,1,0.402714932126697,0.757498171177762,0.565391
office_spiral_events,3,Added events = 5%,AddedEvents,added-event ratio,0.05,3,6766,77,20,0.310216718266254,0.321772639691715,0.315889029003783,0.187570198427555,1,0.281437125748503,0.678227360308285,0.4621387
office_spiral_events,3,Added events = 5%,AddedEvents,added-event ratio,0.05,4,6766,77,21,0.261919504643963,0.324884792626728,0.290023997257456,0.169607056936648,1,0.200945626477541,0.675115207373272,0.4565431
office_spiral_events,3,Added events = 5%,AddedEvents,added-event ratio,0.05,5,6766,77,21,0.351702786377709,0.329849012775842,0.340425531914894,0.205128205128205,1,0.367957746478873,0.670150987224158,0.4956249
office_spiral_events,3,Added events = 10%,AddedEvents,added-event ratio,0.1,1,7088,77,21,0.240247678018576,0.314424635332253,0.272376272376272,0.157659488013003,1,0.208762886597938,0.685575364667747,0.4391037
office_spiral_events,3,Added events = 10%,AddedEvents,added-event ratio,0.1,2,7088,77,21,0.41671826625387,0.255504935459377,0.316780418922099,0.188199105145414,1,0.473997028231798,0.744495064540623,0.5048803
office_spiral_events,3,Added events = 10%,AddedEvents,added-event ratio,0.1,3,7088,77,23,0.23343653250774,0.299682034976153,0.262443438914027,0.151041666666667,1,0.183023872679045,0.700317965023847,0.4937031
office_spiral_events,3,Added events = 10%,AddedEvents,added-event ratio,0.1,4,7088,77,21,0.274303405572755,0.321014492753623,0.295826377295492,0.17358934169279,1,0.225733634311512,0.678985507246377,0.4395825
office_spiral_events,3,Added events = 10%,AddedEvents,added-event ratio,0.1,5,7088,77,24,0.435294117647059,0.233632436025258,0.304065743944637,0.179290997194593,1,0.480796586059744,0.766367563974742,0.571701
office_spiral_events,3,Added events = 20%,AddedEvents,added-event ratio,0.2,1,7733,77,25,0.265634674922601,0.318249258160237,0.289571380357746,0.169297553275454,1,0.163170163170163,0.681750741839763,0.4670184
office_spiral_events,3,Added events = 20%,AddedEvents,added-event ratio,0.2,2,7733,77,22,0.227863777089783,0.282425172678434,0.252227553118574,0.144313725490196,1,0.168478260869565,0.717574827321566,0.4896784
office_spiral_events,3,Added events = 20%,AddedEvents,added-event ratio,0.2,3,7733,77,24,0.398142414860681,0.276678141135972,0.326478801726326,0.195084951456311,1,0.379471228615863,0.723321858864028,0.5904167
office_spiral_events,3,Added events = 20%,AddedEvents,added-event ratio,0.2,4,7733,77,24,0.313312693498452,0.327296248382924,0.320151850680165,0.190583804143126,1,0.239130434782609,0.672703751617076,0.5124239
office_spiral_events,3,Added events = 20%,AddedEvents,added-event ratio,0.2,5,7733,77,24,0.244582043343653,0.309076682316119,0.273072934669893,0.158126501200961,1.5,0.20253164556962,0.690923317683881,0.5012664
office_spiral_events,3,Added events = 30%,AddedEvents,added-event ratio,0.3,1,8377,77,21,0.552321981424149,0.237234042553191,0.331906976744186,0.198973901405309,1,0.599775784753363,0.762765957446809,0.7806475
office_spiral_events,3,Added events = 30%,AddedEvents,added-event ratio,0.3,2,8377,77,27,0.375232198142415,0.301792828685259,0.334529395528568,0.200861783228373,1,0.344884488448845,0.698207171314741,0.534945
office_spiral_events,3,Added events = 30%,AddedEvents,added-event ratio,0.3,3,8377,77,21,0.481114551083591,0.231318844894314,0.312424607961399,0.185132237312366,1,0.46975546975547,0.768681155105686,0.6782292
office_spiral_events,3,Added events = 30%,AddedEvents,added-event ratio,0.3,4,8377,77,34,0.282352941176471,0.326413743736578,0.302788844621514,0.178403755868545,1.2,0.171052631578947,0.673586256263422,0.5861879
office_spiral_events,3,Added events = 30%,AddedEvents,added-event ratio,0.3,5,8377,77,30,0.530650154798762,0.233133841131665,0.323946323946324,0.193279206134416,1,0.52392065344224,0.766866158868335,0.9083039
office_spiral_events,3,Full LLGD runtime,Runtime,-,NaN,1,6444,77,20,0.262538699690402,0.295059151009047,0.277850589777195,0.161339421613394,1,0.193396226415094,0.704940848990953,0.4580735
office_spiral_events,3,Full LLGD runtime,Runtime,-,NaN,2,6444,77,19,0.247678018575851,0.32520325203252,0.281195079086116,0.16359918200409,1,0.2025,0.67479674796748,0.4235081
office_spiral_events,3,Full LLGD runtime,Runtime,-,NaN,3,6444,77,19,0.241486068111455,0.332197614991482,0.279670132664037,0.162567736556899,1,0.2,0.667802385008518,0.4521412
office_spiral_events,4,Full LLGD,Full,-,NaN,1,5552,68,26,0.238041002277904,0.348914858096828,0.283006093432634,0.164826498422713,1,0.102870813397129,0.651085141903172,0.4427716
office_spiral_events,4,w/o weighted support,Ablation,UseWeights,0,1,5552,68,270,0.899772209567198,0.35283608753908,0.506897658004491,0.339492909325312,1.79411764705882,0.118354430379747,0.64716391246092,0.5648498
office_spiral_events,4,w/o local verification,Ablation,UseVerification,0,1,5552,68,59,0.468109339407745,0.388652482269504,0.424696460862826,0.269596589045589,1.1,0.144768856447689,0.611347517730496,0.2983619
office_spiral_events,4,w/o global expansion,Ablation,UseGlobalExpansion,0,1,5552,68,37,0.136104783599089,0.320805369127517,0.191123550579768,0.105658709106985,1.83333333333333,0.0502092050209205,0.679194630872483,0.4289289
office_spiral_events,4,unit estimation weights,Ablation,UseWeights,0,1,5552,68,28,0.28246013667426,0.383604021655066,0.325352574614628,0.194281237759499,1,0.118951612903226,0.616395978344934,0.48116
office_spiral_events,4,unit support tests,Ablation,UseMultiplicitySupport,0,1,5552,68,267,0.879840546697039,0.349864130434783,0.500648088139987,0.33390966068727,1.81818181818182,0.125566343042071,0.650135869565217,0.5596818
office_spiral_events,4,MAD = 3,Sensitivity,MAD,3,1,5552,68,29,0.234054669703872,0.343645484949833,0.278455284552846,0.161747343565525,1,0.10948905109489,0.656354515050167,0.43531
office_spiral_events,4,MAD = 3.5,Sensitivity,MAD,3.5,1,5552,68,26,0.238041002277904,0.348914858096828,0.283006093432634,0.164826498422713,1,0.102870813397129,0.651085141903172,0.4411255
office_spiral_events,4,MAD = 4,Sensitivity,MAD,4,1,5552,68,27,0.250569476082005,0.345911949685535,0.290620871862616,0.170015455950541,1,0.109090909090909,0.654088050314465,0.4253951
office_spiral_events,4,p_in = 0.7,Sensitivity,p_in,0.7,1,5552,68,32,0.276765375854214,0.356566397652238,0.311638345623597,0.184580326623623,1,0.15843621399177,0.643433602347762,0.4270758
office_spiral_events,4,p_in = 0.8,Sensitivity,p_in,0.8,1,5552,68,26,0.238041002277904,0.348914858096828,0.283006093432634,0.164826498422713,1,0.102870813397129,0.651085141903172,0.4372098
office_spiral_events,4,p_in = 0.9,Sensitivity,p_in,0.9,1,5552,68,24,0.244305239179954,0.355721393034826,0.289669142471303,0.169364390051323,1,0.111888111888112,0.644278606965174,0.4644358
office_spiral_events,4,p_w = 0.7,Sensitivity,p_w,0.7,1,5552,68,26,0.238041002277904,0.348914858096828,0.283006093432634,0.164826498422713,1,0.102870813397129,0.651085141903172,0.4769497
office_spiral_events,4,p_w = 0.8,Sensitivity,p_w,0.8,1,5552,68,26,0.238041002277904,0.348914858096828,0.283006093432634,0.164826498422713,1,0.102870813397129,0.651085141903172,0.4450365
office_spiral_events,4,p_w = 0.9,Sensitivity,p_w,0.9,1,5552,68,27,0.244874715261959,0.352459016393443,0.288978494623656,0.168892380204242,1,0.113953488372093,0.647540983606557,0.45213
office_spiral_events,4,overlap = 0.7,Sensitivity,overlap,0.7,1,5552,68,26,0.238041002277904,0.348914858096828,0.283006093432634,0.164826498422713,1,0.102870813397129,0.651085141903172,0.4491022
office_spiral_events,4,overlap = 0.8,Sensitivity,overlap,0.8,1,5552,68,26,0.238041002277904,0.348914858096828,0.283006093432634,0.164826498422713,1,0.102870813397129,0.651085141903172,0.4493947
office_spiral_events,4,overlap = 0.9,Sensitivity,overlap,0.9,1,5552,68,26,0.238041002277904,0.34979079497908,0.283293798712301,0.16502171338334,1,0.102870813397129,0.65020920502092,0.4350032
office_spiral_events,4,eps_s = 0.015,Sensitivity,eps_s,0.015,1,5552,68,30,0.234054669703872,0.372958257713249,0.287613715885234,0.167960768287699,1,0.150851581508516,0.627041742286751,0.3800722
office_spiral_events,4,eps_s = 0.02,Sensitivity,eps_s,0.02,1,5552,68,26,0.238041002277904,0.348914858096828,0.283006093432634,0.164826498422713,1,0.102870813397129,0.651085141903172,0.4494976
office_spiral_events,4,eps_s = 0.025,Sensitivity,eps_s,0.025,1,5552,68,26,0.30125284738041,0.326140567200986,0.313203078744819,0.185679185679186,1,0.234404536862004,0.673859432799014,0.4779467
office_spiral_events,4,eps_t = 0.005,Sensitivity,eps_t,0.005,1,5552,68,2,0.0660592255125285,0.317808219178082,0.109382366808109,0.05785536159601,1,0,0.682191780821918,0.2345773
office_spiral_events,4,eps_t = 0.01,Sensitivity,eps_t,0.01,1,5552,68,20,0.195330296127563,0.332686711930165,0.246142805884464,0.140343698854337,1,0.142857142857143,0.667313288069835,0.3647031
office_spiral_events,4,eps_t = 0.015,Sensitivity,eps_t,0.015,1,5552,68,23,0.2374715261959,0.34953897736798,0.282807731434385,0.164691943127962,1,0.115107913669065,0.65046102263202,0.4246412
office_spiral_events,4,eps_t = 0.02,Sensitivity,eps_t,0.02,1,5552,68,26,0.238041002277904,0.348914858096828,0.283006093432634,0.164826498422713,1,0.102870813397129,0.651085141903172,0.434589
office_spiral_events,4,eps_t = 0.025,Sensitivity,eps_t,0.025,1,5552,68,26,0.238041002277904,0.348914858096828,0.283006093432634,0.164826498422713,1,0.102870813397129,0.651085141903172,0.4675132
office_spiral_events,4,Event retention = 25%,Sparsity,retention,0.25,1,1388,60,1,0,0,0,0,NaN,NaN,1,0.0364424
office_spiral_events,4,Event retention = 25%,Sparsity,retention,0.25,2,1388,61,3,0.0748792270531401,0.316326530612245,0.12109375,0.0644490644490645,1,0,0.683673469387755,0.0416322
office_spiral_events,4,Event retention = 25%,Sparsity,retention,0.25,3,1388,59,2,0.0592105263157895,0.3,0.0989010989010989,0.0520231213872832,1,0,0.7,0.0485887
office_spiral_events,4,Event retention = 25%,Sparsity,retention,0.25,4,1388,59,1,0,0,0,0,NaN,NaN,1,0.0414318
office_spiral_events,4,Event retention = 25%,Sparsity,retention,0.25,5,1388,62,2,0.0936863543788187,0.403508771929825,0.152066115702479,0.0822898032200358,1,0,0.596491228070175,0.0363861
office_spiral_events,4,Event retention = 50%,Sparsity,retention,0.5,1,2776,67,8,0.0996602491506229,0.321167883211679,0.152117545375972,0.0823199251637044,1,0.0568181818181818,0.678832116788321,0.1265777
office_spiral_events,4,Event retention = 50%,Sparsity,retention,0.5,2,2776,65,5,0.0798226164079823,0.289156626506024,0.125108601216334,0.0667284522706209,1,0,0.710843373493976,0.1029452
office_spiral_events,4,Event retention = 50%,Sparsity,retention,0.5,3,2776,65,8,0.100686498855835,0.338461538461538,0.155202821869489,0.0841300191204589,1,0,0.661538461538462,0.1387327
office_spiral_events,4,Event retention = 50%,Sparsity,retention,0.5,4,2776,65,7,0.0992018244013683,0.364016736401674,0.155913978494624,0.0845481049562682,1,0,0.635983263598326,0.1333586
office_spiral_events,4,Event retention = 50%,Sparsity,retention,0.5,5,2776,66,7,0.117241379310345,0.392307692307692,0.180530973451327,0.0992217898832685,1,0,0.607692307692308,0.1537968
office_spiral_events,4,Event retention = 75%,Sparsity,retention,0.75,1,4164,68,12,0.177272727272727,0.390651085141903,0.243877019280875,0.138872403560831,1.5,0.145299145299145,0.609348914858097,0.2579571
office_spiral_events,4,Event retention = 75%,Sparsity,retention,0.75,2,4164,65,12,0.172387490465294,0.400709219858156,0.241066666666667,0.137052759248029,1,0.0132743362831859,0.599290780141844,0.2855945
office_spiral_events,4,Event retention = 75%,Sparsity,retention,0.75,3,4164,64,10,0.115919629057187,0.308641975308642,0.168539325842697,0.0920245398773006,1,0.00666666666666671,0.691358024691358,0.2839194
office_spiral_events,4,Event retention = 75%,Sparsity,retention,0.75,4,4164,66,17,0.175491679273828,0.331902718168813,0.229589312221672,0.129681386249301,1,0.021551724137931,0.668097281831187,0.2777185
office_spiral_events,4,Event retention = 75%,Sparsity,retention,0.75,5,4164,68,12,0.131297709923664,0.310469314079422,0.184549356223176,0.101654846335697,1,0,0.689530685920578,0.2867739
office_spiral_events,4,Added events = 5%,AddedEvents,added-event ratio,0.05,1,5830,68,31,0.258542141230068,0.346829640947288,0.296247960848287,0.173879739563386,1.16666666666667,0.136563876651982,0.653170359052712,0.4535013
office_spiral_events,4,Added events = 5%,AddedEvents,added-event ratio,0.05,2,5830,68,25,0.253416856492027,0.360032362459547,0.297459893048128,0.174715351393797,1,0.123595505617977,0.639967637540453,0.5901112
office_spiral_events,4,Added events = 5%,AddedEvents,added-event ratio,0.05,3,5830,68,27,0.244305239179954,0.349918433931485,0.287726358148893,0.168037602820212,1,0.114219114219114,0.650081566068516,0.4493695
office_spiral_events,4,Added events = 5%,AddedEvents,added-event ratio,0.05,4,5830,68,28,0.248861047835991,0.350441058540497,0.291042291042291,0.170303975058457,1,0.123569794050343,0.649558941459503,0.4746604
office_spiral_events,4,Added events = 5%,AddedEvents,added-event ratio,0.05,5,5830,68,29,0.253986332574032,0.348165495706479,0.293710898913401,0.172134311076804,1,0.12780269058296,0.651834504293521,0.4745146
office_spiral_events,4,Added events = 10%,AddedEvents,added-event ratio,0.1,1,6107,68,29,0.32744874715262,0.401256106071179,0.360614612731264,0.219969395562357,1,0.165217391304348,0.598743893928821,0.4669418
office_spiral_events,4,Added events = 10%,AddedEvents,added-event ratio,0.1,2,6107,68,29,0.291002277904328,0.368155619596542,0.325063613231552,0.194075199392328,1,0.183953033268102,0.631844380403458,0.4402401
office_spiral_events,4,Added events = 10%,AddedEvents,added-event ratio,0.1,3,6107,68,35,0.281321184510251,0.34139599170698,0.308460817983141,0.182355112587671,1.2,0.135627530364372,0.65860400829302,0.4715422
office_spiral_events,4,Added events = 10%,AddedEvents,added-event ratio,0.1,4,6107,68,29,0.304669703872437,0.386560693641618,0.340764331210191,0.205374280230326,1,0.108411214953271,0.613439306358382,0.4714219
office_spiral_events,4,Added events = 10%,AddedEvents,added-event ratio,0.1,5,6107,68,32,0.244874715261959,0.310918293564714,0.273972602739726,0.158730158730159,1,0.118604651162791,0.689081706435286,0.4836892
office_spiral_events,4,Added events = 20%,AddedEvents,added-event ratio,0.2,1,6662,68,30,0.289293849658314,0.354253835425384,0.318495297805643,0.189410887397465,1.14285714285714,0.139763779527559,0.645746164574616,0.4543077
office_spiral_events,4,Added events = 20%,AddedEvents,added-event ratio,0.2,2,6662,68,31,0.265945330296128,0.332384341637011,0.295476115153432,0.173348181143281,1,0.156316916488223,0.667615658362989,0.5426348
office_spiral_events,4,Added events = 20%,AddedEvents,added-event ratio,0.2,3,6662,68,35,0.33371298405467,0.376848874598071,0.353971609785563,0.215045871559633,1,0.158703071672355,0.623151125401929,0.4997481
office_spiral_events,4,Added events = 20%,AddedEvents,added-event ratio,0.2,4,6662,68,40,0.347949886104784,0.371202916160389,0.359200470311581,0.218917950555357,1,0.160392798690671,0.628797083839611,0.5459143
office_spiral_events,4,Added events = 20%,AddedEvents,added-event ratio,0.2,5,6662,68,28,0.254555808656036,0.315010570824524,0.281574803149606,0.163856304985337,1,0.116331096196868,0.684989429175476,0.5354099
office_spiral_events,4,Added events = 30%,AddedEvents,added-event ratio,0.3,1,7218,68,30,0.278473804100228,0.352051835853132,0.310969793322735,0.184111445783133,1,0.0633946830265849,0.647948164146868,0.5449382
office_spiral_events,4,Added events = 30%,AddedEvents,added-event ratio,0.3,2,7218,68,35,0.266514806378132,0.328882642304989,0.294432211387229,0.17263002582073,1,0.117521367521368,0.671117357695011,0.6758959
office_spiral_events,4,Added events = 30%,AddedEvents,added-event ratio,0.3,3,7218,68,43,0.337699316628702,0.329994435169727,0.333802420489727,0.200337837837838,1,0.193929173693086,0.670005564830273,0.5857066
office_spiral_events,4,Added events = 30%,AddedEvents,added-event ratio,0.3,4,7218,68,31,0.356492027334852,0.398218829516539,0.376201923076923,0.231680236861584,1,0.116613418530351,0.601781170483461,0.6301973
office_spiral_events,4,Added events = 30%,AddedEvents,added-event ratio,0.3,5,7218,68,36,0.300113895216401,0.356804333107651,0.326012991030003,0.194752402069475,1,0.140417457305503,0.643195666892349,0.5477159
office_spiral_events,4,Full LLGD runtime,Runtime,-,NaN,1,5552,68,26,0.238041002277904,0.348914858096828,0.283006093432634,0.164826498422713,1,0.102870813397129,0.651085141903172,0.4424572
office_spiral_events,4,Full LLGD runtime,Runtime,-,NaN,2,5552,68,26,0.244874715261959,0.350162866449511,0.288203753351206,0.168363351605325,1,0.12093023255814,0.649837133550489,0.4332854
office_spiral_events,4,Full LLGD runtime,Runtime,-,NaN,3,5552,68,28,0.256833712984055,0.360511590727418,0.299966744263385,0.176447574334898,1.2,0.121951219512195,0.639488409272582,0.4538682
office_spiral_events,5,Full LLGD,Full,-,NaN,1,10549,79,34,0.557334326135517,0.252957080094627,0.347977684797769,0.210637399746729,1,0.633266533066132,0.747042919905373,0.9144163
office_spiral_events,5,w/o weighted support,Ablation,UseWeights,0,1,10549,79,255,0.933358153387937,0.258347073371805,0.404681194511703,0.25366791460083,1.59090909090909,0.378141204627044,0.741652926628195,0.8613629
office_spiral_events,5,w/o local verification,Ablation,UseVerification,0,1,10549,79,115,0.470588235294118,0.251492240350179,0.327800829875519,0.196029776674938,1,0.138449367088608,0.748507759649821,0.5655607
office_spiral_events,5,w/o global expansion,Ablation,UseGlobalExpansion,0,1,10549,79,125,0.16120625465376,0.196105072463768,0.176951369023294,0.0970634386908765,1.71428571428571,0.00461893764434185,0.803894927536232,0.8558202
office_spiral_events,5,unit estimation weights,Ablation,UseWeights,0,1,10549,79,27,0.538719285182427,0.254395218002813,0.345593503701935,0.208892738559261,1,0.728403593642018,0.745604781997187,1.0636453
office_spiral_events,5,unit support tests,Ablation,UseMultiplicitySupport,0,1,10549,79,337,0.914370811615786,0.259976712183762,0.404846286985906,0.253797664565464,1.7,0.28257328990228,0.740023287816238,0.9460817
office_spiral_events,5,MAD = 3,Sensitivity,MAD,3,1,10549,79,59,0.317572598659717,0.234792182769061,0.269979427124545,0.156055616538602,1,0.161781946072685,0.765207817230939,0.9220265
office_spiral_events,5,MAD = 3.5,Sensitivity,MAD,3.5,1,10549,79,34,0.557334326135517,0.252957080094627,0.347977684797769,0.210637399746729,1,0.633266533066132,0.747042919905373,0.8710056
office_spiral_events,5,MAD = 4,Sensitivity,MAD,4,1,10549,79,34,0.627699180938198,0.265302911093627,0.372967592080522,0.229231815091774,1,0.641162514827995,0.734697088906373,0.968303
office_spiral_events,5,p_in = 0.7,Sensitivity,p_in,0.7,1,10549,79,37,0.523827252419955,0.245506892339906,0.334323393132945,0.200713266761769,1,0.584932480454869,0.754493107660094,0.899237
office_spiral_events,5,p_in = 0.8,Sensitivity,p_in,0.8,1,10549,79,34,0.557334326135517,0.252957080094627,0.347977684797769,0.210637399746729,1,0.633266533066132,0.747042919905373,0.851118
office_spiral_events,5,p_in = 0.9,Sensitivity,p_in,0.9,1,10549,79,33,0.557334326135517,0.253213802435724,0.348220516399163,0.210815378115758,1,0.633266533066132,0.746786197564276,0.8804255
office_spiral_events,5,p_w = 0.7,Sensitivity,p_w,0.7,1,10549,79,34,0.557334326135517,0.252957080094627,0.347977684797769,0.210637399746729,1,0.633266533066132,0.747042919905373,0.9589978
office_spiral_events,5,p_w = 0.8,Sensitivity,p_w,0.8,1,10549,79,34,0.557334326135517,0.252957080094627,0.347977684797769,0.210637399746729,1,0.633266533066132,0.747042919905373,0.8832292
office_spiral_events,5,p_w = 0.9,Sensitivity,p_w,0.9,1,10549,79,34,0.557334326135517,0.252957080094627,0.347977684797769,0.210637399746729,1,0.633266533066132,0.747042919905373,0.8801161
office_spiral_events,5,overlap = 0.7,Sensitivity,overlap,0.7,1,10549,79,34,0.557334326135517,0.252957080094627,0.347977684797769,0.210637399746729,1,0.633266533066132,0.747042919905373,0.8937062
office_spiral_events,5,overlap = 0.8,Sensitivity,overlap,0.8,1,10549,79,34,0.557334326135517,0.252957080094627,0.347977684797769,0.210637399746729,1,0.633266533066132,0.747042919905373,0.9059547
office_spiral_events,5,overlap = 0.9,Sensitivity,overlap,0.9,1,10549,79,59,0.355547282204021,0.250458956202465,0.293891367902754,0.172258297258297,1,0.14869109947644,0.749541043797535,0.8142978
office_spiral_events,5,eps_s = 0.015,Sensitivity,eps_s,0.015,1,10549,79,63,0.24385703648548,0.231367008124338,0.237447888345115,0.134718222953517,1,0.0519083969465649,0.768632991875662,0.8309565
office_spiral_events,5,eps_s = 0.02,Sensitivity,eps_s,0.02,1,10549,79,34,0.557334326135517,0.252957080094627,0.347977684797769,0.210637399746729,1,0.633266533066132,0.747042919905373,0.93788
office_spiral_events,5,eps_s = 0.025,Sensitivity,eps_s,0.025,1,10549,79,5,0.579672375279226,0.266655249186505,0.365278592375367,0.223450057405281,NaN,0.904945407835581,0.733344750813495,1.2311519
office_spiral_events,5,eps_t = 0.005,Sensitivity,eps_t,0.005,1,10549,79,5,0.5,0.273022972148811,0.35318869165023,0.21446822101565,1,0.833209233060313,0.726977027851189,1.348796
office_spiral_events,5,eps_t = 0.01,Sensitivity,eps_t,0.01,1,10549,79,15,0.644825018615041,0.259087509349289,0.369651051115142,0.22673124754549,1,0.780023094688222,0.740912490650711,1.23762
office_spiral_events,5,eps_t = 0.015,Sensitivity,eps_t,0.015,1,10549,79,14,0.659344750558451,0.253579610538373,0.366287487073423,0.224205595645018,1,0.823828345567476,0.746420389461627,1.2417231
office_spiral_events,5,eps_t = 0.02,Sensitivity,eps_t,0.02,1,10549,79,34,0.557334326135517,0.252957080094627,0.347977684797769,0.210637399746729,1,0.633266533066132,0.747042919905373,0.9348031
office_spiral_events,5,eps_t = 0.025,Sensitivity,eps_t,0.025,1,10549,79,34,0.557334326135517,0.252957080094627,0.347977684797769,0.210637399746729,1,0.633266533066132,0.747042919905373,0.9057978
office_spiral_events,5,Event retention = 25%,Sparsity,retention,0.25,1,2637,74,2,0.0201438848920863,0.184210526315789,0.0363164721141375,0.0184940554821664,1,0,0.815789473684211,0.106699
office_spiral_events,5,Event retention = 25%,Sparsity,retention,0.25,2,2637,72,2,0.0015015015015015,0.0140845070422535,0.00271370420624152,0.00135869565217391,NaN,0,0.985915492957746,0.0968118
office_spiral_events,5,Event retention = 25%,Sparsity,retention,0.25,3,2637,74,2,0.00592592592592593,0.0470588235294118,0.0105263157894737,0.00529100529100529,NaN,0,0.952941176470588,0.1168396
office_spiral_events,5,Event retention = 25%,Sparsity,retention,0.25,4,2637,74,3,0.0148588410104012,0.116279069767442,0.0263504611330698,0.0133511348464619,NaN,0.4,0.883720930232558,0.0926134
office_spiral_events,5,Event retention = 25%,Sparsity,retention,0.25,5,2637,70,4,0,0,0,0,NaN,NaN,1,0.1120494
office_spiral_events,5,Event retention = 50%,Sparsity,retention,0.5,1,5275,78,10,0.056081573197378,0.179906542056075,0.0855080510827318,0.0446635730858469,1,0.038961038961039,0.820093457943925,0.3559075
office_spiral_events,5,Event retention = 50%,Sparsity,retention,0.5,2,5275,76,12,0.062359128474831,0.237142857142857,0.098750743604997,0.0519399249061327,1,0.0120481927710844,0.762857142857143,0.3533998
office_spiral_events,5,Event retention = 50%,Sparsity,retention,0.5,3,5275,78,16,0.0946252838758516,0.243190661478599,0.136239782016349,0.0730994152046784,1,0.00800000000000001,0.756809338521401,0.5130696
office_spiral_events,5,Event retention = 50%,Sparsity,retention,0.5,4,5275,76,13,0.104335047759001,0.263450834879406,0.149473684210526,0.080773606370876,1,0.0422535211267606,0.736549165120594,0.3886856
office_spiral_events,5,Event retention = 50%,Sparsity,retention,0.5,5,5275,76,14,0.0567587752053772,0.171171171171171,0.0852495793606282,0.044522554188635,1,0.0263157894736842,0.828828828828829,0.3798336
office_spiral_events,5,Event retention = 75%,Sparsity,retention,0.75,1,7912,77,34,0.249256689791873,0.237937559129612,0.243465634075508,0.138605676494902,1,0.226640159045726,0.762062440870388,0.5866591
office_spiral_events,5,Event retention = 75%,Sparsity,retention,0.75,2,7912,77,41,0.308580030105369,0.269618588338448,0.287786616752457,0.168078710030063,1,0.242276422764228,0.730381411661552,0.562441
office_spiral_events,5,Event retention = 75%,Sparsity,retention,0.75,3,7912,78,32,0.231486022560078,0.295739348370927,0.259697386519945,0.149225418906102,1,0.0720338983050848,0.704260651629073,0.65793
office_spiral_events,5,Event retention = 75%,Sparsity,retention,0.75,4,7912,79,40,0.235555555555556,0.249738219895288,0.242439644218551,0.137941006362059,1,0.0943396226415094,0.750261780104712,0.5848317
office_spiral_events,5,Event retention = 75%,Sparsity,retention,0.75,5,7912,78,31,0.301728395061728,0.240267400707825,0.267513134851138,0.154409906494819,1,0.391162029459902,0.759732599292175,0.6068367
office_spiral_events,5,Added events = 5%,AddedEvents,added-event ratio,0.05,1,11076,79,6,0.5867460908414,0.267435940946886,0.367408788903136,0.225046408681993,NaN,0.895939086294416,0.732564059053114,1.4103098
office_spiral_events,5,Added events = 5%,AddedEvents,added-event ratio,0.05,2,11076,79,26,0.63216679076694,0.259038901601831,0.367492695595715,0.225109372928543,1,0.767373380447585,0.740961098398169,1.2521546
office_spiral_events,5,Added events = 5%,AddedEvents,added-event ratio,0.05,3,11076,79,59,0.523082650781832,0.245629370629371,0.334285034499167,0.200685616340523,1,0.427046263345196,0.754370629370629,0.8611434
office_spiral_events,5,Added events = 5%,AddedEvents,added-event ratio,0.05,4,11076,79,23,0.599404318689501,0.262471470492338,0.365079365079365,0.223300970873786,1,0.702484472049689,0.737528529507662,1.2142088
office_spiral_events,5,Added events = 5%,AddedEvents,added-event ratio,0.05,5,11076,79,62,0.350707371556217,0.226987951807229,0.275599765944997,0.159823549372243,1,0.198513800424628,0.773012048192771,0.8938684
office_spiral_events,5,Added events = 10%,AddedEvents,added-event ratio,0.1,1,11604,79,44,0.370811615785555,0.220451527224436,0.276513048306496,0.160438144329897,1,0.478915662650602,0.779548472775564,0.9511953
office_spiral_events,5,Added events = 10%,AddedEvents,added-event ratio,0.1,2,11604,79,6,0.593819806403574,0.257424144609425,0.359153343841477,0.218882942225882,NaN,0.898432601880878,0.742575855390575,1.5294382
office_spiral_events,5,Added events = 10%,AddedEvents,added-event ratio,0.1,3,11604,79,60,0.428890543559196,0.236356175625769,0.304761904761905,0.179775280898876,1,0.274305555555556,0.763643824374231,0.9020533
office_spiral_events,5,Added events = 10%,AddedEvents,added-event ratio,0.1,4,11604,79,57,0.473938942665674,0.228422752556971,0.308269766315535,0.182221586029201,1,0.386488609583661,0.771577247443029,0.9289387
office_spiral_events,5,Added events = 10%,AddedEvents,added-event ratio,0.1,5,11604,79,33,0.470588235294118,0.215810141710773,0.295914784033712,0.173650226679489,1,0.6875,0.784189858289227,1.0794016
office_spiral_events,5,Added events = 20%,AddedEvents,added-event ratio,0.2,1,12659,79,31,0.493670886075949,0.20596458527493,0.290661990355107,0.170043600923314,1,0.67420814479638,0.79403541472507,1.2539433
office_spiral_events,5,Added events = 20%,AddedEvents,added-event ratio,0.2,2,12659,79,47,0.421816827997022,0.220900760382141,0.289955214331414,0.169560011972463,1,0.480141218005296,0.779099239617859,1.2013975
office_spiral_events,5,Added events = 20%,AddedEvents,added-event ratio,0.2,3,12659,79,30,0.602010424422934,0.235576923076923,0.338638743455497,0.203832093785453,1,0.767470624613482,0.764423076923077,1.4761468
office_spiral_events,5,Added events = 20%,AddedEvents,added-event ratio,0.2,4,12659,79,54,0.428890543559196,0.205898123324397,0.278227267238256,0.161593491373264,1.33333333333333,0.432291666666667,0.794101876675603,1.0395872
office_spiral_events,5,Added events = 20%,AddedEvents,added-event ratio,0.2,5,12659,79,14,0.594192107222636,0.23391470027847,0.335681985487433,0.20169341589789,1,0.879072681704261,0.76608529972153,1.7027494
office_spiral_events,5,Added events = 30%,AddedEvents,added-event ratio,0.3,1,13714,79,92,0.422561429635145,0.203880007185198,0.275051496425542,0.159454903062658,1.11111111111111,0.172687224669604,0.796119992814802,1.1447677
office_spiral_events,5,Added events = 30%,AddedEvents,added-event ratio,0.3,2,13714,79,45,0.547654504839911,0.239070372176174,0.332843081796583,0.199647122692725,1,0.526172671651937,0.760929627823826,1.2582399
office_spiral_events,5,Added events = 30%,AddedEvents,added-event ratio,0.3,3,13714,79,35,0.72524199553239,0.221012026321761,0.338782608695652,0.20393634840871,1,0.694558521560575,0.778987973678239,1.9135533
office_spiral_events,5,Added events = 30%,AddedEvents,added-event ratio,0.3,4,13714,79,60,0.452717795979151,0.196986878341163,0.274523083869511,0.159099829909721,1,0.467927631578947,0.803013121658837,1.1862658
office_spiral_events,5,Added events = 30%,AddedEvents,added-event ratio,0.3,5,13714,79,16,0.887565152643336,0.211104223855486,0.341083053151155,0.205605864596809,1,0.851929530201342,0.788895776144514,2.6621329
office_spiral_events,5,Full LLGD runtime,Runtime,-,NaN,1,10549,79,34,0.557334326135517,0.252957080094627,0.347977684797769,0.210637399746729,1,0.633266533066132,0.747042919905373,0.8896794
office_spiral_events,5,Full LLGD runtime,Runtime,-,NaN,2,10549,79,36,0.576321667907669,0.253687315634218,0.35229858898498,0.213812154696133,1,0.649870801033592,0.746312684365782,0.8950706
office_spiral_events,5,Full LLGD runtime,Runtime,-,NaN,3,10549,79,37,0.575577066269546,0.251096313139516,0.349655094424969,0.211867890914074,1,0.655886157826649,0.748903686860484,0.9423253
office_spiral_events,6,Full LLGD,Full,-,NaN,1,6879,86,28,0.414831460674157,0.44439094848339,0.429102742910274,0.273157738976028,1.28571428571429,0.159263271939328,0.55560905151661,0.4413081
office_spiral_events,6,w/o weighted support,Ablation,UseWeights,0,1,6879,86,279,0.880449438202247,0.34152719665272,0.492149227483984,0.326391202932356,1.48387096774194,0.186830015313936,0.65847280334728,0.6947268
office_spiral_events,6,w/o local verification,Ablation,UseVerification,0,1,6879,86,47,0.427415730337079,0.402114164904863,0.41437908496732,0.261335531739489,1.3,0.0956887486855941,0.597885835095137,0.3443782
office_spiral_events,6,w/o global expansion,Ablation,UseGlobalExpansion,0,1,6879,86,59,0.266516853932584,0.491708126036484,0.345671815797144,0.208949964763918,3.1,0.0168634064080945,0.508291873963516,0.4616294
office_spiral_events,6,unit estimation weights,Ablation,UseWeights,0,1,6879,86,34,0.385168539325843,0.42914371557336,0.405968735196589,0.254680534918276,1.33333333333333,0.133022170361727,0.57085628442664,0.4693701
office_spiral_events,6,unit support tests,Ablation,UseMultiplicitySupport,0,1,6879,86,243,0.882247191011236,0.340325936199723,0.491179782309521,0.325538971807629,1.74074074074074,0.223637289862455,0.659674063800277,0.6050346
office_spiral_events,6,MAD = 3,Sensitivity,MAD,3,1,6879,86,27,0.38876404494382,0.494568324757004,0.435329642677403,0.278224509488582,1.25,0.076300578034682,0.505431675242996,0.5151372
office_spiral_events,6,MAD = 3.5,Sensitivity,MAD,3.5,1,6879,86,28,0.414831460674157,0.44439094848339,0.429102742910274,0.273157738976028,1.28571428571429,0.159263271939328,0.55560905151661,0.4387217
office_spiral_events,6,MAD = 4,Sensitivity,MAD,4,1,6879,86,27,0.422921348314607,0.435043920480814,0.428896991795807,0.272991006672469,1.125,0.128586609989373,0.564956079519186,0.4157212
office_spiral_events,6,p_in = 0.7,Sensitivity,p_in,0.7,1,6879,86,34,0.386067415730337,0.402153558052434,0.393946342581977,0.245288406624786,1.28571428571429,0.171129220023283,0.597846441947566,0.4531596
office_spiral_events,6,p_in = 0.8,Sensitivity,p_in,0.8,1,6879,86,28,0.414831460674157,0.44439094848339,0.429102742910274,0.273157738976028,1.28571428571429,0.159263271939328,0.55560905151661,0.5120555
office_spiral_events,6,p_in = 0.9,Sensitivity,p_in,0.9,1,6879,86,24,0.411685393258427,0.450565666502705,0.430248943165805,0.27408737283064,1.14285714285714,0.160480349344978,0.549434333497295,0.5120054
office_spiral_events,6,p_w = 0.7,Sensitivity,p_w,0.7,1,6879,86,28,0.414831460674157,0.44439094848339,0.429102742910274,0.273157738976028,1.28571428571429,0.159263271939328,0.55560905151661,0.4379368
office_spiral_events,6,p_w = 0.8,Sensitivity,p_w,0.8,1,6879,86,28,0.414831460674157,0.44439094848339,0.429102742910274,0.273157738976028,1.28571428571429,0.159263271939328,0.55560905151661,0.4603897
office_spiral_events,6,p_w = 0.9,Sensitivity,p_w,0.9,1,6879,86,32,0.424719101123596,0.444078947368421,0.434183321847002,0.277288732394366,1.71428571428571,0.155555555555556,0.555921052631579,0.4257924
office_spiral_events,6,overlap = 0.7,Sensitivity,overlap,0.7,1,6879,86,28,0.414831460674157,0.44439094848339,0.429102742910274,0.273157738976028,1.28571428571429,0.159263271939328,0.55560905151661,0.4759068
office_spiral_events,6,overlap = 0.8,Sensitivity,overlap,0.8,1,6879,86,28,0.414831460674157,0.44439094848339,0.429102742910274,0.273157738976028,1.28571428571429,0.159263271939328,0.55560905151661,0.4278529
office_spiral_events,6,overlap = 0.9,Sensitivity,overlap,0.9,1,6879,86,28,0.408988764044944,0.452286282306163,0.429549209346236,0.273519687406072,1.14285714285714,0.16043956043956,0.547713717693837,0.4497523
office_spiral_events,6,eps_s = 0.015,Sensitivity,eps_s,0.015,1,6879,86,36,0.374831460674157,0.450323974082073,0.409124356144224,0.257169287696577,1.375,0.0911270983213429,0.549676025917927,0.4098616
office_spiral_events,6,eps_s = 0.02,Sensitivity,eps_s,0.02,1,6879,86,28,0.414831460674157,0.44439094848339,0.429102742910274,0.273157738976028,1.28571428571429,0.159263271939328,0.55560905151661,0.4276065
office_spiral_events,6,eps_s = 0.025,Sensitivity,eps_s,0.025,1,6879,86,21,0.513258426966292,0.370178282009724,0.430131826741996,0.273992322456814,1.16666666666667,0.44045534150613,0.629821717990276,0.5770818
office_spiral_events,6,eps_t = 0.005,Sensitivity,eps_t,0.005,1,6879,86,6,0.147415730337079,0.377880184331797,0.21209182023925,0.118625678119349,1.5,0.353658536585366,0.622119815668203,0.3250235
office_spiral_events,6,eps_t = 0.01,Sensitivity,eps_t,0.01,1,6879,86,17,0.421573033707865,0.389696717906107,0.405008635578584,0.253925284244721,1.33333333333333,0.526652452025586,0.610303282093893,0.4512579
office_spiral_events,6,eps_t = 0.015,Sensitivity,eps_t,0.015,1,6879,86,31,0.393258426966292,0.454781704781705,0.42178838274283,0.267257177764203,1.11111111111111,0.0731428571428572,0.545218295218295,0.4611173
office_spiral_events,6,eps_t = 0.02,Sensitivity,eps_t,0.02,1,6879,86,28,0.414831460674157,0.44439094848339,0.429102742910274,0.273157738976028,1.28571428571429,0.159263271939328,0.55560905151661,0.4666898
office_spiral_events,6,eps_t = 0.025,Sensitivity,eps_t,0.025,1,6879,86,28,0.414831460674157,0.44439094848339,0.429102742910274,0.273157738976028,1.28571428571429,0.159263271939328,0.55560905151661,0.4320479
office_spiral_events,6,Event retention = 25%,Sparsity,retention,0.25,1,1720,71,1,0,0,0,0,NaN,NaN,1,0.0525023
office_spiral_events,6,Event retention = 25%,Sparsity,retention,0.25,2,1720,68,2,0.0197486535008977,0.154929577464789,0.035031847133758,0.0178282009724473,1,0,0.845070422535211,0.0526081
office_spiral_events,6,Event retention = 25%,Sparsity,retention,0.25,3,1720,73,3,0,0,0,0,NaN,NaN,1,0.0553831
office_spiral_events,6,Event retention = 25%,Sparsity,retention,0.25,4,1720,72,1,0.0286225402504472,1,0.0556521739130435,0.0286225402504472,1,0,0,0.0627183
office_spiral_events,6,Event retention = 25%,Sparsity,retention,0.25,5,1720,72,2,0.0018450184501845,0.0144927536231884,0.00327332242225859,0.00163934426229508,NaN,0,0.985507246376812,0.0674736
office_spiral_events,6,Event retention = 50%,Sparsity,retention,0.5,1,3440,77,9,0.143865842894969,0.389952153110048,0.210186976144423,0.117435158501441,1.25,0.0184049079754601,0.610047846889952,0.1868066
office_spiral_events,6,Event retention = 50%,Sparsity,retention,0.5,2,3440,80,8,0.0776014109347443,0.313167259786477,0.124381625441696,0.0663149962321025,1,0.0340909090909091,0.686832740213523,0.1885886
office_spiral_events,6,Event retention = 50%,Sparsity,retention,0.5,3,3440,79,7,0.159928122192273,0.523529411764706,0.245010323468685,0.139607843137255,1.25,0.0224719101123596,0.476470588235294,0.1499731
office_spiral_events,6,Event retention = 50%,Sparsity,retention,0.5,4,3440,79,9,0.159151193633952,0.514285714285714,0.243079000675219,0.138355111452729,1.33333333333333,0,0.485714285714286,0.2112497
office_spiral_events,6,Event retention = 50%,Sparsity,retention,0.5,5,3440,83,9,0.102586975914362,0.377049180327869,0.161290322580645,0.087719298245614,1,0,0.622950819672131,0.2138962
office_spiral_events,6,Event retention = 75%,Sparsity,retention,0.75,1,5159,86,22,0.297677261613692,0.458568738229755,0.361008154188288,0.220262324739937,1.42857142857143,0.0636550308008214,0.541431261770245,0.2887665
office_spiral_events,6,Event retention = 75%,Sparsity,retention,0.75,2,5159,84,17,0.228952150211993,0.415384615384615,0.295197188598204,0.173156207054512,1.16666666666667,0.0185185185185185,0.584615384615385,0.3635501
office_spiral_events,6,Event retention = 75%,Sparsity,retention,0.75,3,5159,84,23,0.292014302741359,0.429447852760736,0.34764100744945,0.210390725633319,1.33333333333333,0.0693877551020409,0.570552147239264,0.2921199
office_spiral_events,6,Event retention = 75%,Sparsity,retention,0.75,4,5159,83,15,0.277477477477477,0.528604118993135,0.363922804253643,0.222436206066442,1.14285714285714,0.0108225108225108,0.471395881006865,0.3652471
office_spiral_events,6,Event retention = 75%,Sparsity,retention,0.75,5,5159,84,26,0.346594333936106,0.500871080139373,0.409690060562879,0.257616487455197,1.71428571428571,0.104347826086956,0.499128919860627,0.2736895
office_spiral_events,6,Added events = 5%,AddedEvents,added-event ratio,0.05,1,7223,86,33,0.439101123595506,0.485827946295375,0.461284230406043,0.299785210187174,1.375,0.0921187308085978,0.514172053704625,0.4806677
office_spiral_events,6,Added events = 5%,AddedEvents,added-event ratio,0.05,2,7223,86,33,0.41123595505618,0.460261569416499,0.434369807737954,0.277440873256519,1.5,0.0699453551912569,0.539738430583501,0.4288352
office_spiral_events,6,Added events = 5%,AddedEvents,added-event ratio,0.05,3,7223,86,30,0.415280898876405,0.467138523761375,0.439685938615275,0.281793229643184,1.125,0.0984848484848485,0.532861476238625,0.5212077
office_spiral_events,6,Added events = 5%,AddedEvents,added-event ratio,0.05,4,7223,86,26,0.37438202247191,0.42783769902414,0.399328859060403,0.249475890985325,1.28571428571429,0.0948379351740696,0.57216230097586,0.5064724
office_spiral_events,6,Added events = 5%,AddedEvents,added-event ratio,0.05,5,7223,86,31,0.399101123595506,0.44047619047619,0.418769158217402,0.264837458991947,1.42857142857143,0.101351351351351,0.55952380952381,0.4619754
office_spiral_events,6,Added events = 10%,AddedEvents,added-event ratio,0.1,1,7567,86,35,0.448988764044944,0.425106382978723,0.43672131147541,0.279362416107383,1.125,0.182182182182182,0.574893617021277,0.5254328
office_spiral_events,6,Added events = 10%,AddedEvents,added-event ratio,0.1,2,7567,86,31,0.447640449438202,0.431916738941891,0.439638048995807,0.281753889674682,1.22222222222222,0.178714859437751,0.568083261058109,0.6336742
office_spiral_events,6,Added events = 10%,AddedEvents,added-event ratio,0.1,3,7567,86,32,0.397303370786517,0.404021937842779,0.400634489009744,0.250495891187305,1.57142857142857,0.141402714932127,0.595978062157221,0.5833786
office_spiral_events,6,Added events = 10%,AddedEvents,added-event ratio,0.1,4,7567,86,32,0.426067415730337,0.430517711171662,0.428281002936526,0.272492095429721,1.375,0.187763713080169,0.569482288828338,0.5585846
office_spiral_events,6,Added events = 10%,AddedEvents,added-event ratio,0.1,5,7567,86,33,0.460224719101124,0.486692015209125,0.473088473088473,0.309833585476551,1.2,0.1123046875,0.513307984790874,0.6522516
office_spiral_events,6,Added events = 20%,AddedEvents,added-event ratio,0.2,1,8255,86,34,0.448988764044944,0.387359441644048,0.415903413821815,0.262549277266754,1.28571428571429,0.178178178178178,0.612640558355952,0.6180658
office_spiral_events,6,Added events = 20%,AddedEvents,added-event ratio,0.2,2,8255,86,33,0.404494382022472,0.444883835887296,0.423728813559322,0.268817204301075,1.14285714285714,0.117777777777778,0.555116164112704,0.5521124
office_spiral_events,6,Added events = 20%,AddedEvents,added-event ratio,0.2,3,8255,86,35,0.402696629213483,0.43347847121432,0.417520969245107,0.263839811542992,1.14285714285714,0.0837053571428571,0.56652152878568,0.5962459
office_spiral_events,6,Added events = 20%,AddedEvents,added-event ratio,0.2,4,8255,86,31,0.422022471910112,0.377867203219316,0.398726114649682,0.249005568814638,1,0.318423855165069,0.622132796780684,0.5260441
office_spiral_events,6,Added events = 20%,AddedEvents,added-event ratio,0.2,5,8255,86,30,0.392808988764045,0.413825757575758,0.403043578510491,0.252382327461738,1,0.179633867276888,0.586174242424242,0.5706177
office_spiral_events,6,Added events = 30%,AddedEvents,added-event ratio,0.3,1,8943,86,22,0.460224719101124,0.338512396694215,0.390095238095238,0.24230951254141,1.25,0.4140625,0.661487603305785,0.635191
office_spiral_events,6,Added events = 30%,AddedEvents,added-event ratio,0.3,2,8943,86,37,0.553707865168539,0.370192307692308,0.443724113092022,0.285119185373756,1.57142857142857,0.392857142857143,0.629807692307692,0.6287775
office_spiral_events,6,Added events = 30%,AddedEvents,added-event ratio,0.3,3,8943,86,36,0.550561797752809,0.349301397205589,0.427424982554082,0.271799423119592,1,0.467755102040816,0.650698602794411,0.7121805
office_spiral_events,6,Added events = 30%,AddedEvents,added-event ratio,0.3,4,8943,86,41,0.421573033707865,0.34831043445971,0.381455876372509,0.235678391959799,1.33333333333333,0.222814498933902,0.65168956554029,0.6397341
office_spiral_events,6,Added events = 30%,AddedEvents,added-event ratio,0.3,5,8943,86,38,0.433258426966292,0.446089773253124,0.439580483356133,0.281706604324956,1.27272727272727,0.0798755186721992,0.553910226746876,0.6572967
office_spiral_events,6,Full LLGD runtime,Runtime,-,NaN,1,6879,86,28,0.414831460674157,0.44439094848339,0.429102742910274,0.273157738976028,1.28571428571429,0.159263271939328,0.55560905151661,0.4364101
office_spiral_events,6,Full LLGD runtime,Runtime,-,NaN,2,6879,86,27,0.416179775280899,0.444337811900192,0.429798097006266,0.273721548921076,1.14285714285714,0.15658747300216,0.555662188099808,0.4265162
office_spiral_events,6,Full LLGD runtime,Runtime,-,NaN,3,6879,86,33,0.418876404494382,0.451331719128329,0.434498834498835,0.277546158427635,1.5,0.141630901287554,0.548668280871671,0.5123402
office_spiral_events,7,Full LLGD,Full,-,NaN,1,12386,87,65,0.477266684392449,0.36226034308779,0.411886186324002,0.259355584453114,1.11111111111111,0.304735376044568,0.63773965691221,0.9899824
office_spiral_events,7,w/o weighted support,Ablation,UseWeights,0,1,12386,87,313,0.955596915713906,0.319637139807898,0.479040319893369,0.314959249846639,1.60606060606061,0.3889816360601,0.680362860192102,1.0134482
office_spiral_events,7,w/o local verification,Ablation,UseVerification,0,1,12386,87,113,0.671363998936453,0.374907201187825,0.481135670731707,0.316773303224188,1.2,0.228118811881188,0.625092798812175,0.6781111
office_spiral_events,7,w/o global expansion,Ablation,UseGlobalExpansion,0,1,12386,87,185,0.36639191704334,0.395749569213096,0.380505315477012,0.234953111679454,3.10526315789474,0.0551523947750363,0.604250430786904,1.0402802
office_spiral_events,7,unit estimation weights,Ablation,UseWeights,0,1,12386,87,34,0.578569529380484,0.31467823571945,0.407643312101911,0.256,1,0.635110294117647,0.68532176428055,1.2295659
office_spiral_events,7,unit support tests,Ablation,UseMultiplicitySupport,0,1,12386,87,282,0.955065142249402,0.318326834455867,0.477500830840811,0.313629616694316,1.80645161290323,0.422884187082405,0.681673165544133,1.1594824
office_spiral_events,7,MAD = 3,Sensitivity,MAD,3,1,12386,87,64,0.494283435256581,0.3718,0.424380778449949,0.269342219646479,1.1,0.302850995158688,0.6282,0.9909764
office_spiral_events,7,MAD = 3.5,Sensitivity,MAD,3.5,1,12386,87,65,0.477266684392449,0.36226034308779,0.411886186324002,0.259355584453114,1.11111111111111,0.304735376044568,0.63773965691221,1.1298026
office_spiral_events,7,MAD = 4,Sensitivity,MAD,4,1,12386,87,74,0.511300186120713,0.367054781446841,0.427333333333333,0.271725307333616,1.22222222222222,0.315132605304212,0.632945218553159,1.002355
office_spiral_events,7,p_in = 0.7,Sensitivity,p_in,0.7,1,12386,87,58,0.52645572985908,0.365381066617457,0.431372549019608,0.275,1,0.454040404040404,0.634618933382543,1.2819152
office_spiral_events,7,p_in = 0.8,Sensitivity,p_in,0.8,1,12386,87,65,0.477266684392449,0.36226034308779,0.411886186324002,0.259355584453114,1.11111111111111,0.304735376044568,0.63773965691221,1.0270835
office_spiral_events,7,p_in = 0.9,Sensitivity,p_in,0.9,1,12386,87,66,0.471948949747408,0.359093667813069,0.407858455882353,0.256169721460528,1,0.267605633802817,0.640906332186931,1.0182494
office_spiral_events,7,p_w = 0.7,Sensitivity,p_w,0.7,1,12386,87,76,0.48391385269875,0.37603305785124,0.423206603883269,0.26839699159416,1.2,0.214285714285714,0.62396694214876,1.1261488
office_spiral_events,7,p_w = 0.8,Sensitivity,p_w,0.8,1,12386,87,65,0.477266684392449,0.36226034308779,0.411886186324002,0.259355584453114,1.11111111111111,0.304735376044568,0.63773965691221,1.0459374
office_spiral_events,7,p_w = 0.9,Sensitivity,p_w,0.9,1,12386,87,49,0.494283435256581,0.354230182926829,0.412698412698413,0.26,1.25,0.417428725121033,0.645769817073171,1.016586
office_spiral_events,7,overlap = 0.7,Sensitivity,overlap,0.7,1,12386,87,65,0.477266684392449,0.36226034308779,0.411886186324002,0.259355584453114,1.11111111111111,0.304735376044568,0.63773965691221,1.0923625
office_spiral_events,7,overlap = 0.8,Sensitivity,overlap,0.8,1,12386,87,65,0.477266684392449,0.36226034308779,0.411886186324002,0.259355584453114,1.11111111111111,0.304735376044568,0.63773965691221,1.0032452
office_spiral_events,7,overlap = 0.9,Sensitivity,overlap,0.9,1,12386,87,60,0.494549321988833,0.363565285379203,0.419060493409936,0.26507054296708,1,0.346774193548387,0.636434714620797,1.2034724
office_spiral_events,7,eps_s = 0.015,Sensitivity,eps_s,0.015,1,12386,87,98,0.484711512895507,0.389696451474989,0.432041711103211,0.275544135429262,1.71428571428571,0.18102029621503,0.610303548525011,0.8551918
office_spiral_events,7,eps_s = 0.02,Sensitivity,eps_s,0.02,1,12386,87,65,0.477266684392449,0.36226034308779,0.411886186324002,0.259355584453114,1.11111111111111,0.304735376044568,0.63773965691221,1.048443
office_spiral_events,7,eps_s = 0.025,Sensitivity,eps_s,0.025,1,12386,87,16,0.825312416910396,0.313345447203715,0.454232823589668,0.293855912146171,1,0.758376288659794,0.686654552796285,1.6913177
office_spiral_events,7,eps_t = 0.005,Sensitivity,eps_t,0.005,1,12386,87,12,0.754320659399096,0.332824964805256,0.461864061864062,0.300275190516511,1,0.740571025731406,0.667175035194744,1.6083961
office_spiral_events,7,eps_t = 0.01,Sensitivity,eps_t,0.01,1,12386,87,15,0.798457856952938,0.319604086845466,0.456487041118796,0.295745519007288,1,0.771228771228771,0.680395913154534,1.525234
office_spiral_events,7,eps_t = 0.015,Sensitivity,eps_t,0.015,1,12386,87,22,0.677213507045998,0.323182337266844,0.43755368493386,0.280043980208906,1.25,0.735767569689831,0.676817662733156,1.7398382
office_spiral_events,7,eps_t = 0.02,Sensitivity,eps_t,0.02,1,12386,87,65,0.477266684392449,0.36226034308779,0.411886186324002,0.259355584453114,1.11111111111111,0.304735376044568,0.63773965691221,0.9880751
office_spiral_events,7,eps_t = 0.025,Sensitivity,eps_t,0.025,1,12386,87,65,0.477266684392449,0.36226034308779,0.411886186324002,0.259355584453114,1.11111111111111,0.304735376044568,0.63773965691221,1.0045397
office_spiral_events,7,Event retention = 25%,Sparsity,retention,0.25,1,3097,80,5,0.036420395421436,0.416666666666667,0.0669856459330144,0.0346534653465347,1,0,0.583333333333333,0.1296663
office_spiral_events,7,Event retention = 25%,Sparsity,retention,0.25,2,3097,81,4,0.0674646354733406,0.837837837837838,0.124874118831823,0.0665950590762621,1,0.032258064516129,0.162162162162162,0.1561062
office_spiral_events,7,Event retention = 25%,Sparsity,retention,0.25,3,3097,80,7,0.0622406639004149,0.46875,0.10989010989011,0.0581395348837209,1,0,0.53125,0.154814
office_spiral_events,7,Event retention = 25%,Sparsity,retention,0.25,4,3097,76,1,0,0,0,0,NaN,NaN,1,0.1541153
office_spiral_events,7,Event retention = 25%,Sparsity,retention,0.25,5,3097,77,3,0.0367647058823529,0.360824742268041,0.0667302192564347,0.0345167652859961,NaN,0.314285714285714,0.639175257731959,0.1726922
office_spiral_events,7,Event retention = 50%,Sparsity,retention,0.5,1,6193,82,26,0.204595185995624,0.380467955239064,0.266097474208467,0.153467377923677,1.28571428571429,0.0695187165775401,0.619532044760936,0.3954962
office_spiral_events,7,Event retention = 50%,Sparsity,retention,0.5,2,6193,83,20,0.337716991057338,0.461206896551724,0.389918007895536,0.242172764994342,1.2,0.361370716510903,0.538793103448276,0.4239627
office_spiral_events,7,Event retention = 50%,Sparsity,retention,0.5,3,6193,84,23,0.301595744680851,0.5625,0.392659279778393,0.244291253769927,1,0.204585537918871,0.4375,0.4344551
office_spiral_events,7,Event retention = 50%,Sparsity,retention,0.5,4,6193,83,27,0.31423982869379,0.510879025239339,0.389128273118992,0.24156378600823,1,0.13458262350937,0.489120974760661,0.4442019
office_spiral_events,7,Event retention = 50%,Sparsity,retention,0.5,5,6193,85,17,0.28215987294865,0.461871750433276,0.350312191915872,0.212350597609562,1,0.363977485928705,0.538128249566724,0.4104978
office_spiral_events,7,Event retention = 75%,Sparsity,retention,0.75,1,9290,85,29,0.430388692579505,0.374884579870729,0.400723803257115,0.250565727216622,1.2,0.452380952380952,0.625115420129271,0.7408956
office_spiral_events,7,Event retention = 75%,Sparsity,retention,0.75,2,9290,86,25,0.572695035460993,0.364148816234498,0.445210199862164,0.286347517730496,1.14285714285714,0.597523219814242,0.635851183765502,0.7324985
office_spiral_events,7,Event retention = 75%,Sparsity,retention,0.75,3,9290,86,38,0.453052481256694,0.365390152605816,0.404526617787695,0.253546453546454,1,0.449960598896769,0.634609847394184,0.6990254
office_spiral_events,7,Event retention = 75%,Sparsity,retention,0.75,4,9290,84,59,0.392378263937897,0.388403772266853,0.390380902229243,0.242529989094875,1.25,0.236510791366906,0.611596227733147,0.8453048
office_spiral_events,7,Event retention = 75%,Sparsity,retention,0.75,5,9290,86,39,0.453232213795594,0.353521126760563,0.397214749169172,0.247827804107425,1.33333333333333,0.396812749003984,0.646478873239437,0.7144659
office_spiral_events,7,Added events = 5%,AddedEvents,added-event ratio,0.05,1,13005,87,79,0.505450678011167,0.299134539732494,0.375840253064452,0.231405964698722,1.22222222222222,0.283534981588638,0.700865460267506,0.9893528
office_spiral_events,7,Added events = 5%,AddedEvents,added-event ratio,0.05,2,13005,87,66,0.501728263759638,0.361771472392638,0.420407708588615,0.266149506346968,1.125,0.311075781664017,0.638228527607362,1.0707864
office_spiral_events,7,Added events = 5%,AddedEvents,added-event ratio,0.05,3,13005,87,68,0.505716564743419,0.3323431766556,0.401096583719949,0.250857293590082,1.1,0.271293375394322,0.6676568233444,1.0043098
office_spiral_events,7,Added events = 5%,AddedEvents,added-event ratio,0.05,4,13005,87,63,0.569529380483914,0.316863905325444,0.407185628742515,0.255639097744361,1.42857142857143,0.470588235294118,0.683136094674556,1.0910982
office_spiral_events,7,Added events = 5%,AddedEvents,added-event ratio,0.05,5,13005,87,59,0.526189843126828,0.335253261053702,0.409561258278146,0.257514638906962,1.55555555555556,0.370389085396665,0.664746738946299,0.9794601
office_spiral_events,7,Added events = 10%,AddedEvents,added-event ratio,0.1,1,13625,87,43,0.67614996011699,0.3104248046875,0.425499874508492,0.270244420828905,1.14285714285714,0.55957530475816,0.6895751953125,1.3715893
office_spiral_events,7,Added events = 10%,AddedEvents,added-event ratio,0.1,2,13625,87,76,0.563413985642116,0.368265554396941,0.445401996847084,0.28650621957815,1.36363636363636,0.315714959886739,0.631734445603059,1.0579024
office_spiral_events,7,Added events = 10%,AddedEvents,added-event ratio,0.1,3,13625,87,42,0.704333953735709,0.289539840419718,0.410379550735864,0.258161972517298,2,0.633824084560211,0.710460159580282,1.5182449
office_spiral_events,7,Added events = 10%,AddedEvents,added-event ratio,0.1,4,13625,87,62,0.55490561021005,0.306461086637298,0.394853845426166,0.245992456388496,1.16666666666667,0.409199808337326,0.693538913362702,1.0977164
office_spiral_events,7,Added events = 10%,AddedEvents,added-event ratio,0.1,5,13625,87,49,0.742887529912257,0.288845239325959,0.415959505731726,0.262593984962406,1,0.581603435934145,0.711154760674041,1.4584467
office_spiral_events,7,Added events = 20%,AddedEvents,added-event ratio,0.2,1,14863,87,38,0.607551183195958,0.284380833851898,0.387419464225161,0.24024813373988,1.2,0.539168490153173,0.715619166148102,1.2291735
office_spiral_events,7,Added events = 20%,AddedEvents,added-event ratio,0.2,2,14863,87,77,0.62190906673757,0.307763157894737,0.411759528210545,0.259255154067834,1.27272727272727,0.308251389482685,0.692236842105263,1.1867518
office_spiral_events,7,Added events = 20%,AddedEvents,added-event ratio,0.2,3,14863,87,50,0.739696889125233,0.294453852667231,0.421227950639715,0.266807327131486,1,0.615025161754134,0.705546147332769,1.3365935
office_spiral_events,7,Added events = 20%,AddedEvents,added-event ratio,0.2,4,14863,87,91,0.571922361074182,0.317256637168142,0.40812067166303,0.256376638855781,1,0.237099023709902,0.682743362831858,1.1648801
office_spiral_events,7,Added events = 20%,AddedEvents,added-event ratio,0.2,5,14863,87,68,0.595054506780112,0.292625523012552,0.392321851170129,0.244030094864246,1.5,0.425379803395889,0.707374476987448,1.2269548
office_spiral_events,7,Added events = 30%,AddedEvents,added-event ratio,0.3,1,16102,87,41,0.781706992821058,0.266328471781864,0.397297297297297,0.247892074198988,1.14285714285714,0.596598639455782,0.733671528218136,1.6956543
office_spiral_events,7,Added events = 30%,AddedEvents,added-event ratio,0.3,2,16102,87,31,0.869183727731986,0.2660535525352,0.407402791625125,0.255810313796072,1.16666666666667,0.740287549709391,0.7339464474648,2.2908007
office_spiral_events,7,Added events = 30%,AddedEvents,added-event ratio,0.3,3,16102,87,27,0.779845785695294,0.272634318646589,0.404022315586473,0.253150353875367,1,0.700647800886464,0.727365681353411,1.8471678
office_spiral_events,7,Added events = 30%,AddedEvents,added-event ratio,0.3,4,16102,87,32,0.821058229194363,0.270592358920435,0.407038818954722,0.255523376086057,1.5,0.721826424870466,0.729407641079565,2.2930576
office_spiral_events,7,Added events = 30%,AddedEvents,added-event ratio,0.3,5,16102,87,72,0.721616591332093,0.285323801513877,0.408950501017102,0.257031915901127,1.1,0.498894620486367,0.714676198486123,1.4927894
office_spiral_events,7,Full LLGD runtime,Runtime,-,NaN,1,12386,87,65,0.477266684392449,0.36226034308779,0.411886186324002,0.259355584453114,1.11111111111111,0.304735376044568,0.63773965691221,1.0454407
office_spiral_events,7,Full LLGD runtime,Runtime,-,NaN,2,12386,87,68,0.474076043605424,0.363210429822775,0.411303344867359,0.258893567591114,1.11111111111111,0.306786315199103,0.636789570177225,1.0475869
office_spiral_events,7,Full LLGD runtime,Runtime,-,NaN,3,12386,87,66,0.47487370380218,0.365833674723474,0.413282425083883,0.26046375966166,1.22222222222222,0.305711086226204,0.634166325276526,0.9746735
office_spiral_events,8,Full LLGD,Full,-,NaN,1,22777,80,70,0.891312523505077,0.251538951390363,0.392351626520983,0.244053135619401,1,0.521518987341772,0.748461048609637,2.3594078
office_spiral_events,8,w/o weighted support,Ablation,UseWeights,0,1,22777,80,52,0.987025197442648,0.236793431677719,0.381953792977988,0.236058643640943,1,0.860925890645837,0.763206568322281,5.2570795
office_spiral_events,8,w/o local verification,Ablation,UseVerification,0,1,22777,80,54,0.917262128619782,0.237199124726477,0.376926940462852,0.232230421328255,1,0.650471504715047,0.762800875273523,3.7493035
office_spiral_events,8,w/o global expansion,Ablation,UseGlobalExpansion,0,1,22777,80,543,0.637833772094772,0.27483390050235,0.384144960362401,0.237734791141015,4.03125,0.0285966981132075,0.72516609949765,1.6464077
office_spiral_events,8,unit estimation weights,Ablation,UseWeights,0,1,22777,80,12,0.960135389244077,0.237157454714352,0.380363528009535,0.234845000459939,NaN,0.892087739913827,0.762842545285648,4.9254083
office_spiral_events,8,unit support tests,Ablation,UseMultiplicitySupport,0,1,22777,80,43,0.985896953742008,0.236245663046907,0.381156628257788,0.235449973055506,1,0.883845126835781,0.763754336953093,5.2350982
office_spiral_events,8,MAD = 3,Sensitivity,MAD,3,1,22777,80,23,0.941519368183528,0.2428578357666,0.386119144013881,0.239248853211009,1,0.824445775913721,0.7571421642334,4.9061022
office_spiral_events,8,MAD = 3.5,Sensitivity,MAD,3.5,1,22777,80,70,0.891312523505077,0.251538951390363,0.392351626520983,0.244053135619401,1,0.521518987341772,0.748461048609637,2.2927013
office_spiral_events,8,MAD = 4,Sensitivity,MAD,4,1,22777,80,11,0.94922903347123,0.237552941176471,0.380006022282445,0.23457249070632,1,0.887480190174326,0.762447058823529,6.4230686
office_spiral_events,8,p_in = 0.7,Sensitivity,p_in,0.7,1,22777,80,36,0.872320421210982,0.239692053322311,0.376053826199741,0.231567912943643,1,0.673205432205217,0.760307946677689,3.4433602
office_spiral_events,8,p_in = 0.8,Sensitivity,p_in,0.8,1,22777,80,70,0.891312523505077,0.251538951390363,0.392351626520983,0.244053135619401,1,0.521518987341772,0.748461048609637,2.2935475
office_spiral_events,8,p_in = 0.9,Sensitivity,p_in,0.9,1,22777,80,43,0.939827002632569,0.244377078036378,0.387892898719441,0.240612362796072,1,0.687074829931973,0.755622921963622,2.7054656
office_spiral_events,8,p_w = 0.7,Sensitivity,p_w,0.7,1,22777,80,72,0.770214366303121,0.253073833796725,0.38097009719574,0.235307634859539,1.11111111111111,0.489501953125,0.746926166203275,2.082186
office_spiral_events,8,p_w = 0.8,Sensitivity,p_w,0.8,1,22777,80,70,0.891312523505077,0.251538951390363,0.392351626520983,0.244053135619401,1,0.521518987341772,0.748461048609637,2.2465213
office_spiral_events,8,p_w = 0.9,Sensitivity,p_w,0.9,1,22777,80,67,0.893569010906356,0.250289687137891,0.391046741277156,0.2430441898527,1,0.549873737373737,0.749710312862109,2.2508907
office_spiral_events,8,overlap = 0.7,Sensitivity,overlap,0.7,1,22777,80,70,0.891312523505077,0.251538951390363,0.392351626520983,0.244053135619401,1,0.521518987341772,0.748461048609637,2.2544637
office_spiral_events,8,overlap = 0.8,Sensitivity,overlap,0.8,1,22777,80,70,0.891312523505077,0.251538951390363,0.392351626520983,0.244053135619401,1,0.521518987341772,0.748461048609637,2.2801491
office_spiral_events,8,overlap = 0.9,Sensitivity,overlap,0.9,1,22777,80,47,0.805001880406168,0.23856227361382,0.368052271847999,0.225529448951638,1,0.557112824106517,0.76143772638618,2.2511273
office_spiral_events,8,eps_s = 0.015,Sensitivity,eps_s,0.015,1,22777,80,183,0.694622038360286,0.25857482850343,0.376861864925525,0.23218101822753,1.07692307692308,0.151055766107201,0.74142517149657,1.6373893
office_spiral_events,8,eps_s = 0.02,Sensitivity,eps_s,0.02,1,22777,80,70,0.891312523505077,0.251538951390363,0.392351626520983,0.244053135619401,1,0.521518987341772,0.748461048609637,2.2606672
office_spiral_events,8,eps_s = 0.025,Sensitivity,eps_s,0.025,1,22777,80,4,0.896953742008274,0.234848111860568,0.37223457801709,0.228678268373364,NaN,0.893081761006289,0.765151888139432,6.2391118
office_spiral_events,8,eps_t = 0.005,Sensitivity,eps_t,0.005,1,22777,80,6,0.952613764573148,0.240413819286257,0.383933308071239,0.237572688051022,NaN,0.906040268456376,0.759586180713743,7.7425058
office_spiral_events,8,eps_t = 0.01,Sensitivity,eps_t,0.01,1,22777,80,7,0.950733358405416,0.236814988290398,0.379181040947953,0.233944105126781,NaN,0.908425632911392,0.763185011709602,5.0410566
office_spiral_events,8,eps_t = 0.015,Sensitivity,eps_t,0.015,1,22777,80,11,0.935314027830011,0.235277423016887,0.375977928115197,0.231510356062369,1,0.796340973059912,0.764722576983113,4.4151007
office_spiral_events,8,eps_t = 0.02,Sensitivity,eps_t,0.02,1,22777,80,70,0.891312523505077,0.251538951390363,0.392351626520983,0.244053135619401,1,0.521518987341772,0.748461048609637,2.268919
office_spiral_events,8,eps_t = 0.025,Sensitivity,eps_t,0.025,1,22777,80,70,0.891312523505077,0.251538951390363,0.392351626520983,0.244053135619401,1,0.521518987341772,0.748461048609637,2.2642108
office_spiral_events,8,Event retention = 25%,Sparsity,retention,0.25,1,5694,77,13,0.0687258687258687,0.279874213836478,0.110353378797272,0.0583989501312336,1,0.101123595505618,0.720125786163522,0.4320574
office_spiral_events,8,Event retention = 25%,Sparsity,retention,0.25,2,5694,77,11,0.107784431137725,0.271698113207547,0.154340836012862,0.0836236933797909,1,0.0277777777777778,0.728301886792453,0.3878405
office_spiral_events,8,Event retention = 25%,Sparsity,retention,0.25,3,5694,78,11,0.0929368029739777,0.270562770562771,0.138350857775318,0.0743162901307967,1,0.12,0.729437229437229,0.3819957
office_spiral_events,8,Event retention = 25%,Sparsity,retention,0.25,4,5694,78,13,0.127958579881657,0.319188191881919,0.182682154171067,0.100522951772225,1,0.0346820809248555,0.680811808118081,0.3911012
office_spiral_events,8,Event retention = 25%,Sparsity,retention,0.25,5,5694,77,9,0.1198808637379,0.447222222222222,0.189078097475044,0.104409857328145,1,0.366459627329193,0.552777777777778,0.4106691
office_spiral_events,8,Event retention = 50%,Sparsity,retention,0.5,1,11389,79,67,0.514711359404097,0.30937989702261,0.386465324384787,0.239514731369151,1.2,0.200434153400868,0.69062010297739,0.8706132
office_spiral_events,8,Event retention = 50%,Sparsity,retention,0.5,2,11389,79,60,0.459187476705181,0.292497625830959,0.357360406091371,0.217552533992583,1.125,0.19724025974026,0.707502374169041,0.9979091
office_spiral_events,8,Event retention = 50%,Sparsity,retention,0.5,3,11389,79,56,0.489369779802582,0.30653983353151,0.376955695277087,0.232252252252252,1.16666666666667,0.278510473235066,0.69346016646849,1.0268418
office_spiral_events,8,Event retention = 50%,Sparsity,retention,0.5,4,11389,78,58,0.525912408759124,0.297358646306232,0.379910361191669,0.234499593165175,1,0.293546148507981,0.702641353693768,0.9769372
office_spiral_events,8,Event retention = 50%,Sparsity,retention,0.5,5,11389,79,8,0.575937616041589,0.264495225102319,0.362510225546336,0.221381672851841,2,0.872340425531915,0.735504774897681,1.4694499
office_spiral_events,8,Event retention = 75%,Sparsity,retention,0.75,1,17083,80,55,0.754631947921883,0.248536323905335,0.373922213262205,0.229953459983215,1.22222222222222,0.464830789648308,0.751463676094665,1.8292628
office_spiral_events,8,Event retention = 75%,Sparsity,retention,0.75,2,17083,80,40,0.780814983548469,0.244802412315505,0.372742101129705,0.229061479061479,1.2,0.623662884927066,0.755197587684495,2.162046
office_spiral_events,8,Event retention = 75%,Sparsity,retention,0.75,3,17083,80,10,0.932391523713421,0.238282509187029,0.379563543003851,0.234235376132835,NaN,0.88771645021645,0.761717490812971,3.698922
office_spiral_events,8,Event retention = 75%,Sparsity,retention,0.75,4,17083,80,49,0.721804511278195,0.239123214878778,0.359236622177872,0.218944807663068,1,0.583333333333333,0.760876785121222,1.8466192
office_spiral_events,8,Event retention = 75%,Sparsity,retention,0.75,5,17083,80,82,0.702175543885971,0.251703119397634,0.370570768723194,0.227423665667774,1.2,0.393162393162393,0.748296880602366,1.2935605
office_spiral_events,8,Added events = 5%,AddedEvents,added-event ratio,0.05,1,23916,80,38,0.853516359533659,0.230277510019786,0.362699268848136,0.221522693997072,1,0.641110376734964,0.769722489980214,2.809584
office_spiral_events,8,Added events = 5%,AddedEvents,added-event ratio,0.05,2,23916,80,6,0.961827754795036,0.227232341181697,0.367615351444588,0.225201426495839,NaN,0.899511241446725,0.772767658818303,5.6721675
office_spiral_events,8,Added events = 5%,AddedEvents,added-event ratio,0.05,3,23916,80,8,0.969537420082738,0.228262794404108,0.36952626675267,0.226637362637363,1,0.872575640031032,0.771737205595892,5.7028584
office_spiral_events,8,Added events = 5%,AddedEvents,added-event ratio,0.05,4,23916,80,8,0.922715306506205,0.226672209903917,0.36393977601424,0.22244888707557,NaN,0.893213776238027,0.773327790096083,6.1009637
office_spiral_events,8,Added events = 5%,AddedEvents,added-event ratio,0.05,5,23916,80,6,0.968973298232418,0.22761606078007,0.368637550524019,0.225969128223119,NaN,0.890937318067145,0.77238393921993,5.6234767
office_spiral_events,8,Added events = 10%,AddedEvents,added-event ratio,0.1,1,25055,80,4,0.971605866867243,0.217420576478014,0.355327854760513,0.216047834085968,NaN,0.901683762337914,0.782579423521986,6.0367901
office_spiral_events,8,Added events = 10%,AddedEvents,added-event ratio,0.1,2,25055,80,2,0.961639714178263,0.217691128894943,0.355015619576536,0.215817015530047,NaN,0.907313257723895,0.782308871105057,6.2266864
office_spiral_events,8,Added events = 10%,AddedEvents,added-event ratio,0.1,3,25055,80,4,0.962203836028582,0.218404541380341,0.356002365464222,0.216546762589928,NaN,0.906585890170021,0.781595458619659,6.0695091
office_spiral_events,8,Added events = 10%,AddedEvents,added-event ratio,0.1,4,25055,80,35,0.899210229409552,0.220328050129008,0.353933831692695,0.215017985611511,1,0.742158092848181,0.779671949870992,4.1274964
office_spiral_events,8,Added events = 10%,AddedEvents,added-event ratio,0.1,5,25055,80,9,0.946032342986085,0.217622631715546,0.353847235898157,0.214954069643239,1,0.884317233154442,0.782377368284454,6.4518764
office_spiral_events,8,Added events = 20%,AddedEvents,added-event ratio,0.2,1,27332,80,27,0.936254230913877,0.208143472262865,0.340572523000103,0.205234954657873,1,0.802169110263105,0.791856527737135,5.2368236
office_spiral_events,8,Added events = 20%,AddedEvents,added-event ratio,0.2,2,27332,80,18,0.979315532154945,0.202409638554217,0.335480546250966,0.201547987616099,NaN,0.798195084485407,0.797590361445783,4.9731932
office_spiral_events,8,Added events = 20%,AddedEvents,added-event ratio,0.2,3,27332,80,15,0.909928544565626,0.203157143456904,0.332154991934654,0.199152193596181,NaN,0.85368877867328,0.796842856543096,6.3748362
office_spiral_events,8,Added events = 20%,AddedEvents,added-event ratio,0.2,4,27332,80,13,0.956186536291839,0.204249678663239,0.336598927649434,0.202355843845756,NaN,0.83952802359882,0.795750321336761,6.3204903
office_spiral_events,8,Added events = 20%,AddedEvents,added-event ratio,0.2,5,27332,80,3,0.984956750658142,0.198702628883578,0.330692256700022,0.198101433379978,NaN,0.907789232531501,0.801297371116422,7.6002424
office_spiral_events,8,Added events = 30%,AddedEvents,added-event ratio,0.3,1,29610,80,57,0.877209477247085,0.191549642769155,0.314437853868967,0.186547766625345,1.66666666666667,0.809003215434084,0.808450357230845,7.8042029
office_spiral_events,8,Added events = 30%,AddedEvents,added-event ratio,0.3,2,29610,80,3,0.979127491538172,0.181884867961436,0.30678135862841,0.181182365426772,NaN,0.906856155175725,0.818115132038564,9.3804355
office_spiral_events,8,Added events = 30%,AddedEvents,added-event ratio,0.3,3,29610,80,6,0.978187288454306,0.184769482133977,0.310826959847036,0.18401131941988,NaN,0.892733564013841,0.815230517866023,8.8087757
office_spiral_events,8,Added events = 30%,AddedEvents,added-event ratio,0.3,4,29610,80,5,0.987401278676194,0.181525910049435,0.306672506935319,0.181106435814306,NaN,0.900971243572653,0.818474089950565,9.7002503
office_spiral_events,8,Added events = 30%,AddedEvents,added-event ratio,0.3,5,29610,80,14,0.958631064309891,0.180594424173722,0.303931797180076,0.179197862842279,NaN,0.866418203216948,0.819405575826278,9.5345382
office_spiral_events,8,Full LLGD runtime,Runtime,-,NaN,1,22777,80,70,0.891312523505077,0.251538951390363,0.392351626520983,0.244053135619401,1,0.521518987341772,0.748461048609637,2.3634412
office_spiral_events,8,Full LLGD runtime,Runtime,-,NaN,2,22777,80,68,0.882286573899962,0.244617068974506,0.38303604228744,0.236885949411824,1,0.514066496163683,0.755382931025494,2.3319208
office_spiral_events,8,Full LLGD runtime,Runtime,-,NaN,3,22777,80,87,0.87457690861226,0.24692078997664,0.3851121967376,0.238476131877147,1,0.441195441840464,0.75307921002336,2.1585148
office_spiral_events,9,Full LLGD,Full,-,NaN,1,10884,92,52,0.42791519434629,0.253931641853638,0.318726148177392,0.189574201628053,1.2,0.403798513625103,0.746068358146362,0.9329272
office_spiral_events,9,w/o weighted support,Ablation,UseWeights,0,1,10884,92,330,0.92791519434629,0.270136817199877,0.418452712931241,0.264584382871537,1.66666666666667,0.259329779131759,0.729863182800123,0.9279738
office_spiral_events,9,w/o local verification,Ablation,UseVerification,0,1,10884,92,107,0.514487632508834,0.279194630872483,0.361963952765693,0.22097435119138,1.11111111111111,0.147664835164835,0.720805369127517,0.5956934
office_spiral_events,9,w/o global expansion,Ablation,UseGlobalExpansion,0,1,10884,92,112,0.184098939929329,0.238553113553114,0.207818109293977,0.115958157133319,2.07692307692308,0.0422264875239923,0.761446886446886,0.8820694
office_spiral_events,9,unit estimation weights,Ablation,UseWeights,0,1,10884,92,65,0.386219081272085,0.269410894749815,0.317409612313054,0.188643424231964,1.16666666666667,0.214089661482159,0.730589105250185,0.9118355
office_spiral_events,9,unit support tests,Ablation,UseMultiplicitySupport,0,1,10884,92,332,0.928268551236749,0.271693039611128,0.420353628290263,0.266106158833063,1.45454545454545,0.290826037304911,0.728306960388872,0.9181332
office_spiral_events,9,MAD = 3,Sensitivity,MAD,3,1,10884,92,52,0.345583038869258,0.265544393157752,0.300322432058959,0.176693766937669,1.16666666666667,0.244376278118609,0.734455606842248,0.9191057
office_spiral_events,9,MAD = 3.5,Sensitivity,MAD,3.5,1,10884,92,52,0.42791519434629,0.253931641853638,0.318726148177392,0.189574201628053,1.2,0.403798513625103,0.746068358146362,0.95422
office_spiral_events,9,MAD = 4,Sensitivity,MAD,4,1,10884,92,46,0.523674911660777,0.269258720930233,0.35565154787617,0.216287215411559,1,0.571524966261808,0.730741279069767,0.9824105
office_spiral_events,9,p_in = 0.7,Sensitivity,p_in,0.7,1,10884,92,55,0.424734982332155,0.251201671891327,0.315692711753119,0.187431779198503,1.16666666666667,0.399334442595674,0.748798328108673,0.9273874
office_spiral_events,9,p_in = 0.8,Sensitivity,p_in,0.8,1,10884,92,52,0.42791519434629,0.253931641853638,0.318726148177392,0.189574201628053,1.2,0.403798513625103,0.746068358146362,0.9156963
office_spiral_events,9,p_in = 0.9,Sensitivity,p_in,0.9,1,10884,92,46,0.411660777385159,0.250699375941468,0.311622308412465,0.1845690747782,1,0.411158798283262,0.749300624058532,0.9924469
office_spiral_events,9,p_w = 0.7,Sensitivity,p_w,0.7,1,10884,92,52,0.42791519434629,0.253931641853638,0.318726148177392,0.189574201628053,1.2,0.403798513625103,0.746068358146362,0.9874429
office_spiral_events,9,p_w = 0.8,Sensitivity,p_w,0.8,1,10884,92,52,0.42791519434629,0.253931641853638,0.318726148177392,0.189574201628053,1.2,0.403798513625103,0.746068358146362,0.9164725
office_spiral_events,9,p_w = 0.9,Sensitivity,p_w,0.9,1,10884,92,52,0.42791519434629,0.253931641853638,0.318726148177392,0.189574201628053,1.2,0.403798513625103,0.746068358146362,1.0140606
office_spiral_events,9,overlap = 0.7,Sensitivity,overlap,0.7,1,10884,92,52,0.42791519434629,0.253931641853638,0.318726148177392,0.189574201628053,1.2,0.403798513625103,0.746068358146362,0.9733108
office_spiral_events,9,overlap = 0.8,Sensitivity,overlap,0.8,1,10884,92,52,0.42791519434629,0.253931641853638,0.318726148177392,0.189574201628053,1.2,0.403798513625103,0.746068358146362,0.9590419
office_spiral_events,9,overlap = 0.9,Sensitivity,overlap,0.9,1,10884,92,51,0.436749116607774,0.258523321480862,0.324793062672448,0.193882352941176,1.2,0.410194174757282,0.741476678519138,0.9483395
office_spiral_events,9,eps_s = 0.015,Sensitivity,eps_s,0.015,1,10884,92,70,0.347703180212014,0.298724954462659,0.321358589157413,0.191439688715953,1.22222222222222,0.104674796747967,0.701275045537341,0.8320429
office_spiral_events,9,eps_s = 0.02,Sensitivity,eps_s,0.02,1,10884,92,52,0.42791519434629,0.253931641853638,0.318726148177392,0.189574201628053,1.2,0.403798513625103,0.746068358146362,0.9242236
office_spiral_events,9,eps_s = 0.025,Sensitivity,eps_s,0.025,1,10884,92,25,0.640989399293286,0.265476364700717,0.375452757942668,0.231112243597911,1,0.71664829106946,0.734523635299283,1.0995729
office_spiral_events,9,eps_t = 0.005,Sensitivity,eps_t,0.005,1,10884,92,6,0.312720848056537,0.237201822567676,0.269775948788294,0.155919661733615,1,0.750282485875706,0.762798177432324,0.8627984
office_spiral_events,9,eps_t = 0.01,Sensitivity,eps_t,0.01,1,10884,92,37,0.532155477031802,0.278630897317299,0.365755919854281,0.223807400802497,1,0.52191235059761,0.721369102682701,0.8879696
office_spiral_events,9,eps_t = 0.015,Sensitivity,eps_t,0.015,1,10884,92,31,0.440989399293286,0.233227434124463,0.305097176384305,0.180008654262224,1,0.552083333333333,0.766772565875537,0.8462724
office_spiral_events,9,eps_t = 0.02,Sensitivity,eps_t,0.02,1,10884,92,52,0.42791519434629,0.253931641853638,0.318726148177392,0.189574201628053,1.2,0.403798513625103,0.746068358146362,0.9330764
office_spiral_events,9,eps_t = 0.025,Sensitivity,eps_t,0.025,1,10884,92,52,0.42791519434629,0.253931641853638,0.318726148177392,0.189574201628053,1.2,0.403798513625103,0.746068358146362,0.9254885
office_spiral_events,9,Event retention = 25%,Sparsity,retention,0.25,1,2721,87,1,0,0,0,0,NaN,NaN,1,0.0989882
office_spiral_events,9,Event retention = 25%,Sparsity,retention,0.25,2,2721,85,2,0,0,0,0,NaN,NaN,1,0.0996007
office_spiral_events,9,Event retention = 25%,Sparsity,retention,0.25,3,2721,83,0,0,0,0,0,NaN,NaN,0,0.1076442
office_spiral_events,9,Event retention = 25%,Sparsity,retention,0.25,4,2721,86,8,0.02945301542777,0.153284671532847,0.0494117647058823,0.0253317249698432,1,0,0.846715328467153,0.1073663
office_spiral_events,9,Event retention = 25%,Sparsity,retention,0.25,5,2721,82,3,0.0298295454545455,0.179487179487179,0.0511571254567601,0.02625,NaN,0.0476190476190477,0.82051282051282,0.0971286
office_spiral_events,9,Event retention = 50%,Sparsity,retention,0.5,1,5442,91,16,0.141117478510029,0.367537313432836,0.203933747412008,0.113544668587896,1,0.157360406091371,0.632462686567164,0.3795154
office_spiral_events,9,Event retention = 50%,Sparsity,retention,0.5,2,5442,90,12,0.039454806312769,0.1270207852194,0.060207991242474,0.031038374717833,2,0.0181818181818182,0.8729792147806,0.3468164
office_spiral_events,9,Event retention = 50%,Sparsity,retention,0.5,3,5442,88,11,0.10243553008596,0.27447216890595,0.149191444966093,0.080608793686584,1,0.0209790209790209,0.72552783109405,0.3271381
office_spiral_events,9,Event retention = 50%,Sparsity,retention,0.5,4,5442,89,18,0.142957746478873,0.310872894333844,0.19585142305837,0.10855614973262,1,0.152709359605911,0.689127105666156,0.3297546
office_spiral_events,9,Event retention = 50%,Sparsity,retention,0.5,5,5442,87,13,0.114305750350631,0.282986111111111,0.162837162837163,0.0886351277868407,1,0.319018404907976,0.717013888888889,0.3722355
office_spiral_events,9,Event retention = 75%,Sparsity,retention,0.75,1,8163,92,32,0.205310573731626,0.239756367663344,0.221200510855683,0.124353819643883,1,0.288683602771363,0.760243632336656,0.6769022
office_spiral_events,9,Event retention = 75%,Sparsity,retention,0.75,2,8163,91,29,0.285581395348837,0.345137717818999,0.312547722066684,0.185218702865762,1,0.109120521172638,0.654862282181001,0.6890061
office_spiral_events,9,Event retention = 75%,Sparsity,retention,0.75,3,8163,90,35,0.247689463955638,0.312536443148688,0.276359886568703,0.160335028417589,1,0.162313432835821,0.687463556851312,0.5843842
office_spiral_events,9,Event retention = 75%,Sparsity,retention,0.75,4,8163,89,32,0.222428174235403,0.311082307193778,0.259389354228587,0.149022042843837,1,0.15,0.688917692806222,0.6531569
office_spiral_events,9,Event retention = 75%,Sparsity,retention,0.75,5,8163,91,23,0.244580584354383,0.318796068796069,0.2768,0.160631383472609,1,0.0982658959537572,0.681203931203931,0.6457213
office_spiral_events,9,Added events = 5%,AddedEvents,added-event ratio,0.05,1,11428,92,61,0.358657243816254,0.259060745278203,0.300829875518672,0.177045177045177,1.16666666666667,0.25615763546798,0.740939254721797,0.9524394
office_spiral_events,9,Added events = 5%,AddedEvents,added-event ratio,0.05,2,11428,92,38,0.513427561837456,0.249356444139351,0.335682106965461,0.201693503609106,1.5,0.577426015141087,0.750643555860649,1.0326897
office_spiral_events,9,Added events = 5%,AddedEvents,added-event ratio,0.05,3,11428,92,55,0.348409893992933,0.257239759979129,0.295962779528741,0.173683283424344,1,0.271805273833671,0.742760240020871,0.9648513
office_spiral_events,9,Added events = 5%,AddedEvents,added-event ratio,0.05,4,11428,92,69,0.423674911660777,0.278642807343714,0.336183933828684,0.202055948769801,1.2,0.226855713094245,0.721357192656286,0.9322918
office_spiral_events,9,Added events = 5%,AddedEvents,added-event ratio,0.05,5,11428,92,30,0.496113074204947,0.252381808376775,0.334564518050756,0.200887108313063,1.25,0.651709401709402,0.747618191623225,1.082057
office_spiral_events,9,Added events = 10%,AddedEvents,added-event ratio,0.1,1,11972,92,54,0.384805653710247,0.261527377521614,0.311409779811267,0.184419983065199,1.2,0.300275482093664,0.738472622478386,1.0216971
office_spiral_events,9,Added events = 10%,AddedEvents,added-event ratio,0.1,2,11972,92,34,0.431448763250883,0.228908886389201,0.299118079372856,0.175860579000432,1,0.574119574119574,0.771091113610799,1.2072918
office_spiral_events,9,Added events = 10%,AddedEvents,added-event ratio,0.1,3,11972,92,57,0.345229681978799,0.244984954864594,0.286594309181578,0.167265879130286,1.16666666666667,0.271238485158649,0.755015045135406,1.0484649
office_spiral_events,9,Added events = 10%,AddedEvents,added-event ratio,0.1,4,11972,92,69,0.368197879858657,0.222364489970124,0.277275146354444,0.160951498300896,1.16666666666667,0.178502879078695,0.777635510029876,0.9678298
office_spiral_events,9,Added events = 10%,AddedEvents,added-event ratio,0.1,5,11972,92,37,0.531802120141343,0.241495507060334,0.332156256896932,0.199153103083234,1,0.617940199335548,0.758504492939666,1.1411671
office_spiral_events,9,Added events = 20%,AddedEvents,added-event ratio,0.2,1,13061,92,22,0.511660777385159,0.222632226322263,0.310263552603386,0.183616535632767,1,0.781077348066298,0.777367773677737,1.379923
office_spiral_events,9,Added events = 20%,AddedEvents,added-event ratio,0.2,2,13061,92,41,0.554770318021201,0.232558139534884,0.327731969523014,0.195980526775683,1.16666666666667,0.6,0.767441860465116,1.3912846
office_spiral_events,9,Added events = 20%,AddedEvents,added-event ratio,0.2,3,13061,92,37,0.470318021201413,0.209178060663209,0.289568149679104,0.169295344696006,1,0.672426746806912,0.790821939336791,1.6038991
office_spiral_events,9,Added events = 20%,AddedEvents,added-event ratio,0.2,4,13061,92,75,0.514840989399293,0.242792867855357,0.329973955384441,0.197586113371305,1.75,0.308167467398765,0.757207132144643,1.0257709
office_spiral_events,9,Added events = 20%,AddedEvents,added-event ratio,0.2,5,13061,92,29,0.522614840989399,0.234464172479391,0.323703217334209,0.193106149627889,1,0.601081812035159,0.765535827520609,1.2730953
office_spiral_events,9,Added events = 30%,AddedEvents,added-event ratio,0.3,1,14149,92,62,0.437102473498233,0.20998132744865,0.283683063868822,0.165285943345804,1,0.353274050121261,0.790018672551349,1.1061597
office_spiral_events,9,Added events = 30%,AddedEvents,added-event ratio,0.3,2,14149,92,22,0.537809187279152,0.214426599041984,0.306607574536664,0.181061146799905,1,0.771353482260184,0.785573400958016,1.7176052
office_spiral_events,9,Added events = 30%,AddedEvents,added-event ratio,0.3,3,14149,92,92,0.458303886925795,0.242339312406577,0.317037399168907,0.188380537400145,1.16666666666667,0.20585967617579,0.757660687593423,1.1822218
office_spiral_events,9,Added events = 30%,AddedEvents,added-event ratio,0.3,4,14149,92,17,0.608833922261484,0.211151960784314,0.313557779799818,0.185928563720729,NaN,0.811955890887986,0.788848039215686,1.6726265
office_spiral_events,9,Added events = 30%,AddedEvents,added-event ratio,0.3,5,14149,92,58,0.58904593639576,0.231495625607555,0.332369654072376,0.199306551889048,1,0.487702459508098,0.768504374392445,1.1553037
office_spiral_events,9,Full LLGD runtime,Runtime,-,NaN,1,10884,92,52,0.42791519434629,0.253931641853638,0.318726148177392,0.189574201628053,1.2,0.403798513625103,0.746068358146362,0.9282855
office_spiral_events,9,Full LLGD runtime,Runtime,-,NaN,2,10884,92,52,0.413427561837456,0.250750107158165,0.312166488794023,0.184950995889978,1.2,0.408547008547009,0.749249892841835,1.0057694
office_spiral_events,9,Full LLGD runtime,Runtime,-,NaN,3,10884,92,53,0.425441696113074,0.261398176291793,0.323830016137708,0.193196405648267,1.4,0.424418604651163,0.738601823708207,0.9884263
office_spiral_events,10,Full LLGD,Full,-,NaN,1,2616,66,5,0.259259259259259,0.898648648648649,0.402420574886536,0.251893939393939,1,0.00375939849624063,0.101351351351351,0.1425934
office_spiral_events,10,w/o weighted support,Ablation,UseWeights,0,1,2616,66,139,0.799220272904483,0.467769537934969,0.590140338251169,0.41858090862685,1.54166666666667,0.0487804878048781,0.532230462065031,0.2874457
office_spiral_events,10,w/o local verification,Ablation,UseVerification,0,1,2616,66,8,0.287524366471735,0.817174515235457,0.425378514780101,0.27014652014652,1,0.00338983050847452,0.182825484764543,0.1268174
office_spiral_events,10,w/o global expansion,Ablation,UseGlobalExpansion,0,1,2616,66,5,0.238791423001949,0.900735294117647,0.377503852080123,0.232668566001899,1,0.00408163265306127,0.0992647058823529,0.1099981
office_spiral_events,10,unit estimation weights,Ablation,UseWeights,0,1,2616,66,5,0.258284600389864,0.898305084745763,0.401211203633611,0.25094696969697,1,0.00377358490566038,0.101694915254237,0.1424967
office_spiral_events,10,unit support tests,Ablation,UseMultiplicitySupport,0,1,2616,66,138,0.793372319688109,0.468354430379747,0.589001447178003,0.417435897435897,1.42307692307692,0.0552825552825553,0.531645569620253,0.3875334
office_spiral_events,10,MAD = 3,Sensitivity,MAD,3,1,2616,66,5,0.278752436647173,0.905063291139241,0.426229508196721,0.270833333333333,1,0.00349650349650354,0.0949367088607595,0.1455779
office_spiral_events,10,MAD = 3.5,Sensitivity,MAD,3.5,1,2616,66,5,0.259259259259259,0.898648648648649,0.402420574886536,0.251893939393939,1,0.00375939849624063,0.101351351351351,0.1332269
office_spiral_events,10,MAD = 4,Sensitivity,MAD,4,1,2616,66,5,0.278752436647173,0.902208201892745,0.425912137006701,0.270577105014191,1,0.00349650349650354,0.0977917981072555,0.1471878
office_spiral_events,10,p_in = 0.7,Sensitivity,p_in,0.7,1,2616,66,6,0.259259259259259,0.869281045751634,0.399399399399399,0.24953095684803,1,0.00375939849624063,0.130718954248366,0.1604458
office_spiral_events,10,p_in = 0.8,Sensitivity,p_in,0.8,1,2616,66,5,0.259259259259259,0.898648648648649,0.402420574886536,0.251893939393939,1,0.00375939849624063,0.101351351351351,0.1571591
office_spiral_events,10,p_in = 0.9,Sensitivity,p_in,0.9,1,2616,66,4,0.254385964912281,0.896907216494845,0.396355353075171,0.247159090909091,1,0.00383141762452111,0.103092783505155,0.1662332
office_spiral_events,10,p_w = 0.7,Sensitivity,p_w,0.7,1,2616,66,5,0.259259259259259,0.898648648648649,0.402420574886536,0.251893939393939,1,0.00375939849624063,0.101351351351351,0.1751953
office_spiral_events,10,p_w = 0.8,Sensitivity,p_w,0.8,1,2616,66,5,0.259259259259259,0.898648648648649,0.402420574886536,0.251893939393939,1,0.00375939849624063,0.101351351351351,0.172885
office_spiral_events,10,p_w = 0.9,Sensitivity,p_w,0.9,1,2616,66,5,0.259259259259259,0.898648648648649,0.402420574886536,0.251893939393939,1,0.00375939849624063,0.101351351351351,0.1542263
office_spiral_events,10,overlap = 0.7,Sensitivity,overlap,0.7,1,2616,66,5,0.259259259259259,0.898648648648649,0.402420574886536,0.251893939393939,1,0.00375939849624063,0.101351351351351,0.1470114
office_spiral_events,10,overlap = 0.8,Sensitivity,overlap,0.8,1,2616,66,5,0.259259259259259,0.898648648648649,0.402420574886536,0.251893939393939,1,0.00375939849624063,0.101351351351351,0.1387752
office_spiral_events,10,overlap = 0.9,Sensitivity,overlap,0.9,1,2616,66,5,0.259259259259259,0.898648648648649,0.402420574886536,0.251893939393939,1,0.00375939849624063,0.101351351351351,0.1683168
office_spiral_events,10,eps_s = 0.015,Sensitivity,eps_s,0.015,1,2616,66,5,0.253411306042885,0.945454545454545,0.399692544196772,0.249759846301633,1,0.00384615384615383,0.0545454545454545,0.1538844
office_spiral_events,10,eps_s = 0.02,Sensitivity,eps_s,0.02,1,2616,66,5,0.259259259259259,0.898648648648649,0.402420574886536,0.251893939393939,1,0.00375939849624063,0.101351351351351,0.1816717
office_spiral_events,10,eps_s = 0.025,Sensitivity,eps_s,0.025,1,2616,66,4,0.272904483430799,0.903225806451613,0.419161676646707,0.265151515151515,1,0.00357142857142856,0.0967741935483871,0.206559
office_spiral_events,10,eps_t = 0.005,Sensitivity,eps_t,0.005,1,2616,66,1,0.223196881091618,1,0.364940239043825,0.223196881091618,1,0,0,0.0876703
office_spiral_events,10,eps_t = 0.01,Sensitivity,eps_t,0.01,1,2616,66,2,0.250487329434698,1,0.40062353858145,0.250487329434698,1,0.00389105058365757,0,0.1140039
office_spiral_events,10,eps_t = 0.015,Sensitivity,eps_t,0.015,1,2616,66,4,0.259259259259259,0.914089347079038,0.403948367501898,0.253092293054234,1,0.00375939849624063,0.0859106529209622,0.1690154
office_spiral_events,10,eps_t = 0.02,Sensitivity,eps_t,0.02,1,2616,66,5,0.259259259259259,0.898648648648649,0.402420574886536,0.251893939393939,1,0.00375939849624063,0.101351351351351,0.1593386
office_spiral_events,10,eps_t = 0.025,Sensitivity,eps_t,0.025,1,2616,66,5,0.259259259259259,0.898648648648649,0.402420574886536,0.251893939393939,1,0.00375939849624063,0.101351351351351,0.1386079
office_spiral_events,10,Event retention = 25%,Sparsity,retention,0.25,1,654,50,0,0,0,0,0,NaN,NaN,0,0.009619
office_spiral_events,10,Event retention = 25%,Sparsity,retention,0.25,2,654,48,0,0,0,0,0,NaN,NaN,0,0.0129498
office_spiral_events,10,Event retention = 25%,Sparsity,retention,0.25,3,654,43,1,0.247104247104247,1,0.396284829721362,0.247104247104247,1,0,0,0.0095274
office_spiral_events,10,Event retention = 25%,Sparsity,retention,0.25,4,654,50,2,0.207692307692308,0.915254237288136,0.338557993730408,0.20377358490566,1,0,0.0847457627118644,0.0098937
office_spiral_events,10,Event retention = 25%,Sparsity,retention,0.25,5,654,49,0,0,0,0,0,NaN,NaN,0,0.010201
office_spiral_events,10,Event retention = 50%,Sparsity,retention,0.5,1,1308,56,0,0,0,0,0,NaN,NaN,0,0.037913
office_spiral_events,10,Event retention = 50%,Sparsity,retention,0.5,2,1308,58,2,0.234615384615385,0.945736434108527,0.375963020030817,0.231499051233397,1,0,0.0542635658914729,0.0316246
office_spiral_events,10,Event retention = 50%,Sparsity,retention,0.5,3,1308,57,1,0.229571984435798,1,0.373417721518987,0.229571984435798,1,0,0,0.029954
office_spiral_events,10,Event retention = 50%,Sparsity,retention,0.5,4,1308,59,2,0.234496124031008,1,0.379905808477237,0.234496124031008,1,0,0,0.0456796
office_spiral_events,10,Event retention = 50%,Sparsity,retention,0.5,5,1308,54,1,0.218253968253968,1,0.358306188925081,0.218253968253968,1,0,0,0.0394536
office_spiral_events,10,Event retention = 75%,Sparsity,retention,0.75,1,1962,63,3,0.227332457293035,0.84390243902439,0.358178053830228,0.218158890290038,1,0,0.15609756097561,0.0782633
office_spiral_events,10,Event retention = 75%,Sparsity,retention,0.75,2,1962,64,2,0.229591836734694,1,0.37344398340249,0.229591836734694,1,0,0,0.0775916
office_spiral_events,10,Event retention = 75%,Sparsity,retention,0.75,3,1962,64,2,0.232375979112272,1,0.377118644067797,0.232375979112272,1,0,0,0.0954566
office_spiral_events,10,Event retention = 75%,Sparsity,retention,0.75,4,1962,63,2,0.251621271076524,1,0.402072538860104,0.251621271076524,1,0.00515463917525771,0,0.0865834
office_spiral_events,10,Event retention = 75%,Sparsity,retention,0.75,5,1962,62,3,0.242105263157895,0.973544973544973,0.387776606954689,0.240522875816993,1,0,0.0264550264550265,0.0576987
office_spiral_events,10,Added events = 5%,AddedEvents,added-event ratio,0.05,1,2747,66,5,0.260233918128655,0.898989898989899,0.403628117913832,0.252840909090909,1,0.00374531835205993,0.101010101010101,0.146952
office_spiral_events,10,Added events = 5%,AddedEvents,added-event ratio,0.05,2,2747,66,5,0.260233918128655,0.898989898989899,0.403628117913832,0.252840909090909,1,0.00374531835205993,0.101010101010101,0.1456448
office_spiral_events,10,Added events = 5%,AddedEvents,added-event ratio,0.05,3,2747,66,5,0.260233918128655,0.895973154362416,0.403323262839879,0.252601702932829,1,0.00374531835205993,0.104026845637584,0.1443887
office_spiral_events,10,Added events = 5%,AddedEvents,added-event ratio,0.05,4,2747,66,5,0.260233918128655,0.884105960264901,0.40210843373494,0.251649387370405,1,0.00374531835205993,0.115894039735099,0.1402529
office_spiral_events,10,Added events = 5%,AddedEvents,added-event ratio,0.05,5,2747,66,5,0.259259259259259,0.895622895622896,0.402116402116402,0.251655629139073,1,0.00375939849624063,0.104377104377104,0.1352221
office_spiral_events,10,Added events = 10%,AddedEvents,added-event ratio,0.1,1,2878,66,6,0.266081871345029,0.889250814332248,0.40960240060015,0.257547169811321,1,0.00366300366300365,0.110749185667752,0.1502103
office_spiral_events,10,Added events = 10%,AddedEvents,added-event ratio,0.1,2,2878,66,5,0.260233918128655,0.898989898989899,0.403628117913832,0.252840909090909,1,0.00374531835205993,0.101010101010101,0.1481521
office_spiral_events,10,Added events = 10%,AddedEvents,added-event ratio,0.1,3,2878,66,7,0.260233918128655,0.836990595611285,0.397026022304833,0.247680890538033,1,0.00374531835205993,0.163009404388715,0.1461808
office_spiral_events,10,Added events = 10%,AddedEvents,added-event ratio,0.1,4,2878,66,6,0.275828460038986,0.898412698412698,0.422073079791201,0.267485822306238,1,0.00353356890459366,0.101587301587302,0.141668
office_spiral_events,10,Added events = 10%,AddedEvents,added-event ratio,0.1,5,2878,66,5,0.260233918128655,0.895973154362416,0.403323262839879,0.252601702932829,1,0.00374531835205993,0.104026845637584,0.1541615
office_spiral_events,10,Added events = 20%,AddedEvents,added-event ratio,0.2,1,3139,66,6,0.269005847953216,0.873417721518987,0.411326378539493,0.25891181988743,1,0.0108695652173914,0.126582278481013,0.1537152
office_spiral_events,10,Added events = 20%,AddedEvents,added-event ratio,0.2,2,3139,66,5,0.259259259259259,0.898648648648649,0.402420574886536,0.251893939393939,1,0.00375939849624063,0.101351351351351,0.1642006
office_spiral_events,10,Added events = 20%,AddedEvents,added-event ratio,0.2,3,3139,66,5,0.262183235867446,0.896666666666667,0.405731523378582,0.254493850520341,1,0.00371747211895912,0.103333333333333,0.1794967
office_spiral_events,10,Added events = 20%,AddedEvents,added-event ratio,0.2,4,3139,66,5,0.259259259259259,0.898648648648649,0.402420574886536,0.251893939393939,1,0.00375939849624063,0.101351351351351,0.1726846
office_spiral_events,10,Added events = 20%,AddedEvents,added-event ratio,0.2,5,3139,66,5,0.278752436647173,0.907936507936508,0.426547352721849,0.271090047393365,1,0.00349650349650354,0.0920634920634921,0.1674363
office_spiral_events,10,Added events = 30%,AddedEvents,added-event ratio,0.3,1,3401,66,7,0.268031189083821,0.840978593272171,0.40650406504065,0.255102040816327,1,0.00363636363636366,0.159021406727829,0.1655086
office_spiral_events,10,Added events = 30%,AddedEvents,added-event ratio,0.3,2,3401,66,4,0.259259259259259,0.898648648648649,0.402420574886536,0.251893939393939,1,0.00375939849624063,0.101351351351351,0.1782152
office_spiral_events,10,Added events = 30%,AddedEvents,added-event ratio,0.3,3,3401,66,6,0.263157894736842,0.846394984326019,0.401486988847584,0.251162790697674,1,0.0111111111111111,0.153605015673981,0.188283
office_spiral_events,10,Added events = 30%,AddedEvents,added-event ratio,0.3,4,3401,66,6,0.259259259259259,0.808510638297872,0.392619926199262,0.244260789715335,1,0.00375939849624063,0.191489361702128,0.1361302
office_spiral_events,10,Added events = 30%,AddedEvents,added-event ratio,0.3,5,3401,66,5,0.270955165692008,0.874213836477987,0.413690476190476,0.26078799249531,1,0.00359712230215825,0.125786163522013,0.1793378
office_spiral_events,10,Full LLGD runtime,Runtime,-,NaN,1,2616,66,5,0.259259259259259,0.898648648648649,0.402420574886536,0.251893939393939,1,0.00375939849624063,0.101351351351351,0.1327689
office_spiral_events,10,Full LLGD runtime,Runtime,-,NaN,2,2616,66,5,0.259259259259259,0.898648648648649,0.402420574886536,0.251893939393939,1,0.00375939849624063,0.101351351351351,0.1407653
office_spiral_events,10,Full LLGD runtime,Runtime,-,NaN,3,2616,66,5,0.259259259259259,0.898648648648649,0.402420574886536,0.251893939393939,1,0.00375939849624063,0.101351351351351,0.1385893
office_spiral_events,11,Full LLGD,Full,-,NaN,1,18374,80,45,0.680152914941064,0.362540329427747,0.472972972972973,0.309734513274336,1.25,0.607728337236534,0.637459670572253,1.9626954
office_spiral_events,11,w/o weighted support,Ablation,UseWeights,0,1,18374,80,129,0.971328448550494,0.344305798656202,0.508399683188128,0.340841764015427,1.35294117647059,0.689570350934733,0.655694201343798,3.13292
office_spiral_events,11,w/o local verification,Ablation,UseVerification,0,1,18374,80,131,0.766008282892641,0.386762103908638,0.514001710132535,0.345896569085809,1.08695652173913,0.213765855687253,0.613237896091362,1.1318808
office_spiral_events,11,w/o global expansion,Ablation,UseGlobalExpansion,0,1,18374,80,435,0.628862695125836,0.434706011891654,0.5140625,0.345951629863302,4.19512195121951,0.03596757852077,0.565293988108346,1.2707793
office_spiral_events,11,unit estimation weights,Ablation,UseWeights,0,1,18374,80,107,0.76314112774769,0.383249340052796,0.51025081207732,0.342507863883329,1.41176470588235,0.316426633270716,0.616750659947204,1.4658559
office_spiral_events,11,unit support tests,Ablation,UseMultiplicitySupport,0,1,18374,80,150,0.976903472443453,0.347695447587732,0.512856963666012,0.344860548807917,1.41176470588235,0.733572476765042,0.652304552412268,3.3656051
office_spiral_events,11,MAD = 3,Sensitivity,MAD,3,1,18374,80,87,0.763300414144632,0.399599733155437,0.524575807334428,0.355542365336103,1.4,0.401293823038397,0.600400266844563,1.5422557
office_spiral_events,11,MAD = 3.5,Sensitivity,MAD,3.5,1,18374,80,45,0.680152914941064,0.362540329427747,0.472972972972973,0.309734513274336,1.25,0.607728337236534,0.637459670572253,1.8371063
office_spiral_events,11,MAD = 4,Sensitivity,MAD,4,1,18374,80,25,0.861261548263778,0.351857877269474,0.4996072996073,0.332984357679517,1.14285714285714,0.74440540040688,0.648142122730526,2.9089599
office_spiral_events,11,p_in = 0.7,Sensitivity,p_in,0.7,1,18374,80,53,0.677763618986938,0.356335315300226,0.467094791152094,0.304712116871956,1.25,0.611985898942421,0.643664684699774,1.7742366
office_spiral_events,11,p_in = 0.8,Sensitivity,p_in,0.8,1,18374,80,45,0.680152914941064,0.362540329427747,0.472972972972973,0.309734513274336,1.25,0.607728337236534,0.637459670572253,1.8799225
office_spiral_events,11,p_in = 0.9,Sensitivity,p_in,0.9,1,18374,80,43,0.785122650525645,0.382122645166292,0.514053293007248,0.345943290286356,1.3,0.59342665855143,0.617877354833708,2.0364734
office_spiral_events,11,p_w = 0.7,Sensitivity,p_w,0.7,1,18374,80,20,0.883720930232558,0.355595436482502,0.507129798903108,0.339701200097967,1.5,0.824981975486662,0.644404563517498,3.5595814
office_spiral_events,11,p_w = 0.8,Sensitivity,p_w,0.8,1,18374,80,45,0.680152914941064,0.362540329427747,0.472972972972973,0.309734513274336,1.25,0.607728337236534,0.637459670572253,1.8683215
office_spiral_events,11,p_w = 0.9,Sensitivity,p_w,0.9,1,18374,80,40,0.82112137623447,0.350823465360011,0.49160785809651,0.325915154580515,1.14285714285714,0.67623666343356,0.649176534639989,2.3894443
office_spiral_events,11,overlap = 0.7,Sensitivity,overlap,0.7,1,18374,80,45,0.680152914941064,0.362540329427747,0.472972972972973,0.309734513274336,1.25,0.607728337236534,0.637459670572253,1.8681964
office_spiral_events,11,overlap = 0.8,Sensitivity,overlap,0.8,1,18374,80,45,0.680152914941064,0.362540329427747,0.472972972972973,0.309734513274336,1.25,0.607728337236534,0.637459670572253,1.8521747
office_spiral_events,11,overlap = 0.9,Sensitivity,overlap,0.9,1,18374,80,45,0.680152914941064,0.362540329427747,0.472972972972973,0.309734513274336,1.25,0.607728337236534,0.637459670572253,1.8265406
office_spiral_events,11,eps_s = 0.015,Sensitivity,eps_s,0.015,1,18374,80,137,0.731443134756292,0.425974025974026,0.538398405440263,0.36836194448901,1.38095238095238,0.166594076655052,0.574025974025974,1.2874028
office_spiral_events,11,eps_s = 0.02,Sensitivity,eps_s,0.02,1,18374,80,45,0.680152914941064,0.362540329427747,0.472972972972973,0.309734513274336,1.25,0.607728337236534,0.637459670572253,1.8469143
office_spiral_events,11,eps_s = 0.025,Sensitivity,eps_s,0.025,1,18374,80,8,0.947276202612297,0.343320632721395,0.503983050847458,0.336883249306067,1,0.856230031948882,0.656679367278605,4.1380247
office_spiral_events,11,eps_t = 0.005,Sensitivity,eps_t,0.005,1,18374,80,7,0.937719018795795,0.340742026972275,0.499851411589896,0.333201267828843,1,0.883302191268898,0.659257973027725,5.3508031
office_spiral_events,11,eps_t = 0.01,Sensitivity,eps_t,0.01,1,18374,80,11,0.846288626951258,0.343772241992883,0.488933879353978,0.323568818514007,1,0.879728966685488,0.656227758007117,3.1388378
office_spiral_events,11,eps_t = 0.015,Sensitivity,eps_t,0.015,1,18374,80,21,0.591589678241478,0.362341463414634,0.449419167473378,0.289839238333073,1.28571428571429,0.725363489499192,0.637658536585366,2.5322188
office_spiral_events,11,eps_t = 0.02,Sensitivity,eps_t,0.02,1,18374,80,45,0.680152914941064,0.362540329427747,0.472972972972973,0.309734513274336,1.25,0.607728337236534,0.637459670572253,1.8292756
office_spiral_events,11,eps_t = 0.025,Sensitivity,eps_t,0.025,1,18374,80,45,0.680152914941064,0.362540329427747,0.472972972972973,0.309734513274336,1.25,0.607728337236534,0.637459670572253,1.8617433
office_spiral_events,11,Event retention = 25%,Sparsity,retention,0.25,1,4594,75,7,0.0691785052501544,0.67065868263473,0.12541993281075,0.0669056152927121,1,0.0446428571428571,0.329341317365269,0.2971966
office_spiral_events,11,Event retention = 25%,Sparsity,retention,0.25,2,4594,77,5,0.0344603381014304,0.327160493827161,0.0623529411764706,0.0321797207043109,1,0,0.672839506172839,0.2860771
office_spiral_events,11,Event retention = 25%,Sparsity,retention,0.25,3,4594,77,4,0.0775749674054759,0.404761904761905,0.13019693654267,0.069631363370392,1,0.0252100840336135,0.595238095238095,0.2551678
office_spiral_events,11,Event retention = 25%,Sparsity,retention,0.25,4,4594,77,5,0.0371069182389937,0.446969696969697,0.0685249709639953,0.0354780517137703,1,0.135593220338983,0.553030303030303,0.3127434
office_spiral_events,11,Event retention = 25%,Sparsity,retention,0.25,5,4594,76,7,0.0539152759948652,0.345679012345679,0.0932815102720711,0.0489225393127548,1.5,0.0119047619047619,0.654320987654321,0.2911069
office_spiral_events,11,Event retention = 50%,Sparsity,retention,0.5,1,9187,79,55,0.433662106267897,0.436858974358974,0.435254670285806,0.278163265306122,1.28571428571429,0.10564930300807,0.563141025641026,0.73436
office_spiral_events,11,Event retention = 50%,Sparsity,retention,0.5,2,9187,79,44,0.616625310173697,0.486063569682152,0.54361498496035,0.373263236950807,1.33333333333333,0.26056338028169,0.513936430317848,0.6952919
office_spiral_events,11,Event retention = 50%,Sparsity,retention,0.5,3,9187,76,57,0.514792899408284,0.511606313834726,0.513194660043465,0.345166005429108,1.36363636363636,0.158499697519661,0.488393686165274,0.7144831
office_spiral_events,11,Event retention = 50%,Sparsity,retention,0.5,4,9187,78,55,0.525737602008788,0.500747384155456,0.512938294288777,0.34493410214168,1.33333333333333,0.164776119402985,0.499252615844544,0.6945122
office_spiral_events,11,Event retention = 50%,Sparsity,retention,0.5,5,9187,77,52,0.552555448408872,0.479899497487437,0.513670999551771,0.345597104945718,1.09090909090909,0.204188481675393,0.520100502512563,0.7170197
office_spiral_events,11,Event retention = 75%,Sparsity,retention,0.75,1,13781,78,75,0.669372063220846,0.412259931596948,0.510257245197004,0.342513661202186,1.30769230769231,0.251754945756222,0.587740068403052,0.9782723
office_spiral_events,11,Event retention = 75%,Sparsity,retention,0.75,2,13781,79,79,0.681023454157783,0.422934322033898,0.521810161738278,0.353006189213086,1.125,0.248591108328115,0.577065677966102,0.9682349
office_spiral_events,11,Event retention = 75%,Sparsity,retention,0.75,3,13781,79,22,0.904984093319194,0.350904605263158,0.505718518518519,0.338435913705584,1.75,0.812280290602297,0.649095394736842,2.5592946
office_spiral_events,11,Event retention = 75%,Sparsity,retention,0.75,4,13781,80,33,0.779552715654952,0.389527458492976,0.519480519480519,0.350877192982456,1.25,0.578688524590164,0.610472541507024,1.5518161
office_spiral_events,11,Event retention = 75%,Sparsity,retention,0.75,5,13781,79,41,0.707927087749046,0.388824214202561,0.501953712052901,0.335072231139647,1.4,0.448203592814371,0.611175785797439,1.2483842
office_spiral_events,11,Added events = 5%,AddedEvents,added-event ratio,0.05,1,19293,80,88,0.823510672188595,0.363981976907913,0.504833512352309,0.33764367816092,1.125,0.391489361702128,0.636018023092087,1.6714838
office_spiral_events,11,Added events = 5%,AddedEvents,added-event ratio,0.05,2,19293,80,116,0.782255495380694,0.409011410010827,0.537161607875308,0.367205024674742,1.27777777777778,0.238444308694767,0.590988589989173,1.344165
office_spiral_events,11,Added events = 5%,AddedEvents,added-event ratio,0.05,3,19293,80,59,0.759796113411915,0.349297012302285,0.478579311728705,0.314560801899235,1.125,0.589727463312369,0.650702987697715,2.3756613
office_spiral_events,11,Added events = 5%,AddedEvents,added-event ratio,0.05,4,19293,80,20,0.89041095890411,0.336463223787167,0.48838022016425,0.323084036527569,1.25,0.796422182468694,0.663536776212833,3.5366757
office_spiral_events,11,Added events = 5%,AddedEvents,added-event ratio,0.05,5,19293,80,90,0.785759796113412,0.358815827756765,0.492659542594627,0.326840257072815,1.30769230769231,0.423474559091831,0.641184172243235,1.7603257
office_spiral_events,11,Added events = 10%,AddedEvents,added-event ratio,0.1,1,20211,80,33,0.737496017840076,0.328858583706229,0.45488038512551,0.294398168754371,1.28571428571429,0.787041036717063,0.671141416293771,3.5603173
office_spiral_events,11,Added events = 10%,AddedEvents,added-event ratio,0.1,2,20211,80,72,0.829244982478496,0.344745381100589,0.487019972870574,0.321894515550609,1.33333333333333,0.497118709181713,0.655254618899411,2.3763353
office_spiral_events,11,Added events = 10%,AddedEvents,added-event ratio,0.1,3,20211,80,48,0.75278751194648,0.345190270980936,0.473333667184135,0.310043954602112,1.11111111111111,0.54464663563267,0.654809729019064,2.1607982
office_spiral_events,11,Added events = 10%,AddedEvents,added-event ratio,0.1,4,20211,80,23,0.874800892003823,0.315107005565437,0.463323069135698,0.301509744715893,1.5,0.767662053896577,0.684892994434563,3.9508526
office_spiral_events,11,Added events = 10%,AddedEvents,added-event ratio,0.1,5,20211,80,60,0.840076457470532,0.337320115126319,0.481358097932734,0.316966163831961,1.44444444444444,0.646378460371634,0.662679884873681,2.5891016
office_spiral_events,11,Added events = 20%,AddedEvents,added-event ratio,0.2,1,22049,80,40,0.888180949346926,0.299978480740263,0.448483873562294,0.289061689994816,1.25,0.74838593974175,0.700021519259737,4.0385219
office_spiral_events,11,Added events = 20%,AddedEvents,added-event ratio,0.2,2,22049,80,71,0.79021981522778,0.317748030487414,0.45324562605637,0.293030124040165,1.18181818181818,0.56722434992945,0.682251969512586,2.7458835
office_spiral_events,11,Added events = 20%,AddedEvents,added-event ratio,0.2,3,22049,80,18,0.909843899330997,0.307410795974382,0.459551872561245,0.298323497153601,1,0.860819327731092,0.692589204025618,4.2402208
office_spiral_events,11,Added events = 20%,AddedEvents,added-event ratio,0.2,4,22049,80,80,0.847881490920675,0.337133447336753,0.482439842298455,0.317904921165791,1.42857142857143,0.458951718955476,0.662866552663247,1.9516009
office_spiral_events,11,Added events = 20%,AddedEvents,added-event ratio,0.2,5,22049,80,27,0.934374004460019,0.30378042465044,0.458496170079725,0.297434337288307,1.125,0.675758608932833,0.69621957534956,3.7346794
office_spiral_events,11,Added events = 30%,AddedEvents,added-event ratio,0.3,1,23886,80,18,0.987734947435489,0.274028900967785,0.429031030546234,0.273099621245486,1.5,0.865344299306563,0.725971099032215,5.8013259
office_spiral_events,11,Added events = 30%,AddedEvents,added-event ratio,0.3,2,23886,80,30,0.920516087926091,0.288114468042676,0.43886695018226,0.281120786106922,1.33333333333333,0.80238795639384,0.711885531957324,4.2560429
office_spiral_events,11,Added events = 30%,AddedEvents,added-event ratio,0.3,3,23886,80,6,0.991876393755973,0.273834652594547,0.429181887104556,0.273221885832127,NaN,0.882607997430544,0.726165347405453,5.785669
office_spiral_events,11,Added events = 30%,AddedEvents,added-event ratio,0.3,4,23886,80,20,0.964797706275884,0.281263060134665,0.435551720418509,0.278405956977386,1,0.747234604589731,0.718736939865335,5.108989
office_spiral_events,11,Added events = 30%,AddedEvents,added-event ratio,0.3,5,23886,80,36,0.854571519592227,0.285509020275664,0.428018668475009,0.272279740154283,1,0.755824790307549,0.714490979724336,3.7725217
office_spiral_events,11,Full LLGD runtime,Runtime,-,NaN,1,18374,80,45,0.680152914941064,0.362540329427747,0.472972972972973,0.309734513274336,1.25,0.607728337236534,0.637459670572253,2.005705
office_spiral_events,11,Full LLGD runtime,Runtime,-,NaN,2,18374,80,120,0.737177445046193,0.417840375586854,0.533364065921401,0.363664937922364,1.33333333333333,0.187554019014693,0.582159624413146,1.3677233
office_spiral_events,11,Full LLGD runtime,Runtime,-,NaN,3,18374,80,44,0.699745141764893,0.36550461768866,0.480188008963218,0.315952243958573,1.25,0.569770088777601,0.63449538231134,1.8910208
office_spiral_events,12,Full LLGD,Full,-,NaN,1,16424,61,12,0.954809930178433,0.33542277032091,0.496445318408713,0.330181086519115,1,0.732886451350802,0.66457722967909,2.967566
office_spiral_events,12,w/o weighted support,Ablation,UseWeights,0,1,16424,61,48,0.977501939487975,0.320345770037501,0.48255062473072,0.318001135718342,1.8,0.81031746031746,0.679654229962499,3.2211857
office_spiral_events,12,w/o local verification,Ablation,UseVerification,0,1,16424,61,20,0.978277734678045,0.324874404225171,0.487767140508655,0.322547640363218,1,0.604678826328311,0.675125595774829,2.796495
office_spiral_events,12,w/o global expansion,Ablation,UseGlobalExpansion,0,1,16424,61,383,0.701512800620636,0.438477391198933,0.539649384558001,0.369534123416428,5.53571428571429,0.0301354713851258,0.561522608801067,1.0873119
office_spiral_events,12,unit estimation weights,Ablation,UseWeights,0,1,16424,61,26,0.935802948021722,0.334419184918215,0.492749183006536,0.326919167965309,2,0.701347150259067,0.665580815081785,2.1101487
office_spiral_events,12,unit support tests,Ablation,UseMultiplicitySupport,0,1,16424,61,43,0.984290147401086,0.320755909493111,0.48384021355706,0.31912217820537,1.25,0.812019704433498,0.679244090506889,3.0363344
office_spiral_events,12,MAD = 3,Sensitivity,MAD,3,1,16424,61,32,0.805469356089992,0.34481899701096,0.482906976744186,0.318310722771518,1,0.597399470262461,0.65518100298904,2.2016665
office_spiral_events,12,MAD = 3.5,Sensitivity,MAD,3.5,1,16424,61,12,0.954809930178433,0.33542277032091,0.496445318408713,0.330181086519115,1,0.732886451350802,0.66457722967909,2.8552885
office_spiral_events,12,MAD = 4,Sensitivity,MAD,4,1,16424,61,23,0.873157486423584,0.347296150582427,0.496936917048402,0.330616141587721,1,0.574189249222568,0.652703849417573,1.7456814
office_spiral_events,12,p_in = 0.7,Sensitivity,p_in,0.7,1,16424,61,17,0.961404189294026,0.336478414336139,0.498491552695093,0.331993838322952,1,0.628606011700625,0.663521585663861,2.6266857
office_spiral_events,12,p_in = 0.8,Sensitivity,p_in,0.8,1,16424,61,12,0.954809930178433,0.33542277032091,0.496445318408713,0.330181086519115,1,0.732886451350802,0.66457722967909,2.8859619
office_spiral_events,12,p_in = 0.9,Sensitivity,p_in,0.9,1,16424,61,19,0.938712179984484,0.339529989477376,0.498686311885014,0.332166632351932,1,0.714462809917355,0.660470010522624,2.8671784
office_spiral_events,12,p_w = 0.7,Sensitivity,p_w,0.7,1,16424,61,12,0.954809930178433,0.33542277032091,0.496445318408713,0.330181086519115,1,0.732886451350802,0.66457722967909,3.0731944
office_spiral_events,12,p_w = 0.8,Sensitivity,p_w,0.8,1,16424,61,12,0.954809930178433,0.33542277032091,0.496445318408713,0.330181086519115,1,0.732886451350802,0.66457722967909,3.0700591
office_spiral_events,12,p_w = 0.9,Sensitivity,p_w,0.9,1,16424,61,12,0.954809930178433,0.33542277032091,0.496445318408713,0.330181086519115,1,0.732886451350802,0.66457722967909,2.8795738
office_spiral_events,12,overlap = 0.7,Sensitivity,overlap,0.7,1,16424,61,12,0.954809930178433,0.33542277032091,0.496445318408713,0.330181086519115,1,0.732886451350802,0.66457722967909,2.8550502
office_spiral_events,12,overlap = 0.8,Sensitivity,overlap,0.8,1,16424,61,12,0.954809930178433,0.33542277032091,0.496445318408713,0.330181086519115,1,0.732886451350802,0.66457722967909,2.8525074
office_spiral_events,12,overlap = 0.9,Sensitivity,overlap,0.9,1,16424,61,12,0.954809930178433,0.335468483816014,0.4964953860118,0.33022538234505,1,0.732886451350802,0.664531516183986,2.8827444
office_spiral_events,12,eps_s = 0.015,Sensitivity,eps_s,0.015,1,16424,61,63,0.756206361520559,0.385429023329379,0.510607647983237,0.342829508485008,1.07692307692308,0.442421133624006,0.614570976670621,1.6770335
office_spiral_events,12,eps_s = 0.02,Sensitivity,eps_s,0.02,1,16424,61,12,0.954809930178433,0.33542277032091,0.496445318408713,0.330181086519115,1,0.732886451350802,0.66457722967909,2.8381242
office_spiral_events,12,eps_s = 0.025,Sensitivity,eps_s,0.025,1,16424,61,16,0.974204809930178,0.322152385838892,0.484191247349142,0.319427662957075,1.2,0.58829384829783,0.677847614161108,2.4287476
office_spiral_events,12,eps_t = 0.005,Sensitivity,eps_t,0.005,1,16424,61,11,0.944142746314973,0.336583004909078,0.496253631683572,0.330011524642397,1.5,0.810188989317995,0.663416995090922,4.1831376
office_spiral_events,12,eps_t = 0.01,Sensitivity,eps_t,0.01,1,16424,61,9,0.958301008533747,0.334280495230363,0.495661333199579,0.329487863430248,1,0.815219591175875,0.665719504769637,2.9628572
office_spiral_events,12,eps_t = 0.015,Sensitivity,eps_t,0.015,1,16424,61,6,0.974786656322731,0.331399182381643,0.494636354689499,0.328582635983264,1,0.768006366892161,0.668600817618357,3.6644156
office_spiral_events,12,eps_t = 0.02,Sensitivity,eps_t,0.02,1,16424,61,12,0.954809930178433,0.33542277032091,0.496445318408713,0.330181086519115,1,0.732886451350802,0.66457722967909,3.2197918
office_spiral_events,12,eps_t = 0.025,Sensitivity,eps_t,0.025,1,16424,61,12,0.954809930178433,0.33542277032091,0.496445318408713,0.330181086519115,1,0.732886451350802,0.66457722967909,3.0176238
office_spiral_events,12,Event retention = 25%,Sparsity,retention,0.25,1,4106,56,13,0.235753317720531,0.608870967741935,0.339898705683737,0.204745762711864,1.25,0.0198675496688742,0.391129032258065,0.2447289
office_spiral_events,12,Event retention = 25%,Sparsity,retention,0.25,2,4106,59,9,0.164296998420221,0.594285714285714,0.257425742574257,0.147727272727273,2,0.0144230769230769,0.405714285714286,0.2762925
office_spiral_events,12,Event retention = 25%,Sparsity,retention,0.25,3,4106,54,5,0.173228346456693,0.604395604395604,0.269277845777234,0.155586987270156,1,0.0772727272727273,0.395604395604396,0.2174047
office_spiral_events,12,Event retention = 25%,Sparsity,retention,0.25,4,4106,57,11,0.102154828411812,0.426666666666667,0.164842240824211,0.0898245614035088,1,0.15625,0.573333333333333,0.3054411
office_spiral_events,12,Event retention = 25%,Sparsity,retention,0.25,5,4106,57,7,0.0602975724353955,0.44,0.106060606060606,0.056,1,0.012987012987013,0.56,0.299768
office_spiral_events,12,Event retention = 50%,Sparsity,retention,0.5,1,8212,58,50,0.561867704280156,0.459579885423297,0.505602240896359,0.338331771321462,1.18181818181818,0.0983379501385041,0.540420114576703,0.6618138
office_spiral_events,12,Event retention = 50%,Sparsity,retention,0.5,2,8212,61,26,0.558094500387297,0.424072984108299,0.481939799331104,0.317470808548138,1,0.253990284524636,0.575927015891701,0.709781
office_spiral_events,12,Event retention = 50%,Sparsity,retention,0.5,3,8212,60,49,0.619230769230769,0.483628717332532,0.543093270365998,0.372771474878444,1.25,0.111801242236025,0.516371282667468,0.5655658
office_spiral_events,12,Event retention = 50%,Sparsity,retention,0.5,4,8212,59,38,0.665895061728395,0.448195273954817,0.535775259972063,0.365910536357855,1,0.21784472769409,0.551804726045183,0.5944683
office_spiral_events,12,Event retention = 50%,Sparsity,retention,0.5,5,8212,58,12,0.683943881527669,0.379541522491349,0.48817802503477,0.322907083716651,1,0.622792022792023,0.620458477508651,0.8957694
office_spiral_events,12,Event retention = 75%,Sparsity,retention,0.75,1,12318,61,22,0.943425471454405,0.344821074497215,0.505047711243258,0.337835337650324,1,0.57420591456736,0.655178925502785,1.6898961
office_spiral_events,12,Event retention = 75%,Sparsity,retention,0.75,2,12318,61,25,0.836990595611285,0.354542436649331,0.498095608239409,0.331642687092433,1,0.49812734082397,0.64545756335067,1.6888039
office_spiral_events,12,Event retention = 75%,Sparsity,retention,0.75,3,12318,61,72,0.67529107373868,0.410635619886721,0.510713237452304,0.342924714229405,1.3,0.175478927203065,0.589364380113279,0.9846047
office_spiral_events,12,Event retention = 75%,Sparsity,retention,0.75,4,12318,61,25,0.894859209506587,0.349687058348476,0.50286709733614,0.335886744885096,1.25,0.544745958429561,0.650312941651524,1.5098267
office_spiral_events,12,Event retention = 75%,Sparsity,retention,0.75,5,12318,59,7,0.948803704656548,0.33751258350874,0.49790738490617,0.331475822397987,1,0.649674620390456,0.66248741649126,1.9902686
office_spiral_events,12,Added events = 5%,AddedEvents,added-event ratio,0.05,1,17245,61,13,0.976532195500388,0.31579277471149,0.477251184834123,0.313414254590725,1,0.751539225422046,0.68420722528851,3.5497136
office_spiral_events,12,Added events = 5%,AddedEvents,added-event ratio,0.05,2,17245,61,46,0.820985259891389,0.346995655381589,0.48781331028522,0.322588020118884,1.125,0.496338294353886,0.653004344618411,1.9661689
office_spiral_events,12,Added events = 5%,AddedEvents,added-event ratio,0.05,3,17245,61,38,0.930178432893716,0.330234799972457,0.487423141419788,0.322246858832225,1.16666666666667,0.552752293577982,0.669765200027542,2.1594041
office_spiral_events,12,Added events = 5%,AddedEvents,added-event ratio,0.05,4,17245,61,29,0.845034910783553,0.337621077101898,0.482476053374675,0.317936368943374,1,0.564608675694285,0.662378922898102,2.4524111
office_spiral_events,12,Added events = 5%,AddedEvents,added-event ratio,0.05,5,17245,61,27,0.969743987587277,0.322019707606105,0.483488855581879,0.318816552955429,1.16666666666667,0.5392,0.677980292393894,2.5193281
office_spiral_events,12,Added events = 10%,AddedEvents,added-event ratio,0.1,1,18066,61,25,0.948021722265322,0.313876581262441,0.471609821988519,0.308566378385203,1,0.698240589198036,0.686123418737559,3.6594156
office_spiral_events,12,Added events = 10%,AddedEvents,added-event ratio,0.1,2,18066,61,27,0.955391776570985,0.317458271573113,0.476563633725149,0.312821489807582,1,0.62911084043849,0.682541728426887,3.308317
office_spiral_events,12,Added events = 10%,AddedEvents,added-event ratio,0.1,3,18066,61,8,0.95577967416602,0.304799604156358,0.462202213468392,0.300561112466455,1,0.824675324675325,0.695200395843642,3.9398235
office_spiral_events,12,Added events = 10%,AddedEvents,added-event ratio,0.1,4,18066,61,33,0.841543832428239,0.317712528373728,0.461276776696965,0.299778913914605,1,0.538833832680341,0.682287471626272,1.8493423
office_spiral_events,12,Added events = 10%,AddedEvents,added-event ratio,0.1,5,18066,61,28,0.931342125678821,0.324087197138422,0.480849146347569,0.316524948915694,1.14285714285714,0.55893377759267,0.675912802861578,2.4132262
office_spiral_events,12,Added events = 20%,AddedEvents,added-event ratio,0.2,1,19709,61,18,0.975174553917766,0.283987574131601,0.43987577096365,0.281949195312062,1,0.605409705648369,0.716012425868399,3.638437
office_spiral_events,12,Added events = 20%,AddedEvents,added-event ratio,0.2,2,19709,61,57,0.883242823894492,0.309060061079063,0.457895530641999,0.296928995240269,1,0.533596837944664,0.690939938920937,2.2301504
office_spiral_events,12,Added events = 20%,AddedEvents,added-event ratio,0.2,3,19709,61,34,0.863653995345229,0.306342872867364,0.452264879138737,0.292210774985235,1,0.480574893330339,0.693657127132636,1.9672836
office_spiral_events,12,Added events = 20%,AddedEvents,added-event ratio,0.2,4,19709,61,22,0.977695888285493,0.28526965084036,0.441669952249529,0.283425165860789,1,0.707200952192025,0.71473034915964,3.2029084
office_spiral_events,12,Added events = 20%,AddedEvents,added-event ratio,0.2,5,19709,61,33,0.887315748642358,0.307687134306275,0.456928838951311,0.296116504854369,1.33333333333333,0.669945355191257,0.692312865693725,3.2464471
office_spiral_events,12,Added events = 30%,AddedEvents,added-event ratio,0.3,1,21351,61,32,0.930566330488751,0.273110200364299,0.422284809012498,0.267655918777195,1,0.687161317215506,0.726889799635701,3.3985726
office_spiral_events,12,Added events = 30%,AddedEvents,added-event ratio,0.3,2,21351,61,28,0.911947245927075,0.266462654425932,0.412419963161126,0.259779005524862,1,0.625903870693322,0.733537345574068,3.0607892
office_spiral_events,12,Added events = 30%,AddedEvents,added-event ratio,0.3,3,21351,61,40,0.946082234290147,0.265238431841662,0.414320295579055,0.261288767475494,1.2,0.597170971709717,0.734761568158338,4.0433579
office_spiral_events,12,Added events = 30%,AddedEvents,added-event ratio,0.3,4,21351,61,16,0.985841737781226,0.26133676092545,0.413151263919369,0.260359575884854,NaN,0.826283690733819,0.73866323907455,4.4897839
office_spiral_events,12,Added events = 30%,AddedEvents,added-event ratio,0.3,5,21351,61,11,0.982738557020946,0.257286483192851,0.407806841046278,0.256128999646161,1,0.832247878429051,0.742713516807149,6.151942
office_spiral_events,12,Full LLGD runtime,Runtime,-,NaN,1,16424,61,12,0.954809930178433,0.33542277032091,0.496445318408713,0.330181086519115,1,0.732886451350802,0.66457722967909,4.738306
office_spiral_events,12,Full LLGD runtime,Runtime,-,NaN,2,16424,61,26,0.940457719162141,0.330696310441247,0.489328422221101,0.323914495657983,1,0.613116106413694,0.669303689558753,3.7717024
office_spiral_events,12,Full LLGD runtime,Runtime,-,NaN,3,16424,61,12,0.954809930178433,0.33542277032091,0.496445318408713,0.330181086519115,1,0.732886451350802,0.66457722967909,4.0737582
office_spiral_events,13,Full LLGD,Full,-,NaN,1,13788,54,26,0.934221964647928,0.272734963201083,0.42221058145626,0.267596281540505,1,0.714019851116625,0.727265036798917,1.9880799
office_spiral_events,13,w/o weighted support,Ablation,UseWeights,0,1,13788,54,59,0.973920602723848,0.259036608863198,0.409229270668452,0.257252200535783,1.33333333333333,0.857780422493306,0.740963391136802,2.7020386
office_spiral_events,13,w/o local verification,Ablation,UseVerification,0,1,13788,54,96,0.824398725007244,0.288481038328939,0.427401787726283,0.271780664883454,1.125,0.40597539543058,0.711518961671061,1.053956
office_spiral_events,13,w/o global expansion,Ablation,UseGlobalExpansion,0,1,13788,54,309,0.627644161112721,0.373062349293834,0.467970184725073,0.305457622338175,3.72413793103448,0.0397045244690674,0.626937650706166,1.0839774
office_spiral_events,13,unit estimation weights,Ablation,UseWeights,0,1,13788,54,13,0.915966386554622,0.272382593709608,0.41989904357067,0.265741908364859,1,0.734261309712116,0.727617406290392,2.2639129
office_spiral_events,13,unit support tests,Ablation,UseMultiplicitySupport,0,1,13788,54,56,0.96551724137931,0.258394726638232,0.407683837024348,0.256031965575534,1,0.871848739495798,0.741605273361768,2.6433452
office_spiral_events,13,MAD = 3,Sensitivity,MAD,3,1,13788,54,34,0.855694001738627,0.287676570871895,0.430592009332167,0.27436588311809,1.2,0.658313579410769,0.712323429128105,1.7890598
office_spiral_events,13,MAD = 3.5,Sensitivity,MAD,3.5,1,13788,54,26,0.934221964647928,0.272734963201083,0.42221058145626,0.267596281540505,1,0.714019851116625,0.727265036798917,1.7602879
office_spiral_events,13,MAD = 4,Sensitivity,MAD,4,1,13788,54,52,0.871341640104318,0.283866704427452,0.428225576758758,0.272447222977258,1,0.548719654140339,0.716133295572548,1.8595872
office_spiral_events,13,p_in = 0.7,Sensitivity,p_in,0.7,1,13788,54,28,0.937988988698928,0.273372181403598,0.423358618885692,0.268519286603069,1,0.711152301513747,0.726627818596402,1.9495336
office_spiral_events,13,p_in = 0.8,Sensitivity,p_in,0.8,1,13788,54,26,0.934221964647928,0.272734963201083,0.42221058145626,0.267596281540505,1,0.714019851116625,0.727265036798917,1.8203319
office_spiral_events,13,p_in = 0.9,Sensitivity,p_in,0.9,1,13788,54,43,0.691104027818024,0.303550973654066,0.421825256455607,0.26728678695506,1.16666666666667,0.560167714884696,0.696449026345934,1.9674519
office_spiral_events,13,p_w = 0.7,Sensitivity,p_w,0.7,1,13788,54,43,0.919443639524775,0.266750735603195,0.41352795516747,0.26065883512692,1,0.606366214938544,0.733249264396805,1.8148947
office_spiral_events,13,p_w = 0.8,Sensitivity,p_w,0.8,1,13788,54,26,0.934221964647928,0.272734963201083,0.42221058145626,0.267596281540505,1,0.714019851116625,0.727265036798917,1.8439192
office_spiral_events,13,p_w = 0.9,Sensitivity,p_w,0.9,1,13788,54,25,0.939727615184005,0.273601619843078,0.423810768426555,0.268883177182655,1,0.755164970706136,0.726398380156922,2.0446829
office_spiral_events,13,overlap = 0.7,Sensitivity,overlap,0.7,1,13788,54,26,0.934221964647928,0.272734963201083,0.42221058145626,0.267596281540505,1,0.714019851116625,0.727265036798917,1.8875393
office_spiral_events,13,overlap = 0.8,Sensitivity,overlap,0.8,1,13788,54,26,0.934221964647928,0.272734963201083,0.42221058145626,0.267596281540505,1,0.714019851116625,0.727265036798917,1.7867493
office_spiral_events,13,overlap = 0.9,Sensitivity,overlap,0.9,1,13788,54,26,0.934221964647928,0.272734963201083,0.42221058145626,0.267596281540505,1,0.714019851116625,0.727265036798917,1.7549502
office_spiral_events,13,eps_s = 0.015,Sensitivity,eps_s,0.015,1,13788,54,59,0.666473485946103,0.321993560128797,0.434208042288088,0.277308897998553,1.27272727272727,0.461304347826087,0.678006439871203,1.4320069
office_spiral_events,13,eps_s = 0.02,Sensitivity,eps_s,0.02,1,13788,54,26,0.934221964647928,0.272734963201083,0.42221058145626,0.267596281540505,1,0.714019851116625,0.727265036798917,1.7653871
office_spiral_events,13,eps_s = 0.025,Sensitivity,eps_s,0.025,1,13788,54,9,0.66067806432918,0.296142356150149,0.408968609865471,0.257046223224352,1,0.79078947368421,0.703857643849851,1.7827016
office_spiral_events,13,eps_t = 0.005,Sensitivity,eps_t,0.005,1,13788,54,7,0.961460446247465,0.267128250543435,0.418094758064516,0.264298231639318,1,0.801084990958409,0.732871749456566,2.7435491
office_spiral_events,13,eps_t = 0.01,Sensitivity,eps_t,0.01,1,13788,54,10,0.890176760359316,0.268343815513627,0.412376669575139,0.259744652067304,1,0.76171875,0.731656184486373,2.0529144
office_spiral_events,13,eps_t = 0.015,Sensitivity,eps_t,0.015,1,13788,54,15,0.889017676035932,0.277496382054993,0.422968222237541,0.268205262697788,1,0.726857887874837,0.722503617945007,1.8527262
office_spiral_events,13,eps_t = 0.02,Sensitivity,eps_t,0.02,1,13788,54,26,0.934221964647928,0.272734963201083,0.42221058145626,0.267596281540505,1,0.714019851116625,0.727265036798917,1.7123891
office_spiral_events,13,eps_t = 0.025,Sensitivity,eps_t,0.025,1,13788,54,26,0.934221964647928,0.272734963201083,0.42221058145626,0.267596281540505,1,0.714019851116625,0.727265036798917,1.7492947
office_spiral_events,13,Event retention = 25%,Sparsity,retention,0.25,1,3447,49,5,0.208285385500575,0.709803921568627,0.322064056939502,0.191940615058324,1,0.248618784530387,0.290196078431373,0.1891403
office_spiral_events,13,Event retention = 25%,Sparsity,retention,0.25,2,3447,49,5,0.206521739130435,0.697959183673469,0.318732525629077,0.189578713968958,1,0.216374269005848,0.302040816326531,0.172932
office_spiral_events,13,Event retention = 25%,Sparsity,retention,0.25,3,3447,49,5,0.204439252336449,0.770925110132159,0.323176361957525,0.19273127753304,1,0.194285714285714,0.229074889867841,0.1951273
office_spiral_events,13,Event retention = 25%,Sparsity,retention,0.25,4,3447,51,6,0.186263096623981,0.608365019011407,0.285204991087344,0.166320166320166,1,0.225,0.391634980988593,0.1798494
office_spiral_events,13,Event retention = 25%,Sparsity,retention,0.25,5,3447,50,3,0.0313953488372093,0.375,0.0579399141630901,0.0298342541436464,1,0.111111111111111,0.625,0.1930556
office_spiral_events,13,Event retention = 50%,Sparsity,retention,0.5,1,6894,53,22,0.559907834101382,0.328045899426257,0.413705043626303,0.260799570700295,1,0.42798353909465,0.671954100573743,0.5594606
office_spiral_events,13,Event retention = 50%,Sparsity,retention,0.5,2,6894,54,28,0.534207525655644,0.409349060725207,0.463517190205293,0.301674179008371,1,0.338313767342583,0.590650939274793,0.4949908
office_spiral_events,13,Event retention = 50%,Sparsity,retention,0.5,3,6894,54,20,0.483663943990665,0.425783256291731,0.452881726304288,0.292725988700565,1,0.319662243667069,0.574216743708269,0.6460684
office_spiral_events,13,Event retention = 50%,Sparsity,retention,0.5,4,6894,54,20,0.42018779342723,0.558067030397506,0.47941078004687,0.315279612505504,1.125,0.170391061452514,0.441932969602494,0.544053
office_spiral_events,13,Event retention = 50%,Sparsity,retention,0.5,5,6894,51,28,0.49563191613279,0.493333333333333,0.494479953515398,0.328444615978387,1.125,0.170387779083431,0.506666666666667,0.504174
office_spiral_events,13,Event retention = 75%,Sparsity,retention,0.75,1,10341,54,67,0.709854731056144,0.319434628975265,0.440599488241745,0.28254414752305,1.18181818181818,0.364491150442478,0.680565371024735,0.8069894
office_spiral_events,13,Event retention = 75%,Sparsity,retention,0.75,2,10341,54,74,0.690611934625618,0.373330593794946,0.484662576687116,0.319838056680162,1.06666666666667,0.174463401210787,0.626669406205054,0.868396
office_spiral_events,13,Event retention = 75%,Sparsity,retention,0.75,3,10341,54,55,0.702881619937695,0.327111272200072,0.446450655453871,0.287374621875498,1,0.38005540166205,0.672888727799927,0.8606461
office_spiral_events,13,Event retention = 75%,Sparsity,retention,0.75,4,10341,54,73,0.670660997294163,0.365186276573353,0.47288089397656,0.309655541674103,1.16666666666667,0.167723342939481,0.634813723426647,0.9126892
office_spiral_events,13,Event retention = 75%,Sparsity,retention,0.75,5,10341,54,56,0.72554347826087,0.314858490566038,0.439144736842105,0.281348788198103,1,0.368111289459604,0.685141509433962,0.8811171
office_spiral_events,13,Added events = 5%,AddedEvents,added-event ratio,0.05,1,14477,54,14,0.871631411185164,0.265279125143311,0.406761325219743,0.255304702087931,1,0.830119680851064,0.734720874856689,2.1896932
office_spiral_events,13,Added events = 5%,AddedEvents,added-event ratio,0.05,2,14477,54,18,0.65691104027818,0.274189646831156,0.386893079614302,0.239843419382141,1,0.700044111160123,0.725810353168844,1.9250901
office_spiral_events,13,Added events = 5%,AddedEvents,added-event ratio,0.05,3,14477,54,74,0.775427412344248,0.287649145436956,0.419633056296064,0.265528874776741,1,0.480941704035874,0.712350854563044,1.3114187
office_spiral_events,13,Added events = 5%,AddedEvents,added-event ratio,0.05,4,14477,54,43,0.88467110982324,0.285540591096147,0.431733012797851,0.275293056807935,1,0.650835244022273,0.714459408903853,1.775107
office_spiral_events,13,Added events = 5%,AddedEvents,added-event ratio,0.05,5,14477,54,19,0.654303100550565,0.27533227655164,0.387572948849983,0.240366191185863,1,0.675376439326838,0.72466772344836,1.9180235
office_spiral_events,13,Added events = 10%,AddedEvents,added-event ratio,0.1,1,15167,54,13,0.943204868154158,0.250944414463033,0.396419437340153,0.247208931419458,1,0.778801843317972,0.749055585536967,2.7328531
office_spiral_events,13,Added events = 10%,AddedEvents,added-event ratio,0.1,2,15167,54,64,0.908722109533469,0.264663684699131,0.409934640522876,0.257809930943768,1,0.575255102040816,0.735336315300869,1.3903523
office_spiral_events,13,Added events = 10%,AddedEvents,added-event ratio,0.1,3,15167,54,54,0.861199652274703,0.267699513601153,0.408438122723837,0.256627234263017,1.11111111111111,0.55585464333782,0.732300486398847,1.5739282
office_spiral_events,13,Added events = 10%,AddedEvents,added-event ratio,0.1,4,15167,54,20,0.864966676325703,0.249581939799331,0.38738563363831,0.240222114920328,1,0.789949748743719,0.750418060200669,2.0469921
office_spiral_events,13,Added events = 10%,AddedEvents,added-event ratio,0.1,5,15167,54,86,0.787597797739786,0.306426155580609,0.441197954711468,0.283036551077788,1.3,0.368653421633554,0.693573844419391,1.4286771
office_spiral_events,13,Added events = 20%,AddedEvents,added-event ratio,0.2,1,16546,54,35,0.83222254419009,0.249804296773071,0.384265453572384,0.237827095064591,1,0.776810584958217,0.750195703226929,2.4954156
office_spiral_events,13,Added events = 20%,AddedEvents,added-event ratio,0.2,2,16546,54,29,0.910750507099391,0.235219278551115,0.373877356807232,0.229919531821507,1.2,0.799872733057588,0.764780721448885,2.9683394
office_spiral_events,13,Added events = 20%,AddedEvents,added-event ratio,0.2,3,16546,54,30,0.820631700956245,0.256614715476622,0.390971215572582,0.242985842985843,1,0.763771186440678,0.743385284523378,2.2361211
office_spiral_events,13,Added events = 20%,AddedEvents,added-event ratio,0.2,4,16546,54,22,0.835410026079397,0.240932642487047,0.374002724265421,0.230014360938248,1,0.794311481096081,0.759067357512953,2.4616933
office_spiral_events,13,Added events = 20%,AddedEvents,added-event ratio,0.2,5,16546,54,28,0.835699797160243,0.24505055654686,0.378975032851511,0.23378728923476,1,0.679264909847434,0.75494944345314,2.1685453
office_spiral_events,13,Added events = 30%,AddedEvents,added-event ratio,0.3,1,17924,54,13,0.963199072732541,0.222133119486768,0.361010046158023,0.220263733351004,1,0.856498194945848,0.777866880513232,4.0346748
office_spiral_events,13,Added events = 30%,AddedEvents,added-event ratio,0.3,2,17924,54,45,0.835699797160243,0.232768361581921,0.364118426866991,0.222582387898433,1,0.605062413314841,0.767231638418079,1.7671201
office_spiral_events,13,Added events = 30%,AddedEvents,added-event ratio,0.3,3,17924,54,12,0.949579831932773,0.21628935383803,0.352327706698205,0.213833605220228,1,0.841928593225511,0.78371064616197,3.8171754
office_spiral_events,13,Added events = 30%,AddedEvents,added-event ratio,0.3,4,17924,54,13,0.991596638655462,0.208926063862263,0.345133635905194,0.208556801560215,NaN,0.903272939801286,0.791073936137737,4.2125519
office_spiral_events,13,Added events = 30%,AddedEvents,added-event ratio,0.3,5,17924,54,20,0.937409446537236,0.229286271174428,0.368451025056948,0.225828970331588,1,0.82967542503864,0.770713728825572,3.8748238
office_spiral_events,13,Full LLGD runtime,Runtime,-,NaN,1,13788,54,26,0.934221964647928,0.272734963201083,0.42221058145626,0.267596281540505,1,0.714019851116625,0.727265036798917,1.8571009
office_spiral_events,13,Full LLGD runtime,Runtime,-,NaN,2,13788,54,55,0.884381338742394,0.282933160285529,0.428711897738446,0.272841051314143,1,0.642201834862385,0.717066839714471,1.6008342
office_spiral_events,13,Full LLGD runtime,Runtime,-,NaN,3,13788,54,59,0.887858591712547,0.282708986897952,0.428861361886766,0.272962138084633,1,0.640339425587467,0.717291013102048,1.6021568
office_spiral_events,14,Full LLGD,Full,-,NaN,1,3977,66,13,0.3776559287183,0.568041237113402,0.453684643886373,0.293397231096912,1,0.2994555353902,0.431958762886598,0.2378426
office_spiral_events,14,w/o weighted support,Ablation,UseWeights,0,1,3977,66,187,0.86223440712817,0.415455746367239,0.560731000668598,0.389594301641375,1.48275862068966,0.125596184419714,0.584544253632761,0.4039861
office_spiral_events,14,w/o local verification,Ablation,UseVerification,0,1,3977,66,23,0.444139821795751,0.544080604534005,0.489056603773585,0.323676323676324,1,0.273148148148148,0.455919395465995,0.2537809
office_spiral_events,14,w/o global expansion,Ablation,UseGlobalExpansion,0,1,3977,66,33,0.277587388622344,0.547297297297297,0.368349249658936,0.225752508361204,3.66666666666667,0.0888888888888889,0.452702702702703,0.2503508
office_spiral_events,14,unit estimation weights,Ablation,UseWeights,0,1,3977,66,12,0.372858122001371,0.574445617740232,0.452202826267664,0.292158968850698,1,0.303308823529412,0.425554382259768,0.3078862
office_spiral_events,14,unit support tests,Ablation,UseMultiplicitySupport,0,1,3977,66,159,0.86223440712817,0.415455746367239,0.560731000668598,0.389594301641375,1.43478260869565,0.260731319554849,0.584544253632761,0.4550227
office_spiral_events,14,MAD = 3,Sensitivity,MAD,3,1,3977,66,13,0.325565455791638,0.53490990990991,0.404772049424798,0.253739316239316,1,0.311578947368421,0.46509009009009,0.3052879
office_spiral_events,14,MAD = 3.5,Sensitivity,MAD,3.5,1,3977,66,13,0.3776559287183,0.568041237113402,0.453684643886373,0.293397231096912,1,0.2994555353902,0.431958762886598,0.2596296
office_spiral_events,14,MAD = 4,Sensitivity,MAD,4,1,3977,66,13,0.337902673063742,0.539387308533917,0.415507796038769,0.262234042553191,1,0.306288032454361,0.460612691466083,0.2875411
office_spiral_events,14,p_in = 0.7,Sensitivity,p_in,0.7,1,3977,66,15,0.376970527758739,0.54726368159204,0.446428571428571,0.28735632183908,1,0.296363636363636,0.45273631840796,0.2546481
office_spiral_events,14,p_in = 0.8,Sensitivity,p_in,0.8,1,3977,66,13,0.3776559287183,0.568041237113402,0.453684643886373,0.293397231096912,1,0.2994555353902,0.431958762886598,0.2661035
office_spiral_events,14,p_in = 0.9,Sensitivity,p_in,0.9,1,3977,66,8,0.369431117203564,0.598224195338513,0.456779661016949,0.295991213618891,1,0.306122448979592,0.401775804661487,0.2531091
office_spiral_events,14,p_w = 0.7,Sensitivity,p_w,0.7,1,3977,66,13,0.3776559287183,0.568041237113402,0.453684643886373,0.293397231096912,1,0.2994555353902,0.431958762886598,0.2555608
office_spiral_events,14,p_w = 0.8,Sensitivity,p_w,0.8,1,3977,66,13,0.3776559287183,0.568041237113402,0.453684643886373,0.293397231096912,1,0.2994555353902,0.431958762886598,0.2583938
office_spiral_events,14,p_w = 0.9,Sensitivity,p_w,0.9,1,3977,66,13,0.3776559287183,0.568041237113402,0.453684643886373,0.293397231096912,1,0.2994555353902,0.431958762886598,0.265078
office_spiral_events,14,overlap = 0.7,Sensitivity,overlap,0.7,1,3977,66,13,0.3776559287183,0.568041237113402,0.453684643886373,0.293397231096912,1,0.2994555353902,0.431958762886598,0.2594139
office_spiral_events,14,overlap = 0.8,Sensitivity,overlap,0.8,1,3977,66,13,0.3776559287183,0.568041237113402,0.453684643886373,0.293397231096912,1,0.2994555353902,0.431958762886598,0.2662028
office_spiral_events,14,overlap = 0.9,Sensitivity,overlap,0.9,1,3977,66,13,0.3776559287183,0.568041237113402,0.453684643886373,0.293397231096912,1,0.2994555353902,0.431958762886598,0.2719631
office_spiral_events,14,eps_s = 0.015,Sensitivity,eps_s,0.015,1,3977,66,17,0.319396847155586,0.515486725663717,0.394413880660178,0.245651027938851,1,0.180257510729614,0.484513274336283,0.2298076
office_spiral_events,14,eps_s = 0.02,Sensitivity,eps_s,0.02,1,3977,66,13,0.3776559287183,0.568041237113402,0.453684643886373,0.293397231096912,1,0.2994555353902,0.431958762886598,0.2831757
office_spiral_events,14,eps_s = 0.025,Sensitivity,eps_s,0.025,1,3977,66,11,0.324880054832077,0.523756906077348,0.401015228426396,0.250793650793651,1,0.335443037974684,0.476243093922652,0.3113076
office_spiral_events,14,eps_t = 0.005,Sensitivity,eps_t,0.005,1,3977,66,5,0.335161069225497,0.516913319238901,0.406652806652807,0.255219206680585,1,0.693251533742331,0.483086680761099,0.1990444
office_spiral_events,14,eps_t = 0.01,Sensitivity,eps_t,0.01,1,3977,66,13,0.327621658670322,0.509594882729211,0.398831873174802,0.249088066701407,1,0.343096234309623,0.490405117270789,0.2582086
office_spiral_events,14,eps_t = 0.015,Sensitivity,eps_t,0.015,1,3977,66,14,0.333104866346813,0.516471838469713,0.405,0.253918495297806,1,0.316872427983539,0.483528161530287,0.2282488
office_spiral_events,14,eps_t = 0.02,Sensitivity,eps_t,0.02,1,3977,66,13,0.3776559287183,0.568041237113402,0.453684643886373,0.293397231096912,1,0.2994555353902,0.431958762886598,0.2706947
office_spiral_events,14,eps_t = 0.025,Sensitivity,eps_t,0.025,1,3977,66,13,0.3776559287183,0.568041237113402,0.453684643886373,0.293397231096912,1,0.2994555353902,0.431958762886598,0.2615241
office_spiral_events,14,Event retention = 25%,Sparsity,retention,0.25,1,994,51,2,0.172804532577904,0.488,0.255230125523012,0.146282973621103,NaN,0.426229508196721,0.512,0.0299974
office_spiral_events,14,Event retention = 25%,Sparsity,retention,0.25,2,994,51,2,0.104838709677419,0.928571428571429,0.188405797101449,0.104,1,0.307692307692308,0.0714285714285714,0.0254845
office_spiral_events,14,Event retention = 25%,Sparsity,retention,0.25,3,994,56,2,0.190340909090909,0.465277777777778,0.270161290322581,0.156177156177156,NaN,0.507462686567164,0.534722222222222,0.0255054
office_spiral_events,14,Event retention = 25%,Sparsity,retention,0.25,4,994,50,2,0.22972972972973,0.904255319148936,0.366379310344828,0.224274406332454,1,0.435294117647059,0.0957446808510638,0.0348506
office_spiral_events,14,Event retention = 25%,Sparsity,retention,0.25,5,994,50,2,0.0279329608938547,0.142857142857143,0.0467289719626168,0.0239234449760766,1,0,0.857142857142857,0.0367929
office_spiral_events,14,Event retention = 50%,Sparsity,retention,0.5,1,1989,61,4,0.205761316872428,0.488599348534202,0.28957528957529,0.169300225733634,1,0.453333333333333,0.511400651465798,0.0934057
office_spiral_events,14,Event retention = 50%,Sparsity,retention,0.5,2,1989,58,4,0.310109289617486,0.597368421052632,0.408273381294964,0.256497175141243,1,0.308370044052863,0.402631578947368,0.0672666
office_spiral_events,14,Event retention = 50%,Sparsity,retention,0.5,3,1989,62,5,0.256868131868132,0.532763532763533,0.346617238183503,0.209641255605381,1,0.342245989304813,0.467236467236467,0.0975464
office_spiral_events,14,Event retention = 50%,Sparsity,retention,0.5,4,1989,62,6,0.259831460674157,0.480519480519481,0.337283500455789,0.202850877192982,NaN,0.610810810810811,0.519480519480519,0.0896913
office_spiral_events,14,Event retention = 50%,Sparsity,retention,0.5,5,1989,63,4,0.210312075983718,0.496794871794872,0.295519542421354,0.17337807606264,NaN,0.529032258064516,0.503205128205128,0.1006917
office_spiral_events,14,Event retention = 75%,Sparsity,retention,0.75,1,2983,63,6,0.343146274149034,0.608482871125612,0.438823529411765,0.281085154483798,1,0.273458445040214,0.391517128874388,0.1753146
office_spiral_events,14,Event retention = 75%,Sparsity,retention,0.75,2,2983,62,8,0.321167883211679,0.555205047318612,0.406936416184971,0.25544267053701,1,0.369318181818182,0.444794952681388,0.1542084
office_spiral_events,14,Event retention = 75%,Sparsity,retention,0.75,3,2983,64,6,0.324858757062147,0.587734241908007,0.418435415403275,0.264570552147239,1,0.365217391304348,0.412265758091993,0.1305768
office_spiral_events,14,Event retention = 75%,Sparsity,retention,0.75,4,2983,65,9,0.35695067264574,0.58187134502924,0.442468037798777,0.284082798001428,1,0.311557788944724,0.41812865497076,0.1718215
office_spiral_events,14,Event retention = 75%,Sparsity,retention,0.75,5,2983,66,7,0.382325581395349,0.624620060790274,0.474321984997115,0.31089258698941,1,0.321167883211679,0.375379939209726,0.1792642
office_spiral_events,14,Added events = 5%,AddedEvents,added-event ratio,0.05,1,4176,66,15,0.39821795750514,0.566829268292683,0.467793880837359,0.305307409353652,1,0.294320137693632,0.433170731707317,0.2585145
office_spiral_events,14,Added events = 5%,AddedEvents,added-event ratio,0.05,2,4176,66,12,0.3776559287183,0.578781512605042,0.457071754458731,0.296236559139785,1,0.2994555353902,0.421218487394958,0.246882
office_spiral_events,14,Added events = 5%,AddedEvents,added-event ratio,0.05,3,4176,66,13,0.3776559287183,0.551,0.448149654331029,0.288784067085954,1,0.2994555353902,0.449,0.243686
office_spiral_events,14,Added events = 5%,AddedEvents,added-event ratio,0.05,4,4176,66,13,0.3776559287183,0.56745623069001,0.453497942386831,0.293241085683874,1,0.2994555353902,0.43254376930999,0.2477972
office_spiral_events,14,Added events = 5%,AddedEvents,added-event ratio,0.05,5,4176,66,13,0.3776559287183,0.566872427983539,0.453311394487865,0.293085106382979,1,0.2994555353902,0.433127572016461,0.2540029
office_spiral_events,14,Added events = 10%,AddedEvents,added-event ratio,0.1,1,4375,66,13,0.381082933516107,0.563323201621074,0.454619787408013,0.294179894179894,1,0.300359712230216,0.436676798378926,0.2752623
office_spiral_events,14,Added events = 10%,AddedEvents,added-event ratio,0.1,2,4375,66,12,0.334475668265936,0.533333333333333,0.411120471777591,0.258748674443266,1,0.331967213114754,0.466666666666667,0.2577475
office_spiral_events,14,Added events = 10%,AddedEvents,added-event ratio,0.1,3,4375,66,15,0.374914324880055,0.545363908275174,0.444354183590577,0.285639686684073,1,0.29981718464351,0.454636091724825,0.2553479
office_spiral_events,14,Added events = 10%,AddedEvents,added-event ratio,0.1,4,4375,66,14,0.339273474982865,0.530546623794212,0.413879598662207,0.260938323668951,1,0.319191919191919,0.469453376205788,0.2749505
office_spiral_events,14,Added events = 10%,AddedEvents,added-event ratio,0.1,5,4375,66,12,0.375599725839616,0.570833333333333,0.453079785035138,0.292891501870657,1,0.299270072992701,0.429166666666667,0.2523425
office_spiral_events,14,Added events = 20%,AddedEvents,added-event ratio,0.2,1,4772,66,14,0.36737491432488,0.534396809571286,0.435418359057677,0.278296988577362,1,0.30410447761194,0.465603190428714,0.3027656
office_spiral_events,14,Added events = 20%,AddedEvents,added-event ratio,0.2,2,4772,66,12,0.368060315284441,0.558792924037461,0.443801652892562,0.28518321826872,1,0.301675977653631,0.441207075962539,0.2850554
office_spiral_events,14,Added events = 20%,AddedEvents,added-event ratio,0.2,3,4772,66,15,0.331048663468129,0.531938325991189,0.408111533586819,0.256369426751592,1,0.32712215320911,0.468061674008811,0.2781985
office_spiral_events,14,Added events = 20%,AddedEvents,added-event ratio,0.2,4,4772,66,12,0.379026730637423,0.507805325987144,0.434065934065934,0.27719298245614,1,0.298372513562387,0.492194674012856,0.3002571
office_spiral_events,14,Added events = 20%,AddedEvents,added-event ratio,0.2,5,4772,66,16,0.388622344071282,0.541030534351145,0.452333466294376,0.292268041237113,1.33333333333333,0.294532627865961,0.458969465648855,0.2915495
office_spiral_events,14,Added events = 30%,AddedEvents,added-event ratio,0.3,1,5170,66,10,0.332419465387252,0.541899441340782,0.412064570943076,0.259497057249866,1,0.305154639175258,0.458100558659218,0.3031959
office_spiral_events,14,Added events = 30%,AddedEvents,added-event ratio,0.3,2,5170,66,14,0.385880740233036,0.544487427466151,0.451664661050943,0.291709844559585,1,0.287744227353464,0.455512572533849,0.2962519
office_spiral_events,14,Added events = 30%,AddedEvents,added-event ratio,0.3,3,5170,66,17,0.400959561343386,0.495342929720576,0.443181818181818,0.284671532846715,1,0.326495726495726,0.504657070279424,0.3009104
office_spiral_events,14,Added events = 30%,AddedEvents,added-event ratio,0.3,4,5170,66,14,0.351610692254969,0.529411764705882,0.422570016474465,0.267885117493473,1,0.309941520467836,0.470588235294118,0.2908846
office_spiral_events,14,Added events = 30%,AddedEvents,added-event ratio,0.3,5,5170,66,9,0.327621658670322,0.529346622369878,0.404741744284505,0.253715498938429,1,0.332635983263598,0.470653377630122,0.3199771
office_spiral_events,14,Full LLGD runtime,Runtime,-,NaN,1,3977,66,13,0.3776559287183,0.568041237113402,0.453684643886373,0.293397231096912,1,0.2994555353902,0.431958762886598,0.2750956
office_spiral_events,14,Full LLGD runtime,Runtime,-,NaN,2,3977,66,13,0.3776559287183,0.565128205128205,0.452752670501233,0.292618162506638,1,0.2994555353902,0.434871794871795,0.2569961
office_spiral_events,14,Full LLGD runtime,Runtime,-,NaN,3,3977,66,13,0.3776559287183,0.565128205128205,0.452752670501233,0.292618162506638,1,0.2994555353902,0.434871794871795,0.2316373
office_spiral_events,15,Full LLGD,Full,-,NaN,1,10960,75,82,0.590152320226709,0.333066773290684,0.425814696485623,0.270498457541809,1,0.141056422569028,0.666933226709316,0.8457792
office_spiral_events,15,w/o weighted support,Ablation,UseWeights,0,1,10960,75,135,0.957846262840949,0.261155109136566,0.410412081657433,0.258187720805882,1.5,0.493343195266272,0.738844890863434,1.118991
office_spiral_events,15,w/o local verification,Ablation,UseVerification,0,1,10960,75,121,0.650726177825009,0.306473139806473,0.416695020982193,0.263180515759312,1,0.103973870440936,0.693526860193527,0.6793597
office_spiral_events,15,w/o global expansion,Ablation,UseGlobalExpansion,0,1,10960,75,175,0.472546935883812,0.398090122351537,0.432134758665371,0.275619834710744,3.25,0.0112443778110944,0.601909877648463,0.9423794
office_spiral_events,15,unit estimation weights,Ablation,UseWeights,0,1,10960,75,24,0.798441374424371,0.279548555128364,0.414109865882785,0.26112140871177,1,0.627772848269743,0.720451444871636,1.2991961
office_spiral_events,15,unit support tests,Ablation,UseMultiplicitySupport,0,1,10960,75,355,0.927736450584485,0.264518735481265,0.4116629990569,0.259178624443345,1.42307692307692,0.185567010309278,0.735481264518736,1.0178447
office_spiral_events,15,MAD = 3,Sensitivity,MAD,3,1,10960,75,77,0.594403117251151,0.327926519444987,0.422670025188917,0.267965506228042,1,0.133492252681764,0.672073480555013,0.8530354
office_spiral_events,15,MAD = 3.5,Sensitivity,MAD,3.5,1,10960,75,82,0.590152320226709,0.333066773290684,0.425814696485623,0.270498457541809,1,0.141056422569028,0.666933226709316,0.8352423
office_spiral_events,15,MAD = 4,Sensitivity,MAD,4,1,10960,75,74,0.596882748848742,0.327375170001943,0.422835633626098,0.268098647573588,1,0.118100890207715,0.672624829998057,0.7956355
office_spiral_events,15,p_in = 0.7,Sensitivity,p_in,0.7,1,10960,75,79,0.641870350690754,0.303060712493728,0.411724608043626,0.259227467811159,1,0.204746136865342,0.696939287506272,0.7869801
office_spiral_events,15,p_in = 0.8,Sensitivity,p_in,0.8,1,10960,75,82,0.590152320226709,0.333066773290684,0.425814696485623,0.270498457541809,1,0.141056422569028,0.666933226709316,0.7895454
office_spiral_events,15,p_in = 0.9,Sensitivity,p_in,0.9,1,10960,75,70,0.558625575628764,0.32895285773884,0.414073782329001,0.261092715231788,1,0.104629042485732,0.67104714226116,0.872803
office_spiral_events,15,p_w = 0.7,Sensitivity,p_w,0.7,1,10960,75,81,0.597591215019483,0.323118176594522,0.41944306315266,0.265376750039327,1,0.1185536455246,0.676881823405478,0.8171343
office_spiral_events,15,p_w = 0.8,Sensitivity,p_w,0.8,1,10960,75,82,0.590152320226709,0.333066773290684,0.425814696485623,0.270498457541809,1,0.141056422569028,0.666933226709316,0.8637132
office_spiral_events,15,p_w = 0.9,Sensitivity,p_w,0.9,1,10960,75,85,0.601487778958555,0.313863216266174,0.412486335479169,0.259831675592961,1,0.136631330977621,0.686136783733826,1.0264954
office_spiral_events,15,overlap = 0.7,Sensitivity,overlap,0.7,1,10960,75,82,0.590152320226709,0.333066773290684,0.425814696485623,0.270498457541809,1,0.141056422569028,0.666933226709316,0.836449
office_spiral_events,15,overlap = 0.8,Sensitivity,overlap,0.8,1,10960,75,82,0.590152320226709,0.333066773290684,0.425814696485623,0.270498457541809,1,0.141056422569028,0.666933226709316,0.8151177
office_spiral_events,15,overlap = 0.9,Sensitivity,overlap,0.9,1,10960,75,82,0.590152320226709,0.334941696823482,0.427343850198794,0.271733811776219,1,0.141056422569028,0.665058303176518,0.8408079
office_spiral_events,15,eps_s = 0.015,Sensitivity,eps_s,0.015,1,10960,75,98,0.598299681190223,0.36629798308393,0.454398708635997,0.293994778067885,1.36363636363636,0.105387803433985,0.63370201691607,0.8223713
office_spiral_events,15,eps_s = 0.02,Sensitivity,eps_s,0.02,1,10960,75,82,0.590152320226709,0.333066773290684,0.425814696485623,0.270498457541809,1,0.141056422569028,0.666933226709316,0.8874936
office_spiral_events,15,eps_s = 0.025,Sensitivity,eps_s,0.025,1,10960,75,9,0.705632306057386,0.285632348723831,0.406655098499541,0.255221012171685,1,0.756024096385542,0.714367651276169,1.6993519
office_spiral_events,15,eps_t = 0.005,Sensitivity,eps_t,0.005,1,10960,75,11,0.618490967056323,0.291583166332665,0.39632277834525,0.247133757961783,1,0.566437571592211,0.708416833667335,1.8736368
office_spiral_events,15,eps_t = 0.01,Sensitivity,eps_t,0.01,1,10960,75,17,0.644349982288346,0.290993441049432,0.400925721842627,0.250723638869745,1,0.547553600879604,0.709006558950568,1.8854853
office_spiral_events,15,eps_t = 0.015,Sensitivity,eps_t,0.015,1,10960,75,19,0.81721572794899,0.272566162570888,0.408788872153805,0.256904231625835,1,0.65236237537928,0.727433837429111,1.6312311
office_spiral_events,15,eps_t = 0.02,Sensitivity,eps_t,0.02,1,10960,75,82,0.590152320226709,0.333066773290684,0.425814696485623,0.270498457541809,1,0.141056422569028,0.666933226709316,1.0383455
office_spiral_events,15,eps_t = 0.025,Sensitivity,eps_t,0.025,1,10960,75,82,0.590152320226709,0.333066773290684,0.425814696485623,0.270498457541809,1,0.141056422569028,0.666933226709316,0.8856256
office_spiral_events,15,Event retention = 25%,Sparsity,retention,0.25,1,2740,67,4,0.194879089615932,0.791907514450867,0.312785388127854,0.185385656292287,1,0.131386861313869,0.208092485549133,0.1311973
office_spiral_events,15,Event retention = 25%,Sparsity,retention,0.25,2,2740,67,6,0.257342657342657,0.786324786324786,0.387776606954689,0.240522875816993,1,0.0869565217391305,0.213675213675214,0.138378
office_spiral_events,15,Event retention = 25%,Sparsity,retention,0.25,3,2740,65,2,0.147230320699708,0.848739495798319,0.250931677018634,0.143465909090909,1,0.168316831683168,0.151260504201681,0.1419379
office_spiral_events,15,Event retention = 25%,Sparsity,retention,0.25,4,2740,73,3,0.132374100719424,0.884615384615385,0.230287859824781,0.13012729844413,1,0,0.115384615384615,0.1626594
office_spiral_events,15,Event retention = 25%,Sparsity,retention,0.25,5,2740,65,6,0.238493723849372,0.791666666666667,0.366559485530547,0.224409448818898,1.25,0.0233918128654971,0.208333333333333,0.1458405
office_spiral_events,15,Event retention = 50%,Sparsity,retention,0.5,1,5480,71,13,0.319345661450925,0.623611111111111,0.42238946378175,0.267740011926058,1.33333333333333,0.0935412026726058,0.376388888888889,0.4009958
office_spiral_events,15,Event retention = 50%,Sparsity,retention,0.5,2,5480,72,11,0.341463414634146,0.60559796437659,0.436697247706422,0.279342723004695,1,0.149159663865546,0.39440203562341,0.3905982
office_spiral_events,15,Event retention = 50%,Sparsity,retention,0.5,3,5480,70,22,0.406271777003484,0.550519357884797,0.467522052927025,0.305075876504448,1,0.150943396226415,0.449480642115203,0.4296426
office_spiral_events,15,Event retention = 50%,Sparsity,retention,0.5,4,5480,71,18,0.364296081277213,0.583042973286876,0.448414470745869,0.289004029936672,1,0.117529880478088,0.416957026713124,0.3825423
office_spiral_events,15,Event retention = 50%,Sparsity,retention,0.5,5,5480,73,22,0.312674094707521,0.469174503657262,0.375261178437108,0.2309670781893,1.5,0.0289532293986637,0.530825496342738,0.3981254
office_spiral_events,15,Event retention = 75%,Sparsity,retention,0.75,1,8220,74,39,0.53320772491757,0.43140243902439,0.476932799662945,0.31313969571231,1.16666666666667,0.152826855123675,0.56859756097561,0.6314969
office_spiral_events,15,Event retention = 75%,Sparsity,retention,0.75,2,8220,72,46,0.548218527315914,0.412142857142857,0.470540265035678,0.307651292988536,1,0.11265164644714,0.587857142857143,0.6733441
office_spiral_events,15,Event retention = 75%,Sparsity,retention,0.75,3,8220,73,43,0.471931493815414,0.385093167701863,0.424112868747328,0.269126424308193,1,0.102822580645161,0.614906832298137,0.6104554
office_spiral_events,15,Event retention = 75%,Sparsity,retention,0.75,4,8220,74,43,0.527673545966229,0.433693138010794,0.476089716462124,0.312413218550403,1.1,0.0871111111111111,0.566306861989206,0.8164507
office_spiral_events,15,Event retention = 75%,Sparsity,retention,0.75,5,8220,74,50,0.516203703703704,0.385813148788927,0.441584158415842,0.283354510800508,1.42857142857143,0.0789237668161435,0.614186851211073,0.6391394
office_spiral_events,15,Added events = 5%,AddedEvents,added-event ratio,0.05,1,11508,75,80,0.600070846617074,0.309859154929577,0.408685162846803,0.256822316555488,1.125,0.154073199527745,0.690140845070423,0.9003999
office_spiral_events,15,Added events = 5%,AddedEvents,added-event ratio,0.05,2,11508,75,82,0.598653914275593,0.329498927666212,0.425050301810865,0.269881826892367,1.125,0.149704142011834,0.670501072333788,0.8930847
office_spiral_events,15,Added events = 5%,AddedEvents,added-event ratio,0.05,3,11508,75,63,0.594048884165781,0.305297651556526,0.403318903318903,0.252598282873927,1,0.211687537268933,0.694702348443474,0.9032876
office_spiral_events,15,Added events = 5%,AddedEvents,added-event ratio,0.05,4,11508,75,75,0.611052072263549,0.329449961802903,0.428092815485792,0.272339753710136,1,0.141449275362319,0.670550038197097,0.8885829
office_spiral_events,15,Added events = 5%,AddedEvents,added-event ratio,0.05,5,11508,75,89,0.592986184909671,0.312663429211804,0.409441115323468,0.257419652468092,1.16666666666667,0.114097968936679,0.687336570788196,0.9010066
office_spiral_events,15,Added events = 10%,AddedEvents,added-event ratio,0.1,1,12056,75,81,0.605384342897627,0.304092526690391,0.404832405543053,0.253786753786754,1.14285714285714,0.16500877706261,0.695907473309609,0.9114677
office_spiral_events,15,Added events = 10%,AddedEvents,added-event ratio,0.1,2,12056,75,80,0.617074034714842,0.316842488177519,0.418699675519769,0.264781881744946,1.14285714285714,0.146957520091848,0.683157511822481,0.9591022
office_spiral_events,15,Added events = 10%,AddedEvents,added-event ratio,0.1,3,12056,75,85,0.609635139922069,0.317293510324484,0.417363889899357,0.263714373276126,1.125,0.141196978500872,0.682706489675516,0.9451593
office_spiral_events,15,Added events = 10%,AddedEvents,added-event ratio,0.1,4,12056,75,95,0.588026921714488,0.305540217191239,0.402131782945736,0.25166767738023,1.33333333333333,0.124698795180723,0.694459782808761,0.9984694
office_spiral_events,15,Added events = 10%,AddedEvents,added-event ratio,0.1,5,12056,75,78,0.620970598653914,0.295466037417832,0.400411146642302,0.250321290875339,1,0.169423844837422,0.704533962582167,0.9416147
office_spiral_events,15,Added events = 20%,AddedEvents,added-event ratio,0.2,1,13152,75,99,0.626284094934467,0.289931124959003,0.396368120165901,0.247169019991612,1,0.167986425339366,0.710068875040997,1.0080101
office_spiral_events,15,Added events = 20%,AddedEvents,added-event ratio,0.2,2,13152,75,87,0.686503719447396,0.29090363254278,0.408645229309436,0.2567907777925,1.14285714285714,0.142930856553148,0.70909636745722,1.0885184
office_spiral_events,15,Added events = 20%,AddedEvents,added-event ratio,0.2,3,13152,75,89,0.687212185618137,0.282346092271867,0.400247575820095,0.250193448542688,1.16666666666667,0.199484536082474,0.717653907728133,1.138233
office_spiral_events,15,Added events = 20%,AddedEvents,added-event ratio,0.2,4,13152,75,30,0.931987247608927,0.242958721950319,0.385438031057721,0.238726068414844,1,0.665146332193083,0.757041278049681,1.9847457
office_spiral_events,15,Added events = 20%,AddedEvents,added-event ratio,0.2,5,13152,75,64,0.629826425788169,0.298172061043099,0.404734805372183,0.2537100456621,1.14285714285714,0.177727784026997,0.701827938956901,1.1476924
office_spiral_events,15,Added events = 30%,AddedEvents,added-event ratio,0.3,1,14248,75,13,0.961034360609281,0.21533455036114,0.351835040850733,0.213470768746558,1,0.802064135643199,0.78466544963886,2.8102184
office_spiral_events,15,Added events = 30%,AddedEvents,added-event ratio,0.3,2,14248,75,20,0.933049946865037,0.22112155809268,0.357516118086189,0.21766796132551,1,0.798405466970387,0.77887844190732,2.558461
office_spiral_events,15,Added events = 30%,AddedEvents,added-event ratio,0.3,3,14248,75,96,0.657102373361672,0.265569076592699,0.37826264274062,0.233245316232868,1.14285714285714,0.173584905660377,0.734430923407301,1.0085284
office_spiral_events,15,Added events = 30%,AddedEvents,added-event ratio,0.3,4,14248,75,87,0.65285157633723,0.270353527944844,0.382365145228216,0.236372963960498,1.125,0.153011394465545,0.729646472055156,1.1806958
office_spiral_events,15,Added events = 30%,AddedEvents,added-event ratio,0.3,5,14248,75,72,0.717676230959972,0.248071507285417,0.36869881710646,0.226015171798304,1,0.311451135241856,0.751928492714583,1.0545137
office_spiral_events,15,Full LLGD runtime,Runtime,-,NaN,1,10960,75,82,0.590152320226709,0.333066773290684,0.425814696485623,0.270498457541809,1,0.141056422569028,0.666933226709316,0.8207404
office_spiral_events,15,Full LLGD runtime,Runtime,-,NaN,2,10960,75,79,0.595111583421892,0.308143800440205,0.406042296072508,0.254738438210766,1.125,0.135714285714286,0.691856199559795,0.8780096
office_spiral_events,15,Full LLGD runtime,Runtime,-,NaN,3,10960,75,80,0.584484590860786,0.323529411764706,0.416508898144642,0.263032042085127,1.14285714285714,0.146666666666667,0.676470588235294,0.8179409
office_spiral_events,16,Full LLGD,Full,-,NaN,1,8880,72,55,0.412357581069238,0.314505347593583,0.356844899507016,0.217170551580891,1,0.12327311370882,0.685494652406417,0.7036102
office_spiral_events,16,w/o weighted support,Ablation,UseWeights,0,1,8880,72,210,0.925942156003506,0.261283541486336,0.407560999132028,0.25593507751938,1.46666666666667,0.497870326549929,0.738716458513664,0.8171952
office_spiral_events,16,w/o local verification,Ablation,UseVerification,0,1,8880,72,102,0.522348816827344,0.301162203132895,0.382051282051282,0.236133122028526,1.1,0.171979865771812,0.698837796867105,0.5065885
office_spiral_events,16,w/o global expansion,Ablation,UseGlobalExpansion,0,1,8880,72,100,0.258983347940403,0.339070567986231,0.293664596273292,0.172102504368084,2.41666666666667,0.0473773265651438,0.660929432013769,0.7838903
office_spiral_events,16,unit estimation weights,Ablation,UseWeights,0,1,8880,72,52,0.423312883435583,0.314248536109304,0.360716952949963,0.22004555808656,1,0.19047619047619,0.685751463890696,0.7386977
office_spiral_events,16,unit support tests,Ablation,UseMultiplicitySupport,0,1,8880,72,182,0.91148115687993,0.25867429424201,0.40298362879008,0.252335314812568,1.3125,0.599519230769231,0.74132570575799,1.0365664
office_spiral_events,16,MAD = 3,Sensitivity,MAD,3,1,8880,72,60,0.420245398773006,0.298940149625935,0.34936247723133,0.211653056720371,1,0.142857142857143,0.701059850374065,0.7913962
office_spiral_events,16,MAD = 3.5,Sensitivity,MAD,3.5,1,8880,72,55,0.412357581069238,0.314505347593583,0.356844899507016,0.217170551580891,1,0.12327311370882,0.685494652406417,0.7331191
office_spiral_events,16,MAD = 4,Sensitivity,MAD,4,1,8880,72,57,0.42988606485539,0.310541310541311,0.360595478772285,0.219955156950673,1,0.137614678899083,0.689458689458689,0.6834691
office_spiral_events,16,p_in = 0.7,Sensitivity,p_in,0.7,1,8880,72,64,0.417616126205083,0.297626483447845,0.347556528081692,0.21032884572942,1,0.121720881427072,0.702373516552155,0.7166778
office_spiral_events,16,p_in = 0.8,Sensitivity,p_in,0.8,1,8880,72,55,0.412357581069238,0.314505347593583,0.356844899507016,0.217170551580891,1,0.12327311370882,0.685494652406417,0.7182775
office_spiral_events,16,p_in = 0.9,Sensitivity,p_in,0.9,1,8880,72,48,0.427695004382121,0.31352393189849,0.361816496756256,0.220864448970355,1,0.164959016393443,0.68647606810151,0.8134614
office_spiral_events,16,p_w = 0.7,Sensitivity,p_w,0.7,1,8880,72,51,0.425942156003506,0.316818774445893,0.363364485981308,0.222019186843307,1,0.161522633744856,0.683181225554107,0.7359781
office_spiral_events,16,p_w = 0.8,Sensitivity,p_w,0.8,1,8880,72,55,0.412357581069238,0.314505347593583,0.356844899507016,0.217170551580891,1,0.12327311370882,0.685494652406417,0.721514
office_spiral_events,16,p_w = 0.9,Sensitivity,p_w,0.9,1,8880,72,55,0.412357581069238,0.314505347593583,0.356844899507016,0.217170551580891,1,0.12327311370882,0.685494652406417,0.7208609
office_spiral_events,16,overlap = 0.7,Sensitivity,overlap,0.7,1,8880,72,55,0.412357581069238,0.314505347593583,0.356844899507016,0.217170551580891,1,0.12327311370882,0.685494652406417,0.7274957
office_spiral_events,16,overlap = 0.8,Sensitivity,overlap,0.8,1,8880,72,55,0.412357581069238,0.314505347593583,0.356844899507016,0.217170551580891,1,0.12327311370882,0.685494652406417,0.7441891
office_spiral_events,16,overlap = 0.9,Sensitivity,overlap,0.9,1,8880,72,56,0.420245398773006,0.32519498134961,0.366660294398777,0.224485018726592,1,0.120959332638165,0.67480501865039,0.7415768
office_spiral_events,16,eps_s = 0.015,Sensitivity,eps_s,0.015,1,8880,72,56,0.398334794040316,0.334437086092715,0.3636,0.222195062331948,1,0.158415841584158,0.665562913907285,0.7068142
office_spiral_events,16,eps_s = 0.02,Sensitivity,eps_s,0.02,1,8880,72,55,0.412357581069238,0.314505347593583,0.356844899507016,0.217170551580891,1,0.12327311370882,0.685494652406417,0.7197699
office_spiral_events,16,eps_s = 0.025,Sensitivity,eps_s,0.025,1,8880,72,14,0.559158632778265,0.260142711518858,0.355085571170168,0.21586871933683,1,0.814263322884013,0.739857288481142,1.1300754
office_spiral_events,16,eps_t = 0.005,Sensitivity,eps_t,0.005,1,8880,72,6,0.41498685363716,0.286448880822746,0.338940586972083,0.204050851109675,1,0.753959873284055,0.713551119177253,0.7873248
office_spiral_events,16,eps_t = 0.01,Sensitivity,eps_t,0.01,1,8880,72,31,0.393952673093777,0.335949177877429,0.36264622831787,0.221483123922148,1,0.289210233592881,0.664050822122571,0.653003
office_spiral_events,16,eps_t = 0.015,Sensitivity,eps_t,0.015,1,8880,72,27,0.497370727432077,0.274353396180807,0.353637638261411,0.214799394398183,1,0.540969162995595,0.725646603819193,0.7480456
office_spiral_events,16,eps_t = 0.02,Sensitivity,eps_t,0.02,1,8880,72,55,0.412357581069238,0.314505347593583,0.356844899507016,0.217170551580891,1,0.12327311370882,0.685494652406417,0.7307508
office_spiral_events,16,eps_t = 0.025,Sensitivity,eps_t,0.025,1,8880,72,55,0.412357581069238,0.314505347593583,0.356844899507016,0.217170551580891,1,0.12327311370882,0.685494652406417,0.7177964
office_spiral_events,16,Event retention = 25%,Sparsity,retention,0.25,1,2220,66,4,0.0087260034904014,0.0531914893617021,0.0149925037481259,0.00755287009063444,NaN,0,0.946808510638298,0.1111522
office_spiral_events,16,Event retention = 25%,Sparsity,retention,0.25,2,2220,66,3,0.0126353790613718,0.0897435897435897,0.0221518987341772,0.0112,NaN,0,0.91025641025641,0.0814472
office_spiral_events,16,Event retention = 25%,Sparsity,retention,0.25,3,2220,65,5,0.0157342657342657,0.09375,0.0269461077844311,0.0136570561456753,1,0,0.90625,0.1001701
office_spiral_events,16,Event retention = 25%,Sparsity,retention,0.25,4,2220,67,2,0,0,0,0,NaN,NaN,1,0.0805559
office_spiral_events,16,Event retention = 25%,Sparsity,retention,0.25,5,2220,68,4,0.0575296108291032,0.311926605504587,0.0971428571428571,0.0510510510510511,1,0.0588235294117647,0.688073394495413,0.1020436
office_spiral_events,16,Event retention = 50%,Sparsity,retention,0.5,1,4440,72,13,0.161713286713287,0.377551020408163,0.226438188494492,0.127674258109041,1,0.0918918918918918,0.622448979591837,0.2648699
office_spiral_events,16,Event retention = 50%,Sparsity,retention,0.5,2,4440,69,4,0.109012875536481,0.442508710801394,0.174931129476584,0.0958490566037736,1,0.141732283464567,0.557491289198606,0.2556327
office_spiral_events,16,Event retention = 50%,Sparsity,retention,0.5,3,4440,70,15,0.15188762071993,0.38021978021978,0.217063989962359,0.121745249824068,1,0.0404624277456648,0.61978021978022,0.2850079
office_spiral_events,16,Event retention = 50%,Sparsity,retention,0.5,4,4440,70,9,0.187393526405451,0.495495495495495,0.271940667490729,0.157367668097282,1.5,0.131818181818182,0.504504504504504,0.2870636
office_spiral_events,16,Event retention = 50%,Sparsity,retention,0.5,5,4440,69,12,0.216593886462882,0.449275362318841,0.292280494991161,0.171152518978606,1,0.161290322580645,0.550724637681159,0.3262738
office_spiral_events,16,Event retention = 75%,Sparsity,retention,0.75,1,6660,72,33,0.380645161290323,0.403356121814792,0.391671695835848,0.243527204502814,1,0.120184899845917,0.596643878185208,0.5436706
office_spiral_events,16,Event retention = 75%,Sparsity,retention,0.75,2,6660,71,33,0.363424577751893,0.392947103274559,0.377609682299546,0.232748974263335,1,0.153846153846154,0.607052896725441,0.4949053
office_spiral_events,16,Event retention = 75%,Sparsity,retention,0.75,3,6660,71,30,0.320821114369501,0.332119004250152,0.326372315035799,0.195008912655971,1,0.226691042047532,0.667880995749848,0.5386074
office_spiral_events,16,Event retention = 75%,Sparsity,retention,0.75,4,6660,72,29,0.286885245901639,0.356882738528769,0.318078545926647,0.189116171362408,1,0.151020408163265,0.643117261471231,0.5146174
office_spiral_events,16,Event retention = 75%,Sparsity,retention,0.75,5,6660,71,25,0.280650784427658,0.336350974930362,0.305986696230599,0.180628272251309,1,0.231884057971015,0.663649025069638,0.4962382
office_spiral_events,16,Added events = 5%,AddedEvents,added-event ratio,0.05,1,9324,72,61,0.453111305872042,0.307738095238095,0.366536689117334,0.224392361111111,1.125,0.149903288201161,0.692261904761905,0.8193444
office_spiral_events,16,Added events = 5%,AddedEvents,added-event ratio,0.05,2,9324,72,56,0.422874671340929,0.294836541399328,0.347434743474347,0.210239651416122,1,0.258031088082902,0.705163458600672,0.7594356
office_spiral_events,16,Added events = 5%,AddedEvents,added-event ratio,0.05,3,9324,72,52,0.53330411919369,0.273114901256732,0.361234787770852,0.220431081325847,1,0.354971240755957,0.726885098743267,0.7979392
office_spiral_events,16,Added events = 5%,AddedEvents,added-event ratio,0.05,4,9324,72,35,0.507449605609115,0.296315250767656,0.374151857835218,0.230127186009539,1,0.537996545768566,0.703684749232344,0.9420511
office_spiral_events,16,Added events = 5%,AddedEvents,added-event ratio,0.05,5,9324,72,62,0.43908851884312,0.285470085470085,0.345994475138122,0.209185803757829,1,0.161676646706587,0.714529914529915,0.7453781
office_spiral_events,16,Added events = 10%,AddedEvents,added-event ratio,0.1,1,9768,72,37,0.496494303242769,0.262329242880296,0.343281321011968,0.207205559619605,1,0.486319505736981,0.737670757119704,0.8342773
office_spiral_events,16,Added events = 10%,AddedEvents,added-event ratio,0.1,2,9768,72,70,0.492112182296231,0.293748365158253,0.367895167895168,0.225411481332798,1,0.169189670525378,0.706251634841747,0.8378926
office_spiral_events,16,Added events = 10%,AddedEvents,added-event ratio,0.1,3,9768,72,47,0.53330411919369,0.277220956719818,0.364808153477218,0.223098075160403,1,0.451109285127362,0.722779043280182,0.8744127
office_spiral_events,16,Added events = 10%,AddedEvents,added-event ratio,0.1,4,9768,72,60,0.471516213847502,0.3117033603708,0.375305197070108,0.231000429368828,1,0.169144981412639,0.688296639629201,0.800338
office_spiral_events,16,Added events = 10%,AddedEvents,added-event ratio,0.1,5,9768,72,55,0.477212971078002,0.304020100502513,0.371418826739427,0.228062827225131,1,0.186409550045914,0.695979899497487,0.8039488
office_spiral_events,16,Added events = 20%,AddedEvents,added-event ratio,0.2,1,10656,72,64,0.579754601226994,0.285992217898833,0.38303416328894,0.236884512085944,1.18181818181818,0.28193499622071,0.714007782101167,0.9222803
office_spiral_events,16,Added events = 20%,AddedEvents,added-event ratio,0.2,2,10656,72,56,0.44829097283085,0.29136998006266,0.353184878301398,0.214465408805031,1,0.241446725317693,0.70863001993734,0.8468023
office_spiral_events,16,Added events = 20%,AddedEvents,added-event ratio,0.2,3,10656,72,67,0.523225241016652,0.270502945174445,0.35663082437276,0.21701199563795,1.14285714285714,0.382747068676717,0.729497054825555,0.8141096
office_spiral_events,16,Added events = 20%,AddedEvents,added-event ratio,0.2,4,10656,72,45,0.526730937773883,0.247835051546392,0.337072349971957,0.202698145025295,1,0.453410981697171,0.752164948453608,1.0068952
office_spiral_events,16,Added events = 20%,AddedEvents,added-event ratio,0.2,5,10656,72,46,0.501314636283961,0.284718765555002,0.363174603174603,0.221877424359969,1,0.443181818181818,0.715281234444997,0.8128867
office_spiral_events,16,Added events = 30%,AddedEvents,added-event ratio,0.3,1,11544,72,30,0.595092024539877,0.212519561815336,0.313191881918819,0.185671315285753,1,0.661266568483063,0.787480438184664,1.1675224
office_spiral_events,16,Added events = 30%,AddedEvents,added-event ratio,0.3,2,11544,72,68,0.464943032427695,0.23810592459605,0.314930246363906,0.186894486524573,1.2,0.188501413760603,0.76189407540395,1.007491
office_spiral_events,16,Added events = 30%,AddedEvents,added-event ratio,0.3,3,11544,72,40,0.583698510078878,0.2658152065456,0.365281777046483,0.223452440865627,1,0.468468468468468,0.7341847934544,0.9697316
office_spiral_events,16,Added events = 30%,AddedEvents,added-event ratio,0.3,4,11544,72,54,0.599035933391762,0.247063076088921,0.349840051183621,0.212003722084367,1,0.471836137527432,0.752936923911079,0.9942236
office_spiral_events,16,Added events = 30%,AddedEvents,added-event ratio,0.3,5,11544,72,40,0.629272567922875,0.250961202376791,0.358820589705147,0.21863580998782,1,0.581476323119777,0.749038797623209,1.135265
office_spiral_events,16,Full LLGD runtime,Runtime,-,NaN,1,8880,72,55,0.412357581069238,0.314505347593583,0.356844899507016,0.217170551580891,1,0.12327311370882,0.685494652406417,0.7215915
office_spiral_events,16,Full LLGD runtime,Runtime,-,NaN,2,8880,72,51,0.42418930762489,0.300621118012422,0.351872046528535,0.213498014997794,1,0.132231404958678,0.699378881987578,0.6872608
office_spiral_events,16,Full LLGD runtime,Runtime,-,NaN,3,8880,72,53,0.402716914986854,0.313010899182561,0.352242238405519,0.213770644335892,1,0.139281828073993,0.686989100817439,0.750145
office_spiral_events,17,Full LLGD,Full,-,NaN,1,12396,68,30,0.724330357142857,0.202791375898344,0.316868744405566,0.188261458131889,1,0.768361581920904,0.797208624101656,1.5225412
office_spiral_events,17,w/o weighted support,Ablation,UseWeights,0,1,12396,68,171,0.936755952380952,0.219318874662486,0.355423812548521,0.216118788086859,1.77777777777778,0.725178713264496,0.780681125337514,1.7407702
office_spiral_events,17,w/o local verification,Ablation,UseVerification,0,1,12396,68,146,0.611235119047619,0.232851473922903,0.337233169129721,0.20281446734971,1.30769230769231,0.14607425441266,0.767148526077097,0.6877475
office_spiral_events,17,w/o global expansion,Ablation,UseGlobalExpansion,0,1,12396,68,205,0.279389880952381,0.193806451612903,0.228858753618772,0.129215416379904,2.4,0.0306258322237017,0.806193548387097,0.9996977
office_spiral_events,17,unit estimation weights,Ablation,UseWeights,0,1,12396,68,50,0.639508928571429,0.228681654915525,0.336893679568839,0.202568937072826,1,0.511925538103549,0.771318345084475,1.2697379
office_spiral_events,17,unit support tests,Ablation,UseMultiplicitySupport,0,1,12396,68,91,0.955729166666667,0.220250342935528,0.357998885172798,0.218025969617245,1.42857142857143,0.73725184896847,0.779749657064472,1.5958436
office_spiral_events,17,MAD = 3,Sensitivity,MAD,3,1,12396,68,27,0.78608630952381,0.218194960760017,0.341577756223731,0.205965493712838,1,0.802176999526739,0.781805039239983,1.5425011
office_spiral_events,17,MAD = 3.5,Sensitivity,MAD,3.5,1,12396,68,30,0.724330357142857,0.202791375898344,0.316868744405566,0.188261458131889,1,0.768361581920904,0.797208624101656,1.4947411
office_spiral_events,17,MAD = 4,Sensitivity,MAD,4,1,12396,68,23,0.80952380952381,0.215211156166551,0.340026564575357,0.204838557846183,1,0.773897058823529,0.784788843833449,1.530758
office_spiral_events,17,p_in = 0.7,Sensitivity,p_in,0.7,1,12396,68,35,0.717633928571429,0.198865979381443,0.311430416532128,0.18443445836122,1,0.765681700362882,0.801134020618557,1.5084051
office_spiral_events,17,p_in = 0.8,Sensitivity,p_in,0.8,1,12396,68,30,0.724330357142857,0.202791375898344,0.316868744405566,0.188261458131889,1,0.768361581920904,0.797208624101656,1.5656927
office_spiral_events,17,p_in = 0.9,Sensitivity,p_in,0.9,1,12396,68,28,0.814732142857143,0.214769049720506,0.339930151338766,0.20476858345021,1,0.792694063926941,0.785230950279494,1.5043389
office_spiral_events,17,p_w = 0.7,Sensitivity,p_w,0.7,1,12396,68,29,0.724330357142857,0.202538229480911,0.316559629298431,0.188043268302105,1,0.768361581920904,0.797461770519089,1.5918732
office_spiral_events,17,p_w = 0.8,Sensitivity,p_w,0.8,1,12396,68,30,0.724330357142857,0.202791375898344,0.316868744405566,0.188261458131889,1,0.768361581920904,0.797208624101656,1.5663895
office_spiral_events,17,p_w = 0.9,Sensitivity,p_w,0.9,1,12396,68,30,0.724330357142857,0.202791375898344,0.316868744405566,0.188261458131889,1,0.768361581920904,0.797208624101656,1.5399908
office_spiral_events,17,overlap = 0.7,Sensitivity,overlap,0.7,1,12396,68,30,0.724330357142857,0.202791375898344,0.316868744405566,0.188261458131889,1,0.768361581920904,0.797208624101656,1.620703
office_spiral_events,17,overlap = 0.8,Sensitivity,overlap,0.8,1,12396,68,30,0.724330357142857,0.202791375898344,0.316868744405566,0.188261458131889,1,0.768361581920904,0.797208624101656,1.5266422
office_spiral_events,17,overlap = 0.9,Sensitivity,overlap,0.9,1,12396,68,30,0.728050595238095,0.203282434818739,0.317823792123427,0.188936088047886,1,0.763413387838528,0.796717565181261,1.587167
office_spiral_events,17,eps_s = 0.015,Sensitivity,eps_s,0.015,1,12396,68,116,0.447916666666667,0.222058281077093,0.29691738594328,0.174341152620909,1,0.134551495016611,0.777941718922907,0.9272895
office_spiral_events,17,eps_s = 0.02,Sensitivity,eps_s,0.02,1,12396,68,30,0.724330357142857,0.202791375898344,0.316868744405566,0.188261458131889,1,0.768361581920904,0.797208624101656,1.5567363
office_spiral_events,17,eps_s = 0.025,Sensitivity,eps_s,0.025,1,12396,68,10,0.880580357142857,0.215142701327031,0.345799853907962,0.20904353969796,NaN,0.918884664131812,0.784857298672969,1.8335218
office_spiral_events,17,eps_t = 0.005,Sensitivity,eps_t,0.005,1,12396,68,5,0.694568452380952,0.220659496513414,0.33491792985918,0.201141995259642,NaN,0.866095340117836,0.779340503486585,1.9737573
office_spiral_events,17,eps_t = 0.01,Sensitivity,eps_t,0.01,1,12396,68,13,0.573660714285714,0.227098674521355,0.325385102342266,0.194304435483871,NaN,0.856031128404669,0.772901325478645,1.3274278
office_spiral_events,17,eps_t = 0.015,Sensitivity,eps_t,0.015,1,12396,68,22,0.819940476190476,0.224600020381127,0.352611791056715,0.214042925123822,1,0.699637023593466,0.775399979618873,1.512074
office_spiral_events,17,eps_t = 0.02,Sensitivity,eps_t,0.02,1,12396,68,30,0.724330357142857,0.202791375898344,0.316868744405566,0.188261458131889,1,0.768361581920904,0.797208624101656,1.5375071
office_spiral_events,17,eps_t = 0.025,Sensitivity,eps_t,0.025,1,12396,68,30,0.724330357142857,0.202791375898344,0.316868744405566,0.188261458131889,1,0.768361581920904,0.797208624101656,1.5803296
office_spiral_events,17,Event retention = 25%,Sparsity,retention,0.25,1,3099,66,5,0.0492537313432836,0.226027397260274,0.0808823529411765,0.0421455938697318,1,0.0303030303030303,0.773972602739726,0.1415145
office_spiral_events,17,Event retention = 25%,Sparsity,retention,0.25,2,3099,65,8,0.0463678516228748,0.176470588235294,0.0734394124847001,0.0381194409148666,1,0.0333333333333333,0.823529411764706,0.1328614
office_spiral_events,17,Event retention = 25%,Sparsity,retention,0.25,3,3099,63,2,0,0,0,0,NaN,NaN,1,0.155654
office_spiral_events,17,Event retention = 25%,Sparsity,retention,0.25,4,3099,63,5,0.105754276827372,0.425,0.169364881693649,0.0925170068027211,1,0.0294117647058824,0.575,0.1334799
office_spiral_events,17,Event retention = 25%,Sparsity,retention,0.25,5,3099,61,6,0.0321637426900585,0.149659863945578,0.0529482551143201,0.0271940667490729,1,0,0.850340136054422,0.1488205
office_spiral_events,17,Event retention = 50%,Sparsity,retention,0.5,1,6198,67,19,0.146431199411332,0.238895558223289,0.181569343065693,0.0998494731560462,1,0.100502512562814,0.761104441776711,0.4777461
office_spiral_events,17,Event retention = 50%,Sparsity,retention,0.5,2,6198,65,22,0.111028315946349,0.183046683046683,0.13821892393321,0.0742401594419532,1,0.040268456375839,0.816953316953317,0.4477458
office_spiral_events,17,Event retention = 50%,Sparsity,retention,0.5,3,6198,68,25,0.167790262172285,0.215591915303176,0.188711036225779,0.104186046511628,1,0.0848214285714286,0.784408084696824,0.4408226
office_spiral_events,17,Event retention = 50%,Sparsity,retention,0.5,4,6198,67,29,0.163295880149813,0.221995926680244,0.188174363400949,0.103858980466889,1,0.0642201834862385,0.778004073319756,0.4347296
office_spiral_events,17,Event retention = 50%,Sparsity,retention,0.5,5,6198,66,25,0.167634252539913,0.220209723546234,0.19035846724351,0.105191256830601,1,0.0562770562770563,0.779790276453766,0.4492855
office_spiral_events,17,Event retention = 75%,Sparsity,retention,0.75,1,9297,68,49,0.397681451612903,0.230634317451038,0.291951896392229,0.170927209705373,1,0.247148288973384,0.769365682548962,0.6906734
office_spiral_events,17,Event retention = 75%,Sparsity,retention,0.75,2,9297,68,47,0.340308918784255,0.223421655217534,0.269747235387046,0.155900479342616,1.2,0.181551976573939,0.776578344782466,0.7374433
office_spiral_events,17,Event retention = 75%,Sparsity,retention,0.75,3,9297,67,53,0.352300841167739,0.230346166289227,0.278560250391236,0.161818181818182,1,0.144662921348315,0.769653833710773,0.8160178
office_spiral_events,17,Event retention = 75%,Sparsity,retention,0.75,4,9297,68,67,0.380111055022716,0.225922592259226,0.283402333458788,0.16509537382153,1.16666666666667,0.201859229747676,0.774077407740774,0.6848793
office_spiral_events,17,Event retention = 75%,Sparsity,retention,0.75,5,9297,67,51,0.327345309381238,0.225739848589126,0.267209775967413,0.15420780441937,1,0.213414634146341,0.774260151410874,0.6918199
office_spiral_events,17,Added events = 5%,AddedEvents,added-event ratio,0.05,1,13016,68,33,0.681175595238095,0.193469991546915,0.301349572086899,0.17740529018506,NaN,0.789186237028946,0.806530008453085,1.7060131
office_spiral_events,17,Added events = 5%,AddedEvents,added-event ratio,0.05,2,13016,68,31,0.865699404761905,0.216344365935292,0.346176733115144,0.209319060897724,1,0.76536312849162,0.783655634064708,1.5777096
office_spiral_events,17,Added events = 5%,AddedEvents,added-event ratio,0.05,3,13016,68,54,0.533854166666667,0.209887377504754,0.301312335958005,0.177379480840544,1,0.433449477351916,0.790112622495246,1.1804197
office_spiral_events,17,Added events = 5%,AddedEvents,added-event ratio,0.05,4,13016,68,89,0.613467261904762,0.206589827111,0.309090909090909,0.182795698924731,1,0.308671922377198,0.793410172889,0.9389933
office_spiral_events,17,Added events = 5%,AddedEvents,added-event ratio,0.05,5,13016,68,17,0.829985119047619,0.212800457840519,0.338748861220771,0.203911891052006,1,0.853877185118781,0.787199542159481,1.836685
office_spiral_events,17,Added events = 10%,AddedEvents,added-event ratio,0.1,1,13636,68,25,0.9140625,0.209445060097178,0.340800332894098,0.205400434709915,1,0.817663817663818,0.790554939902822,1.7704955
office_spiral_events,17,Added events = 10%,AddedEvents,added-event ratio,0.1,2,13636,68,33,0.775297619047619,0.20421362077413,0.323276196385636,0.192802294384309,1,0.748560460652591,0.79578637922587,1.8835584
office_spiral_events,17,Added events = 10%,AddedEvents,added-event ratio,0.1,3,13636,68,19,0.587797619047619,0.195085813063341,0.292945211829053,0.171608558705333,1,0.801898734177215,0.804914186936659,1.7013048
office_spiral_events,17,Added events = 10%,AddedEvents,added-event ratio,0.1,4,13636,68,23,0.684895833333333,0.200719581334496,0.310455311973019,0.183750873340653,NaN,0.876697447039652,0.799280418665504,1.8685426
office_spiral_events,17,Added events = 10%,AddedEvents,added-event ratio,0.1,5,13636,68,19,0.864955357142857,0.205461293743372,0.332047986289632,0.19907526329309,NaN,0.898064516129032,0.794538706256628,2.1434946
office_spiral_events,17,Added events = 20%,AddedEvents,added-event ratio,0.2,1,14875,68,27,0.781994047619048,0.204117304330938,0.323733251193593,0.193127526644616,NaN,0.840152235965747,0.795882695669062,2.1506098
office_spiral_events,17,Added events = 20%,AddedEvents,added-event ratio,0.2,2,14875,68,20,0.87016369047619,0.18942338840298,0.311119978717744,0.184216744112783,NaN,0.902094912355708,0.81057661159702,2.4002754
office_spiral_events,17,Added events = 20%,AddedEvents,added-event ratio,0.2,3,14875,68,28,0.870535714285714,0.189750243269543,0.311584553928096,0.184542586750789,1,0.856410256410256,0.810249756730457,2.3455051
office_spiral_events,17,Added events = 20%,AddedEvents,added-event ratio,0.2,4,14875,68,13,0.920758928571429,0.194483734087694,0.321136629038536,0.191282170183167,NaN,0.844848484848485,0.805516265912306,2.160903
office_spiral_events,17,Added events = 20%,AddedEvents,added-event ratio,0.2,5,14875,68,23,0.851190476190476,0.189938568819525,0.310574182163703,0.183834163586695,NaN,0.899038461538462,0.810061431180475,2.3945589
office_spiral_events,17,Added events = 30%,AddedEvents,added-event ratio,0.3,1,16115,68,34,0.93452380952381,0.1849234393404,0.308751229105211,0.182558139534884,1,0.810509554140127,0.8150765606596,2.4790275
office_spiral_events,17,Added events = 30%,AddedEvents,added-event ratio,0.3,2,16115,68,60,0.79203869047619,0.186705253003596,0.302178695621319,0.177980270857716,1.125,0.507750117426022,0.813294746996404,2.070662
office_spiral_events,17,Added events = 30%,AddedEvents,added-event ratio,0.3,3,16115,68,41,0.908110119047619,0.177656477438137,0.297175553932311,0.174519196396654,1,0.766079475624744,0.822343522561863,2.2312698
office_spiral_events,17,Added events = 30%,AddedEvents,added-event ratio,0.3,4,16115,68,24,0.890625,0.179972936400541,0.299437148217636,0.176081200353045,NaN,0.769423558897243,0.820027063599459,2.8554817
office_spiral_events,17,Added events = 30%,AddedEvents,added-event ratio,0.3,5,16115,68,36,0.788690476190476,0.186849991186321,0.302123414564629,0.177941917072352,1,0.802830188679245,0.813150008813679,2.5309566
office_spiral_events,17,Full LLGD runtime,Runtime,-,NaN,1,12396,68,30,0.724330357142857,0.202791375898344,0.316868744405566,0.188261458131889,1,0.768361581920904,0.797208624101656,1.5325689
office_spiral_events,17,Full LLGD runtime,Runtime,-,NaN,2,12396,68,93,0.547991071428571,0.214129960750109,0.307933521480088,0.181986656782802,1,0.253903598099117,0.785870039249891,0.955346
office_spiral_events,17,Full LLGD runtime,Runtime,-,NaN,3,12396,68,96,0.544270833333333,0.214045354791514,0.307256116769925,0.18151364764268,1,0.170198222829802,0.785954645208486,0.9359748
office_spiral_events,18,Full LLGD,Full,-,NaN,1,4873,71,21,0.21122599704579,0.276061776061776,0.239330543933054,0.135931558935361,1,0.146853146853147,0.723938223938224,0.3367571
office_spiral_events,18,w/o weighted support,Ablation,UseWeights,0,1,4873,71,147,0.860413589364845,0.289153636137999,0.432844138955972,0.27619724988146,2.1304347826087,0.427467811158798,0.710846363862001,0.4854685
office_spiral_events,18,w/o local verification,Ablation,UseVerification,0,1,4873,71,40,0.255539143279173,0.219822109275731,0.236338797814208,0.134004647560031,1,0.173410404624277,0.780177890724269,0.2268821
office_spiral_events,18,w/o global expansion,Ablation,UseGlobalExpansion,0,1,4873,71,30,0.0945347119645495,0.205128205128205,0.129423660262892,0.0691891891891892,1,0.1015625,0.794871794871795,0.330928
office_spiral_events,18,unit estimation weights,Ablation,UseWeights,0,1,4873,71,16,0.262924667651403,0.227912932138284,0.244170096021948,0.1390625,1,0.469101123595506,0.772087067861716,0.3512486
office_spiral_events,18,unit support tests,Ablation,UseMultiplicitySupport,0,1,4873,71,175,0.830871491875923,0.285968479918658,0.425491679273828,0.27023780927216,1.84615384615385,0.329777777777778,0.714031520081342,0.4642574
office_spiral_events,18,MAD = 3,Sensitivity,MAD,3,1,4873,71,22,0.217872968980798,0.292949354518371,0.249894112664125,0.142787996127783,1,0.138983050847458,0.707050645481629,0.337038
office_spiral_events,18,MAD = 3.5,Sensitivity,MAD,3.5,1,4873,71,21,0.21122599704579,0.276061776061776,0.239330543933054,0.135931558935361,1,0.146853146853147,0.723938223938224,0.3245847
office_spiral_events,18,MAD = 4,Sensitivity,MAD,4,1,4873,71,23,0.240768094534712,0.241302738712065,0.241035120147874,0.137032366540563,1,0.248466257668712,0.758697261287935,0.3465061
office_spiral_events,18,p_in = 0.7,Sensitivity,p_in,0.7,1,4873,71,28,0.217872968980798,0.221804511278195,0.219821162444113,0.123482628714943,1,0.152542372881356,0.778195488721805,0.2940834
office_spiral_events,18,p_in = 0.8,Sensitivity,p_in,0.8,1,4873,71,21,0.21122599704579,0.276061776061776,0.239330543933054,0.135931558935361,1,0.146853146853147,0.723938223938224,0.3270826
office_spiral_events,18,p_in = 0.9,Sensitivity,p_in,0.9,1,4873,71,20,0.223781388478582,0.305751765893037,0.258422174840085,0.148383937316357,1,0.145214521452145,0.694248234106963,0.3398106
office_spiral_events,18,p_w = 0.7,Sensitivity,p_w,0.7,1,4873,71,21,0.21122599704579,0.276061776061776,0.239330543933054,0.135931558935361,1,0.146853146853147,0.723938223938224,0.3759508
office_spiral_events,18,p_w = 0.8,Sensitivity,p_w,0.8,1,4873,71,21,0.21122599704579,0.276061776061776,0.239330543933054,0.135931558935361,1,0.146853146853147,0.723938223938224,0.3473117
office_spiral_events,18,p_w = 0.9,Sensitivity,p_w,0.9,1,4873,71,21,0.21122599704579,0.276061776061776,0.239330543933054,0.135931558935361,1,0.146853146853147,0.723938223938224,0.3160739
office_spiral_events,18,overlap = 0.7,Sensitivity,overlap,0.7,1,4873,71,21,0.21122599704579,0.276061776061776,0.239330543933054,0.135931558935361,1,0.146853146853147,0.723938223938224,0.3322265
office_spiral_events,18,overlap = 0.8,Sensitivity,overlap,0.8,1,4873,71,21,0.21122599704579,0.276061776061776,0.239330543933054,0.135931558935361,1,0.146853146853147,0.723938223938224,0.355305
office_spiral_events,18,overlap = 0.9,Sensitivity,overlap,0.9,1,4873,71,20,0.21122599704579,0.280667320902846,0.241045090602613,0.137038811691423,1,0.146853146853147,0.719332679097154,0.3185258
office_spiral_events,18,eps_s = 0.015,Sensitivity,eps_s,0.015,1,4873,71,22,0.217134416543575,0.395161290322581,0.280266920877026,0.162971175166297,1,0.17687074829932,0.604838709677419,0.3129466
office_spiral_events,18,eps_s = 0.02,Sensitivity,eps_s,0.02,1,4873,71,21,0.21122599704579,0.276061776061776,0.239330543933054,0.135931558935361,1,0.146853146853147,0.723938223938224,0.3416663
office_spiral_events,18,eps_s = 0.025,Sensitivity,eps_s,0.025,1,4873,71,15,0.273264401772526,0.207982012366498,0.23619533992978,0.133912414042707,NaN,0.516216216216216,0.792017987633502,0.3343099
office_spiral_events,18,eps_t = 0.005,Sensitivity,eps_t,0.005,1,4873,71,3,0.179468242245199,0.215425531914894,0.195809830781628,0.108530594015185,NaN,0.724279835390947,0.784574468085106,0.2587088
office_spiral_events,18,eps_t = 0.01,Sensitivity,eps_t,0.01,1,4873,71,17,0.205317577548006,0.305830583058306,0.24569155987627,0.140050377833753,1,0.194244604316547,0.694169416941694,0.3942115
office_spiral_events,18,eps_t = 0.015,Sensitivity,eps_t,0.015,1,4873,71,16,0.211964549483013,0.245299145299145,0.227416798732171,0.128296826106392,1,0.344947735191638,0.754700854700855,0.3091916
office_spiral_events,18,eps_t = 0.02,Sensitivity,eps_t,0.02,1,4873,71,21,0.21122599704579,0.276061776061776,0.239330543933054,0.135931558935361,1,0.146853146853147,0.723938223938224,0.3516102
office_spiral_events,18,eps_t = 0.025,Sensitivity,eps_t,0.025,1,4873,71,21,0.21122599704579,0.276061776061776,0.239330543933054,0.135931558935361,1,0.146853146853147,0.723938223938224,0.3537877
office_spiral_events,18,Event retention = 25%,Sparsity,retention,0.25,1,1218,59,1,0.0215384615384615,1,0.0421686746987952,0.0215384615384615,1,0,0,0.041794
office_spiral_events,18,Event retention = 25%,Sparsity,retention,0.25,2,1218,56,0,0,0,0,0,NaN,NaN,0,0.0345928
office_spiral_events,18,Event retention = 25%,Sparsity,retention,0.25,3,1218,61,0,0,0,0,0,NaN,NaN,0,0.0307108
office_spiral_events,18,Event retention = 25%,Sparsity,retention,0.25,4,1218,59,0,0,0,0,0,NaN,NaN,0,0.0368545
office_spiral_events,18,Event retention = 25%,Sparsity,retention,0.25,5,1218,56,1,0,0,0,0,NaN,NaN,1,0.0291161
office_spiral_events,18,Event retention = 50%,Sparsity,retention,0.5,1,2437,68,1,0.062780269058296,1,0.118143459915612,0.062780269058296,NaN,0.476190476190476,0,0.1221556
office_spiral_events,18,Event retention = 50%,Sparsity,retention,0.5,2,2437,67,6,0.0888252148997135,0.296650717703349,0.136714443219405,0.0733727810650888,1,0.354838709677419,0.703349282296651,0.1043505
office_spiral_events,18,Event retention = 50%,Sparsity,retention,0.5,3,2437,64,4,0.0441595441595442,0.17032967032967,0.0701357466063348,0.0363423212192263,1,0.0645161290322581,0.82967032967033,0.1128545
office_spiral_events,18,Event retention = 50%,Sparsity,retention,0.5,4,2437,64,3,0.0725925925925926,0.288235294117647,0.115976331360947,0.0615577889447236,NaN,0.448979591836735,0.711764705882353,0.1238408
office_spiral_events,18,Event retention = 50%,Sparsity,retention,0.5,5,2437,67,2,0.0696969696969697,0.270588235294118,0.110843373493976,0.0586734693877551,NaN,0.456521739130435,0.729411764705882,0.1099582
office_spiral_events,18,Event retention = 75%,Sparsity,retention,0.75,1,3655,69,11,0.163471241170535,0.27318718381113,0.204545454545455,0.113924050632911,1,0.259259259259259,0.72681281618887,0.282491
office_spiral_events,18,Event retention = 75%,Sparsity,retention,0.75,2,3655,68,10,0.0309777347531462,0.103896103896104,0.0477255779269202,0.0244461420932009,1,0.09375,0.896103896103896,0.2737888
office_spiral_events,18,Event retention = 75%,Sparsity,retention,0.75,3,3655,70,10,0.139880952380952,0.494736842105263,0.218097447795824,0.122395833333333,1,0.276595744680851,0.505263157894737,0.3113076
office_spiral_events,18,Event retention = 75%,Sparsity,retention,0.75,4,3655,69,10,0.120553359683794,0.291866028708134,0.170629370629371,0.0932721712538226,1,0.245901639344262,0.708133971291866,0.3033131
office_spiral_events,18,Event retention = 75%,Sparsity,retention,0.75,5,3655,69,8,0.0993117010816126,0.235431235431235,0.13969571230982,0.075092936802974,NaN,0.376237623762376,0.764568764568765,0.2545735
office_spiral_events,18,Added events = 5%,AddedEvents,added-event ratio,0.05,1,5117,71,19,0.206056129985229,0.260747663551402,0.23019801980198,0.13006993006993,1,0.154121863799283,0.739252336448598,0.3854943
office_spiral_events,18,Added events = 5%,AddedEvents,added-event ratio,0.05,2,5117,71,26,0.204579025110783,0.24954954954955,0.224837662337662,0.12665752171925,1,0.176895306859206,0.75045045045045,0.465286
office_spiral_events,18,Added events = 5%,AddedEvents,added-event ratio,0.05,3,5117,71,21,0.225258493353028,0.237354085603113,0.231148162182645,0.130676949443016,1,0.180327868852459,0.762645914396887,0.6039601
office_spiral_events,18,Added events = 5%,AddedEvents,added-event ratio,0.05,4,5117,71,24,0.228951255539143,0.245447347585115,0.236912495223538,0.134373645426961,1,0.17741935483871,0.754552652414885,0.6711782
office_spiral_events,18,Added events = 5%,AddedEvents,added-event ratio,0.05,5,5117,71,24,0.228951255539143,0.266094420600858,0.246129416435093,0.140334993209597,1,0.167741935483871,0.733905579399142,0.6930079
office_spiral_events,18,Added events = 10%,AddedEvents,added-event ratio,0.1,1,5360,71,17,0.30576070901034,0.242105263157895,0.27023498694517,0.15622641509434,1,0.408212560386473,0.757894736842105,0.6459019
office_spiral_events,18,Added events = 10%,AddedEvents,added-event ratio,0.1,2,5360,71,17,0.205317577548006,0.22880658436214,0.216426625145971,0.121344391095591,1,0.26978417266187,0.77119341563786,0.5031298
office_spiral_events,18,Added events = 10%,AddedEvents,added-event ratio,0.1,3,5360,71,23,0.22082717872969,0.251895534962089,0.235340417158599,0.133363068688671,1,0.190635451505017,0.748104465037911,0.5142854
office_spiral_events,18,Added events = 10%,AddedEvents,added-event ratio,0.1,4,5360,71,25,0.234859675036928,0.263463131731566,0.248340491995314,0.141774409273295,1,0.163522012578616,0.736536868268434,0.3652319
office_spiral_events,18,Added events = 10%,AddedEvents,added-event ratio,0.1,5,5360,71,21,0.22821270310192,0.251628664495114,0.239349341595662,0.135943686757589,1,0.177993527508091,0.748371335504886,0.39002
office_spiral_events,18,Added events = 20%,AddedEvents,added-event ratio,0.2,1,5848,71,21,0.214180206794682,0.25709219858156,0.233682514101531,0.132299270072993,1,0.172413793103448,0.74290780141844,0.4003372
office_spiral_events,18,Added events = 20%,AddedEvents,added-event ratio,0.2,2,5848,71,22,0.172082717872969,0.207664884135472,0.188206785137318,0.103878733838609,1,0.210300429184549,0.792335115864528,0.3934668
office_spiral_events,18,Added events = 20%,AddedEvents,added-event ratio,0.2,3,5848,71,16,0.28877400295421,0.295987887963664,0.292336448598131,0.171190893169877,1,0.434782608695652,0.704012112036336,0.4100553
office_spiral_events,18,Added events = 20%,AddedEvents,added-event ratio,0.2,4,5848,71,24,0.252584933530281,0.253897550111359,0.253239540910774,0.144976685036032,1,0.146198830409357,0.746102449888641,0.3887773
office_spiral_events,18,Added events = 20%,AddedEvents,added-event ratio,0.2,5,5848,71,19,0.302806499261448,0.227524972253052,0.259822560202788,0.149308084486526,1,0.368292682926829,0.772475027746948,0.3744655
office_spiral_events,18,Added events = 30%,AddedEvents,added-event ratio,0.3,1,6335,71,27,0.26218611521418,0.224257738471257,0.241743275451141,0.137490317583269,1,0.27887323943662,0.775742261528743,0.4221702
office_spiral_events,18,Added events = 30%,AddedEvents,added-event ratio,0.3,2,6335,71,24,0.217134416543575,0.245614035087719,0.230497843982752,0.130261408949934,1,0.156462585034014,0.754385964912281,0.4555876
office_spiral_events,18,Added events = 30%,AddedEvents,added-event ratio,0.3,3,6335,71,29,0.206056129985229,0.224818694601128,0.215028901734104,0.120466321243523,1,0.14336917562724,0.775181305398872,0.4390717
office_spiral_events,18,Added events = 30%,AddedEvents,added-event ratio,0.3,4,6335,71,30,0.266617429837518,0.248793935217092,0.257397504456328,0.147708674304419,1,0.18005540166205,0.751206064782908,0.3796286
office_spiral_events,18,Added events = 30%,AddedEvents,added-event ratio,0.3,5,6335,71,28,0.265140324963072,0.251224632610217,0.25799496945742,0.148102310231023,1,0.217270194986072,0.748775367389783,0.4395634
office_spiral_events,18,Full LLGD runtime,Runtime,-,NaN,1,4873,71,21,0.21122599704579,0.276061776061776,0.239330543933054,0.135931558935361,1,0.146853146853147,0.723938223938224,0.3518682
office_spiral_events,18,Full LLGD runtime,Runtime,-,NaN,2,4873,71,19,0.212703101920236,0.279340446168768,0.241509433962264,0.137339055793991,1,0.159722222222222,0.720659553831232,0.3288733
office_spiral_events,18,Full LLGD runtime,Runtime,-,NaN,3,4873,71,24,0.219350073855244,0.259162303664921,0.2376,0.134816159782115,1,0.168350168350168,0.740837696335079,0.3313674
office_spiral_events,19,Full LLGD,Full,-,NaN,1,4574,71,18,0.335570469798658,0.31201248049922,0.323362974939369,0.192864030858245,1,0.5975,0.68798751950078,0.3183057
office_spiral_events,19,w/o weighted support,Ablation,UseWeights,0,1,4574,71,222,0.826342281879195,0.292458432304038,0.432017543859649,0.275524475524476,1.76,0.180710659898477,0.707541567695962,0.5046537
office_spiral_events,19,w/o local verification,Ablation,UseVerification,0,1,4574,71,42,0.294463087248322,0.287234042553192,0.290803645401823,0.17014057198255,1,0.0911680911680912,0.712765957446808,0.2255534
office_spiral_events,19,w/o global expansion,Ablation,UseGlobalExpansion,0,1,4574,71,27,0.0796979865771812,0.285285285285285,0.124590163934426,0.0664335664335664,1,0,0.714714714714715,0.2904956
office_spiral_events,19,unit estimation weights,Ablation,UseWeights,0,1,4574,71,21,0.305369127516779,0.294975688816856,0.300082440230833,0.176527643064985,1,0.46978021978022,0.705024311183144,0.3087081
office_spiral_events,19,unit support tests,Ablation,UseMultiplicitySupport,0,1,4574,71,201,0.820469798657718,0.295022624434389,0.433991568670956,0.277132332105412,1.58333333333333,0.250511247443763,0.704977375565611,0.5024513
office_spiral_events,19,MAD = 3,Sensitivity,MAD,3,1,4574,71,22,0.226510067114094,0.27979274611399,0.250347705146036,0.14308426073132,1,0.244444444444444,0.72020725388601,0.2972841
office_spiral_events,19,MAD = 3.5,Sensitivity,MAD,3.5,1,4574,71,18,0.335570469798658,0.31201248049922,0.323362974939369,0.192864030858245,1,0.5975,0.68798751950078,0.3147542
office_spiral_events,19,MAD = 4,Sensitivity,MAD,4,1,4574,71,22,0.271812080536913,0.298617511520737,0.284584980237154,0.165898617511521,1,0.311728395061728,0.701382488479263,0.2837883
office_spiral_events,19,p_in = 0.7,Sensitivity,p_in,0.7,1,4574,71,24,0.335570469798658,0.294767870302137,0.313848568065908,0.186133085155886,1,0.5975,0.705232129697863,0.3052932
office_spiral_events,19,p_in = 0.8,Sensitivity,p_in,0.8,1,4574,71,18,0.335570469798658,0.31201248049922,0.323362974939369,0.192864030858245,1,0.5975,0.68798751950078,0.2935854
office_spiral_events,19,p_in = 0.9,Sensitivity,p_in,0.9,1,4574,71,12,0.294463087248322,0.294710327455919,0.29458665547629,0.172736220472441,1,0.675213675213675,0.705289672544081,0.329138
office_spiral_events,19,p_w = 0.7,Sensitivity,p_w,0.7,1,4574,71,18,0.335570469798658,0.31201248049922,0.323362974939369,0.192864030858245,1,0.5975,0.68798751950078,0.3148781
office_spiral_events,19,p_w = 0.8,Sensitivity,p_w,0.8,1,4574,71,18,0.335570469798658,0.31201248049922,0.323362974939369,0.192864030858245,1,0.5975,0.68798751950078,0.3051463
office_spiral_events,19,p_w = 0.9,Sensitivity,p_w,0.9,1,4574,71,18,0.335570469798658,0.31201248049922,0.323362974939369,0.192864030858245,1,0.5975,0.68798751950078,0.3040293
office_spiral_events,19,overlap = 0.7,Sensitivity,overlap,0.7,1,4574,71,18,0.335570469798658,0.31201248049922,0.323362974939369,0.192864030858245,1,0.5975,0.68798751950078,0.3086506
office_spiral_events,19,overlap = 0.8,Sensitivity,overlap,0.8,1,4574,71,18,0.335570469798658,0.31201248049922,0.323362974939369,0.192864030858245,1,0.5975,0.68798751950078,0.3081586
office_spiral_events,19,overlap = 0.9,Sensitivity,overlap,0.9,1,4574,71,18,0.335570469798658,0.31201248049922,0.323362974939369,0.192864030858245,1,0.5975,0.68798751950078,0.3199841
office_spiral_events,19,eps_s = 0.015,Sensitivity,eps_s,0.015,1,4574,71,24,0.155201342281879,0.314091680814941,0.207748455923638,0.115914786967419,1,0.0648648648648649,0.685908319185059,0.3428881
office_spiral_events,19,eps_s = 0.02,Sensitivity,eps_s,0.02,1,4574,71,18,0.335570469798658,0.31201248049922,0.323362974939369,0.192864030858245,1,0.5975,0.68798751950078,0.3140097
office_spiral_events,19,eps_s = 0.025,Sensitivity,eps_s,0.025,1,4574,71,21,0.169463087248322,0.250620347394541,0.202202202202202,0.112472160356347,1,0.222772277227723,0.749379652605459,0.3372345
office_spiral_events,19,eps_t = 0.005,Sensitivity,eps_t,0.005,1,4574,71,7,0.0738255033557047,0.478260869565217,0.127906976744186,0.0683229813664596,1,0.0681818181818182,0.521739130434783,0.1727024
office_spiral_events,19,eps_t = 0.01,Sensitivity,eps_t,0.01,1,4574,71,19,0.344798657718121,0.293781272337384,0.317252026244693,0.188532110091743,1,0.586374695863747,0.706218727662616,0.2803941
office_spiral_events,19,eps_t = 0.015,Sensitivity,eps_t,0.015,1,4574,71,22,0.197147651006711,0.337159253945481,0.248808893594494,0.142079806529625,1,0.14468085106383,0.662840746054519,0.2966558
office_spiral_events,19,eps_t = 0.02,Sensitivity,eps_t,0.02,1,4574,71,18,0.335570469798658,0.31201248049922,0.323362974939369,0.192864030858245,1,0.5975,0.68798751950078,0.3032801
office_spiral_events,19,eps_t = 0.025,Sensitivity,eps_t,0.025,1,4574,71,18,0.335570469798658,0.31201248049922,0.323362974939369,0.192864030858245,1,0.5975,0.68798751950078,0.3222393
office_spiral_events,19,Event retention = 25%,Sparsity,retention,0.25,1,1144,57,2,0,0,0,0,NaN,NaN,1,0.0322916
office_spiral_events,19,Event retention = 25%,Sparsity,retention,0.25,2,1144,58,1,0.0122699386503067,0.307692307692308,0.023598820058997,0.0119402985074627,NaN,0,0.692307692307692,0.0268133
office_spiral_events,19,Event retention = 25%,Sparsity,retention,0.25,3,1144,57,1,0,0,0,0,NaN,NaN,1,0.0423933
office_spiral_events,19,Event retention = 25%,Sparsity,retention,0.25,4,1144,57,0,0,0,0,0,NaN,NaN,0,0.0427443
office_spiral_events,19,Event retention = 25%,Sparsity,retention,0.25,5,1144,58,2,0.0217391304347826,0.35,0.0409356725146199,0.0208955223880597,NaN,0,0.65,0.0274836
office_spiral_events,19,Event retention = 50%,Sparsity,retention,0.5,1,2287,67,6,0.0434782608695652,0.240740740740741,0.0736543909348442,0.0382352941176471,1,0,0.759259259259259,0.1009566
office_spiral_events,19,Event retention = 50%,Sparsity,retention,0.5,2,2287,67,2,0.0313588850174216,0.620689655172414,0.0597014925373134,0.0307692307692308,1,0,0.379310344827586,0.1091848
office_spiral_events,19,Event retention = 50%,Sparsity,retention,0.5,3,2287,65,3,0.0266666666666667,0.32,0.0492307692307692,0.0252365930599369,1,0.0625,0.68,0.1051539
office_spiral_events,19,Event retention = 50%,Sparsity,retention,0.5,4,2287,64,5,0.0664395229982964,0.453488372093023,0.115898959881129,0.0615141955835962,1,0.0256410256410257,0.546511627906977,0.117241
office_spiral_events,19,Event retention = 50%,Sparsity,retention,0.5,5,2287,66,6,0.0643478260869565,0.397849462365591,0.110778443113772,0.0586370839936609,1,0,0.602150537634409,0.1052245
office_spiral_events,19,Event retention = 75%,Sparsity,retention,0.75,1,3431,70,6,0.133630289532294,0.506329113924051,0.211453744493392,0.118226600985222,1,0.183333333333333,0.493670886075949,0.238997
office_spiral_events,19,Event retention = 75%,Sparsity,retention,0.75,2,3431,70,13,0.103092783505155,0.26865671641791,0.149006622516556,0.0805008944543828,1,0.0333333333333333,0.73134328358209,0.2056367
office_spiral_events,19,Event retention = 75%,Sparsity,retention,0.75,3,3431,68,8,0.0754285714285714,0.273858921161826,0.118279569892473,0.0628571428571429,1,0,0.726141078838174,0.2223729
office_spiral_events,19,Event retention = 75%,Sparsity,retention,0.75,4,3431,69,10,0.106263982102908,0.324232081911263,0.160067396798652,0.086996336996337,1,0.0105263157894737,0.675767918088737,0.2124676
office_spiral_events,19,Event retention = 75%,Sparsity,retention,0.75,5,3431,69,11,0.136212624584718,0.506172839506173,0.214659685863874,0.120234604105572,1,0.0975609756097561,0.493827160493827,0.2162549
office_spiral_events,19,Added events = 5%,AddedEvents,added-event ratio,0.05,1,4803,71,16,0.38506711409396,0.325301204819277,0.352669996158279,0.214085820895522,1,0.638344226579521,0.674698795180723,0.4223137
office_spiral_events,19,Added events = 5%,AddedEvents,added-event ratio,0.05,2,4803,71,16,0.36493288590604,0.308510638297872,0.334358186010761,0.20073834794647,1,0.629885057471264,0.691489361702128,0.3948122
office_spiral_events,19,Added events = 5%,AddedEvents,added-event ratio,0.05,3,4803,71,12,0.378355704697987,0.287627551020408,0.326811594202899,0.195322650498051,NaN,0.866962305986696,0.712372448979592,0.3584114
office_spiral_events,19,Added events = 5%,AddedEvents,added-event ratio,0.05,4,4803,71,18,0.334731543624161,0.308584686774942,0.32112676056338,0.191275167785235,1,0.596491228070176,0.691415313225058,0.3662291
office_spiral_events,19,Added events = 5%,AddedEvents,added-event ratio,0.05,5,4803,71,19,0.344798657718121,0.266364225534673,0.30054844606947,0.176850258175559,1,0.608272506082725,0.733635774465327,0.3273123
office_spiral_events,19,Added events = 10%,AddedEvents,added-event ratio,0.1,1,5031,71,18,0.401006711409396,0.270975056689342,0.3234100135318,0.192897497982244,1,0.600418410041841,0.729024943310658,0.3354431
office_spiral_events,19,Added events = 10%,AddedEvents,added-event ratio,0.1,2,5031,71,25,0.236577181208054,0.241438356164384,0.238983050847458,0.135707410972089,1,0.25886524822695,0.758561643835616,0.3182121
office_spiral_events,19,Added events = 10%,AddedEvents,added-event ratio,0.1,3,5031,71,17,0.390939597315436,0.305975049244911,0.343278084714549,0.207203201422855,1,0.648068669527897,0.694024950755089,0.3352281
office_spiral_events,19,Added events = 10%,AddedEvents,added-event ratio,0.1,4,5031,71,16,0.258389261744966,0.243285939968404,0.250610252237592,0.143255813953488,1,0.551948051948052,0.756714060031596,0.3112646
office_spiral_events,19,Added events = 10%,AddedEvents,added-event ratio,0.1,5,5031,71,19,0.221476510067114,0.243767313019391,0.232087912087912,0.131277971158628,1,0.291666666666667,0.756232686980609,0.344574
office_spiral_events,19,Added events = 20%,AddedEvents,added-event ratio,0.2,1,5489,71,23,0.217281879194631,0.181118881118881,0.197559115179252,0.109606432501058,1,0.401544401544402,0.818881118881119,0.2991744
office_spiral_events,19,Added events = 20%,AddedEvents,added-event ratio,0.2,2,5489,71,26,0.212248322147651,0.206026058631922,0.209090909090909,0.116751269035533,1,0.387351778656126,0.793973941368078,0.3196552
office_spiral_events,19,Added events = 20%,AddedEvents,added-event ratio,0.2,3,5489,71,22,0.177852348993289,0.181506849315068,0.179661016949153,0.0986964618249535,1,0.25,0.818493150684932,0.3626106
office_spiral_events,19,Added events = 20%,AddedEvents,added-event ratio,0.2,4,5489,71,20,0.380872483221476,0.269116775340842,0.315387287252518,0.187216494845361,1,0.54625550660793,0.730883224659158,0.3660802
office_spiral_events,19,Added events = 20%,AddedEvents,added-event ratio,0.2,5,5489,71,29,0.169463087248322,0.187558031569174,0.178052005288673,0.0977261731978713,1,0.128712871287129,0.812441968430826,0.3871873
office_spiral_events,19,Added events = 30%,AddedEvents,added-event ratio,0.3,1,5946,71,23,0.248322147651007,0.261946902654867,0.25495262704565,0.146100691016782,1,0.239864864864865,0.738053097345133,0.3782274
office_spiral_events,19,Added events = 30%,AddedEvents,added-event ratio,0.3,2,5946,71,25,0.251677852348993,0.263852242744063,0.25762129669386,0.147856086742238,1,0.196666666666667,0.736147757255937,0.3617392
office_spiral_events,19,Added events = 30%,AddedEvents,added-event ratio,0.3,3,5946,71,35,0.221476510067114,0.20738413197172,0.21419878296146,0.119945479327578,1,0.196969696969697,0.79261586802828,0.3588372
office_spiral_events,19,Added events = 30%,AddedEvents,added-event ratio,0.3,4,5946,71,22,0.271812080536913,0.267547481420314,0.269662921348315,0.155844155844156,1,0.429012345679012,0.732452518579686,0.3770275
office_spiral_events,19,Added events = 30%,AddedEvents,added-event ratio,0.3,5,5946,71,26,0.325503355704698,0.239506172839506,0.275960170697013,0.16006600660066,1,0.345360824742268,0.760493827160494,0.4020132
office_spiral_events,19,Full LLGD runtime,Runtime,-,NaN,1,4574,71,18,0.335570469798658,0.31201248049922,0.323362974939369,0.192864030858245,1,0.5975,0.68798751950078,0.3072848
office_spiral_events,19,Full LLGD runtime,Runtime,-,NaN,2,4574,71,18,0.335570469798658,0.31201248049922,0.323362974939369,0.192864030858245,1,0.5975,0.68798751950078,0.3292523
office_spiral_events,19,Full LLGD runtime,Runtime,-,NaN,3,4574,71,18,0.335570469798658,0.31201248049922,0.323362974939369,0.192864030858245,1,0.5975,0.68798751950078,0.382451
office_spiral_events,20,Full LLGD,Full,-,NaN,1,4535,68,14,0.214622641509434,0.538461538461538,0.306913996627319,0.181274900398406,1,0.113553113553114,0.461538461538462,0.3187994
office_spiral_events,20,w/o weighted support,Ablation,UseWeights,0,1,4535,68,192,0.875786163522013,0.321130008648025,0.469943049989454,0.307140887786049,1.4,0.125673249551167,0.678869991351975,0.4222271
office_spiral_events,20,w/o local verification,Ablation,UseVerification,0,1,4535,68,28,0.29874213836478,0.387359836901121,0.337328007101642,0.202883075280299,1,0.123684210526316,0.612640163098879,0.2333462
office_spiral_events,20,w/o global expansion,Ablation,UseGlobalExpansion,0,1,4535,68,18,0.106918238993711,0.576271186440678,0.180371352785146,0.0991253644314869,1.66666666666667,0,0.423728813559322,0.3197782
office_spiral_events,20,unit estimation weights,Ablation,UseWeights,0,1,4535,68,13,0.205974842767296,0.537987679671458,0.297896532120523,0.1750167000668,1,0.129770992366412,0.462012320328542,0.3154209
office_spiral_events,20,unit support tests,Ablation,UseMultiplicitySupport,0,1,4535,68,223,0.882861635220126,0.323351569248488,0.473340358271865,0.310049696300387,1.46875,0.0926090828138914,0.676648430751512,0.423645
office_spiral_events,20,MAD = 3,Sensitivity,MAD,3,1,4535,68,14,0.205188679245283,0.510763209393346,0.292765002804262,0.171484888304862,1,0.114942528735632,0.489236790606654,0.3518715
office_spiral_events,20,MAD = 3.5,Sensitivity,MAD,3.5,1,4535,68,14,0.214622641509434,0.538461538461538,0.306913996627319,0.181274900398406,1,0.113553113553114,0.461538461538462,0.3225541
office_spiral_events,20,MAD = 4,Sensitivity,MAD,4,1,4535,68,14,0.220125786163522,0.526315789473684,0.310421286031042,0.183727034120735,1,0.110714285714286,0.473684210526316,0.3152041
office_spiral_events,20,p_in = 0.7,Sensitivity,p_in,0.7,1,4535,68,16,0.214622641509434,0.490125673249551,0.298523783488245,0.175449871465296,1,0.113553113553114,0.509874326750449,0.3090876
office_spiral_events,20,p_in = 0.8,Sensitivity,p_in,0.8,1,4535,68,14,0.214622641509434,0.538461538461538,0.306913996627319,0.181274900398406,1,0.113553113553114,0.461538461538462,0.308846
office_spiral_events,20,p_in = 0.9,Sensitivity,p_in,0.9,1,4535,68,10,0.177672955974843,0.588541666666667,0.272946859903382,0.158041958041958,1,0.132743362831858,0.411458333333333,0.3208055
office_spiral_events,20,p_w = 0.7,Sensitivity,p_w,0.7,1,4535,68,14,0.214622641509434,0.538461538461538,0.306913996627319,0.181274900398406,1,0.113553113553114,0.461538461538462,0.3088462
office_spiral_events,20,p_w = 0.8,Sensitivity,p_w,0.8,1,4535,68,14,0.214622641509434,0.538461538461538,0.306913996627319,0.181274900398406,1,0.113553113553114,0.461538461538462,0.3244497
office_spiral_events,20,p_w = 0.9,Sensitivity,p_w,0.9,1,4535,68,14,0.214622641509434,0.538461538461538,0.306913996627319,0.181274900398406,1,0.113553113553114,0.461538461538462,0.2965224
office_spiral_events,20,overlap = 0.7,Sensitivity,overlap,0.7,1,4535,68,14,0.214622641509434,0.538461538461538,0.306913996627319,0.181274900398406,1,0.113553113553114,0.461538461538462,0.3202474
office_spiral_events,20,overlap = 0.8,Sensitivity,overlap,0.8,1,4535,68,14,0.214622641509434,0.538461538461538,0.306913996627319,0.181274900398406,1,0.113553113553114,0.461538461538462,0.3281874
office_spiral_events,20,overlap = 0.9,Sensitivity,overlap,0.9,1,4535,68,14,0.209905660377358,0.528712871287129,0.300506471581317,0.17682119205298,1,0.104868913857678,0.471287128712871,0.3076202
office_spiral_events,20,eps_s = 0.015,Sensitivity,eps_s,0.015,1,4535,68,14,0.22562893081761,0.618534482758621,0.330645161290323,0.198067632850242,1,0.132404181184669,0.381465517241379,0.2948033
office_spiral_events,20,eps_s = 0.02,Sensitivity,eps_s,0.02,1,4535,68,14,0.214622641509434,0.538461538461538,0.306913996627319,0.181274900398406,1,0.113553113553114,0.461538461538462,0.3385684
office_spiral_events,20,eps_s = 0.025,Sensitivity,eps_s,0.025,1,4535,68,15,0.365566037735849,0.275637225844695,0.314295370057452,0.18644747393745,1,0.466666666666667,0.724362774155305,0.2688512
office_spiral_events,20,eps_t = 0.005,Sensitivity,eps_t,0.005,1,4535,68,3,0.110062893081761,0.804597701149425,0.193637621023513,0.107197549770291,1,0.171428571428571,0.195402298850575,0.1758455
office_spiral_events,20,eps_t = 0.01,Sensitivity,eps_t,0.01,1,4535,68,9,0.17059748427673,0.571052631578947,0.26271186440678,0.151219512195122,1,0.115207373271889,0.428947368421053,0.2393806
office_spiral_events,20,eps_t = 0.015,Sensitivity,eps_t,0.015,1,4535,68,12,0.290094339622642,0.42906976744186,0.346153846153846,0.209302325581395,1,0.382113821138211,0.57093023255814,0.2837474
office_spiral_events,20,eps_t = 0.02,Sensitivity,eps_t,0.02,1,4535,68,14,0.214622641509434,0.538461538461538,0.306913996627319,0.181274900398406,1,0.113553113553114,0.461538461538462,0.316584
office_spiral_events,20,eps_t = 0.025,Sensitivity,eps_t,0.025,1,4535,68,14,0.214622641509434,0.538461538461538,0.306913996627319,0.181274900398406,1,0.113553113553114,0.461538461538462,0.3091121
office_spiral_events,20,Event retention = 25%,Sparsity,retention,0.25,1,1134,61,0,0,0,0,0,NaN,NaN,0,0.0402192
office_spiral_events,20,Event retention = 25%,Sparsity,retention,0.25,2,1134,52,0,0,0,0,0,NaN,NaN,0,0.0321633
office_spiral_events,20,Event retention = 25%,Sparsity,retention,0.25,3,1134,60,0,0,0,0,0,NaN,NaN,0,0.0374088
office_spiral_events,20,Event retention = 25%,Sparsity,retention,0.25,4,1134,58,0,0,0,0,0,NaN,NaN,0,0.033287
office_spiral_events,20,Event retention = 25%,Sparsity,retention,0.25,5,1134,57,0,0,0,0,0,NaN,NaN,0,0.0346673
office_spiral_events,20,Event retention = 50%,Sparsity,retention,0.5,1,2268,64,2,0.0255639097744361,0.739130434782609,0.0494186046511628,0.0253353204172876,1,0,0.260869565217391,0.114937
office_spiral_events,20,Event retention = 50%,Sparsity,retention,0.5,2,2268,62,0,0,0,0,0,NaN,NaN,0,0.0985938
office_spiral_events,20,Event retention = 50%,Sparsity,retention,0.5,3,2268,65,1,0.0292758089368259,0.678571428571429,0.0561299852289513,0.0288753799392097,1,0,0.321428571428571,0.1055406
office_spiral_events,20,Event retention = 50%,Sparsity,retention,0.5,4,2268,63,2,0.0453834115805947,0.878787878787879,0.0863095238095238,0.0451010886469673,1,0,0.121212121212121,0.1069867
office_spiral_events,20,Event retention = 50%,Sparsity,retention,0.5,5,2268,65,2,0.0460122699386503,0.75,0.0867052023121387,0.0453172205438066,1,0,0.25,0.1039487
office_spiral_events,20,Event retention = 75%,Sparsity,retention,0.75,1,3401,67,4,0.0775681341719078,0.632478632478632,0.138188608776844,0.074222668004012,1,0,0.367521367521368,0.2108602
office_spiral_events,20,Event retention = 75%,Sparsity,retention,0.75,2,3401,65,7,0.158168574401665,0.730769230769231,0.260051325919589,0.149459193706981,1,0.138157894736842,0.269230769230769,0.1802705
office_spiral_events,20,Event retention = 75%,Sparsity,retention,0.75,3,3401,64,5,0.128258602711157,0.76875,0.219839142091153,0.123493975903614,1.25,0.032520325203252,0.23125,0.1908664
office_spiral_events,20,Event retention = 75%,Sparsity,retention,0.75,4,3401,66,5,0.129301355578728,0.789808917197452,0.222222222222222,0.125,1,0.0645161290322581,0.210191082802548,0.20845
office_spiral_events,20,Event retention = 75%,Sparsity,retention,0.75,5,3401,66,8,0.142408376963351,0.591304347826087,0.229535864978903,0.129647283126787,1,0.161764705882353,0.408695652173913,0.1776142
office_spiral_events,20,Added events = 5%,AddedEvents,added-event ratio,0.05,1,4762,68,16,0.203616352201258,0.44047619047619,0.278494623655914,0.161773891317926,1,0.0965250965250966,0.55952380952381,0.4145443
office_spiral_events,20,Added events = 5%,AddedEvents,added-event ratio,0.05,2,4762,68,15,0.210691823899371,0.489051094890511,0.294505494505495,0.172680412371134,1,0.104477611940298,0.510948905109489,0.3605423
office_spiral_events,20,Added events = 5%,AddedEvents,added-event ratio,0.05,3,4762,68,15,0.211477987421384,0.476950354609929,0.293028322440087,0.171665603063178,1,0.115241635687732,0.523049645390071,0.3679526
office_spiral_events,20,Added events = 5%,AddedEvents,added-event ratio,0.05,4,4762,68,17,0.24685534591195,0.549912434325744,0.340748779164406,0.2053629823414,1,0.105095541401274,0.450087565674256,0.3738187
office_spiral_events,20,Added events = 5%,AddedEvents,added-event ratio,0.05,5,4762,68,19,0.220911949685535,0.321510297482838,0.2618825722274,0.150670241286863,1,0.113879003558719,0.678489702517162,0.3119527
office_spiral_events,20,Added events = 10%,AddedEvents,added-event ratio,0.1,1,4989,68,18,0.24685534591195,0.491392801251956,0.328623757195186,0.196618659987477,1,0.127388535031847,0.508607198748044,0.3247167
office_spiral_events,20,Added events = 10%,AddedEvents,added-event ratio,0.1,2,4989,68,20,0.269654088050314,0.33960396039604,0.300613496932515,0.176895306859206,1,0.163265306122449,0.66039603960396,0.3222893
office_spiral_events,20,Added events = 10%,AddedEvents,added-event ratio,0.1,3,4989,68,16,0.209119496855346,0.460207612456747,0.287567567567568,0.167929292929293,1,0.12781954887218,0.539792387543253,0.3612535
office_spiral_events,20,Added events = 10%,AddedEvents,added-event ratio,0.1,4,4989,68,17,0.206761006289308,0.348806366047745,0.259624876604146,0.149177538287011,1,0.11787072243346,0.651193633952255,0.356815
office_spiral_events,20,Added events = 10%,AddedEvents,added-event ratio,0.1,5,4989,68,17,0.241352201257862,0.383270911360799,0.296189097925712,0.173839184597961,1.2,0.107491856677524,0.616729088639201,0.3448464
office_spiral_events,20,Added events = 20%,AddedEvents,added-event ratio,0.2,1,5442,68,16,0.169811320754717,0.295890410958904,0.215784215784216,0.120940649496081,1,0.125,0.704109589041096,0.3980413
office_spiral_events,20,Added events = 20%,AddedEvents,added-event ratio,0.2,2,5442,68,18,0.200471698113208,0.321158690176322,0.246853823814134,0.140806184428493,1,0.0823529411764706,0.678841309823678,0.377141
office_spiral_events,20,Added events = 20%,AddedEvents,added-event ratio,0.2,3,5442,68,20,0.233490566037736,0.310994764397906,0.266726537943422,0.153886010362694,1,0.164983164983165,0.689005235602094,0.4067035
office_spiral_events,20,Added events = 20%,AddedEvents,added-event ratio,0.2,4,5442,68,18,0.186320754716981,0.468379446640316,0.266591676040495,0.153796236210253,1,0.0886075949367089,0.531620553359684,0.3490771
office_spiral_events,20,Added events = 20%,AddedEvents,added-event ratio,0.2,5,5442,68,20,0.227201257861635,0.300728407908429,0.25884460367219,0.148662551440329,1,0.117647058823529,0.699271592091571,0.3410129
office_spiral_events,20,Added events = 30%,AddedEvents,added-event ratio,0.3,1,5896,68,20,0.220125786163522,0.32,0.260829063809967,0.149973219068024,1,0.107142857142857,0.68,0.404986
office_spiral_events,20,Added events = 30%,AddedEvents,added-event ratio,0.3,2,5896,68,23,0.191037735849057,0.274576271186441,0.225312934631433,0.126959247648903,1,0.123456790123457,0.725423728813559,0.3901812
office_spiral_events,20,Added events = 30%,AddedEvents,added-event ratio,0.3,3,5896,68,20,0.171383647798742,0.233404710920771,0.197642792384406,0.109657947686117,1,0.165137614678899,0.766595289079229,0.3802998
office_spiral_events,20,Added events = 30%,AddedEvents,added-event ratio,0.3,4,5896,68,20,0.24685534591195,0.304263565891473,0.272569444444444,0.157788944723618,1,0.156050955414013,0.695736434108527,0.4453179
office_spiral_events,20,Added events = 30%,AddedEvents,added-event ratio,0.3,5,5896,68,27,0.314465408805031,0.312989045383412,0.313725490196078,0.186046511627907,1,0.1775,0.687010954616588,0.4020504
office_spiral_events,20,Full LLGD runtime,Runtime,-,NaN,1,4535,68,14,0.214622641509434,0.538461538461538,0.306913996627319,0.181274900398406,1,0.113553113553114,0.461538461538462,0.3152039
office_spiral_events,20,Full LLGD runtime,Runtime,-,NaN,2,4535,68,14,0.205188679245283,0.502890173410405,0.291457286432161,0.170588235294118,1,0.10727969348659,0.497109826589595,0.3046418
office_spiral_events,20,Full LLGD runtime,Runtime,-,NaN,3,4535,68,14,0.20440251572327,0.500963391136802,0.29034059184813,0.169823644676682,1,0.103846153846154,0.499036608863198,0.3103088
office_spiral_events,21,Full LLGD,Full,-,NaN,1,7717,79,42,0.470293209876543,0.455020530048526,0.462530829064694,0.300839091806515,1.38461538461538,0.164068908941756,0.544979469951474,0.5790913
office_spiral_events,21,w/o weighted support,Ablation,UseWeights,0,1,7717,79,224,0.929783950617284,0.363115865601929,0.522266767797161,0.353424255755976,1.61764705882353,0.255601659751037,0.636884134398071,0.616312
office_spiral_events,21,w/o local verification,Ablation,UseVerification,0,1,7717,79,64,0.52662037037037,0.459905660377358,0.491007194244604,0.3253873659118,1.16666666666667,0.0293040293040293,0.540094339622642,0.4034034
office_spiral_events,21,w/o global expansion,Ablation,UseGlobalExpansion,0,1,7717,79,87,0.287808641975309,0.497665110073382,0.364703006599853,0.223019431988042,2.78571428571429,0.0214477211796247,0.502334889926618,0.5964128
office_spiral_events,21,unit estimation weights,Ablation,UseWeights,0,1,7717,79,47,0.437114197530864,0.475251677852349,0.455385852090032,0.294821753838147,1.41666666666667,0.0511915269196822,0.524748322147651,0.5853194
office_spiral_events,21,unit support tests,Ablation,UseMultiplicitySupport,0,1,7717,79,209,0.930941358024691,0.361173477024398,0.520435673460585,0.351749271137026,1.65714285714286,0.268130957314546,0.638826522975602,0.7427565
office_spiral_events,21,MAD = 3,Sensitivity,MAD,3,1,7717,79,44,0.4375,0.452875399361022,0.445054945054945,0.286219081272085,1.41666666666667,0.072310405643739,0.547124600638978,0.5827929
office_spiral_events,21,MAD = 3.5,Sensitivity,MAD,3.5,1,7717,79,42,0.470293209876543,0.455020530048526,0.462530829064694,0.300839091806515,1.38461538461538,0.164068908941756,0.544979469951474,0.6082301
office_spiral_events,21,MAD = 4,Sensitivity,MAD,4,1,7717,79,42,0.479938271604938,0.4533527696793,0.466266866566717,0.304007820136852,1.38461538461538,0.155948553054662,0.5466472303207,0.5391954
office_spiral_events,21,p_in = 0.7,Sensitivity,p_in,0.7,1,7717,79,49,0.424382716049383,0.485651214128035,0.452954498661725,0.292786797977109,1.1875,0.0309090909090909,0.514348785871965,0.583191
office_spiral_events,21,p_in = 0.8,Sensitivity,p_in,0.8,1,7717,79,42,0.470293209876543,0.455020530048526,0.462530829064694,0.300839091806515,1.38461538461538,0.164068908941756,0.544979469951474,0.6043638
office_spiral_events,21,p_in = 0.9,Sensitivity,p_in,0.9,1,7717,79,39,0.375385802469136,0.452768729641694,0.41046192786332,0.258227176220807,1.36363636363636,0.0267214799588901,0.547231270358306,0.6285703
office_spiral_events,21,p_w = 0.7,Sensitivity,p_w,0.7,1,7717,79,42,0.423611111111111,0.45409429280397,0.438323353293413,0.280674846625767,1.38461538461538,0.0710382513661202,0.54590570719603,0.7895145
office_spiral_events,21,p_w = 0.8,Sensitivity,p_w,0.8,1,7717,79,42,0.470293209876543,0.455020530048526,0.462530829064694,0.300839091806515,1.38461538461538,0.164068908941756,0.544979469951474,0.5973395
office_spiral_events,21,p_w = 0.9,Sensitivity,p_w,0.9,1,7717,79,43,0.465277777777778,0.4501679731243,0.457598178713717,0.296678966789668,1.46153846153846,0.166666666666667,0.5498320268757,0.591183
office_spiral_events,21,overlap = 0.7,Sensitivity,overlap,0.7,1,7717,79,42,0.471450617283951,0.450092081031308,0.460523836442434,0.299143206854345,1.38461538461538,0.16366612111293,0.549907918968692,0.5969
office_spiral_events,21,overlap = 0.8,Sensitivity,overlap,0.8,1,7717,79,42,0.470293209876543,0.455020530048526,0.462530829064694,0.300839091806515,1.38461538461538,0.164068908941756,0.544979469951474,0.6290796
office_spiral_events,21,overlap = 0.9,Sensitivity,overlap,0.9,1,7717,79,43,0.474537037037037,0.448577680525164,0.46119235095613,0.299707602339181,1.38461538461538,0.18130081300813,0.551422319474836,0.5862214
office_spiral_events,21,eps_s = 0.015,Sensitivity,eps_s,0.015,1,7717,79,49,0.415895061728395,0.488888888888889,0.449447571398791,0.289862866361925,1.15384615384615,0.0213358070500927,0.511111111111111,0.5247904
office_spiral_events,21,eps_s = 0.02,Sensitivity,eps_s,0.02,1,7717,79,42,0.470293209876543,0.455020530048526,0.462530829064694,0.300839091806515,1.38461538461538,0.164068908941756,0.544979469951474,0.5740145
office_spiral_events,21,eps_s = 0.025,Sensitivity,eps_s,0.025,1,7717,79,29,0.607253086419753,0.38941118258288,0.474525173349412,0.311067193675889,1,0.3284625158831,0.61058881741712,0.5539486
office_spiral_events,21,eps_t = 0.005,Sensitivity,eps_t,0.005,1,7717,79,4,0.0659722222222222,0.612903225806452,0.119122257053292,0.0633333333333333,1,0.111111111111111,0.387096774193548,0.3861126
office_spiral_events,21,eps_t = 0.01,Sensitivity,eps_t,0.01,1,7717,79,34,0.393904320987654,0.41571661237785,0.404516640253566,0.253538614353116,1.27272727272727,0.126346718903036,0.58428338762215,0.5759372
office_spiral_events,21,eps_t = 0.015,Sensitivity,eps_t,0.015,1,7717,79,38,0.429398148148148,0.420634920634921,0.424971363115693,0.269818181818182,1.28571428571429,0.0664869721473496,0.579365079365079,0.5774385
office_spiral_events,21,eps_t = 0.02,Sensitivity,eps_t,0.02,1,7717,79,42,0.470293209876543,0.455020530048526,0.462530829064694,0.300839091806515,1.38461538461538,0.164068908941756,0.544979469951474,0.5769583
office_spiral_events,21,eps_t = 0.025,Sensitivity,eps_t,0.025,1,7717,79,42,0.470293209876543,0.455020530048526,0.462530829064694,0.300839091806515,1.38461538461538,0.164068908941756,0.544979469951474,0.5902005
office_spiral_events,21,Event retention = 25%,Sparsity,retention,0.25,1,1929,69,1,0,0,0,0,NaN,NaN,1,0.0828359
office_spiral_events,21,Event retention = 25%,Sparsity,retention,0.25,2,1929,66,3,0.0603715170278638,0.672413793103448,0.110795454545455,0.0586466165413534,1,0,0.327586206896552,0.0719355
office_spiral_events,21,Event retention = 25%,Sparsity,retention,0.25,3,1929,74,3,0.0450885668276973,0.7,0.0847201210287443,0.0442338072669826,1,0,0.3,0.0695794
office_spiral_events,21,Event retention = 25%,Sparsity,retention,0.25,4,1929,72,2,0.038109756097561,0.806451612903226,0.0727802037845706,0.0377643504531722,1,0,0.193548387096774,0.0776047
office_spiral_events,21,Event retention = 25%,Sparsity,retention,0.25,5,1929,70,1,0.010752688172043,0.636363636363636,0.0211480362537764,0.0106870229007634,1,0,0.363636363636364,0.0854904
office_spiral_events,21,Event retention = 50%,Sparsity,retention,0.5,1,3859,77,6,0.148659003831418,0.690391459074733,0.244640605296343,0.139367816091954,1,0,0.309608540925267,0.2650511
office_spiral_events,21,Event retention = 50%,Sparsity,retention,0.5,2,3859,78,4,0.0758039816232772,0.642857142857143,0.135616438356164,0.0727406318883174,1,0,0.357142857142857,0.2519947
office_spiral_events,21,Event retention = 50%,Sparsity,retention,0.5,3,3859,78,8,0.143072289156627,0.60126582278481,0.231143552311436,0.130674002751032,1,0.00526315789473686,0.39873417721519,0.2588078
office_spiral_events,21,Event retention = 50%,Sparsity,retention,0.5,4,3859,74,7,0.138192862566439,0.8125,0.236210253082414,0.13392200147167,1,0.0109890109890109,0.1875,0.2594433
office_spiral_events,21,Event retention = 50%,Sparsity,retention,0.5,5,3859,78,7,0.202764976958525,0.729281767955801,0.317307692307692,0.188571428571429,1,0.00757575757575757,0.270718232044199,0.2484136
office_spiral_events,21,Event retention = 75%,Sparsity,retention,0.75,1,5788,79,20,0.34504132231405,0.515830115830116,0.413494274218508,0.26063207179087,1.1,0.145209580838323,0.484169884169884,0.4123924
office_spiral_events,21,Event retention = 75%,Sparsity,retention,0.75,2,5788,77,28,0.352395672333849,0.556550040683482,0.431545741324921,0.275140788415125,1.28571428571429,0.0365497076023392,0.443449959316517,0.398759
office_spiral_events,21,Event retention = 75%,Sparsity,retention,0.75,3,5788,79,21,0.29718456725756,0.566600397614314,0.389876880984952,0.24214103653356,1.11111111111111,0.00701754385964914,0.433399602385686,0.4120034
office_spiral_events,21,Event retention = 75%,Sparsity,retention,0.75,4,5788,77,23,0.298621745788668,0.664018161180477,0.411971830985915,0.259423503325942,1.57142857142857,0.0683760683760684,0.335981838819523,0.4134296
office_spiral_events,21,Event retention = 75%,Sparsity,retention,0.75,5,5788,79,17,0.324883600620797,0.639511201629328,0.430874785591767,0.274595540008745,1,0.052547770700637,0.360488798370672,0.4231839
office_spiral_events,21,Added events = 5%,AddedEvents,added-event ratio,0.05,1,8103,79,44,0.426697530864198,0.469838572642311,0.447230084917105,0.288020833333333,1.46153846153846,0.0361663652802894,0.530161427357689,0.6405648
office_spiral_events,21,Added events = 5%,AddedEvents,added-event ratio,0.05,2,8103,79,49,0.48804012345679,0.474137931034483,0.480988593155894,0.316645807259074,1.38461538461538,0.0490118577075099,0.525862068965517,0.5897956
office_spiral_events,21,Added events = 5%,AddedEvents,added-event ratio,0.05,3,8103,79,49,0.428626543209877,0.472765957446808,0.449615540267098,0.290002610284521,1.28571428571429,0.0405040504050405,0.527234042553192,0.6225109
office_spiral_events,21,Added events = 5%,AddedEvents,added-event ratio,0.05,4,8103,79,44,0.498456790123457,0.405142677955472,0.446981491091507,0.287814658053018,1.25,0.209752321981424,0.594857322044528,0.6893435
office_spiral_events,21,Added events = 5%,AddedEvents,added-event ratio,0.05,5,8103,79,36,0.447145061728395,0.411869225302061,0.428782833888272,0.272898516599953,1.33333333333333,0.175150992234685,0.588130774697939,0.6723942
office_spiral_events,21,Added events = 10%,AddedEvents,added-event ratio,0.1,1,8489,79,48,0.433256172839506,0.417161961367013,0.425056775170326,0.269887046383081,1.25,0.0641139804096171,0.582838038632987,0.6341073
office_spiral_events,21,Added events = 10%,AddedEvents,added-event ratio,0.1,2,8489,79,45,0.425925925925926,0.45771144278607,0.441247002398082,0.283076923076923,1.36363636363636,0.0434782608695652,0.54228855721393,0.6629148
office_spiral_events,21,Added events = 10%,AddedEvents,added-event ratio,0.1,3,8489,79,49,0.432484567901235,0.41047235444892,0.421191057674244,0.266777724892908,1.33333333333333,0.0660124888492417,0.58952764555108,0.5997582
office_spiral_events,21,Added events = 10%,AddedEvents,added-event ratio,0.1,4,8489,79,49,0.395061728395062,0.365714285714286,0.379821958456973,0.234432234432234,1.41666666666667,0.064453125,0.634285714285714,0.6437693
office_spiral_events,21,Added events = 10%,AddedEvents,added-event ratio,0.1,5,8489,79,46,0.390817901234568,0.370790629575403,0.380540946656649,0.234980282996984,1.2,0.0700888450148075,0.629209370424597,0.651041
office_spiral_events,21,Added events = 20%,AddedEvents,added-event ratio,0.2,1,9260,79,50,0.436728395061728,0.382949932341001,0.408074981975487,0.256340579710145,1.27272727272727,0.0795053003533569,0.617050067658999,0.6461597
office_spiral_events,21,Added events = 20%,AddedEvents,added-event ratio,0.2,2,9260,79,57,0.538194444444444,0.388471177944862,0.451237263464338,0.291353383458647,1.36363636363636,0.108960573476703,0.611528822055138,0.7823007
office_spiral_events,21,Added events = 20%,AddedEvents,added-event ratio,0.2,3,9260,79,53,0.433256172839506,0.364847303443795,0.396119929453263,0.246976028150429,1.33333333333333,0.0765805877114871,0.635152696556205,0.7491362
office_spiral_events,21,Added events = 20%,AddedEvents,added-event ratio,0.2,4,9260,79,50,0.500385802469136,0.393985419198056,0.440856560163154,0.282755613690865,1.23076923076923,0.107170393215112,0.606014580801944,0.7307246
office_spiral_events,21,Added events = 20%,AddedEvents,added-event ratio,0.2,5,9260,79,47,0.652006172839506,0.351059410054009,0.45638671347556,0.295661301609517,1.55555555555556,0.37810650887574,0.648940589945991,0.6256986
office_spiral_events,21,Added events = 30%,AddedEvents,added-event ratio,0.3,1,10032,79,65,0.475308641975309,0.356172304134143,0.407205420591638,0.255654700145258,1.36363636363636,0.0349025974025974,0.643827695865857,0.6902194
office_spiral_events,21,Added events = 30%,AddedEvents,added-event ratio,0.3,2,10032,79,67,0.512345679012346,0.40611620795107,0.45308768338451,0.292898103220115,1.5,0.0685240963855421,0.59388379204893,0.7705406
office_spiral_events,21,Added events = 30%,AddedEvents,added-event ratio,0.3,3,10032,79,58,0.500385802469136,0.4165061014772,0.454609183315808,0.294171013835337,1.35714285714286,0.0570547417116423,0.5834938985228,0.720021
office_spiral_events,21,Added events = 30%,AddedEvents,added-event ratio,0.3,4,10032,79,49,0.528935185185185,0.335782512858192,0.410786516853933,0.258484162895928,1.23076923076923,0.169219547775346,0.664217487141808,0.7570368
office_spiral_events,21,Added events = 30%,AddedEvents,added-event ratio,0.3,5,10032,79,59,0.457561728395062,0.386319218241042,0.418933239138114,0.26496872207328,1.21428571428571,0.0404721753794266,0.613680781758958,0.788298
office_spiral_events,21,Full LLGD runtime,Runtime,-,NaN,1,7717,79,42,0.470293209876543,0.455020530048526,0.462530829064694,0.300839091806515,1.38461538461538,0.164068908941756,0.544979469951474,0.5904386
office_spiral_events,21,Full LLGD runtime,Runtime,-,NaN,2,7717,79,42,0.471450617283951,0.458536585365854,0.464903937607,0.302850061957869,1.38461538461538,0.16366612111293,0.541463414634146,0.5845991
office_spiral_events,21,Full LLGD runtime,Runtime,-,NaN,3,7717,79,44,0.487268518518519,0.462637362637363,0.474633596392334,0.311160384331116,1.46153846153846,0.163103721298496,0.537362637362637,0.587203
office_spiral_events,22,Full LLGD,Full,-,NaN,1,9180,81,53,0.531399192067573,0.376724811247071,0.440889701401584,0.282782880594098,1.25,0.205252246026261,0.623275188752929,0.653376
office_spiral_events,22,w/o weighted support,Ablation,UseWeights,0,1,9180,81,352,0.921042967315461,0.31267921705523,0.4668652271035,0.304516755706654,1.6,0.11762360446571,0.68732078294477,0.7922552
office_spiral_events,22,w/o local verification,Ablation,UseVerification,0,1,9180,81,71,0.580609621740727,0.379045792375929,0.458659704090514,0.297571993224167,1.27272727272727,0.0436432637571158,0.620954207624071,0.4686797
office_spiral_events,22,w/o global expansion,Ablation,UseGlobalExpansion,0,1,9180,81,110,0.374954094748439,0.454788418708241,0.411030595813205,0.258677476564479,4,0.0156709108716944,0.54521158129176,0.6525123
office_spiral_events,22,unit estimation weights,Ablation,UseWeights,0,1,9180,81,45,0.518912963643041,0.432771822358346,0.471943887775551,0.308852459016393,1,0.0452937013446567,0.567228177641654,0.6857172
office_spiral_events,22,unit support tests,Ablation,UseMultiplicitySupport,0,1,9180,81,338,0.91626882115314,0.312148129613412,0.465658827920866,0.303491059481815,1.625,0.114629258517034,0.687851870386588,0.8589053
office_spiral_events,22,MAD = 3,Sensitivity,MAD,3,1,9180,81,48,0.473374954094748,0.380460448642267,0.421862215676649,0.267316466196599,1.42857142857143,0.258339798293251,0.619539551357733,0.6974852
office_spiral_events,22,MAD = 3.5,Sensitivity,MAD,3.5,1,9180,81,53,0.531399192067573,0.376724811247071,0.440889701401584,0.282782880594098,1.25,0.205252246026261,0.623275188752929,0.6680126
office_spiral_events,22,MAD = 4,Sensitivity,MAD,4,1,9180,81,47,0.535071612192435,0.390721373022258,0.451642901425914,0.291691691691692,1.44444444444444,0.243651338366507,0.609278626977742,0.716417
office_spiral_events,22,p_in = 0.7,Sensitivity,p_in,0.7,1,9180,81,60,0.545354388542049,0.37125,0.441767068273092,0.283505154639175,1.25,0.203367003367003,0.62875,0.6452042
office_spiral_events,22,p_in = 0.8,Sensitivity,p_in,0.8,1,9180,81,53,0.531399192067573,0.376724811247071,0.440889701401584,0.282782880594098,1.25,0.205252246026261,0.623275188752929,0.6653059
office_spiral_events,22,p_in = 0.9,Sensitivity,p_in,0.9,1,9180,81,46,0.500183621006243,0.383986467437271,0.43444976076555,0.277506112469438,1.5,0.190895741556535,0.616013532562729,0.6408962
office_spiral_events,22,p_w = 0.7,Sensitivity,p_w,0.7,1,9180,81,54,0.488431876606684,0.39832285115304,0.438799076212471,0.281065088757396,1.375,0.0781954887218045,0.60167714884696,0.657308
office_spiral_events,22,p_w = 0.8,Sensitivity,p_w,0.8,1,9180,81,53,0.531399192067573,0.376724811247071,0.440889701401584,0.282782880594098,1.25,0.205252246026261,0.623275188752929,0.6995855
office_spiral_events,22,p_w = 0.9,Sensitivity,p_w,0.9,1,9180,81,52,0.475578406169666,0.356552863436123,0.407553107789142,0.255928853754941,1.5,0.208494208494209,0.643447136563877,0.6440149
office_spiral_events,22,overlap = 0.7,Sensitivity,overlap,0.7,1,9180,81,53,0.531399192067573,0.376724811247071,0.440889701401584,0.282782880594098,1.25,0.205252246026261,0.623275188752929,0.6731943
office_spiral_events,22,overlap = 0.8,Sensitivity,overlap,0.8,1,9180,81,53,0.531399192067573,0.376724811247071,0.440889701401584,0.282782880594098,1.25,0.205252246026261,0.623275188752929,0.644701
office_spiral_events,22,overlap = 0.9,Sensitivity,overlap,0.9,1,9180,81,53,0.531399192067573,0.378004179728318,0.441764616089147,0.283503134796238,1.25,0.205252246026261,0.621995820271682,0.6974498
office_spiral_events,22,eps_s = 0.015,Sensitivity,eps_s,0.015,1,9180,81,60,0.500550863018729,0.427406710567576,0.461096075778078,0.299626291492636,1.375,0.0462215700660308,0.572593289432424,0.5949755
office_spiral_events,22,eps_s = 0.02,Sensitivity,eps_s,0.02,1,9180,81,53,0.531399192067573,0.376724811247071,0.440889701401584,0.282782880594098,1.25,0.205252246026261,0.623275188752929,0.6338735
office_spiral_events,22,eps_s = 0.025,Sensitivity,eps_s,0.025,1,9180,81,20,0.547925082629453,0.374874371859297,0.445173802774877,0.28631740548839,1,0.35455764075067,0.625125628140703,0.7590531
office_spiral_events,22,eps_t = 0.005,Sensitivity,eps_t,0.005,1,9180,81,13,0.261109070877708,0.438888888888889,0.32742344001842,0.195759911894273,2,0.123769338959212,0.561111111111111,0.5257249
office_spiral_events,22,eps_t = 0.01,Sensitivity,eps_t,0.01,1,9180,81,41,0.490268086669115,0.372073578595318,0.423070828711773,0.268287781350482,1,0.0651685393258427,0.627926421404682,0.5928069
office_spiral_events,22,eps_t = 0.015,Sensitivity,eps_t,0.015,1,9180,81,27,0.533235402130004,0.336890951276102,0.412910564481729,0.260168428597026,1,0.283057851239669,0.663109048723898,0.6577134
office_spiral_events,22,eps_t = 0.02,Sensitivity,eps_t,0.02,1,9180,81,53,0.531399192067573,0.376724811247071,0.440889701401584,0.282782880594098,1.25,0.205252246026261,0.623275188752929,0.6636964
office_spiral_events,22,eps_t = 0.025,Sensitivity,eps_t,0.025,1,9180,81,53,0.531399192067573,0.376724811247071,0.440889701401584,0.282782880594098,1.25,0.205252246026261,0.623275188752929,0.6828216
office_spiral_events,22,Event retention = 25%,Sparsity,retention,0.25,1,2295,67,1,0,0,0,0,NaN,NaN,1,0.095418
office_spiral_events,22,Event retention = 25%,Sparsity,retention,0.25,2,2295,70,4,0.0173160173160173,0.113207547169811,0.0300375469336671,0.0152477763659466,1,0.166666666666667,0.886792452830189,0.1120673
office_spiral_events,22,Event retention = 25%,Sparsity,retention,0.25,3,2295,69,1,0,0,0,0,NaN,NaN,1,0.0942572
office_spiral_events,22,Event retention = 25%,Sparsity,retention,0.25,4,2295,69,3,0.0190058479532164,0.147727272727273,0.0336787564766839,0.0171277997364954,1,0,0.852272727272727,0.1073852
office_spiral_events,22,Event retention = 25%,Sparsity,retention,0.25,5,2295,70,2,0.0426136363636364,0.306122448979592,0.0748129675810474,0.038860103626943,1,0,0.693877551020408,0.1004292
office_spiral_events,22,Event retention = 50%,Sparsity,retention,0.5,1,4590,71,10,0.207820419985518,0.588114754098361,0.307116104868914,0.18141592920354,1.25,0,0.411885245901639,0.299109
office_spiral_events,22,Event retention = 50%,Sparsity,retention,0.5,2,4590,75,13,0.268833087149188,0.590909090909091,0.369543147208122,0.226650062266501,1.4,0.0164835164835165,0.409090909090909,0.3083995
office_spiral_events,22,Event retention = 50%,Sparsity,retention,0.5,3,4590,75,11,0.21832498210451,0.563770794824399,0.314757481940144,0.18677281077771,1.25,0.00655737704918036,0.436229205175601,0.3060551
office_spiral_events,22,Event retention = 50%,Sparsity,retention,0.5,4,4590,77,12,0.199259259259259,0.451342281879195,0.276464542651593,0.160405485986881,1,0.0520446096654275,0.548657718120805,0.3068655
office_spiral_events,22,Event retention = 50%,Sparsity,retention,0.5,5,4590,74,12,0.260028653295129,0.55,0.353112840466926,0.214412285883048,1.4,0.0137741046831956,0.45,0.2582841
office_spiral_events,22,Event retention = 75%,Sparsity,retention,0.75,1,6885,78,33,0.388528678304239,0.416132478632479,0.401857106009801,0.251452550032279,1.11111111111111,0.0320924261874198,0.583867521367521,0.5145326
office_spiral_events,22,Event retention = 75%,Sparsity,retention,0.75,2,6885,77,35,0.448756218905473,0.485468245425188,0.466390899689762,0.304113283884019,1.22222222222222,0.0210643015521065,0.514531754574812,0.4521602
office_spiral_events,22,Event retention = 75%,Sparsity,retention,0.75,3,6885,78,37,0.46504709965295,0.490073145245559,0.477232256423302,0.313397928499833,1.875,0.0191897654584222,0.509926854754441,0.4875754
office_spiral_events,22,Event retention = 75%,Sparsity,retention,0.75,4,6885,80,32,0.411078717201166,0.502077151335312,0.45204381512156,0.292026234035209,1.75,0.0319148936170213,0.497922848664688,0.4952963
office_spiral_events,22,Event retention = 75%,Sparsity,retention,0.75,5,6885,80,30,0.383495145631068,0.453501722158439,0.415570752235665,0.262284196547145,1.22222222222222,0.0544303797468354,0.546498277841561,0.5146598
office_spiral_events,22,Added events = 5%,AddedEvents,added-event ratio,0.05,1,9639,81,49,0.573264781491003,0.375420875420875,0.453713123092574,0.293421052631579,1.33333333333333,0.245996156310058,0.624579124579125,0.6603833
office_spiral_events,22,Added events = 5%,AddedEvents,added-event ratio,0.05,2,9639,81,46,0.548292324641939,0.400912996777658,0.463161160229564,0.301372628179249,1.125,0.171466845277964,0.599087003222342,0.6715213
office_spiral_events,22,Added events = 5%,AddedEvents,added-event ratio,0.05,3,9639,81,57,0.520014689680499,0.400452488687783,0.452468445438569,0.292380755729919,1.5,0.0572033898305084,0.599547511312217,0.7238877
office_spiral_events,22,Added events = 5%,AddedEvents,added-event ratio,0.05,4,9639,81,26,0.629085567388909,0.34852492370295,0.448546739984289,0.289113924050633,1.25,0.52656158785756,0.65147507629705,0.6867764
office_spiral_events,22,Added events = 5%,AddedEvents,added-event ratio,0.05,5,9639,81,49,0.512302607418289,0.381564551422319,0.437372628938705,0.279895666131621,1.42857142857143,0.156989247311828,0.618435448577681,0.6587436
office_spiral_events,22,Added events = 10%,AddedEvents,added-event ratio,0.1,1,10098,81,63,0.537642306279838,0.38771186440678,0.450530850900139,0.290764647467726,1.5,0.0560109289617486,0.61228813559322,0.6995627
office_spiral_events,22,Added events = 10%,AddedEvents,added-event ratio,0.1,2,10098,81,47,0.509364671318399,0.362424875881892,0.423511450381679,0.268642262250629,1.57142857142857,0.277577505407354,0.637575124118108,0.7415274
office_spiral_events,22,Added events = 10%,AddedEvents,added-event ratio,0.1,3,10098,81,49,0.515607785530665,0.379459459459459,0.437178888369921,0.279736999402271,1.5,0.141025641025641,0.620540540540541,0.681948
office_spiral_events,22,Added events = 10%,AddedEvents,added-event ratio,0.1,4,10098,81,64,0.531031950055086,0.368689444161142,0.435214446952596,0.278130409694172,1.55555555555556,0.0926694329183956,0.631310555838858,0.6818869
office_spiral_events,22,Added events = 10%,AddedEvents,added-event ratio,0.1,5,10098,81,50,0.53654058024238,0.363523264493655,0.433402551171759,0.276652149214164,1.25,0.160164271047228,0.636476735506345,0.6878386
office_spiral_events,22,Added events = 20%,AddedEvents,added-event ratio,0.2,1,11016,81,58,0.596401028277635,0.382477626000942,0.466063997704118,0.303835360149673,1.11111111111111,0.111453201970443,0.617522373999058,0.7628018
office_spiral_events,22,Added events = 20%,AddedEvents,added-event ratio,0.2,2,11016,81,59,0.571428571428571,0.355982612674445,0.438680575133916,0.280967858432647,1.42857142857143,0.19987146529563,0.644017387325555,0.7657867
office_spiral_events,22,Added events = 20%,AddedEvents,added-event ratio,0.2,3,11016,81,76,0.532133676092545,0.365263423241744,0.433183856502242,0.276473955352032,1.77777777777778,0.0579710144927537,0.634736576758256,0.8173826
office_spiral_events,22,Added events = 20%,AddedEvents,added-event ratio,0.2,4,11016,81,74,0.569959603378627,0.377615571776156,0.45426606175911,0.293883734141261,1.8,0.0747422680412371,0.622384428223844,0.8240682
office_spiral_events,22,Added events = 20%,AddedEvents,added-event ratio,0.2,5,11016,81,48,0.541681968417187,0.359142926710494,0.431918008784773,0.275443510737628,1.25,0.178305084745763,0.640857073289506,0.7539522
office_spiral_events,22,Added events = 30%,AddedEvents,added-event ratio,0.3,1,11934,81,66,0.528828497980169,0.307560871422469,0.388926401080351,0.24140821458508,1.44444444444444,0.0868055555555556,0.692439128577531,0.8999486
office_spiral_events,22,Added events = 30%,AddedEvents,added-event ratio,0.3,2,11934,81,70,0.554168196841719,0.346657477601654,0.426512153759186,0.271061613077061,1.85714285714286,0.15506958250497,0.653342522398346,0.9312103
office_spiral_events,22,Added events = 30%,AddedEvents,added-event ratio,0.3,3,11934,81,62,0.611825192802057,0.310994959865596,0.412376237623762,0.259744309323355,1,0.255702280912365,0.689005040134404,0.8716168
office_spiral_events,22,Added events = 30%,AddedEvents,added-event ratio,0.3,4,11934,81,71,0.543885420492104,0.358162031438936,0.431904345290172,0.275432397247536,1.625,0.0648210668467252,0.641837968561064,0.9659783
office_spiral_events,22,Added events = 30%,AddedEvents,added-event ratio,0.3,5,11934,81,71,0.540213000367242,0.348743480322428,0.423858233683907,0.268921389396709,1.5,0.061182868796737,0.651256519677572,0.9123595
office_spiral_events,22,Full LLGD runtime,Runtime,-,NaN,1,9180,81,53,0.531399192067573,0.376724811247071,0.440889701401584,0.282782880594098,1.25,0.205252246026261,0.623275188752929,0.6690784
office_spiral_events,22,Full LLGD runtime,Runtime,-,NaN,2,9180,81,52,0.522585383767903,0.362086513994911,0.427776942732602,0.27208413001912,1.25,0.225579761068166,0.637913486005089,0.636105
office_spiral_events,22,Full LLGD runtime,Runtime,-,NaN,3,9180,81,55,0.503856041131105,0.367532815429949,0.425030978934325,0.269866247049567,1.375,0.206268221574344,0.632467184570051,0.6597966
office_spiral_events,23,Full LLGD,Full,-,NaN,1,11261,98,20,0.51516070345664,0.339054081021752,0.408954146106631,0.257034795763994,1.33333333333333,0.597410241318423,0.660945918978248,1.2027116
office_spiral_events,23,w/o weighted support,Ablation,UseWeights,0,1,11261,98,240,0.954821103699212,0.301022846764172,0.457736754124573,0.29679547596607,2.45454545454545,0.4144172753255,0.698977153235828,1.0261452
office_spiral_events,23,w/o local verification,Ablation,UseVerification,0,1,11261,98,72,0.59399636143117,0.353354978354978,0.443112418004976,0.284614267034723,1.08333333333333,0.361919346605411,0.646645021645022,0.7124572
office_spiral_events,23,w/o global expansion,Ablation,UseGlobalExpansion,0,1,11261,98,160,0.33474833232262,0.377694149846049,0.354926860633339,0.215751416845808,3.15789473684211,0.0226449275362319,0.622305850153951,0.9345848
office_spiral_events,23,unit estimation weights,Ablation,UseWeights,0,1,11261,98,29,0.48817465130382,0.315872081616637,0.383561643835616,0.23728813559322,1.14285714285714,0.505590062111801,0.684127918383363,1.2223893
office_spiral_events,23,unit support tests,Ablation,UseMultiplicitySupport,0,1,11261,98,267,0.942692540933899,0.300968054211036,0.456266510126211,0.295560414488069,2.06666666666667,0.389835960115793,0.699031945788964,1.3619302
office_spiral_events,23,MAD = 3,Sensitivity,MAD,3,1,11261,98,79,0.473923590054579,0.327535624476111,0.387360594795539,0.24020285846012,1.45454545454545,0.200255918106206,0.672464375523889,0.9046956
office_spiral_events,23,MAD = 3.5,Sensitivity,MAD,3.5,1,11261,98,20,0.51516070345664,0.339054081021752,0.408954146106631,0.257034795763994,1.33333333333333,0.597410241318423,0.660945918978248,1.134558
office_spiral_events,23,MAD = 4,Sensitivity,MAD,4,1,11261,98,70,0.504244996967859,0.339110929853181,0.405510851011948,0.254320232451445,2.14285714285714,0.286229705351774,0.660889070146819,0.8882276
office_spiral_events,23,p_in = 0.7,Sensitivity,p_in,0.7,1,11261,98,25,0.537901758641601,0.340433697946651,0.416970266776354,0.2634001484781,1.28571428571429,0.57891770011274,0.659566302053349,1.166016
office_spiral_events,23,p_in = 0.8,Sensitivity,p_in,0.8,1,11261,98,20,0.51516070345664,0.339054081021752,0.408954146106631,0.257034795763994,1.33333333333333,0.597410241318423,0.660945918978248,1.1559554
office_spiral_events,23,p_in = 0.9,Sensitivity,p_in,0.9,1,11261,98,18,0.489387507580352,0.33162112184097,0.395345988977342,0.246374599297817,1.5,0.628872366790582,0.66837887815903,1.1873062
office_spiral_events,23,p_w = 0.7,Sensitivity,p_w,0.7,1,11261,98,15,0.518496058217101,0.342,0.412147505422994,0.259562841530055,1,0.619298245614035,0.658,1.1420671
office_spiral_events,23,p_w = 0.8,Sensitivity,p_w,0.8,1,11261,98,20,0.51516070345664,0.339054081021752,0.408954146106631,0.257034795763994,1.33333333333333,0.597410241318423,0.660945918978248,1.1827386
office_spiral_events,23,p_w = 0.9,Sensitivity,p_w,0.9,1,11261,98,20,0.51516070345664,0.339054081021752,0.408954146106631,0.257034795763994,1.33333333333333,0.597410241318423,0.660945918978248,1.1384146
office_spiral_events,23,overlap = 0.7,Sensitivity,overlap,0.7,1,11261,98,20,0.51516070345664,0.339054081021752,0.408954146106631,0.257034795763994,1.33333333333333,0.597410241318423,0.660945918978248,1.1655241
office_spiral_events,23,overlap = 0.8,Sensitivity,overlap,0.8,1,11261,98,20,0.51516070345664,0.339054081021752,0.408954146106631,0.257034795763994,1.33333333333333,0.597410241318423,0.660945918978248,1.1579725
office_spiral_events,23,overlap = 0.9,Sensitivity,overlap,0.9,1,11261,98,20,0.51516070345664,0.339054081021752,0.408954146106631,0.257034795763994,1.33333333333333,0.597410241318423,0.660945918978248,1.1444482
office_spiral_events,23,eps_s = 0.015,Sensitivity,eps_s,0.015,1,11261,98,79,0.442692540933899,0.36619011788312,0.400823610157859,0.250643776824034,1.3,0.25,0.63380988211688,0.8736519
office_spiral_events,23,eps_s = 0.02,Sensitivity,eps_s,0.02,1,11261,98,20,0.51516070345664,0.339054081021752,0.408954146106631,0.257034795763994,1.33333333333333,0.597410241318423,0.660945918978248,1.1402428
office_spiral_events,23,eps_s = 0.025,Sensitivity,eps_s,0.025,1,11261,98,14,0.594602789569436,0.321422717587281,0.417278433875944,0.26364614143587,1,0.749617542070372,0.678577282412719,1.6896365
office_spiral_events,23,eps_t = 0.005,Sensitivity,eps_t,0.005,1,11261,98,7,0.627046694966646,0.277248960986727,0.38449381797899,0.238002071584762,NaN,0.789651837524178,0.722751039013273,1.3841429
office_spiral_events,23,eps_t = 0.01,Sensitivity,eps_t,0.01,1,11261,98,35,0.574287446937538,0.328762367644506,0.418147698421459,0.264340544312631,1.28571428571429,0.449313621964097,0.671237632355494,1.2399058
office_spiral_events,23,eps_t = 0.015,Sensitivity,eps_t,0.015,1,11261,98,41,0.557610673135233,0.340744858254586,0.423001725129385,0.268232205367561,1,0.410005437737901,0.659255141745414,1.1186618
office_spiral_events,23,eps_t = 0.02,Sensitivity,eps_t,0.02,1,11261,98,20,0.51516070345664,0.339054081021752,0.408954146106631,0.257034795763994,1.33333333333333,0.597410241318423,0.660945918978248,1.2825911
office_spiral_events,23,eps_t = 0.025,Sensitivity,eps_t,0.025,1,11261,98,20,0.51516070345664,0.339054081021752,0.408954146106631,0.257034795763994,1.33333333333333,0.597410241318423,0.660945918978248,1.2507389
office_spiral_events,23,Event retention = 25%,Sparsity,retention,0.25,1,2815,79,4,0.0560398505603985,0.296052631578947,0.0942408376963351,0.0494505494505494,1,0,0.703947368421053,0.1526695
office_spiral_events,23,Event retention = 25%,Sparsity,retention,0.25,2,2815,77,3,0,0,0,0,NaN,NaN,1,0.1312681
office_spiral_events,23,Event retention = 25%,Sparsity,retention,0.25,3,2815,77,3,0,0,0,0,NaN,NaN,1,0.139389
office_spiral_events,23,Event retention = 25%,Sparsity,retention,0.25,4,2815,76,2,0.0239596469104666,0.246753246753247,0.0436781609195402,0.0223266745005875,1,0,0.753246753246753,0.1610139
office_spiral_events,23,Event retention = 25%,Sparsity,retention,0.25,5,2815,76,2,0,0,0,0,NaN,NaN,1,0.1294042
office_spiral_events,23,Event retention = 50%,Sparsity,retention,0.5,1,5631,86,15,0.30842797369994,0.595842956120092,0.406459235919653,0.255066732575383,1.25,0.282945736434108,0.404157043879908,0.4066523
office_spiral_events,23,Event retention = 50%,Sparsity,retention,0.5,2,5631,91,21,0.271732522796353,0.496666666666667,0.351277013752456,0.213060057197331,1,0.328859060402685,0.503333333333333,0.3698646
office_spiral_events,23,Event retention = 50%,Sparsity,retention,0.5,3,5631,89,20,0.316606929510155,0.493023255813954,0.385594761731539,0.238846327174403,1,0.218867924528302,0.506976744186047,0.3542666
office_spiral_events,23,Event retention = 50%,Sparsity,retention,0.5,4,5631,86,11,0.283415841584158,0.618918918918919,0.388794567062818,0.241306638566913,1,0.360262008733624,0.381081081081081,0.387333
office_spiral_events,23,Event retention = 50%,Sparsity,retention,0.5,5,5631,89,17,0.261383796570077,0.530612244897959,0.350237717908082,0.212295869356388,1.16666666666667,0.0769230769230769,0.469387755102041,0.444981
office_spiral_events,23,Event retention = 75%,Sparsity,retention,0.75,1,8446,94,36,0.36103267446551,0.387110726643599,0.373617198914632,0.229722792607803,1,0.357541899441341,0.612889273356401,0.7813436
office_spiral_events,23,Event retention = 75%,Sparsity,retention,0.75,2,8446,94,38,0.392227564102564,0.39975500204165,0.395955510616785,0.246848209783157,1,0.283963227783453,0.60024499795835,0.6708618
office_spiral_events,23,Event retention = 75%,Sparsity,retention,0.75,3,8446,96,37,0.390618681763041,0.373694390715667,0.38196915776987,0.236070381231672,1,0.330227743271222,0.626305609284333,0.7220219
office_spiral_events,23,Event retention = 75%,Sparsity,retention,0.75,4,8446,95,40,0.402834008097166,0.393591772151899,0.398159263705482,0.248563577317012,1,0.374874371859297,0.606408227848101,0.7076053
office_spiral_events,23,Event retention = 75%,Sparsity,retention,0.75,5,8446,91,32,0.336388999601435,0.412512218963832,0.370581778265642,0.22743195904069,1,0.285545023696682,0.587487781036168,0.6606683
office_spiral_events,23,Added events = 5%,AddedEvents,added-event ratio,0.05,1,11824,98,43,0.528198908429351,0.325668349224154,0.402914305539493,0.252280955829109,1.2,0.379448909299656,0.674331650775846,0.9994937
office_spiral_events,23,Added events = 5%,AddedEvents,added-event ratio,0.05,2,11824,98,15,0.520618556701031,0.329621808408524,0.403667567885271,0.252871870397644,1,0.640069889341875,0.670378191591476,1.2734546
office_spiral_events,23,Added events = 5%,AddedEvents,added-event ratio,0.05,3,11824,98,20,0.516070345664039,0.32247063281546,0.396921641791045,0.247599650858307,1,0.614571092831962,0.67752936718454,1.1750672
office_spiral_events,23,Added events = 5%,AddedEvents,added-event ratio,0.05,4,11824,98,22,0.518496058217101,0.32497149372862,0.399532710280374,0.24963503649635,1,0.619883040935673,0.67502850627138,1.1925413
office_spiral_events,23,Added events = 5%,AddedEvents,added-event ratio,0.05,5,11824,98,16,0.483020012128563,0.302909298345693,0.372326750029216,0.22874784606548,1.5,0.60075329566855,0.697090701654307,1.2743018
office_spiral_events,23,Added events = 10%,AddedEvents,added-event ratio,0.1,1,12387,98,54,0.575500303214069,0.327976499049594,0.417831590533847,0.264087936552108,1.28571428571429,0.427291886195996,0.672023500950406,0.9494192
office_spiral_events,23,Added events = 10%,AddedEvents,added-event ratio,0.1,2,12387,98,22,0.543359611885991,0.326233387948298,0.407689682629962,0.256036576653808,1,0.609933035714286,0.673766612051702,1.3214291
office_spiral_events,23,Added events = 10%,AddedEvents,added-event ratio,0.1,3,12387,98,57,0.518799272286234,0.347058823529412,0.415896937287312,0.262544115390517,1.14285714285714,0.315604909409702,0.652941176470588,1.057168
office_spiral_events,23,Added events = 10%,AddedEvents,added-event ratio,0.1,4,12387,98,32,0.582171012734991,0.323995950050624,0.416305290546401,0.262869660460022,1,0.5375,0.676004049949376,1.1480381
office_spiral_events,23,Added events = 10%,AddedEvents,added-event ratio,0.1,5,12387,98,34,0.630382049727107,0.285969738651994,0.393451930355791,0.24490517139828,1,0.581048581048581,0.714030261348006,1.2285972
office_spiral_events,23,Added events = 20%,AddedEvents,added-event ratio,0.2,1,13513,98,40,0.661613098847787,0.279206653870761,0.392693242148835,0.244317545627589,1.6,0.537580201649863,0.720793346129239,1.0563846
office_spiral_events,23,Added events = 20%,AddedEvents,added-event ratio,0.2,2,13513,98,19,0.677986658580958,0.314265635980323,0.429463171036205,0.273449920508744,1,0.631037567084079,0.685734364019677,1.4422131
office_spiral_events,23,Added events = 20%,AddedEvents,added-event ratio,0.2,3,13513,98,15,0.533959975742874,0.276452119309262,0.364294580057923,0.222714050841027,1,0.796706416808632,0.723547880690738,1.6084611
office_spiral_events,23,Added events = 20%,AddedEvents,added-event ratio,0.2,4,13513,98,29,0.703759854457247,0.261993452985664,0.381837624413918,0.235969906466043,1,0.592417061611374,0.738006547014336,1.3191907
office_spiral_events,23,Added events = 20%,AddedEvents,added-event ratio,0.2,5,13513,98,64,0.566100667070952,0.301031925185424,0.393052631578947,0.244595833879209,1,0.431708623460096,0.698968074814576,1.0943807
office_spiral_events,23,Added events = 30%,AddedEvents,added-event ratio,0.3,1,14639,98,14,0.653426318981201,0.246088843211145,0.357527996681875,0.217676767676768,1,0.794895591647332,0.753911156788855,1.9983358
office_spiral_events,23,Added events = 30%,AddedEvents,added-event ratio,0.3,2,14639,98,16,0.566707095209218,0.271380862494555,0.36701030927835,0.224747474747475,1,0.775280898876405,0.728619137505445,1.8556904
office_spiral_events,23,Added events = 30%,AddedEvents,added-event ratio,0.3,3,14639,98,53,0.714978775015161,0.267437904048996,0.389269500619067,0.241672645280312,1,0.452078032230704,0.732562095951004,1.5502429
office_spiral_events,23,Added events = 30%,AddedEvents,added-event ratio,0.3,4,14639,98,23,0.708611279563372,0.251967654986523,0.371748985922214,0.22831184056272,1,0.775353016688062,0.748032345013477,2.0409349
office_spiral_events,23,Added events = 30%,AddedEvents,added-event ratio,0.3,5,14639,98,13,0.642813826561553,0.249499823467106,0.359474353539635,0.219121447028424,1,0.800943396226415,0.750500176532894,1.8934574
office_spiral_events,23,Full LLGD runtime,Runtime,-,NaN,1,11261,98,20,0.51516070345664,0.339054081021752,0.408954146106631,0.257034795763994,1.33333333333333,0.597410241318423,0.660945918978248,1.1790414
office_spiral_events,23,Full LLGD runtime,Runtime,-,NaN,2,11261,98,16,0.519708914493633,0.341366261700856,0.412068758264214,0.259500378501135,1,0.617852975495916,0.658633738299144,1.1353962
office_spiral_events,23,Full LLGD runtime,Runtime,-,NaN,3,11261,98,19,0.520012128562765,0.341633466135458,0.41235874008175,0.259730425564138,1.33333333333333,0.591836734693878,0.658366533864542,1.1464239
office_spiral_events,24,Full LLGD,Full,-,NaN,1,16030,93,37,0.769326943113149,0.307743602567308,0.439628482972136,0.281746031746032,1.5,0.565005417118093,0.692256397432692,1.681082
office_spiral_events,24,w/o weighted support,Ablation,UseWeights,0,1,16030,93,102,0.976870181287768,0.30301855083705,0.46255550074001,0.300859966628161,1.84615384615385,0.751493174061433,0.69698144916295,2.7278883
office_spiral_events,24,w/o local verification,Ablation,UseVerification,0,1,16030,93,139,0.740987705772036,0.315892333659057,0.442949676133533,0.28448,1.21428571428571,0.203037120359955,0.684107666340943,1.0149418
office_spiral_events,24,w/o global expansion,Ablation,UseGlobalExpansion,0,1,16030,93,339,0.469472806834757,0.329001168224299,0.386880741821928,0.239833936555248,3.37037037037037,0.0355082112738571,0.670998831775701,1.2039748
office_spiral_events,24,unit estimation weights,Ablation,UseWeights,0,1,16030,93,37,0.776203375703271,0.288401982037783,0.420547558566187,0.2662616154396,1,0.704697986577181,0.711598017962217,2.4235258
office_spiral_events,24,unit support tests,Ablation,UseMultiplicitySupport,0,1,16030,93,205,0.961658678891436,0.301791786555061,0.459409685929023,0.298203670199018,1.6,0.479523293607801,0.698208213444939,1.7786413
office_spiral_events,24,MAD = 3,Sensitivity,MAD,3,1,16030,93,88,0.606167951656595,0.32736889489084,0.42513701132627,0.269951744617669,1.22222222222222,0.289102784462014,0.67263110510916,1.270607
office_spiral_events,24,MAD = 3.5,Sensitivity,MAD,3.5,1,16030,93,37,0.769326943113149,0.307743602567308,0.439628482972136,0.281746031746032,1.5,0.565005417118093,0.692256397432692,1.6774498
office_spiral_events,24,MAD = 4,Sensitivity,MAD,4,1,16030,93,40,0.855594915607418,0.3033616549686,0.447910985055089,0.288585886983413,1,0.726984900146128,0.6966383450314,2.6302286
office_spiral_events,24,p_in = 0.7,Sensitivity,p_in,0.7,1,16030,93,48,0.794123775786622,0.305075248158822,0.4408073564282,0.282715133531157,2.33333333333333,0.583836263447914,0.694924751841178,1.6243639
office_spiral_events,24,p_in = 0.8,Sensitivity,p_in,0.8,1,16030,93,37,0.769326943113149,0.307743602567308,0.439628482972136,0.281746031746032,1.5,0.565005417118093,0.692256397432692,1.6727996
office_spiral_events,24,p_in = 0.9,Sensitivity,p_in,0.9,1,16030,93,51,0.726192956866014,0.319022336140608,0.443299624753546,0.284768753064226,1.33333333333333,0.453945480631277,0.680977663859392,1.6210897
office_spiral_events,24,p_w = 0.7,Sensitivity,p_w,0.7,1,16030,93,37,0.769326943113149,0.307743602567308,0.439628482972136,0.281746031746032,1.5,0.565005417118093,0.692256397432692,1.6931829
office_spiral_events,24,p_w = 0.8,Sensitivity,p_w,0.8,1,16030,93,37,0.769326943113149,0.307743602567308,0.439628482972136,0.281746031746032,1.5,0.565005417118093,0.692256397432692,1.6587108
office_spiral_events,24,p_w = 0.9,Sensitivity,p_w,0.9,1,16030,93,45,0.680350072931861,0.300119496277231,0.416507207551984,0.263030693627648,1.25,0.475344563552833,0.699880503722769,1.770198
office_spiral_events,24,overlap = 0.7,Sensitivity,overlap,0.7,1,16030,93,37,0.769326943113149,0.307743602567308,0.439628482972136,0.281746031746032,1.5,0.565005417118093,0.692256397432692,1.6777823
office_spiral_events,24,overlap = 0.8,Sensitivity,overlap,0.8,1,16030,93,37,0.769326943113149,0.307743602567308,0.439628482972136,0.281746031746032,1.5,0.565005417118093,0.692256397432692,1.6687942
office_spiral_events,24,overlap = 0.9,Sensitivity,overlap,0.9,1,16030,93,34,0.775994998958116,0.308201605561533,0.441179954981637,0.283021735826113,1.5,0.569548872180451,0.691798394438467,1.669173
office_spiral_events,24,eps_s = 0.015,Sensitivity,eps_s,0.015,1,16030,93,125,0.638049593665347,0.338679349629466,0.442485549132948,0.284097235108554,1.125,0.200195950359242,0.661320650370534,1.2382494
office_spiral_events,24,eps_s = 0.02,Sensitivity,eps_s,0.02,1,16030,93,37,0.769326943113149,0.307743602567308,0.439628482972136,0.281746031746032,1.5,0.565005417118093,0.692256397432692,1.6554596
office_spiral_events,24,eps_s = 0.025,Sensitivity,eps_s,0.025,1,16030,93,7,0.924984371744113,0.305148827937032,0.45890623384679,0.297779566646542,1,0.89930164451453,0.694851172062968,2.8565479
office_spiral_events,24,eps_t = 0.005,Sensitivity,eps_t,0.005,1,16030,93,8,0.935819962492186,0.309340129494421,0.464979034011492,0.302913800080939,1,0.792251169004676,0.690659870505579,3.4873197
office_spiral_events,24,eps_t = 0.01,Sensitivity,eps_t,0.01,1,16030,93,21,0.860387580745989,0.299181218752264,0.443978494623656,0.285329279248151,1,0.727052555098087,0.700818781247736,2.7028178
office_spiral_events,24,eps_t = 0.015,Sensitivity,eps_t,0.015,1,16030,93,31,0.797457803709106,0.316019818331957,0.452658347625525,0.292539367069255,1,0.664750457277241,0.683980181668043,2.7251403
office_spiral_events,24,eps_t = 0.02,Sensitivity,eps_t,0.02,1,16030,93,37,0.769326943113149,0.307743602567308,0.439628482972136,0.281746031746032,1.5,0.565005417118093,0.692256397432692,1.6891047
office_spiral_events,24,eps_t = 0.025,Sensitivity,eps_t,0.025,1,16030,93,37,0.769326943113149,0.307743602567308,0.439628482972136,0.281746031746032,1.5,0.565005417118093,0.692256397432692,1.6897804
office_spiral_events,24,Event retention = 25%,Sparsity,retention,0.25,1,4008,84,4,0.078318219291014,0.714285714285714,0.141158989598811,0.0759392486011191,1,0,0.285714285714286,0.2341048
office_spiral_events,24,Event retention = 25%,Sparsity,retention,0.25,2,4008,88,5,0.100244498777506,0.76875,0.177361211247296,0.0973101265822785,1,0,0.23125,0.2058515
office_spiral_events,24,Event retention = 25%,Sparsity,retention,0.25,3,4008,88,6,0.105130361648444,0.710227272727273,0.183150183150183,0.100806451612903,1,0,0.289772727272727,0.2092552
office_spiral_events,24,Event retention = 25%,Sparsity,retention,0.25,4,4008,87,4,0.0639868744872847,0.582089552238806,0.11529933481153,0.0611764705882353,1,0,0.417910447761194,0.205749
office_spiral_events,24,Event retention = 25%,Sparsity,retention,0.25,5,4008,89,4,0.0464169381107492,0.553398058252427,0.0856498873027799,0.0447409733124019,1,0,0.446601941747573,0.1943373
office_spiral_events,24,Event retention = 50%,Sparsity,retention,0.5,1,8015,90,33,0.430497051390059,0.437874892887746,0.434154630416313,0.277265328269126,1.16666666666667,0.190802348336595,0.562125107112254,0.609976
office_spiral_events,24,Event retention = 50%,Sparsity,retention,0.5,2,8015,92,31,0.392947103274559,0.453488372093023,0.421052631578947,0.266666666666667,1,0.159188034188034,0.546511627906977,0.6492335
office_spiral_events,24,Event retention = 50%,Sparsity,retention,0.5,3,8015,91,35,0.393926788685524,0.314096185737977,0.349510979885588,0.211762075134168,1.28571428571429,0.171066525871172,0.685903814262023,0.6662068
office_spiral_events,24,Event retention = 50%,Sparsity,retention,0.5,4,8015,92,33,0.431180968564146,0.498281786941581,0.462309268959235,0.300651658767773,1.16666666666667,0.170443349753695,0.501718213058419,0.622247
office_spiral_events,24,Event retention = 50%,Sparsity,retention,0.5,5,8015,90,30,0.349667774086379,0.399052132701422,0.372731297034086,0.22905331882481,1,0.180522565320665,0.600947867298578,0.5922075
office_spiral_events,24,Event retention = 75%,Sparsity,retention,0.75,1,12023,93,73,0.553872053872054,0.351997146932953,0.430440470998692,0.274242845234787,1.375,0.193009118541033,0.648002853067047,0.9825501
office_spiral_events,24,Event retention = 75%,Sparsity,retention,0.75,2,12023,93,68,0.558953168044077,0.351281163434903,0.431426748883691,0.275044055849261,1.125,0.275505174963036,0.648718836565097,0.9683232
office_spiral_events,24,Event retention = 75%,Sparsity,retention,0.75,3,12023,93,56,0.592363840539023,0.296890389756578,0.395538475958384,0.24652412665031,1.125,0.301895734597156,0.703109610243422,1.1345375
office_spiral_events,24,Event retention = 75%,Sparsity,retention,0.75,4,12023,91,78,0.544466127683301,0.345908607863974,0.423047763457165,0.268269230769231,1.2,0.175627240143369,0.654091392136026,1.0563264
office_spiral_events,24,Event retention = 75%,Sparsity,retention,0.75,5,12023,93,74,0.555462885738115,0.378194207836457,0.45,0.290322580645161,1.375,0.186186186186186,0.621805792163543,0.9438327
office_spiral_events,24,Added events = 5%,AddedEvents,added-event ratio,0.05,1,16832,93,29,0.740154198791415,0.30032975395282,0.427282569469506,0.271684258834328,1,0.596283783783784,0.69967024604718,1.7524951
office_spiral_events,24,Added events = 5%,AddedEvents,added-event ratio,0.05,2,16832,93,72,0.702438007918316,0.303584293948127,0.423945167578444,0.268991382061921,1.71428571428571,0.334915455354494,0.696415706051873,1.412339
office_spiral_events,24,Added events = 5%,AddedEvents,added-event ratio,0.05,3,16832,93,29,0.782871431548239,0.295036909062353,0.428563280670735,0.272720673635308,2,0.658770295448496,0.704963090937647,2.0933148
office_spiral_events,24,Added events = 5%,AddedEvents,added-event ratio,0.05,4,16832,93,94,0.699520733486143,0.31553717454648,0.434900893898173,0.277874348149988,1.18181818181818,0.294906166219839,0.68446282545352,1.3181394
office_spiral_events,24,Added events = 5%,AddedEvents,added-event ratio,0.05,5,16832,93,70,0.740154198791415,0.29921657821582,0.426154769046191,0.270772983686538,1,0.369369369369369,0.70078342178418,1.73278
office_spiral_events,24,Added events = 10%,AddedEvents,added-event ratio,0.1,1,17633,93,12,0.892477599499896,0.283717541070482,0.430560442322191,0.274340251088906,1,0.846836329675461,0.716282458929518,3.259003
office_spiral_events,24,Added events = 10%,AddedEvents,added-event ratio,0.1,2,17633,93,26,0.806209627005626,0.290487273819356,0.427089082680208,0.271527826514141,1.25,0.696045489790644,0.709512726180644,2.9142812
office_spiral_events,24,Added events = 10%,AddedEvents,added-event ratio,0.1,3,17633,93,24,0.784955198999792,0.269745793054064,0.401513536559369,0.251183570047343,1,0.753650119458455,0.730254206945936,2.7644428
office_spiral_events,24,Added events = 10%,AddedEvents,added-event ratio,0.1,4,17633,93,34,0.882058762242134,0.283580089770215,0.42917976274967,0.273220163945007,1.2,0.693125442948264,0.716419910229785,3.1310909
office_spiral_events,24,Added events = 10%,AddedEvents,added-event ratio,0.1,5,17633,93,38,0.713690352156699,0.284752244762221,0.407083853330956,0.255558871810178,1,0.548321167883212,0.715247755237779,2.084809
office_spiral_events,24,Added events = 20%,AddedEvents,added-event ratio,0.2,1,19236,93,42,0.745988747655762,0.2740984610673,0.400895856662934,0.250700280112045,1.28571428571429,0.559217877094972,0.7259015389327,2.583945
office_spiral_events,24,Added events = 20%,AddedEvents,added-event ratio,0.2,2,19236,93,62,0.84809335278183,0.281446649609294,0.42263759086189,0.267939433838051,1,0.514496314496314,0.718553350390706,2.0408886
office_spiral_events,24,Added events = 20%,AddedEvents,added-event ratio,0.2,3,19236,93,19,0.884976036674307,0.26722456427358,0.410496810361492,0.258254788689571,1,0.735578055097716,0.73277543572642,3.48815
office_spiral_events,24,Added events = 20%,AddedEvents,added-event ratio,0.2,4,19236,93,35,0.909147739112315,0.265470033465166,0.410944711312047,0.258609448165491,1,0.735961494384598,0.734529966534834,3.3993741
office_spiral_events,24,Added events = 20%,AddedEvents,added-event ratio,0.2,5,19236,93,22,0.942071264846843,0.266694195375177,0.415705025056319,0.262391178177597,1,0.769298827692988,0.733305804624823,3.8472818
office_spiral_events,24,Added events = 30%,AddedEvents,added-event ratio,0.3,1,20839,93,23,0.907897478641384,0.243244752121483,0.383690722557351,0.237386945624932,1,0.784255221482672,0.756755247878517,4.4497034
office_spiral_events,24,Added events = 30%,AddedEvents,added-event ratio,0.3,2,20839,93,48,0.782871431548239,0.249352890422778,0.378234168931843,0.233223663790428,1,0.598615916955017,0.750647109577222,3.0432643
office_spiral_events,24,Added events = 30%,AddedEvents,added-event ratio,0.3,3,20839,93,25,0.882892269222755,0.242557820013739,0.380563165222078,0.234997226844149,1.33333333333333,0.687514751003068,0.757442179986261,3.4298088
office_spiral_events,24,Added events = 30%,AddedEvents,added-event ratio,0.3,4,20839,93,20,0.939779120650135,0.246974426373145,0.391153512575889,0.243126684636119,1,0.781152993348115,0.753025573626855,4.2350454
office_spiral_events,24,Added events = 30%,AddedEvents,added-event ratio,0.3,5,20839,93,23,0.93519483225672,0.243238848842881,0.386064516129032,0.239206907579149,1,0.8150623885918,0.756761151157119,4.4002514
office_spiral_events,24,Full LLGD runtime,Runtime,-,NaN,1,16030,93,37,0.769326943113149,0.307743602567308,0.439628482972136,0.281746031746032,1.5,0.565005417118093,0.692256397432692,1.672571
office_spiral_events,24,Full LLGD runtime,Runtime,-,NaN,2,16030,93,38,0.797666180454261,0.309458367016977,0.445919972042635,0.286935012367888,1.5,0.574451410658307,0.690541632983023,1.617977
office_spiral_events,24,Full LLGD runtime,Runtime,-,NaN,3,16030,93,52,0.672848510106272,0.297001471670346,0.412098781188182,0.25952419225205,1.33333333333333,0.471663053576959,0.702998528329654,1.7858659
office_spiral_events,25,Full LLGD,Full,-,NaN,1,18388,81,17,0.938061177902907,0.365122615803815,0.525647038758368,0.356527271675632,1.25,0.829656067488644,0.634877384196185,3.6558631
office_spiral_events,25,w/o weighted support,Ablation,UseWeights,0,1,18388,81,54,0.973976563688936,0.364568499003133,0.530547956561386,0.361051562676295,1.5,0.81984375,0.635431500996867,3.4258032
office_spiral_events,25,w/o local verification,Ablation,UseVerification,0,1,18388,81,94,0.796834576168011,0.430769230769231,0.559222471430097,0.388139362490734,1.16666666666667,0.422077922077922,0.569230769230769,1.216433
office_spiral_events,25,w/o global expansion,Ablation,UseGlobalExpansion,0,1,18388,81,367,0.610409374524425,0.494818652849741,0.546569462424201,0.376054753422089,4.55555555555556,0.0329094988780853,0.505181347150259,1.2696253
office_spiral_events,25,unit estimation weights,Ablation,UseWeights,0,1,18388,81,11,0.986760006087353,0.368933143669986,0.537066180733869,0.367115841920507,1,0.889728562615669,0.631066856330014,3.8740702
office_spiral_events,25,unit support tests,Ablation,UseMultiplicitySupport,0,1,18388,81,37,0.969715416222797,0.362746214277582,0.527986079463065,0.358682803264847,NaN,0.877746390458255,0.637253785722418,4.1358708
office_spiral_events,25,MAD = 3,Sensitivity,MAD,3,1,18388,81,17,0.756049307563537,0.375084937712344,0.501412999596286,0.334590517241379,1,0.796296296296296,0.624915062287656,3.1478647
office_spiral_events,25,MAD = 3.5,Sensitivity,MAD,3.5,1,18388,81,17,0.938061177902907,0.365122615803815,0.525647038758368,0.356527271675632,1.25,0.829656067488644,0.634877384196185,3.8488902
office_spiral_events,25,MAD = 4,Sensitivity,MAD,4,1,18388,81,13,0.84796834576168,0.377276728282213,0.522211808809747,0.353373921867073,1.33333333333333,0.828966259870783,0.622723271717787,3.5695058
office_spiral_events,25,p_in = 0.7,Sensitivity,p_in,0.7,1,18388,81,16,0.939735200121747,0.365925925925926,0.526742301458671,0.357535753575358,1,0.82834008097166,0.634074074074074,3.6918912
office_spiral_events,25,p_in = 0.8,Sensitivity,p_in,0.8,1,18388,81,17,0.938061177902907,0.365122615803815,0.525647038758368,0.356527271675632,1.25,0.829656067488644,0.634877384196185,3.6818702
office_spiral_events,25,p_in = 0.9,Sensitivity,p_in,0.9,1,18388,81,8,0.982042307106985,0.371502590673575,0.539075226598722,0.368995882891125,1,0.876956454362312,0.628497409326425,3.918408
office_spiral_events,25,p_w = 0.7,Sensitivity,p_w,0.7,1,18388,81,13,0.98097702024045,0.371805964122974,0.539233729295633,0.369144427900584,1,0.854793670493329,0.628194035877026,3.6691581
office_spiral_events,25,p_w = 0.8,Sensitivity,p_w,0.8,1,18388,81,17,0.938061177902907,0.365122615803815,0.525647038758368,0.356527271675632,1.25,0.829656067488644,0.634877384196185,3.993809
office_spiral_events,25,p_w = 0.9,Sensitivity,p_w,0.9,1,18388,81,10,0.982042307106985,0.371139356990855,0.538692712246431,0.368637532133676,1,0.876956454362312,0.628860643009145,3.8370433
office_spiral_events,25,overlap = 0.7,Sensitivity,overlap,0.7,1,18388,81,17,0.938061177902907,0.365122615803815,0.525647038758368,0.356527271675632,1.25,0.829656067488644,0.634877384196185,3.7457756
office_spiral_events,25,overlap = 0.8,Sensitivity,overlap,0.8,1,18388,81,17,0.938061177902907,0.365122615803815,0.525647038758368,0.356527271675632,1.25,0.829656067488644,0.634877384196185,3.7170183
office_spiral_events,25,overlap = 0.9,Sensitivity,overlap,0.9,1,18388,81,17,0.938061177902907,0.365122615803815,0.525647038758368,0.356527271675632,1.25,0.829656067488644,0.634877384196185,3.6817638
office_spiral_events,25,eps_s = 0.015,Sensitivity,eps_s,0.015,1,18388,81,61,0.846142139704763,0.407087421291551,0.549705867813535,0.379030608766787,1.75,0.594244604316547,0.592912578708449,2.1516973
office_spiral_events,25,eps_s = 0.02,Sensitivity,eps_s,0.02,1,18388,81,17,0.938061177902907,0.365122615803815,0.525647038758368,0.356527271675632,1.25,0.829656067488644,0.634877384196185,4.050385
office_spiral_events,25,eps_s = 0.025,Sensitivity,eps_s,0.025,1,18388,81,9,0.968650129356262,0.362059158134243,0.527100327108608,0.357865737096593,NaN,0.891751767478397,0.637940841865757,3.5204461
office_spiral_events,25,eps_t = 0.005,Sensitivity,eps_t,0.005,1,18388,81,3,0.943235428397504,0.367986700706525,0.529426838643547,0.360013940520446,NaN,0.90674411100355,0.632013299293475,5.4615806
office_spiral_events,25,eps_t = 0.01,Sensitivity,eps_t,0.01,1,18388,81,4,0.815705372089484,0.375507916491523,0.514272007675702,0.346141427187601,NaN,0.88955223880597,0.624492083508477,3.4547413
office_spiral_events,25,eps_t = 0.015,Sensitivity,eps_t,0.015,1,18388,81,10,0.824988586212144,0.377796362115827,0.518260038240918,0.349764500935544,1,0.865522966242391,0.622203637884173,3.4754658
office_spiral_events,25,eps_t = 0.02,Sensitivity,eps_t,0.02,1,18388,81,17,0.938061177902907,0.365122615803815,0.525647038758368,0.356527271675632,1.25,0.829656067488644,0.634877384196185,3.7059834
office_spiral_events,25,eps_t = 0.025,Sensitivity,eps_t,0.025,1,18388,81,17,0.938061177902907,0.365122615803815,0.525647038758368,0.356527271675632,1.25,0.829656067488644,0.634877384196185,4.0734809
office_spiral_events,25,Event retention = 25%,Sparsity,retention,0.25,1,4597,76,5,0.0455965021861337,0.33953488372093,0.0803964757709251,0.0418818129661503,1,0.328767123287671,0.66046511627907,0.2814092
office_spiral_events,25,Event retention = 25%,Sparsity,retention,0.25,2,4597,76,10,0.253441802252816,0.659609120521173,0.366184448462929,0.224128389596015,1,0.106172839506173,0.340390879478827,0.2343192
office_spiral_events,25,Event retention = 25%,Sparsity,retention,0.25,3,4597,78,8,0.0869565217391304,0.517985611510791,0.148914167528438,0.0804469273743017,1,0.291666666666667,0.482014388489209,0.3204803
office_spiral_events,25,Event retention = 25%,Sparsity,retention,0.25,4,4597,76,13,0.153943217665615,0.574117647058824,0.242786069651741,0.138165345413364,1,0.139344262295082,0.425882352941176,0.2883993
office_spiral_events,25,Event retention = 25%,Sparsity,retention,0.25,5,4597,77,6,0.141908212560386,0.570388349514563,0.227272727272727,0.128205128205128,1,0.272340425531915,0.429611650485437,0.2570024
office_spiral_events,25,Event retention = 50%,Sparsity,retention,0.5,1,9194,80,13,0.778250303766707,0.40081351689612,0.52912019826518,0.359730412805392,1,0.71935987509758,0.59918648310388,1.1242695
office_spiral_events,25,Event retention = 50%,Sparsity,retention,0.5,2,9194,79,19,0.65427962229668,0.39470782800441,0.492378223495702,0.326592671430743,1,0.61219739292365,0.60529217199559,0.9771792
office_spiral_events,25,Event retention = 50%,Sparsity,retention,0.5,3,9194,80,41,0.444851817904064,0.464285714285714,0.454361054766734,0.293963254593176,1,0.223214285714286,0.535714285714286,0.6739069
office_spiral_events,25,Event retention = 50%,Sparsity,retention,0.5,4,9194,79,25,0.481729598051157,0.471816283924843,0.476721410275727,0.31295746785361,1.33333333333333,0.40960809102402,0.528183716075157,0.6647303
office_spiral_events,25,Event retention = 50%,Sparsity,retention,0.5,5,9194,80,26,0.485509504518542,0.461356233343204,0.473124810203462,0.309864757358791,1.33333333333333,0.483311938382542,0.538643766656796,0.7580702
office_spiral_events,25,Event retention = 75%,Sparsity,retention,0.75,1,13791,81,9,0.93522102261153,0.364596569250318,0.524655733958059,0.355615801704105,NaN,0.869527336092355,0.635403430749682,2.4728804
office_spiral_events,25,Event retention = 75%,Sparsity,retention,0.75,2,13791,81,20,0.868325242718447,0.382245570296501,0.530819165378671,0.361302810974583,1.25,0.688562776613091,0.617754429703499,1.771263
office_spiral_events,25,Event retention = 75%,Sparsity,retention,0.75,3,13791,80,15,0.746783745150092,0.366359447004608,0.49156529336649,0.32587774015327,1,0.776319387476073,0.633640552995392,2.023703
office_spiral_events,25,Event retention = 75%,Sparsity,retention,0.75,4,13791,80,23,0.764099454214676,0.409667280806329,0.53337096091435,0.363671348855109,1.16666666666667,0.675132275132275,0.590332719193671,1.6741465
office_spiral_events,25,Event retention = 75%,Sparsity,retention,0.75,5,13791,81,11,0.84199878616225,0.380682337876155,0.524313429075334,0.355301348813386,1,0.789764536280634,0.619317662123845,2.1689432
office_spiral_events,25,Added events = 5%,AddedEvents,added-event ratio,0.05,1,19307,81,12,0.976868056612388,0.35477809097441,0.520515731430425,0.351822417100575,NaN,0.817105468141455,0.64522190902559,3.5211939
office_spiral_events,25,Added events = 5%,AddedEvents,added-event ratio,0.05,2,19307,81,13,0.77492010348501,0.362833119566766,0.494248968696918,0.328240830271385,1,0.818735271013354,0.637166880433234,3.3064377
office_spiral_events,25,Added events = 5%,AddedEvents,added-event ratio,0.05,3,19307,81,17,0.952823010196317,0.355900409276944,0.518230352191367,0.349737459501732,1,0.812649736463824,0.644099590723056,4.7047285
office_spiral_events,25,Added events = 5%,AddedEvents,added-event ratio,0.05,4,19307,81,12,0.785725155988434,0.361200503707849,0.49489575844716,0.328811616354604,NaN,0.832268061204726,0.638799496292151,3.4836065
office_spiral_events,25,Added events = 5%,AddedEvents,added-event ratio,0.05,5,19307,81,12,0.927712676913712,0.353965857623969,0.512419619215736,0.344465163587049,1,0.806594488188976,0.646034142376031,3.5305824
office_spiral_events,25,Added events = 10%,AddedEvents,added-event ratio,0.1,1,20227,81,12,0.91173337391569,0.343934783856708,0.49945810754481,0.332851825101395,1,0.815389751293607,0.656065216143292,3.6835306
office_spiral_events,25,Added events = 10%,AddedEvents,added-event ratio,0.1,2,20227,81,11,0.925734287018719,0.340060375670841,0.497403818635267,0.331029603831084,NaN,0.830511260891008,0.659939624329159,3.7708977
office_spiral_events,25,Added events = 10%,AddedEvents,added-event ratio,0.1,3,20227,81,18,0.921320955714503,0.341493682310469,0.498292110786452,0.33181693614689,1,0.81219028741328,0.658506317689531,4.3232359
office_spiral_events,25,Added events = 10%,AddedEvents,added-event ratio,0.1,4,20227,81,11,0.935474052655608,0.346017450042218,0.505177514792899,0.337951509153884,1,0.812916870017895,0.653982549957782,3.6530488
office_spiral_events,25,Added events = 10%,AddedEvents,added-event ratio,0.1,5,20227,81,8,0.975041850555471,0.341743119266055,0.506102136735258,0.338779610829103,NaN,0.836897143749024,0.658256880733945,3.8904263
office_spiral_events,25,Added events = 20%,AddedEvents,added-event ratio,0.2,1,22066,81,7,0.944757266778268,0.315687770150013,0.473242872389084,0.309966047533453,NaN,0.874677835051546,0.684312229849987,5.8621983
office_spiral_events,25,Added events = 20%,AddedEvents,added-event ratio,0.2,2,22066,81,9,0.978389894993152,0.316652711421957,0.478455012279527,0.314453411592076,NaN,0.840721729662467,0.683347288578043,4.5411616
office_spiral_events,25,Added events = 20%,AddedEvents,added-event ratio,0.2,3,22066,81,17,0.896058438593821,0.331233123312331,0.483673553209841,0.318977192697329,1,0.76460597826087,0.668766876687669,3.2918831
office_spiral_events,25,Added events = 20%,AddedEvents,added-event ratio,0.2,4,22066,81,14,0.882666260843099,0.322275934878035,0.472158905893846,0.309036658141517,1,0.826034482758621,0.677724065121965,4.2098738
office_spiral_events,25,Added events = 20%,AddedEvents,added-event ratio,0.2,5,22066,81,12,0.927408309237559,0.316587874694789,0.472037180480248,0.308932373517185,1,0.853790613718412,0.683412125305211,5.1100252
office_spiral_events,25,Added events = 30%,AddedEvents,added-event ratio,0.3,1,23904,81,9,0.978542078831228,0.287721496330768,0.444690341989695,0.285917559695851,NaN,0.888802488335925,0.712278503669232,7.1823113
office_spiral_events,25,Added events = 30%,AddedEvents,added-event ratio,0.3,2,23904,81,12,0.981129204078527,0.285821954247207,0.442682047584715,0.284259259259259,1,0.889095703427951,0.714178045752793,6.1930766
office_spiral_events,25,Added events = 30%,AddedEvents,added-event ratio,0.3,3,23904,81,17,0.962867143509359,0.29312022237665,0.449424634180992,0.289843785789546,1,0.79073810652758,0.70687977762335,4.6607215
office_spiral_events,25,Added events = 30%,AddedEvents,added-event ratio,0.3,4,23904,81,12,0.928930147618323,0.291429935545476,0.443669137956098,0.285073790397908,NaN,0.860747051114024,0.708570064454524,6.5510981
office_spiral_events,25,Added events = 30%,AddedEvents,added-event ratio,0.3,5,23904,81,6,0.982346674783138,0.285973772815878,0.442988024568507,0.284511636107193,1,0.903330751355538,0.714026227184122,6.3784438
office_spiral_events,25,Full LLGD runtime,Runtime,-,NaN,1,18388,81,17,0.938061177902907,0.365122615803815,0.525647038758368,0.356527271675632,1.25,0.829656067488644,0.634877384196185,3.6156152
office_spiral_events,25,Full LLGD runtime,Runtime,-,NaN,2,18388,81,17,0.938061177902907,0.365122615803815,0.525647038758368,0.356527271675632,1.25,0.829656067488644,0.634877384196185,3.6239665
office_spiral_events,25,Full LLGD runtime,Runtime,-,NaN,3,18388,81,14,0.938213361740983,0.364965664219749,0.525508247027234,0.356399583766909,1.33333333333333,0.838767234387672,0.635034335780251,3.7787584
office_spiral_events,26,Full LLGD,Full,-,NaN,1,7048,70,25,0.43166860240031,0.655496766607878,0.520541549953315,0.351846008204481,1,0.130044843049327,0.344503233392122,0.5521684
office_spiral_events,26,w/o weighted support,Ablation,UseWeights,0,1,7048,70,323,0.914053426248548,0.398481012658228,0.555007052186178,0.384089799902391,2.17948717948718,0.113087674714104,0.601518987341772,0.641386
office_spiral_events,26,w/o local verification,Ablation,UseVerification,0,1,7048,70,45,0.500580720092915,0.558049201553733,0.527755102040816,0.358469642362074,1.18181818181818,0.116009280742459,0.441950798446267,0.349239
office_spiral_events,26,w/o global expansion,Ablation,UseGlobalExpansion,0,1,7048,70,56,0.235385210994967,0.554238833181404,0.330434782608696,0.197916666666667,3.36363636363636,0.0328947368421053,0.445761166818596,0.4868404
office_spiral_events,26,unit estimation weights,Ablation,UseWeights,0,1,7048,70,27,0.421602787456446,0.622285714285714,0.502654050311563,0.335696670776819,1.125,0.142332415059688,0.377714285714286,0.5228206
office_spiral_events,26,unit support tests,Ablation,UseMultiplicitySupport,0,1,7048,70,303,0.921409214092141,0.39919490103992,0.557050906963136,0.386050283860503,1.80487804878049,0.157142857142857,0.60080509896008,0.7045277
office_spiral_events,26,MAD = 3,Sensitivity,MAD,3,1,7048,70,22,0.401858304297329,0.659047619047619,0.499278499278499,0.332692307692308,1,0.144508670520231,0.340952380952381,0.5516366
office_spiral_events,26,MAD = 3.5,Sensitivity,MAD,3.5,1,7048,70,25,0.43166860240031,0.655496766607878,0.520541549953315,0.351846008204481,1,0.130044843049327,0.344503233392122,0.51706
office_spiral_events,26,MAD = 4,Sensitivity,MAD,4,1,7048,70,26,0.425087108013937,0.648552864737153,0.51356407857811,0.34550031466331,1,0.156648451730419,0.351447135262847,0.5044771
office_spiral_events,26,p_in = 0.7,Sensitivity,p_in,0.7,1,7048,70,32,0.444057297715834,0.610756123535676,0.514234476574759,0.346107423053712,1,0.136006974716652,0.389243876464324,0.4704634
office_spiral_events,26,p_in = 0.8,Sensitivity,p_in,0.8,1,7048,70,25,0.43166860240031,0.655496766607878,0.520541549953315,0.351846008204481,1,0.130044843049327,0.344503233392122,0.5303325
office_spiral_events,26,p_in = 0.9,Sensitivity,p_in,0.9,1,7048,70,20,0.416957026713124,0.668114143920596,0.513468414779499,0.345413726747915,1,0.117920148560817,0.331885856079404,0.5363152
office_spiral_events,26,p_w = 0.7,Sensitivity,p_w,0.7,1,7048,70,25,0.43166860240031,0.655496766607878,0.520541549953315,0.351846008204481,1,0.130044843049327,0.344503233392122,0.4956649
office_spiral_events,26,p_w = 0.8,Sensitivity,p_w,0.8,1,7048,70,25,0.43166860240031,0.655496766607878,0.520541549953315,0.351846008204481,1,0.130044843049327,0.344503233392122,0.5198704
office_spiral_events,26,p_w = 0.9,Sensitivity,p_w,0.9,1,7048,70,28,0.43283004258614,0.621111111111111,0.510152863335615,0.342419601837672,1,0.129695885509839,0.378888888888889,0.4982316
office_spiral_events,26,overlap = 0.7,Sensitivity,overlap,0.7,1,7048,70,25,0.43166860240031,0.655496766607878,0.520541549953315,0.351846008204481,1,0.130044843049327,0.344503233392122,0.508894
office_spiral_events,26,overlap = 0.8,Sensitivity,overlap,0.8,1,7048,70,25,0.43166860240031,0.655496766607878,0.520541549953315,0.351846008204481,1,0.130044843049327,0.344503233392122,0.5148216
office_spiral_events,26,overlap = 0.9,Sensitivity,overlap,0.9,1,7048,70,25,0.43205574912892,0.652250146113384,0.519795062878435,0.351164254247955,1,0.14426523297491,0.347749853886616,0.4922698
office_spiral_events,26,eps_s = 0.015,Sensitivity,eps_s,0.015,1,7048,70,28,0.290360046457607,0.564334085778781,0.383435582822086,0.23719165085389,1.14285714285714,0.0853333333333334,0.435665914221219,0.4277164
office_spiral_events,26,eps_s = 0.02,Sensitivity,eps_s,0.02,1,7048,70,25,0.43166860240031,0.655496766607878,0.520541549953315,0.351846008204481,1,0.130044843049327,0.344503233392122,0.5042008
office_spiral_events,26,eps_s = 0.025,Sensitivity,eps_s,0.025,1,7048,70,20,0.442895857530004,0.558321132259639,0.493955094991364,0.327981651376147,1,0.222027972027972,0.441678867740361,0.5255916
office_spiral_events,26,eps_t = 0.005,Sensitivity,eps_t,0.005,1,7048,70,6,0.335269066976384,0.434085213032581,0.378331148973351,0.233297413793103,NaN,0.812933025404157,0.565914786967419,0.4595216
office_spiral_events,26,eps_t = 0.01,Sensitivity,eps_t,0.01,1,7048,70,19,0.290360046457607,0.607779578606159,0.392978779145926,0.244538637104663,1,0.138666666666667,0.392220421393841,0.4326583
office_spiral_events,26,eps_t = 0.015,Sensitivity,eps_t,0.015,1,7048,70,22,0.411149825783972,0.658808933002481,0.506317044100119,0.338972231088414,1,0.130885122410546,0.341191066997519,0.4938491
office_spiral_events,26,eps_t = 0.02,Sensitivity,eps_t,0.02,1,7048,70,25,0.43166860240031,0.655496766607878,0.520541549953315,0.351846008204481,1,0.130044843049327,0.344503233392122,0.5888255
office_spiral_events,26,eps_t = 0.025,Sensitivity,eps_t,0.025,1,7048,70,25,0.43166860240031,0.655496766607878,0.520541549953315,0.351846008204481,1,0.130044843049327,0.344503233392122,0.5027334
office_spiral_events,26,Event retention = 25%,Sparsity,retention,0.25,1,1762,61,1,0.00909090909090909,1,0.018018018018018,0.00909090909090909,1,0,0,0.0556437
office_spiral_events,26,Event retention = 25%,Sparsity,retention,0.25,2,1762,64,3,0.043609022556391,0.308510638297872,0.0764163372859025,0.0397260273972603,NaN,0.517241379310345,0.691489361702128,0.0545674
office_spiral_events,26,Event retention = 25%,Sparsity,retention,0.25,3,1762,62,1,0.0348101265822785,1,0.0672782874617737,0.0348101265822785,1,0.318181818181818,0,0.0558451
office_spiral_events,26,Event retention = 25%,Sparsity,retention,0.25,4,1762,60,2,0.0468521229868228,0.359550561797753,0.0829015544041451,0.0432432432432432,NaN,0.5,0.640449438202247,0.0571918
office_spiral_events,26,Event retention = 25%,Sparsity,retention,0.25,5,1762,59,4,0.080824088748019,0.401574803149606,0.134564643799472,0.0721357850070721,1,0.0588235294117647,0.598425196850394,0.0578955
office_spiral_events,26,Event retention = 50%,Sparsity,retention,0.5,1,3524,65,10,0.194099378881988,0.612745098039216,0.294811320754717,0.172890733056708,1.2,0.176,0.387254901960784,0.1728764
office_spiral_events,26,Event retention = 50%,Sparsity,retention,0.5,2,3524,64,5,0.0906976744186047,0.410526315789474,0.148571428571429,0.0802469135802469,1,0.299145299145299,0.589473684210526,0.1893102
office_spiral_events,26,Event retention = 50%,Sparsity,retention,0.5,3,3524,65,6,0.11043412033511,0.416666666666667,0.174593618302228,0.095646437994723,1,0.317241379310345,0.583333333333333,0.166004
office_spiral_events,26,Event retention = 50%,Sparsity,retention,0.5,4,3524,66,6,0.0814229249011858,0.325949367088608,0.130297280202404,0.0696887686062246,1,0.145631067961165,0.674050632911392,0.2160233
office_spiral_events,26,Event retention = 50%,Sparsity,retention,0.5,5,3524,68,11,0.216923076923077,0.593684210526316,0.317746478873239,0.188881446751507,1.33333333333333,0.124113475177305,0.406315789473684,0.1691891
office_spiral_events,26,Event retention = 75%,Sparsity,retention,0.75,1,5286,69,12,0.27683615819209,0.602234636871508,0.379310344827586,0.234042553191489,1,0.0927643784786641,0.397765363128492,0.2869935
office_spiral_events,26,Event retention = 75%,Sparsity,retention,0.75,2,5286,70,12,0.274226804123711,0.609392898052692,0.378243867756843,0.233231039017975,1,0.075187969924812,0.390607101947308,0.2690273
office_spiral_events,26,Event retention = 75%,Sparsity,retention,0.75,3,5286,67,13,0.292268041237113,0.634938409854423,0.400282386163078,0.250220653133275,1.14285714285714,0.0670194003527337,0.365061590145577,0.2785348
office_spiral_events,26,Event retention = 75%,Sparsity,retention,0.75,4,5286,69,17,0.275718015665796,0.602739726027397,0.37835901110713,0.233318603623509,1.75,0.0871212121212122,0.397260273972603,0.3350827
office_spiral_events,26,Event retention = 75%,Sparsity,retention,0.75,5,5286,69,11,0.268805891635981,0.606888361045131,0.372584761210354,0.228942652329749,1.25,0.0802348336594912,0.393111638954869,0.3040571
office_spiral_events,26,Added events = 5%,AddedEvents,added-event ratio,0.05,1,7400,70,28,0.456445993031359,0.623150105708245,0.526927374301676,0.357706310679612,1,0.137404580152672,0.376849894291755,0.5273256
office_spiral_events,26,Added events = 5%,AddedEvents,added-event ratio,0.05,2,7400,70,26,0.447541618273326,0.637265711135612,0.525813054355242,0.356680037025609,1.25,0.139273356401384,0.362734288864388,0.5436549
office_spiral_events,26,Added events = 5%,AddedEvents,added-event ratio,0.05,3,7400,70,27,0.411536972512582,0.600564971751412,0.488398805421548,0.323100303951368,1.14285714285714,0.129821260583255,0.399435028248588,0.5266336
office_spiral_events,26,Added events = 5%,AddedEvents,added-event ratio,0.05,4,7400,70,30,0.437088656600852,0.601171458998935,0.506164537099305,0.338835534213685,1,0.134632418069088,0.398828541001065,0.4907417
office_spiral_events,26,Added events = 5%,AddedEvents,added-event ratio,0.05,5,7400,70,31,0.463414634146341,0.632329635499208,0.53485254691689,0.365050320219579,1,0.131996658312448,0.367670364500792,0.5121117
office_spiral_events,26,Added events = 10%,AddedEvents,added-event ratio,0.1,1,7753,70,31,0.423151374370887,0.611639619473979,0.500228832951945,0.33353677143729,1,0.0988106129917657,0.388360380526021,0.5462551
office_spiral_events,26,Added events = 10%,AddedEvents,added-event ratio,0.1,2,7753,70,31,0.391405342624855,0.612356147789219,0.477562588568729,0.31368290412659,1,0.0929772502472799,0.387643852210781,0.6057075
office_spiral_events,26,Added events = 10%,AddedEvents,added-event ratio,0.1,3,7753,70,33,0.468447541618273,0.625,0.535516707236114,0.365669386521608,1.2,0.13801652892562,0.375,0.6395346
office_spiral_events,26,Added events = 10%,AddedEvents,added-event ratio,0.1,4,7753,70,28,0.444831591173055,0.57825868142929,0.502844638949672,0.335866705641625,1,0.145343777197563,0.42174131857071,0.5344484
office_spiral_events,26,Added events = 10%,AddedEvents,added-event ratio,0.1,5,7753,70,27,0.426635694928378,0.62119503945885,0.505852650906587,0.338556067588326,1,0.15426497277677,0.37880496054115,0.5952039
office_spiral_events,26,Added events = 20%,AddedEvents,added-event ratio,0.2,1,8458,70,33,0.457994579945799,0.562529719448407,0.504908237302603,0.337710533828147,1,0.143702451394759,0.437470280551593,0.5831523
office_spiral_events,26,Added events = 20%,AddedEvents,added-event ratio,0.2,2,8458,70,29,0.45876887340302,0.593687374749499,0.517580257698187,0.349145550972304,1,0.132489451476793,0.406312625250501,0.5915029
office_spiral_events,26,Added events = 20%,AddedEvents,added-event ratio,0.2,3,8458,70,30,0.442895857530004,0.586365966171194,0.504631671812969,0.337463126843658,1.11111111111111,0.124125874125874,0.413634033828806,0.6476135
office_spiral_events,26,Added events = 20%,AddedEvents,added-event ratio,0.2,4,8458,70,36,0.493999225706543,0.600470588235294,0.542056074766355,0.371794871794872,1,0.108934169278997,0.399529411764706,0.5999764
office_spiral_events,26,Added events = 20%,AddedEvents,added-event ratio,0.2,5,8458,70,32,0.45915602013163,0.584524396254313,0.514310494362533,0.346176298890835,1,0.143338954468803,0.415475603745688,0.6889226
office_spiral_events,26,Added events = 30%,AddedEvents,added-event ratio,0.3,1,9162,70,17,0.505613627564847,0.365212527964206,0.424094820587758,0.269111889552854,1,0.679938744257274,0.634787472035794,0.7841002
office_spiral_events,26,Added events = 30%,AddedEvents,added-event ratio,0.3,2,9162,70,20,0.767711962833914,0.349550502379693,0.480377906976744,0.31611669057867,1,0.676752395360565,0.650449497620307,0.9731952
office_spiral_events,26,Added events = 30%,AddedEvents,added-event ratio,0.3,3,9162,70,39,0.474641889276036,0.416157501697217,0.44347983360463,0.28491749941901,1.2,0.207177814029364,0.583842498302783,0.6255526
office_spiral_events,26,Added events = 30%,AddedEvents,added-event ratio,0.3,4,9162,70,47,0.479674796747967,0.502433090024331,0.490790255496138,0.325196850393701,1,0.150121065375303,0.497566909975669,0.6734965
office_spiral_events,26,Added events = 30%,AddedEvents,added-event ratio,0.3,5,9162,70,39,0.482771970576849,0.542645778938207,0.510960868674452,0.34314804623005,1.375,0.120288692862871,0.457354221061793,0.6642491
office_spiral_events,26,Full LLGD runtime,Runtime,-,NaN,1,7048,70,25,0.43166860240031,0.655496766607878,0.520541549953315,0.351846008204481,1,0.130044843049327,0.344503233392122,0.5206248
office_spiral_events,26,Full LLGD runtime,Runtime,-,NaN,2,7048,70,24,0.414246999612853,0.650060753341434,0.506029794277607,0.338714783159228,1,0.135514018691589,0.349939246658566,0.5064344
office_spiral_events,26,Full LLGD runtime,Runtime,-,NaN,3,7048,70,25,0.43244289585753,0.653981264637002,0.520624563038919,0.351921865154379,1.125,0.127126230975828,0.346018735362998,0.5161998
office_spiral_events,27,Full LLGD,Full,-,NaN,1,8990,68,29,0.3992506244796,0.300250469630557,0.342744817726948,0.206814750916541,1.33333333333333,0.537017726798749,0.699749530369443,0.721844
office_spiral_events,27,w/o weighted support,Ablation,UseWeights,0,1,8990,68,184,0.933805162364696,0.273937469467513,0.423607176581681,0.26871930034743,1.92307692307692,0.682567989300045,0.726062530532487,1.0320434
office_spiral_events,27,w/o local verification,Ablation,UseVerification,0,1,8990,68,89,0.508326394671107,0.352992194275802,0.416652448387647,0.263146551724138,1.11111111111111,0.14987714987715,0.647007805724198,0.489218
office_spiral_events,27,w/o global expansion,Ablation,UseGlobalExpansion,0,1,8990,68,67,0.160283097418818,0.33161068044789,0.216110019646365,0.121145374449339,1.57142857142857,0.0441558441558442,0.66838931955211,0.7044846
office_spiral_events,27,unit estimation weights,Ablation,UseWeights,0,1,8990,68,45,0.413405495420483,0.374293252921221,0.392878338278932,0.244460856720827,1.11111111111111,0.277945619335347,0.625706747078779,0.7581002
office_spiral_events,27,unit support tests,Ablation,UseMultiplicitySupport,0,1,8990,68,188,0.915903413821815,0.272952853598015,0.420569680749379,0.266279351246672,1.35294117647059,0.6,0.727047146401985,0.9590497
office_spiral_events,27,MAD = 3,Sensitivity,MAD,3,1,8990,68,49,0.356786011656953,0.329869130100077,0.3428,0.206854936036688,1.44444444444444,0.159859976662777,0.670130869899923,0.6884428
office_spiral_events,27,MAD = 3.5,Sensitivity,MAD,3.5,1,8990,68,29,0.3992506244796,0.300250469630557,0.342744817726948,0.206814750916541,1.33333333333333,0.537017726798749,0.699749530369443,0.7510025
office_spiral_events,27,MAD = 4,Sensitivity,MAD,4,1,8990,68,42,0.396336386344713,0.367283950617284,0.381257509010813,0.235526966848095,1.14285714285714,0.273109243697479,0.632716049382716,0.665868
office_spiral_events,27,p_in = 0.7,Sensitivity,p_in,0.7,1,8990,68,28,0.397585345545379,0.311074918566775,0.349049707602339,0.211423511179987,1.2,0.542408376963351,0.688925081433225,0.7833583
office_spiral_events,27,p_in = 0.8,Sensitivity,p_in,0.8,1,8990,68,29,0.3992506244796,0.300250469630557,0.342744817726948,0.206814750916541,1.33333333333333,0.537017726798749,0.699749530369443,0.7421145
office_spiral_events,27,p_in = 0.9,Sensitivity,p_in,0.9,1,8990,68,41,0.371357202331391,0.356942777110844,0.364007345439706,0.222499376403093,1.1,0.214125560538117,0.643057222889156,0.73044
office_spiral_events,27,p_w = 0.7,Sensitivity,p_w,0.7,1,8990,68,29,0.3992506244796,0.300250469630557,0.342744817726948,0.206814750916541,1.33333333333333,0.537017726798749,0.699749530369443,0.7351046
office_spiral_events,27,p_w = 0.8,Sensitivity,p_w,0.8,1,8990,68,29,0.3992506244796,0.300250469630557,0.342744817726948,0.206814750916541,1.33333333333333,0.537017726798749,0.699749530369443,0.7964513
office_spiral_events,27,p_w = 0.9,Sensitivity,p_w,0.9,1,8990,68,29,0.3992506244796,0.300250469630557,0.342744817726948,0.206814750916541,1.33333333333333,0.537017726798749,0.699749530369443,0.7239939
office_spiral_events,27,overlap = 0.7,Sensitivity,overlap,0.7,1,8990,68,29,0.3992506244796,0.300250469630557,0.342744817726948,0.206814750916541,1.33333333333333,0.537017726798749,0.699749530369443,0.7489137
office_spiral_events,27,overlap = 0.8,Sensitivity,overlap,0.8,1,8990,68,29,0.3992506244796,0.300250469630557,0.342744817726948,0.206814750916541,1.33333333333333,0.537017726798749,0.699749530369443,0.7701763
office_spiral_events,27,overlap = 0.9,Sensitivity,overlap,0.9,1,8990,68,29,0.398834304746045,0.300031318509239,0.342448614834674,0.206599094241967,1.33333333333333,0.536534446764092,0.699968681490761,0.7842125
office_spiral_events,27,eps_s = 0.015,Sensitivity,eps_s,0.015,1,8990,68,45,0.285179017485429,0.371072589382449,0.322504708097928,0.192253718776312,1,0.144525547445255,0.628927410617551,0.6529448
office_spiral_events,27,eps_s = 0.02,Sensitivity,eps_s,0.02,1,8990,68,29,0.3992506244796,0.300250469630557,0.342744817726948,0.206814750916541,1.33333333333333,0.537017726798749,0.699749530369443,0.7934588
office_spiral_events,27,eps_s = 0.025,Sensitivity,eps_s,0.025,1,8990,68,8,0.577851790174854,0.276218905472637,0.373771374713882,0.229839377380361,1,0.904178674351585,0.723781094527363,1.1290905
office_spiral_events,27,eps_t = 0.005,Sensitivity,eps_t,0.005,1,8990,68,11,0.519983347210658,0.301472363021965,0.381665393430099,0.23583836858006,1,0.880704563650921,0.698527636978035,1.0356336
office_spiral_events,27,eps_t = 0.01,Sensitivity,eps_t,0.01,1,8990,68,27,0.543713572023314,0.29974753270599,0.386447699363811,0.239501192004401,1,0.653905053598775,0.70025246729401,0.8871048
office_spiral_events,27,eps_t = 0.015,Sensitivity,eps_t,0.015,1,8990,68,21,0.596169858451291,0.31239092495637,0.409962782708274,0.257832193014044,1,0.745111731843575,0.68760907504363,0.9275547
office_spiral_events,27,eps_t = 0.02,Sensitivity,eps_t,0.02,1,8990,68,29,0.3992506244796,0.300250469630557,0.342744817726948,0.206814750916541,1.33333333333333,0.537017726798749,0.699749530369443,0.7378333
office_spiral_events,27,eps_t = 0.025,Sensitivity,eps_t,0.025,1,8990,68,29,0.3992506244796,0.300250469630557,0.342744817726948,0.206814750916541,1.33333333333333,0.537017726798749,0.699749530369443,0.7517731
office_spiral_events,27,Event retention = 25%,Sparsity,retention,0.25,1,2248,67,2,0.0213464696223317,0.168831168831169,0.0379008746355685,0.0193164933135215,1,0,0.831168831168831,0.0800138
office_spiral_events,27,Event retention = 25%,Sparsity,retention,0.25,2,2248,65,2,0.0498338870431894,0.29126213592233,0.0851063829787234,0.0444444444444444,1,0.0333333333333333,0.70873786407767,0.0771763
office_spiral_events,27,Event retention = 25%,Sparsity,retention,0.25,3,2248,64,1,0,0,0,0,NaN,NaN,1,0.076024
office_spiral_events,27,Event retention = 25%,Sparsity,retention,0.25,4,2248,67,1,0,0,0,0,NaN,NaN,1,0.0714095
office_spiral_events,27,Event retention = 25%,Sparsity,retention,0.25,5,2248,66,3,0.00834724540901502,0.0714285714285714,0.0149476831091181,0.00753012048192771,1,0,0.928571428571429,0.0705743
office_spiral_events,27,Event retention = 50%,Sparsity,retention,0.5,1,4495,67,5,0.0235096557514694,0.150537634408602,0.0406681190994916,0.0207561156412157,1,0.0357142857142857,0.849462365591398,0.2721584
office_spiral_events,27,Event retention = 50%,Sparsity,retention,0.5,2,4495,68,8,0.0226700251889169,0.103053435114504,0.037164487267722,0.0189340813464236,NaN,0.148148148148148,0.896946564885496,0.2232066
office_spiral_events,27,Event retention = 50%,Sparsity,retention,0.5,3,4495,68,10,0.0757446808510638,0.32129963898917,0.122589531680441,0.0652971386647102,1,0.0112359550561798,0.67870036101083,0.2264926
office_spiral_events,27,Event retention = 50%,Sparsity,retention,0.5,4,4495,68,9,0.124302788844622,0.410526315789474,0.190825688073395,0.105476673427992,1,0.0897435897435898,0.589473684210526,0.2470636
office_spiral_events,27,Event retention = 50%,Sparsity,retention,0.5,5,4495,68,8,0.0312236286919831,0.116352201257862,0.0492348636061211,0.0252387448840382,1,0.216216216216216,0.883647798742138,0.2952053
office_spiral_events,27,Event retention = 75%,Sparsity,retention,0.75,1,6743,68,16,0.211719181868436,0.414054054054054,0.280175566934894,0.162909400255211,1,0.101827676240209,0.585945945945946,0.5730803
office_spiral_events,27,Event retention = 75%,Sparsity,retention,0.75,2,6743,68,25,0.179389312977099,0.298007246376812,0.223961878829135,0.126101954771943,1,0.158054711246201,0.701992753623188,0.5136596
office_spiral_events,27,Event retention = 75%,Sparsity,retention,0.75,3,6743,68,24,0.292494481236203,0.260058881256133,0.275324675324675,0.159638554216867,1,0.522641509433962,0.739941118743867,0.4474163
office_spiral_events,27,Event retention = 75%,Sparsity,retention,0.75,4,6743,68,22,0.180851063829787,0.309090909090909,0.228187919463087,0.128787878787879,1,0.105263157894737,0.690909090909091,0.489798
office_spiral_events,27,Event retention = 75%,Sparsity,retention,0.75,5,6743,68,16,0.342403628117914,0.277701149425287,0.306676821528307,0.181109445277361,1.25,0.612582781456954,0.722298850574713,0.5315211
office_spiral_events,27,Added events = 5%,AddedEvents,added-event ratio,0.05,1,9440,68,20,0.416736053288926,0.295106132075472,0.345529858474284,0.208846234091383,1,0.74025974025974,0.704893867924528,0.8429158
office_spiral_events,27,Added events = 5%,AddedEvents,added-event ratio,0.05,2,9440,68,42,0.375520399666944,0.301571380809094,0.334507695160393,0.20084613671788,1.28571428571429,0.348115299334812,0.698428619190906,0.7495455
office_spiral_events,27,Added events = 5%,AddedEvents,added-event ratio,0.05,3,9440,68,28,0.433388842631141,0.302440441603719,0.356262833675565,0.216739537788882,1,0.639769452449568,0.697559558396281,0.7986711
office_spiral_events,27,Added events = 5%,AddedEvents,added-event ratio,0.05,4,9440,68,48,0.374271440466278,0.365893365893366,0.370034986622762,0.227020202020202,1.27272727272727,0.126807563959956,0.634106634106634,0.7690282
office_spiral_events,27,Added events = 5%,AddedEvents,added-event ratio,0.05,5,9440,68,41,0.398001665278934,0.333798882681564,0.363083934675275,0.221809744779582,1.2,0.278242677824268,0.666201117318436,0.7459571
office_spiral_events,27,Added events = 10%,AddedEvents,added-event ratio,0.1,1,9889,68,45,0.416736053288926,0.318485523385301,0.361045987376014,0.220290492957746,1.14285714285714,0.35964035964036,0.681514476614699,0.7801299
office_spiral_events,27,Added events = 10%,AddedEvents,added-event ratio,0.1,2,9889,68,39,0.378434637801832,0.274954627949183,0.318500350385424,0.189414461346114,1.16666666666667,0.380638063806381,0.725045372050817,0.7590403
office_spiral_events,27,Added events = 10%,AddedEvents,added-event ratio,0.1,3,9889,68,50,0.437552039966694,0.353872053872054,0.391288160833954,0.243230733626475,1,0.190294957183635,0.646127946127946,0.8980619
office_spiral_events,27,Added events = 10%,AddedEvents,added-event ratio,0.1,4,9889,68,46,0.393838467943381,0.358877086494689,0.375545851528384,0.231182795698925,1,0.192389006342495,0.641122913505311,0.9478226
office_spiral_events,27,Added events = 10%,AddedEvents,added-event ratio,0.1,5,9889,68,44,0.433805162364696,0.32210200927357,0.369700195139258,0.226768226332971,1.33333333333333,0.380038387715931,0.67789799072643,0.7257179
office_spiral_events,27,Added events = 20%,AddedEvents,added-event ratio,0.2,1,10788,68,48,0.446711074104913,0.286438868126001,0.349056603773585,0.211428571428571,1.2,0.439888164026095,0.713561131873999,0.9637631
office_spiral_events,27,Added events = 20%,AddedEvents,added-event ratio,0.2,2,10788,68,18,0.485428809325562,0.254252071522024,0.333714939896966,0.200274819649605,1,0.822469982847341,0.745747928477976,1.0618029
office_spiral_events,27,Added events = 20%,AddedEvents,added-event ratio,0.2,3,10788,68,56,0.525395503746878,0.315894868585732,0.394559949976552,0.245764362220058,1,0.33122028526149,0.684105131414268,0.8005399
office_spiral_events,27,Added events = 20%,AddedEvents,added-event ratio,0.2,4,10788,68,64,0.452955870108243,0.286466561348078,0.350967741935484,0.21283255086072,1.375,0.263786764705882,0.713533438651922,0.9098936
office_spiral_events,27,Added events = 20%,AddedEvents,added-event ratio,0.2,5,10788,68,30,0.422148209825146,0.245937424205675,0.310804597701149,0.183995645073489,1.5,0.651873767258383,0.754062575794325,1.0720123
office_spiral_events,27,Added events = 30%,AddedEvents,added-event ratio,0.3,1,11687,68,38,0.818484596169858,0.245811452863216,0.378076923076923,0.233104102442495,1,0.677517802644964,0.754188547136784,1.3110744
office_spiral_events,27,Added events = 30%,AddedEvents,added-event ratio,0.3,2,11687,68,49,0.589508742714405,0.253899946207639,0.354931695701216,0.215754990095993,1.125,0.443502824858757,0.746100053792361,1.016461
office_spiral_events,27,Added events = 30%,AddedEvents,added-event ratio,0.3,3,11687,68,61,0.515403830141549,0.308497383503613,0.385970381917381,0.239134633957891,1.33333333333333,0.197092084006462,0.691502616496387,0.9512721
office_spiral_events,27,Added events = 30%,AddedEvents,added-event ratio,0.3,4,11687,68,24,0.940882597835137,0.239254710988778,0.381498987170831,0.235711305798915,NaN,0.89646017699115,0.760745289011222,1.9367685
office_spiral_events,27,Added events = 30%,AddedEvents,added-event ratio,0.3,5,11687,68,66,0.514571190674438,0.290823529411765,0.371617558628984,0.22821270310192,1.2,0.23462783171521,0.709176470588235,0.9459984
office_spiral_events,27,Full LLGD runtime,Runtime,-,NaN,1,8990,68,29,0.3992506244796,0.300250469630557,0.342744817726948,0.206814750916541,1.33333333333333,0.537017726798749,0.699749530369443,0.7512836
office_spiral_events,27,Full LLGD runtime,Runtime,-,NaN,2,8990,68,26,0.406328059950042,0.299662265888855,0.344937268068563,0.208413410207132,1.16666666666667,0.618852459016394,0.700337734111145,0.778256
office_spiral_events,27,Full LLGD runtime,Runtime,-,NaN,3,8990,68,26,0.406744379683597,0.299693251533742,0.345107735782409,0.208537886872999,1.2,0.616171954964176,0.700306748466258,0.7281097
office_spiral_events,28,Full LLGD,Full,-,NaN,1,19458,74,15,0.967342516638291,0.338203463203463,0.501182791387675,0.334385533144294,1.33333333333333,0.88384,0.661796536796537,5.2903692
office_spiral_events,28,w/o weighted support,Ablation,UseWeights,0,1,19458,74,100,0.980034050456586,0.337364803665619,0.501942132382085,0.335061911313366,1.5,0.804327226784586,0.662635196334381,4.3970989
office_spiral_events,28,w/o local verification,Ablation,UseVerification,0,1,19458,74,34,0.902801423928185,0.343137831637155,0.497271952259164,0.330912804220798,1.2,0.758443339619407,0.656862168362845,2.897785
office_spiral_events,28,w/o global expansion,Ablation,UseGlobalExpansion,0,1,19458,74,484,0.685188051385235,0.43944808417709,0.535470214696099,0.365626032375289,4.30952380952381,0.0343347639484979,0.56055191582291,1.3895336
office_spiral_events,28,unit estimation weights,Ablation,UseWeights,0,1,19458,74,12,0.984677294536449,0.338080561164842,0.503342695518019,0.336311254427235,1,0.881798176674002,0.661919438835158,3.937485
office_spiral_events,28,unit support tests,Ablation,UseMultiplicitySupport,0,1,19458,74,46,0.978795852035289,0.335455124124761,0.499664204163868,0.333034914950761,1,0.888678051865908,0.664544875875239,5.2056582
office_spiral_events,28,MAD = 3,Sensitivity,MAD,3,1,19458,74,60,0.800804828973843,0.367445493927988,0.503748417875572,0.336673607496096,1.45454545454545,0.482798608426749,0.632554506072012,1.9992149
office_spiral_events,28,MAD = 3.5,Sensitivity,MAD,3.5,1,19458,74,15,0.967342516638291,0.338203463203463,0.501182791387675,0.334385533144294,1.33333333333333,0.88384,0.661796536796537,5.2458334
office_spiral_events,28,MAD = 4,Sensitivity,MAD,4,1,19458,74,19,0.975390806376722,0.337890729719586,0.5019114367633,0.335034556087188,1,0.821326562995874,0.662109270280414,3.4643739
office_spiral_events,28,p_in = 0.7,Sensitivity,p_in,0.7,1,19458,74,17,0.968116390651602,0.338364167478092,0.501463101775765,0.334635138026963,1.5,0.882014388489209,0.661635832521908,5.2729495
office_spiral_events,28,p_in = 0.8,Sensitivity,p_in,0.8,1,19458,74,15,0.967342516638291,0.338203463203463,0.501182791387675,0.334385533144294,1.33333333333333,0.88384,0.661796536796537,5.2695772
office_spiral_events,28,p_in = 0.9,Sensitivity,p_in,0.9,1,19458,74,11,0.967806841046278,0.33851234300563,0.501584245778687,0.334743040685225,1,0.904046057892212,0.66148765699437,5.3676679
office_spiral_events,28,p_w = 0.7,Sensitivity,p_w,0.7,1,19458,74,14,0.966723417427643,0.336548305404386,0.499280575539568,0.332694151486098,1,0.886807556836375,0.663451694595614,5.4649432
office_spiral_events,28,p_w = 0.8,Sensitivity,p_w,0.8,1,19458,74,15,0.967342516638291,0.338203463203463,0.501182791387675,0.334385533144294,1.33333333333333,0.88384,0.661796536796537,5.3431218
office_spiral_events,28,p_w = 0.9,Sensitivity,p_w,0.9,1,19458,74,17,0.966878192230305,0.339123826068075,0.502130053854192,0.335229407029783,1.25,0.880742756523131,0.660876173931926,5.4790693
office_spiral_events,28,overlap = 0.7,Sensitivity,overlap,0.7,1,19458,74,15,0.967342516638291,0.338203463203463,0.501182791387675,0.334385533144294,1.33333333333333,0.88384,0.661796536796537,5.3727962
office_spiral_events,28,overlap = 0.8,Sensitivity,overlap,0.8,1,19458,74,15,0.967342516638291,0.338203463203463,0.501182791387675,0.334385533144294,1.33333333333333,0.88384,0.661796536796537,5.3159292
office_spiral_events,28,overlap = 0.9,Sensitivity,overlap,0.9,1,19458,74,15,0.967342516638291,0.338203463203463,0.501182791387675,0.334385533144294,1.33333333333333,0.88384,0.661796536796537,5.3365175
office_spiral_events,28,eps_s = 0.015,Sensitivity,eps_s,0.015,1,19458,74,40,0.92942268998607,0.348681918476367,0.507114808090191,0.339687747482747,1,0.718401332223147,0.651318081523633,3.4250248
office_spiral_events,28,eps_s = 0.02,Sensitivity,eps_s,0.02,1,19458,74,15,0.967342516638291,0.338203463203463,0.501182791387675,0.334385533144294,1.33333333333333,0.88384,0.661796536796537,5.258327
office_spiral_events,28,eps_s = 0.025,Sensitivity,eps_s,0.025,1,19458,74,24,0.836093483980808,0.34869610121353,0.492142304013119,0.326385112682013,1,0.804887078859682,0.65130389878647,3.0793464
office_spiral_events,28,eps_t = 0.005,Sensitivity,eps_t,0.005,1,19458,74,3,0.992880359077542,0.34264501655806,0.509470674661478,0.341805200341006,1,0.902416212003118,0.65735498344194,6.4543328
office_spiral_events,28,eps_t = 0.01,Sensitivity,eps_t,0.01,1,19458,74,10,0.971366661507507,0.341086956521739,0.504887172680101,0.337691686844229,1,0.911567877629063,0.658913043478261,4.0124559
office_spiral_events,28,eps_t = 0.015,Sensitivity,eps_t,0.015,1,19458,74,21,0.915647732549141,0.340724529171226,0.496642041638684,0.330355148536967,1.57142857142857,0.810344827586207,0.659275470828774,3.834501
office_spiral_events,28,eps_t = 0.02,Sensitivity,eps_t,0.02,1,19458,74,15,0.967342516638291,0.338203463203463,0.501182791387675,0.334385533144294,1.33333333333333,0.88384,0.661796536796537,5.3214067
office_spiral_events,28,eps_t = 0.025,Sensitivity,eps_t,0.025,1,19458,74,15,0.967342516638291,0.338203463203463,0.501182791387675,0.334385533144294,1.33333333333333,0.88384,0.661796536796537,5.2906356
office_spiral_events,28,Event retention = 25%,Sparsity,retention,0.25,1,4865,73,5,0.0416141235813367,0.640776699029126,0.0781527531083481,0.0406654343807763,1,0,0.359223300970874,0.2859308
office_spiral_events,28,Event retention = 25%,Sparsity,retention,0.25,2,4865,72,10,0.0958646616541353,0.564575645756458,0.163899303695769,0.0892648774795799,1,0.0196078431372549,0.435424354243542,0.3292433
office_spiral_events,28,Event retention = 25%,Sparsity,retention,0.25,3,4865,73,9,0.119412124923454,0.836909871244635,0.209003215434084,0.116696588868941,1.16666666666667,0.0153846153846153,0.163090128755365,0.3479875
office_spiral_events,28,Event retention = 25%,Sparsity,retention,0.25,4,4865,73,8,0.142948717948718,0.612637362637363,0.231808731808732,0.131099353321576,1,0.0448430493273543,0.387362637362637,0.3106414
office_spiral_events,28,Event retention = 25%,Sparsity,retention,0.25,5,4865,72,5,0.0968553459119497,0.747572815533981,0.171492204899777,0.0937880633373934,1,0.0194805194805194,0.252427184466019,0.3599697
office_spiral_events,28,Event retention = 50%,Sparsity,retention,0.5,1,9729,74,42,0.463741051976346,0.419600112644326,0.440567711413365,0.28251801289344,1.27272727272727,0.251006711409396,0.580399887355674,0.7592278
office_spiral_events,28,Event retention = 50%,Sparsity,retention,0.5,2,9729,74,41,0.447719515978902,0.442909760589319,0.445301650979787,0.286423183803096,1.07692307692308,0.146223146223146,0.557090239410681,0.7147067
office_spiral_events,28,Event retention = 50%,Sparsity,retention,0.5,3,9729,74,29,0.634990560100692,0.38710915020142,0.480991538553212,0.316648360269889,1.28571428571429,0.60802775024777,0.61289084979858,0.8829024
office_spiral_events,28,Event retention = 50%,Sparsity,retention,0.5,4,9729,74,54,0.443069306930693,0.553109308613364,0.492011681841608,0.326270221007063,1.3125,0.101256983240223,0.446890691386636,0.9170677
office_spiral_events,28,Event retention = 50%,Sparsity,retention,0.5,5,9729,74,31,0.51280487804878,0.499257940041555,0.505940742968867,0.338634990940205,1.125,0.231866825208086,0.500742059958445,0.7860838
office_spiral_events,28,Event retention = 75%,Sparsity,retention,0.75,1,14594,74,6,0.988501026694045,0.342389758179232,0.508610670892763,0.341031453669595,NaN,0.931657665143332,0.657610241820768,2.7352046
office_spiral_events,28,Event retention = 75%,Sparsity,retention,0.75,2,14594,74,33,0.729072164948454,0.360154817681809,0.482137987455686,0.317642831476824,1.25,0.6875,0.639845182318191,1.6858626
office_spiral_events,28,Event retention = 75%,Sparsity,retention,0.75,3,14594,74,21,0.961616986525112,0.34369527145359,0.506397161595527,0.339044054131874,1.33333333333333,0.732908704883227,0.65630472854641,2.4597981
office_spiral_events,28,Event retention = 75%,Sparsity,retention,0.75,4,14594,74,91,0.694433074089234,0.429820116544211,0.530985915492958,0.361457334611697,1.53333333333333,0.278219864426761,0.570179883455789,1.3193861
office_spiral_events,28,Event retention = 75%,Sparsity,retention,0.75,5,14594,74,60,0.805785123966942,0.383593980525229,0.519757446524955,0.351129918069686,1.16666666666667,0.502307692307692,0.616406019474771,1.4400638
office_spiral_events,28,Added events = 5%,AddedEvents,added-event ratio,0.05,1,20431,74,14,0.966878192230305,0.325686877639331,0.487247484595585,0.322093323021397,1.66666666666667,0.878341603969906,0.674313122360669,5.3704498
office_spiral_events,28,Added events = 5%,AddedEvents,added-event ratio,0.05,2,20431,74,17,0.923076923076923,0.325901639344262,0.481725293808812,0.317284673086131,1,0.86569416498994,0.674098360655738,4.6857556
office_spiral_events,28,Added events = 5%,AddedEvents,added-event ratio,0.05,3,20431,74,12,0.967652066243616,0.324391635967416,0.485894147820005,0.320911610717585,1,0.897952655150352,0.675608364032584,5.6448662
office_spiral_events,28,Added events = 5%,AddedEvents,added-event ratio,0.05,4,20431,74,16,0.971830985915493,0.327508867097851,0.489915343502516,0.324429058592539,1,0.875776397515528,0.672491132902149,5.4754006
office_spiral_events,28,Added events = 5%,AddedEvents,added-event ratio,0.05,5,20431,74,41,0.882525924779446,0.331280501975366,0.481730241203058,0.317288965555617,1.33333333333333,0.6894072255349,0.668719498024634,3.1495698
office_spiral_events,28,Added events = 10%,AddedEvents,added-event ratio,0.1,1,21404,74,26,0.854356910694939,0.323412233419264,0.469208211143695,0.306513409961686,1,0.831702898550725,0.676587766580736,3.8078479
office_spiral_events,28,Added events = 10%,AddedEvents,added-event ratio,0.1,2,21404,74,20,0.943352422225662,0.315868573797678,0.473269402492526,0.309988810904282,1,0.884495488105004,0.684131426202322,5.470782
office_spiral_events,28,Added events = 10%,AddedEvents,added-event ratio,0.1,3,21404,74,11,0.9636279213744,0.317912581699346,0.478095603762718,0.314142994096574,1,0.866045615162223,0.682087418300654,5.0723855
office_spiral_events,28,Added events = 10%,AddedEvents,added-event ratio,0.1,4,21404,74,17,0.989475313418975,0.313536047081903,0.476183382369372,0.312493889920813,1,0.86125449710621,0.686463952918097,4.56211
office_spiral_events,28,Added events = 10%,AddedEvents,added-event ratio,0.1,5,21404,74,20,0.903575297941495,0.30714999736939,0.458457672373174,0.297401935812532,1,0.812264474134978,0.69285000263061,4.1961537
office_spiral_events,28,Added events = 20%,AddedEvents,added-event ratio,0.2,1,23350,74,14,0.932827735644637,0.29474765258216,0.447954216061541,0.288621779523034,1,0.866766218682595,0.70525234741784,6.5355615
office_spiral_events,28,Added events = 20%,AddedEvents,added-event ratio,0.2,2,23350,74,7,0.971366661507507,0.293147741603998,0.45037674919268,0.290636287857738,1,0.906628425748885,0.706852258396002,5.6218688
office_spiral_events,28,Added events = 20%,AddedEvents,added-event ratio,0.2,3,23350,74,30,0.901098901098901,0.290345102732894,0.439180779240373,0.281378377072157,1.2,0.776365510133975,0.709654897267106,5.4546793
office_spiral_events,28,Added events = 20%,AddedEvents,added-event ratio,0.2,4,23350,74,18,0.946602693081566,0.294236505340133,0.448930157448526,0.28943258719417,1,0.858894702419882,0.705763494659867,5.8731665
office_spiral_events,28,Added events = 20%,AddedEvents,added-event ratio,0.2,5,23350,74,7,0.98761801578703,0.289322149172523,0.44753822415486,0.288276485204427,1,0.914903620122238,0.710677850827477,5.7356811
office_spiral_events,28,Added events = 30%,AddedEvents,added-event ratio,0.3,1,25295,74,7,0.985760718155084,0.261442469520956,0.413276231263383,0.260458839406208,1,0.901240383105668,0.738557530479044,6.0672034
office_spiral_events,28,Added events = 30%,AddedEvents,added-event ratio,0.3,2,25295,74,39,0.89227673734716,0.264716686564423,0.408300577215907,0.25651864376613,1.14285714285714,0.830875975715525,0.735283313435577,5.8472977
office_spiral_events,28,Added events = 30%,AddedEvents,added-event ratio,0.3,3,25295,74,9,0.983748645720477,0.26385487151812,0.416104746317512,0.262709762751095,1,0.924166142227816,0.73614512848188,6.9322809
office_spiral_events,28,Added events = 30%,AddedEvents,added-event ratio,0.3,4,25295,74,7,0.92942268998607,0.267566724591187,0.415513423747578,0.262238525699812,1,0.882098251457119,0.732433275408813,7.6161083
office_spiral_events,28,Added events = 30%,AddedEvents,added-event ratio,0.3,5,25295,74,45,0.936232781303204,0.277527986786566,0.428141699401918,0.272379322766571,1.3,0.675979500743925,0.722472013213434,5.7262059
office_spiral_events,28,Full LLGD runtime,Runtime,-,NaN,1,19458,74,15,0.967342516638291,0.338203463203463,0.501182791387675,0.334385533144294,1.33333333333333,0.88384,0.661796536796537,5.2761336
office_spiral_events,28,Full LLGD runtime,Runtime,-,NaN,2,19458,74,15,0.967342516638291,0.338203463203463,0.501182791387675,0.334385533144294,1.33333333333333,0.88384,0.661796536796537,5.302121
office_spiral_events,28,Full LLGD runtime,Runtime,-,NaN,3,19458,74,15,0.967342516638291,0.338203463203463,0.501182791387675,0.334385533144294,1.33333333333333,0.88384,0.661796536796537,5.2942821
office_spiral_events,29,Full LLGD,Full,-,NaN,1,8332,67,32,0.404885863035643,0.477337110481586,0.438136511375948,0.280521642619312,1.08333333333333,0.0405539070227497,0.522662889518414,0.7142114
office_spiral_events,29,w/o weighted support,Ablation,UseWeights,0,1,8332,67,213,0.924709651581898,0.309351554126474,0.463608071478767,0.301751176163095,1.69565217391304,0.375487223906453,0.690648445873526,0.8118945
office_spiral_events,29,w/o local verification,Ablation,UseVerification,0,1,8332,67,78,0.557869443331998,0.41619360621452,0.476728268309377,0.312963379015951,1.06666666666667,0.106963388370424,0.583806393785479,0.4787208
office_spiral_events,29,w/o global expansion,Ablation,UseGlobalExpansion,0,1,8332,67,73,0.279935923107729,0.53727901614143,0.368088467614534,0.225556631171346,3.14285714285714,0.00858369098712441,0.46272098385857,0.6654314
office_spiral_events,29,unit estimation weights,Ablation,UseWeights,0,1,8332,67,34,0.391269523428114,0.443284936479129,0.415656243352478,0.262352309344791,1.375,0.0951893551688844,0.556715063520871,0.7690724
office_spiral_events,29,unit support tests,Ablation,UseMultiplicitySupport,0,1,8332,67,219,0.916299559471366,0.310911808669656,0.464285714285714,0.302325581395349,1.43333333333333,0.396853146853147,0.689088191330344,0.8105225
office_spiral_events,29,MAD = 3,Sensitivity,MAD,3,1,8332,67,36,0.394873848618342,0.488602576808721,0.436766334440753,0.279399263247379,1.07142857142857,0.0314401622718052,0.511397423191278,0.7244344
office_spiral_events,29,MAD = 3.5,Sensitivity,MAD,3.5,1,8332,67,32,0.404885863035643,0.477337110481586,0.438136511375948,0.280521642619312,1.08333333333333,0.0405539070227497,0.522662889518414,0.7168779
office_spiral_events,29,MAD = 4,Sensitivity,MAD,4,1,8332,67,33,0.410893071686023,0.467425968109339,0.437340153452685,0.27986906710311,1.08333333333333,0.0419103313840156,0.532574031890661,0.7044675
office_spiral_events,29,p_in = 0.7,Sensitivity,p_in,0.7,1,8332,67,37,0.456147376852223,0.501099868015838,0.477568134171908,0.313687689341779,1.0625,0.0368744512730466,0.498900131984162,0.7520346
office_spiral_events,29,p_in = 0.8,Sensitivity,p_in,0.8,1,8332,67,32,0.404885863035643,0.477337110481586,0.438136511375948,0.280521642619312,1.08333333333333,0.0405539070227497,0.522662889518414,0.7320406
office_spiral_events,29,p_in = 0.9,Sensitivity,p_in,0.9,1,8332,67,31,0.398077693231878,0.498495486459378,0.442663103985749,0.284243637403489,1.25,0.0412474849094567,0.501504513540622,0.7700415
office_spiral_events,29,p_w = 0.7,Sensitivity,p_w,0.7,1,8332,67,33,0.41810172206648,0.490140845070423,0.451264318132699,0.291375941948088,1.07142857142857,0.039272030651341,0.509859154929577,0.7363012
office_spiral_events,29,p_w = 0.8,Sensitivity,p_w,0.8,1,8332,67,32,0.404885863035643,0.477337110481586,0.438136511375948,0.280521642619312,1.08333333333333,0.0405539070227497,0.522662889518414,0.7596718
office_spiral_events,29,p_w = 0.9,Sensitivity,p_w,0.9,1,8332,67,33,0.407689227072487,0.476814988290398,0.439550949913644,0.281682346430548,1.08333333333333,0.0402750491159135,0.523185011709602,0.7333625
office_spiral_events,29,overlap = 0.7,Sensitivity,overlap,0.7,1,8332,67,32,0.404885863035643,0.477337110481586,0.438136511375948,0.280521642619312,1.08333333333333,0.0405539070227497,0.522662889518414,0.7240005
office_spiral_events,29,overlap = 0.8,Sensitivity,overlap,0.8,1,8332,67,32,0.404885863035643,0.477337110481586,0.438136511375948,0.280521642619312,1.08333333333333,0.0405539070227497,0.522662889518414,0.7107934
office_spiral_events,29,overlap = 0.9,Sensitivity,overlap,0.9,1,8332,67,32,0.410092110532639,0.478057889822596,0.44147445570166,0.283264177040111,1.08333333333333,0.046875,0.521942110177404,0.7517699
office_spiral_events,29,eps_s = 0.015,Sensitivity,eps_s,0.015,1,8332,67,36,0.398878654385262,0.516865594187857,0.450271247739602,0.290548424737456,1.07142857142857,0.0261044176706827,0.483134405812143,0.6641677
office_spiral_events,29,eps_s = 0.02,Sensitivity,eps_s,0.02,1,8332,67,32,0.404885863035643,0.477337110481586,0.438136511375948,0.280521642619312,1.08333333333333,0.0405539070227497,0.522662889518414,0.7292625
office_spiral_events,29,eps_s = 0.025,Sensitivity,eps_s,0.025,1,8332,67,33,0.407288746495795,0.452402135231317,0.428661749209694,0.272800429184549,1.09090909090909,0.048180924287119,0.547597864768683,0.7763686
office_spiral_events,29,eps_t = 0.005,Sensitivity,eps_t,0.005,1,8332,67,8,0.512214657589107,0.387928419775554,0.441491197790818,0.28327796234773,1,0.605160281469898,0.612071580224447,0.6747143
office_spiral_events,29,eps_t = 0.01,Sensitivity,eps_t,0.01,1,8332,67,31,0.400881057268722,0.494320987654321,0.442724458204334,0.284294234592445,1,0.0599400599400599,0.505679012345679,0.5978493
office_spiral_events,29,eps_t = 0.015,Sensitivity,eps_t,0.015,1,8332,67,33,0.378454144973969,0.460526315789474,0.415475928775555,0.262208657047725,1.09090909090909,0.0582010582010583,0.539473684210526,0.7345671
office_spiral_events,29,eps_t = 0.02,Sensitivity,eps_t,0.02,1,8332,67,32,0.404885863035643,0.477337110481586,0.438136511375948,0.280521642619312,1.08333333333333,0.0405539070227497,0.522662889518414,0.744478
office_spiral_events,29,eps_t = 0.025,Sensitivity,eps_t,0.025,1,8332,67,32,0.404885863035643,0.477337110481586,0.438136511375948,0.280521642619312,1.08333333333333,0.0405539070227497,0.522662889518414,0.7615202
office_spiral_events,29,Event retention = 25%,Sparsity,retention,0.25,1,2083,61,4,0.0625,0.358490566037736,0.106442577030812,0.0562130177514793,1,0.0789473684210527,0.641509433962264,0.0783877
office_spiral_events,29,Event retention = 25%,Sparsity,retention,0.25,2,2083,60,5,0.109090909090909,0.496240601503759,0.178861788617886,0.0982142857142857,1,0,0.503759398496241,0.078505
office_spiral_events,29,Event retention = 25%,Sparsity,retention,0.25,3,2083,59,7,0.172248803827751,0.542713567839196,0.261501210653753,0.15041782729805,1.33333333333333,0.0185185185185185,0.457286432160804,0.0857339
office_spiral_events,29,Event retention = 25%,Sparsity,retention,0.25,4,2083,58,2,0.0557324840764331,0.353535353535354,0.0962861072902338,0.0505780346820809,1,0.0285714285714286,0.646464646464647,0.0849781
office_spiral_events,29,Event retention = 25%,Sparsity,retention,0.25,5,2083,62,3,0.0580152671755725,0.342342342342342,0.0992167101827676,0.0521978021978022,1,0,0.657657657657658,0.0791792
office_spiral_events,29,Event retention = 50%,Sparsity,retention,0.5,1,4166,64,13,0.225118483412322,0.59375,0.326460481099656,0.195071868583162,1.125,0.0350877192982456,0.40625,0.2112178
office_spiral_events,29,Event retention = 50%,Sparsity,retention,0.5,2,4166,65,14,0.228041901692184,0.570564516129032,0.325849165227404,0.194635488308116,1,0.0636042402826855,0.429435483870968,0.2464807
office_spiral_events,29,Event retention = 50%,Sparsity,retention,0.5,3,4166,64,12,0.219145569620253,0.500904159132007,0.304898183819483,0.17987012987013,1.2,0.0433212996389891,0.499095840867993,0.253369
office_spiral_events,29,Event retention = 50%,Sparsity,retention,0.5,4,4166,64,9,0.24375,0.632860040567951,0.351945854483926,0.213552361396304,1,0.0608974358974359,0.367139959432049,0.2506287
office_spiral_events,29,Event retention = 50%,Sparsity,retention,0.5,5,4166,65,13,0.266932270916335,0.605786618444846,0.370575221238938,0.227427019687712,1.16666666666667,0.0358208955223881,0.394213381555154,0.2461955
office_spiral_events,29,Event retention = 75%,Sparsity,retention,0.75,1,6249,65,25,0.335306781485468,0.536144578313253,0.412582781456954,0.259908218606592,1.2,0.0497592295345104,0.463855421686747,0.4610162
office_spiral_events,29,Event retention = 75%,Sparsity,retention,0.75,2,6249,66,20,0.297574123989218,0.520754716981132,0.378730703259005,0.233601354210749,1,0.0452898550724637,0.479245283018868,0.4797824
office_spiral_events,29,Event retention = 75%,Sparsity,retention,0.75,3,6249,65,16,0.294148655772272,0.565922920892495,0.387096774193548,0.24,1.16666666666667,0.0663082437275986,0.434077079107505,0.4994638
office_spiral_events,29,Event retention = 75%,Sparsity,retention,0.75,4,6249,65,19,0.291733333333333,0.551411290322581,0.381583536798047,0.235775862068966,1,0.073126142595978,0.448588709677419,0.4604715
office_spiral_events,29,Event retention = 75%,Sparsity,retention,0.75,5,6249,66,15,0.251626898047722,0.507658643326039,0.336475707034083,0.202266782911944,1.16666666666667,0.0431034482758621,0.492341356673961,0.4589858
office_spiral_events,29,Added events = 5%,AddedEvents,added-event ratio,0.05,1,8749,67,39,0.439327192631157,0.481140350877193,0.459284069499686,0.298097826086957,1.13333333333333,0.0483135824977211,0.518859649122807,0.7681734
office_spiral_events,29,Added events = 5%,AddedEvents,added-event ratio,0.05,2,8749,67,31,0.402082498998799,0.480612733365247,0.437854339293502,0.280290340591848,1.09090909090909,0.0438247011952191,0.519387266634753,0.7936649
office_spiral_events,29,Added events = 5%,AddedEvents,added-event ratio,0.05,3,8749,67,43,0.481377653183821,0.478122513922037,0.47974456196368,0.315568390653715,1.06666666666667,0.0648918469217971,0.521877486077963,0.7263137
office_spiral_events,29,Added events = 5%,AddedEvents,added-event ratio,0.05,4,8749,67,35,0.42611133360032,0.498827941865917,0.459611231101512,0.298373527762199,1.09090909090909,0.0535714285714286,0.501172058134083,0.7974431
office_spiral_events,29,Added events = 5%,AddedEvents,added-event ratio,0.05,5,8749,67,34,0.384060873047657,0.462391513982642,0.419601837672282,0.265503875968992,1.08333333333333,0.0469238790406674,0.537608486017358,0.786886
office_spiral_events,29,Added events = 10%,AddedEvents,added-event ratio,0.1,1,9165,67,43,0.439727673207849,0.421335379892556,0.430335097001764,0.274157303370787,1.1,0.122040072859745,0.578664620107444,0.8122643
office_spiral_events,29,Added events = 10%,AddedEvents,added-event ratio,0.1,2,9165,67,44,0.442931517821386,0.474881923572349,0.458350600911728,0.297311827956989,1.23076923076923,0.0632911392405063,0.525118076427651,0.8509897
office_spiral_events,29,Added events = 10%,AddedEvents,added-event ratio,0.1,3,9165,67,41,0.458149779735683,0.456140350877193,0.457142857142857,0.296296296296296,1.16666666666667,0.0585664335664335,0.543859649122807,0.7513366
office_spiral_events,29,Added events = 10%,AddedEvents,added-event ratio,0.1,4,9165,67,40,0.458950740889067,0.451536643026005,0.455213505461768,0.29467729493443,1.08333333333333,0.06282722513089,0.548463356973995,0.7899659
office_spiral_events,29,Added events = 10%,AddedEvents,added-event ratio,0.1,5,9165,67,42,0.42611133360032,0.417910447761194,0.421971048978782,0.267403870319176,1.2,0.0554511278195489,0.582089552238806,0.8542236
office_spiral_events,29,Added events = 20%,AddedEvents,added-event ratio,0.2,1,9998,67,34,0.516219463356027,0.351226158038147,0.41803145775904,0.264247642476425,1.08333333333333,0.17300232738557,0.648773841961853,0.891278
office_spiral_events,29,Added events = 20%,AddedEvents,added-event ratio,0.2,2,9998,67,51,0.505806968362034,0.422266800401204,0.460276967930029,0.298934911242604,1.07142857142857,0.0918448139350753,0.577733199598796,0.8318103
office_spiral_events,29,Added events = 20%,AddedEvents,added-event ratio,0.2,3,9998,67,39,0.504205046055266,0.350891861761427,0.41380443714051,0.260878574388728,1,0.289912629070691,0.649108138238573,0.8522904
office_spiral_events,29,Added events = 20%,AddedEvents,added-event ratio,0.2,4,9998,67,44,0.465358430116139,0.457300275482094,0.461294164350933,0.299793601651187,1.08333333333333,0.0895008605851979,0.542699724517906,0.9126578
office_spiral_events,29,Added events = 20%,AddedEvents,added-event ratio,0.2,5,9998,67,39,0.549058870644774,0.34275,0.422040941973218,0.267460007803355,1.18181818181818,0.262582056892779,0.65725,0.9542342
office_spiral_events,29,Added events = 30%,AddedEvents,added-event ratio,0.3,1,10832,67,59,0.605126151381658,0.372167487684729,0.460881500686289,0.29944510503369,1,0.214427531436135,0.627832512315271,0.9050395
office_spiral_events,29,Added events = 30%,AddedEvents,added-event ratio,0.3,2,10832,67,46,0.534641569883861,0.319990412272291,0.400359874044085,0.250281214848144,1,0.208988764044944,0.680009587727709,0.7922823
office_spiral_events,29,Added events = 30%,AddedEvents,added-event ratio,0.3,3,10832,67,33,0.570284341209451,0.318568232662192,0.408784268695278,0.256900595345481,1,0.351825842696629,0.681431767337808,0.9576696
office_spiral_events,29,Added events = 30%,AddedEvents,added-event ratio,0.3,4,10832,67,51,0.492190628754505,0.388309636650869,0.434122218297421,0.277238890142116,1.09090909090909,0.144019528071603,0.611690363349131,1.0556777
office_spiral_events,29,Added events = 30%,AddedEvents,added-event ratio,0.3,5,10832,67,13,0.700440528634361,0.269325531259624,0.389055722389056,0.241507870753935,1,0.742138364779874,0.730674468740376,1.2349591
office_spiral_events,29,Full LLGD runtime,Runtime,-,NaN,1,8332,67,32,0.404885863035643,0.477337110481586,0.438136511375948,0.280521642619312,1.08333333333333,0.0405539070227497,0.522662889518414,0.7146192
office_spiral_events,29,Full LLGD runtime,Runtime,-,NaN,2,8332,67,34,0.412494993992791,0.470534490634993,0.439607341015792,0.281728665207877,1.08333333333333,0.045631067961165,0.529465509365007,0.7279543
office_spiral_events,29,Full LLGD runtime,Runtime,-,NaN,3,8332,67,33,0.414096916299559,0.479814385150812,0.444539982803095,0.28579325594251,1.07692307692308,0.039651837524178,0.520185614849188,0.7731149
office_spiral_events,30,Full LLGD,Full,-,NaN,1,5649,60,24,0.301406926406926,0.502707581227437,0.376860622462788,0.232180075031263,1.11111111111111,0.0664272890484739,0.497292418772563,0.3112987
office_spiral_events,30,w/o weighted support,Ablation,UseWeights,0,1,5649,60,295,0.906926406926407,0.358196195768327,0.513559062356366,0.345495774067203,1.7,0.102625298329356,0.641803804231673,0.5406259
office_spiral_events,30,w/o local verification,Ablation,UseVerification,0,1,5649,60,33,0.41991341991342,0.527891156462585,0.467751657625075,0.305271439811172,1.2,0.0798969072164949,0.472108843537415,0.2643718
office_spiral_events,30,w/o global expansion,Ablation,UseGlobalExpansion,0,1,5649,60,34,0.16504329004329,0.420110192837466,0.236985236985237,0.134420449537241,1.88888888888889,0.0327868852459017,0.579889807162534,0.3191231
office_spiral_events,30,unit estimation weights,Ablation,UseWeights,0,1,5649,60,23,0.303571428571429,0.504496402877698,0.379054054054054,0.233847436431847,1.11111111111111,0.0392156862745098,0.495503597122302,0.3342205
office_spiral_events,30,unit support tests,Ablation,UseMultiplicitySupport,0,1,5649,60,293,0.912878787878788,0.358250159269484,0.514564587463779,0.346406570841889,1.51219512195122,0.0936573799644339,0.641749840730516,0.567214
office_spiral_events,30,MAD = 3,Sensitivity,MAD,3,1,5649,60,23,0.29004329004329,0.501403180542563,0.367500857044909,0.225115497690046,1.11111111111111,0.0447761194029851,0.498596819457437,0.3181221
office_spiral_events,30,MAD = 3.5,Sensitivity,MAD,3.5,1,5649,60,24,0.301406926406926,0.502707581227437,0.376860622462788,0.232180075031263,1.11111111111111,0.0664272890484739,0.497292418772563,0.3138009
office_spiral_events,30,MAD = 4,Sensitivity,MAD,4,1,5649,60,24,0.308441558441558,0.504871567759079,0.382935841451125,0.236809306190278,1.11111111111111,0.0666666666666667,0.495128432240921,0.3026702
office_spiral_events,30,p_in = 0.7,Sensitivity,p_in,0.7,1,5649,60,29,0.316558441558442,0.49618320610687,0.386521308225966,0.23955773955774,1.1,0.0632478632478632,0.50381679389313,0.2892235
office_spiral_events,30,p_in = 0.8,Sensitivity,p_in,0.8,1,5649,60,24,0.301406926406926,0.502707581227437,0.376860622462788,0.232180075031263,1.11111111111111,0.0664272890484739,0.497292418772563,0.3005265
office_spiral_events,30,p_in = 0.9,Sensitivity,p_in,0.9,1,5649,60,20,0.298160173160173,0.505041246562786,0.37495746852671,0.230737018425461,1.25,0.0852994555353902,0.494958753437214,0.3206486
office_spiral_events,30,p_w = 0.7,Sensitivity,p_w,0.7,1,5649,60,24,0.301406926406926,0.502707581227437,0.376860622462788,0.232180075031263,1.11111111111111,0.0664272890484739,0.497292418772563,0.3103014
office_spiral_events,30,p_w = 0.8,Sensitivity,p_w,0.8,1,5649,60,24,0.301406926406926,0.502707581227437,0.376860622462788,0.232180075031263,1.11111111111111,0.0664272890484739,0.497292418772563,0.3139146
office_spiral_events,30,p_w = 0.9,Sensitivity,p_w,0.9,1,5649,60,24,0.301406926406926,0.502707581227437,0.376860622462788,0.232180075031263,1.11111111111111,0.0664272890484739,0.497292418772563,0.3387325
office_spiral_events,30,overlap = 0.7,Sensitivity,overlap,0.7,1,5649,60,24,0.301406926406926,0.502707581227437,0.376860622462788,0.232180075031263,1.11111111111111,0.0664272890484739,0.497292418772563,0.3089661
office_spiral_events,30,overlap = 0.8,Sensitivity,overlap,0.8,1,5649,60,24,0.301406926406926,0.502707581227437,0.376860622462788,0.232180075031263,1.11111111111111,0.0664272890484739,0.497292418772563,0.3058855
office_spiral_events,30,overlap = 0.9,Sensitivity,overlap,0.9,1,5649,60,24,0.301406926406926,0.502254283137962,0.376733175515725,0.232083333333333,1.11111111111111,0.0664272890484739,0.497745716862038,0.3242908
office_spiral_events,30,eps_s = 0.015,Sensitivity,eps_s,0.015,1,5649,60,30,0.287878787878788,0.487179487179487,0.361904761904762,0.22093023255814,1.36363636363636,0.0507518796992481,0.512820512820513,0.2877963
office_spiral_events,30,eps_s = 0.02,Sensitivity,eps_s,0.02,1,5649,60,24,0.301406926406926,0.502707581227437,0.376860622462788,0.232180075031263,1.11111111111111,0.0664272890484739,0.497292418772563,0.3227184
office_spiral_events,30,eps_s = 0.025,Sensitivity,eps_s,0.025,1,5649,60,19,0.321428571428571,0.492129246064623,0.388870703764321,0.241365298659082,1.125,0.0572390572390572,0.507870753935377,0.3609192
office_spiral_events,30,eps_t = 0.005,Sensitivity,eps_t,0.005,1,5649,60,4,0.0443722943722944,0.230985915492958,0.0744439400817068,0.0386610089580387,1,0.073170731707317,0.769014084507042,0.2109036
office_spiral_events,30,eps_t = 0.01,Sensitivity,eps_t,0.01,1,5649,60,17,0.227272727272727,0.459518599562363,0.304127443881245,0.17933390264731,1.14285714285714,0.0571428571428572,0.540481400437637,0.2821393
office_spiral_events,30,eps_t = 0.015,Sensitivity,eps_t,0.015,1,5649,60,22,0.297077922077922,0.490616621983914,0.370070778564206,0.227047146401985,1.25,0.0473588342440802,0.509383378016086,0.3648982
office_spiral_events,30,eps_t = 0.02,Sensitivity,eps_t,0.02,1,5649,60,24,0.301406926406926,0.502707581227437,0.376860622462788,0.232180075031263,1.11111111111111,0.0664272890484739,0.497292418772563,0.3164167
office_spiral_events,30,eps_t = 0.025,Sensitivity,eps_t,0.025,1,5649,60,24,0.301406926406926,0.502707581227437,0.376860622462788,0.232180075031263,1.11111111111111,0.0664272890484739,0.497292418772563,0.3233361
office_spiral_events,30,Event retention = 25%,Sparsity,retention,0.25,1,1412,56,1,0,0,0,0,NaN,NaN,1,0.0364485
office_spiral_events,30,Event retention = 25%,Sparsity,retention,0.25,2,1412,55,2,0.00873362445414847,0.0571428571428571,0.0151515151515152,0.00763358778625954,NaN,0.25,0.942857142857143,0.0369405
office_spiral_events,30,Event retention = 25%,Sparsity,retention,0.25,3,1412,55,1,0,0,0,0,NaN,NaN,1,0.0375158
office_spiral_events,30,Event retention = 25%,Sparsity,retention,0.25,4,1412,53,2,0.0181818181818182,0.125,0.0317460317460317,0.0161290322580645,1,0.375,0.875,0.0315348
office_spiral_events,30,Event retention = 25%,Sparsity,retention,0.25,5,1412,53,5,0.101479915433404,0.444444444444444,0.165232358003442,0.0900562851782364,1.33333333333333,0.0416666666666666,0.555555555555556,0.0405475
office_spiral_events,30,Event retention = 50%,Sparsity,retention,0.5,1,2825,56,7,0.105610561056106,0.322147651006711,0.15907207953604,0.0864086408640864,1,0.0729166666666666,0.677852348993289,0.1190206
office_spiral_events,30,Event retention = 50%,Sparsity,retention,0.5,2,2825,60,6,0.0763520678685048,0.305084745762712,0.122137404580153,0.0650406504065041,1,0.0555555555555556,0.694915254237288,0.1168441
office_spiral_events,30,Event retention = 50%,Sparsity,retention,0.5,3,2825,58,9,0.13727560718057,0.369318181818182,0.200153964588145,0.111206159110351,1.25,0.0153846153846153,0.630681818181818,0.1241053
office_spiral_events,30,Event retention = 50%,Sparsity,retention,0.5,4,2825,58,5,0.0460157126823793,0.21025641025641,0.0755064456721915,0.0392344497607656,1,0.121951219512195,0.78974358974359,0.1219153
office_spiral_events,30,Event retention = 50%,Sparsity,retention,0.5,5,2825,56,5,0.0592034445640474,0.298913043478261,0.0988319856244385,0.0519848771266541,1.5,0,0.701086956521739,0.1179979
office_spiral_events,30,Event retention = 75%,Sparsity,retention,0.75,1,4237,60,13,0.283211678832117,0.564774381368268,0.377248420029169,0.23247453565009,1,0.0515463917525774,0.435225618631732,0.2387982
office_spiral_events,30,Event retention = 75%,Sparsity,retention,0.75,2,4237,60,15,0.172540381791483,0.391666666666667,0.239551478083588,0.136074116965837,1,0.0595744680851064,0.608333333333333,0.2270121
office_spiral_events,30,Event retention = 75%,Sparsity,retention,0.75,3,4237,59,18,0.225712198685172,0.438297872340426,0.297974927675988,0.175070821529745,1.14285714285714,0.0550161812297735,0.561702127659575,0.216671
office_spiral_events,30,Event retention = 75%,Sparsity,retention,0.75,4,4237,58,12,0.198561151079137,0.412556053811659,0.268091306459446,0.154795288839035,1,0.0688405797101449,0.587443946188341,0.2484159
office_spiral_events,30,Event retention = 75%,Sparsity,retention,0.75,5,4237,60,14,0.108049311094996,0.297405189620758,0.158510638297872,0.0860774119006355,1,0.0939597315436241,0.702594810379242,0.231388
office_spiral_events,30,Added events = 5%,AddedEvents,added-event ratio,0.05,1,5931,60,25,0.306818181818182,0.503105590062112,0.381176470588235,0.23546511627907,1.11111111111111,0.0423280423280423,0.496894409937888,0.3475182
office_spiral_events,30,Added events = 5%,AddedEvents,added-event ratio,0.05,2,5931,60,22,0.305735930735931,0.508550855085509,0.381885772220345,0.236006683375104,1.11111111111111,0.0424778761061947,0.491449144914491,0.3340509
office_spiral_events,30,Added events = 5%,AddedEvents,added-event ratio,0.05,3,5931,60,24,0.306277056277056,0.485836909871245,0.375705277132426,0.231303637106661,1.11111111111111,0.0724381625441696,0.514163090128755,0.3251412
office_spiral_events,30,Added events = 5%,AddedEvents,added-event ratio,0.05,4,5931,60,27,0.284090909090909,0.470008952551477,0.354131534569983,0.215163934426229,1.375,0.060952380952381,0.529991047448523,0.3324922
office_spiral_events,30,Added events = 5%,AddedEvents,added-event ratio,0.05,5,5931,60,24,0.276515151515151,0.466240875912409,0.347146739130435,0.210028771064529,1.125,0.0469667318982387,0.533759124087591,0.3341909
office_spiral_events,30,Added events = 10%,AddedEvents,added-event ratio,0.1,1,6214,60,25,0.310064935064935,0.506183745583039,0.384563758389262,0.238055670959701,1.33333333333333,0.043630017452007,0.493816254416961,0.3523595
office_spiral_events,30,Added events = 10%,AddedEvents,added-event ratio,0.1,2,6214,60,23,0.312770562770563,0.500866551126516,0.385076615589607,0.238448844884488,1.11111111111111,0.0415224913494809,0.499133448873484,0.3732712
office_spiral_events,30,Added events = 10%,AddedEvents,added-event ratio,0.1,3,6214,60,28,0.320887445887446,0.486863711001642,0.386823222439661,0.239789729073999,1.11111111111111,0.0775716694772344,0.513136288998358,0.3602794
office_spiral_events,30,Added events = 10%,AddedEvents,added-event ratio,0.1,4,6214,60,24,0.318181818181818,0.483155299917831,0.3836867862969,0.237383932176019,1.375,0.0561224489795918,0.516844700082169,0.3681844
office_spiral_events,30,Added events = 10%,AddedEvents,added-event ratio,0.1,5,6214,60,25,0.28030303030303,0.446551724137931,0.344414893617021,0.208032128514056,1.11111111111111,0.11003861003861,0.553448275862069,0.3972853
office_spiral_events,30,Added events = 20%,AddedEvents,added-event ratio,0.2,1,6779,60,31,0.383658008658009,0.494766224703419,0.432185309356903,0.275660964230171,1.1,0.0564174894217208,0.505233775296581,0.3788989
office_spiral_events,30,Added events = 20%,AddedEvents,added-event ratio,0.2,2,6779,60,28,0.303030303030303,0.456769983686786,0.364346128822381,0.222752585521082,1,0.0714285714285714,0.543230016313214,0.3809014
office_spiral_events,30,Added events = 20%,AddedEvents,added-event ratio,0.2,3,6779,60,29,0.307359307359307,0.457695406929895,0.367756555519586,0.225307417691392,1.11111111111111,0.0651408450704225,0.542304593070105,0.411748
office_spiral_events,30,Added events = 20%,AddedEvents,added-event ratio,0.2,4,6779,60,25,0.316558441558442,0.459905660377358,0.375,0.230769230769231,1,0.0632478632478632,0.540094339622642,0.4127876
office_spiral_events,30,Added events = 20%,AddedEvents,added-event ratio,0.2,5,6779,60,27,0.317640692640693,0.468849840255591,0.378709677419355,0.23358535614803,1.11111111111111,0.0630323679727428,0.531150159744409,0.4192481
office_spiral_events,30,Added events = 30%,AddedEvents,added-event ratio,0.3,1,7344,60,26,0.271645021645022,0.43614248479583,0.334778259419807,0.201041249499399,1.5,0.0936254980079682,0.56385751520417,0.469861
office_spiral_events,30,Added events = 30%,AddedEvents,added-event ratio,0.3,2,7344,60,29,0.372835497835498,0.488999290276792,0.423088731961928,0.268302180685358,1.1,0.0391872278664731,0.511000709723208,0.4851553
office_spiral_events,30,Added events = 30%,AddedEvents,added-event ratio,0.3,3,7344,60,22,0.414502164502164,0.53120665742025,0.465653495440729,0.303486529318542,1.11111111111111,0.0926892950391645,0.46879334257975,0.4202198
office_spiral_events,30,Added events = 30%,AddedEvents,added-event ratio,0.3,4,7344,60,28,0.335497835497836,0.464071856287425,0.389447236180905,0.241809672386895,1.08333333333333,0.0467741935483871,0.535928143712575,0.4385039
office_spiral_events,30,Added events = 30%,AddedEvents,added-event ratio,0.3,5,7344,60,31,0.438311688311688,0.518565941101152,0.475073313782991,0.311538461538462,1.18181818181818,0.082716049382716,0.481434058898848,0.4540526
office_spiral_events,30,Full LLGD runtime,Runtime,-,NaN,1,5649,60,24,0.301406926406926,0.502707581227437,0.376860622462788,0.232180075031263,1.11111111111111,0.0664272890484739,0.497292418772563,0.3017921
office_spiral_events,30,Full LLGD runtime,Runtime,-,NaN,2,5649,60,22,0.305194805194805,0.520295202952029,0.384720327421555,0.238175675675676,1.11111111111111,0.0425531914893617,0.47970479704797,0.3098061
office_spiral_events,30,Full LLGD runtime,Runtime,-,NaN,3,5649,60,24,0.283008658008658,0.484259259259259,0.35724043715847,0.217463617463617,1.11111111111111,0.0707456978967496,0.515740740740741,0.321961
