Dataset,Packet,Experiment,Category,Parameter,Value,Repeat,EventCount,LineCount,ClusterCount,Coverage,Precision,F1,IoU,Fragmentation,MergeError,ExtraEventRatio,RuntimeSeconds
urban_events,1,Full LLGD,Full,-,NaN,1,2256,77,26,0.408805031446541,0.632295719844358,0.496562261268144,0.330284552845528,1,0.184615384615385,0.367704280155642,0.1321192
urban_events,1,w/o weighted support,Ablation,UseWeights,0,1,2256,77,93,0.655345911949686,0.503868471953578,0.569710224166211,0.398318042813456,1.4,0.143953934740883,0.496131528046422,0.3094334
urban_events,1,w/o local verification,Ablation,UseVerification,0,1,2256,77,28,0.39874213836478,0.609615384615385,0.48212927756654,0.317635270541082,2,0.141955835962145,0.390384615384615,0.1354423
urban_events,1,w/o global expansion,Ablation,UseGlobalExpansion,0,1,2256,77,25,0.305660377358491,0.598522167487685,0.40466278101582,0.253653444676409,1,0,0.401477832512315,0.0702396
urban_events,1,unit estimation weights,Ablation,UseWeights,0,1,2256,77,23,0.369811320754717,0.649006622516556,0.471153846153846,0.308176100628931,2,0.105442176870748,0.350993377483444,0.1575651
urban_events,1,unit support tests,Ablation,UseMultiplicitySupport,0,1,2256,77,89,0.656603773584906,0.503375120540019,0.569868995633188,0.398473282442748,1.11111111111111,0.21455938697318,0.496624879459981,0.3237116
urban_events,1,MAD = 3,Sensitivity,MAD,3,1,2256,77,26,0.39874213836478,0.626482213438735,0.487317448116833,0.322154471544715,1,0.160883280757098,0.373517786561265,0.1446235
urban_events,1,MAD = 3.5,Sensitivity,MAD,3.5,1,2256,77,26,0.408805031446541,0.632295719844358,0.496562261268144,0.330284552845528,1,0.184615384615385,0.367704280155642,0.1204323
urban_events,1,MAD = 4,Sensitivity,MAD,4,1,2256,77,25,0.411320754716981,0.63495145631068,0.499236641221374,0.33265513733469,1,0.18960244648318,0.36504854368932,0.1301257
urban_events,1,p_in = 0.7,Sensitivity,p_in,0.7,1,2256,77,25,0.39874213836478,0.630218687872763,0.4884437596302,0.323139653414883,2,0.141955835962145,0.369781312127237,0.1269843
urban_events,1,p_in = 0.8,Sensitivity,p_in,0.8,1,2256,77,26,0.408805031446541,0.632295719844358,0.496562261268144,0.330284552845528,1,0.184615384615385,0.367704280155642,0.1152635
urban_events,1,p_in = 0.9,Sensitivity,p_in,0.9,1,2256,77,23,0.405031446540881,0.653144016227181,0.5,0.333333333333333,1,0.186335403726708,0.346855983772819,0.1297561
urban_events,1,p_w = 0.7,Sensitivity,p_w,0.7,1,2256,77,26,0.408805031446541,0.632295719844358,0.496562261268144,0.330284552845528,1,0.184615384615385,0.367704280155642,0.121666
urban_events,1,p_w = 0.8,Sensitivity,p_w,0.8,1,2256,77,26,0.408805031446541,0.632295719844358,0.496562261268144,0.330284552845528,1,0.184615384615385,0.367704280155642,0.121732
urban_events,1,p_w = 0.9,Sensitivity,p_w,0.9,1,2256,77,26,0.408805031446541,0.632295719844358,0.496562261268144,0.330284552845528,1,0.184615384615385,0.367704280155642,0.1281802
urban_events,1,overlap = 0.7,Sensitivity,overlap,0.7,1,2256,77,26,0.408805031446541,0.632295719844358,0.496562261268144,0.330284552845528,1,0.184615384615385,0.367704280155642,0.1254972
urban_events,1,overlap = 0.8,Sensitivity,overlap,0.8,1,2256,77,26,0.408805031446541,0.632295719844358,0.496562261268144,0.330284552845528,1,0.184615384615385,0.367704280155642,0.1203215
urban_events,1,overlap = 0.9,Sensitivity,overlap,0.9,1,2256,77,26,0.408805031446541,0.633528265107212,0.496941896024465,0.330620549338759,1,0.184615384615385,0.366471734892788,0.1189614
urban_events,1,eps_s = 0.015,Sensitivity,eps_s,0.015,1,2256,77,21,0.39874213836478,0.68763557483731,0.504777070063694,0.337593184238552,2,0.141955835962145,0.31236442516269,0.1048973
urban_events,1,eps_s = 0.02,Sensitivity,eps_s,0.02,1,2256,77,26,0.408805031446541,0.632295719844358,0.496562261268144,0.330284552845528,1,0.184615384615385,0.367704280155642,0.1186512
urban_events,1,eps_s = 0.025,Sensitivity,eps_s,0.025,1,2256,77,28,0.407547169811321,0.612476370510397,0.489425981873112,0.324,1,0.191358024691358,0.387523629489603,0.1604296
urban_events,1,eps_t = 0.005,Sensitivity,eps_t,0.005,1,2256,77,11,0.289308176100629,0.741935483870968,0.416289592760181,0.262857142857143,1,0,0.258064516129032,0.1014041
urban_events,1,eps_t = 0.01,Sensitivity,eps_t,0.01,1,2256,77,23,0.39496855345912,0.64476386036961,0.489859594383775,0.324380165289256,1,0.168789808917197,0.35523613963039,0.1478814
urban_events,1,eps_t = 0.015,Sensitivity,eps_t,0.015,1,2256,77,25,0.405031446540881,0.642714570858283,0.496913580246914,0.330595482546201,1,0.183229813664596,0.357285429141717,0.146159
urban_events,1,eps_t = 0.02,Sensitivity,eps_t,0.02,1,2256,77,26,0.408805031446541,0.632295719844358,0.496562261268144,0.330284552845528,1,0.184615384615385,0.367704280155642,0.128068
urban_events,1,eps_t = 0.025,Sensitivity,eps_t,0.025,1,2256,77,26,0.408805031446541,0.632295719844358,0.496562261268144,0.330284552845528,1,0.184615384615385,0.367704280155642,0.1365876
urban_events,1,Event retention = 25%,Sparsity,retention,0.25,1,564,58,1,0.27,1,0.425196850393701,0.27,1,0,0,0.0116121
urban_events,1,Event retention = 25%,Sparsity,retention,0.25,2,564,57,1,0.256038647342995,1,0.407692307692308,0.256038647342995,1,0,0,0.0071126
urban_events,1,Event retention = 25%,Sparsity,retention,0.25,3,564,54,2,0.277486910994764,0.913793103448276,0.42570281124498,0.270408163265306,1,0,0.0862068965517241,0.0107692
urban_events,1,Event retention = 25%,Sparsity,retention,0.25,4,564,51,3,0.33,0.868421052631579,0.478260869565217,0.314285714285714,1,0,0.131578947368421,0.0095678
urban_events,1,Event retention = 25%,Sparsity,retention,0.25,5,564,52,2,0.284210526315789,0.9,0.432,0.275510204081633,1,0,0.1,0.0105788
urban_events,1,Event retention = 50%,Sparsity,retention,0.5,1,1128,59,9,0.332432432432432,0.719298245614035,0.454713493530499,0.294258373205742,1,0,0.280701754385965,0.0218008
urban_events,1,Event retention = 50%,Sparsity,retention,0.5,2,1128,66,12,0.291457286432161,0.627027027027027,0.397941680960549,0.248394004282655,1,0,0.372972972972973,0.0251741
urban_events,1,Event retention = 50%,Sparsity,retention,0.5,3,1128,69,4,0.270983213429257,0.8828125,0.414678899082569,0.261574074074074,1,0,0.1171875,0.0218908
urban_events,1,Event retention = 50%,Sparsity,retention,0.5,4,1128,70,7,0.29426433915212,0.742138364779874,0.421428571428571,0.266968325791855,1,0,0.257861635220126,0.0386453
urban_events,1,Event retention = 50%,Sparsity,retention,0.5,5,1128,65,4,0.292225201072386,0.825757575757576,0.431683168316832,0.275252525252525,1,0,0.174242424242424,0.0256677
urban_events,1,Event retention = 75%,Sparsity,retention,0.75,1,1692,72,15,0.273031825795645,0.629343629343629,0.380841121495327,0.235209235209235,1,0,0.370656370656371,0.0648151
urban_events,1,Event retention = 75%,Sparsity,retention,0.75,2,1692,72,17,0.411371237458194,0.696883852691218,0.517350157728707,0.348936170212766,1,0.17479674796748,0.303116147308782,0.069416
urban_events,1,Event retention = 75%,Sparsity,retention,0.75,3,1692,68,14,0.280730897009967,0.670634920634921,0.395784543325527,0.246715328467153,1,0,0.329365079365079,0.0797696
urban_events,1,Event retention = 75%,Sparsity,retention,0.75,4,1692,73,17,0.40567612687813,0.690340909090909,0.511041009463722,0.343220338983051,1,0.164609053497942,0.309659090909091,0.0864559
urban_events,1,Event retention = 75%,Sparsity,retention,0.75,5,1692,75,16,0.421416234887737,0.705202312138728,0.527567567567568,0.358296622613803,1,0.184426229508197,0.294797687861272,0.0734732
urban_events,1,Added events = 5%,AddedEvents,added-event ratio,0.05,1,2369,77,28,0.405031446540881,0.614503816793893,0.488248673237301,0.32296890672016,1,0.186335403726708,0.385496183206107,0.1316185
urban_events,1,Added events = 5%,AddedEvents,added-event ratio,0.05,2,2369,77,27,0.408805031446541,0.622605363984674,0.493545937737282,0.327620967741935,1,0.184615384615385,0.377394636015326,0.1487096
urban_events,1,Added events = 5%,AddedEvents,added-event ratio,0.05,3,2369,77,26,0.408805031446541,0.627413127413127,0.495049504950495,0.328947368421053,1,0.184615384615385,0.372586872586873,0.124144
urban_events,1,Added events = 5%,AddedEvents,added-event ratio,0.05,4,2369,77,27,0.408805031446541,0.623800383877159,0.493920972644377,0.32795156407669,1,0.184615384615385,0.376199616122841,0.1524609
urban_events,1,Added events = 5%,AddedEvents,added-event ratio,0.05,5,2369,77,29,0.405031446540881,0.612167300380228,0.487509462528388,0.322322322322322,1,0.186335403726708,0.387832699619772,0.1773678
urban_events,1,Added events = 10%,AddedEvents,added-event ratio,0.1,1,2482,77,29,0.410062893081761,0.60036832412523,0.48729446935725,0.322134387351779,1,0.190184049079755,0.39963167587477,0.1873554
urban_events,1,Added events = 10%,AddedEvents,added-event ratio,0.1,2,2482,77,26,0.405031446540881,0.621621621621622,0.490479817212491,0.324924318869828,1,0.18944099378882,0.378378378378378,0.1813036
urban_events,1,Added events = 10%,AddedEvents,added-event ratio,0.1,3,2482,77,30,0.408805031446541,0.608614232209738,0.489089541008277,0.323705179282869,1,0.184615384615385,0.391385767790262,0.1741568
urban_events,1,Added events = 10%,AddedEvents,added-event ratio,0.1,4,2482,77,31,0.406289308176101,0.598148148148148,0.483895131086142,0.319169960474308,1,0.191950464396285,0.401851851851852,0.1900436
urban_events,1,Added events = 10%,AddedEvents,added-event ratio,0.1,5,2482,77,27,0.410062893081761,0.617424242424242,0.492819349962207,0.326980942828485,1,0.190184049079755,0.382575757575758,0.2192673
urban_events,1,Added events = 20%,AddedEvents,added-event ratio,0.2,1,2707,77,31,0.408805031446541,0.597426470588235,0.485436893203884,0.320512820512821,1,0.184615384615385,0.402573529411765,0.2601862
urban_events,1,Added events = 20%,AddedEvents,added-event ratio,0.2,2,2707,77,33,0.4,0.571942446043165,0.470762398223538,0.30784123910939,2,0.141509433962264,0.428057553956835,0.1843942
urban_events,1,Added events = 20%,AddedEvents,added-event ratio,0.2,3,2707,77,29,0.408805031446541,0.609756097560976,0.489457831325301,0.324027916251246,1,0.184615384615385,0.390243902439024,0.1593187
urban_events,1,Added events = 20%,AddedEvents,added-event ratio,0.2,4,2707,77,31,0.408805031446541,0.586642599277978,0.481838398813936,0.3173828125,1,0.187692307692308,0.413357400722022,0.1588191
urban_events,1,Added events = 20%,AddedEvents,added-event ratio,0.2,5,2707,77,35,0.408805031446541,0.568181818181818,0.475493782004389,0.31190019193858,1,0.184615384615385,0.431818181818182,0.1368897
urban_events,1,Added events = 30%,AddedEvents,added-event ratio,0.3,1,2933,77,32,0.406289308176101,0.584086799276673,0.479228486646884,0.315121951219512,1,0.185758513931889,0.415913200723327,0.1635178
urban_events,1,Added events = 30%,AddedEvents,added-event ratio,0.3,2,2933,77,36,0.406289308176101,0.552136752136752,0.468115942028986,0.30558183538316,1,0.191950464396285,0.447863247863248,0.1709247
urban_events,1,Added events = 30%,AddedEvents,added-event ratio,0.3,3,2933,77,31,0.40377358490566,0.590073529411765,0.479462285287528,0.31532416502947,1,0.180685358255452,0.409926470588235,0.1613445
urban_events,1,Added events = 30%,AddedEvents,added-event ratio,0.3,4,2933,77,40,0.410062893081761,0.539735099337748,0.466047176554682,0.303821062441752,1,0.184049079754601,0.460264900662252,0.1454715
urban_events,1,Added events = 30%,AddedEvents,added-event ratio,0.3,5,2933,77,30,0.40377358490566,0.585766423357664,0.478034251675354,0.314090019569472,1,0.18380062305296,0.414233576642336,0.1664336
urban_events,1,Full LLGD runtime,Runtime,-,NaN,1,2256,77,26,0.408805031446541,0.632295719844358,0.496562261268144,0.330284552845528,1,0.184615384615385,0.367704280155642,0.1355304
urban_events,1,Full LLGD runtime,Runtime,-,NaN,2,2256,77,26,0.408805031446541,0.632295719844358,0.496562261268144,0.330284552845528,1,0.184615384615385,0.367704280155642,0.1327078
urban_events,1,Full LLGD runtime,Runtime,-,NaN,3,2256,77,26,0.408805031446541,0.632295719844358,0.496562261268144,0.330284552845528,1,0.184615384615385,0.367704280155642,0.1386179
urban_events,2,Full LLGD,Full,-,NaN,1,5626,88,32,0.0564476885644769,0.215613382899628,0.0894716544543,0.0468308437626161,NaN,0.344827586206897,0.784386617100372,0.352472
urban_events,2,w/o weighted support,Ablation,UseWeights,0,1,5626,88,277,0.727980535279805,0.370755885997522,0.491297208538588,0.325642141924249,1.28571428571429,0.262700534759358,0.629244114002478,0.9315969
urban_events,2,w/o local verification,Ablation,UseVerification,0,1,5626,88,38,0.0637469586374696,0.207936507936508,0.0975791433891993,0.0512920908379013,1,0.305343511450382,0.792063492063492,0.3401745
urban_events,2,w/o global expansion,Ablation,UseGlobalExpansion,0,1,5626,88,49,0.159124087591241,0.477372262773723,0.238686131386861,0.135515955242437,3.5,0.0214067278287462,0.522627737226277,0.3183957
urban_events,2,unit estimation weights,Ablation,UseWeights,0,1,5626,88,29,0.0564476885644769,0.257206208425721,0.0925778132482043,0.0485355648535565,NaN,0.344827586206897,0.742793791574279,0.3704563
urban_events,2,unit support tests,Ablation,UseMultiplicitySupport,0,1,5626,88,241,0.727493917274939,0.365793980915097,0.486812113318137,0.321712933075102,1.3448275862069,0.292976588628763,0.634206019084903,0.6652438
urban_events,2,MAD = 3,Sensitivity,MAD,3,1,5626,88,33,0.162043795620438,0.456164383561644,0.239138240574506,0.135807504078303,1,0.117117117117117,0.543835616438356,0.4058814
urban_events,2,MAD = 3.5,Sensitivity,MAD,3.5,1,5626,88,32,0.0564476885644769,0.215613382899628,0.0894716544543,0.0468308437626161,NaN,0.344827586206897,0.784386617100372,0.3697143
urban_events,2,MAD = 4,Sensitivity,MAD,4,1,5626,88,32,0.0588807785888078,0.22040072859745,0.0929339477726575,0.0487313733387032,NaN,0.363636363636364,0.77959927140255,0.3134763
urban_events,2,p_in = 0.7,Sensitivity,p_in,0.7,1,5626,88,34,0.059367396593674,0.222222222222222,0.0937019969278034,0.0491539081385979,1,0.327868852459016,0.777777777777778,0.3388004
urban_events,2,p_in = 0.8,Sensitivity,p_in,0.8,1,5626,88,32,0.0564476885644769,0.215613382899628,0.0894716544543,0.0468308437626161,NaN,0.344827586206897,0.784386617100372,0.3310755
urban_events,2,p_in = 0.9,Sensitivity,p_in,0.9,1,5626,88,29,0.0564476885644769,0.225242718446602,0.090272373540856,0.0472697636511817,NaN,0.344827586206897,0.774757281553398,0.3379935
urban_events,2,p_w = 0.7,Sensitivity,p_w,0.7,1,5626,88,32,0.0564476885644769,0.215613382899628,0.0894716544543,0.0468308437626161,NaN,0.344827586206897,0.784386617100372,0.3279705
urban_events,2,p_w = 0.8,Sensitivity,p_w,0.8,1,5626,88,32,0.0564476885644769,0.215613382899628,0.0894716544543,0.0468308437626161,NaN,0.344827586206897,0.784386617100372,0.337172
urban_events,2,p_w = 0.9,Sensitivity,p_w,0.9,1,5626,88,32,0.0564476885644769,0.215613382899628,0.0894716544543,0.0468308437626161,NaN,0.344827586206897,0.784386617100372,0.3287669
urban_events,2,overlap = 0.7,Sensitivity,overlap,0.7,1,5626,88,32,0.0564476885644769,0.215613382899628,0.0894716544543,0.0468308437626161,NaN,0.344827586206897,0.784386617100372,0.3746619
urban_events,2,overlap = 0.8,Sensitivity,overlap,0.8,1,5626,88,32,0.0564476885644769,0.215613382899628,0.0894716544543,0.0468308437626161,NaN,0.344827586206897,0.784386617100372,0.3685681
urban_events,2,overlap = 0.9,Sensitivity,overlap,0.9,1,5626,88,32,0.0564476885644769,0.215213358070501,0.0894371626831149,0.0468119451170299,NaN,0.344827586206897,0.784786641929499,0.3911021
urban_events,2,eps_s = 0.015,Sensitivity,eps_s,0.015,1,5626,88,30,0.0579075425790754,0.252653927813163,0.0942201108471892,0.0494391358537599,1,0.319327731092437,0.747346072186836,0.3655939
urban_events,2,eps_s = 0.02,Sensitivity,eps_s,0.02,1,5626,88,32,0.0564476885644769,0.215613382899628,0.0894716544543,0.0468308437626161,NaN,0.344827586206897,0.784386617100372,0.3744591
urban_events,2,eps_s = 0.025,Sensitivity,eps_s,0.025,1,5626,88,42,0.169829683698297,0.41547619047619,0.241105354058722,0.137077769049489,1,0.117478510028653,0.58452380952381,0.3667895
urban_events,2,eps_t = 0.005,Sensitivity,eps_t,0.005,1,5626,88,9,0.111435523114355,0.792387543252595,0.195392491467577,0.108274231678487,1,0.0131004366812227,0.207612456747405,0.2503948
urban_events,2,eps_t = 0.01,Sensitivity,eps_t,0.01,1,5626,88,33,0.199513381995134,0.492196878751501,0.28393351800554,0.16545601291364,1,0.146341463414634,0.507803121248499,0.3302852
urban_events,2,eps_t = 0.015,Sensitivity,eps_t,0.015,1,5626,88,34,0.169343065693431,0.476060191518468,0.249820531227566,0.142739950779327,1,0.114942528735632,0.523939808481532,0.3816244
urban_events,2,eps_t = 0.02,Sensitivity,eps_t,0.02,1,5626,88,32,0.0564476885644769,0.215613382899628,0.0894716544543,0.0468308437626161,NaN,0.344827586206897,0.784386617100372,0.360944
urban_events,2,eps_t = 0.025,Sensitivity,eps_t,0.025,1,5626,88,32,0.0564476885644769,0.215613382899628,0.0894716544543,0.0468308437626161,NaN,0.344827586206897,0.784386617100372,0.376076
urban_events,2,Event retention = 25%,Sparsity,retention,0.25,1,1407,79,6,0.092485549132948,0.470588235294118,0.154589371980676,0.0837696335078534,1,0.0208333333333334,0.529411764705882,0.0377703
urban_events,2,Event retention = 25%,Sparsity,retention,0.25,2,1407,83,2,0.1252408477842,0.783132530120482,0.215946843853821,0.121042830540037,1,0.0307692307692308,0.216867469879518,0.0345408
urban_events,2,Event retention = 25%,Sparsity,retention,0.25,3,1407,81,1,0.108606557377049,1,0.195933456561922,0.108606557377049,1,0.0188679245283019,0,0.0344443
urban_events,2,Event retention = 25%,Sparsity,retention,0.25,4,1407,81,2,0.134920634920635,0.708333333333333,0.226666666666667,0.12781954887218,1,0.0882352941176471,0.291666666666667,0.0425377
urban_events,2,Event retention = 25%,Sparsity,retention,0.25,5,1407,80,2,0.0984555984555985,0.772727272727273,0.174657534246575,0.0956848030018762,1,0.0196078431372549,0.227272727272727,0.0423726
urban_events,2,Event retention = 50%,Sparsity,retention,0.5,1,2813,86,12,0.172549019607843,0.602739726027397,0.268292682926829,0.154929577464789,1,0.119318181818182,0.397260273972603,0.1591285
urban_events,2,Event retention = 50%,Sparsity,retention,0.5,2,2813,85,11,0.157238734419942,0.607407407407407,0.24980959634425,0.142732811140122,1,0.134146341463415,0.392592592592593,0.1314892
urban_events,2,Event retention = 50%,Sparsity,retention,0.5,3,2813,86,10,0.0496524329692155,0.29585798816568,0.0850340136054422,0.044404973357016,NaN,0.38,0.70414201183432,0.1402947
urban_events,2,Event retention = 50%,Sparsity,retention,0.5,4,2813,85,8,0.0565853658536585,0.384105960264901,0.0986394557823129,0.0518783542039356,NaN,0.413793103448276,0.615894039735099,0.1430405
urban_events,2,Event retention = 50%,Sparsity,retention,0.5,5,2813,83,11,0.159803921568627,0.599264705882353,0.252321981424149,0.144375553587245,1,0.104294478527607,0.400735294117647,0.1602646
urban_events,2,Event retention = 75%,Sparsity,retention,0.75,1,4220,86,24,0.059469941822883,0.282208588957055,0.0982381206620395,0.051656372824256,NaN,0.391304347826087,0.717791411042945,0.2437311
urban_events,2,Event retention = 75%,Sparsity,retention,0.75,2,4220,87,22,0.0585614258434118,0.292993630573248,0.0976127320954907,0.0513106525376464,NaN,0.369565217391304,0.707006369426752,0.2397198
urban_events,2,Event retention = 75%,Sparsity,retention,0.75,3,4220,86,21,0.0582842174197773,0.25,0.0945300053106745,0.0496098104793757,NaN,0.438202247191011,0.75,0.2289476
urban_events,2,Event retention = 75%,Sparsity,retention,0.75,4,4220,86,22,0.052937378954164,0.234285714285714,0.086361242759347,0.0451293340671436,NaN,0.329268292682927,0.765714285714286,0.2679494
urban_events,2,Event retention = 75%,Sparsity,retention,0.75,5,4220,86,25,0.169112954690491,0.531062124248497,0.256534365924492,0.147140477512493,1,0.135849056603774,0.468937875751503,0.2814913
urban_events,2,Added events = 5%,AddedEvents,added-event ratio,0.05,1,5907,88,37,0.0564476885644769,0.202797202797203,0.0883136657784545,0.0461967343687774,NaN,0.344827586206897,0.797202797202797,0.4368917
urban_events,2,Added events = 5%,AddedEvents,added-event ratio,0.05,2,5907,88,40,0.0554744525547445,0.193548387096774,0.086232980332829,0.0450592885375494,NaN,0.342105263157895,0.806451612903226,0.3880272
urban_events,2,Added events = 5%,AddedEvents,added-event ratio,0.05,3,5907,88,38,0.0710462287104623,0.237012987012987,0.109322351179334,0.0578217821782178,1,0.287671232876712,0.762987012987013,0.3908265
urban_events,2,Added events = 5%,AddedEvents,added-event ratio,0.05,4,5907,88,37,0.0569343065693431,0.203478260869565,0.0889733840304182,0.0465578989255869,NaN,0.341880341880342,0.796521739130435,0.382731
urban_events,2,Added events = 5%,AddedEvents,added-event ratio,0.05,5,5907,88,41,0.078345498783455,0.236764705882353,0.117733089579525,0.0625485625485625,1,0.304347826086957,0.763235294117647,0.3619163
urban_events,2,Added events = 10%,AddedEvents,added-event ratio,0.1,1,6189,88,38,0.0564476885644769,0.197614991482112,0.0878122634367903,0.0459224069675376,NaN,0.344827586206897,0.802385008517888,0.3972156
urban_events,2,Added events = 10%,AddedEvents,added-event ratio,0.1,2,6189,88,43,0.0549878345498783,0.185855263157895,0.084866691701089,0.0443137254901961,NaN,0.336283185840708,0.814144736842105,0.3864272
urban_events,2,Added events = 10%,AddedEvents,added-event ratio,0.1,3,6189,88,44,0.0559610705596107,0.173453996983409,0.0846210448859456,0.0441797925470611,NaN,0.339130434782609,0.826546003016591,0.3566592
urban_events,2,Added events = 10%,AddedEvents,added-event ratio,0.1,4,6189,88,41,0.0564476885644769,0.193979933110368,0.0874481718808896,0.0457232952305873,NaN,0.344827586206897,0.806020066889632,0.3794829
urban_events,2,Added events = 10%,AddedEvents,added-event ratio,0.1,5,6189,88,42,0.166423357664234,0.416058394160584,0.237747653806048,0.13491124260355,1,0.116959064327485,0.583941605839416,0.4179875
urban_events,2,Added events = 20%,AddedEvents,added-event ratio,0.2,1,6751,88,43,0.0569343065693431,0.188102893890675,0.0874112812850205,0.045703125,NaN,0.341880341880342,0.811897106109325,0.4273498
urban_events,2,Added events = 20%,AddedEvents,added-event ratio,0.2,2,6751,88,48,0.168369829683698,0.383167220376523,0.23394185260311,0.132465543644717,1,0.115606936416185,0.616832779623477,0.4075774
urban_events,2,Added events = 20%,AddedEvents,added-event ratio,0.2,3,6751,88,52,0.191727493917275,0.375238095238095,0.25378421900161,0.145333825156769,1,0.137055837563452,0.624761904761905,0.4465084
urban_events,2,Added events = 20%,AddedEvents,added-event ratio,0.2,4,6751,88,50,0.205839416058394,0.417571569595262,0.275749674054759,0.15992438563327,1.5,0.163120567375887,0.582428430404738,0.4279103
urban_events,2,Added events = 20%,AddedEvents,added-event ratio,0.2,5,6751,88,40,0.0812652068126521,0.248511904761905,0.122478914558122,0.065234375,NaN,0.389221556886228,0.751488095238095,0.459124
urban_events,2,Added events = 30%,AddedEvents,added-event ratio,0.3,1,7314,88,48,0.191240875912409,0.403490759753593,0.259491581379993,0.149089529590288,1,0.137404580152672,0.596509240246407,0.5487243
urban_events,2,Added events = 30%,AddedEvents,added-event ratio,0.3,2,7314,88,55,0.0982968369829684,0.226711560044893,0.137135098438561,0.0736151603498542,1,0.301980198019802,0.773288439955107,0.4998714
urban_events,2,Added events = 30%,AddedEvents,added-event ratio,0.3,3,7314,88,45,0.226277372262774,0.339912280701754,0.271691498685364,0.157200811359026,1,0.27741935483871,0.660087719298246,0.5014595
urban_events,2,Added events = 30%,AddedEvents,added-event ratio,0.3,4,7314,88,48,0.170316301703163,0.353178607467205,0.229809586342745,0.129821958456973,1,0.12,0.646821392532795,0.4919644
urban_events,2,Added events = 30%,AddedEvents,added-event ratio,0.3,5,7314,88,44,0.203892944038929,0.471316085489314,0.284646739130435,0.165940594059406,1,0.138424821002387,0.528683914510686,0.5331912
urban_events,2,Full LLGD runtime,Runtime,-,NaN,1,5626,88,32,0.0564476885644769,0.215613382899628,0.0894716544543,0.0468308437626161,NaN,0.344827586206897,0.784386617100372,0.3407612
urban_events,2,Full LLGD runtime,Runtime,-,NaN,2,5626,88,32,0.0564476885644769,0.215613382899628,0.0894716544543,0.0468308437626161,NaN,0.344827586206897,0.784386617100372,0.4143333
urban_events,2,Full LLGD runtime,Runtime,-,NaN,3,5626,88,32,0.0564476885644769,0.218045112781955,0.0896791650560495,0.046944556859571,NaN,0.344827586206897,0.781954887218045,0.4110786
urban_events,3,Full LLGD,Full,-,NaN,1,4574,85,25,0.000692520775623269,0.00253807106598985,0.00108813928182807,0.000544365813826892,NaN,0,0.99746192893401,0.2733243
urban_events,3,w/o weighted support,Ablation,UseWeights,0,1,4574,85,222,0.813711911357341,0.355844942459116,0.495153813737885,0.329039484738169,1.59375,0.254468085106383,0.644155057540884,0.4987478
urban_events,3,w/o local verification,Ablation,UseVerification,0,1,4574,85,28,0.0962603878116343,0.174623115577889,0.124107142857143,0.0661589719181342,NaN,0.381294964028777,0.825376884422111,0.2435011
urban_events,3,w/o global expansion,Ablation,UseGlobalExpansion,0,1,4574,85,25,0.000692520775623269,0.00256410256410256,0.00109051254089422,0.000545553737043099,NaN,0,0.997435897435897,0.2466624
urban_events,3,unit estimation weights,Ablation,UseWeights,0,1,4574,85,24,0.000692520775623269,0.00259067357512953,0.00109289617486339,0.000546746856205577,NaN,0,0.99740932642487,0.2381847
urban_events,3,unit support tests,Ablation,UseMultiplicitySupport,0,1,4574,85,221,0.809556786703601,0.353278936234512,0.491899852724595,0.326171875,1.5,0.25748502994012,0.646721063765488,0.5590012
urban_events,3,MAD = 3,Sensitivity,MAD,3,1,4574,85,24,0.000692520775623269,0.0025974025974026,0.00109349371241115,0.000547045951859956,NaN,0,0.997402597402597,0.2617498
urban_events,3,MAD = 3.5,Sensitivity,MAD,3.5,1,4574,85,25,0.000692520775623269,0.00253807106598985,0.00108813928182807,0.000544365813826892,NaN,0,0.99746192893401,0.264039
urban_events,3,MAD = 4,Sensitivity,MAD,4,1,4574,85,25,0.000692520775623269,0.00253807106598985,0.00108813928182807,0.000544365813826892,NaN,0,0.99746192893401,0.2562248
urban_events,3,p_in = 0.7,Sensitivity,p_in,0.7,1,4574,85,26,0.000692520775623269,0.00247524752475248,0.00108225108225108,0.000541418516513265,NaN,0,0.997524752475248,0.2556737
urban_events,3,p_in = 0.8,Sensitivity,p_in,0.8,1,4574,85,25,0.000692520775623269,0.00253807106598985,0.00108813928182807,0.000544365813826892,NaN,0,0.99746192893401,0.2546858
urban_events,3,p_in = 0.9,Sensitivity,p_in,0.9,1,4574,85,20,0.000692520775623269,0.00280112044817927,0.00111049416990561,0.000555555555555556,NaN,0,0.997198879551821,0.2787478
urban_events,3,p_w = 0.7,Sensitivity,p_w,0.7,1,4574,85,25,0.000692520775623269,0.00253807106598985,0.00108813928182807,0.000544365813826892,NaN,0,0.99746192893401,0.3851578
urban_events,3,p_w = 0.8,Sensitivity,p_w,0.8,1,4574,85,25,0.000692520775623269,0.00253807106598985,0.00108813928182807,0.000544365813826892,NaN,0,0.99746192893401,0.3782268
urban_events,3,p_w = 0.9,Sensitivity,p_w,0.9,1,4574,85,25,0.000692520775623269,0.00253807106598985,0.00108813928182807,0.000544365813826892,NaN,0,0.99746192893401,0.3937039
urban_events,3,overlap = 0.7,Sensitivity,overlap,0.7,1,4574,85,25,0.000692520775623269,0.00253807106598985,0.00108813928182807,0.000544365813826892,NaN,0,0.99746192893401,0.3719274
urban_events,3,overlap = 0.8,Sensitivity,overlap,0.8,1,4574,85,25,0.000692520775623269,0.00253807106598985,0.00108813928182807,0.000544365813826892,NaN,0,0.99746192893401,0.2612659
urban_events,3,overlap = 0.9,Sensitivity,overlap,0.9,1,4574,85,25,0.000692520775623269,0.00253807106598985,0.00108813928182807,0.000544365813826892,NaN,0,0.99746192893401,0.2538344
urban_events,3,eps_s = 0.015,Sensitivity,eps_s,0.015,1,4574,85,18,0,0,0,0,NaN,NaN,1,0.2133052
urban_events,3,eps_s = 0.02,Sensitivity,eps_s,0.02,1,4574,85,25,0.000692520775623269,0.00253807106598985,0.00108813928182807,0.000544365813826892,NaN,0,0.99746192893401,0.2707042
urban_events,3,eps_s = 0.025,Sensitivity,eps_s,0.025,1,4574,85,27,0.0311634349030471,0.0875486381322957,0.0459652706843718,0.0235232618923157,NaN,0.222222222222222,0.912451361867704,0.354407
urban_events,3,eps_t = 0.005,Sensitivity,eps_t,0.005,1,4574,85,8,0.000692520775623269,0.003584229390681,0.00116076610562972,0.000580720092915215,NaN,0,0.996415770609319,0.2097114
urban_events,3,eps_t = 0.01,Sensitivity,eps_t,0.01,1,4574,85,21,0.000692520775623269,0.00279329608938547,0.00110987791342952,0.000555247084952804,NaN,0,0.997206703910615,0.2345461
urban_events,3,eps_t = 0.015,Sensitivity,eps_t,0.015,1,4574,85,25,0.000692520775623269,0.00254452926208651,0.00108873162765378,0.000544662309368192,NaN,0,0.997455470737914,0.2537814
urban_events,3,eps_t = 0.02,Sensitivity,eps_t,0.02,1,4574,85,25,0.000692520775623269,0.00253807106598985,0.00108813928182807,0.000544365813826892,NaN,0,0.99746192893401,0.2643469
urban_events,3,eps_t = 0.025,Sensitivity,eps_t,0.025,1,4574,85,25,0.000692520775623269,0.00253807106598985,0.00108813928182807,0.000544365813826892,NaN,0,0.99746192893401,0.2493907
urban_events,3,Event retention = 25%,Sparsity,retention,0.25,1,1144,72,1,0.00280898876404494,0.0142857142857143,0.00469483568075117,0.00235294117647059,NaN,0,0.985714285714286,0.0256549
urban_events,3,Event retention = 25%,Sparsity,retention,0.25,2,1144,77,0,0,0,0,0,NaN,NaN,0,0.0246581
urban_events,3,Event retention = 25%,Sparsity,retention,0.25,3,1144,75,1,0.00272479564032698,0.0172413793103448,0.00470588235294118,0.00235849056603774,NaN,0,0.982758620689655,0.021466
urban_events,3,Event retention = 25%,Sparsity,retention,0.25,4,1144,74,1,0.00274725274725275,0.0158730158730159,0.00468384074941452,0.00234741784037559,NaN,0,0.984126984126984,0.0293477
urban_events,3,Event retention = 25%,Sparsity,retention,0.25,5,1144,75,0,0,0,0,0,NaN,NaN,0,0.0207674
urban_events,3,Event retention = 50%,Sparsity,retention,0.5,1,2287,81,3,0,0,0,0,NaN,NaN,1,0.0794654
urban_events,3,Event retention = 50%,Sparsity,retention,0.5,2,2287,80,4,0,0,0,0,NaN,NaN,1,0.0921412
urban_events,3,Event retention = 50%,Sparsity,retention,0.5,3,2287,78,6,0.00136054421768707,0.00694444444444444,0.00227531285551763,0.00113895216400911,NaN,0,0.993055555555556,0.0844201
urban_events,3,Event retention = 50%,Sparsity,retention,0.5,4,2287,81,6,0,0,0,0,NaN,NaN,1,0.0821938
urban_events,3,Event retention = 50%,Sparsity,retention,0.5,5,2287,81,6,0.00134408602150538,0.00662251655629139,0.00223463687150838,0.00111856823266219,NaN,0,0.993377483443709,0.0749007
urban_events,3,Event retention = 75%,Sparsity,retention,0.75,1,3431,84,15,0.000914076782449726,0.004,0.00148809523809524,0.000744601638123604,NaN,0,0.996,0.164522
urban_events,3,Event retention = 75%,Sparsity,retention,0.75,2,3431,83,11,0,0,0,0,NaN,NaN,1,0.1684881
urban_events,3,Event retention = 75%,Sparsity,retention,0.75,3,3431,82,16,0.000925069380203515,0.0037593984962406,0.00148478099480327,0.000742942050520059,NaN,0,0.996240601503759,0.1571417
urban_events,3,Event retention = 75%,Sparsity,retention,0.75,4,3431,83,13,0.000921658986175115,0.00418410041841004,0.00151057401812689,0.000755857898715042,NaN,0,0.99581589958159,0.1454774
urban_events,3,Event retention = 75%,Sparsity,retention,0.75,5,3431,83,12,0.000933706816059757,0.00408163265306122,0.00151975683890578,0.000760456273764259,NaN,0,0.995918367346939,0.1425686
urban_events,3,Added events = 5%,AddedEvents,added-event ratio,0.05,1,4803,85,28,0.000692520775623269,0.00242130750605327,0.00107700592353258,0.000538793103448276,NaN,0,0.997578692493947,0.2521872
urban_events,3,Added events = 5%,AddedEvents,added-event ratio,0.05,2,4803,85,25,0.000692520775623269,0.00254452926208651,0.00108873162765378,0.000544662309368192,NaN,0,0.997455470737914,0.2674013
urban_events,3,Added events = 5%,AddedEvents,added-event ratio,0.05,3,4803,85,27,0.000692520775623269,0.00246913580246914,0.00108166576527853,0.000541125541125541,NaN,0,0.997530864197531,0.276254
urban_events,3,Added events = 5%,AddedEvents,added-event ratio,0.05,4,4803,85,26,0.000692520775623269,0.00232558139534884,0.00106723585912487,0.000533902829684997,NaN,0,0.997674418604651,0.2728812
urban_events,3,Added events = 5%,AddedEvents,added-event ratio,0.05,5,4803,85,26,0.00484764542936288,0.0154185022026432,0.00737618545837724,0.00370174510840825,1,0,0.984581497797357,0.2713427
urban_events,3,Added events = 10%,AddedEvents,added-event ratio,0.1,1,5031,85,29,0.000692520775623269,0.00236406619385343,0.00107123727905731,0.000535905680600214,NaN,0,0.997635933806147,0.2792104
urban_events,3,Added events = 10%,AddedEvents,added-event ratio,0.1,2,5031,85,26,0,0,0,0,NaN,NaN,1,0.2722811
urban_events,3,Added events = 10%,AddedEvents,added-event ratio,0.1,3,5031,85,30,0.028393351800554,0.0788461538461538,0.0417515274949083,0.0213208528341134,NaN,0.170731707317073,0.921153846153846,0.2765737
urban_events,3,Added events = 10%,AddedEvents,added-event ratio,0.1,4,5031,85,30,0.000692520775623269,0.00235294117647059,0.00107009095773141,0.000535331905781585,NaN,0,0.997647058823529,0.286573
urban_events,3,Added events = 10%,AddedEvents,added-event ratio,0.1,5,5031,85,27,0,0,0,0,NaN,NaN,1,0.3008089
urban_events,3,Added events = 20%,AddedEvents,added-event ratio,0.2,1,5489,85,28,0.010387811634349,0.0328227571115974,0.0157811678064177,0.00795334040296925,1,0,0.967177242888403,0.3172505
urban_events,3,Added events = 20%,AddedEvents,added-event ratio,0.2,2,5489,85,29,0.000692520775623269,0.0020746887966805,0.00103842159916926,0.000519480519480519,NaN,0,0.99792531120332,0.3473707
urban_events,3,Added events = 20%,AddedEvents,added-event ratio,0.2,3,5489,85,35,0.0346260387811634,0.0881834215167548,0.0497265042267529,0.0254971953085161,NaN,0.14,0.911816578483245,0.3402843
urban_events,3,Added events = 20%,AddedEvents,added-event ratio,0.2,4,5489,85,32,0.00692520775623269,0.0186915887850467,0.0101061141990905,0.00507872016251905,NaN,0,0.981308411214953,0.3107798
urban_events,3,Added events = 20%,AddedEvents,added-event ratio,0.2,5,5489,85,33,0,0,0,0,NaN,NaN,1,0.3059155
urban_events,3,Added events = 30%,AddedEvents,added-event ratio,0.3,1,5946,85,32,0,0,0,0,NaN,NaN,1,0.3372978
urban_events,3,Added events = 30%,AddedEvents,added-event ratio,0.3,2,5946,85,30,0,0,0,0,NaN,NaN,1,0.3331175
urban_events,3,Added events = 30%,AddedEvents,added-event ratio,0.3,3,5946,85,36,0.0886426592797784,0.133611691022964,0.106577851790175,0.0562884784520668,NaN,0.3125,0.866388308977035,0.3575611
urban_events,3,Added events = 30%,AddedEvents,added-event ratio,0.3,4,5946,85,33,0.038781163434903,0.0945945945945946,0.0550098231827112,0.0282828282828283,1,0.0357142857142857,0.905405405405405,0.386552
urban_events,3,Added events = 30%,AddedEvents,added-event ratio,0.3,5,5946,85,36,0.0367036011080332,0.0863192182410423,0.0515063168124393,0.0264339152119701,NaN,0.150943396226415,0.913680781758958,0.4237765
urban_events,3,Full LLGD runtime,Runtime,-,NaN,1,4574,85,25,0.000692520775623269,0.00253807106598985,0.00108813928182807,0.000544365813826892,NaN,0,0.99746192893401,0.2518537
urban_events,3,Full LLGD runtime,Runtime,-,NaN,2,4574,85,25,0.000692520775623269,0.00253807106598985,0.00108813928182807,0.000544365813826892,NaN,0,0.99746192893401,0.2500876
urban_events,3,Full LLGD runtime,Runtime,-,NaN,3,4574,85,25,0.000692520775623269,0.00253807106598985,0.00108813928182807,0.000544365813826892,NaN,0,0.99746192893401,0.2777615
urban_events,4,Full LLGD,Full,-,NaN,1,21068,123,89,0.663486416558862,0.308774834437086,0.421425636811832,0.266965970460017,1,0.56129661223495,0.691225165562914,1.9369229
urban_events,4,w/o weighted support,Ablation,UseWeights,0,1,21068,123,276,0.963939197930142,0.299472494348154,0.456974203687378,0.296154610492846,1.5,0.611977856064419,0.700527505651846,2.2403666
urban_events,4,w/o local verification,Ablation,UseVerification,0,1,21068,123,141,0.755659767141009,0.317567108392796,0.447198430546916,0.287994576605448,1.125,0.473357586133105,0.682432891607204,1.5454546
urban_events,4,w/o global expansion,Ablation,UseGlobalExpansion,0,1,21068,123,466,0.564359637774903,0.323747680890538,0.411459561424192,0.259017366780466,3.65625,0.0856733524355301,0.676252319109462,1.5431251
urban_events,4,unit estimation weights,Ablation,UseWeights,0,1,21068,123,51,0.944372574385511,0.301996069914159,0.457644385236267,0.296717813230363,1,0.782191780821918,0.698003930085841,4.1408209
urban_events,4,unit support tests,Ablation,UseMultiplicitySupport,0,1,21068,123,142,0.979139715394567,0.298776275535379,0.457844990548204,0.296886491787203,1,0.730635838150289,0.701223724464621,2.8868551
urban_events,4,MAD = 3,Sensitivity,MAD,3,1,21068,123,98,0.672865459249677,0.306068407502758,0.420749279538905,0.266423357664234,1.16666666666667,0.540735400144196,0.693931592497242,1.885075
urban_events,4,MAD = 3.5,Sensitivity,MAD,3.5,1,21068,123,89,0.663486416558862,0.308774834437086,0.421425636811832,0.266965970460017,1,0.56129661223495,0.691225165562914,1.9503957
urban_events,4,MAD = 4,Sensitivity,MAD,4,1,21068,123,83,0.685802069857697,0.314217974364674,0.430974035872161,0.274676165803109,1,0.564725300636642,0.685782025635326,1.8964597
urban_events,4,p_in = 0.7,Sensitivity,p_in,0.7,1,21068,123,93,0.683699870633894,0.312006493985684,0.428477324550291,0.272651060811247,1,0.559602649006623,0.687993506014316,2.0671394
urban_events,4,p_in = 0.8,Sensitivity,p_in,0.8,1,21068,123,89,0.663486416558862,0.308774834437086,0.421425636811832,0.266965970460017,1,0.56129661223495,0.691225165562914,2.0239728
urban_events,4,p_in = 0.9,Sensitivity,p_in,0.9,1,21068,123,88,0.692108667529107,0.298237056651104,0.416849281714147,0.263303598892648,1,0.582476635514019,0.701762943348896,1.8983355
urban_events,4,p_w = 0.7,Sensitivity,p_w,0.7,1,21068,123,64,0.850743855109961,0.302808794750777,0.446642329569573,0.287533475433131,1,0.743584869796617,0.697191205249223,3.2367294
urban_events,4,p_w = 0.8,Sensitivity,p_w,0.8,1,21068,123,89,0.663486416558862,0.308774834437086,0.421425636811832,0.266965970460017,1,0.56129661223495,0.691225165562914,1.9967891
urban_events,4,p_w = 0.9,Sensitivity,p_w,0.9,1,21068,123,85,0.667367399741268,0.303099294947121,0.416868686868687,0.263319083774644,1,0.578143930215653,0.696900705052879,2.0037673
urban_events,4,overlap = 0.7,Sensitivity,overlap,0.7,1,21068,123,89,0.663486416558862,0.308125563232202,0.420820512820513,0.266480483211015,1,0.56129661223495,0.691874436767798,2.9354739
urban_events,4,overlap = 0.8,Sensitivity,overlap,0.8,1,21068,123,89,0.663486416558862,0.308774834437086,0.421425636811832,0.266965970460017,1,0.56129661223495,0.691225165562914,2.0796868
urban_events,4,overlap = 0.9,Sensitivity,overlap,0.9,1,21068,123,87,0.66849935316947,0.310406968013215,0.423956517280279,0.269000520562207,1,0.559022738268021,0.689593031986785,2.116898
urban_events,4,eps_s = 0.015,Sensitivity,eps_s,0.015,1,21068,123,141,0.635349288486417,0.326437354602858,0.431284302963776,0.274928276537681,1.25,0.370068719776024,0.673562645397142,1.7480672
urban_events,4,eps_s = 0.02,Sensitivity,eps_s,0.02,1,21068,123,89,0.663486416558862,0.308774834437086,0.421425636811832,0.266965970460017,1,0.56129661223495,0.691225165562914,2.0245888
urban_events,4,eps_s = 0.025,Sensitivity,eps_s,0.025,1,21068,123,22,0.981888745148771,0.297544960062724,0.456695874544019,0.29592085384278,NaN,0.8633069828722,0.702455039937276,3.5629159
urban_events,4,eps_t = 0.005,Sensitivity,eps_t,0.005,1,21068,123,21,0.958117723156533,0.299757158757462,0.456647398843931,0.295880149812734,NaN,0.921518987341772,0.700242841242538,6.736147
urban_events,4,eps_t = 0.01,Sensitivity,eps_t,0.01,1,21068,123,29,0.983344113842173,0.3,0.459741437967793,0.298483286702989,NaN,0.913172175629008,0.7,4.3835396
urban_events,4,eps_t = 0.015,Sensitivity,eps_t,0.015,1,21068,123,33,0.977846054333765,0.299356435643564,0.458383869011522,0.29733982396617,1,0.90722672399537,0.700643564356436,5.1086084
urban_events,4,eps_t = 0.02,Sensitivity,eps_t,0.02,1,21068,123,89,0.663486416558862,0.308774834437086,0.421425636811832,0.266965970460017,1,0.56129661223495,0.691225165562914,1.9374734
urban_events,4,eps_t = 0.025,Sensitivity,eps_t,0.025,1,21068,123,89,0.663486416558862,0.308774834437086,0.421425636811832,0.266965970460017,1,0.56129661223495,0.691225165562914,1.9888362
urban_events,4,Event retention = 25%,Sparsity,retention,0.25,1,5267,112,24,0.289196310935441,0.31046676096181,0.299454297407913,0.176093060569595,1.5,0.343963553530752,0.68953323903819,0.3473147
urban_events,4,Event retention = 25%,Sparsity,retention,0.25,2,5267,111,21,0.204618345093008,0.291590493601462,0.240482472672446,0.136675235646958,1,0.379310344827586,0.708409506398538,0.3607519
urban_events,4,Event retention = 25%,Sparsity,retention,0.25,3,5267,116,12,0.115112540192926,0.244535519125683,0.156536947966769,0.0849146110056926,NaN,0.385474860335196,0.755464480874317,0.3975681
urban_events,4,Event retention = 25%,Sparsity,retention,0.25,4,5267,113,22,0.285895003162555,0.343204252088079,0.311939268461008,0.184791496320523,1,0.484513274336283,0.656795747911921,0.3824772
urban_events,4,Event retention = 25%,Sparsity,retention,0.25,5,5267,114,16,0.186525265127885,0.348484848484849,0.242990654205607,0.138297872340426,1,0.381270903010033,0.651515151515151,0.3885661
urban_events,4,Event retention = 50%,Sparsity,retention,0.5,1,10534,119,54,0.444695989650711,0.325212866603595,0.37568306010929,0.231286795626577,1.25,0.507636363636364,0.674787133396405,0.8467684
urban_events,4,Event retention = 50%,Sparsity,retention,0.5,2,10534,119,42,0.59822309970385,0.299456432218745,0.399121844127333,0.249314317059792,1,0.613311331133113,0.700543567781255,0.9665596
urban_events,4,Event retention = 50%,Sparsity,retention,0.5,3,10534,121,46,0.408255401483392,0.325199075263293,0.362024592507864,0.221019553072626,1,0.506319115323855,0.674800924736707,1.0429215
urban_events,4,Event retention = 50%,Sparsity,retention,0.5,4,10534,118,44,0.422121896162528,0.337458107759732,0.375071633237822,0.230823487921002,1,0.407181054239878,0.662541892240268,0.8625061
urban_events,4,Event retention = 50%,Sparsity,retention,0.5,5,10534,120,48,0.581735456613585,0.319585788252098,0.412537451025582,0.259872241579559,1.25,0.535754189944134,0.680414211747902,0.8507477
urban_events,4,Event retention = 75%,Sparsity,retention,0.75,1,15801,122,27,0.92466194462331,0.297781157116195,0.450486249085015,0.290727493588878,NaN,0.861188486536676,0.702218842883805,3.0292505
urban_events,4,Event retention = 75%,Sparsity,retention,0.75,2,15801,122,68,0.571305099394987,0.30938450737187,0.401396690450888,0.251092117758784,1,0.549924357034796,0.69061549262813,1.3225345
urban_events,4,Event retention = 75%,Sparsity,retention,0.75,3,15801,122,43,0.826219512195122,0.295275896956962,0.435066796628634,0.278009819007841,1,0.840801265155509,0.704724103043038,2.7809802
urban_events,4,Event retention = 75%,Sparsity,retention,0.75,4,15801,120,68,0.633917129431867,0.322678843226788,0.427665706051873,0.271994134897361,1,0.476415094339623,0.677321156773212,1.6110759
urban_events,4,Event retention = 75%,Sparsity,retention,0.75,5,15801,122,78,0.552648509543213,0.301544582260707,0.390188507835567,0.242381489841986,1,0.502134264648816,0.698455417739293,1.3374466
urban_events,4,Added events = 5%,AddedEvents,added-event ratio,0.05,1,22121,123,108,0.668175937904269,0.290290852887453,0.404740914879028,0.253714847107945,1,0.527589545014521,0.709709147112547,1.9319257
urban_events,4,Added events = 5%,AddedEvents,added-event ratio,0.05,2,22121,123,68,0.953913324708926,0.290906401025742,0.445846874763812,0.286874483295239,1,0.772164773690456,0.709093598974258,3.3909089
urban_events,4,Added events = 5%,AddedEvents,added-event ratio,0.05,3,22121,123,102,0.695504527813713,0.300979706088174,0.420142619908176,0.265937055586471,1.33333333333333,0.530574285049988,0.699020293911826,2.1391953
urban_events,4,Added events = 5%,AddedEvents,added-event ratio,0.05,4,22121,123,103,0.72477360931436,0.309423541594753,0.433692970148532,0.276888861432013,1.25,0.541276215975011,0.690576458405247,1.9785487
urban_events,4,Added events = 5%,AddedEvents,added-event ratio,0.05,5,22121,123,94,0.697768434670116,0.302679573512907,0.422211350293542,0.267596899224806,1,0.556431054461182,0.697320426487093,2.0554367
urban_events,4,Added events = 10%,AddedEvents,added-event ratio,0.1,1,23175,123,76,0.882761966364812,0.284160116599865,0.429927151013979,0.273826243980738,1,0.754167429932222,0.715839883400135,3.1093189
urban_events,4,Added events = 10%,AddedEvents,added-event ratio,0.1,2,23175,123,39,0.989974126778784,0.27751586582049,0.433508001699476,0.2767380887804,NaN,0.819666775563541,0.72248413417951,4.2194034
urban_events,4,Added events = 10%,AddedEvents,added-event ratio,0.1,3,23175,123,51,0.89391979301423,0.280381416108744,0.426872586872587,0.271352837227567,NaN,0.756874095513748,0.719618583891256,3.8736482
urban_events,4,Added events = 10%,AddedEvents,added-event ratio,0.1,4,23175,123,87,0.811610608020699,0.288713759779107,0.42591649694501,0.270580624292415,1,0.639171149631401,0.711286240220893,2.5526482
urban_events,4,Added events = 10%,AddedEvents,added-event ratio,0.1,5,23175,123,19,0.955853816300129,0.273189444007949,0.424930807663276,0.269785486079416,NaN,0.908814075452546,0.726810555992051,5.7677392
urban_events,4,Added events = 20%,AddedEvents,added-event ratio,0.2,1,25282,123,61,0.894081500646831,0.255865611550743,0.397869967257943,0.248338124326267,NaN,0.825646590703563,0.744134388449257,5.4864999
urban_events,4,Added events = 20%,AddedEvents,added-event ratio,0.2,2,25282,123,33,0.82503234152652,0.25544485054824,0.390105898994533,0.242317739254334,NaN,0.839670717365739,0.74455514945176,5.2003946
urban_events,4,Added events = 20%,AddedEvents,added-event ratio,0.2,3,25282,123,117,0.829236739974127,0.280955511724742,0.419708626616467,0.265589392997721,1,0.589703588143526,0.719044488275257,4.3090439
urban_events,4,Added events = 20%,AddedEvents,added-event ratio,0.2,4,25282,123,7,0.990944372574386,0.250613446752822,0.400052226139183,0.250040803003101,NaN,0.904373368146214,0.749386553247178,7.2902263
urban_events,4,Added events = 20%,AddedEvents,added-event ratio,0.2,5,25282,123,44,0.961190168175938,0.256008269446119,0.404326236310455,0.253389035723421,NaN,0.801480484522207,0.743991730553881,5.1264925
urban_events,4,Added events = 30%,AddedEvents,added-event ratio,0.3,1,27388,123,36,0.919954721862872,0.23811317595848,0.378308285676287,0.23328002624349,1,0.775531727895939,0.76188682404152,4.6061681
urban_events,4,Added events = 30%,AddedEvents,added-event ratio,0.3,2,27388,123,12,0.974450194049159,0.229877164873732,0.371998271498241,0.22849992416199,NaN,0.894291403916362,0.770122835126268,8.5232435
urban_events,4,Added events = 30%,AddedEvents,added-event ratio,0.3,3,27388,123,18,0.993046571798189,0.228425829489659,0.371416475142131,0.228061053960709,1,0.829018075232047,0.771574170510341,6.2167366
urban_events,4,Added events = 30%,AddedEvents,added-event ratio,0.3,4,27388,123,18,0.911545924967659,0.233387156874922,0.371625407917724,0.228218623481781,1,0.826503459286855,0.766612843125078,5.7070892
urban_events,4,Added events = 30%,AddedEvents,added-event ratio,0.3,5,27388,123,27,0.897962483829237,0.233123425692695,0.370150646580456,0.227107275776042,NaN,0.856834143706105,0.766876574307305,6.3428291
urban_events,4,Full LLGD runtime,Runtime,-,NaN,1,21068,123,89,0.663486416558862,0.308774834437086,0.421425636811832,0.266965970460017,1,0.56129661223495,0.691225165562914,1.9319133
urban_events,4,Full LLGD runtime,Runtime,-,NaN,2,21068,123,85,0.671410090556274,0.309089555572099,0.423306315950451,0.268477206595538,1,0.566473988439306,0.690910444427901,1.9376041
urban_events,4,Full LLGD runtime,Runtime,-,NaN,3,21068,123,88,0.664618369987063,0.303724504877328,0.4169202678028,0.263360246059208,1,0.569586374695864,0.696275495122672,1.9714534
urban_events,5,Full LLGD,Full,-,NaN,1,9792,105,67,0.413533834586466,0.398773006134969,0.406019307211811,0.254720342002138,1.33333333333333,0.407692307692308,0.601226993865031,0.9385898
urban_events,5,w/o weighted support,Ablation,UseWeights,0,1,9792,105,334,0.919028340080972,0.378693994280267,0.536371308016878,0.366466789667897,1.5,0.370044052863436,0.621306005719733,0.9237647
urban_events,5,w/o local verification,Ablation,UseVerification,0,1,9792,105,80,0.476286871023713,0.393172594891382,0.430757159670459,0.2745,1,0.430479659987857,0.606827405108618,0.6789268
urban_events,5,w/o global expansion,Ablation,UseGlobalExpansion,0,1,9792,105,112,0.139965297860035,0.274220963172805,0.185334099176718,0.102131251318844,1.875,0.03099173553719,0.725779036827195,0.7430291
urban_events,5,unit estimation weights,Ablation,UseWeights,0,1,9792,105,75,0.466454598033545,0.425481403323661,0.445026900262105,0.286195883605394,1.125,0.385616862988221,0.574518596676339,0.7994801
urban_events,5,unit support tests,Ablation,UseMultiplicitySupport,0,1,9792,105,307,0.916714864083285,0.374571664894246,0.531834577636104,0.362244314935436,1.28571428571429,0.414511041009464,0.625428335105754,0.9046026
urban_events,5,MAD = 3,Sensitivity,MAD,3,1,9792,105,69,0.410063620589936,0.391604529135598,0.40062155671705,0.250485779897545,1,0.361071932299013,0.608395470864402,0.7927288
urban_events,5,MAD = 3.5,Sensitivity,MAD,3.5,1,9792,105,67,0.413533834586466,0.398773006134969,0.406019307211811,0.254720342002138,1.33333333333333,0.407692307692308,0.601226993865031,0.7823919
urban_events,5,MAD = 4,Sensitivity,MAD,4,1,9792,105,70,0.436379410063621,0.419050263815607,0.427539311517212,0.271891891891892,1.25,0.398939695162359,0.580949736184393,0.7135545
urban_events,5,p_in = 0.7,Sensitivity,p_in,0.7,1,9792,105,74,0.404569115095431,0.394529046813311,0.399486007995431,0.249598572702944,1.16666666666667,0.390993566833452,0.605470953186689,0.7856408
urban_events,5,p_in = 0.8,Sensitivity,p_in,0.8,1,9792,105,67,0.413533834586466,0.398773006134969,0.406019307211811,0.254720342002138,1.33333333333333,0.407692307692308,0.601226993865031,0.7925873
urban_events,5,p_in = 0.9,Sensitivity,p_in,0.9,1,9792,105,57,0.37593984962406,0.383933845245127,0.37989479836353,0.234487734487734,1,0.451538461538462,0.616066154754873,0.7719513
urban_events,5,p_w = 0.7,Sensitivity,p_w,0.7,1,9792,105,62,0.435801041064199,0.419426662955747,0.427457098283931,0.271825396825397,1.5,0.411413404114134,0.580573337044253,0.7740485
urban_events,5,p_w = 0.8,Sensitivity,p_w,0.8,1,9792,105,67,0.413533834586466,0.398773006134969,0.406019307211811,0.254720342002138,1.33333333333333,0.407692307692308,0.601226993865031,0.7223894
urban_events,5,p_w = 0.9,Sensitivity,p_w,0.9,1,9792,105,68,0.413823019086177,0.391947411668036,0.402588268392179,0.252025361042621,1.33333333333333,0.412299091544375,0.608052588331964,0.8242844
urban_events,5,overlap = 0.7,Sensitivity,overlap,0.7,1,9792,105,67,0.413533834586466,0.398773006134969,0.406019307211811,0.254720342002138,1.33333333333333,0.407692307692308,0.601226993865031,0.7516515
urban_events,5,overlap = 0.8,Sensitivity,overlap,0.8,1,9792,105,67,0.413533834586466,0.398773006134969,0.406019307211811,0.254720342002138,1.33333333333333,0.407692307692308,0.601226993865031,0.7555971
urban_events,5,overlap = 0.9,Sensitivity,overlap,0.9,1,9792,105,67,0.413533834586466,0.398773006134969,0.406019307211811,0.254720342002138,1.33333333333333,0.407692307692308,0.601226993865031,0.7808482
urban_events,5,eps_s = 0.015,Sensitivity,eps_s,0.015,1,9792,105,65,0.365529207634471,0.420073113991359,0.390907685170867,0.242936767249664,1,0.353639240506329,0.579926886008641,1.055972
urban_events,5,eps_s = 0.02,Sensitivity,eps_s,0.02,1,9792,105,67,0.413533834586466,0.398773006134969,0.406019307211811,0.254720342002138,1.33333333333333,0.407692307692308,0.601226993865031,0.7707481
urban_events,5,eps_s = 0.025,Sensitivity,eps_s,0.025,1,9792,105,50,0.470213996529786,0.36101243339254,0.40844009042954,0.256628787878788,1,0.707872078720787,0.63898756660746,0.949058
urban_events,5,eps_t = 0.005,Sensitivity,eps_t,0.005,1,9792,105,34,0.202429149797571,0.307017543859649,0.243987452073893,0.138944025406908,1,0.501428571428571,0.692982456140351,0.6128027
urban_events,5,eps_t = 0.01,Sensitivity,eps_t,0.01,1,9792,105,54,0.447368421052632,0.373852102464959,0.407319641916798,0.255744751198545,1,0.499030381383323,0.626147897535041,0.745609
urban_events,5,eps_t = 0.015,Sensitivity,eps_t,0.015,1,9792,105,61,0.433776749566223,0.408052230685528,0.420521446593776,0.266240681576145,1,0.420666666666667,0.591947769314472,0.7620673
urban_events,5,eps_t = 0.02,Sensitivity,eps_t,0.02,1,9792,105,67,0.413533834586466,0.398773006134969,0.406019307211811,0.254720342002138,1.33333333333333,0.407692307692308,0.601226993865031,0.802842
urban_events,5,eps_t = 0.025,Sensitivity,eps_t,0.025,1,9792,105,67,0.413533834586466,0.398773006134969,0.406019307211811,0.254720342002138,1.33333333333333,0.407692307692308,0.601226993865031,0.7814543
urban_events,5,Event retention = 25%,Sparsity,retention,0.25,1,2448,88,6,0.0274463007159905,0.174242424242424,0.0474226804123711,0.0242872228088701,1,0,0.825757575757576,0.1356642
urban_events,5,Event retention = 25%,Sparsity,retention,0.25,2,2448,89,2,0,0,0,0,NaN,NaN,1,0.1016514
urban_events,5,Event retention = 25%,Sparsity,retention,0.25,3,2448,87,2,0.0139049826187717,0.164383561643836,0.0256410256410256,0.012987012987013,1,0,0.835616438356164,0.0990186
urban_events,5,Event retention = 25%,Sparsity,retention,0.25,4,2448,87,3,0.00121506682867558,0.0526315789473684,0.00237529691211401,0.00118906064209275,NaN,0,0.947368421052632,0.1031567
urban_events,5,Event retention = 25%,Sparsity,retention,0.25,5,2448,91,5,0.00702576112412178,0.0355029585798817,0.0117302052785924,0.00589970501474926,1,0.166666666666667,0.964497041420118,0.1108776
urban_events,5,Event retention = 50%,Sparsity,retention,0.5,1,4896,98,17,0.0641025641025641,0.205223880597015,0.0976909413854352,0.0513538748832866,1,0.0181818181818182,0.794776119402985,0.3111122
urban_events,5,Event retention = 50%,Sparsity,retention,0.5,2,4896,101,24,0.108558299827685,0.270773638968481,0.154981549815498,0.084,1.5,0.216931216931217,0.729226361031519,0.2902719
urban_events,5,Event retention = 50%,Sparsity,retention,0.5,3,4896,100,20,0.121668597914253,0.2945301542777,0.17220172201722,0.0942126514131898,1,0.276190476190476,0.7054698457223,0.2886264
urban_events,5,Event retention = 50%,Sparsity,retention,0.5,4,4896,99,22,0.0556858147713951,0.146153846153846,0.0806451612903226,0.0420168067226891,1,0.0421052631578948,0.853846153846154,0.3143145
urban_events,5,Event retention = 50%,Sparsity,retention,0.5,5,4896,102,26,0.110658124635993,0.342342342342342,0.167253521126761,0.0912584053794428,1,0.252631578947368,0.657657657657658,0.3726709
urban_events,5,Event retention = 75%,Sparsity,retention,0.75,1,7344,104,39,0.205589586523737,0.273421588594705,0.234702797202797,0.13295370141124,1,0.458100558659218,0.726578411405295,0.5261358
urban_events,5,Event retention = 75%,Sparsity,retention,0.75,2,7344,102,46,0.262937595129376,0.292054099746407,0.276732078494193,0.160585637927028,1,0.455861070911722,0.707945900253593,0.5049243
urban_events,5,Event retention = 75%,Sparsity,retention,0.75,3,7344,99,50,0.316743827160494,0.408864541832669,0.35695652173913,0.217253241598306,1,0.369062119366626,0.591135458167331,0.5200641
urban_events,5,Event retention = 75%,Sparsity,retention,0.75,4,7344,103,45,0.270197139543873,0.363494539781591,0.309977827050998,0.183416426134873,1,0.419170243204578,0.636505460218409,0.5472231
urban_events,5,Event retention = 75%,Sparsity,retention,0.75,5,7344,104,44,0.234083850931677,0.354289071680376,0.281907433380084,0.164081632653061,NaN,0.459369817578773,0.645710928319624,0.6222841
urban_events,5,Added events = 5%,AddedEvents,added-event ratio,0.05,1,10282,105,78,0.463562753036437,0.395509499136442,0.426840633737186,0.271327014218009,1,0.446662507797879,0.604490500863558,0.7951313
urban_events,5,Added events = 5%,AddedEvents,added-event ratio,0.05,2,10282,105,77,0.440717177559283,0.374631268436578,0.404996013818762,0.253915361546151,1.14285714285714,0.421259842519685,0.625368731563422,0.7867544
urban_events,5,Added events = 5%,AddedEvents,added-event ratio,0.05,3,10282,105,73,0.452862926547137,0.394955863808323,0.421931833490502,0.267372374935974,1,0.450830140485313,0.605044136191677,0.8562445
urban_events,5,Added events = 5%,AddedEvents,added-event ratio,0.05,4,10282,105,74,0.423655292076345,0.390562516662223,0.406436398945762,0.255048746518106,1.33333333333333,0.427986348122867,0.609437483337777,0.8159189
urban_events,5,Added events = 5%,AddedEvents,added-event ratio,0.05,5,10282,105,71,0.429438982070561,0.404521928629801,0.416608219946697,0.263111268603827,1.33333333333333,0.406734006734007,0.595478071370199,0.8697653
urban_events,5,Added events = 10%,AddedEvents,added-event ratio,0.1,1,10771,105,77,0.458646616541353,0.355366345507506,0.400454488069688,0.250355169692186,1.5,0.452711223203026,0.644633654492494,0.8520324
urban_events,5,Added events = 10%,AddedEvents,added-event ratio,0.1,2,10771,105,78,0.421052631578947,0.381551362683438,0.400329942260104,0.250257820556892,1,0.418269230769231,0.618448637316562,0.9703861
urban_events,5,Added events = 10%,AddedEvents,added-event ratio,0.1,3,10771,105,72,0.423076923076923,0.393173877989788,0.4075776570553,0.255948215535339,1,0.423103212576897,0.606826122010212,0.9337828
urban_events,5,Added events = 10%,AddedEvents,added-event ratio,0.1,4,10771,105,78,0.440717177559283,0.385725132877752,0.411391550816574,0.258963466440102,1.33333333333333,0.450131233595801,0.614274867122248,1.1066265
urban_events,5,Added events = 10%,AddedEvents,added-event ratio,0.1,5,10771,105,81,0.421341816078658,0.379130887327609,0.399123407752363,0.249315537303217,1.25,0.408373369938229,0.620869112672391,0.8599394
urban_events,5,Added events = 20%,AddedEvents,added-event ratio,0.2,1,11750,105,90,0.511856564488143,0.374761803938175,0.432709937660433,0.27608797379504,1.33333333333333,0.405649717514124,0.625238196061825,1.0039576
urban_events,5,Added events = 20%,AddedEvents,added-event ratio,0.2,2,11750,105,83,0.483227299016773,0.361531804413674,0.413613861386139,0.260727102512092,1,0.457211250748055,0.638468195586326,1.3873814
urban_events,5,Added events = 20%,AddedEvents,added-event ratio,0.2,3,11750,105,91,0.416714864083285,0.360340085021255,0.386482499664745,0.239527925531915,1,0.395558639833449,0.639659914978745,1.1452295
urban_events,5,Added events = 20%,AddedEvents,added-event ratio,0.2,4,11750,105,70,0.445054945054945,0.350170648464164,0.391952120208837,0.243744060817232,1,0.526315789473684,0.649829351535836,1.0427741
urban_events,5,Added events = 20%,AddedEvents,added-event ratio,0.2,5,11750,105,87,0.499132446500868,0.392987249544627,0.439745222929936,0.281841933376878,1.25,0.365005793742758,0.607012750455373,1.053301
urban_events,5,Added events = 30%,AddedEvents,added-event ratio,0.3,1,12730,105,76,0.626951995373048,0.357696749711269,0.455510032566446,0.294925860427153,1,0.487546125461255,0.642303250288731,1.0655159
urban_events,5,Added events = 30%,AddedEvents,added-event ratio,0.3,2,12730,105,83,0.543088490456912,0.343704245973646,0.42098184263618,0.266609880749574,1,0.505857294994675,0.656295754026354,1.1770278
urban_events,5,Added events = 30%,AddedEvents,added-event ratio,0.3,3,12730,105,86,0.554655870445344,0.368208869264734,0.442598361601477,0.284190250407468,1,0.5,0.631791130735266,1.092931
urban_events,5,Added events = 30%,AddedEvents,added-event ratio,0.3,4,12730,105,76,0.572296124927704,0.36811755952381,0.448041657233416,0.288694383661561,1,0.500757958564932,0.63188244047619,1.2445306
urban_events,5,Added events = 30%,AddedEvents,added-event ratio,0.3,5,12730,105,79,0.475997686524002,0.335712828880277,0.393732807080493,0.24512285927029,1,0.520048602673147,0.664287171119723,1.0536571
urban_events,5,Full LLGD runtime,Runtime,-,NaN,1,9792,105,67,0.413533834586466,0.398773006134969,0.406019307211811,0.254720342002138,1.33333333333333,0.407692307692308,0.601226993865031,0.7691632
urban_events,5,Full LLGD runtime,Runtime,-,NaN,2,9792,105,66,0.408906882591093,0.410330818340104,0.409617612977984,0.257559198542805,1.25,0.393917963224894,0.589669181659896,0.8150591
urban_events,5,Full LLGD runtime,Runtime,-,NaN,3,9792,105,68,0.41497975708502,0.399165507649513,0.406919041542606,0.255428978284087,1.25,0.393728222996516,0.600834492350487,0.7292643
urban_events,6,Full LLGD,Full,-,NaN,1,18143,107,44,0.954312114989733,0.327769615045548,0.487947854236843,0.322705705358176,1,0.899228976152053,0.672230384954452,3.5464328
urban_events,6,w/o weighted support,Ablation,UseWeights,0,1,18143,107,140,0.966803559206023,0.329888480177498,0.491924600583344,0.326193637780729,1.69230769230769,0.782300884955752,0.670111519822502,5.0856303
urban_events,6,w/o local verification,Ablation,UseVerification,0,1,18143,107,90,0.75119780971937,0.321776735322143,0.45055678144404,0.290786248923627,1,0.62004555808656,0.678223264677857,2.3849366
urban_events,6,w/o global expansion,Ablation,UseGlobalExpansion,0,1,18143,107,329,0.351129363449692,0.306818181818182,0.327481646983722,0.195801526717557,2.875,0.101851851851852,0.693181818181818,1.6202169
urban_events,6,unit estimation weights,Ablation,UseWeights,0,1,18143,107,45,0.718172484599589,0.328403755868545,0.450708762886598,0.290912871698898,1,0.806528472718609,0.671596244131455,2.5882805
urban_events,6,unit support tests,Ablation,UseMultiplicitySupport,0,1,18143,107,140,0.972450376454483,0.332144944476914,0.495164241526531,0.329048694343119,1.3,0.768256202709836,0.667855055523086,3.1249235
urban_events,6,MAD = 3,Sensitivity,MAD,3,1,18143,107,61,0.612765229295003,0.320132308242446,0.420551967116853,0.266265149825266,1,0.753420832169785,0.679867691757554,2.7028066
urban_events,6,MAD = 3.5,Sensitivity,MAD,3.5,1,18143,107,44,0.954312114989733,0.327769615045548,0.487947854236843,0.322705705358176,1,0.899228976152053,0.672230384954452,3.5922855
urban_events,6,MAD = 4,Sensitivity,MAD,4,1,18143,107,50,0.592060232717317,0.310620342939223,0.407466289819231,0.255860386009022,1,0.835838150289017,0.689379657060777,3.3271659
urban_events,6,p_in = 0.7,Sensitivity,p_in,0.7,1,18143,107,49,0.959616700889802,0.329050049873849,0.490059859308778,0.3245558192025,1,0.911911554921541,0.670949950126152,3.9928857
urban_events,6,p_in = 0.8,Sensitivity,p_in,0.8,1,18143,107,44,0.954312114989733,0.327769615045548,0.487947854236843,0.322705705358176,1,0.899228976152053,0.672230384954452,3.8693674
urban_events,6,p_in = 0.9,Sensitivity,p_in,0.9,1,18143,107,41,0.95362765229295,0.329256764740636,0.489503732981994,0.32406815142176,1,0.886775524851965,0.670743235259364,3.4580959
urban_events,6,p_w = 0.7,Sensitivity,p_w,0.7,1,18143,107,53,0.634496919917864,0.321707444039563,0.426943005181347,0.271409749670619,1,0.71655879180151,0.678292555960437,2.4203314
urban_events,6,p_w = 0.8,Sensitivity,p_w,0.8,1,18143,107,44,0.954312114989733,0.327769615045548,0.487947854236843,0.322705705358176,1,0.899228976152053,0.672230384954452,3.4620998
urban_events,6,p_w = 0.9,Sensitivity,p_w,0.9,1,18143,107,43,0.954312114989733,0.327731092436975,0.487905166003237,0.322668363804675,1,0.899228976152053,0.672268907563025,3.3968522
urban_events,6,overlap = 0.7,Sensitivity,overlap,0.7,1,18143,107,44,0.954312114989733,0.327769615045548,0.487947854236843,0.322705705358176,1,0.899228976152053,0.672230384954452,3.4403381
urban_events,6,overlap = 0.8,Sensitivity,overlap,0.8,1,18143,107,44,0.954312114989733,0.327769615045548,0.487947854236843,0.322705705358176,1,0.899228976152053,0.672230384954452,3.3836022
urban_events,6,overlap = 0.9,Sensitivity,overlap,0.9,1,18143,107,44,0.954312114989733,0.327769615045548,0.487947854236843,0.322705705358176,1,0.899228976152053,0.672230384954452,3.6235056
urban_events,6,eps_s = 0.015,Sensitivity,eps_s,0.015,1,18143,107,121,0.456536618754278,0.308474968204417,0.368177740978403,0.225623678646934,1,0.286731634182909,0.691525031795583,1.3435334
urban_events,6,eps_s = 0.02,Sensitivity,eps_s,0.02,1,18143,107,44,0.954312114989733,0.327769615045548,0.487947854236843,0.322705705358176,1,0.899228976152053,0.672230384954452,3.4462073
urban_events,6,eps_s = 0.025,Sensitivity,eps_s,0.025,1,18143,107,24,0.955509924709103,0.327968988605662,0.488325317009182,0.323035982876316,1,0.924606017191977,0.672031011394338,3.6716736
urban_events,6,eps_t = 0.005,Sensitivity,eps_t,0.005,1,18143,107,22,0.919062286105407,0.332384429729562,0.488206153706313,0.322931697931698,NaN,0.93539378141873,0.667615570270437,5.0136182
urban_events,6,eps_t = 0.01,Sensitivity,eps_t,0.01,1,18143,107,36,0.941820670773443,0.331546292392025,0.490443305858766,0.324892273183401,NaN,0.916424418604651,0.668453707607975,3.4527077
urban_events,6,eps_t = 0.015,Sensitivity,eps_t,0.015,1,18143,107,58,0.61652977412731,0.309695719443012,0.412289735667697,0.259675675675676,1.66666666666667,0.632528448515126,0.690304280556988,1.8916899
urban_events,6,eps_t = 0.02,Sensitivity,eps_t,0.02,1,18143,107,44,0.954312114989733,0.327769615045548,0.487947854236843,0.322705705358176,1,0.899228976152053,0.672230384954452,3.4101599
urban_events,6,eps_t = 0.025,Sensitivity,eps_t,0.025,1,18143,107,44,0.954312114989733,0.327769615045548,0.487947854236843,0.322705705358176,1,0.899228976152053,0.672230384954452,3.4344705
urban_events,6,Event retention = 25%,Sparsity,retention,0.25,1,4536,103,11,0.0891677675033025,0.314685314685315,0.138960370560988,0.0746681415929204,1,0.0592592592592592,0.685314685314685,0.2886489
urban_events,6,Event retention = 25%,Sparsity,retention,0.25,2,4536,101,17,0.170439414114514,0.343624161073825,0.227859368046284,0.128578603716725,NaN,0.3984375,0.656375838926174,0.3336752
urban_events,6,Event retention = 25%,Sparsity,retention,0.25,3,4536,104,9,0.0287433155080214,0.123209169054441,0.0466124661246612,0.0238623751387347,1,0,0.876790830945559,0.3007957
urban_events,6,Event retention = 25%,Sparsity,retention,0.25,4,4536,102,12,0.092553931802366,0.387755102040816,0.149438202247191,0.0807528840315726,1,0.240601503759398,0.612244897959184,0.3044448
urban_events,6,Event retention = 25%,Sparsity,retention,0.25,5,4536,103,14,0.141258741258741,0.425263157894737,0.212073490813648,0.118614210217264,1.33333333333333,0.099009900990099,0.574736842105263,0.2784638
urban_events,6,Event retention = 50%,Sparsity,retention,0.5,1,9072,105,54,0.319222761970854,0.311547578733491,0.315338474721508,0.187182095625636,1.25,0.303260869565217,0.688452421266509,0.6527101
urban_events,6,Event retention = 50%,Sparsity,retention,0.5,2,9072,107,50,0.341933264533884,0.373403456048084,0.356976117794936,0.217267759562842,1.25,0.262575452716298,0.626596543951916,0.6470045
urban_events,6,Event retention = 50%,Sparsity,retention,0.5,3,9072,105,44,0.360278745644599,0.338350785340314,0.348970637867027,0.2113654946852,1.16666666666667,0.411992263056093,0.661649214659686,0.6003906
urban_events,6,Event retention = 50%,Sparsity,retention,0.5,4,9072,105,44,0.341370995521874,0.329673985362608,0.335420544931461,0.201504676697845,1,0.423814328960646,0.670326014637392,0.6484424
urban_events,6,Event retention = 50%,Sparsity,retention,0.5,5,9072,107,49,0.340584636301835,0.31302717900656,0.32622497151229,0.1949037152305,1,0.432135728542914,0.68697282099344,0.6437886
urban_events,6,Event retention = 75%,Sparsity,retention,0.75,1,13607,107,52,0.44762553965008,0.305615885820664,0.363234073937494,0.221921820434832,1,0.593401015228426,0.694384114179336,1.1780694
urban_events,6,Event retention = 75%,Sparsity,retention,0.75,2,13607,107,34,0.917874396135266,0.328476166954804,0.483812295380138,0.319097888675624,1,0.893483709273183,0.671523833045196,2.3956112
urban_events,6,Event retention = 75%,Sparsity,retention,0.75,3,13607,106,34,0.728463128876637,0.324100572363042,0.448610030416637,0.289166514681744,1,0.831283506780196,0.675899427636958,1.9771647
urban_events,6,Event retention = 75%,Sparsity,retention,0.75,4,13607,107,49,0.555504796710827,0.316831683168317,0.403517504562801,0.252754105175639,1,0.699835526315789,0.683168316831683,1.3273721
urban_events,6,Event retention = 75%,Sparsity,retention,0.75,5,13607,107,39,0.56815578465063,0.308457711442786,0.399838774687626,0.249874055415617,NaN,0.830645161290323,0.691542288557214,1.812359
urban_events,6,Added events = 5%,AddedEvents,added-event ratio,0.05,1,19050,107,55,0.681895961670089,0.320106032613061,0.435685781446455,0.278515515795359,1,0.74930991217064,0.679893967386939,2.1012345
urban_events,6,Added events = 5%,AddedEvents,added-event ratio,0.05,2,19050,107,51,0.610198494182067,0.310059994783062,0.411184779475353,0.258799622614123,1,0.832305103757712,0.689940005216938,2.9023144
urban_events,6,Added events = 5%,AddedEvents,added-event ratio,0.05,3,19050,107,31,0.884496919917864,0.317779417189229,0.467571234735414,0.30511776164335,1,0.927839040433353,0.682220582810771,3.9883684
urban_events,6,Added events = 5%,AddedEvents,added-event ratio,0.05,4,19050,107,55,0.597022587268994,0.300542682401585,0.39981665043259,0.249856774563162,1,0.83061049011178,0.699457317598415,2.8694309
urban_events,6,Added events = 5%,AddedEvents,added-event ratio,0.05,5,19050,107,47,0.604551676933607,0.303444129519883,0.404071596042775,0.253189049734843,1,0.860458533823946,0.696555870480117,3.1067844
urban_events,6,Added events = 10%,AddedEvents,added-event ratio,0.1,1,19957,107,23,0.957563312799452,0.302535546304806,0.459800336880161,0.298532942117898,1,0.898856325947105,0.697464453695194,4.1788403
urban_events,6,Added events = 10%,AddedEvents,added-event ratio,0.1,2,19957,107,49,0.974674880219028,0.30559579376576,0.46530245476453,0.303188374940118,1,0.856741573033708,0.69440420623424,3.6673489
urban_events,6,Added events = 10%,AddedEvents,added-event ratio,0.1,3,19957,107,39,0.819815195071869,0.30033851554664,0.439621948981464,0.281740664510438,1,0.830098100605302,0.69966148445336,3.7130742
urban_events,6,Added events = 10%,AddedEvents,added-event ratio,0.1,4,19957,107,27,0.986995208761123,0.306140863011517,0.46732833704679,0.304910926679706,NaN,0.917822468793343,0.693859136988483,4.3489605
urban_events,6,Added events = 10%,AddedEvents,added-event ratio,0.1,5,19957,107,50,0.98750855578371,0.305295455747765,0.466399967672849,0.304120994940978,NaN,0.916305666262346,0.694704544252235,5.8654455
urban_events,6,Added events = 20%,AddedEvents,added-event ratio,0.2,1,21772,107,10,0.981006160164271,0.276036400404449,0.430842069665201,0.274568965517241,NaN,0.955695098552241,0.723963599595551,8.0032909
urban_events,6,Added events = 20%,AddedEvents,added-event ratio,0.2,2,21772,107,64,0.823750855578371,0.287351519130902,0.42607425764482,0.270707979531013,1,0.683631076028251,0.712648480869098,3.0708137
urban_events,6,Added events = 20%,AddedEvents,added-event ratio,0.2,3,21772,107,56,0.720396988364134,0.288158795345654,0.411655421922362,0.259172617581876,1,0.660095011876485,0.711841204654346,2.6348517
urban_events,6,Added events = 20%,AddedEvents,added-event ratio,0.2,4,21772,107,31,0.982375085557837,0.279734931540223,0.435468578146926,0.278338019974789,NaN,0.856645183765894,0.720265068459777,4.2464069
urban_events,6,Added events = 20%,AddedEvents,added-event ratio,0.2,5,21772,107,65,0.761806981519507,0.285329744279946,0.415162959854525,0.261959399823477,1,0.701033243486074,0.714670255720054,2.9903665
urban_events,6,Added events = 30%,AddedEvents,added-event ratio,0.3,1,23586,107,13,0.98750855578371,0.253225098727512,0.403087238946707,0.252416568254385,NaN,0.944723618090452,0.746774901272488,6.6604026
urban_events,6,Added events = 30%,AddedEvents,added-event ratio,0.3,2,23586,107,23,0.943874058863792,0.25799812909261,0.405230678812812,0.254099871015294,NaN,0.899927483683829,0.74200187090739,6.1164517
urban_events,6,Added events = 30%,AddedEvents,added-event ratio,0.3,3,23586,107,14,0.980835044490075,0.251856408453798,0.400797119183302,0.250623059770014,1,0.92794836008374,0.748143591546201,6.4451341
urban_events,6,Added events = 30%,AddedEvents,added-event ratio,0.3,4,23586,107,40,0.871663244353183,0.262347427511974,0.403309449348799,0.252590866266673,1,0.840596780526109,0.737652572488026,5.1405568
urban_events,6,Added events = 30%,AddedEvents,added-event ratio,0.3,5,23586,107,54,0.722621492128679,0.273953940966591,0.397290559292535,0.247886827893872,1,0.643855079327492,0.726046059033409,2.9488561
urban_events,6,Full LLGD runtime,Runtime,-,NaN,1,18143,107,44,0.954312114989733,0.327769615045548,0.487947854236843,0.322705705358176,1,0.899228976152053,0.672230384954452,3.3399197
urban_events,6,Full LLGD runtime,Runtime,-,NaN,2,18143,107,44,0.954140999315537,0.327730104619725,0.487881704436084,0.32264784168499,1,0.899390243902439,0.672269895380275,3.3808762
urban_events,6,Full LLGD runtime,Runtime,-,NaN,3,18143,107,44,0.954140999315537,0.327730104619725,0.487881704436084,0.32264784168499,1,0.899390243902439,0.672269895380275,4.9602621
urban_events,7,Full LLGD,Full,-,NaN,1,4494,93,27,0.0546184738955823,0.103186646433991,0.0714285714285714,0.037037037037037,NaN,0,0.896813353566009,0.5417412
urban_events,7,w/o weighted support,Ablation,UseWeights,0,1,4494,93,176,0.710843373493976,0.284657446124156,0.406522737712448,0.255116748342462,1.5,0.240677966101695,0.715342553875844,0.9115021
urban_events,7,w/o local verification,Ablation,UseVerification,0,1,4494,93,28,0.0891566265060241,0.145669291338583,0.110612855007474,0.0585443037974684,1,0.108108108108108,0.854330708661417,0.533124
urban_events,7,w/o global expansion,Ablation,UseGlobalExpansion,0,1,4494,93,35,0.0481927710843374,0.102739726027397,0.0656096227446692,0.0339174674957603,3,0,0.897260273972603,0.3204184
urban_events,7,unit estimation weights,Ablation,UseWeights,0,1,4494,93,27,0.0546184738955823,0.103500761035008,0.0715036803364879,0.0370774263904035,NaN,0,0.896499238964992,0.4388218
urban_events,7,unit support tests,Ablation,UseMultiplicitySupport,0,1,4494,93,192,0.693975903614458,0.2814332247557,0.400463499420626,0.250362213851058,1.56,0.233796296296296,0.7185667752443,0.6885157
urban_events,7,MAD = 3,Sensitivity,MAD,3,1,4494,93,26,0.0530120481927711,0.103125,0.070026525198939,0.0362836723474437,NaN,0,0.896875,0.5301479
urban_events,7,MAD = 3.5,Sensitivity,MAD,3.5,1,4494,93,27,0.0546184738955823,0.103186646433991,0.0714285714285714,0.037037037037037,NaN,0,0.896813353566009,0.5278093
urban_events,7,MAD = 4,Sensitivity,MAD,4,1,4494,93,27,0.0562248995983936,0.104790419161677,0.0731834814427601,0.0379815518176886,NaN,0,0.895209580838323,0.4912855
urban_events,7,p_in = 0.7,Sensitivity,p_in,0.7,1,4494,93,28,0.0891566265060241,0.156558533145275,0.113613101330604,0.0602278893109061,1,0.108108108108108,0.843441466854725,0.3671813
urban_events,7,p_in = 0.8,Sensitivity,p_in,0.8,1,4494,93,27,0.0546184738955823,0.103186646433991,0.0714285714285714,0.037037037037037,NaN,0,0.896813353566009,0.384719
urban_events,7,p_in = 0.9,Sensitivity,p_in,0.9,1,4494,93,24,0.0506024096385542,0.0996835443037975,0.0671283963771977,0.0347298787210584,NaN,0,0.900316455696203,0.3474512
urban_events,7,p_w = 0.7,Sensitivity,p_w,0.7,1,4494,93,27,0.0546184738955823,0.103186646433991,0.0714285714285714,0.037037037037037,NaN,0,0.896813353566009,0.3939351
urban_events,7,p_w = 0.8,Sensitivity,p_w,0.8,1,4494,93,27,0.0546184738955823,0.103186646433991,0.0714285714285714,0.037037037037037,NaN,0,0.896813353566009,0.3710738
urban_events,7,p_w = 0.9,Sensitivity,p_w,0.9,1,4494,93,27,0.0546184738955823,0.103186646433991,0.0714285714285714,0.037037037037037,NaN,0,0.896813353566009,0.3763381
urban_events,7,overlap = 0.7,Sensitivity,overlap,0.7,1,4494,93,27,0.0546184738955823,0.103186646433991,0.0714285714285714,0.037037037037037,NaN,0,0.896813353566009,0.3598226
urban_events,7,overlap = 0.8,Sensitivity,overlap,0.8,1,4494,93,27,0.0546184738955823,0.103186646433991,0.0714285714285714,0.037037037037037,NaN,0,0.896813353566009,0.3430444
urban_events,7,overlap = 0.9,Sensitivity,overlap,0.9,1,4494,93,27,0.0546184738955823,0.103186646433991,0.0714285714285714,0.037037037037037,NaN,0,0.896813353566009,0.3021125
urban_events,7,eps_s = 0.015,Sensitivity,eps_s,0.015,1,4494,93,24,0.0891566265060241,0.152263374485597,0.112462006079027,0.0595813204508857,1,0.108108108108108,0.847736625514403,0.2692719
urban_events,7,eps_s = 0.02,Sensitivity,eps_s,0.02,1,4494,93,27,0.0546184738955823,0.103186646433991,0.0714285714285714,0.037037037037037,NaN,0,0.896813353566009,0.3077908
urban_events,7,eps_s = 0.025,Sensitivity,eps_s,0.025,1,4494,93,30,0.0522088353413655,0.0907821229050279,0.0662927078021418,0.0342827004219409,NaN,0,0.909217877094972,0.3310328
urban_events,7,eps_t = 0.005,Sensitivity,eps_t,0.005,1,4494,93,16,0,0,0,0,NaN,NaN,1,0.1811692
urban_events,7,eps_t = 0.01,Sensitivity,eps_t,0.01,1,4494,93,25,0.0514056224899598,0.0923520923520924,0.066047471620227,0.0341515474919957,NaN,0,0.907647907647908,0.2637321
urban_events,7,eps_t = 0.015,Sensitivity,eps_t,0.015,1,4494,93,27,0.0546184738955823,0.0956399437412096,0.0695296523517382,0.0360169491525424,NaN,0,0.90436005625879,0.2914951
urban_events,7,eps_t = 0.02,Sensitivity,eps_t,0.02,1,4494,93,27,0.0546184738955823,0.103186646433991,0.0714285714285714,0.037037037037037,NaN,0,0.896813353566009,0.2668747
urban_events,7,eps_t = 0.025,Sensitivity,eps_t,0.025,1,4494,93,27,0.0546184738955823,0.103186646433991,0.0714285714285714,0.037037037037037,NaN,0,0.896813353566009,0.2674402
urban_events,7,Event retention = 25%,Sparsity,retention,0.25,1,1124,76,4,0,0,0,0,NaN,NaN,1,0.0207716
urban_events,7,Event retention = 25%,Sparsity,retention,0.25,2,1124,78,1,0,0,0,0,NaN,NaN,1,0.0189674
urban_events,7,Event retention = 25%,Sparsity,retention,0.25,3,1124,73,1,0,0,0,0,NaN,NaN,1,0.0291002
urban_events,7,Event retention = 25%,Sparsity,retention,0.25,4,1124,76,2,0,0,0,0,NaN,NaN,1,0.0275404
urban_events,7,Event retention = 25%,Sparsity,retention,0.25,5,1124,74,2,0,0,0,0,NaN,NaN,1,0.0212676
urban_events,7,Event retention = 50%,Sparsity,retention,0.5,1,2247,88,7,0.0512,0.125984251968504,0.0728100113765643,0.0377804014167651,NaN,0,0.874015748031496,0.0955524
urban_events,7,Event retention = 50%,Sparsity,retention,0.5,2,2247,87,9,0.0520504731861199,0.127906976744186,0.0739910313901345,0.0384167636786962,NaN,0,0.872093023255814,0.0883232
urban_events,7,Event retention = 50%,Sparsity,retention,0.5,3,2247,91,9,0.0323624595469256,0.0740740740740741,0.045045045045045,0.0230414746543779,NaN,0,0.925925925925926,0.0751725
urban_events,7,Event retention = 50%,Sparsity,retention,0.5,4,2247,86,9,0.0557377049180328,0.114093959731544,0.0748898678414097,0.0389016018306636,NaN,0,0.885906040268456,0.1018112
urban_events,7,Event retention = 50%,Sparsity,retention,0.5,5,2247,84,10,0.053968253968254,0.125461254612546,0.0754716981132075,0.0392156862745098,NaN,0.0294117647058824,0.874538745387454,0.1026476
urban_events,7,Event retention = 75%,Sparsity,retention,0.75,1,3371,90,18,0.0546038543897216,0.104508196721311,0.0717299578059072,0.037199124726477,NaN,0,0.895491803278688,0.1692101
urban_events,7,Event retention = 75%,Sparsity,retention,0.75,2,3371,86,24,0.0863539445628998,0.157894736842105,0.111647139903515,0.0591240875912409,NaN,0.111111111111111,0.842105263157895,0.190058
urban_events,7,Event retention = 75%,Sparsity,retention,0.75,3,3371,91,20,0.0563829787234043,0.109958506224066,0.0745428973277075,0.0387143900657414,NaN,0,0.890041493775934,0.1700265
urban_events,7,Event retention = 75%,Sparsity,retention,0.75,4,3371,89,22,0.0519067796610169,0.108167770419426,0.0701503221188261,0.0363501483679525,NaN,0,0.891832229580574,0.1742275
urban_events,7,Event retention = 75%,Sparsity,retention,0.75,5,3371,88,19,0.0602678571428571,0.104651162790698,0.0764872521246459,0.0397643593519882,NaN,0,0.895348837209302,0.1654742
urban_events,7,Added events = 5%,AddedEvents,added-event ratio,0.05,1,4719,93,30,0.0554216867469879,0.100583090379009,0.0714655618850337,0.0370569280343716,NaN,0,0.899416909620991,0.2847791
urban_events,7,Added events = 5%,AddedEvents,added-event ratio,0.05,2,4719,93,32,0.0546184738955823,0.0974212034383954,0.0699948533196088,0.0362666666666667,NaN,0,0.902578796561605,0.2721881
urban_events,7,Added events = 5%,AddedEvents,added-event ratio,0.05,3,4719,93,31,0.0546184738955823,0.0922659430122117,0.0686175580221998,0.0355276907001045,NaN,0,0.907734056987788,0.2934841
urban_events,7,Added events = 5%,AddedEvents,added-event ratio,0.05,4,4719,93,31,0.0554216867469879,0.0989956958393113,0.0710607621009269,0.0368392952482648,NaN,0,0.901004304160689,0.2970108
urban_events,7,Added events = 5%,AddedEvents,added-event ratio,0.05,5,4719,93,34,0.0859437751004016,0.142857142857143,0.107321965897693,0.0567037625861155,1,0.11214953271028,0.857142857142857,0.2681092
urban_events,7,Added events = 10%,AddedEvents,added-event ratio,0.1,1,4943,93,34,0.0554216867469879,0.0905511811023622,0.0687593423019432,0.0356037151702786,NaN,0,0.909448818897638,0.2982088
urban_events,7,Added events = 10%,AddedEvents,added-event ratio,0.1,2,4943,93,33,0.0554216867469879,0.0987124463519313,0.0709876543209877,0.0368,NaN,0,0.901287553648069,0.3012539
urban_events,7,Added events = 10%,AddedEvents,added-event ratio,0.1,3,4943,93,36,0.0514056224899598,0.0887656033287101,0.0651068158697864,0.0336487907465825,NaN,0,0.91123439667129,0.2838601
urban_events,7,Added events = 10%,AddedEvents,added-event ratio,0.1,4,4943,93,34,0.0514056224899598,0.0898876404494382,0.0654062340316812,0.0338087691494982,NaN,0,0.910112359550562,0.2949928
urban_events,7,Added events = 10%,AddedEvents,added-event ratio,0.1,5,4943,93,35,0.0923694779116466,0.151315789473684,0.114713216957606,0.0608465608465608,1,0.104347826086956,0.848684210526316,0.287186
urban_events,7,Added events = 20%,AddedEvents,added-event ratio,0.2,1,5393,93,35,0.0522088353413655,0.0897790055248619,0.0660233621127476,0.0341386554621849,NaN,0,0.910220994475138,0.3230106
urban_events,7,Added events = 20%,AddedEvents,added-event ratio,0.2,2,5393,93,35,0.0987951807228916,0.157289002557545,0.121361618154909,0.0646008403361345,1,0.0975609756097561,0.842710997442455,0.32714
urban_events,7,Added events = 20%,AddedEvents,added-event ratio,0.2,3,5393,93,38,0.0562248995983936,0.0916230366492147,0.0696864111498258,0.036101083032491,NaN,0,0.908376963350785,0.3279358
urban_events,7,Added events = 20%,AddedEvents,added-event ratio,0.2,4,5393,93,37,0.0899598393574297,0.143774069319641,0.110671936758893,0.0585774058577406,NaN,0.107142857142857,0.856225930680359,0.4267729
urban_events,7,Added events = 20%,AddedEvents,added-event ratio,0.2,5,5393,93,38,0.130120481927711,0.1822272215973,0.15182755388941,0.0821501014198783,NaN,0.253086419753086,0.8177727784027,0.4287992
urban_events,7,Added events = 30%,AddedEvents,added-event ratio,0.3,1,5842,93,36,0.0522088353413655,0.085978835978836,0.064967516241879,0.0335743801652893,NaN,0,0.914021164021164,0.4484937
urban_events,7,Added events = 30%,AddedEvents,added-event ratio,0.3,2,5842,93,37,0.0514056224899598,0.0836601307189542,0.063681592039801,0.0328879753340185,NaN,0,0.916339869281046,0.3828329
urban_events,7,Added events = 30%,AddedEvents,added-event ratio,0.3,3,5842,93,37,0.0522088353413655,0.0811485642946317,0.0635386119257087,0.0328117112569409,NaN,0,0.918851435705368,0.3578143
urban_events,7,Added events = 30%,AddedEvents,added-event ratio,0.3,4,5842,93,39,0.0522088353413655,0.0836550836550837,0.0642927794263106,0.0332141032192131,NaN,0,0.916344916344916,0.3752413
urban_events,7,Added events = 30%,AddedEvents,added-event ratio,0.3,5,5842,93,40,0.0514056224899598,0.0837696335078534,0.0637132901941264,0.0329048843187661,NaN,0,0.916230366492147,0.380121
urban_events,7,Full LLGD runtime,Runtime,-,NaN,1,4494,93,27,0.0546184738955823,0.103186646433991,0.0714285714285714,0.037037037037037,NaN,0,0.896813353566009,0.2622823
urban_events,7,Full LLGD runtime,Runtime,-,NaN,2,4494,93,27,0.0546184738955823,0.103186646433991,0.0714285714285714,0.037037037037037,NaN,0,0.896813353566009,0.2612556
urban_events,7,Full LLGD runtime,Runtime,-,NaN,3,4494,93,26,0.0546184738955823,0.103343465045593,0.0714661061481871,0.0370572207084469,NaN,0,0.896656534954407,0.2547956
urban_events,8,Full LLGD,Full,-,NaN,1,6674,94,50,0.172243554580362,0.295668549905838,0.217677642980936,0.122131466355504,1,0.375796178343949,0.704331450094162,0.4125049
urban_events,8,w/o weighted support,Ablation,UseWeights,0,1,6674,94,235,0.843115743280307,0.300078094494338,0.442620590352772,0.284208579881657,1.26923076923077,0.419648666232921,0.699921905505662,0.6693135
urban_events,8,w/o local verification,Ablation,UseVerification,0,1,6674,94,58,0.246845858475041,0.309278350515464,0.274557657107993,0.159123055162659,1,0.402222222222222,0.690721649484536,0.3478913
urban_events,8,w/o global expansion,Ablation,UseGlobalExpansion,0,1,6674,94,74,0.119583104772353,0.20722433460076,0.151652173913043,0.0820474219044035,1.8,0.0596330275229358,0.792775665399239,0.4157702
urban_events,8,unit estimation weights,Ablation,UseWeights,0,1,6674,94,51,0.185408667032364,0.261205564142195,0.216875200513314,0.121626484346887,1,0.411242603550296,0.738794435857805,0.4190999
urban_events,8,unit support tests,Ablation,UseMultiplicitySupport,0,1,6674,94,233,0.847504114097641,0.297286896286319,0.44017094017094,0.282191780821918,1.4375,0.447249190938511,0.702713103713681,0.6413697
urban_events,8,MAD = 3,Sensitivity,MAD,3,1,6674,94,53,0.167306637410861,0.237909516380655,0.19645732689211,0.108928571428571,1,0.370491803278688,0.762090483619345,0.4282786
urban_events,8,MAD = 3.5,Sensitivity,MAD,3.5,1,6674,94,50,0.172243554580362,0.295668549905838,0.217677642980936,0.122131466355504,1,0.375796178343949,0.704331450094162,0.4572083
urban_events,8,MAD = 4,Sensitivity,MAD,4,1,6674,94,50,0.173340647284696,0.296157450796626,0.218685121107266,0.122766122766123,1,0.376582278481013,0.703842549203374,0.4301639
urban_events,8,p_in = 0.7,Sensitivity,p_in,0.7,1,6674,94,52,0.172792100932529,0.292207792207792,0.217166494312306,0.121809744779582,1,0.374603174603175,0.707792207792208,0.4267571
urban_events,8,p_in = 0.8,Sensitivity,p_in,0.8,1,6674,94,50,0.172243554580362,0.295668549905838,0.217677642980936,0.122131466355504,1,0.375796178343949,0.704331450094162,0.5394824
urban_events,8,p_in = 0.9,Sensitivity,p_in,0.9,1,6674,94,49,0.172243554580362,0.298479087452471,0.218434782608696,0.122608356110894,1,0.375796178343949,0.701520912547528,0.5099894
urban_events,8,p_w = 0.7,Sensitivity,p_w,0.7,1,6674,94,49,0.172243554580362,0.296786389413989,0.217979868101354,0.122321776392676,1,0.375796178343949,0.703213610586011,0.4572203
urban_events,8,p_w = 0.8,Sensitivity,p_w,0.8,1,6674,94,50,0.172243554580362,0.295668549905838,0.217677642980936,0.122131466355504,1,0.375796178343949,0.704331450094162,0.7328238
urban_events,8,p_w = 0.9,Sensitivity,p_w,0.9,1,6674,94,50,0.172243554580362,0.295668549905838,0.217677642980936,0.122131466355504,1,0.375796178343949,0.704331450094162,0.7833364
urban_events,8,overlap = 0.7,Sensitivity,overlap,0.7,1,6674,94,50,0.172243554580362,0.295668549905838,0.217677642980936,0.122131466355504,1,0.375796178343949,0.704331450094162,0.5611015
urban_events,8,overlap = 0.8,Sensitivity,overlap,0.8,1,6674,94,50,0.172243554580362,0.295668549905838,0.217677642980936,0.122131466355504,1,0.375796178343949,0.704331450094162,0.5018951
urban_events,8,overlap = 0.9,Sensitivity,overlap,0.9,1,6674,94,50,0.172243554580362,0.295947219604147,0.217753120665742,0.122178988326848,1,0.375796178343949,0.704052780395853,0.5216791
urban_events,8,eps_s = 0.015,Sensitivity,eps_s,0.015,1,6674,94,47,0.170049369171695,0.256410256410256,0.204485488126649,0.113886847905952,2,0.274193548387097,0.743589743589744,0.4346491
urban_events,8,eps_s = 0.02,Sensitivity,eps_s,0.02,1,6674,94,50,0.172243554580362,0.295668549905838,0.217677642980936,0.122131466355504,1,0.375796178343949,0.704331450094162,0.4437905
urban_events,8,eps_s = 0.025,Sensitivity,eps_s,0.025,1,6674,94,57,0.174986286341196,0.236646884272997,0.201198360138757,0.111851332398317,1,0.373040752351097,0.763353115727003,0.4890387
urban_events,8,eps_t = 0.005,Sensitivity,eps_t,0.005,1,6674,94,30,0.0987383433900165,0.241286863270777,0.140132347216816,0.0753453327752198,NaN,0.372222222222222,0.758713136729222,0.361067
urban_events,8,eps_t = 0.01,Sensitivity,eps_t,0.01,1,6674,94,48,0.285792649478881,0.229111697449428,0.254332438369539,0.145693512304251,NaN,0.612284069097889,0.770888302550572,0.4636234
urban_events,8,eps_t = 0.015,Sensitivity,eps_t,0.015,1,6674,94,52,0.172243554580362,0.290740740740741,0.216327936617292,0.121282348397065,1,0.375796178343949,0.709259259259259,0.3984178
urban_events,8,eps_t = 0.02,Sensitivity,eps_t,0.02,1,6674,94,50,0.172243554580362,0.295668549905838,0.217677642980936,0.122131466355504,1,0.375796178343949,0.704331450094162,0.4351369
urban_events,8,eps_t = 0.025,Sensitivity,eps_t,0.025,1,6674,94,50,0.172243554580362,0.295668549905838,0.217677642980936,0.122131466355504,1,0.375796178343949,0.704331450094162,0.4384115
urban_events,8,Event retention = 25%,Sparsity,retention,0.25,1,1669,83,2,0.105831533477322,0.392,0.166666666666667,0.0909090909090909,NaN,0.26530612244898,0.608,0.0545067
urban_events,8,Event retention = 25%,Sparsity,retention,0.25,2,1669,78,4,0.0728476821192053,0.34020618556701,0.12,0.0638297872340425,1,0.121212121212121,0.65979381443299,0.0614781
urban_events,8,Event retention = 25%,Sparsity,retention,0.25,3,1669,79,2,0.00228310502283105,0.0136986301369863,0.00391389432485323,0.00196078431372549,NaN,0,0.986301369863014,0.0560572
urban_events,8,Event retention = 25%,Sparsity,retention,0.25,4,1669,73,6,0.0372093023255814,0.137931034482759,0.0586080586080586,0.030188679245283,1,0,0.862068965517241,0.0710097
urban_events,8,Event retention = 25%,Sparsity,retention,0.25,5,1669,80,4,0.0681318681318681,0.219858156028369,0.104026845637584,0.0548672566371681,NaN,0.354838709677419,0.780141843971631,0.0568963
urban_events,8,Event retention = 50%,Sparsity,retention,0.5,1,3337,89,15,0.11822125813449,0.265206812652068,0.163540885221305,0.0890522875816993,NaN,0.339449541284404,0.734793187347932,0.1761735
urban_events,8,Event retention = 50%,Sparsity,retention,0.5,2,3337,83,16,0.0924092409240924,0.213740458015267,0.129032258064516,0.0689655172413793,NaN,0.297619047619048,0.786259541984733,0.1921381
urban_events,8,Event retention = 50%,Sparsity,retention,0.5,3,3337,89,16,0.11587982832618,0.256532066508314,0.159645232815965,0.0867469879518072,NaN,0.37037037037037,0.743467933491686,0.1754324
urban_events,8,Event retention = 50%,Sparsity,retention,0.5,4,3337,85,20,0.21570796460177,0.483870967741935,0.298393267023718,0.175359712230216,1,0.507692307692308,0.516129032258065,0.178384
urban_events,8,Event retention = 50%,Sparsity,retention,0.5,5,3337,87,19,0.111597374179431,0.23394495412844,0.151111111111111,0.0817307692307692,2,0.235294117647059,0.76605504587156,0.1728095
urban_events,8,Event retention = 75%,Sparsity,retention,0.75,1,5006,93,35,0.173343044428259,0.336633663366337,0.228846153846154,0.129207383279045,1,0.378151260504202,0.663366336633663,0.3085187
urban_events,8,Event retention = 75%,Sparsity,retention,0.75,2,5006,92,36,0.151079136690647,0.29045643153527,0.198769522006626,0.110352075669995,NaN,0.442857142857143,0.70954356846473,0.2908251
urban_events,8,Event retention = 75%,Sparsity,retention,0.75,3,5006,91,32,0.1734921816828,0.369255150554675,0.236068895643364,0.133831131533601,NaN,0.450643776824034,0.630744849445325,0.2880226
urban_events,8,Event retention = 75%,Sparsity,retention,0.75,4,5006,91,42,0.131327953044754,0.200897867564534,0.158828748890861,0.0862650602409639,2,0.268156424581006,0.799102132435466,0.3137769
urban_events,8,Event retention = 75%,Sparsity,retention,0.75,5,5006,90,32,0.145560407569141,0.33500837520938,0.202942668696093,0.112930547713156,NaN,0.43,0.66499162479062,0.3190033
urban_events,8,Added events = 5%,AddedEvents,added-event ratio,0.05,1,7008,94,52,0.172792100932529,0.298861480075901,0.218978102189781,0.122950819672131,1,0.377777777777778,0.701138519924099,0.4564077
urban_events,8,Added events = 5%,AddedEvents,added-event ratio,0.05,2,7008,94,57,0.184311574328031,0.288412017167382,0.224899598393574,0.126696832579186,1,0.351190476190476,0.711587982832618,0.4752363
urban_events,8,Added events = 5%,AddedEvents,added-event ratio,0.05,3,7008,94,57,0.171695008228195,0.234106207928197,0.198101265822785,0.10994028802248,1,0.376996805111821,0.765893792071803,0.5129131
urban_events,8,Added events = 5%,AddedEvents,added-event ratio,0.05,4,7008,94,60,0.206253428414701,0.282282282282282,0.238351822503962,0.135300467794171,1,0.38563829787234,0.717717717717718,0.5293101
urban_events,8,Added events = 5%,AddedEvents,added-event ratio,0.05,5,7008,94,53,0.170597915523862,0.287165281625115,0.214039917412251,0.119845857418112,1,0.379421221864952,0.712834718374885,0.4626007
urban_events,8,Added events = 10%,AddedEvents,added-event ratio,0.1,1,7341,94,61,0.212835984640702,0.306235201262826,0.251132686084142,0.14359733530718,1,0.399484536082474,0.693764798737174,0.4895664
urban_events,8,Added events = 10%,AddedEvents,added-event ratio,0.1,2,7341,94,54,0.178826110806363,0.232857142857143,0.20229599751784,0.112530203658958,1,0.361963190184049,0.767142857142857,0.4655098
urban_events,8,Added events = 10%,AddedEvents,added-event ratio,0.1,3,7341,94,55,0.170597915523862,0.277183600713012,0.211205432937182,0.118071374335611,1,0.37620578778135,0.722816399286987,0.546238
urban_events,8,Added events = 10%,AddedEvents,added-event ratio,0.1,4,7341,94,60,0.173340647284696,0.222849083215797,0.195001542733724,0.108034188034188,1,0.373417721518987,0.777150916784203,0.4537172
urban_events,8,Added events = 10%,AddedEvents,added-event ratio,0.1,5,7341,94,56,0.17937465715853,0.287852112676056,0.22102061507266,0.124240121580547,1,0.363914373088685,0.712147887323944,0.499635
urban_events,8,Added events = 20%,AddedEvents,added-event ratio,0.2,1,8009,94,63,0.190894130554032,0.208883553421369,0.199484092863285,0.110792741165234,NaN,0.439655172413793,0.791116446578631,0.5725671
urban_events,8,Added events = 20%,AddedEvents,added-event ratio,0.2,2,8009,94,68,0.247394404827208,0.26099537037037,0.254012954097437,0.145483870967742,1,0.405764966740576,0.73900462962963,0.5437133
urban_events,8,Added events = 20%,AddedEvents,added-event ratio,0.2,3,8009,94,64,0.206253428414701,0.243051066580478,0.223145400593472,0.125584502338009,1,0.38563829787234,0.756948933419522,0.5810097
urban_events,8,Added events = 20%,AddedEvents,added-event ratio,0.2,4,8009,94,64,0.293472298409216,0.33458411507192,0.312682641729982,0.185313474194666,NaN,0.622429906542056,0.66541588492808,0.5101891
urban_events,8,Added events = 20%,AddedEvents,added-event ratio,0.2,5,8009,94,66,0.215030170049369,0.240343347639485,0.226983207874928,0.128020901371653,1,0.392857142857143,0.759656652360515,0.5302912
urban_events,8,Added events = 30%,AddedEvents,added-event ratio,0.3,1,8676,94,76,0.580910586944597,0.247372109320252,0.346985583224115,0.209910802775025,1.33333333333333,0.651558073654391,0.752627890679748,0.8117392
urban_events,8,Added events = 30%,AddedEvents,added-event ratio,0.3,2,8676,94,64,0.212835984640702,0.288690476190476,0.245026839280076,0.139618567830155,1,0.394329896907217,0.711309523809524,0.6629585
urban_events,8,Added events = 30%,AddedEvents,added-event ratio,0.3,3,8676,94,66,0.245200219418541,0.26879134095009,0.256454388984509,0.147087857847976,NaN,0.523489932885906,0.73120865904991,0.684575
urban_events,8,Added events = 30%,AddedEvents,added-event ratio,0.3,4,8676,94,69,0.250137136588042,0.266044340723454,0.257845631891433,0.148003894839338,1,0.405701754385965,0.733955659276546,0.5717417
urban_events,8,Added events = 30%,AddedEvents,added-event ratio,0.3,5,8676,94,71,0.241360394953374,0.230487166055526,0.235798499464094,0.133657351154313,1,0.386363636363636,0.769512833944474,0.6703375
urban_events,8,Full LLGD runtime,Runtime,-,NaN,1,6674,94,50,0.172243554580362,0.295668549905838,0.217677642980936,0.122131466355504,1,0.375796178343949,0.704331450094162,0.4113645
urban_events,8,Full LLGD runtime,Runtime,-,NaN,2,6674,94,52,0.174437739989029,0.286228622862286,0.216768916155419,0.121559633027523,1,0.371069182389937,0.713771377137714,0.4160958
urban_events,8,Full LLGD runtime,Runtime,-,NaN,3,6674,94,52,0.174437739989029,0.286228622862286,0.216768916155419,0.121559633027523,1,0.371069182389937,0.713771377137714,0.4085657
urban_events,9,Full LLGD,Full,-,NaN,1,26871,102,97,0.782886723507917,0.24476389946687,0.372932985204526,0.229205669965231,1,0.598405289770517,0.75523610053313,3.0986759
urban_events,9,w/o weighted support,Ablation,UseWeights,0,1,26871,102,85,0.983861144945189,0.249046132500867,0.397478087036752,0.248032856101025,1.5,0.856236459300526,0.750953867499133,7.2566089
urban_events,9,w/o local verification,Ablation,UseVerification,0,1,26871,102,101,0.838915956151035,0.248713550600343,0.383678016851194,0.237377218679993,1.2,0.530671506352087,0.751286449399657,2.8472699
urban_events,9,w/o global expansion,Ablation,UseGlobalExpansion,0,1,26871,102,628,0.63489646772229,0.248539754440339,0.357234644050373,0.217459324155194,3.29411764705882,0.0592326139088729,0.751460245559662,1.8639373
urban_events,9,unit estimation weights,Ablation,UseWeights,0,1,26871,102,73,0.853227771010962,0.249810546962065,0.386469432088549,0.239517886908578,1,0.638294075660243,0.750189453037935,3.6183221
urban_events,9,unit support tests,Ablation,UseMultiplicitySupport,0,1,26871,102,43,0.98020706455542,0.247225528973542,0.394860314637063,0.245997478124642,2,0.92497670083877,0.752774471026458,8.1753067
urban_events,9,MAD = 3,Sensitivity,MAD,3,1,26871,102,39,0.98020706455542,0.249621961149238,0.397910936679131,0.248370047451873,NaN,0.818111214662939,0.750378038850762,4.26455
urban_events,9,MAD = 3.5,Sensitivity,MAD,3.5,1,26871,102,97,0.782886723507917,0.24476389946687,0.372932985204526,0.229205669965231,1,0.598405289770517,0.75523610053313,3.2350974
urban_events,9,MAD = 4,Sensitivity,MAD,4,1,26871,102,82,0.833282582216809,0.240233517689404,0.372947189097104,0.229216400720359,1,0.574090992143249,0.759766482310596,3.0115672
urban_events,9,p_in = 0.7,Sensitivity,p_in,0.7,1,26871,102,39,0.878045066991474,0.247872431874839,0.386605885901991,0.239622719906926,NaN,0.83266863187099,0.752127568125161,6.6209728
urban_events,9,p_in = 0.8,Sensitivity,p_in,0.8,1,26871,102,97,0.782886723507917,0.24476389946687,0.372932985204526,0.229205669965231,1,0.598405289770517,0.75523610053313,3.5833782
urban_events,9,p_in = 0.9,Sensitivity,p_in,0.9,1,26871,102,99,0.781516443361754,0.244976852956617,0.373024236037935,0.229274611398964,1,0.559322033898305,0.755023147043383,3.3027255
urban_events,9,p_w = 0.7,Sensitivity,p_w,0.7,1,26871,102,106,0.7557856272838,0.247322006875592,0.372686662412253,0.229019607843137,1,0.544923448831587,0.752677993124408,2.9921555
urban_events,9,p_w = 0.8,Sensitivity,p_w,0.8,1,26871,102,97,0.782886723507917,0.24476389946687,0.372932985204526,0.229205669965231,1,0.598405289770517,0.75523610053313,3.1349077
urban_events,9,p_w = 0.9,Sensitivity,p_w,0.9,1,26871,102,24,0.980511571254568,0.248274798565866,0.396222352108777,0.247055664249818,NaN,0.889130434782609,0.751725201434134,6.6477456
urban_events,9,overlap = 0.7,Sensitivity,overlap,0.7,1,26871,102,97,0.782886723507917,0.24476389946687,0.372932985204526,0.229205669965231,1,0.598405289770517,0.75523610053313,3.1403834
urban_events,9,overlap = 0.8,Sensitivity,overlap,0.8,1,26871,102,97,0.782886723507917,0.24476389946687,0.372932985204526,0.229205669965231,1,0.598405289770517,0.75523610053313,3.0982184
urban_events,9,overlap = 0.9,Sensitivity,overlap,0.9,1,26871,102,77,0.857947624847747,0.249016748420169,0.385998561496044,0.239156268568033,1,0.662111801242236,0.750983251579831,3.341968
urban_events,9,eps_s = 0.015,Sensitivity,eps_s,0.015,1,26871,102,60,0.832825822168088,0.244556713014709,0.378088819768446,0.233113147240571,NaN,0.730895795246801,0.755443286985291,3.9672758
urban_events,9,eps_s = 0.02,Sensitivity,eps_s,0.02,1,26871,102,97,0.782886723507917,0.24476389946687,0.372932985204526,0.229205669965231,1,0.598405289770517,0.75523610053313,3.0753694
urban_events,9,eps_s = 0.025,Sensitivity,eps_s,0.025,1,26871,102,22,0.987515225334957,0.248049564020193,0.396503240004891,0.24727411361037,NaN,0.893925377736664,0.751950435979807,5.8195019
urban_events,9,eps_t = 0.005,Sensitivity,eps_t,0.005,1,26871,102,6,0.97320341047503,0.250352498825004,0.398255451713396,0.248638556091489,NaN,0.934136420525657,0.749647501174996,10.8538994
urban_events,9,eps_t = 0.01,Sensitivity,eps_t,0.01,1,26871,102,19,0.982643118148599,0.249439591868285,0.397879292275445,0.248345390180083,NaN,0.93523396343353,0.750560408131715,6.7216878
urban_events,9,eps_t = 0.015,Sensitivity,eps_t,0.015,1,26871,102,22,0.958587088915956,0.247056976926699,0.392861599900162,0.244447895635968,NaN,0.937420584498094,0.752943023073301,6.3031903
urban_events,9,eps_t = 0.02,Sensitivity,eps_t,0.02,1,26871,102,97,0.782886723507917,0.24476389946687,0.372932985204526,0.229205669965231,1,0.598405289770517,0.75523610053313,3.0923905
urban_events,9,eps_t = 0.025,Sensitivity,eps_t,0.025,1,26871,102,97,0.782886723507917,0.24476389946687,0.372932985204526,0.229205669965231,1,0.598405289770517,0.75523610053313,3.0285244
urban_events,9,Event retention = 25%,Sparsity,retention,0.25,1,6718,93,25,0.212211025489034,0.20445459737293,0.20826061663758,0.116233766233766,NaN,0.41340782122905,0.79554540262707,0.5816996
urban_events,9,Event retention = 25%,Sparsity,retention,0.25,2,6718,95,29,0.292817679558011,0.237195425161611,0.262087912087912,0.150806196648751,1,0.362683438155136,0.762804574838389,0.4810079
urban_events,9,Event retention = 25%,Sparsity,retention,0.25,3,6718,93,19,0.162096282754418,0.17295188556567,0.167348222711545,0.09131479574322,NaN,0.353383458646617,0.82704811443433,0.5420499
urban_events,9,Event retention = 25%,Sparsity,retention,0.25,4,6718,98,28,0.263191354100445,0.201459854014599,0.228224917309813,0.128811449906658,1,0.400966183574879,0.798540145985401,0.5263264
urban_events,9,Event retention = 25%,Sparsity,retention,0.25,5,6718,96,35,0.344827586206897,0.263876251137398,0.298969072164948,0.175757575757576,1,0.401724137931034,0.736123748862602,0.5222345
urban_events,9,Event retention = 50%,Sparsity,retention,0.5,1,13436,102,52,0.567518796992481,0.262886597938144,0.359325906883747,0.219011142061281,1,0.551139374668786,0.737113402061856,1.1265273
urban_events,9,Event retention = 50%,Sparsity,retention,0.5,2,13436,102,35,0.733394833948339,0.251343661081252,0.374381916647045,0.230301274623407,NaN,0.732075471698113,0.748656338918748,1.5878211
urban_events,9,Event retention = 50%,Sparsity,retention,0.5,3,13436,100,49,0.468533574224631,0.22629435718441,0.305187800333431,0.180071750954751,1,0.393316195372751,0.773705642815591,1.1850664
urban_events,9,Event retention = 50%,Sparsity,retention,0.5,4,13436,99,14,0.77744451109778,0.242810304449649,0.370047826397316,0.227029867741088,NaN,0.875,0.757189695550351,1.7899408
urban_events,9,Event retention = 50%,Sparsity,retention,0.5,5,13436,100,46,0.568872987477639,0.246288886020395,0.343752815061706,0.207549222234309,1,0.501572327044025,0.753711113979605,1.1165869
urban_events,9,Event retention = 75%,Sparsity,retention,0.75,1,20153,102,40,0.796978851963746,0.251333841463415,0.382152687237433,0.236210601719198,1,0.702805155420773,0.748666158536585,3.3941199
urban_events,9,Event retention = 75%,Sparsity,retention,0.75,2,20153,102,12,0.96031746031746,0.247404844290657,0.393446723361681,0.244901136540557,NaN,0.936427209154482,0.752595155709343,4.3510525
urban_events,9,Event retention = 75%,Sparsity,retention,0.75,3,20153,102,27,0.889945377301234,0.24946126800499,0.389688621163131,0.241995819122016,NaN,0.810411457149352,0.75053873199501,3.3784953
urban_events,9,Event retention = 75%,Sparsity,retention,0.75,4,20153,102,32,0.824677938808374,0.249847542383217,0.383506505663203,0.237245932016909,1,0.824261654869417,0.750152457616783,3.4197854
urban_events,9,Event retention = 75%,Sparsity,retention,0.75,5,20153,102,69,0.683897435897436,0.239442688882505,0.35469971807011,0.21558357581636,1.5,0.577084583083383,0.760557311117495,2.1497281
urban_events,9,Added events = 5%,AddedEvents,added-event ratio,0.05,1,28215,102,27,0.955389768574909,0.239184295788069,0.382586958509892,0.236542521109771,NaN,0.914581673306773,0.760815704211931,7.6876192
urban_events,9,Added events = 5%,AddedEvents,added-event ratio,0.05,2,28215,102,29,0.950974421437272,0.233652551249439,0.375135135135135,0.230871590153027,NaN,0.937880243355748,0.766347448750561,6.8737138
urban_events,9,Added events = 5%,AddedEvents,added-event ratio,0.05,3,28215,102,26,0.994823386114495,0.238632628464994,0.384930336681493,0.238336677001641,NaN,0.919651056014692,0.761367371535006,7.1274954
urban_events,9,Added events = 5%,AddedEvents,added-event ratio,0.05,4,28215,102,27,0.967874543239951,0.236504334238625,0.380123777917302,0.234662236987818,NaN,0.929998426930942,0.763495665761375,7.409334
urban_events,9,Added events = 5%,AddedEvents,added-event ratio,0.05,5,28215,102,26,0.966199756394641,0.234923925517344,0.377951817992317,0.233008995777492,NaN,0.9358651118815,0.765076074482656,7.1358699
urban_events,9,Added events = 10%,AddedEvents,added-event ratio,0.1,1,29558,102,40,0.93894640682095,0.226536384674724,0.365008434198455,0.223247900376484,NaN,0.850494567861197,0.773463615325276,6.8878346
urban_events,9,Added events = 10%,AddedEvents,added-event ratio,0.1,2,29558,102,58,0.886419001218027,0.226079527803666,0.360272277227723,0.219714695448713,1,0.701992442459636,0.773920472196334,4.1977554
urban_events,9,Added events = 10%,AddedEvents,added-event ratio,0.1,3,29558,102,33,0.982643118148599,0.227903527666937,0.369994553845272,0.226989765413428,1,0.870312984195848,0.772096472333063,7.4265825
urban_events,9,Added events = 10%,AddedEvents,added-event ratio,0.1,4,29558,102,48,0.948995127892814,0.23081765664346,0.371321339211247,0.227989319287465,1.5,0.784052623134927,0.76918234335654,9.4068201
urban_events,9,Added events = 10%,AddedEvents,added-event ratio,0.1,5,29558,102,38,0.969701583434836,0.228779769388268,0.370215363152847,0.227156002567943,NaN,0.835924006908463,0.771220230611732,7.8380528
urban_events,9,Added events = 20%,AddedEvents,added-event ratio,0.2,1,32245,102,16,0.976400730816078,0.208593546708301,0.34375,0.207547169811321,NaN,0.922813036020583,0.791406453291699,9.211435
urban_events,9,Added events = 20%,AddedEvents,added-event ratio,0.2,2,32245,102,14,0.962850182704019,0.209981073812133,0.344773068011449,0.208293534468562,NaN,0.915243516761543,0.790018926187867,11.5144833
urban_events,9,Added events = 20%,AddedEvents,added-event ratio,0.2,3,32245,102,43,0.959043848964677,0.211361653580297,0.346384382733022,0.209470918825446,NaN,0.860930306397841,0.788638346419703,8.5636836
urban_events,9,Added events = 20%,AddedEvents,added-event ratio,0.2,4,32245,102,9,0.962545676004872,0.205780873641039,0.339072137302226,0.204146215448205,NaN,0.934988927554571,0.794219126358961,9.7230977
urban_events,9,Added events = 20%,AddedEvents,added-event ratio,0.2,5,32245,102,18,0.966047503045067,0.208820141517196,0.343409195464509,0.207298745426032,NaN,0.918991331757289,0.791179858482804,9.2900646
urban_events,9,Added events = 30%,AddedEvents,added-event ratio,0.3,1,34932,102,5,0.968940316686967,0.187275616502854,0.313884093711467,0.186158076405546,NaN,0.934160905091138,0.812724383497146,13.7048551
urban_events,9,Added events = 30%,AddedEvents,added-event ratio,0.3,2,34932,102,7,0.995584652862363,0.188699391106109,0.317265471482982,0.188541606597082,NaN,0.912218993729928,0.811300608893891,13.1748072
urban_events,9,Added events = 30%,AddedEvents,added-event ratio,0.3,3,34932,102,6,0.967265529841656,0.187453896314656,0.314046318495267,0.186272210168299,NaN,0.932630253423579,0.812546103685344,11.6180336
urban_events,9,Added events = 30%,AddedEvents,added-event ratio,0.3,4,34932,102,26,0.891138855054811,0.187062545942664,0.309216261193438,0.182883389576303,NaN,0.870152058773279,0.812937454057336,10.18867
urban_events,9,Added events = 30%,AddedEvents,added-event ratio,0.3,5,34932,102,7,0.972594397076736,0.190806177006482,0.319025145454091,0.189785792804302,NaN,0.928772698810269,0.809193822993518,11.6055316
urban_events,9,Full LLGD runtime,Runtime,-,NaN,1,26871,102,97,0.782886723507917,0.24476389946687,0.372932985204526,0.229205669965231,1,0.598405289770517,0.75523610053313,3.0856679
urban_events,9,Full LLGD runtime,Runtime,-,NaN,2,26871,102,69,0.937728380024361,0.248808273410358,0.393269906136262,0.244764137821404,1,0.709855496022082,0.751191726589642,4.2040301
urban_events,9,Full LLGD runtime,Runtime,-,NaN,3,26871,102,72,0.924939098660171,0.247001423053466,0.389885441067933,0.242147640306122,1,0.715555555555556,0.752998576946534,4.2076364
urban_events,10,Full LLGD,Full,-,NaN,1,8008,86,81,0.414507772020725,0.293577981651376,0.343716433941998,0.207522697795071,1,0.509375,0.706422018348624,0.5634929
urban_events,10,w/o weighted support,Ablation,UseWeights,0,1,8008,86,248,0.891623488773748,0.309409649385676,0.459399332591769,0.298194945848375,1.37037037037037,0.483777239709443,0.690590350614324,0.7723355
urban_events,10,w/o local verification,Ablation,UseVerification,0,1,8008,86,91,0.443868739205527,0.305225653206651,0.361717100633357,0.220790378006873,1.33333333333333,0.456225680933852,0.694774346793349,0.4879066
urban_events,10,w/o global expansion,Ablation,UseGlobalExpansion,0,1,8008,86,163,0.268566493955095,0.260906040268456,0.26468085106383,0.152525747915645,2.7,0.106109324758842,0.739093959731544,0.5914795
urban_events,10,unit estimation weights,Ablation,UseWeights,0,1,8008,86,73,0.404576856649396,0.287335173259736,0.336022951407567,0.201939655172414,1,0.531483457844184,0.712664826740264,0.5301143
urban_events,10,unit support tests,Ablation,UseMultiplicitySupport,0,1,8008,86,232,0.893782383419689,0.311137832556741,0.461589920838443,0.30004348456298,1.58333333333333,0.497584541062802,0.688862167443259,0.7441204
urban_events,10,MAD = 3,Sensitivity,MAD,3,1,8008,86,73,0.47279792746114,0.285379202501955,0.355923939541687,0.216488730723606,1,0.583561643835616,0.714620797498045,0.5901792
urban_events,10,MAD = 3.5,Sensitivity,MAD,3.5,1,8008,86,81,0.414507772020725,0.293577981651376,0.343716433941998,0.207522697795071,1,0.509375,0.706422018348624,0.5856243
urban_events,10,MAD = 4,Sensitivity,MAD,4,1,8008,86,77,0.411917098445596,0.309539260220636,0.353464246017043,0.214671467146715,1,0.471698113207547,0.690460739779364,0.5275601
urban_events,10,p_in = 0.7,Sensitivity,p_in,0.7,1,8008,86,83,0.451208981001727,0.302285218397454,0.362030140308332,0.221023688663283,1,0.486124401913876,0.697714781602546,0.5655389
urban_events,10,p_in = 0.8,Sensitivity,p_in,0.8,1,8008,86,81,0.414507772020725,0.293577981651376,0.343716433941998,0.207522697795071,1,0.509375,0.706422018348624,0.5723211
urban_events,10,p_in = 0.9,Sensitivity,p_in,0.9,1,8008,86,74,0.403713298791019,0.296448953709575,0.341864716636197,0.206174200661522,1,0.498395721925134,0.703551046290425,0.564731
urban_events,10,p_w = 0.7,Sensitivity,p_w,0.7,1,8008,86,68,0.389464594127807,0.299667774086379,0.338715734134435,0.203887884267631,1,0.559866962305987,0.700332225913621,0.6264026
urban_events,10,p_w = 0.8,Sensitivity,p_w,0.8,1,8008,86,81,0.414507772020725,0.293577981651376,0.343716433941998,0.207522697795071,1,0.509375,0.706422018348624,0.5693169
urban_events,10,p_w = 0.9,Sensitivity,p_w,0.9,1,8008,86,81,0.421416234887737,0.296296296296296,0.34795008912656,0.210617177384549,1,0.496926229508197,0.703703703703704,0.5751619
urban_events,10,overlap = 0.7,Sensitivity,overlap,0.7,1,8008,86,81,0.414507772020725,0.293577981651376,0.343716433941998,0.207522697795071,1,0.509375,0.706422018348624,0.6146853
urban_events,10,overlap = 0.8,Sensitivity,overlap,0.8,1,8008,86,81,0.414507772020725,0.293577981651376,0.343716433941998,0.207522697795071,1,0.509375,0.706422018348624,0.584626
urban_events,10,overlap = 0.9,Sensitivity,overlap,0.9,1,8008,86,81,0.414507772020725,0.293847566574839,0.343901128425578,0.207657365347177,1,0.509375,0.706152433425161,0.6317283
urban_events,10,eps_s = 0.015,Sensitivity,eps_s,0.015,1,8008,86,77,0.392918825561313,0.312178387650086,0.347925826801759,0.210599398287433,1,0.440659340659341,0.687821612349914,0.6331533
urban_events,10,eps_s = 0.02,Sensitivity,eps_s,0.02,1,8008,86,81,0.414507772020725,0.293577981651376,0.343716433941998,0.207522697795071,1,0.509375,0.706422018348624,0.61523
urban_events,10,eps_s = 0.025,Sensitivity,eps_s,0.025,1,8008,86,70,0.526338514680484,0.281134686346863,0.366506313890559,0.224369593226578,1,0.606234618539787,0.718865313653137,0.7077212
urban_events,10,eps_t = 0.005,Sensitivity,eps_t,0.005,1,8008,86,27,0.266839378238342,0.215932914046122,0.238702201622248,0.135526315789474,1,0.598705501618123,0.784067085953878,0.6215977
urban_events,10,eps_t = 0.01,Sensitivity,eps_t,0.01,1,8008,86,71,0.364853195164076,0.282419786096257,0.318387339864356,0.189334528344163,1.5,0.431952662721893,0.717580213903743,0.5660466
urban_events,10,eps_t = 0.015,Sensitivity,eps_t,0.015,1,8008,86,81,0.400259067357513,0.309515859766277,0.3490868009791,0.211450729927007,1,0.432578209277238,0.690484140233723,0.6574298
urban_events,10,eps_t = 0.02,Sensitivity,eps_t,0.02,1,8008,86,81,0.414507772020725,0.293577981651376,0.343716433941998,0.207522697795071,1,0.509375,0.706422018348624,0.6137513
urban_events,10,eps_t = 0.025,Sensitivity,eps_t,0.025,1,8008,86,81,0.414507772020725,0.293577981651376,0.343716433941998,0.207522697795071,1,0.509375,0.706422018348624,0.6072715
urban_events,10,Event retention = 25%,Sparsity,retention,0.25,1,2002,79,5,0.0711805555555556,0.706896551724138,0.129337539432177,0.0691399662731872,1,0.390243902439024,0.293103448275862,0.103154
urban_events,10,Event retention = 25%,Sparsity,retention,0.25,2,2002,76,4,0.0103270223752151,0.072289156626506,0.0180722891566265,0.00911854103343465,NaN,0,0.927710843373494,0.0822606
urban_events,10,Event retention = 25%,Sparsity,retention,0.25,3,2002,76,3,0.0157068062827225,0.0967741935483871,0.027027027027027,0.0136986301369863,NaN,0.111111111111111,0.903225806451613,0.0911576
urban_events,10,Event retention = 25%,Sparsity,retention,0.25,4,2002,78,3,0.0500894454382826,0.528301886792453,0.0915032679738562,0.0479452054794521,1,0,0.471698113207547,0.0978476
urban_events,10,Event retention = 25%,Sparsity,retention,0.25,5,2002,72,5,0,0,0,0,NaN,NaN,1,0.1046744
urban_events,10,Event retention = 50%,Sparsity,retention,0.5,1,4004,80,23,0.347826086956522,0.450958286358512,0.39273441335297,0.244349419670128,1,0.4175,0.549041713641488,0.2732307
urban_events,10,Event retention = 50%,Sparsity,retention,0.5,2,4004,84,24,0.32439446366782,0.396405919661734,0.356803044719315,0.217139548349739,1,0.525333333333333,0.603594080338266,0.2656506
urban_events,10,Event retention = 50%,Sparsity,retention,0.5,3,4004,79,30,0.372566371681416,0.423967774420947,0.396608572774376,0.247356051703878,1,0.489311163895487,0.576032225579053,0.2960662
urban_events,10,Event retention = 50%,Sparsity,retention,0.5,4,4004,82,27,0.327702702702703,0.385302879841112,0.354176175262437,0.215196894065446,1,0.36340206185567,0.614697120158888,0.237065
urban_events,10,Event retention = 50%,Sparsity,retention,0.5,5,4004,83,31,0.254119687771032,0.303941908713693,0.276806802078413,0.160635964912281,NaN,0.604095563139932,0.696058091286307,0.3163277
urban_events,10,Event retention = 75%,Sparsity,retention,0.75,1,6006,83,55,0.370564281559046,0.332290036515389,0.35038503850385,0.212404134711571,1,0.467817896389325,0.667709963484611,0.4115357
urban_events,10,Event retention = 75%,Sparsity,retention,0.75,2,6006,86,52,0.385283893395133,0.317270992366412,0.347985347985348,0.210643015521064,1,0.457142857142857,0.682729007633588,0.3886263
urban_events,10,Event retention = 75%,Sparsity,retention,0.75,3,6006,85,51,0.360115606936416,0.313380281690141,0.335126412049489,0.201292407108239,1,0.587479935794543,0.686619718309859,0.4232082
urban_events,10,Event retention = 75%,Sparsity,retention,0.75,4,6006,85,72,0.370392042129901,0.329859301719646,0.348952590959206,0.21135225375626,1.25,0.303317535545024,0.670140698280354,0.4465068
urban_events,10,Event retention = 75%,Sparsity,retention,0.75,5,6006,85,52,0.368270332187858,0.318948412698413,0.341839447102605,0.206155819172812,1,0.589424572317263,0.681051587301587,0.4267136
urban_events,10,Added events = 5%,AddedEvents,added-event ratio,0.05,1,8408,86,89,0.433506044905009,0.278888888888889,0.339418526031102,0.204397394136808,1,0.378486055776892,0.721111111111111,0.565851
urban_events,10,Added events = 5%,AddedEvents,added-event ratio,0.05,2,8408,86,77,0.443868739205527,0.280951079529926,0.344100418410042,0.207802708712351,1,0.512645914396887,0.719048920470074,0.586618
urban_events,10,Added events = 5%,AddedEvents,added-event ratio,0.05,3,8408,86,90,0.427892918825561,0.274363233665559,0.334345479082321,0.20072918776585,1,0.452068617558022,0.725636766334441,0.5860147
urban_events,10,Added events = 5%,AddedEvents,added-event ratio,0.05,4,8408,86,85,0.390328151986183,0.260293694212496,0.312316462256003,0.185056294779939,1.5,0.454646017699115,0.739706305787504,0.5633566
urban_events,10,Added events = 5%,AddedEvents,added-event ratio,0.05,5,8408,86,85,0.414507772020725,0.295930949445129,0.345323741007194,0.208695652173913,1,0.442708333333333,0.704069050554871,0.5957543
urban_events,10,Added events = 10%,AddedEvents,added-event ratio,0.1,1,8809,86,94,0.428756476683938,0.287909538996811,0.344492627927147,0.208088851634535,1,0.444108761329305,0.712090461003189,0.6021137
urban_events,10,Added events = 10%,AddedEvents,added-event ratio,0.1,2,8809,86,93,0.402849740932642,0.275302449100029,0.327081507449606,0.195515507124895,1,0.423365487674169,0.72469755089997,0.7057405
urban_events,10,Added events = 10%,AddedEvents,added-event ratio,0.1,3,8809,86,83,0.440414507772021,0.284836637810667,0.345938612853994,0.209144966167726,1,0.467647058823529,0.715163362189333,0.6157848
urban_events,10,Added events = 10%,AddedEvents,added-event ratio,0.1,4,8809,86,99,0.439119170984456,0.281016855484941,0.342712721145746,0.206791378609191,1,0.353982300884956,0.718983144515059,0.6437834
urban_events,10,Added events = 10%,AddedEvents,added-event ratio,0.1,5,8809,86,80,0.405008635578584,0.286237412267318,0.335419274092616,0.201503759398496,1,0.466950959488273,0.713762587732682,0.6293404
urban_events,10,Added events = 20%,AddedEvents,added-event ratio,0.2,1,9610,86,91,0.471070811744387,0.26454898157129,0.338819875776397,0.203963357636941,1,0.552703941338222,0.73545101842871,0.6453547
urban_events,10,Added events = 20%,AddedEvents,added-event ratio,0.2,2,9610,86,95,0.436096718480138,0.267762460233298,0.331800262812089,0.198897203623474,1,0.426732673267327,0.732237539766702,0.6650422
urban_events,10,Added events = 20%,AddedEvents,added-event ratio,0.2,3,9610,86,81,0.521588946459413,0.2416,0.330235101148168,0.197773411918795,1,0.579470198675497,0.7584,0.7300241
urban_events,10,Added events = 20%,AddedEvents,added-event ratio,0.2,4,9610,86,81,0.439550949913644,0.275880758807588,0.338994338994339,0.204089815557338,1,0.449901768172888,0.724119241192412,0.7126203
urban_events,10,Added events = 20%,AddedEvents,added-event ratio,0.2,5,9610,86,82,0.510362694300518,0.275011633317822,0.357423646809797,0.21759941089838,1,0.500846023688663,0.724988366682178,0.6972616
urban_events,10,Added events = 30%,AddedEvents,added-event ratio,0.3,1,10410,86,84,0.471502590673575,0.246501128668172,0.323747405870145,0.193137601697913,1,0.421245421245421,0.753498871331828,0.7507268
urban_events,10,Added events = 30%,AddedEvents,added-event ratio,0.3,2,10410,86,85,0.471070811744387,0.256524806019281,0.332166235347846,0.19916027747353,1,0.474793767186068,0.743475193980719,0.8361672
urban_events,10,Added events = 30%,AddedEvents,added-event ratio,0.3,3,10410,86,53,0.641623488773748,0.239291465378422,0.348580811634999,0.211079545454545,1,0.814939434724091,0.760708534621578,1.2210101
urban_events,10,Added events = 30%,AddedEvents,added-event ratio,0.3,4,10410,86,81,0.594559585492228,0.245761199357487,0.347771183230206,0.21048608988077,1,0.587509077705156,0.754238800642513,0.7946591
urban_events,10,Added events = 30%,AddedEvents,added-event ratio,0.3,5,10410,86,85,0.431778929188256,0.253100480890914,0.319131961065901,0.189861401177141,1,0.525,0.746899519109086,0.7226337
urban_events,10,Full LLGD runtime,Runtime,-,NaN,1,8008,86,81,0.414507772020725,0.293577981651376,0.343716433941998,0.207522697795071,1,0.509375,0.706422018348624,0.5490653
urban_events,10,Full LLGD runtime,Runtime,-,NaN,2,8008,86,84,0.420120898100173,0.295924574209246,0.347251962883655,0.210105808680631,1,0.431654676258993,0.704075425790754,0.5780049
urban_events,10,Full LLGD runtime,Runtime,-,NaN,3,8008,86,82,0.417530224525043,0.296807857581338,0.346968066020811,0.209897981332755,1,0.434332988624612,0.703192142418662,0.5435721
urban_events,11,Full LLGD,Full,-,NaN,1,19623,102,53,0.970098410295231,0.27688651218063,0.430810606378955,0.274543409565637,1,0.896215372610222,0.72311348781937,4.5572693
urban_events,11,w/o weighted support,Ablation,UseWeights,0,1,19623,102,82,0.986941710825132,0.278474929246542,0.434384240556412,0.277452649499894,1.25,0.909875359539789,0.721525070753458,4.1204905
urban_events,11,w/o local verification,Ablation,UseVerification,0,1,19623,102,161,0.671839515518547,0.27037319116527,0.385576192027805,0.238832077502691,1,0.576056338028169,0.72962680883473,1.9542203
urban_events,11,w/o global expansion,Ablation,UseGlobalExpansion,0,1,19623,102,460,0.461014383043149,0.251887085099783,0.325777331995988,0.19458423196741,2.89285714285714,0.106732348111658,0.748112914900217,1.4576451
urban_events,11,unit estimation weights,Ablation,UseWeights,0,1,19623,102,49,0.96328538985617,0.276285078434566,0.429409035306028,0.273406026749745,NaN,0.928683693516699,0.723714921565434,4.4598306
urban_events,11,unit support tests,Ablation,UseMultiplicitySupport,0,1,19623,102,86,0.987887963663891,0.27831094049904,0.434276206322795,0.277364505844846,1.6,0.90727969348659,0.72168905950096,4.0625066
urban_events,11,MAD = 3,Sensitivity,MAD,3,1,19623,102,52,0.96328538985617,0.276225104466272,0.429336594829404,0.273347296063584,1,0.889783889980354,0.723774895533728,4.414811
urban_events,11,MAD = 3.5,Sensitivity,MAD,3.5,1,19623,102,53,0.970098410295231,0.27688651218063,0.430810606378955,0.274543409565637,1,0.896215372610222,0.72311348781937,4.718967
urban_events,11,MAD = 4,Sensitivity,MAD,4,1,19623,102,58,0.975397426192279,0.278519319102945,0.433309512800034,0.27657633485377,1,0.87175009701203,0.721480680897055,4.4380888
urban_events,11,p_in = 0.7,Sensitivity,p_in,0.7,1,19623,102,56,0.969530658591976,0.277323661560115,0.431283411205119,0.274927551787056,1,0.896349795041968,0.722676338439885,4.4447438
urban_events,11,p_in = 0.8,Sensitivity,p_in,0.8,1,19623,102,53,0.970098410295231,0.27688651218063,0.430810606378955,0.274543409565637,1,0.896215372610222,0.72311348781937,4.5360309
urban_events,11,p_in = 0.9,Sensitivity,p_in,0.9,1,19623,102,47,0.972558667676003,0.27918726571413,0.433835633784982,0.277005174644243,1,0.87896477913991,0.72081273428587,4.3325342
urban_events,11,p_w = 0.7,Sensitivity,p_w,0.7,1,19623,102,53,0.970098410295231,0.27688651218063,0.430810606378955,0.274543409565637,1,0.896215372610222,0.72311348781937,4.5839706
urban_events,11,p_w = 0.8,Sensitivity,p_w,0.8,1,19623,102,53,0.970098410295231,0.27688651218063,0.430810606378955,0.274543409565637,1,0.896215372610222,0.72311348781937,4.5788422
urban_events,11,p_w = 0.9,Sensitivity,p_w,0.9,1,19623,102,52,0.972558667676003,0.277274198769828,0.43152237803342,0.275121794528615,1,0.90251021599533,0.722725801230172,4.6135226
urban_events,11,overlap = 0.7,Sensitivity,overlap,0.7,1,19623,102,53,0.970098410295231,0.27688651218063,0.430810606378955,0.274543409565637,1,0.896215372610222,0.72311348781937,4.658132
urban_events,11,overlap = 0.8,Sensitivity,overlap,0.8,1,19623,102,53,0.970098410295231,0.27688651218063,0.430810606378955,0.274543409565637,1,0.896215372610222,0.72311348781937,4.575299
urban_events,11,overlap = 0.9,Sensitivity,overlap,0.9,1,19623,102,58,0.973694171082513,0.277882797731569,0.432371108029749,0.275812158250241,1,0.880855199222546,0.722117202268431,6.3721568
urban_events,11,eps_s = 0.015,Sensitivity,eps_s,0.015,1,19623,102,180,0.59670704012112,0.280017761989343,0.381165377176015,0.235456649988798,1.15384615384615,0.382810022201078,0.719982238010657,3.2511276
urban_events,11,eps_s = 0.02,Sensitivity,eps_s,0.02,1,19623,102,53,0.970098410295231,0.27688651218063,0.430810606378955,0.274543409565637,1,0.896215372610222,0.72311348781937,6.5580002
urban_events,11,eps_s = 0.025,Sensitivity,eps_s,0.025,1,19623,102,52,0.952498107494323,0.275343290114339,0.427195178882146,0.271613599568268,NaN,0.8478044903636,0.724656709885661,3.95174
urban_events,11,eps_t = 0.005,Sensitivity,eps_t,0.005,1,19623,102,27,0.944928084784254,0.277050271889912,0.428473354500987,0.272647845792606,NaN,0.943320648908472,0.722949728110088,6.7151853
urban_events,11,eps_t = 0.01,Sensitivity,eps_t,0.01,1,19623,102,47,0.960257380772142,0.277555932388819,0.43063865902822,0.274403763993294,NaN,0.930035474970437,0.722444067611181,4.6119787
urban_events,11,eps_t = 0.015,Sensitivity,eps_t,0.015,1,19623,102,54,0.797501892505677,0.261771648652006,0.394163314937798,0.245456663560112,1,0.901281442809682,0.738228351347994,4.590345
urban_events,11,eps_t = 0.02,Sensitivity,eps_t,0.02,1,19623,102,53,0.970098410295231,0.27688651218063,0.430810606378955,0.274543409565637,1,0.896215372610222,0.72311348781937,4.7936612
urban_events,11,eps_t = 0.025,Sensitivity,eps_t,0.025,1,19623,102,53,0.970098410295231,0.27688651218063,0.430810606378955,0.274543409565637,1,0.896215372610222,0.72311348781937,4.685647
urban_events,11,Event retention = 25%,Sparsity,retention,0.25,1,4906,99,22,0.083206106870229,0.136762860727729,0.103464641670622,0.0545545545545546,1,0.18348623853211,0.863237139272271,0.359243
urban_events,11,Event retention = 25%,Sparsity,retention,0.25,2,4906,96,22,0.180059523809524,0.245934959349594,0.207903780068729,0.11601150527325,NaN,0.37603305785124,0.754065040650406,0.3307159
urban_events,11,Event retention = 25%,Sparsity,retention,0.25,3,4906,97,18,0.140495867768595,0.193782383419689,0.162891986062718,0.0886676149834045,1,0.3475935828877,0.806217616580311,0.3566909
urban_events,11,Event retention = 25%,Sparsity,retention,0.25,4,4906,97,23,0.162015503875969,0.233780760626398,0.191391941391941,0.105822784810127,1,0.325358851674641,0.766219239373602,0.3762852
urban_events,11,Event retention = 25%,Sparsity,retention,0.25,5,4906,98,27,0.232738557020946,0.245901639344262,0.239139099242726,0.135808057944771,NaN,0.456666666666667,0.754098360655738,0.3707411
urban_events,11,Event retention = 50%,Sparsity,retention,0.5,1,9812,101,39,0.607022786701532,0.29491833030853,0.39697080737755,0.247637915269735,1,0.768,0.70508166969147,1.2166851
urban_events,11,Event retention = 50%,Sparsity,retention,0.5,2,9812,100,53,0.323308270676692,0.256716417910448,0.286189683860233,0.166990291262136,1.25,0.36046511627907,0.743283582089552,0.8845302
urban_events,11,Event retention = 50%,Sparsity,retention,0.5,3,9812,102,61,0.338600451467269,0.253807106598985,0.290135396518375,0.169683257918552,1,0.412222222222222,0.746192893401015,0.9334067
urban_events,11,Event retention = 50%,Sparsity,retention,0.5,4,9812,101,64,0.28135722455204,0.225757112266748,0.25050916496945,0.143189755529686,1,0.444444444444444,0.774242887733252,0.905407
urban_events,11,Event retention = 50%,Sparsity,retention,0.5,5,9812,101,50,0.502431724653947,0.268976567194072,0.350378293764675,0.212399177605567,1,0.583023082650782,0.731023432805928,0.9543838
urban_events,11,Event retention = 75%,Sparsity,retention,0.75,1,14717,102,119,0.538712102230018,0.286781379218354,0.374303621169916,0.23024202184622,1,0.430697674418605,0.713218620781646,1.7744387
urban_events,11,Event retention = 75%,Sparsity,retention,0.75,2,14717,102,104,0.445853411108293,0.231072555205047,0.304389230369665,0.179515980802614,1.2,0.426621160409556,0.768927444794953,1.3478329
urban_events,11,Event retention = 75%,Sparsity,retention,0.75,3,14717,102,41,0.934525308486527,0.280012072738248,0.430910357640502,0.274624435728558,NaN,0.921584478577203,0.719987927261752,3.5274824
urban_events,11,Event retention = 75%,Sparsity,retention,0.75,4,14717,101,71,0.546934622233528,0.258506673079235,0.351077726975833,0.212913448207566,1,0.527441860465116,0.741493326920765,1.5635214
urban_events,11,Event retention = 75%,Sparsity,retention,0.75,5,14717,101,113,0.50580514891469,0.269499731038193,0.351640638708545,0.213327655950607,1,0.394211576846307,0.730500268961807,1.4050171
urban_events,11,Added events = 5%,AddedEvents,added-event ratio,0.05,1,20604,102,50,0.98221044663134,0.265799446891324,0.418379685610641,0.264525993883792,1,0.886705202312139,0.734200553108676,4.8010588
urban_events,11,Added events = 5%,AddedEvents,added-event ratio,0.05,2,20604,102,64,0.865064345193036,0.261274649899971,0.401334562535669,0.251043497363796,1,0.830890395974623,0.738725350100029,4.1235326
urban_events,11,Added events = 5%,AddedEvents,added-event ratio,0.05,3,20604,102,44,0.988455715367146,0.266072338257769,0.419282331219395,0.265248082880504,NaN,0.931265556193758,0.733927661742231,4.9062478
urban_events,11,Added events = 5%,AddedEvents,added-event ratio,0.05,4,20604,102,45,0.970476911430734,0.266819293407565,0.418560992531527,0.264670967741935,1,0.896450858034321,0.733180706592435,5.3158833
urban_events,11,Added events = 5%,AddedEvents,added-event ratio,0.05,5,20604,102,53,0.974261922785768,0.265442920490873,0.417213712618527,0.263594470046083,1,0.86965811965812,0.734557079509127,4.5379531
urban_events,11,Added events = 10%,AddedEvents,added-event ratio,0.1,1,21585,102,105,0.808478425435276,0.248213351926094,0.37981773727495,0.23442901827361,1,0.695458801498127,0.751786648073906,2.4449787
urban_events,11,Added events = 10%,AddedEvents,added-event ratio,0.1,2,21585,102,77,0.971233913701741,0.257514175322395,0.40709157974061,0.255564961904288,NaN,0.802221356196415,0.742485824677605,3.3997539
urban_events,11,Added events = 10%,AddedEvents,added-event ratio,0.1,3,21585,102,33,0.977857683573051,0.252961911289533,0.40194476857254,0.251521199435331,1,0.89355525449971,0.747038088710467,5.1855294
urban_events,11,Added events = 10%,AddedEvents,added-event ratio,0.1,4,21585,102,50,0.853141559424678,0.244641015900581,0.380245455695669,0.234754986200073,NaN,0.885093167701863,0.755358984099419,4.5519264
urban_events,11,Added events = 10%,AddedEvents,added-event ratio,0.1,5,21585,102,32,0.933762301286904,0.25,0.394404476418865,0.245643731952604,1,0.922780705310093,0.75,6.105108
urban_events,11,Added events = 20%,AddedEvents,added-event ratio,0.2,1,23548,102,14,0.988834216502649,0.230806608357629,0.374256858391233,0.230206635238137,NaN,0.916746411483254,0.769193391642371,9.686957
urban_events,11,Added events = 20%,AddedEvents,added-event ratio,0.2,2,23548,102,27,0.906320968962907,0.227538366513042,0.363753750332308,0.222309906229691,NaN,0.902484861140113,0.772461633486958,7.36766
urban_events,11,Added events = 20%,AddedEvents,added-event ratio,0.2,3,23548,102,39,0.943224829674489,0.237865699422517,0.379921484925868,0.234508069449019,1,0.845104333868379,0.762134300577483,4.2751085
urban_events,11,Added events = 20%,AddedEvents,added-event ratio,0.2,4,23548,102,18,0.794663133989402,0.218413524057217,0.342649638908156,0.206745445593304,NaN,0.911883781852822,0.781586475942783,6.1788761
urban_events,11,Added events = 20%,AddedEvents,added-event ratio,0.2,5,23548,102,23,0.989780469341408,0.232155539772727,0.37609664892852,0.231600389690904,1,0.917017208413002,0.767844460227273,7.945951
urban_events,11,Added events = 30%,AddedEvents,added-event ratio,0.3,1,25510,102,19,0.883989401968206,0.211214108071445,0.340961348954341,0.20551742344245,NaN,0.907086277028474,0.788785891928555,10.1089524
urban_events,11,Added events = 30%,AddedEvents,added-event ratio,0.3,2,25510,102,16,0.958175624526874,0.2109056069316,0.345715261181291,0.208981714615924,1,0.921192968595694,0.7890943930684,9.4711124
urban_events,11,Added events = 30%,AddedEvents,added-event ratio,0.3,3,25510,102,17,0.974640423921272,0.21356002488078,0.350352052790911,0.212379891954307,1,0.917087378640777,0.78643997511922,9.1641515
urban_events,11,Added events = 30%,AddedEvents,added-event ratio,0.3,4,25510,102,15,0.947009841029523,0.208830648526834,0.34220064282295,0.206418612325716,NaN,0.922062350119904,0.791169351473166,8.7975946
urban_events,11,Added events = 30%,AddedEvents,added-event ratio,0.3,5,25510,102,76,0.859008327024981,0.220136767059508,0.350461336524727,0.212460213443175,1.25,0.670632297862965,0.779863232940492,3.6843409
urban_events,11,Full LLGD runtime,Runtime,-,NaN,1,19623,102,53,0.970098410295231,0.27688651218063,0.430810606378955,0.274543409565637,1,0.896215372610222,0.72311348781937,4.9542068
urban_events,11,Full LLGD runtime,Runtime,-,NaN,2,19623,102,53,0.970098410295231,0.2769014693172,0.430828710707682,0.274558114622389,1,0.896215372610222,0.7230985306828,5.0580754
urban_events,11,Full LLGD runtime,Runtime,-,NaN,3,19623,102,53,0.970098410295231,0.27688651218063,0.430810606378955,0.274543409565637,1,0.896215372610222,0.72311348781937,4.9484496
urban_events,12,Full LLGD,Full,-,NaN,1,13136,100,82,0.467089611419508,0.278355387523629,0.348830322771691,0.211262553802009,1.33333333333333,0.54442558007923,0.72164461247637,1.2112394
urban_events,12,w/o weighted support,Ablation,UseWeights,0,1,13136,100,181,0.956119481892678,0.303566932438103,0.460823034781501,0.299395745385316,1.42857142857143,0.720210118883052,0.696433067561897,1.9428513
urban_events,12,w/o local verification,Ablation,UseVerification,0,1,13136,100,80,0.906159132963257,0.304062444562711,0.455336388390782,0.294780290652679,2,0.848016336056009,0.695937555437289,2.227866
urban_events,12,w/o global expansion,Ablation,UseGlobalExpansion,0,1,13136,100,203,0.209621993127148,0.225412166003411,0.217230516367621,0.121850030731408,2.1875,0.0403530895334174,0.774587833996589,1.0805878
urban_events,12,unit estimation weights,Ablation,UseWeights,0,1,13136,100,96,0.490615913296326,0.310783657066309,0.380522808815992,0.234966451449551,1,0.435883620689655,0.689216342933691,1.1289229
urban_events,12,unit support tests,Ablation,UseMultiplicitySupport,0,1,13136,100,126,0.966693100713719,0.303384768541563,0.461829892025005,0.300246305418719,1.42857142857143,0.799835931091058,0.696615231458437,2.6941836
urban_events,12,MAD = 3,Sensitivity,MAD,3,1,13136,100,105,0.401004493787999,0.299388198144859,0.342824858757062,0.206873039683622,1.2,0.359261700725115,0.700611801855141,1.1117955
urban_events,12,MAD = 3.5,Sensitivity,MAD,3.5,1,13136,100,82,0.467089611419508,0.278355387523629,0.348830322771691,0.211262553802009,1.33333333333333,0.54442558007923,0.72164461247637,1.1355741
urban_events,12,MAD = 4,Sensitivity,MAD,4,1,13136,100,87,0.518636003172086,0.304044630404463,0.383352872215709,0.237128353879623,1.5,0.583078491335372,0.695955369595537,1.0922127
urban_events,12,p_in = 0.7,Sensitivity,p_in,0.7,1,13136,100,94,0.606132698916204,0.283998018330443,0.386775744286076,0.239753241321623,1.66666666666667,0.665067597034453,0.716001981669557,1.1546316
urban_events,12,p_in = 0.8,Sensitivity,p_in,0.8,1,13136,100,82,0.467089611419508,0.278355387523629,0.348830322771691,0.211262553802009,1.33333333333333,0.54442558007923,0.72164461247637,1.0889744
urban_events,12,p_in = 0.9,Sensitivity,p_in,0.9,1,13136,100,90,0.45360824742268,0.311264284418647,0.369191049913941,0.226385224274406,1.2,0.383449883449883,0.688735715581353,0.9324837
urban_events,12,p_w = 0.7,Sensitivity,p_w,0.7,1,13136,100,83,0.484800422944753,0.278258230920953,0.35357624831309,0.214754098360656,1.33333333333333,0.54525627044711,0.721741769079047,1.0848053
urban_events,12,p_w = 0.8,Sensitivity,p_w,0.8,1,13136,100,82,0.467089611419508,0.278355387523629,0.348830322771691,0.211262553802009,1.33333333333333,0.54442558007923,0.72164461247637,1.0529807
urban_events,12,p_w = 0.9,Sensitivity,p_w,0.9,1,13136,100,108,0.413164155432197,0.304203970416504,0.350409146956619,0.21242185376461,1.4,0.362763915547025,0.695796029583496,0.9856642
urban_events,12,overlap = 0.7,Sensitivity,overlap,0.7,1,13136,100,83,0.467089611419508,0.278486997635934,0.3489336492891,0.211338356655902,1.33333333333333,0.54442558007923,0.721513002364066,1.2477173
urban_events,12,overlap = 0.8,Sensitivity,overlap,0.8,1,13136,100,82,0.467089611419508,0.278355387523629,0.348830322771691,0.211262553802009,1.33333333333333,0.54442558007923,0.72164461247637,1.0950144
urban_events,12,overlap = 0.9,Sensitivity,overlap,0.9,1,13136,100,82,0.467089611419508,0.278355387523629,0.348830322771691,0.211262553802009,1.33333333333333,0.54442558007923,0.72164461247637,1.172447
urban_events,12,eps_s = 0.015,Sensitivity,eps_s,0.015,1,13136,100,109,0.364789849325932,0.292001692763436,0.324362439769656,0.193575536540889,1.5,0.278260869565217,0.707998307236564,0.8379119
urban_events,12,eps_s = 0.02,Sensitivity,eps_s,0.02,1,13136,100,82,0.467089611419508,0.278355387523629,0.348830322771691,0.211262553802009,1.33333333333333,0.54442558007923,0.72164461247637,1.2122216
urban_events,12,eps_s = 0.025,Sensitivity,eps_s,0.025,1,13136,100,38,0.906159132963257,0.299519440803844,0.450223272918308,0.290508474576271,1,0.855892648774796,0.700480559196155,2.1167824
urban_events,12,eps_t = 0.005,Sensitivity,eps_t,0.005,1,13136,100,38,0.772138514406556,0.313243967828418,0.445682026243515,0.286737999411014,2,0.851763094830537,0.686756032171582,2.1487147
urban_events,12,eps_t = 0.01,Sensitivity,eps_t,0.01,1,13136,100,64,0.555908009516257,0.310818799881762,0.398710778272822,0.248993606440919,2,0.818830242510699,0.689181200118238,1.6454165
urban_events,12,eps_t = 0.015,Sensitivity,eps_t,0.015,1,13136,100,63,0.682262754427703,0.303218984962406,0.419845465636438,0.265698991146798,2,0.80046493607129,0.696781015037594,1.3694202
urban_events,12,eps_t = 0.02,Sensitivity,eps_t,0.02,1,13136,100,82,0.467089611419508,0.278355387523629,0.348830322771691,0.211262553802009,1.33333333333333,0.54442558007923,0.72164461247637,1.1403565
urban_events,12,eps_t = 0.025,Sensitivity,eps_t,0.025,1,13136,100,82,0.467089611419508,0.278355387523629,0.348830322771691,0.211262553802009,1.33333333333333,0.54442558007923,0.72164461247637,1.1044228
urban_events,12,Event retention = 25%,Sparsity,retention,0.25,1,3284,90,7,0.0522466039707419,0.252525252525253,0.0865800865800866,0.0452488687782805,1,0.1,0.747474747474748,0.1714082
urban_events,12,Event retention = 25%,Sparsity,retention,0.25,2,3284,89,4,0.0571142284569138,0.279411764705882,0.0948419301164725,0.0497816593886463,NaN,0.298245614035088,0.720588235294118,0.1775409
urban_events,12,Event retention = 25%,Sparsity,retention,0.25,3,3284,89,4,0.0151187904967603,0.0645161290322581,0.0244969378827647,0.012400354295837,NaN,0,0.935483870967742,0.1649784
urban_events,12,Event retention = 25%,Sparsity,retention,0.25,4,3284,90,1,0,0,0,0,NaN,NaN,1,0.1887034
urban_events,12,Event retention = 25%,Sparsity,retention,0.25,5,3284,84,3,0.0189075630252101,0.126760563380282,0.0329067641681901,0.016728624535316,NaN,0,0.873239436619718,0.180921
urban_events,12,Event retention = 50%,Sparsity,retention,0.5,1,6568,96,28,0.183150183150183,0.31055900621118,0.230414746543779,0.130208333333333,1,0.362857142857143,0.68944099378882,0.5004884
urban_events,12,Event retention = 50%,Sparsity,retention,0.5,2,6568,94,42,0.233135456017269,0.276923076923077,0.253149721652505,0.144917812814492,1,0.194444444444444,0.723076923076923,0.4510839
urban_events,12,Event retention = 50%,Sparsity,retention,0.5,3,6568,96,36,0.209660297239915,0.310778914240755,0.250396196513471,0.143115942028986,1.66666666666667,0.179746835443038,0.689221085759245,0.4157041
urban_events,12,Event retention = 50%,Sparsity,retention,0.5,4,6568,93,30,0.226652675760756,0.367659574468085,0.280428432327167,0.163080407701019,1,0.289351851851852,0.632340425531915,0.4877865
urban_events,12,Event retention = 50%,Sparsity,retention,0.5,5,6568,96,38,0.226673695308382,0.287817938420348,0.253612503686228,0.145221209050996,1,0.348837209302326,0.712182061579652,0.4281357
urban_events,12,Event retention = 75%,Sparsity,retention,0.75,1,9852,96,68,0.396991955229101,0.299314345991561,0.341302059840625,0.205765047135606,1.5,0.46079295154185,0.700685654008439,0.7343205
urban_events,12,Event retention = 75%,Sparsity,retention,0.75,2,9852,99,77,0.337110481586402,0.31264367816092,0.324416425285398,0.19361399227171,1.25,0.336134453781513,0.68735632183908,0.7420349
urban_events,12,Event retention = 75%,Sparsity,retention,0.75,3,9852,94,72,0.284058988764045,0.276109215017065,0.280027691242645,0.162809418394043,1,0.370828182941904,0.723890784982935,0.8174696
urban_events,12,Event retention = 75%,Sparsity,retention,0.75,4,9852,97,77,0.329059829059829,0.307897367544152,0.318127044241694,0.189150460593654,1.25,0.314935064935065,0.692102632455848,0.7925836
urban_events,12,Event retention = 75%,Sparsity,retention,0.75,5,9852,99,72,0.325795053003534,0.322829131652661,0.32430531129089,0.193534844668346,1.2,0.308026030368764,0.677170868347339,0.785023
urban_events,12,Added events = 5%,AddedEvents,added-event ratio,0.05,1,13793,100,108,0.416600581549035,0.291851851851852,0.343242948927366,0.207177599579335,1.33333333333333,0.33248730964467,0.708148148148148,1.0840399
urban_events,12,Added events = 5%,AddedEvents,added-event ratio,0.05,2,13793,100,80,0.529209621993127,0.302737033116589,0.385148133897653,0.238503693114129,1.4,0.627872127872128,0.697262966883411,1.1938505
urban_events,12,Added events = 5%,AddedEvents,added-event ratio,0.05,3,13793,100,82,0.466032249537404,0.277463015423355,0.34783466508829,0.210532600907571,1.66666666666667,0.629041406693137,0.722536984576645,1.1327989
urban_events,12,Added events = 5%,AddedEvents,added-event ratio,0.05,4,13793,100,100,0.464181866243722,0.311623779946761,0.372902951794436,0.229182980944923,1.2,0.392938496583144,0.688376220053239,1.1550211
urban_events,12,Added events = 5%,AddedEvents,added-event ratio,0.05,5,13793,100,111,0.456780333068993,0.309844002151694,0.369230769230769,0.226415094339623,1.4,0.350694444444444,0.690155997848306,1.0720908
urban_events,12,Added events = 10%,AddedEvents,added-event ratio,0.1,1,14450,100,100,0.502511234469997,0.283477482851178,0.362474973782057,0.221355379599441,1.66666666666667,0.405576012624934,0.716522517148822,1.1404448
urban_events,12,Added events = 10%,AddedEvents,added-event ratio,0.1,2,14450,100,106,0.43827650013217,0.302278942570647,0.357790246007769,0.217871222076216,1.66666666666667,0.37394451145959,0.697721057429353,1.1981955
urban_events,12,Added events = 10%,AddedEvents,added-event ratio,0.1,3,14450,100,70,0.664287602431932,0.28713436928702,0.400957319505385,0.250748353622032,1.66666666666667,0.708714683645046,0.71286563071298,1.525012
urban_events,12,Added events = 10%,AddedEvents,added-event ratio,0.1,4,14450,100,100,0.402061855670103,0.279082568807339,0.329470377991985,0.19722510373444,1.5,0.380670611439842,0.72091743119266,1.1770639
urban_events,12,Added events = 10%,AddedEvents,added-event ratio,0.1,5,14450,100,79,0.725614591593973,0.290353289612862,0.414746543778802,0.261627906976744,2,0.773406193078324,0.709646710387138,1.4681106
urban_events,12,Added events = 20%,AddedEvents,added-event ratio,0.2,1,15763,100,64,0.753106000528681,0.267788325970486,0.395090833448898,0.246176445174112,1.66666666666667,0.637767637767638,0.732211674029514,1.3604615
urban_events,12,Added events = 20%,AddedEvents,added-event ratio,0.2,2,15763,100,64,0.786677240285488,0.260071659529844,0.39091028503875,0.242938775510204,1.33333333333333,0.73622311827957,0.739928340470156,2.2543594
urban_events,12,Added events = 20%,AddedEvents,added-event ratio,0.2,3,15763,100,72,0.658207771609833,0.254887910738049,0.367473435655254,0.225094919544386,1.33333333333333,0.642971887550201,0.745112089261951,2.0122671
urban_events,12,Added events = 20%,AddedEvents,added-event ratio,0.2,4,15763,100,79,0.668517049960349,0.254221954161641,0.36836355691501,0.225763256561328,1.66666666666667,0.647686832740214,0.745778045838359,1.6048052
urban_events,12,Added events = 20%,AddedEvents,added-event ratio,0.2,5,15763,100,111,0.509912767644726,0.273074745186863,0.355674380012907,0.216304104059206,1.42857142857143,0.31933644375324,0.726925254813137,1.3449945
urban_events,12,Added events = 30%,AddedEvents,added-event ratio,0.3,1,17077,100,99,0.748612212529738,0.251130619845704,0.37609561752988,0.231599607458292,1.4,0.593926553672316,0.748869380154296,1.7937959
urban_events,12,Added events = 30%,AddedEvents,added-event ratio,0.3,2,17077,100,75,0.632566745968808,0.243314692425013,0.351446614774563,0.213184855233853,1.25,0.654408692018387,0.756685307574987,1.7963361
urban_events,12,Added events = 30%,AddedEvents,added-event ratio,0.3,3,17077,100,79,0.635474491144594,0.250651652590971,0.359503514281442,0.219143117593437,1.11111111111111,0.56198003327787,0.749348347409029,2.0616712
urban_events,12,Added events = 30%,AddedEvents,added-event ratio,0.3,4,17077,100,55,0.810732223103357,0.254670763098896,0.387590041703526,0.240379340073673,1,0.79686990544506,0.745329236901104,2.7040293
urban_events,12,Added events = 30%,AddedEvents,added-event ratio,0.3,5,17077,100,94,0.54771345492995,0.252867952160117,0.345996493278784,0.209187279151943,1.75,0.434362934362934,0.747132047839883,1.8330536
urban_events,12,Full LLGD runtime,Runtime,-,NaN,1,13136,100,82,0.467089611419508,0.278355387523629,0.348830322771691,0.211262553802009,1.33333333333333,0.54442558007923,0.72164461247637,1.1833372
urban_events,12,Full LLGD runtime,Runtime,-,NaN,2,13136,100,80,0.607983082209886,0.287033570448022,0.389962699220075,0.242207245155855,1.66666666666667,0.664347826086957,0.712966429551978,1.2886032
urban_events,12,Full LLGD runtime,Runtime,-,NaN,3,13136,100,77,0.710811525244515,0.293751365523269,0.415706887222695,0.262392661982826,1.66666666666667,0.68873187058386,0.706248634476731,1.1894394
urban_events,13,Full LLGD,Full,-,NaN,1,7950,95,86,0.262101534828808,0.266293482606957,0.264180880602935,0.152193784277879,1,0.301801801801802,0.733706517393043,0.5926555
urban_events,13,w/o weighted support,Ablation,UseWeights,0,1,7950,95,277,0.9004329004329,0.35683094198378,0.51111359320898,0.343285821455364,1.55882352941176,0.393793706293706,0.64316905801622,1.0009616
urban_events,13,w/o local verification,Ablation,UseVerification,0,1,7950,95,102,0.348681621408894,0.325137614678899,0.336498290922902,0.202283105022831,1,0.238148984198646,0.674862385321101,0.5846642
urban_events,13,w/o global expansion,Ablation,UseGlobalExpansion,0,1,7950,95,115,0.11176702085793,0.214663643235072,0.146997929606625,0.0793296089385475,1.66666666666667,0.0246478873239436,0.785336356764928,0.6701763
urban_events,13,unit estimation weights,Ablation,UseWeights,0,1,7950,95,88,0.275482093663912,0.296987696224014,0.285830951408738,0.166746069556932,1,0.304285714285714,0.703012303775986,0.7441992
urban_events,13,unit support tests,Ablation,UseMultiplicitySupport,0,1,7950,95,259,0.897678079496261,0.357299498746867,0.511148459383754,0.343317278747742,1.51724137931034,0.436650591845682,0.642700501253133,0.8125376
urban_events,13,MAD = 3,Sensitivity,MAD,3,1,7950,95,82,0.231404958677686,0.285436893203883,0.255596609432732,0.146523797657613,1,0.306122448979592,0.714563106796116,0.6333821
urban_events,13,MAD = 3.5,Sensitivity,MAD,3.5,1,7950,95,86,0.262101534828808,0.266293482606957,0.264180880602935,0.152193784277879,1,0.301801801801802,0.733706517393043,0.555147
urban_events,13,MAD = 4,Sensitivity,MAD,4,1,7950,95,73,0.342384887839433,0.297945205479452,0.318622962827321,0.189501197996079,1,0.593103448275862,0.702054794520548,0.5920174
urban_events,13,p_in = 0.7,Sensitivity,p_in,0.7,1,7950,95,96,0.302636757182212,0.287154592979836,0.294692469821805,0.172808988764045,1,0.306892067620286,0.712845407020164,0.5909429
urban_events,13,p_in = 0.8,Sensitivity,p_in,0.8,1,7950,95,86,0.262101534828808,0.266293482606957,0.264180880602935,0.152193784277879,1,0.301801801801802,0.733706517393043,0.688548
urban_events,13,p_in = 0.9,Sensitivity,p_in,0.9,1,7950,95,69,0.258559622195986,0.304872389791183,0.279812606473595,0.162664025748948,1,0.302891933028919,0.695127610208817,0.7171224
urban_events,13,p_w = 0.7,Sensitivity,p_w,0.7,1,7950,95,78,0.244391971664699,0.295292439372325,0.267441860465116,0.154362416107383,1,0.307568438003221,0.704707560627675,0.7320805
urban_events,13,p_w = 0.8,Sensitivity,p_w,0.8,1,7950,95,86,0.262101534828808,0.266293482606957,0.264180880602935,0.152193784277879,1,0.301801801801802,0.733706517393043,0.720174
urban_events,13,p_w = 0.9,Sensitivity,p_w,0.9,1,7950,95,86,0.262101534828808,0.266293482606957,0.264180880602935,0.152193784277879,1,0.301801801801802,0.733706517393043,0.5669754
urban_events,13,overlap = 0.7,Sensitivity,overlap,0.7,1,7950,95,86,0.262101534828808,0.266293482606957,0.264180880602935,0.152193784277879,1,0.301801801801802,0.733706517393043,0.6355397
urban_events,13,overlap = 0.8,Sensitivity,overlap,0.8,1,7950,95,86,0.262101534828808,0.266293482606957,0.264180880602935,0.152193784277879,1,0.301801801801802,0.733706517393043,0.5931447
urban_events,13,overlap = 0.9,Sensitivity,overlap,0.9,1,7950,95,86,0.276662731208186,0.278747026169707,0.277700967805649,0.161238532110092,1,0.294452347083926,0.721252973830293,0.609273
urban_events,13,eps_s = 0.015,Sensitivity,eps_s,0.015,1,7950,95,83,0.231798504525777,0.297174571140262,0.2604466062348,0.149720386375191,1,0.137521222410866,0.702825428859738,0.5294348
urban_events,13,eps_s = 0.02,Sensitivity,eps_s,0.02,1,7950,95,86,0.262101534828808,0.266293482606957,0.264180880602935,0.152193784277879,1,0.301801801801802,0.733706517393043,0.5650911
urban_events,13,eps_s = 0.025,Sensitivity,eps_s,0.025,1,7950,95,67,0.388823297914207,0.302881667688535,0.340513527485783,0.205192107995846,1,0.591093117408907,0.697118332311465,0.6995979
urban_events,13,eps_t = 0.005,Sensitivity,eps_t,0.005,1,7950,95,28,0.20228256591893,0.242681775259679,0.220648207769908,0.12400482509047,NaN,0.898832684824903,0.757318224740321,0.539755
urban_events,13,eps_t = 0.01,Sensitivity,eps_t,0.01,1,7950,95,62,0.333333333333333,0.289177193581427,0.309689213893967,0.18321436296777,1,0.579693034238489,0.710822806418573,0.6014194
urban_events,13,eps_t = 0.015,Sensitivity,eps_t,0.015,1,7950,95,76,0.334513970877607,0.283711615487316,0.307025465053278,0.181352677618946,1,0.628235294117647,0.716288384512684,0.5963899
urban_events,13,eps_t = 0.02,Sensitivity,eps_t,0.02,1,7950,95,86,0.262101534828808,0.266293482606957,0.264180880602935,0.152193784277879,1,0.301801801801802,0.733706517393043,0.5933362
urban_events,13,eps_t = 0.025,Sensitivity,eps_t,0.025,1,7950,95,86,0.262101534828808,0.266293482606957,0.264180880602935,0.152193784277879,1,0.301801801801802,0.733706517393043,0.5667246
urban_events,13,Event retention = 25%,Sparsity,retention,0.25,1,1988,79,3,0,0,0,0,NaN,NaN,1,0.081607
urban_events,13,Event retention = 25%,Sparsity,retention,0.25,2,1988,78,2,0,0,0,0,NaN,NaN,1,0.0790416
urban_events,13,Event retention = 25%,Sparsity,retention,0.25,3,1988,74,4,0.0325077399380805,0.241379310344828,0.0572987721691678,0.0294943820224719,1,0.142857142857143,0.758620689655172,0.095383
urban_events,13,Event retention = 25%,Sparsity,retention,0.25,4,1988,79,5,0.0182094081942337,0.285714285714286,0.0342368045649073,0.0174165457184325,1,0,0.714285714285714,0.0776977
urban_events,13,Event retention = 25%,Sparsity,retention,0.25,5,1988,81,3,0,0,0,0,NaN,NaN,1,0.0764204
urban_events,13,Event retention = 50%,Sparsity,retention,0.5,1,3975,87,25,0.0738955823293173,0.281345565749235,0.11704834605598,0.0621621621621622,1,0.0217391304347826,0.718654434250764,0.2524219
urban_events,13,Event retention = 50%,Sparsity,retention,0.5,2,3975,88,25,0.129716981132075,0.33,0.186230248306998,0.102675793403858,1,0.0969696969696969,0.67,0.2655284
urban_events,13,Event retention = 50%,Sparsity,retention,0.5,3,3975,88,26,0.0380730380730381,0.131367292225201,0.0590361445783132,0.0304158907510863,1,0.0816326530612245,0.868632707774799,0.2410811
urban_events,13,Event retention = 50%,Sparsity,retention,0.5,4,3975,90,26,0.142634450506625,0.251028806584362,0.181908548707753,0.100054674685621,1,0.278688524590164,0.748971193415638,0.247892
urban_events,13,Event retention = 50%,Sparsity,retention,0.5,5,3975,87,16,0.0459224069675376,0.202090592334495,0.0748387096774194,0.0388739946380697,1,0.0862068965517241,0.797909407665505,0.2690682
urban_events,13,Event retention = 75%,Sparsity,retention,0.75,1,5963,91,54,0.208528341133645,0.314756671899529,0.250860181420081,0.143419170243205,1.5,0.329177057356609,0.685243328100471,0.4397768
urban_events,13,Event retention = 75%,Sparsity,retention,0.75,2,5963,94,48,0.292492179353493,0.288135593220339,0.290297542043984,0.169794188861985,1,0.638146167557932,0.711864406779661,0.4095946
urban_events,13,Event retention = 75%,Sparsity,retention,0.75,3,5963,91,54,0.207202505219207,0.266264252179745,0.233049603756971,0.131893687707641,1,0.277078085642317,0.733735747820255,0.4257054
urban_events,13,Event retention = 75%,Sparsity,retention,0.75,4,5963,93,56,0.138219895287958,0.238914027149321,0.175124378109453,0.0959651035986914,1,0.0909090909090909,0.761085972850679,0.3935155
urban_events,13,Event retention = 75%,Sparsity,retention,0.75,5,5963,91,55,0.223105458399576,0.315119760479042,0.26124728513807,0.150249821556031,1,0.31353919239905,0.684880239520958,0.4173091
urban_events,13,Added events = 5%,AddedEvents,added-event ratio,0.05,1,8348,95,91,0.343959071231799,0.3199121522694,0.331500094822682,0.198681518526938,1,0.251716247139588,0.6800878477306,0.5814683
urban_events,13,Added events = 5%,AddedEvents,added-event ratio,0.05,2,8348,95,86,0.258166076347895,0.254263565891473,0.256199960945128,0.146920492721165,1,0.263719512195122,0.745736434108527,0.6399984
urban_events,13,Added events = 5%,AddedEvents,added-event ratio,0.05,3,8348,95,76,0.307752853207399,0.257575757575758,0.280437511206742,0.163086548488008,1,0.578005115089514,0.742424242424242,0.6623109
urban_events,13,Added events = 5%,AddedEvents,added-event ratio,0.05,4,8348,95,84,0.255804801259347,0.242266120014909,0.24885145482389,0.142107564494972,1,0.267692307692308,0.757733879985091,0.6262493
urban_events,13,Added events = 5%,AddedEvents,added-event ratio,0.05,5,8348,95,74,0.24478551751279,0.240432933900271,0.242589703588143,0.138038171327119,1,0.381028938906752,0.759567066099729,0.647287
urban_events,13,Added events = 10%,AddedEvents,added-event ratio,0.1,1,8745,95,89,0.29909484454939,0.268077601410935,0.282738095238095,0.164644714038128,1,0.211842105263158,0.731922398589065,0.877312
urban_events,13,Added events = 10%,AddedEvents,added-event ratio,0.1,2,8745,95,63,0.265643447461629,0.225601604278075,0.243990601843485,0.138946068340881,1,0.642962962962963,0.774398395721925,1.0354009
urban_events,13,Added events = 10%,AddedEvents,added-event ratio,0.1,3,8745,95,85,0.313262495080677,0.260215756783263,0.284285714285714,0.165695253955037,1,0.417085427135678,0.739784243216738,0.7889669
urban_events,13,Added events = 10%,AddedEvents,added-event ratio,0.1,4,8745,95,87,0.262101534828808,0.250187828700225,0.256006150297905,0.146793035045184,1,0.304804804804805,0.749812171299775,1.4474325
urban_events,13,Added events = 10%,AddedEvents,added-event ratio,0.1,5,8745,95,78,0.308933490751673,0.276116778051354,0.291604754829123,0.170689280278321,1,0.490445859872611,0.723883221948646,1.2612933
urban_events,13,Added events = 20%,AddedEvents,added-event ratio,0.2,1,9540,95,72,0.434868162140889,0.268987341772152,0.332380809144232,0.199314574314574,1,0.776470588235294,0.731012658227848,1.5061722
urban_events,13,Added events = 20%,AddedEvents,added-event ratio,0.2,2,9540,95,89,0.315623770169225,0.275506698728959,0.294203961848863,0.17247311827957,1,0.240648379052369,0.724493301271041,1.164919
urban_events,13,Added events = 20%,AddedEvents,added-event ratio,0.2,3,9540,95,76,0.325068870523416,0.255174544331171,0.285912080304604,0.166801292407108,1,0.501210653753027,0.744825455668829,1.5449391
urban_events,13,Added events = 20%,AddedEvents,added-event ratio,0.2,4,9540,95,75,0.204643841007477,0.204161758932077,0.20440251572327,0.113835376532399,1,0.413461538461538,0.795838241067923,1.0419954
urban_events,13,Added events = 20%,AddedEvents,added-event ratio,0.2,5,9540,95,84,0.408107044470681,0.252803510482691,0.3122083396056,0.18498037816625,1,0.518804243008679,0.747196489517309,1.0712585
urban_events,13,Added events = 30%,AddedEvents,added-event ratio,0.3,1,10335,95,70,0.397087760724124,0.250248015873016,0.307013540240377,0.181344356578001,1,0.746283448959366,0.749751984126984,1.7150391
urban_events,13,Added events = 30%,AddedEvents,added-event ratio,0.3,2,10335,95,72,0.413616686343959,0.246771542615637,0.309117647058823,0.182814402504783,1,0.705994291151284,0.753228457384363,1.3135453
urban_events,13,Added events = 30%,AddedEvents,added-event ratio,0.3,3,10335,95,102,0.345533254624164,0.260148148148148,0.296822177146721,0.174275506153235,1,0.313211845102506,0.739851851851852,1.2065688
urban_events,13,Added events = 30%,AddedEvents,added-event ratio,0.3,4,10335,95,81,0.349468713105077,0.270649192319415,0.305049811061491,0.179975678962302,1,0.372747747747748,0.729350807680585,0.9888361
urban_events,13,Added events = 30%,AddedEvents,added-event ratio,0.3,5,10335,95,92,0.310114128295946,0.262841894596398,0.284527893121502,0.165859818985477,1,0.288071065989848,0.737158105403602,0.9221224
urban_events,13,Full LLGD runtime,Runtime,-,NaN,1,7950,95,86,0.262101534828808,0.266293482606957,0.264180880602935,0.152193784277879,1,0.301801801801802,0.733706517393043,0.6533583
urban_events,13,Full LLGD runtime,Runtime,-,NaN,2,7950,95,88,0.269972451790634,0.274949899799599,0.272438443208896,0.157701149425287,1.33333333333333,0.303206997084548,0.725050100200401,0.5732261
urban_events,13,Full LLGD runtime,Runtime,-,NaN,3,7950,95,85,0.29004329004329,0.298380566801619,0.29415286369986,0.172437997192326,1,0.398914518317503,0.701619433198381,0.5899772
urban_events,14,Full LLGD,Full,-,NaN,1,3360,96,80,0.00350467289719626,0.00462962962962963,0.00398936170212766,0.00199866755496336,NaN,0,0.99537037037037,0.2009215
urban_events,14,w/o weighted support,Ablation,UseWeights,0,1,3360,96,157,0.585280373831776,0.298747763864043,0.395578365574418,0.246555118110236,1.16666666666667,0.261477045908184,0.701252236135957,0.4235695
urban_events,14,w/o local verification,Ablation,UseVerification,0,1,3360,96,90,0.0186915887850467,0.0214190093708166,0.0199625701809108,0.0100819155639572,1,0.125,0.978580990629183,0.1826023
urban_events,14,w/o global expansion,Ablation,UseGlobalExpansion,0,1,3360,96,82,0.00233644859813084,0.00330578512396694,0.0027378507871321,0.00137080191912269,NaN,0,0.996694214876033,0.1915263
urban_events,14,unit estimation weights,Ablation,UseWeights,0,1,3360,96,77,0.00116822429906542,0.00158982511923688,0.00134680134680135,0.000673854447439353,NaN,0,0.998410174880763,0.2274459
urban_events,14,unit support tests,Ablation,UseMultiplicitySupport,0,1,3360,96,159,0.577102803738318,0.291101944608132,0.386995691343517,0.239922292374939,1.11111111111111,0.279352226720648,0.708898055391868,0.3863534
urban_events,14,MAD = 3,Sensitivity,MAD,3,1,3360,96,81,0.00350467289719626,0.00462962962962963,0.00398936170212766,0.00199866755496336,NaN,0,0.99537037037037,0.2197845
urban_events,14,MAD = 3.5,Sensitivity,MAD,3.5,1,3360,96,80,0.00350467289719626,0.00462962962962963,0.00398936170212766,0.00199866755496336,NaN,0,0.99537037037037,0.190448
urban_events,14,MAD = 4,Sensitivity,MAD,4,1,3360,96,80,0.00350467289719626,0.00458015267175573,0.00397088021178028,0.0019893899204244,NaN,0,0.995419847328244,0.2237021
urban_events,14,p_in = 0.7,Sensitivity,p_in,0.7,1,3360,96,87,0.00934579439252336,0.0112359550561798,0.0102040816326531,0.00512820512820513,NaN,0.25,0.98876404494382,0.1776111
urban_events,14,p_in = 0.8,Sensitivity,p_in,0.8,1,3360,96,80,0.00350467289719626,0.00462962962962963,0.00398936170212766,0.00199866755496336,NaN,0,0.99537037037037,0.2060572
urban_events,14,p_in = 0.9,Sensitivity,p_in,0.9,1,3360,96,69,0.00350467289719626,0.00506756756756757,0.00414364640883978,0.00207612456747405,NaN,0,0.994932432432432,0.2320633
urban_events,14,p_w = 0.7,Sensitivity,p_w,0.7,1,3360,96,79,0.00350467289719626,0.00461538461538462,0.00398406374501992,0.00199600798403194,NaN,0,0.995384615384615,0.2055344
urban_events,14,p_w = 0.8,Sensitivity,p_w,0.8,1,3360,96,80,0.00350467289719626,0.00462962962962963,0.00398936170212766,0.00199866755496336,NaN,0,0.99537037037037,0.2053032
urban_events,14,p_w = 0.9,Sensitivity,p_w,0.9,1,3360,96,80,0.00350467289719626,0.00462962962962963,0.00398936170212766,0.00199866755496336,NaN,0,0.99537037037037,0.2145974
urban_events,14,overlap = 0.7,Sensitivity,overlap,0.7,1,3360,96,80,0.00350467289719626,0.00462962962962963,0.00398936170212766,0.00199866755496336,NaN,0,0.99537037037037,0.2015576
urban_events,14,overlap = 0.8,Sensitivity,overlap,0.8,1,3360,96,80,0.00350467289719626,0.00462962962962963,0.00398936170212766,0.00199866755496336,NaN,0,0.99537037037037,0.2006401
urban_events,14,overlap = 0.9,Sensitivity,overlap,0.9,1,3360,96,80,0.00350467289719626,0.00462249614791988,0.00398671096345515,0.00199733688415446,NaN,0,0.99537750385208,0.1981793
urban_events,14,eps_s = 0.015,Sensitivity,eps_s,0.015,1,3360,96,73,0.00116822429906542,0.00182481751824818,0.00142450142450142,0.000712758374910905,NaN,0,0.998175182481752,0.1462767
urban_events,14,eps_s = 0.02,Sensitivity,eps_s,0.02,1,3360,96,80,0.00350467289719626,0.00462962962962963,0.00398936170212766,0.00199866755496336,NaN,0,0.99537037037037,0.2056182
urban_events,14,eps_s = 0.025,Sensitivity,eps_s,0.025,1,3360,96,66,0.00350467289719626,0.00427960057061341,0.00385356454720617,0.00193050193050193,NaN,0,0.995720399429387,0.2517436
urban_events,14,eps_t = 0.005,Sensitivity,eps_t,0.005,1,3360,96,38,0.00467289719626168,0.0119402985074627,0.00671704450041982,0.0033698399326032,NaN,0,0.988059701492537,0.1378525
urban_events,14,eps_t = 0.01,Sensitivity,eps_t,0.01,1,3360,96,75,0.0058411214953271,0.00831946755407654,0.00686341798215511,0.0034435261707989,NaN,0,0.991680532445923,0.1808981
urban_events,14,eps_t = 0.015,Sensitivity,eps_t,0.015,1,3360,96,80,0.00934579439252336,0.0122137404580153,0.0105890138980807,0.0053226879574185,NaN,0,0.987786259541985,0.2074197
urban_events,14,eps_t = 0.02,Sensitivity,eps_t,0.02,1,3360,96,80,0.00350467289719626,0.00462962962962963,0.00398936170212766,0.00199866755496336,NaN,0,0.99537037037037,0.2618449
urban_events,14,eps_t = 0.025,Sensitivity,eps_t,0.025,1,3360,96,80,0.00350467289719626,0.00462962962962963,0.00398936170212766,0.00199866755496336,NaN,0,0.99537037037037,0.2464184
urban_events,14,Event retention = 25%,Sparsity,retention,0.25,1,840,74,1,0,0,0,0,NaN,NaN,1,0.0150834
urban_events,14,Event retention = 25%,Sparsity,retention,0.25,2,840,69,3,0,0,0,0,NaN,NaN,1,0.0145115
urban_events,14,Event retention = 25%,Sparsity,retention,0.25,3,840,76,5,0,0,0,0,NaN,NaN,1,0.0210684
urban_events,14,Event retention = 25%,Sparsity,retention,0.25,4,840,70,4,0,0,0,0,NaN,NaN,1,0.0171148
urban_events,14,Event retention = 25%,Sparsity,retention,0.25,5,840,73,3,0,0,0,0,NaN,NaN,1,0.0152426
urban_events,14,Event retention = 50%,Sparsity,retention,0.5,1,1680,88,25,0,0,0,0,NaN,NaN,1,0.0835798
urban_events,14,Event retention = 50%,Sparsity,retention,0.5,2,1680,87,26,0,0,0,0,NaN,NaN,1,0.0658414
urban_events,14,Event retention = 50%,Sparsity,retention,0.5,3,1680,88,23,0,0,0,0,NaN,NaN,1,0.0827218
urban_events,14,Event retention = 50%,Sparsity,retention,0.5,4,1680,82,18,0,0,0,0,NaN,NaN,1,0.0697948
urban_events,14,Event retention = 50%,Sparsity,retention,0.5,5,1680,89,26,0.00240384615384615,0.00625,0.00347222222222222,0.00173913043478261,NaN,0,0.99375,0.0760079
urban_events,14,Event retention = 75%,Sparsity,retention,0.75,1,2520,94,50,0.00635930047694754,0.0117994100294985,0.00826446280991736,0.004149377593361,NaN,0,0.988200589970501,0.1475367
urban_events,14,Event retention = 75%,Sparsity,retention,0.75,2,2520,95,53,0.00312989045383412,0.00530503978779841,0.00393700787401575,0.0019723865877712,NaN,0,0.994694960212202,0.1358069
urban_events,14,Event retention = 75%,Sparsity,retention,0.75,3,2520,95,52,0.003125,0.005249343832021,0.0039177277179236,0.00196270853778214,NaN,0,0.994750656167979,0.1455089
urban_events,14,Event retention = 75%,Sparsity,retention,0.75,4,2520,93,52,0.00316455696202532,0.00531914893617021,0.00396825396825397,0.00198807157057654,NaN,0,0.99468085106383,0.1314853
urban_events,14,Event retention = 75%,Sparsity,retention,0.75,5,2520,92,53,0.00156739811912226,0.00268096514745308,0.0019782393669634,0.00099009900990099,NaN,0,0.997319034852547,0.1418008
urban_events,14,Added events = 5%,AddedEvents,added-event ratio,0.05,1,3528,96,82,0.0058411214953271,0.00746268656716418,0.00655307994757536,0.00328731097961867,NaN,0,0.992537313432836,0.2157944
urban_events,14,Added events = 5%,AddedEvents,added-event ratio,0.05,2,3528,96,83,0.00350467289719626,0.0045045045045045,0.00394218134034166,0.00197498354180382,NaN,0,0.995495495495496,0.1997057
urban_events,14,Added events = 5%,AddedEvents,added-event ratio,0.05,3,3528,96,81,0.0175233644859813,0.0220588235294118,0.01953125,0.00986193293885602,1,0,0.977941176470588,0.2146793
urban_events,14,Added events = 5%,AddedEvents,added-event ratio,0.05,4,3528,96,84,0.00350467289719626,0.00332594235033259,0.00341296928327645,0.00170940170940171,NaN,0,0.996674057649667,0.1984917
urban_events,14,Added events = 5%,AddedEvents,added-event ratio,0.05,5,3528,96,81,0.00350467289719626,0.00449101796407186,0.00393700787401575,0.0019723865877712,NaN,0,0.995508982035928,0.2131356
urban_events,14,Added events = 10%,AddedEvents,added-event ratio,0.1,1,3696,96,80,0.00350467289719626,0.00440528634361234,0.00390370852309694,0.00195567144719687,NaN,0,0.995594713656388,0.2252531
urban_events,14,Added events = 10%,AddedEvents,added-event ratio,0.1,2,3696,96,81,0.0058411214953271,0.00734214390602056,0.00650618087182824,0.00326370757180157,NaN,0,0.992657856093979,0.2820051
urban_events,14,Added events = 10%,AddedEvents,added-event ratio,0.1,3,3696,96,89,0.0455607476635514,0.0407098121085595,0.0429988974641676,0.0219718309859155,1,0.0512820512820513,0.95929018789144,0.268358
urban_events,14,Added events = 10%,AddedEvents,added-event ratio,0.1,4,3696,96,86,0.0268691588785047,0.0313351498637602,0.0289308176100629,0.0146777281429483,1,0,0.96866485013624,0.2268322
urban_events,14,Added events = 10%,AddedEvents,added-event ratio,0.1,5,3696,96,84,0.00350467289719626,0.00434782608695652,0.00388098318240621,0.00194426441996111,NaN,0,0.995652173913044,0.223784
urban_events,14,Added events = 20%,AddedEvents,added-event ratio,0.2,1,4032,96,92,0.0292056074766355,0.0246062992125984,0.0267094017094017,0.0135354629128316,1,0,0.975393700787402,0.2272323
urban_events,14,Added events = 20%,AddedEvents,added-event ratio,0.2,2,4032,96,83,0.0186915887850467,0.0210526315789474,0.0198019801980198,0.01,NaN,0.125,0.978947368421053,0.2749129
urban_events,14,Added events = 20%,AddedEvents,added-event ratio,0.2,3,4032,96,83,0.0280373831775701,0.0253164556962025,0.0266075388026608,0.0134831460674157,1,0,0.974683544303797,0.3018781
urban_events,14,Added events = 20%,AddedEvents,added-event ratio,0.2,4,4032,96,88,0.0116822429906542,0.010183299389002,0.0108813928182807,0.00547045951859956,NaN,0,0.989816700610998,0.2616489
urban_events,14,Added events = 20%,AddedEvents,added-event ratio,0.2,5,4032,96,89,0.0478971962616822,0.0421377183967112,0.0448332422088573,0.0229306487695749,1,0.0487804878048781,0.957862281603289,0.2542575
urban_events,14,Added events = 30%,AddedEvents,added-event ratio,0.3,1,4368,96,90,0.00350467289719626,0.00306748466257669,0.00327153762268266,0.00163844893500819,NaN,0,0.996932515337423,0.2939124
urban_events,14,Added events = 30%,AddedEvents,added-event ratio,0.3,2,4368,96,87,0.022196261682243,0.0186274509803922,0.0202558635394456,0.0102315562735595,NaN,0.210526315789474,0.981372549019608,0.3736838
urban_events,14,Added events = 30%,AddedEvents,added-event ratio,0.3,3,4368,96,87,0.0315420560747664,0.0266798418972332,0.0289079229122056,0.0146659424225964,1,0.0740740740740741,0.973320158102767,0.3742059
urban_events,14,Added events = 30%,AddedEvents,added-event ratio,0.3,4,4368,96,92,0.0724299065420561,0.0576208178438662,0.0641821946169772,0.0331550802139037,1,0.032258064516129,0.942379182156134,0.3686426
urban_events,14,Added events = 30%,AddedEvents,added-event ratio,0.3,5,4368,96,82,0.00467289719626168,0.00407747196738022,0.00435492651061513,0.00218221494817239,NaN,0,0.99592252803262,0.4137585
urban_events,14,Full LLGD runtime,Runtime,-,NaN,1,3360,96,80,0.00350467289719626,0.00462962962962963,0.00398936170212766,0.00199866755496336,NaN,0,0.99537037037037,0.3172025
urban_events,14,Full LLGD runtime,Runtime,-,NaN,2,3360,96,80,0.00350467289719626,0.00462249614791988,0.00398671096345515,0.00199733688415446,NaN,0,0.99537750385208,0.1938543
urban_events,14,Full LLGD runtime,Runtime,-,NaN,3,3360,96,80,0.00350467289719626,0.00462962962962963,0.00398936170212766,0.00199866755496336,NaN,0,0.99537037037037,0.1930731
urban_events,15,Full LLGD,Full,-,NaN,1,15178,123,118,0.48321780372127,0.359820700896496,0.412488321395204,0.259833251593919,1.33333333333333,0.520951302378256,0.640179299103504,1.2056842
urban_events,15,w/o weighted support,Ablation,UseWeights,0,1,15178,123,236,0.969354250273623,0.376745834810351,0.542604788890591,0.372311357107826,1.61111111111111,0.752164094843809,0.623254165189649,2.1146549
urban_events,15,w/o local verification,Ablation,UseVerification,0,1,15178,123,147,0.552170740605618,0.385654223467958,0.454129472657715,0.293769409937888,1.2,0.448629005616122,0.614345776532042,1.0140992
urban_events,15,w/o global expansion,Ablation,UseGlobalExpansion,0,1,15178,123,271,0.242429770156877,0.304258241758242,0.269847715736041,0.155967609435512,3.33333333333333,0.0413844996237773,0.695741758241758,1.2458232
urban_events,15,unit estimation weights,Ablation,UseWeights,0,1,15178,123,81,0.870850054724553,0.384751773049645,0.533705980994969,0.363982921622446,1.5,0.856933389191454,0.615248226950355,2.4219972
urban_events,15,unit support tests,Ablation,UseMultiplicitySupport,0,1,15178,123,165,0.965523531557826,0.372039080621354,0.537115023593282,0.367161487236404,2,0.768373323257132,0.627960919378646,2.0152015
urban_events,15,MAD = 3,Sensitivity,MAD,3,1,15178,123,115,0.476286026997446,0.372574200913242,0.418094475580464,0.26429800587104,1.5,0.5461509000383,0.627425799086758,1.4232138
urban_events,15,MAD = 3.5,Sensitivity,MAD,3.5,1,15178,123,118,0.48321780372127,0.359820700896496,0.412488321395204,0.259833251593919,1.33333333333333,0.520951302378256,0.640179299103504,1.2023973
urban_events,15,MAD = 4,Sensitivity,MAD,4,1,15178,123,114,0.585370302809194,0.3865799301289,0.465646085757818,0.303480234537545,1.25,0.557806170146463,0.6134200698711,1.1755872
urban_events,15,p_in = 0.7,Sensitivity,p_in,0.7,1,15178,123,125,0.520430499817585,0.36798658583774,0.431129580657348,0.274802542862647,1.33333333333333,0.539432176656151,0.63201341416226,1.1371114
urban_events,15,p_in = 0.8,Sensitivity,p_in,0.8,1,15178,123,118,0.48321780372127,0.359820700896496,0.412488321395204,0.259833251593919,1.33333333333333,0.520951302378256,0.640179299103504,1.2087247
urban_events,15,p_in = 0.9,Sensitivity,p_in,0.9,1,15178,123,90,0.592302079533017,0.368767745599091,0.454539091481767,0.29411231884058,1.33333333333333,0.657222051124115,0.631232254400909,1.4375714
urban_events,15,p_w = 0.7,Sensitivity,p_w,0.7,1,15178,123,115,0.47318496898942,0.358237812456843,0.407765464120098,0.256096356994768,1,0.528527370855821,0.641762187543157,1.2235569
urban_events,15,p_w = 0.8,Sensitivity,p_w,0.8,1,15178,123,118,0.48321780372127,0.359820700896496,0.412488321395204,0.259833251593919,1.33333333333333,0.520951302378256,0.640179299103504,1.1615078
urban_events,15,p_w = 0.9,Sensitivity,p_w,0.9,1,15178,123,125,0.479022254651587,0.368406285072952,0.416494845360825,0.263020833333333,1.25,0.490860624523991,0.631593714927048,1.282425
urban_events,15,overlap = 0.7,Sensitivity,overlap,0.7,1,15178,123,118,0.48321780372127,0.359820700896496,0.412488321395204,0.259833251593919,1.33333333333333,0.520951302378256,0.640179299103504,1.3034156
urban_events,15,overlap = 0.8,Sensitivity,overlap,0.8,1,15178,123,118,0.48321780372127,0.359820700896496,0.412488321395204,0.259833251593919,1.33333333333333,0.520951302378256,0.640179299103504,1.42846
urban_events,15,overlap = 0.9,Sensitivity,overlap,0.9,1,15178,123,117,0.48595403137541,0.36254763200871,0.415276695245518,0.262049970489868,1.33333333333333,0.519894894894895,0.63745236799129,1.4317049
urban_events,15,eps_s = 0.015,Sensitivity,eps_s,0.015,1,15178,123,132,0.41955490696826,0.376432078559738,0.396825396825397,0.247524752475248,1.41666666666667,0.273913043478261,0.623567921440262,1.2731164
urban_events,15,eps_s = 0.02,Sensitivity,eps_s,0.02,1,15178,123,118,0.48321780372127,0.359820700896496,0.412488321395204,0.259833251593919,1.33333333333333,0.520951302378256,0.640179299103504,1.389579
urban_events,15,eps_s = 0.025,Sensitivity,eps_s,0.025,1,15178,123,75,0.871944545786209,0.377179831137063,0.526576700633434,0.357383177570093,NaN,0.798744769874477,0.622820168862937,1.7732899
urban_events,15,eps_t = 0.005,Sensitivity,eps_t,0.005,1,15178,123,42,0.880335643925575,0.379223636649379,0.530096660808436,0.360633687042296,1,0.943845835060091,0.620776363350621,3.7144077
urban_events,15,eps_t = 0.01,Sensitivity,eps_t,0.01,1,15178,123,81,0.679314118934695,0.389010759427557,0.494719362338094,0.328655899744065,1,0.727712137486574,0.610989240572443,1.7761844
urban_events,15,eps_t = 0.015,Sensitivity,eps_t,0.015,1,15178,123,83,0.797701568770522,0.381122537911801,0.515805614531729,0.34753238496384,1,0.848616510404756,0.618877462088199,2.2484037
urban_events,15,eps_t = 0.02,Sensitivity,eps_t,0.02,1,15178,123,118,0.48321780372127,0.359820700896496,0.412488321395204,0.259833251593919,1.33333333333333,0.520951302378256,0.640179299103504,1.1857772
urban_events,15,eps_t = 0.025,Sensitivity,eps_t,0.025,1,15178,123,118,0.48321780372127,0.359820700896496,0.412488321395204,0.259833251593919,1.33333333333333,0.520951302378256,0.640179299103504,1.2593256
urban_events,15,Event retention = 25%,Sparsity,retention,0.25,1,3795,113,6,0.0783608914450036,0.392086330935252,0.130617136009587,0.0698717948717949,1,0.211009174311927,0.607913669064748,0.2535737
urban_events,15,Event retention = 25%,Sparsity,retention,0.25,2,3795,113,7,0.0826686004350979,0.430188679245283,0.138686131386861,0.0745098039215686,1,0.12280701754386,0.569811320754717,0.2138675
urban_events,15,Event retention = 25%,Sparsity,retention,0.25,3,3795,113,6,0.049490538573508,0.371584699453552,0.0873474630700064,0.0456682337139019,NaN,0.279411764705882,0.628415300546448,0.2183447
urban_events,15,Event retention = 25%,Sparsity,retention,0.25,4,3795,110,15,0.0753012048192771,0.232558139534884,0.113765642775882,0.060313630880579,1,0.25,0.767441860465116,0.2118572
urban_events,15,Event retention = 25%,Sparsity,retention,0.25,5,3795,115,12,0.144150943396226,0.39874739039666,0.211751662971175,0.118412895226286,1,0.172774869109948,0.60125260960334,0.226713
urban_events,15,Event retention = 50%,Sparsity,retention,0.5,1,7589,116,47,0.245180065478356,0.388696655132641,0.300691501226857,0.176949330532948,1,0.427299703264095,0.611303344867359,0.5894653
urban_events,15,Event retention = 50%,Sparsity,retention,0.5,2,7589,118,41,0.203452074917371,0.359273670557717,0.25978898007034,0.149285906763676,1.33333333333333,0.297833935018051,0.640726329442283,0.6417713
urban_events,15,Event retention = 50%,Sparsity,retention,0.5,3,7589,120,42,0.23088128186453,0.374704491725768,0.285714285714286,0.166666666666667,1.16666666666667,0.337539432176656,0.625295508274232,0.5438991
urban_events,15,Event retention = 50%,Sparsity,retention,0.5,4,7589,117,43,0.234149855907781,0.38968824940048,0.292529252925293,0.171323141802847,1.5,0.376923076923077,0.61031175059952,0.5376692
urban_events,15,Event retention = 50%,Sparsity,retention,0.5,5,7589,120,42,0.234179478012156,0.413510101010101,0.299018488929468,0.175791733762748,1,0.288549618320611,0.586489898989899,0.5700783
urban_events,15,Event retention = 75%,Sparsity,retention,0.75,1,11384,122,92,0.462362971985384,0.404690831556503,0.431608868675384,0.275192112512687,1.2,0.452054794520548,0.595309168443497,0.8543325
urban_events,15,Event retention = 75%,Sparsity,retention,0.75,2,11384,123,101,0.3918426802622,0.398715415019763,0.395249173503122,0.246299404852739,1.28571428571429,0.336431226765799,0.601284584980237,0.91142
urban_events,15,Event retention = 75%,Sparsity,retention,0.75,3,11384,120,88,0.416003856350928,0.394694717585182,0.405069232574513,0.253972925250147,1.25,0.380648899188876,0.605305282414818,0.8454557
urban_events,15,Event retention = 75%,Sparsity,retention,0.75,4,11384,123,103,0.323472356935015,0.344613794885043,0.333708567854909,0.200270229695241,1.125,0.177661169415292,0.655386205114957,1.0179364
urban_events,15,Event retention = 75%,Sparsity,retention,0.75,5,11384,122,87,0.441877431906615,0.356065059768763,0.394357026587086,0.245606920789403,1,0.564116675839295,0.643934940231237,0.9845396
urban_events,15,Added events = 5%,AddedEvents,added-event ratio,0.05,1,15937,123,122,0.628602699744619,0.352820722842224,0.45196406321726,0.291959671270016,1.25,0.646836912362159,0.647179277157776,1.3809682
urban_events,15,Added events = 5%,AddedEvents,added-event ratio,0.05,2,15937,123,128,0.483582634075155,0.362703516212888,0.414510202486123,0.261439842209073,1.66666666666667,0.451527725386647,0.637296483787112,1.3457055
urban_events,15,Added events = 5%,AddedEvents,added-event ratio,0.05,3,15937,123,80,0.805180591025173,0.378396913844835,0.514842246457106,0.346658289484018,1,0.852061622111464,0.621603086155165,2.5349833
urban_events,15,Added events = 5%,AddedEvents,added-event ratio,0.05,4,15937,123,100,0.58245165997811,0.36304718590108,0.447292848637669,0.288072897870805,1,0.759473849044785,0.63695281409892,2.0663255
urban_events,15,Added events = 5%,AddedEvents,added-event ratio,0.05,5,15937,123,98,0.869208318132069,0.366369367984007,0.51546949372566,0.34722728266414,1.5,0.83588667366212,0.633630632015993,2.2585791
urban_events,15,Added events = 10%,AddedEvents,added-event ratio,0.1,1,16696,123,114,0.751915359357899,0.371518702118071,0.497315557700428,0.33095142513047,1,0.680252304706453,0.628481297881929,1.7443663
urban_events,15,Added events = 10%,AddedEvents,added-event ratio,0.1,2,16696,123,59,0.967894928858081,0.350508653719117,0.514645974781765,0.346480344782552,1,0.951752732755371,0.649491346280883,4.6054281
urban_events,15,Added events = 10%,AddedEvents,added-event ratio,0.1,3,16696,123,103,0.836191171105436,0.370963826171401,0.513930153035484,0.345831761599396,1.33333333333333,0.769415357766143,0.629036173828599,1.9721172
urban_events,15,Added events = 10%,AddedEvents,added-event ratio,0.1,4,16696,123,125,0.570594673476833,0.351935193519352,0.435351426583159,0.278242305639566,1.25,0.539002557544757,0.648064806480648,1.3863932
urban_events,15,Added events = 10%,AddedEvents,added-event ratio,0.1,5,16696,123,67,0.968259759211966,0.347086902504414,0.510998796630565,0.343182259003039,NaN,0.914091936699322,0.652913097495586,3.1519234
urban_events,15,Added events = 20%,AddedEvents,added-event ratio,0.2,1,18214,123,58,0.961875228018971,0.322882860816851,0.483473158208408,0.318802902055623,1,0.928503698084582,0.677117139183149,4.150045
urban_events,15,Added events = 20%,AddedEvents,added-event ratio,0.2,2,18214,123,133,0.662714337832908,0.35203488372093,0.459815213264144,0.298545484427644,1.4,0.556564822460776,0.64796511627907,1.8337348
urban_events,15,Added events = 20%,AddedEvents,added-event ratio,0.2,3,18214,123,144,0.639547610361182,0.370456466610313,0.469155626923592,0.306468531468531,1.2,0.517683970336566,0.629543533389687,1.645599
urban_events,15,Added events = 20%,AddedEvents,added-event ratio,0.2,4,18214,123,132,0.774899671652681,0.34997528423134,0.482179341657208,0.317678731678133,1.33333333333333,0.608757062146893,0.65002471576866,1.8703807
urban_events,15,Added events = 20%,AddedEvents,added-event ratio,0.2,5,18214,123,60,0.904414447282014,0.332105298412486,0.48581647151046,0.320843849090791,1,0.929205324727713,0.667894701587514,3.7418303
urban_events,15,Added events = 30%,AddedEvents,added-event ratio,0.3,1,19731,123,111,0.762313024443634,0.337533317179549,0.467894530593965,0.305393159894768,1,0.601818616893994,0.662466682820451,1.9445262
urban_events,15,Added events = 30%,AddedEvents,added-event ratio,0.3,2,19731,123,97,0.801714702663262,0.321789427441792,0.459247648902821,0.298067141403866,1,0.650967007963595,0.678210572558208,1.8092982
urban_events,15,Added events = 30%,AddedEvents,added-event ratio,0.3,3,19731,123,62,0.961692812842028,0.30098195935145,0.458474649969563,0.297416224754598,1,0.898141122913505,0.69901804064855,7.9981166
urban_events,15,Added events = 30%,AddedEvents,added-event ratio,0.3,4,19731,123,44,0.970448741335279,0.295719844357977,0.453306066802999,0.293080652269722,1,0.904699248120301,0.704280155642023,7.1915925
urban_events,15,Added events = 30%,AddedEvents,added-event ratio,0.3,5,19731,123,118,0.662714337832908,0.304398826979472,0.417178618591032,0.263566453859547,1,0.564547206165703,0.695601173020528,4.4531327
urban_events,15,Full LLGD runtime,Runtime,-,NaN,1,15178,123,118,0.48321780372127,0.359820700896496,0.412488321395204,0.259833251593919,1.33333333333333,0.520951302378256,0.640179299103504,1.5567698
urban_events,15,Full LLGD runtime,Runtime,-,NaN,2,15178,123,112,0.483400218898212,0.353144989339019,0.408131834283074,0.256385448916409,1.25,0.576981132075472,0.646855010660981,1.3991448
urban_events,15,Full LLGD runtime,Runtime,-,NaN,3,15178,123,107,0.603976650857351,0.374082024629985,0.462010744435917,0.300399201596806,1.2,0.660827544548475,0.625917975370015,1.7955354
urban_events,16,Full LLGD,Full,-,NaN,1,8279,97,67,0.310587262200165,0.262312259867272,0.284415830335164,0.165783664459161,1.33333333333333,0.390146471371505,0.737687740132728,0.7245948
urban_events,16,w/o weighted support,Ablation,UseWeights,0,1,8279,97,193,0.89454094292804,0.30886762815936,0.459186922831971,0.298015982364288,1.52631578947368,0.562182154415164,0.69113237184064,1.090596
urban_events,16,w/o local verification,Ablation,UseVerification,0,1,8279,97,86,0.295285359801489,0.23681592039801,0.262838210933186,0.151303242212333,1,0.282913165266106,0.76318407960199,0.5604026
urban_events,16,w/o global expansion,Ablation,UseGlobalExpansion,0,1,8279,97,130,0.193548387096774,0.233766233766234,0.211764705882353,0.118421052631579,3.33333333333333,0.115384615384615,0.766233766233766,0.5955341
urban_events,16,unit estimation weights,Ablation,UseWeights,0,1,8279,97,64,0.326302729528536,0.242769230769231,0.278405081157375,0.161713465874155,2,0.433460076045627,0.757230769230769,0.5915533
urban_events,16,unit support tests,Ablation,UseMultiplicitySupport,0,1,8279,97,197,0.89660876757651,0.308612099644128,0.459176109287303,0.298006872852234,1.6,0.558579335793358,0.691387900355872,0.8875885
urban_events,16,MAD = 3,Sensitivity,MAD,3,1,8279,97,80,0.273779983457403,0.252864782276547,0.262907069102462,0.151348879743941,1,0.317220543806647,0.747135217723453,0.6592362
urban_events,16,MAD = 3.5,Sensitivity,MAD,3.5,1,8279,97,67,0.310587262200165,0.262312259867272,0.284415830335164,0.165783664459161,1.33333333333333,0.390146471371505,0.737687740132728,0.5629159
urban_events,16,MAD = 4,Sensitivity,MAD,4,1,8279,97,63,0.259718775847808,0.230967267377712,0.244500681331516,0.139277001552451,1,0.340764331210191,0.769032732622288,0.5833177
urban_events,16,p_in = 0.7,Sensitivity,p_in,0.7,1,8279,97,73,0.308105872622002,0.257963988919668,0.280814172634753,0.163341372506029,2,0.397315436241611,0.742036011080332,0.5874362
urban_events,16,p_in = 0.8,Sensitivity,p_in,0.8,1,8279,97,67,0.310587262200165,0.262312259867272,0.284415830335164,0.165783664459161,1.33333333333333,0.390146471371505,0.737687740132728,0.5562968
urban_events,16,p_in = 0.9,Sensitivity,p_in,0.9,1,8279,97,68,0.291149710504549,0.271395528141866,0.280925778132482,0.163416898792943,2,0.332386363636364,0.728604471858134,0.7175552
urban_events,16,p_w = 0.7,Sensitivity,p_w,0.7,1,8279,97,68,0.292390405293631,0.24472135687089,0.266440550216695,0.153695652173913,3,0.407355021216407,0.75527864312911,0.9484395
urban_events,16,p_w = 0.8,Sensitivity,p_w,0.8,1,8279,97,67,0.310587262200165,0.262312259867272,0.284415830335164,0.165783664459161,1.33333333333333,0.390146471371505,0.737687740132728,0.8405224
urban_events,16,p_w = 0.9,Sensitivity,p_w,0.9,1,8279,97,67,0.310587262200165,0.262312259867272,0.284415830335164,0.165783664459161,1.33333333333333,0.390146471371505,0.737687740132728,0.8161088
urban_events,16,overlap = 0.7,Sensitivity,overlap,0.7,1,8279,97,67,0.310587262200165,0.262312259867272,0.284415830335164,0.165783664459161,1.33333333333333,0.390146471371505,0.737687740132728,0.8681969
urban_events,16,overlap = 0.8,Sensitivity,overlap,0.8,1,8279,97,67,0.310587262200165,0.262312259867272,0.284415830335164,0.165783664459161,1.33333333333333,0.390146471371505,0.737687740132728,0.5901584
urban_events,16,overlap = 0.9,Sensitivity,overlap,0.9,1,8279,97,75,0.239867659222498,0.24126455906822,0.240564081294069,0.136727958510137,1.33333333333333,0.267241379310345,0.75873544093178,0.6674539
urban_events,16,eps_s = 0.015,Sensitivity,eps_s,0.015,1,8279,97,78,0.260132340777502,0.272766695576756,0.266299745977985,0.153601953601954,1.66666666666667,0.279809220985692,0.727233304423244,0.5977157
urban_events,16,eps_s = 0.02,Sensitivity,eps_s,0.02,1,8279,97,67,0.310587262200165,0.262312259867272,0.284415830335164,0.165783664459161,1.33333333333333,0.390146471371505,0.737687740132728,0.5555711
urban_events,16,eps_s = 0.025,Sensitivity,eps_s,0.025,1,8279,97,63,0.427626137303557,0.271962125197265,0.332475884244373,0.199382954107212,1,0.547388781431335,0.728037874802735,0.6463422
urban_events,16,eps_t = 0.005,Sensitivity,eps_t,0.005,1,8279,97,28,0.217535153019024,0.226821905993963,0.222081486172683,0.124910947518404,1,0.623574144486692,0.773178094006037,0.6235337
urban_events,16,eps_t = 0.01,Sensitivity,eps_t,0.01,1,8279,97,46,0.515301902398677,0.29491124260355,0.375131717597471,0.230869001297017,2,0.781701444622793,0.70508875739645,0.7545027
urban_events,16,eps_t = 0.015,Sensitivity,eps_t,0.015,1,8279,97,75,0.284119106699752,0.226284584980237,0.251925192519252,0.144115796098175,1.5,0.323144104803493,0.773715415019763,0.610874
urban_events,16,eps_t = 0.02,Sensitivity,eps_t,0.02,1,8279,97,67,0.310587262200165,0.262312259867272,0.284415830335164,0.165783664459161,1.33333333333333,0.390146471371505,0.737687740132728,0.6709108
urban_events,16,eps_t = 0.025,Sensitivity,eps_t,0.025,1,8279,97,67,0.310587262200165,0.262312259867272,0.284415830335164,0.165783664459161,1.33333333333333,0.390146471371505,0.737687740132728,0.6727256
urban_events,16,Event retention = 25%,Sparsity,retention,0.25,1,2070,84,6,0,0,0,0,NaN,NaN,1,0.0918969
urban_events,16,Event retention = 25%,Sparsity,retention,0.25,2,2070,87,2,0,0,0,0,NaN,NaN,1,0.1036817
urban_events,16,Event retention = 25%,Sparsity,retention,0.25,3,2070,90,10,0.11400651465798,0.324074074074074,0.168674698795181,0.0921052631578947,NaN,0.385714285714286,0.675925925925926,0.0914429
urban_events,16,Event retention = 25%,Sparsity,retention,0.25,4,2070,84,1,0.0578231292517007,0.435897435897436,0.102102102102102,0.0537974683544304,NaN,0,0.564102564102564,0.0954637
urban_events,16,Event retention = 25%,Sparsity,retention,0.25,5,2070,85,4,0.0116086235489221,0.304347826086957,0.0223642172523962,0.0113085621970921,1,0,0.695652173913043,0.1278776
urban_events,16,Event retention = 50%,Sparsity,retention,0.5,1,4140,92,23,0.201646090534979,0.317769130998703,0.246727089627392,0.140723721998851,1,0.342857142857143,0.682230869001297,0.30678
urban_events,16,Event retention = 50%,Sparsity,retention,0.5,2,4140,94,24,0.199193548387097,0.319534282018111,0.245404868355688,0.139864099660249,1,0.34412955465587,0.680465717981889,0.325729
urban_events,16,Event retention = 50%,Sparsity,retention,0.5,3,4140,94,26,0.197183098591549,0.332867132867133,0.247658688865765,0.141330166270784,1.5,0.247899159663866,0.667132867132867,0.3481684
urban_events,16,Event retention = 50%,Sparsity,retention,0.5,4,4140,94,27,0.196029776674938,0.373228346456693,0.25704989154013,0.147479775980087,1,0.362869198312236,0.626771653543307,0.2800801
urban_events,16,Event retention = 50%,Sparsity,retention,0.5,5,4140,95,27,0.199343724364233,0.315584415584416,0.244343891402715,0.139175257731959,NaN,0.374485596707819,0.684415584415584,0.2924289
urban_events,16,Event retention = 75%,Sparsity,retention,0.75,1,6209,97,57,0.293326157158235,0.279774127310062,0.286389910667367,0.167126648267403,1.5,0.31743119266055,0.720225872689938,0.4931856
urban_events,16,Event retention = 75%,Sparsity,retention,0.75,2,6209,97,52,0.206027397260274,0.259131633356306,0.22954822954823,0.129655172413793,2,0.337765957446808,0.740868366643694,0.5318368
urban_events,16,Event retention = 75%,Sparsity,retention,0.75,3,6209,96,51,0.24890590809628,0.306603773584906,0.27475845410628,0.159257962898145,1.5,0.279120879120879,0.693396226415094,0.5111873
urban_events,16,Event retention = 75%,Sparsity,retention,0.75,4,6209,94,51,0.236972024136039,0.28125,0.257219410538851,0.147591390502221,2,0.298611111111111,0.71875,0.4824694
urban_events,16,Event retention = 75%,Sparsity,retention,0.75,5,6209,97,46,0.25,0.274497869750456,0.261676820423557,0.150534045393858,1,0.312638580931264,0.725502130249543,0.4475884
urban_events,16,Added events = 5%,AddedEvents,added-event ratio,0.05,1,8693,97,74,0.322994210090984,0.255897771952818,0.285557586837294,0.166560034122414,1.5,0.41101152368758,0.744102228047182,0.6424282
urban_events,16,Added events = 5%,AddedEvents,added-event ratio,0.05,2,8693,97,71,0.311414392059553,0.230345671459162,0.264814489185862,0.152614511552493,2,0.406374501992032,0.769654328540838,0.6370064
urban_events,16,Added events = 5%,AddedEvents,added-event ratio,0.05,3,8693,97,82,0.325475599669148,0.252729608220938,0.284526391901663,0.165858798735511,1.5,0.388818297331639,0.747270391779062,0.6211142
urban_events,16,Added events = 5%,AddedEvents,added-event ratio,0.05,4,8693,97,83,0.307692307692308,0.227801592161666,0.261787473610134,0.150607287449393,1.66666666666667,0.408602150537634,0.772198407838334,0.6132624
urban_events,16,Added events = 5%,AddedEvents,added-event ratio,0.05,5,8693,97,82,0.313482216708023,0.257036283485927,0.28246692752003,0.164460837491864,1.5,0.352242744063325,0.742963716514073,0.6809692
urban_events,16,Added events = 10%,AddedEvents,added-event ratio,0.1,1,9107,97,89,0.302315963606286,0.233397190293742,0.263423423423423,0.151691222245279,1.5,0.361149110807114,0.766602809706258,0.7041406
urban_events,16,Added events = 10%,AddedEvents,added-event ratio,0.1,2,9107,97,94,0.281637717121588,0.227530905446041,0.251709480687488,0.143974630021142,1,0.292217327459618,0.772469094553959,0.7052638
urban_events,16,Added events = 10%,AddedEvents,added-event ratio,0.1,3,9107,97,94,0.277088502894955,0.217250324254215,0.243547800799709,0.138658940397351,1.33333333333333,0.294029850746269,0.782749675745785,0.6585519
urban_events,16,Added events = 10%,AddedEvents,added-event ratio,0.1,4,9107,97,89,0.270057899090157,0.21971736204576,0.242300556586271,0.137850960523538,2,0.316998468606432,0.78028263795424,0.6980467
urban_events,16,Added events = 10%,AddedEvents,added-event ratio,0.1,5,9107,97,87,0.270885028949545,0.229743949491407,0.248624027329664,0.141959254443,1.5,0.305343511450382,0.770256050508593,0.6682047
urban_events,16,Added events = 20%,AddedEvents,added-event ratio,0.2,1,9935,97,100,0.292390405293631,0.212823600240819,0.246341463414634,0.140472878998609,1,0.278642149929279,0.787176399759181,0.7603394
urban_events,16,Added events = 20%,AddedEvents,added-event ratio,0.2,2,9935,97,58,0.59181141439206,0.25877034358047,0.360090588827378,0.219579561147767,1,0.765199161425577,0.74122965641953,1.0868564
urban_events,16,Added events = 20%,AddedEvents,added-event ratio,0.2,3,9935,97,60,0.661290322580645,0.255431309904153,0.368518091726204,0.225879361491736,1,0.751719824890557,0.744568690095847,1.1464827
urban_events,16,Added events = 20%,AddedEvents,added-event ratio,0.2,4,9935,97,94,0.343258891645988,0.228272827282728,0.274198876775685,0.158882082695253,2,0.351807228915663,0.771727172717272,0.6843306
urban_events,16,Added events = 20%,AddedEvents,added-event ratio,0.2,5,9935,97,84,0.380893300248139,0.21518691588785,0.2750074649149,0.159425307252899,1.25,0.418023887079262,0.78481308411215,0.6880054
urban_events,16,Added events = 30%,AddedEvents,added-event ratio,0.3,1,10763,97,58,0.683622828784119,0.264141898370086,0.381051175656985,0.235369500213584,2,0.80096793708409,0.735858101629914,1.5599161
urban_events,16,Added events = 30%,AddedEvents,added-event ratio,0.3,2,10763,97,91,0.347394540942928,0.208643815201192,0.260707635009311,0.149892933618844,1.5,0.410714285714286,0.791356184798808,0.8025588
urban_events,16,Added events = 30%,AddedEvents,added-event ratio,0.3,3,10763,97,96,0.32671629445823,0.199394245330641,0.247648902821317,0.141323792486583,1.33333333333333,0.350632911392405,0.800605754669359,0.846601
urban_events,16,Added events = 30%,AddedEvents,added-event ratio,0.3,4,10763,97,88,0.636476426799007,0.261201629327902,0.370397111913357,0.227292866637129,2,0.718648473034438,0.738798370672098,1.0299015
urban_events,16,Added events = 30%,AddedEvents,added-event ratio,0.3,5,10763,97,99,0.302315963606286,0.210480852289087,0.248175182481752,0.141666666666667,1.5,0.305061559507524,0.789519147710913,0.8535087
urban_events,16,Full LLGD runtime,Runtime,-,NaN,1,8279,97,67,0.310587262200165,0.262312259867272,0.284415830335164,0.165783664459161,1.33333333333333,0.390146471371505,0.737687740132728,0.5983749
urban_events,16,Full LLGD runtime,Runtime,-,NaN,2,8279,97,66,0.309760132340777,0.263918252290345,0.285007610350076,0.166185932993122,1.5,0.412550066755674,0.736081747709655,0.5449352
urban_events,16,Full LLGD runtime,Runtime,-,NaN,3,8279,97,66,0.296939619520265,0.250785888927698,0.271918197311115,0.15735261889108,1.5,0.410863509749304,0.749214111072302,0.5090197
urban_events,17,Full LLGD,Full,-,NaN,1,18762,104,51,0.93869526362824,0.298969659019753,0.453501424747431,0.293243997766611,1,0.802551408987053,0.701030340980247,3.5627022
urban_events,17,w/o weighted support,Ablation,UseWeights,0,1,18762,104,213,0.960857908847185,0.302396220047249,0.460017969451932,0.298716452742124,1.66666666666667,0.578683035714286,0.697603779952751,2.4525692
urban_events,17,w/o local verification,Ablation,UseVerification,0,1,18762,104,134,0.757283288650581,0.300007080648587,0.429759610508165,0.273690330082036,1,0.473684210526316,0.699992919351413,1.6356266
urban_events,17,w/o global expansion,Ablation,UseGlobalExpansion,0,1,18762,104,412,0.502055406613047,0.294784342533319,0.371462576038085,0.228095818107998,3.6,0.0587397650409398,0.705215657466681,1.5060853
urban_events,17,unit estimation weights,Ablation,UseWeights,0,1,18762,104,78,0.819660411081323,0.315449167698445,0.455570456464511,0.294976522801827,2,0.718273004797209,0.684550832301555,2.7417679
urban_events,17,unit support tests,Ablation,UseMultiplicitySupport,0,1,18762,104,177,0.967828418230563,0.3046070765596,0.46337497860688,0.301553711644484,1.75,0.655771006463527,0.6953929234404,2.4701323
urban_events,17,MAD = 3,Sensitivity,MAD,3,1,18762,104,127,0.685254691689008,0.293905711000383,0.41137339055794,0.258949074699446,1.28571428571429,0.355242566510172,0.706094288999617,1.8925815
urban_events,17,MAD = 3.5,Sensitivity,MAD,3.5,1,18762,104,51,0.93869526362824,0.298969659019753,0.453501424747431,0.293243997766611,1,0.802551408987053,0.701030340980247,2.9772925
urban_events,17,MAD = 4,Sensitivity,MAD,4,1,18762,104,87,0.696336014298481,0.287230905337658,0.406701811159246,0.255257813011859,1.66666666666667,0.520277207392197,0.712769094662342,1.8499103
urban_events,17,p_in = 0.7,Sensitivity,p_in,0.7,1,18762,104,71,0.917605004468275,0.299288795616183,0.451360499362609,0.291456145330684,1,0.780872613946241,0.700711204383817,2.9549782
urban_events,17,p_in = 0.8,Sensitivity,p_in,0.8,1,18762,104,51,0.93869526362824,0.298969659019753,0.453501424747431,0.293243997766611,1,0.802551408987053,0.701030340980247,2.9817219
urban_events,17,p_in = 0.9,Sensitivity,p_in,0.9,1,18762,104,106,0.686148346738159,0.287630179066457,0.40534262485482,0.254187909686817,1.11111111111111,0.376660588694973,0.712369820933543,1.6069473
urban_events,17,p_w = 0.7,Sensitivity,p_w,0.7,1,18762,104,52,0.93887399463807,0.298584664355141,0.45307917888563,0.292890995260664,1,0.802398629354654,0.701415335644859,2.9211644
urban_events,17,p_w = 0.8,Sensitivity,p_w,0.8,1,18762,104,51,0.93869526362824,0.298969659019753,0.453501424747431,0.293243997766611,1,0.802551408987053,0.701030340980247,3.0032777
urban_events,17,p_w = 0.9,Sensitivity,p_w,0.9,1,18762,104,47,0.942627345844504,0.298607179254897,0.45354086941566,0.29327698381805,NaN,0.813045127038301,0.701392820745102,3.0526399
urban_events,17,overlap = 0.7,Sensitivity,overlap,0.7,1,18762,104,51,0.93869526362824,0.298969659019753,0.453501424747431,0.293243997766611,1,0.802551408987053,0.701030340980247,2.9554776
urban_events,17,overlap = 0.8,Sensitivity,overlap,0.8,1,18762,104,51,0.93869526362824,0.298969659019753,0.453501424747431,0.293243997766611,1,0.802551408987053,0.701030340980247,2.9914463
urban_events,17,overlap = 0.9,Sensitivity,overlap,0.9,1,18762,104,51,0.93869526362824,0.298952641165756,0.453481846047576,0.293227625481548,1,0.802551408987053,0.701047358834244,2.9826035
urban_events,17,eps_s = 0.015,Sensitivity,eps_s,0.015,1,18762,104,173,0.579803395889187,0.305145329696172,0.399852089239492,0.249884455399784,1.46153846153846,0.222256473489519,0.694854670303828,1.5768538
urban_events,17,eps_s = 0.02,Sensitivity,eps_s,0.02,1,18762,104,51,0.93869526362824,0.298969659019753,0.453501424747431,0.293243997766611,1,0.802551408987053,0.701030340980247,2.9926889
urban_events,17,eps_s = 0.025,Sensitivity,eps_s,0.025,1,18762,104,55,0.833243967828418,0.297891373801917,0.438879736408567,0.281131279020684,1,0.728871728871729,0.702108626198083,2.4287997
urban_events,17,eps_t = 0.005,Sensitivity,eps_t,0.005,1,18762,104,34,0.909740840035746,0.29438982070561,0.444832859951934,0.286035403203147,NaN,0.849312377210216,0.70561017929439,5.6243947
urban_events,17,eps_t = 0.01,Sensitivity,eps_t,0.01,1,18762,104,46,0.855764075067024,0.292414803957494,0.435886931585416,0.278679937139864,1,0.823099415204678,0.707585196042506,4.1498713
urban_events,17,eps_t = 0.015,Sensitivity,eps_t,0.015,1,18762,104,102,0.75656836461126,0.303571428571429,0.433287271610625,0.2765582124657,1,0.533664068036853,0.696428571428571,2.5579775
urban_events,17,eps_t = 0.02,Sensitivity,eps_t,0.02,1,18762,104,51,0.93869526362824,0.298969659019753,0.453501424747431,0.293243997766611,1,0.802551408987053,0.701030340980247,3.9328811
urban_events,17,eps_t = 0.025,Sensitivity,eps_t,0.025,1,18762,104,51,0.93869526362824,0.298969659019753,0.453501424747431,0.293243997766611,1,0.802551408987053,0.701030340980247,3.0452927
urban_events,17,Event retention = 25%,Sparsity,retention,0.25,1,4691,87,15,0.218967921896792,0.308145240431796,0.256013045250713,0.146797568957457,1,0.194267515923567,0.691854759568204,0.3516996
urban_events,17,Event retention = 25%,Sparsity,retention,0.25,2,4691,90,19,0.211764705882353,0.319415448851775,0.254681647940075,0.145922746781116,1.5,0.107843137254902,0.680584551148225,0.322853
urban_events,17,Event retention = 25%,Sparsity,retention,0.25,3,4691,96,15,0.094151212553495,0.170322580645161,0.121267799724391,0.0645476772616137,1,0.371212121212121,0.829677419354839,0.2783325
urban_events,17,Event retention = 25%,Sparsity,retention,0.25,4,4691,91,14,0.216022889842632,0.351981351981352,0.267730496453901,0.154554759467758,1,0.172185430463576,0.648018648018648,0.2913796
urban_events,17,Event retention = 25%,Sparsity,retention,0.25,5,4691,90,13,0.148754448398577,0.263224181360202,0.190086402910414,0.105025125628141,2,0.186602870813397,0.736775818639798,0.3316565
urban_events,17,Event retention = 50%,Sparsity,retention,0.5,1,9381,100,55,0.390208783297336,0.310068649885584,0.34555307618744,0.208863198458574,1,0.198339483394834,0.689931350114417,0.7424121
urban_events,17,Event retention = 50%,Sparsity,retention,0.5,2,9381,101,55,0.384070796460177,0.283808527334554,0.326413959085439,0.195038648211397,1.5,0.341013824884793,0.716191472665446,0.707529
urban_events,17,Event retention = 50%,Sparsity,retention,0.5,3,9381,97,53,0.442646530025171,0.304476873608706,0.360785463071512,0.220096549258001,1,0.327376116978067,0.695523126391294,0.7604239
urban_events,17,Event retention = 50%,Sparsity,retention,0.5,4,9381,101,54,0.348538845331433,0.279828326180257,0.310426916362482,0.18373097877137,1,0.235173824130879,0.720171673819742,0.747042
urban_events,17,Event retention = 50%,Sparsity,retention,0.5,5,9381,98,56,0.37010927035601,0.28735632183908,0.323524880603913,0.192979231758868,1.25,0.171428571428571,0.71264367816092,0.784481
urban_events,17,Event retention = 75%,Sparsity,retention,0.75,1,14072,102,99,0.504183600286875,0.276336477987421,0.357003808717732,0.217288275293633,1.14285714285714,0.271692745376956,0.723663522012579,1.0037158
urban_events,17,Event retention = 75%,Sparsity,retention,0.75,2,14072,104,87,0.589034564958284,0.301267983418678,0.398644833427442,0.248942172073343,1.2,0.416835289356536,0.698732016581322,1.2326524
urban_events,17,Event retention = 75%,Sparsity,retention,0.75,3,14072,101,51,0.78716296826533,0.304841988541859,0.439485778991541,0.281628820215127,1.33333333333333,0.677174901485299,0.695158011458141,1.8597355
urban_events,17,Event retention = 75%,Sparsity,retention,0.75,4,14072,101,110,0.51878612716763,0.291159772911598,0.372987012987013,0.229246487867178,1,0.208449396471681,0.708840227088402,1.3502945
urban_events,17,Event retention = 75%,Sparsity,retention,0.75,5,14072,103,88,0.564761904761905,0.285886464987345,0.3796111066656,0.234271604938272,1.6,0.353288364249578,0.714113535012655,1.2714917
urban_events,17,Added events = 5%,AddedEvents,added-event ratio,0.05,1,19700,104,60,0.929579982126899,0.29822247706422,0.45157369220751,0.291633957609061,2,0.844260719092482,0.70177752293578,3.8255737
urban_events,17,Added events = 5%,AddedEvents,added-event ratio,0.05,2,19700,104,130,0.719392314566577,0.313497935976322,0.436693067158511,0.279339301825248,1.66666666666667,0.368695652173913,0.686502064023678,1.7325118
urban_events,17,Added events = 5%,AddedEvents,added-event ratio,0.05,3,19700,104,49,0.889722966934763,0.287081891580161,0.434096359276215,0.277217798073175,3,0.788067496986742,0.712918108419838,3.3155689
urban_events,17,Added events = 5%,AddedEvents,added-event ratio,0.05,4,19700,104,150,0.714924039320822,0.290549865620687,0.413180456564404,0.260382762661112,1.83333333333333,0.393,0.709450134379313,1.6717295
urban_events,17,Added events = 5%,AddedEvents,added-event ratio,0.05,5,19700,104,84,0.689365504915103,0.290918690601901,0.409165650029173,0.257201920512137,1.33333333333333,0.524500907441016,0.709081309398099,2.4290419
urban_events,17,Added events = 10%,AddedEvents,added-event ratio,0.1,1,20638,104,133,0.701697944593387,0.289165500478751,0.409555601919466,0.257510166601076,1.5,0.377483443708609,0.710834499521249,1.8413475
urban_events,17,Added events = 10%,AddedEvents,added-event ratio,0.1,2,20638,104,52,0.864521894548704,0.276447390981311,0.418932963796986,0.264968501780334,1,0.836055406243539,0.723552609018689,4.6602362
urban_events,17,Added events = 10%,AddedEvents,added-event ratio,0.1,3,20638,104,71,0.857551385165326,0.284006156031727,0.426697496553871,0.27121135040416,1.5,0.686536056690288,0.715993843968273,4.1679213
urban_events,17,Added events = 10%,AddedEvents,added-event ratio,0.1,4,20638,104,80,0.897229669347632,0.279993306932902,0.426798163577623,0.271292693471682,2,0.652191235059761,0.720006693067098,3.624999
urban_events,17,Added events = 10%,AddedEvents,added-event ratio,0.1,5,20638,104,41,0.901161751563896,0.278686712359054,0.425718748680711,0.270421024403325,2,0.812574375247918,0.721313287640946,5.1470286
urban_events,17,Added events = 20%,AddedEvents,added-event ratio,0.2,1,22514,104,36,0.93047363717605,0.260091926458833,0.406544063097888,0.255133545699583,1,0.85593545908567,0.739908073541167,5.2325365
urban_events,17,Added events = 20%,AddedEvents,added-event ratio,0.2,2,22514,104,66,0.857015192135836,0.265754032034584,0.405702682122007,0.254471156397601,2,0.668821689259645,0.734245967965416,3.5629948
urban_events,17,Added events = 20%,AddedEvents,added-event ratio,0.2,3,22514,104,54,0.850223413762288,0.263122960340727,0.401875475204866,0.251466934503357,1,0.674795038890057,0.736877039659273,3.2720968
urban_events,17,Added events = 20%,AddedEvents,added-event ratio,0.2,4,22514,104,45,0.885612153708668,0.259288330716902,0.401133373810969,0.250886075949367,NaN,0.78869828456105,0.740711669283098,4.1464459
urban_events,17,Added events = 20%,AddedEvents,added-event ratio,0.2,5,22514,104,43,0.931367292225201,0.264665549291483,0.412197437114381,0.259602451053654,2,0.832469775474957,0.735334450708517,4.5946722
urban_events,17,Added events = 30%,AddedEvents,added-event ratio,0.3,1,24391,104,20,0.946201966041108,0.241956124314442,0.385368516833485,0.238672737928858,NaN,0.827351718927087,0.758043875685558,6.0277646
urban_events,17,Added events = 30%,AddedEvents,added-event ratio,0.3,2,24391,104,23,0.949240393208222,0.24624443620178,0.391046644332364,0.243044114955153,NaN,0.811334965166635,0.75375556379822,5.7189649
urban_events,17,Added events = 30%,AddedEvents,added-event ratio,0.3,3,24391,104,36,0.949061662198391,0.238887889148821,0.381698594687848,0.235863723182161,1,0.81864406779661,0.761112110851179,5.979082
urban_events,17,Added events = 30%,AddedEvents,added-event ratio,0.3,4,24391,104,14,0.932797140303843,0.236807477653251,0.377723094738366,0.232835155030114,1,0.858593600306572,0.763192522346749,6.0033027
urban_events,17,Added events = 30%,AddedEvents,added-event ratio,0.3,5,24391,104,48,0.877033065236819,0.239564516916467,0.376332540839021,0.231779320768976,1,0.735072345628694,0.760435483083533,4.3475953
urban_events,17,Full LLGD runtime,Runtime,-,NaN,1,18762,104,51,0.93869526362824,0.298969659019753,0.453501424747431,0.293243997766611,1,0.802551408987053,0.701030340980247,3.2615566
urban_events,17,Full LLGD runtime,Runtime,-,NaN,2,18762,104,50,0.93869526362824,0.298935625249018,0.453462269038163,0.293211255024565,NaN,0.805788271134806,0.701064374750982,3.4265241
urban_events,17,Full LLGD runtime,Runtime,-,NaN,3,18762,104,105,0.717426273458445,0.30622520598108,0.429235951451639,0.273265709033971,1.5,0.475585450921774,0.69377479401892,2.0166836
urban_events,18,Full LLGD,Full,-,NaN,1,10931,87,102,0.335453100158982,0.264212371650388,0.295601008685906,0.173434160775933,1,0.518483412322275,0.735787628349612,0.932393
urban_events,18,w/o weighted support,Ablation,UseWeights,0,1,10931,87,241,0.918282988871224,0.297394707033261,0.449284380833852,0.289727126805779,1.47619047619048,0.481648199445983,0.702605292966739,0.9881551
urban_events,18,w/o local verification,Ablation,UseVerification,0,1,10931,87,134,0.433386327503975,0.29173801369863,0.348727133171293,0.211186860861481,1.28571428571429,0.455612619222304,0.70826198630137,0.6046451
urban_events,18,w/o global expansion,Ablation,UseGlobalExpansion,0,1,10931,87,185,0.27631160572337,0.255212922173275,0.265343511450382,0.152966027107904,2.22222222222222,0.278481012658228,0.744787077826725,0.7576385
urban_events,18,unit estimation weights,Ablation,UseWeights,0,1,10931,87,91,0.474721780604134,0.258662508662509,0.334865986318268,0.201104525862069,1,0.738111185532485,0.741337491337491,0.8522742
urban_events,18,unit support tests,Ablation,UseMultiplicitySupport,0,1,10931,87,379,0.907472178060413,0.300674252001686,0.451689483263433,0.291730553000102,1.58823529411765,0.324456902592852,0.699325747998314,0.9635621
urban_events,18,MAD = 3,Sensitivity,MAD,3,1,10931,87,95,0.403497615262321,0.274378378378378,0.326640926640927,0.195200738347946,1,0.657210401891253,0.725621621621622,0.9873142
urban_events,18,MAD = 3.5,Sensitivity,MAD,3.5,1,10931,87,102,0.335453100158982,0.264212371650388,0.295601008685906,0.173434160775933,1,0.518483412322275,0.735787628349612,0.8058314
urban_events,18,MAD = 4,Sensitivity,MAD,4,1,10931,87,93,0.422575516693164,0.284460616438356,0.340028143789177,0.204839704069051,1,0.620015048908954,0.715539383561644,1.017289
urban_events,18,p_in = 0.7,Sensitivity,p_in,0.7,1,10931,87,106,0.332591414944356,0.258974993810349,0.291202672605791,0.170413815575106,1,0.523900573613767,0.741025006189651,0.8129798
urban_events,18,p_in = 0.8,Sensitivity,p_in,0.8,1,10931,87,102,0.335453100158982,0.264212371650388,0.295601008685906,0.173434160775933,1,0.518483412322275,0.735787628349612,0.8472473
urban_events,18,p_in = 0.9,Sensitivity,p_in,0.9,1,10931,87,98,0.333545310015898,0.263303212851406,0.294290924393323,0.172532894736842,1,0.528122020972355,0.736696787148594,0.8211717
urban_events,18,p_w = 0.7,Sensitivity,p_w,0.7,1,10931,87,94,0.328775834658188,0.258112830753869,0.289190323031744,0.169037109694295,1,0.526112185686654,0.741887169246131,1.0523599
urban_events,18,p_w = 0.8,Sensitivity,p_w,0.8,1,10931,87,102,0.335453100158982,0.264212371650388,0.295601008685906,0.173434160775933,1,0.518483412322275,0.735787628349612,0.9975894
urban_events,18,p_w = 0.9,Sensitivity,p_w,0.9,1,10931,87,95,0.330365659777424,0.263438133874239,0.293130201720976,0.171735537190083,1,0.523580365736285,0.736561866125761,1.6021553
urban_events,18,overlap = 0.7,Sensitivity,overlap,0.7,1,10931,87,102,0.335453100158982,0.264212371650388,0.295601008685906,0.173434160775933,1,0.518483412322275,0.735787628349612,1.2320577
urban_events,18,overlap = 0.8,Sensitivity,overlap,0.8,1,10931,87,102,0.335453100158982,0.264212371650388,0.295601008685906,0.173434160775933,1,0.518483412322275,0.735787628349612,1.0340419
urban_events,18,overlap = 0.9,Sensitivity,overlap,0.9,1,10931,87,100,0.327503974562798,0.261620523241047,0.290878282970912,0.170191672174488,1,0.531067961165049,0.738379476758954,1.0608271
urban_events,18,eps_s = 0.015,Sensitivity,eps_s,0.015,1,10931,87,98,0.293163751987281,0.277376654632972,0.285051785438244,0.166215972597801,1,0.563991323210412,0.722623345367028,1.0125341
urban_events,18,eps_s = 0.02,Sensitivity,eps_s,0.02,1,10931,87,102,0.335453100158982,0.264212371650388,0.295601008685906,0.173434160775933,1,0.518483412322275,0.735787628349612,1.0091188
urban_events,18,eps_s = 0.025,Sensitivity,eps_s,0.025,1,10931,87,27,0.606359300476948,0.261268666940677,0.365185752585216,0.223380578657608,NaN,0.902988987939171,0.738731333059323,1.4381893
urban_events,18,eps_t = 0.005,Sensitivity,eps_t,0.005,1,10931,87,42,0.576152623211447,0.266157461809636,0.36411132321913,0.222577078982926,NaN,0.752759381898455,0.733842538190364,1.2443213
urban_events,18,eps_t = 0.01,Sensitivity,eps_t,0.01,1,10931,87,55,0.424165341812401,0.261928136658158,0.323865015780529,0.193221320973349,1,0.619940029985008,0.738071863341842,0.8410298
urban_events,18,eps_t = 0.015,Sensitivity,eps_t,0.015,1,10931,87,88,0.554531001589825,0.280070660028906,0.372172428510457,0.228631358154169,1,0.752866972477064,0.719929339971094,0.8830909
urban_events,18,eps_t = 0.02,Sensitivity,eps_t,0.02,1,10931,87,102,0.335453100158982,0.264212371650388,0.295601008685906,0.173434160775933,1,0.518483412322275,0.735787628349612,0.8519952
urban_events,18,eps_t = 0.025,Sensitivity,eps_t,0.025,1,10931,87,102,0.335453100158982,0.264212371650388,0.295601008685906,0.173434160775933,1,0.518483412322275,0.735787628349612,0.8235156
urban_events,18,Event retention = 25%,Sparsity,retention,0.25,1,2733,79,6,0.205159705159705,0.592198581560284,0.304744525547445,0.179763186221744,NaN,0.676646706586826,0.407801418439716,0.1219735
urban_events,18,Event retention = 25%,Sparsity,retention,0.25,2,2733,83,11,0,0,0,0,NaN,NaN,1,0.1575082
urban_events,18,Event retention = 25%,Sparsity,retention,0.25,3,2733,84,7,0.0334620334620335,0.298850574712644,0.0601851851851852,0.0310262529832936,1,0.346153846153846,0.701149425287356,0.1815342
urban_events,18,Event retention = 25%,Sparsity,retention,0.25,4,2733,82,10,0,0,0,0,NaN,NaN,1,0.1756613
urban_events,18,Event retention = 25%,Sparsity,retention,0.25,5,2733,78,9,0.223214285714286,0.466666666666667,0.301984469370147,0.177845528455285,NaN,0.725714285714286,0.533333333333333,0.1349431
urban_events,18,Event retention = 50%,Sparsity,retention,0.5,1,5466,86,34,0.285355122564425,0.340074906367041,0.310321257689679,0.183656957928803,1,0.596916299559471,0.659925093632959,0.3406546
urban_events,18,Event retention = 50%,Sparsity,retention,0.5,2,5466,85,41,0.221290322580645,0.231287929871881,0.226178700956149,0.127509293680297,1,0.641399416909621,0.768712070128119,0.424196
urban_events,18,Event retention = 50%,Sparsity,retention,0.5,3,5466,84,40,0.195121951219512,0.244569589702333,0.217065333809354,0.121746095314377,NaN,0.677631578947368,0.755430410297667,0.4341017
urban_events,18,Event retention = 50%,Sparsity,retention,0.5,4,5466,86,49,0.256393442622951,0.283128167994207,0.269098417068135,0.155467196819085,NaN,0.618925831202046,0.716871832005793,0.3842998
urban_events,18,Event retention = 50%,Sparsity,retention,0.5,5,5466,85,33,0.243295019157088,0.283271375464684,0.261765716248712,0.150592885375494,NaN,0.63254593175853,0.716728624535316,0.3377609
urban_events,18,Event retention = 75%,Sparsity,retention,0.75,1,8198,87,61,0.261329944938585,0.251221498371336,0.256176043180403,0.146904761904762,1,0.627228525121556,0.748778501628665,0.5467416
urban_events,18,Event retention = 75%,Sparsity,retention,0.75,2,8198,85,83,0.284013605442177,0.270226537216828,0.276948590381426,0.160731472569779,1,0.582335329341317,0.729773462783172,0.5504641
urban_events,18,Event retention = 75%,Sparsity,retention,0.75,3,8198,87,67,0.337248322147651,0.29407461594733,0.314185228604924,0.186369958275382,1,0.572139303482587,0.70592538405267,0.615245
urban_events,18,Event retention = 75%,Sparsity,retention,0.75,4,8198,86,71,0.319745222929936,0.3173198482933,0.318527918781726,0.189433962264151,1,0.51660026560425,0.6826801517067,0.6135792
urban_events,18,Event retention = 75%,Sparsity,retention,0.75,5,8198,85,72,0.26505016722408,0.288444040036397,0.276252723311547,0.160262891809909,1,0.607255520504732,0.711555959963603,0.6332531
urban_events,18,Added events = 5%,AddedEvents,added-event ratio,0.05,1,11478,87,97,0.551669316375199,0.264845061822623,0.357879537953795,0.217937445044592,1,0.656484149855908,0.735154938177378,0.9234187
urban_events,18,Added events = 5%,AddedEvents,added-event ratio,0.05,2,11478,87,99,0.427344992050874,0.279359800457285,0.337858220211161,0.203266787658802,1,0.619047619047619,0.720640199542715,0.9878809
urban_events,18,Added events = 5%,AddedEvents,added-event ratio,0.05,3,11478,87,110,0.480127186009539,0.290272971933872,0.361806637115131,0.22085710106772,1.16666666666667,0.529801324503311,0.709727028066128,0.9620501
urban_events,18,Added events = 5%,AddedEvents,added-event ratio,0.05,4,11478,87,99,0.388553259141494,0.255114822546973,0.308002520478891,0.182034857738716,1,0.521276595744681,0.744885177453027,0.9275532
urban_events,18,Added events = 5%,AddedEvents,added-event ratio,0.05,5,11478,87,103,0.434976152623211,0.291373801916933,0.348979591836735,0.211372064276885,1,0.516812865497076,0.708626198083067,1.090215
urban_events,18,Added events = 10%,AddedEvents,added-event ratio,0.1,1,12024,87,61,0.646740858505564,0.249815770081061,0.360414636307256,0.219820598724738,1,0.862340216322517,0.750184229918939,1.5228477
urban_events,18,Added events = 10%,AddedEvents,added-event ratio,0.1,2,12024,87,57,0.55389507154213,0.236749116607774,0.33171474816719,0.198835749343682,NaN,0.862801377726751,0.763250883392226,1.4632573
urban_events,18,Added events = 10%,AddedEvents,added-event ratio,0.1,3,12024,87,105,0.427980922098569,0.264128728414443,0.326659385996845,0.195213923132705,1,0.595839524517088,0.735871271585557,0.9726586
urban_events,18,Added events = 10%,AddedEvents,added-event ratio,0.1,4,12024,87,63,0.451828298887122,0.239104829210836,0.312720070422535,0.185339767836181,1,0.60661505981703,0.760895170789164,1.0832276
urban_events,18,Added events = 10%,AddedEvents,added-event ratio,0.1,5,12024,87,105,0.365341812400636,0.258492688413948,0.302766798418972,0.178388448998603,1,0.484769364664926,0.741507311586052,0.8876573
urban_events,18,Added events = 20%,AddedEvents,added-event ratio,0.2,1,13117,87,112,0.566613672496025,0.269265639165911,0.365051725903923,0.22328029069039,1,0.581369248035915,0.730734360834089,1.1044671
urban_events,18,Added events = 20%,AddedEvents,added-event ratio,0.2,2,13117,87,97,0.497297297297297,0.254515866558177,0.336706135629709,0.202433341962206,1,0.657289002557545,0.745484133441823,1.1385631
urban_events,18,Added events = 20%,AddedEvents,added-event ratio,0.2,3,13117,87,99,0.653418124006359,0.279363784665579,0.391391296067041,0.243310442813166,1,0.721654501216545,0.720636215334421,1.097883
urban_events,18,Added events = 20%,AddedEvents,added-event ratio,0.2,4,13117,87,108,0.529411764705882,0.263657957244656,0.352008456659619,0.213598460551636,1,0.604204204204204,0.736342042755344,1.1623156
urban_events,18,Added events = 20%,AddedEvents,added-event ratio,0.2,5,13117,87,119,0.49697933227345,0.267774541716635,0.348029392117569,0.210675293166195,1,0.591170825335892,0.732225458283365,1.24779
urban_events,18,Added events = 30%,AddedEvents,added-event ratio,0.3,1,14210,87,95,0.512241653418124,0.256039415130324,0.341422062096005,0.205852287247636,1,0.535071384233395,0.743960584869676,1.4508665
urban_events,18,Added events = 30%,AddedEvents,added-event ratio,0.3,2,14210,87,32,0.922098569157393,0.239570425444031,0.380327868852459,0.234817813765182,NaN,0.93551724137931,0.760429574555969,3.2332021
urban_events,18,Added events = 30%,AddedEvents,added-event ratio,0.3,3,14210,87,95,0.641971383147854,0.24568021416403,0.355363900378421,0.21607448630137,1.5,0.652798415056959,0.75431978583597,1.6108873
urban_events,18,Added events = 30%,AddedEvents,added-event ratio,0.3,4,14210,87,74,0.74912559618442,0.234101748807631,0.356726474373533,0.217082834239381,1,0.645161290322581,0.765898251192369,1.3836208
urban_events,18,Added events = 30%,AddedEvents,added-event ratio,0.3,5,14210,87,79,0.613036565977742,0.222632794457275,0.326641253706057,0.195200971955047,1,0.75,0.777367205542725,1.4773154
urban_events,18,Full LLGD runtime,Runtime,-,NaN,1,10931,87,102,0.335453100158982,0.264212371650388,0.295601008685906,0.173434160775933,1,0.518483412322275,0.735787628349612,0.9663204
urban_events,18,Full LLGD runtime,Runtime,-,NaN,2,10931,87,99,0.342130365659777,0.270283848279327,0.301992702778557,0.177851239669421,1,0.54275092936803,0.729716151720673,0.8946233
urban_events,18,Full LLGD runtime,Runtime,-,NaN,3,10931,87,97,0.348171701112878,0.277004806476094,0.308537616229924,0.182408795602199,1,0.514155251141553,0.722995193523906,0.8326107
urban_events,19,Full LLGD,Full,-,NaN,1,11455,102,84,0.396952380952381,0.191896869244936,0.258721291123526,0.148581206331099,1.5,0.40595009596929,0.808103130755064,1.0258832
urban_events,19,w/o weighted support,Ablation,UseWeights,0,1,11455,102,346,0.875809523809524,0.232269145281875,0.367164417471852,0.224863067292645,1.66666666666667,0.316659417137886,0.767730854718125,1.1585451
urban_events,19,w/o local verification,Ablation,UseVerification,0,1,11455,102,124,0.429714285714286,0.209860465116279,0.282,0.164144353899884,1.2,0.296985815602837,0.790139534883721,0.8142552
urban_events,19,w/o global expansion,Ablation,UseGlobalExpansion,0,1,11455,102,172,0.193904761904762,0.174434544208362,0.183655060436587,0.101112435439015,3.57142857142857,0.0510805500982319,0.825565455791638,1.0877781
urban_events,19,unit estimation weights,Ablation,UseWeights,0,1,11455,102,91,0.382857142857143,0.218241042345277,0.278008298755187,0.16144578313253,1.33333333333333,0.343283582089552,0.781758957654723,1.065223
urban_events,19,unit support tests,Ablation,UseMultiplicitySupport,0,1,11455,102,310,0.876952380952381,0.231892817568248,0.366794136392607,0.224585365853659,1.77272727272727,0.330582102519548,0.768107182431752,1.1255098
urban_events,19,MAD = 3,Sensitivity,MAD,3,1,11455,102,67,0.427047619047619,0.186989157631359,0.260092807424594,0.149486598213095,1,0.493309545049063,0.813010842368641,1.0444328
urban_events,19,MAD = 3.5,Sensitivity,MAD,3.5,1,11455,102,84,0.396952380952381,0.191896869244936,0.258721291123526,0.148581206331099,1.5,0.40595009596929,0.808103130755064,0.9052693
urban_events,19,MAD = 4,Sensitivity,MAD,4,1,11455,102,78,0.387428571428571,0.193714285714286,0.258285714285714,0.148293963254593,1.33333333333333,0.400196656833825,0.806285714285714,0.8302989
urban_events,19,p_in = 0.7,Sensitivity,p_in,0.7,1,11455,102,100,0.38247619047619,0.209778520685332,0.270948589933882,0.156703605431559,1.5,0.341633466135458,0.790221479314668,0.8095429
urban_events,19,p_in = 0.8,Sensitivity,p_in,0.8,1,11455,102,84,0.396952380952381,0.191896869244936,0.258721291123526,0.148581206331099,1.5,0.40595009596929,0.808103130755064,0.8763902
urban_events,19,p_in = 0.9,Sensitivity,p_in,0.9,1,11455,102,71,0.38552380952381,0.197501951600312,0.26119499290231,0.150215229330563,1.33333333333333,0.401185770750988,0.802498048399688,0.8486992
urban_events,19,p_w = 0.7,Sensitivity,p_w,0.7,1,11455,102,82,0.398095238095238,0.209839357429719,0.274819197896121,0.159298780487805,1.5,0.36555023923445,0.790160642570281,0.8204463
urban_events,19,p_w = 0.8,Sensitivity,p_w,0.8,1,11455,102,84,0.396952380952381,0.191896869244936,0.258721291123526,0.148581206331099,1.5,0.40595009596929,0.808103130755064,0.9154643
urban_events,19,p_w = 0.9,Sensitivity,p_w,0.9,1,11455,102,88,0.4,0.188239512370025,0.256003901011825,0.146791555990494,1.5,0.399047619047619,0.811760487629975,0.8219778
urban_events,19,overlap = 0.7,Sensitivity,overlap,0.7,1,11455,102,84,0.396952380952381,0.191896869244936,0.258721291123526,0.148581206331099,1.5,0.40595009596929,0.808103130755064,0.8373785
urban_events,19,overlap = 0.8,Sensitivity,overlap,0.8,1,11455,102,84,0.396952380952381,0.191896869244936,0.258721291123526,0.148581206331099,1.5,0.40595009596929,0.808103130755064,0.8611763
urban_events,19,overlap = 0.9,Sensitivity,overlap,0.9,1,11455,102,81,0.411047619047619,0.186066563200552,0.256172839506173,0.146902654867257,1.5,0.396663577386469,0.813933436799448,0.8778916
urban_events,19,eps_s = 0.015,Sensitivity,eps_s,0.015,1,11455,102,111,0.254095238095238,0.1890589569161,0.216804810661466,0.121582209259934,2,0.178410794602699,0.8109410430839,0.7529316
urban_events,19,eps_s = 0.02,Sensitivity,eps_s,0.02,1,11455,102,84,0.396952380952381,0.191896869244936,0.258721291123526,0.148581206331099,1.5,0.40595009596929,0.808103130755064,0.8575253
urban_events,19,eps_s = 0.025,Sensitivity,eps_s,0.025,1,11455,102,61,0.575619047619048,0.215487735310896,0.313583065269275,0.185946345065223,1,0.606882859033752,0.784512264689104,1.4088236
urban_events,19,eps_t = 0.005,Sensitivity,eps_t,0.005,1,11455,102,29,0.367238095238095,0.158683127572016,0.221609195402299,0.124612202688728,2,0.70746887966805,0.841316872427984,1.1506983
urban_events,19,eps_t = 0.01,Sensitivity,eps_t,0.01,1,11455,102,74,0.324571428571429,0.177907705157653,0.229835446452657,0.129838463882963,1.25,0.286384976525822,0.822092294842347,0.8745561
urban_events,19,eps_t = 0.015,Sensitivity,eps_t,0.015,1,11455,102,91,0.283047619047619,0.171435163820951,0.213536427647651,0.119530244530245,1.33333333333333,0.277254374158816,0.828564836179049,0.8866398
urban_events,19,eps_t = 0.02,Sensitivity,eps_t,0.02,1,11455,102,84,0.396952380952381,0.191896869244936,0.258721291123526,0.148581206331099,1.5,0.40595009596929,0.808103130755064,0.935814
urban_events,19,eps_t = 0.025,Sensitivity,eps_t,0.025,1,11455,102,84,0.396952380952381,0.191896869244936,0.258721291123526,0.148581206331099,1.5,0.40595009596929,0.808103130755064,0.8812827
urban_events,19,Event retention = 25%,Sparsity,retention,0.25,1,2864,84,5,0.0731707317073171,0.432432432432432,0.1251629726206,0.066759388038943,1,0,0.567567567567568,0.1603011
urban_events,19,Event retention = 25%,Sparsity,retention,0.25,2,2864,83,9,0.0228013029315961,0.0569105691056911,0.0325581395348837,0.016548463356974,NaN,0,0.943089430894309,0.1538085
urban_events,19,Event retention = 25%,Sparsity,retention,0.25,3,2864,86,8,0.105643994211288,0.245791245791246,0.147773279352227,0.0797814207650273,NaN,0.383561643835616,0.754208754208754,0.1469926
urban_events,19,Event retention = 25%,Sparsity,retention,0.25,4,2864,87,6,0,0,0,0,NaN,NaN,1,0.1595585
urban_events,19,Event retention = 25%,Sparsity,retention,0.25,5,2864,84,11,0.0286144578313253,0.135714285714286,0.0472636815920398,0.024203821656051,NaN,0.210526315789474,0.864285714285714,0.1462906
urban_events,19,Event retention = 50%,Sparsity,retention,0.5,1,5728,97,38,0.188172043010753,0.192913385826772,0.190513219284603,0.105285775676837,1,0.224489795918367,0.807086614173228,0.3680869
urban_events,19,Event retention = 50%,Sparsity,retention,0.5,2,5728,94,43,0.22171602126044,0.262589928057554,0.240428159736517,0.13664014974263,1.66666666666667,0.184931506849315,0.737410071942446,0.3695781
urban_events,19,Event retention = 50%,Sparsity,retention,0.5,3,5728,93,26,0.106334841628959,0.114262560777958,0.11015625,0.0582885489871848,1,0.226950354609929,0.885737439222042,0.4080577
urban_events,19,Event retention = 50%,Sparsity,retention,0.5,4,5728,96,34,0.172205438066465,0.235294117647059,0.198866114260794,0.110411622276029,1,0.157894736842105,0.764705882352941,0.4611169
urban_events,19,Event retention = 50%,Sparsity,retention,0.5,5,5728,97,30,0.191277735271614,0.253292806484296,0.21795989537925,0.122309197651663,1,0.216,0.746707193515704,0.360008
urban_events,19,Event retention = 75%,Sparsity,retention,0.75,1,8591,96,71,0.226633165829146,0.168724279835391,0.193437701050826,0.10707502374169,2,0.228381374722838,0.831275720164609,0.6051366
urban_events,19,Event retention = 75%,Sparsity,retention,0.75,2,8591,100,68,0.322095435684647,0.187953995157385,0.237385321100917,0.134677944046844,2,0.446054750402576,0.812046004842615,0.6521836
urban_events,19,Event retention = 75%,Sparsity,retention,0.75,3,8591,98,67,0.262061960385983,0.214910453977509,0.236155606407323,0.133886870783601,1.33333333333333,0.174418604651163,0.785089546022491,0.5478462
urban_events,19,Event retention = 75%,Sparsity,retention,0.75,4,8591,100,66,0.238951695786228,0.209176788124157,0.223075077956344,0.125539956803456,1.5,0.187096774193548,0.790823211875843,0.6565135
urban_events,19,Event retention = 75%,Sparsity,retention,0.75,5,8591,100,65,0.213131313131313,0.174958540630182,0.192167577413479,0.106297229219144,1.5,0.203791469194313,0.825041459369818,0.6250071
urban_events,19,Added events = 5%,AddedEvents,added-event ratio,0.05,1,12028,102,85,0.406095238095238,0.17701760212554,0.246559500404765,0.140614694631315,1.33333333333333,0.391181988742964,0.82298239787446,0.8282608
urban_events,19,Added events = 5%,AddedEvents,added-event ratio,0.05,2,12028,102,85,0.36,0.178402869548801,0.238576117142136,0.135445033682098,2,0.432804232804233,0.821597130451199,0.9437787
urban_events,19,Added events = 5%,AddedEvents,added-event ratio,0.05,3,12028,102,94,0.304380952380952,0.190510252742012,0.234345211907904,0.132724252491694,1.66666666666667,0.166458072590738,0.809489747257988,0.9768493
urban_events,19,Added events = 5%,AddedEvents,added-event ratio,0.05,4,12028,102,85,0.336,0.170500676589986,0.226211849192101,0.12753036437247,1.33333333333333,0.26530612244898,0.829499323410014,0.9015738
urban_events,19,Added events = 5%,AddedEvents,added-event ratio,0.05,5,12028,102,85,0.391619047619048,0.179657462425725,0.246316041691626,0.140456346495423,1.5,0.418287937743191,0.820342537574275,0.971022
urban_events,19,Added events = 10%,AddedEvents,added-event ratio,0.1,1,12601,102,80,0.46552380952381,0.179997054058035,0.259613341831315,0.149169921875,2,0.463993453355156,0.820002945941965,1.0613043
urban_events,19,Added events = 10%,AddedEvents,added-event ratio,0.1,2,12601,102,91,0.376,0.190503763752171,0.252882398155265,0.144742630884294,1.66666666666667,0.309017223910841,0.809496236247829,0.9312219
urban_events,19,Added events = 10%,AddedEvents,added-event ratio,0.1,3,12601,102,49,0.634666666666667,0.202037351443124,0.306503541532518,0.180988593155894,1,0.674669867947179,0.797962648556876,1.4238395
urban_events,19,Added events = 10%,AddedEvents,added-event ratio,0.1,4,12601,102,86,0.380190476190476,0.20076443371555,0.262769878883623,0.151257956956654,1,0.330661322645291,0.79923556628445,0.9469649
urban_events,19,Added events = 10%,AddedEvents,added-event ratio,0.1,5,12601,102,89,0.513904761904762,0.198061958596388,0.285926239932175,0.166810931124026,2,0.544106745737583,0.801938041403612,1.4038029
urban_events,19,Added events = 20%,AddedEvents,added-event ratio,0.2,1,13746,102,91,0.41752380952381,0.186078098471986,0.257428068115091,0.147728804421081,1.25,0.39051094890511,0.813921901528014,1.2001648
urban_events,19,Added events = 20%,AddedEvents,added-event ratio,0.2,2,13746,102,38,0.859047619047619,0.201898110842511,0.32695374800638,0.195424213536702,1.33333333333333,0.725942350332594,0.798101889157489,2.130915
urban_events,19,Added events = 20%,AddedEvents,added-event ratio,0.2,3,13746,102,49,0.675047619047619,0.195801104972376,0.30355460385439,0.17893567605776,1.5,0.660835214446953,0.804198895027624,1.6511579
urban_events,19,Added events = 20%,AddedEvents,added-event ratio,0.2,4,13746,102,58,0.632380952380952,0.20420715955222,0.308722335875023,0.182537937101386,1,0.654819277108434,0.79579284044778,1.5410417
urban_events,19,Added events = 20%,AddedEvents,added-event ratio,0.2,5,13746,102,81,0.763428571428571,0.209777033392652,0.329118081786829,0.196972675447218,1.66666666666667,0.606287425149701,0.790222966607348,1.3113579
urban_events,19,Added events = 30%,AddedEvents,added-event ratio,0.3,1,14892,102,44,0.944,0.191395690121264,0.318263549961469,0.189246983351153,NaN,0.83454398708636,0.808604309878736,2.841909
urban_events,19,Added events = 30%,AddedEvents,added-event ratio,0.3,2,14892,102,103,0.428571428571429,0.199397376816732,0.272166444901415,0.157518902268272,1.5,0.188444444444444,0.800602623183268,1.3694466
urban_events,19,Added events = 30%,AddedEvents,added-event ratio,0.3,3,14892,102,32,0.757714285714286,0.183149171270718,0.294994438264739,0.173016701461378,1,0.750125691302162,0.816850828729282,2.38164
urban_events,19,Added events = 30%,AddedEvents,added-event ratio,0.3,4,14892,102,110,0.447619047619048,0.203076391289319,0.27939602900963,0.162382531785517,1.28571428571429,0.210212765957447,0.796923608710681,1.4452807
urban_events,19,Added events = 30%,AddedEvents,added-event ratio,0.3,5,14892,102,105,0.469333333333333,0.193164001254312,0.273686548928135,0.158538154677648,1.2,0.341720779220779,0.806835998745688,1.3593022
urban_events,19,Full LLGD runtime,Runtime,-,NaN,1,11455,102,84,0.396952380952381,0.191896869244936,0.258721291123526,0.148581206331099,1.5,0.40595009596929,0.808103130755064,0.8450947
urban_events,19,Full LLGD runtime,Runtime,-,NaN,2,11455,102,85,0.411047619047619,0.195932449609588,0.265371372356124,0.15298454558344,1.33333333333333,0.36144578313253,0.804067550390412,0.8076987
urban_events,19,Full LLGD runtime,Runtime,-,NaN,3,11455,102,79,0.40952380952381,0.197610294117647,0.266584004959702,0.15379113018598,1.33333333333333,0.360930232558139,0.802389705882353,0.8752034
urban_events,20,Full LLGD,Full,-,NaN,1,9308,109,51,0.173792557403009,0.232644409114997,0.198957625198278,0.110468042274786,1.5,0.12756264236902,0.767355590885003,0.6616138
urban_events,20,w/o weighted support,Ablation,UseWeights,0,1,9308,109,265,0.878068091844814,0.280510939673707,0.425189303172625,0.269993913572733,1.6,0.409377817853922,0.719489060326293,0.7898482
urban_events,20,w/o local verification,Ablation,UseVerification,0,1,9308,109,67,0.215360253365004,0.215189873417722,0.215275029679462,0.120620842572062,1.33333333333333,0.119485294117647,0.784810126582278,0.5220018
urban_events,20,w/o global expansion,Ablation,UseGlobalExpansion,0,1,9308,109,91,0.137371338083927,0.257992565055762,0.179281839318006,0.0984676503972758,3.8,0.0403458213256485,0.742007434944238,0.6789718
urban_events,20,unit estimation weights,Ablation,UseWeights,0,1,9308,109,48,0.193982581155978,0.191931061496279,0.192951368379602,0.106777075615603,2,0.426530612244898,0.808068938503721,0.6457707
urban_events,20,unit support tests,Ablation,UseMultiplicitySupport,0,1,9308,109,291,0.872129849564529,0.283416956130194,0.427808525099524,0.272109683794466,1.56666666666667,0.357694053563323,0.716583043869806,0.8034769
urban_events,20,MAD = 3,Sensitivity,MAD,3,1,9308,109,49,0.167458432304038,0.228772309356409,0.193371428571429,0.107034412955466,1.5,0.127659574468085,0.771227690643591,0.8716745
urban_events,20,MAD = 3.5,Sensitivity,MAD,3.5,1,9308,109,51,0.173792557403009,0.232644409114997,0.198957625198278,0.110468042274786,1.5,0.12756264236902,0.767355590885003,0.8104979
urban_events,20,MAD = 4,Sensitivity,MAD,4,1,9308,109,49,0.17458432304038,0.229090909090909,0.198157717366884,0.10997506234414,1.5,0.129251700680272,0.770909090909091,0.8132647
urban_events,20,p_in = 0.7,Sensitivity,p_in,0.7,1,9308,109,54,0.200316706254949,0.237002341920375,0.217120789530144,0.121780986762936,1.33333333333333,0.130434782608696,0.762997658079625,1.4216109
urban_events,20,p_in = 0.8,Sensitivity,p_in,0.8,1,9308,109,51,0.173792557403009,0.232644409114997,0.198957625198278,0.110468042274786,1.5,0.12756264236902,0.767355590885003,0.9814273
urban_events,20,p_in = 0.9,Sensitivity,p_in,0.9,1,9308,109,47,0.172209026128266,0.23462783171521,0.198630136986301,0.110266159695817,1.5,0.128735632183908,0.76537216828479,0.8071249
urban_events,20,p_w = 0.7,Sensitivity,p_w,0.7,1,9308,109,49,0.175376088677751,0.234888653234358,0.200815956482321,0.111615016376921,1.5,0.126410835214447,0.765111346765642,0.8830446
urban_events,20,p_w = 0.8,Sensitivity,p_w,0.8,1,9308,109,51,0.173792557403009,0.232644409114997,0.198957625198278,0.110468042274786,1.5,0.12756264236902,0.767355590885003,0.6290802
urban_events,20,p_w = 0.9,Sensitivity,p_w,0.9,1,9308,109,52,0.176959619952494,0.234276729559748,0.201623815967524,0.112114371708051,2,0.125279642058166,0.765723270440252,0.6474816
urban_events,20,overlap = 0.7,Sensitivity,overlap,0.7,1,9308,109,51,0.173792557403009,0.232644409114997,0.198957625198278,0.110468042274786,1.5,0.12756264236902,0.767355590885003,0.6269059
urban_events,20,overlap = 0.8,Sensitivity,overlap,0.8,1,9308,109,51,0.173792557403009,0.232644409114997,0.198957625198278,0.110468042274786,1.5,0.12756264236902,0.767355590885003,0.672009
urban_events,20,overlap = 0.9,Sensitivity,overlap,0.9,1,9308,109,51,0.174188440221694,0.232681121099947,0.199230246773828,0.110636157907971,1.5,0.127272727272727,0.767318878900053,0.6439735
urban_events,20,eps_s = 0.015,Sensitivity,eps_s,0.015,1,9308,109,45,0.184877276326207,0.251616379310345,0.213144682793245,0.119284802043423,1,0.126338329764454,0.748383620689655,0.5870743
urban_events,20,eps_s = 0.02,Sensitivity,eps_s,0.02,1,9308,109,51,0.173792557403009,0.232644409114997,0.198957625198278,0.110468042274786,1.5,0.12756264236902,0.767355590885003,0.7309695
urban_events,20,eps_s = 0.025,Sensitivity,eps_s,0.025,1,9308,109,47,0.240696753760887,0.224768946395564,0.232460332632384,0.131516331386546,1,0.277960526315789,0.775231053604436,0.839964
urban_events,20,eps_t = 0.005,Sensitivity,eps_t,0.005,1,9308,109,14,0.171021377672209,0.142245637141916,0.155311882078015,0.0841941142077568,NaN,0.569444444444444,0.857754362858084,0.6389641
urban_events,20,eps_t = 0.01,Sensitivity,eps_t,0.01,1,9308,109,42,0.209026128266033,0.212048192771084,0.210526315789474,0.117647058823529,1,0.352272727272727,0.787951807228916,0.5938145
urban_events,20,eps_t = 0.015,Sensitivity,eps_t,0.015,1,9308,109,49,0.206254948535234,0.209321012454801,0.20777666999003,0.115932354250111,1,0.214971209213052,0.790678987545199,0.6261661
urban_events,20,eps_t = 0.02,Sensitivity,eps_t,0.02,1,9308,109,51,0.173792557403009,0.232644409114997,0.198957625198278,0.110468042274786,1.5,0.12756264236902,0.767355590885003,0.6986563
urban_events,20,eps_t = 0.025,Sensitivity,eps_t,0.025,1,9308,109,51,0.173792557403009,0.232644409114997,0.198957625198278,0.110468042274786,1.5,0.12756264236902,0.767355590885003,0.6496059
urban_events,20,Event retention = 25%,Sparsity,retention,0.25,1,2327,94,5,0,0,0,0,NaN,NaN,1,0.0967336
urban_events,20,Event retention = 25%,Sparsity,retention,0.25,2,2327,95,2,0,0,0,0,NaN,NaN,1,0.0886771
urban_events,20,Event retention = 25%,Sparsity,retention,0.25,3,2327,92,3,0,0,0,0,NaN,NaN,1,0.0927804
urban_events,20,Event retention = 25%,Sparsity,retention,0.25,4,2327,96,3,0.0705329153605016,0.6,0.126227208976157,0.0673652694610778,1,0,0.4,0.0917891
urban_events,20,Event retention = 25%,Sparsity,retention,0.25,5,2327,92,4,0,0,0,0,NaN,NaN,1,0.1012781
urban_events,20,Event retention = 50%,Sparsity,retention,0.5,1,4654,101,22,0.176006314127861,0.42314990512334,0.24860646599777,0.141947803946531,1,0.197309417040359,0.57685009487666,0.2864321
urban_events,20,Event retention = 50%,Sparsity,retention,0.5,2,4654,99,20,0.147151898734177,0.372745490981964,0.211003970504821,0.117945466074826,1,0.220430107526882,0.627254509018036,0.2848907
urban_events,20,Event retention = 50%,Sparsity,retention,0.5,3,4654,100,19,0.13984375,0.302364864864865,0.191239316239316,0.105729474305966,1,0.156424581005587,0.697635135135135,0.2941388
urban_events,20,Event retention = 50%,Sparsity,retention,0.5,4,4654,102,15,0.129788897576231,0.274834437086093,0.176314391927775,0.0966802562609202,1,0.186746987951807,0.725165562913907,0.2813319
urban_events,20,Event retention = 50%,Sparsity,retention,0.5,5,4654,101,17,0.102848101265823,0.305882352941176,0.153937240970989,0.0833867864015394,1,0.0307692307692308,0.694117647058824,0.3196603
urban_events,20,Event retention = 75%,Sparsity,retention,0.75,1,6981,106,26,0.16491043203372,0.249203821656051,0.198478123018389,0.110172474480817,1,0.137380191693291,0.750796178343949,0.4730707
urban_events,20,Event retention = 75%,Sparsity,retention,0.75,2,6981,108,33,0.162473794549266,0.277777777777778,0.205026455026455,0.114222549742078,1,0.106451612903226,0.722222222222222,0.4649335
urban_events,20,Event retention = 75%,Sparsity,retention,0.75,3,6981,108,37,0.154981549815498,0.239804241435563,0.188280499519693,0.103923647932131,1.5,0.0986394557823129,0.760195758564437,0.4519608
urban_events,20,Event retention = 75%,Sparsity,retention,0.75,4,6981,107,29,0.17372654155496,0.362011173184358,0.234782608695652,0.133004926108374,1.5,0.126543209876543,0.637988826815643,0.6352145
urban_events,20,Event retention = 75%,Sparsity,retention,0.75,5,6981,105,35,0.169732002101944,0.218983050847458,0.191237418590882,0.105728314238953,1,0.148606811145511,0.781016949152542,0.4668032
urban_events,20,Added events = 5%,AddedEvents,added-event ratio,0.05,1,9773,109,60,0.20110847189232,0.199293840721852,0.200197044334975,0.111232756733085,2,0.208661417322835,0.800706159278148,0.7310679
urban_events,20,Added events = 5%,AddedEvents,added-event ratio,0.05,2,9773,109,58,0.270783847980998,0.204851752021563,0.233248081841432,0.132020845396642,1.5,0.353801169590643,0.795148247978437,0.7599892
urban_events,20,Added events = 5%,AddedEvents,added-event ratio,0.05,3,9773,109,60,0.176563737133808,0.191006423982869,0.183501337173421,0.101019252548131,1.33333333333333,0.0739910313901345,0.808993576017131,0.6986175
urban_events,20,Added events = 5%,AddedEvents,added-event ratio,0.05,4,9773,109,59,0.182897862232779,0.198198198198198,0.190240889437925,0.105119453924915,1.5,0.0887445887445888,0.801801801801802,0.9031765
urban_events,20,Added events = 5%,AddedEvents,added-event ratio,0.05,5,9773,109,59,0.173396674584323,0.205537306428907,0.188103929568392,0.103816070158805,1.33333333333333,0.0730593607305936,0.794462693571093,0.8109884
urban_events,20,Added events = 10%,AddedEvents,added-event ratio,0.1,1,10239,109,61,0.184877276326207,0.187324508624148,0.186092847180713,0.102592267135325,1.5,0.164882226980728,0.812675491375852,0.8059975
urban_events,20,Added events = 10%,AddedEvents,added-event ratio,0.1,2,10239,109,52,0.279889152810768,0.20398153491056,0.235981308411215,0.133774834437086,1.5,0.374823196605375,0.79601846508944,0.7557895
urban_events,20,Added events = 10%,AddedEvents,added-event ratio,0.1,3,10239,109,68,0.214964370546318,0.198030634573304,0.206150341685649,0.114920634920635,1.5,0.237569060773481,0.801969365426696,0.8212975
urban_events,20,Added events = 10%,AddedEvents,added-event ratio,0.1,4,10239,109,67,0.251781472684086,0.218707015130674,0.234081707765918,0.132555231346394,1,0.339622641509434,0.781292984869326,0.8248808
urban_events,20,Added events = 10%,AddedEvents,added-event ratio,0.1,5,10239,109,75,0.254552652414885,0.185249207721118,0.214440553610138,0.120097123645872,1.33333333333333,0.256609642301711,0.814750792278882,0.8534293
urban_events,20,Added events = 20%,AddedEvents,added-event ratio,0.2,1,11170,109,78,0.208234362628662,0.175860916081578,0.19068334239623,0.105389701462633,1.33333333333333,0.0988593155893536,0.824139083918422,0.9481686
urban_events,20,Added events = 20%,AddedEvents,added-event ratio,0.2,2,11170,109,77,0.232383214568488,0.187240829346093,0.207383854442678,0.11568782026015,1.33333333333333,0.206132879045997,0.812759170653907,0.9457057
urban_events,20,Added events = 20%,AddedEvents,added-event ratio,0.2,3,11170,109,79,0.261282660332542,0.20389249304912,0.229047371160854,0.12933568489124,1.33333333333333,0.266666666666667,0.79610750695088,0.8420389
urban_events,20,Added events = 20%,AddedEvents,added-event ratio,0.2,4,11170,109,73,0.26049089469517,0.206463759021023,0.230351829161561,0.130168150346192,1.25,0.366261398176292,0.793536240978977,0.8686567
urban_events,20,Added events = 20%,AddedEvents,added-event ratio,0.2,5,11170,109,82,0.207046714172605,0.182293482049495,0.193883225208526,0.107348111658456,1.25,0.133843212237094,0.817706517950505,0.8117732
urban_events,20,Added events = 30%,AddedEvents,added-event ratio,0.3,1,12100,109,75,0.218131433095804,0.173597983616887,0.193333333333333,0.107011070110701,2,0.215970961887477,0.826402016383113,0.9726666
urban_events,20,Added events = 30%,AddedEvents,added-event ratio,0.3,2,12100,109,78,0.511084718923199,0.218813559322034,0.306432470923333,0.18093903293623,1.33333333333333,0.58869093725794,0.781186440677966,1.1102362
urban_events,20,Added events = 30%,AddedEvents,added-event ratio,0.3,3,12100,109,80,0.415281076801267,0.214607201309329,0.282978149446992,0.164807541241163,1.2,0.414680648236416,0.785392798690671,0.9721794
urban_events,20,Added events = 30%,AddedEvents,added-event ratio,0.3,4,12100,109,65,0.516231195566112,0.211550940947437,0.300115074798619,0.176550230165177,1,0.67101226993865,0.788449059052563,1.1926912
urban_events,20,Added events = 30%,AddedEvents,added-event ratio,0.3,5,12100,109,81,0.255740300870942,0.171216538563477,0.205111922527385,0.114275605872988,2.33333333333333,0.281733746130031,0.828783461436523,0.8805304
urban_events,20,Full LLGD runtime,Runtime,-,NaN,1,9308,109,51,0.173792557403009,0.232644409114997,0.198957625198278,0.110468042274786,1.5,0.12756264236902,0.767355590885003,0.6234347
urban_events,20,Full LLGD runtime,Runtime,-,NaN,2,9308,109,50,0.174980205859066,0.24678950307091,0.204771832290943,0.114064516129032,1.5,0.126696832579186,0.75321049692909,0.6554988
urban_events,20,Full LLGD runtime,Runtime,-,NaN,3,9308,109,51,0.174980205859066,0.232999472851871,0.199864345466878,0.111027380055262,1.5,0.126696832579186,0.767000527148129,0.6728544
urban_events,21,Full LLGD,Full,-,NaN,1,12013,103,74,0.297542914843487,0.18941504178273,0.231474207907829,0.130885401243707,1,0.127828054298643,0.81058495821727,0.8942929
urban_events,21,w/o weighted support,Ablation,UseWeights,0,1,12013,103,291,0.90575563783238,0.251848385587272,0.394112478031634,0.245417236662107,1.53125,0.341137123745819,0.748151614412728,0.9977536
urban_events,21,w/o local verification,Ablation,UseVerification,0,1,12013,103,107,0.499495119488388,0.251014884979702,0.334121355397951,0.200567644276254,1,0.237870619946092,0.748985115020298,0.7515719
urban_events,21,w/o global expansion,Ablation,UseGlobalExpansion,0,1,12013,103,185,0.215752271962302,0.180920124188541,0.196806877494627,0.109143538225779,2.25,0.0592823712948518,0.819079875811459,0.8750425
urban_events,21,unit estimation weights,Ablation,UseWeights,0,1,12013,103,78,0.272635476270616,0.161838161838162,0.203109327983952,0.11303377058331,1.14285714285714,0.166666666666667,0.838161838161838,1.0161659
urban_events,21,unit support tests,Ablation,UseMultiplicitySupport,0,1,12013,103,354,0.89464826657691,0.248992974238876,0.389564707606625,0.241900254823444,1.46428571428571,0.290443942814146,0.751007025761124,1.0887007
urban_events,21,MAD = 3,Sensitivity,MAD,3,1,12013,103,74,0.284079434533827,0.182250053984021,0.222046829781636,0.124889020420243,1,0.220379146919431,0.817749946015979,0.9452777
urban_events,21,MAD = 3.5,Sensitivity,MAD,3.5,1,12013,103,74,0.297542914843487,0.18941504178273,0.231474207907829,0.130885401243707,1,0.127828054298643,0.81058495821727,0.9178321
urban_events,21,MAD = 4,Sensitivity,MAD,4,1,12013,103,78,0.26455738808482,0.166949872557349,0.204714155488996,0.114028724793269,1,0.122137404580153,0.833050127442651,0.8328768
urban_events,21,p_in = 0.7,Sensitivity,p_in,0.7,1,12013,103,86,0.254459777852575,0.16338880484115,0.198999736772835,0.110494007600117,1,0.113756613756614,0.83661119515885,0.8882537
urban_events,21,p_in = 0.8,Sensitivity,p_in,0.8,1,12013,103,74,0.297542914843487,0.18941504178273,0.231474207907829,0.130885401243707,1,0.127828054298643,0.81058495821727,0.9284228
urban_events,21,p_in = 0.9,Sensitivity,p_in,0.9,1,12013,103,60,0.272972063278357,0.180986386967195,0.217659688674181,0.122120162626111,1,0.11960542540074,0.819013613032805,0.9797236
urban_events,21,p_w = 0.7,Sensitivity,p_w,0.7,1,12013,103,77,0.283742847526085,0.171271840715156,0.213606993538578,0.119574468085106,1.2,0.168446026097272,0.828728159284844,0.8790237
urban_events,21,p_w = 0.8,Sensitivity,p_w,0.8,1,12013,103,74,0.297542914843487,0.18941504178273,0.231474207907829,0.130885401243707,1,0.127828054298643,0.81058495821727,0.921117
urban_events,21,p_w = 0.9,Sensitivity,p_w,0.9,1,12013,103,76,0.261191518007405,0.167566400345498,0.204156800841884,0.113682976853208,1,0.119845360824742,0.832433599654502,0.9769132
urban_events,21,overlap = 0.7,Sensitivity,overlap,0.7,1,12013,103,74,0.297542914843487,0.18941504178273,0.231474207907829,0.130885401243707,1,0.127828054298643,0.81058495821727,0.9252687
urban_events,21,overlap = 0.8,Sensitivity,overlap,0.8,1,12013,103,74,0.297542914843487,0.18941504178273,0.231474207907829,0.130885401243707,1,0.127828054298643,0.81058495821727,0.9542175
urban_events,21,overlap = 0.9,Sensitivity,overlap,0.9,1,12013,103,76,0.290811174688657,0.182163187855787,0.224008296603578,0.126131386861314,1,0.144675925925926,0.817836812144213,0.9057022
urban_events,21,eps_s = 0.015,Sensitivity,eps_s,0.015,1,12013,103,95,0.270279367216425,0.176173760421237,0.213308540310798,0.119387451680048,1.27272727272727,0.11332503113325,0.823826239578763,0.850143
urban_events,21,eps_s = 0.02,Sensitivity,eps_s,0.02,1,12013,103,74,0.297542914843487,0.18941504178273,0.231474207907829,0.130885401243707,1,0.127828054298643,0.81058495821727,0.9454852
urban_events,21,eps_s = 0.025,Sensitivity,eps_s,0.025,1,12013,103,57,0.480646247054864,0.219996918810661,0.301838934686113,0.177744585511576,1,0.392156862745098,0.780003081189339,0.9479528
urban_events,21,eps_t = 0.005,Sensitivity,eps_t,0.005,1,12013,103,15,0.727364523729384,0.237420347176445,0.357988900853143,0.218018563357546,1,0.793151318833873,0.762579652823555,1.4785528
urban_events,21,eps_t = 0.01,Sensitivity,eps_t,0.01,1,12013,103,64,0.337933355772467,0.187243565833644,0.240969638785551,0.136990039568836,1,0.280876494023904,0.812756434166356,0.9256568
urban_events,21,eps_t = 0.015,Sensitivity,eps_t,0.015,1,12013,103,81,0.29821608885897,0.181818181818182,0.225905150433452,0.127335441218741,1.25,0.170428893905192,0.818181818181818,0.9208535
urban_events,21,eps_t = 0.02,Sensitivity,eps_t,0.02,1,12013,103,74,0.297542914843487,0.18941504178273,0.231474207907829,0.130885401243707,1,0.127828054298643,0.81058495821727,0.9538015
urban_events,21,eps_t = 0.025,Sensitivity,eps_t,0.025,1,12013,103,74,0.297542914843487,0.18941504178273,0.231474207907829,0.130885401243707,1,0.127828054298643,0.81058495821727,0.9019938
urban_events,21,Event retention = 25%,Sparsity,retention,0.25,1,3003,87,6,0.00278940027894003,0.00829875518672199,0.00417536534446764,0.00209205020920502,NaN,0,0.991701244813278,0.1710056
urban_events,21,Event retention = 25%,Sparsity,retention,0.25,2,3003,92,9,0.00542005420054201,0.010840108401084,0.00722673893405601,0.00362647325475975,NaN,0,0.989159891598916,0.186849
urban_events,21,Event retention = 25%,Sparsity,retention,0.25,3,3003,88,2,0,0,0,0,NaN,NaN,1,0.1488298
urban_events,21,Event retention = 25%,Sparsity,retention,0.25,4,3003,88,7,0.0147849462365591,0.04,0.0215897939156035,0.0109126984126984,1,0,0.96,0.1519304
urban_events,21,Event retention = 25%,Sparsity,retention,0.25,5,3003,90,5,0.0131233595800525,0.0427350427350427,0.0200803212851406,0.0101419878296146,1,0,0.957264957264957,0.173533
urban_events,21,Event retention = 50%,Sparsity,retention,0.5,1,6007,96,21,0.116874135546335,0.182308522114347,0.142435735356089,0.0766787658802178,1,0,0.817691477885653,0.4063796
urban_events,21,Event retention = 50%,Sparsity,retention,0.5,2,6007,95,33,0.164737916950306,0.190401258851298,0.176642335766423,0.0968775020016013,1.2,0.00826446280991733,0.809598741148702,0.4335852
urban_events,21,Event retention = 50%,Sparsity,retention,0.5,3,6007,95,25,0.131972789115646,0.171681415929204,0.149230769230769,0.0806317539484622,1,0.00515463917525771,0.828318584070797,0.3988818
urban_events,21,Event retention = 50%,Sparsity,retention,0.5,4,6007,98,25,0.0877076411960133,0.130434782608696,0.104886769964243,0.0553459119496855,1,0,0.869565217391304,0.4348394
urban_events,21,Event retention = 50%,Sparsity,retention,0.5,5,6007,96,24,0.124492557510149,0.174077578051088,0.145167652859961,0.0782645682688218,1.5,0,0.825922421948912,0.4016673
urban_events,21,Event retention = 75%,Sparsity,retention,0.75,1,9010,100,57,0.230017761989343,0.17169373549884,0.196621749857658,0.109029677962534,1.66666666666667,0.249034749034749,0.82830626450116,0.6740286
urban_events,21,Event retention = 75%,Sparsity,retention,0.75,2,9010,103,57,0.241964285714286,0.187998612556365,0.211594768690221,0.118314778432657,1.16666666666667,0.0977859778597786,0.812001387443635,0.6893166
urban_events,21,Event retention = 75%,Sparsity,retention,0.75,3,9010,102,51,0.263324299909666,0.205281690140845,0.230708349821923,0.130395884589577,1.25,0.257289879931389,0.794718309859155,0.7046843
urban_events,21,Event retention = 75%,Sparsity,retention,0.75,4,9010,101,43,0.165789473684211,0.152974504249292,0.159124394864239,0.0864395152069518,1,0.0529100529100529,0.847025495750708,0.8602791
urban_events,21,Event retention = 75%,Sparsity,retention,0.75,5,9010,101,50,0.244515539305302,0.213743507790651,0.228096354721808,0.128729547641963,1,0.164485981308411,0.786256492209349,0.7106344
urban_events,21,Added events = 5%,AddedEvents,added-event ratio,0.05,1,12614,103,78,0.354762706159542,0.211859296482412,0.26529071230808,0.152930934416715,1.14285714285714,0.191650853889943,0.788140703517588,1.0150606
urban_events,21,Added events = 5%,AddedEvents,added-event ratio,0.05,2,12614,103,80,0.45069000336587,0.222647156634519,0.298052309404563,0.175124247972796,1.33333333333333,0.286781179985063,0.77735284336548,0.9070667
urban_events,21,Added events = 5%,AddedEvents,added-event ratio,0.05,3,12614,103,73,0.288455065634466,0.175470925470925,0.218204964990452,0.122463561017434,1,0.194865810968495,0.824529074529075,0.9717494
urban_events,21,Added events = 5%,AddedEvents,added-event ratio,0.05,4,12614,103,74,0.364187142376304,0.211245607184693,0.26739157296429,0.15432891171017,1,0.158964879852126,0.788754392815307,1.0164422
urban_events,21,Added events = 5%,AddedEvents,added-event ratio,0.05,5,12614,103,72,0.334904072702794,0.206474372276406,0.255455712451861,0.146431199411332,1,0.141708542713568,0.793525627723594,1.0220597
urban_events,21,Added events = 10%,AddedEvents,added-event ratio,0.1,1,13214,103,95,0.413328845506563,0.223760932944606,0.29034164794893,0.169824367307426,1,0.239413680781759,0.776239067055394,1.0280256
urban_events,21,Added events = 10%,AddedEvents,added-event ratio,0.1,2,13214,103,90,0.42376304274655,0.224901750625223,0.293849924145174,0.172229822161423,1.16666666666667,0.19142176330421,0.775098249374777,0.9939837
urban_events,21,Added events = 10%,AddedEvents,added-event ratio,0.1,3,13214,103,40,0.738135307977112,0.208956646021915,0.325709193524432,0.194535616073805,1.5,0.814865481076151,0.791043353978085,1.6043764
urban_events,21,Added events = 10%,AddedEvents,added-event ratio,0.1,4,13214,103,75,0.308313699091215,0.173419159409315,0.221979886102024,0.124846667575303,1,0.13646288209607,0.826580840590685,1.0720504
urban_events,21,Added events = 10%,AddedEvents,added-event ratio,0.1,5,13214,103,84,0.454392460451027,0.231521179900532,0.306748466257669,0.181159420289855,1.09090909090909,0.158518518518519,0.768478820099468,0.9402169
urban_events,21,Added events = 20%,AddedEvents,added-event ratio,0.2,1,14416,103,91,0.505553685627735,0.245907007203667,0.330873444211918,0.198231490035634,1.25,0.205725699067909,0.754092992796333,1.2313561
urban_events,21,Added events = 20%,AddedEvents,added-event ratio,0.2,2,14416,103,24,0.954897340962639,0.217878811151217,0.3548024012006,0.215659445077917,1,0.904124074726824,0.782121188848783,2.3384453
urban_events,21,Added events = 20%,AddedEvents,added-event ratio,0.2,3,14416,103,96,0.605520026926961,0.222841570667658,0.325787758058674,0.194591671173607,1.16666666666667,0.351306281267371,0.777158429332342,1.2316121
urban_events,21,Added events = 20%,AddedEvents,added-event ratio,0.2,4,14416,103,69,0.462807135644564,0.2057459224899,0.284856018230785,0.166082860248822,1,0.387636363636364,0.7942540775101,1.3080925
urban_events,21,Added events = 20%,AddedEvents,added-event ratio,0.2,5,14416,103,74,0.392123864018849,0.182202064435408,0.248798718633209,0.142073170731707,2,0.315021459227468,0.817797935564592,1.178013
urban_events,21,Added events = 30%,AddedEvents,added-event ratio,0.3,1,15617,103,86,0.608212722988893,0.210679724845517,0.312954624177347,0.185504568319474,1,0.479247371333702,0.789320275154483,1.4348915
urban_events,21,Added events = 30%,AddedEvents,added-event ratio,0.3,2,15617,103,90,0.48434870414002,0.204752418895845,0.287828782878288,0.168107476635514,1.16666666666667,0.186935371785962,0.795247581104155,1.3220263
urban_events,21,Added events = 30%,AddedEvents,added-event ratio,0.3,3,15617,103,105,0.496802423426456,0.19082094376212,0.275733233700729,0.159913326110509,1.25,0.197831978319783,0.80917905623788,1.2845072
urban_events,21,Added events = 30%,AddedEvents,added-event ratio,0.3,4,15617,103,100,0.555031975765735,0.225983280800329,0.321192052980132,0.191321499013807,1.4,0.223771983020012,0.774016719199671,1.3181169
urban_events,21,Added events = 30%,AddedEvents,added-event ratio,0.3,5,15617,103,67,0.633793335577247,0.219387160666434,0.325947723732041,0.19470582152828,1.5,0.535315985130111,0.780612839333566,1.6243602
urban_events,21,Full LLGD runtime,Runtime,-,NaN,1,12013,103,74,0.297542914843487,0.18941504178273,0.231474207907829,0.130885401243707,1,0.127828054298643,0.81058495821727,0.9557429
urban_events,21,Full LLGD runtime,Runtime,-,NaN,2,12013,103,80,0.254459777852575,0.168336673346693,0.202626641651032,0.112734864300626,1,0.119047619047619,0.831663326653307,0.8843432
urban_events,21,Full LLGD runtime,Runtime,-,NaN,3,12013,103,74,0.328172332547964,0.201363073110285,0.249584026622296,0.142585551330798,1.16666666666667,0.157948717948718,0.798636926889715,0.975931
urban_events,22,Full LLGD,Full,-,NaN,1,11856,106,38,0.283546499024496,0.374356038923869,0.322684100160355,0.192381232534196,1,0.370795107033639,0.625643961076131,0.9490762
urban_events,22,w/o weighted support,Ablation,UseWeights,0,1,11856,106,194,0.942336874051593,0.410287871637565,0.57167280378748,0.400239388638247,1.81818181818182,0.575109270761445,0.589712128362435,1.4405891
urban_events,22,w/o local verification,Ablation,UseVerification,0,1,11856,106,61,0.412746585735964,0.423581757508343,0.418093983311375,0.264297612437535,1,0.337710084033613,0.576418242491657,0.8693776
urban_events,22,w/o global expansion,Ablation,UseGlobalExpansion,0,1,11856,106,108,0.0639497073487969,0.169054441260745,0.0927964768795219,0.0486557809665182,1.66666666666667,0.0338983050847458,0.830945558739255,0.8903983
urban_events,22,unit estimation weights,Ablation,UseWeights,0,1,11856,106,39,0.460654671580316,0.390553207131042,0.422717326437239,0.268003531340648,1,0.687529411764706,0.609446792868958,0.9347503
urban_events,22,unit support tests,Ablation,UseMultiplicitySupport,0,1,11856,106,213,0.947973119445047,0.413757214495222,0.576076933210381,0.404570265519475,1.69565217391304,0.555911273725131,0.586242785504778,1.074447
urban_events,22,MAD = 3,Sensitivity,MAD,3,1,11856,106,42,0.246694125298071,0.326448651749857,0.281022348438079,0.163482258296222,1,0.441124780316345,0.673551348250143,0.9539253
urban_events,22,MAD = 3.5,Sensitivity,MAD,3.5,1,11856,106,38,0.283546499024496,0.374356038923869,0.322684100160355,0.192381232534196,1,0.370795107033639,0.625643961076131,0.8236018
urban_events,22,MAD = 4,Sensitivity,MAD,4,1,11856,106,40,0.334272707565576,0.378590719371471,0.355054110062169,0.215845464725644,1,0.440337224383917,0.621409280628529,0.8374528
urban_events,22,p_in = 0.7,Sensitivity,p_in,0.7,1,11856,106,44,0.308476045957078,0.380786727321381,0.340838323353293,0.205428035224484,1,0.354884047786367,0.619213272678619,0.9079984
urban_events,22,p_in = 0.8,Sensitivity,p_in,0.8,1,11856,106,38,0.283546499024496,0.374356038923869,0.322684100160355,0.192381232534196,1,0.370795107033639,0.625643961076131,1.0886312
urban_events,22,p_in = 0.9,Sensitivity,p_in,0.9,1,11856,106,37,0.283546499024496,0.375,0.322923095914085,0.192551155601354,1,0.370795107033639,0.625,1.0576634
urban_events,22,p_w = 0.7,Sensitivity,p_w,0.7,1,11856,106,38,0.280078040320832,0.363329583802025,0.316317786754805,0.187872618874509,1,0.368421052631579,0.636670416197975,1.581851
urban_events,22,p_w = 0.8,Sensitivity,p_w,0.8,1,11856,106,38,0.283546499024496,0.374356038923869,0.322684100160355,0.192381232534196,1,0.370795107033639,0.625643961076131,1.5049339
urban_events,22,p_w = 0.9,Sensitivity,p_w,0.9,1,11856,106,39,0.280945154996748,0.367451091579246,0.318427518427518,0.189362945645821,1,0.368827160493827,0.632548908420754,1.3754573
urban_events,22,overlap = 0.7,Sensitivity,overlap,0.7,1,11856,106,38,0.283546499024496,0.374356038923869,0.322684100160355,0.192381232534196,1,0.370795107033639,0.625643961076131,1.1849929
urban_events,22,overlap = 0.8,Sensitivity,overlap,0.8,1,11856,106,38,0.283546499024496,0.374356038923869,0.322684100160355,0.192381232534196,1,0.370795107033639,0.625643961076131,1.108473
urban_events,22,overlap = 0.9,Sensitivity,overlap,0.9,1,11856,106,39,0.329720355517017,0.388605007664793,0.356749149759587,0.217099628889523,1,0.452991452991453,0.611394992335207,1.1621253
urban_events,22,eps_s = 0.015,Sensitivity,eps_s,0.015,1,11856,106,50,0.188814220680685,0.311071428571429,0.234992580601646,0.133139712626108,1,0.087256027554535,0.688928571428571,1.0700374
urban_events,22,eps_s = 0.02,Sensitivity,eps_s,0.02,1,11856,106,38,0.283546499024496,0.374356038923869,0.322684100160355,0.192381232534196,1,0.370795107033639,0.625643961076131,1.149927
urban_events,22,eps_s = 0.025,Sensitivity,eps_s,0.025,1,11856,106,39,0.649902449598959,0.392408376963351,0.489349547049702,0.323933009184225,1,0.735823882588392,0.607591623036649,1.4191841
urban_events,22,eps_t = 0.005,Sensitivity,eps_t,0.005,1,11856,106,14,0.692824626056796,0.384782085239586,0.494775137394535,0.328705132160856,NaN,0.920838548185232,0.615217914760414,1.5866086
urban_events,22,eps_t = 0.01,Sensitivity,eps_t,0.01,1,11856,106,21,0.800563624539345,0.397738287560582,0.531443373147215,0.36188143067124,NaN,0.906038451123748,0.602261712439418,1.5400382
urban_events,22,eps_t = 0.015,Sensitivity,eps_t,0.015,1,11856,106,21,0.829395187513549,0.422202604281616,0.559561243144424,0.388465834094832,NaN,0.908782017773131,0.577797395718385,1.4771736
urban_events,22,eps_t = 0.02,Sensitivity,eps_t,0.02,1,11856,106,38,0.283546499024496,0.374356038923869,0.322684100160355,0.192381232534196,1,0.370795107033639,0.625643961076131,0.9345321
urban_events,22,eps_t = 0.025,Sensitivity,eps_t,0.025,1,11856,106,38,0.283546499024496,0.374356038923869,0.322684100160355,0.192381232534196,1,0.370795107033639,0.625643961076131,0.8571057
urban_events,22,Event retention = 25%,Sparsity,retention,0.25,1,2964,97,3,0.00593220338983051,0.0469798657718121,0.0105342362678706,0.00529500756429652,NaN,0,0.953020134228188,0.1398346
urban_events,22,Event retention = 25%,Sparsity,retention,0.25,2,2964,95,6,0.0203000882612533,0.122994652406417,0.0348484848484849,0.0177332305319969,NaN,0,0.877005347593583,0.1420932
urban_events,22,Event retention = 25%,Sparsity,retention,0.25,3,2964,96,4,0.0118143459915612,0.0897435897435897,0.0208799403430276,0.0105501130369254,1,0,0.91025641025641,0.15123
urban_events,22,Event retention = 25%,Sparsity,retention,0.25,4,2964,94,3,0.0236427320490368,0.129186602870813,0.0399703923019985,0.020392749244713,1,0,0.870813397129187,0.1814042
urban_events,22,Event retention = 25%,Sparsity,retention,0.25,5,2964,97,2,0.0034965034965035,0.222222222222222,0.00688468158347676,0.00345423143350604,NaN,0,0.777777777777778,0.1939805
urban_events,22,Event retention = 50%,Sparsity,retention,0.5,1,5928,103,14,0.0997431506849315,0.301423027166882,0.149887423608877,0.0810152990264256,1,0.236051502145923,0.698576972833118,0.4366233
urban_events,22,Event retention = 50%,Sparsity,retention,0.5,2,5928,99,19,0.17257785467128,0.401812688821752,0.241452344931921,0.137302133516862,1,0.338345864661654,0.598187311178248,0.4282683
urban_events,22,Event retention = 50%,Sparsity,retention,0.5,3,5928,102,15,0.139322916666667,0.379881656804734,0.203874245792315,0.113507779349364,1,0.40809968847352,0.620118343195266,0.3688444
urban_events,22,Event retention = 50%,Sparsity,retention,0.5,4,5928,101,12,0.103302286198137,0.283720930232558,0.151458721291124,0.0819341840161182,1,0.504098360655738,0.716279069767442,0.3541812
urban_events,22,Event retention = 50%,Sparsity,retention,0.5,5,5928,102,15,0.0486941124391324,0.156695156695157,0.0742992232353935,0.0385829533497019,1,0.0181818181818182,0.843304843304843,0.3985534
urban_events,22,Event retention = 75%,Sparsity,retention,0.75,1,8892,104,31,0.189173625107976,0.339009287925697,0.242838661984846,0.138199411022297,NaN,0.453576864535769,0.660990712074303,0.6557602
urban_events,22,Event retention = 75%,Sparsity,retention,0.75,2,8892,104,28,0.19336051252184,0.343152454780362,0.247345874464519,0.141126461211477,1.33333333333333,0.295180722891566,0.656847545219638,0.6501768
urban_events,22,Event retention = 75%,Sparsity,retention,0.75,3,8892,104,31,0.169756662804171,0.335048599199543,0.225341280522976,0.126977248104009,1,0.343003412969283,0.664951400800457,0.6910521
urban_events,22,Event retention = 75%,Sparsity,retention,0.75,4,8892,104,31,0.213569997137131,0.37753036437247,0.272810385810934,0.15795045521914,1,0.373994638069705,0.62246963562753,0.6188333
urban_events,22,Event retention = 75%,Sparsity,retention,0.75,5,8892,104,36,0.214265004349087,0.330944917151814,0.260119676170363,0.149504349585272,1,0.380243572395129,0.669055082848186,0.6049606
urban_events,22,Added events = 5%,AddedEvents,added-event ratio,0.05,1,12449,106,42,0.588987643615868,0.369408565601632,0.454044117647059,0.293697978596908,2,0.799043062200957,0.630591434398369,1.6836118
urban_events,22,Added events = 5%,AddedEvents,added-event ratio,0.05,2,12449,106,40,0.587686971601994,0.375953404520871,0.458558863328823,0.297487106331614,NaN,0.749170047952785,0.624046595479129,1.3920726
urban_events,22,Added events = 5%,AddedEvents,added-event ratio,0.05,3,12449,106,53,0.266420984175157,0.36115192477226,0.306636726546906,0.181081479298659,1,0.308380797396257,0.63884807522774,1.0831616
urban_events,22,Added events = 5%,AddedEvents,added-event ratio,0.05,4,12449,106,53,0.315846520702363,0.381214024071167,0.345465323058684,0.208799082831757,1,0.373369938229238,0.618785975928833,0.9577502
urban_events,22,Added events = 5%,AddedEvents,added-event ratio,0.05,5,12449,106,44,0.601777585085628,0.373469662316696,0.460899883778848,0.299460625674218,1,0.657060518731988,0.626530337683304,1.3642663
urban_events,22,Added events = 10%,AddedEvents,added-event ratio,0.1,1,13042,106,53,0.34381096900065,0.363178383329517,0.353229398663697,0.21449824181769,1,0.399117276166457,0.636821616670483,1.0783288
urban_events,22,Added events = 10%,AddedEvents,added-event ratio,0.1,2,13042,106,57,0.355950574463473,0.406435643564356,0.379521553218537,0.234203394665526,1,0.30694275274056,0.593564356435644,0.959723
urban_events,22,Added events = 10%,AddedEvents,added-event ratio,0.1,3,13042,106,53,0.577498374159983,0.399340428721331,0.472172988302021,0.309048723897912,NaN,0.718843843843844,0.600659571278669,1.2252285
urban_events,22,Added events = 10%,AddedEvents,added-event ratio,0.1,4,13042,106,56,0.350097550401041,0.34303313508921,0.346529342345242,0.209576953023618,1,0.421052631578947,0.65696686491079,1.0106921
urban_events,22,Added events = 10%,AddedEvents,added-event ratio,0.1,5,13042,106,55,0.342293518317798,0.358863636363636,0.35038278042827,0.21240247511434,1,0.331222292590247,0.641136363636364,1.0995506
urban_events,22,Added events = 20%,AddedEvents,added-event ratio,0.2,1,14227,106,51,0.52742250162584,0.360071037442652,0.427968337730871,0.272239006377979,1.33333333333333,0.545828195643239,0.639928962557348,1.2246038
urban_events,22,Added events = 20%,AddedEvents,added-event ratio,0.2,2,14227,106,59,0.671797095165836,0.355267683136536,0.464757048590282,0.302725407834326,1,0.665375927718619,0.644732316863464,1.4548713
urban_events,22,Added events = 20%,AddedEvents,added-event ratio,0.2,3,14227,106,64,0.384131801430739,0.355110220440882,0.369051338123503,0.226280168560848,1,0.438487584650113,0.644889779559118,1.2303019
urban_events,22,Added events = 20%,AddedEvents,added-event ratio,0.2,4,14227,106,65,0.474528506394971,0.388809946714032,0.427413843600508,0.27179041470077,1.25,0.354499771585199,0.611190053285968,1.1518068
urban_events,22,Added events = 20%,AddedEvents,added-event ratio,0.2,5,14227,106,39,0.62020377194884,0.349115314215985,0.446752029981262,0.287624409369659,1,0.859489688919958,0.650884685784015,1.8432877
urban_events,22,Added events = 30%,AddedEvents,added-event ratio,0.3,1,15413,106,70,0.559505744634728,0.376458576429405,0.450082831981864,0.290391539153915,1,0.42386671832623,0.623541423570595,1.3068141
urban_events,22,Added events = 30%,AddedEvents,added-event ratio,0.3,2,15413,106,68,0.516583568176891,0.359372643643493,0.42387050871576,0.268931271865478,1,0.459924464960134,0.640627356356507,1.4985473
urban_events,22,Added events = 30%,AddedEvents,added-event ratio,0.3,3,15413,106,70,0.598309126381964,0.390492359932088,0.472562280626659,0.30938235623809,1,0.502173913043478,0.609507640067912,1.2459527
urban_events,22,Added events = 30%,AddedEvents,added-event ratio,0.3,4,15413,106,73,0.60546282245827,0.361881316403213,0.453004622496148,0.292828685258964,1,0.596849266022198,0.638118683596787,1.4310597
urban_events,22,Added events = 30%,AddedEvents,added-event ratio,0.3,5,15413,106,64,0.593323216995448,0.3782999308915,0.462018906144497,0.300406102513445,1,0.447570332480818,0.6217000691085,1.4835881
urban_events,22,Full LLGD runtime,Runtime,-,NaN,1,11856,106,38,0.283546499024496,0.374356038923869,0.322684100160355,0.192381232534196,1,0.370795107033639,0.625643961076131,1.078772
urban_events,22,Full LLGD runtime,Runtime,-,NaN,2,11856,106,37,0.262735746802515,0.367050272562084,0.306253948199621,0.180814560644488,1,0.388613861386139,0.632949727437916,0.9264502
urban_events,22,Full LLGD runtime,Runtime,-,NaN,3,11856,106,36,0.262735746802515,0.36682808716707,0.306176582038651,0.18076062639821,1,0.388613861386139,0.63317191283293,0.9102709
urban_events,23,Full LLGD,Full,-,NaN,1,6191,90,30,0.089622641509434,0.171945701357466,0.117829457364341,0.0626029654036244,1,0.184210526315789,0.828054298642534,0.4246446
urban_events,23,w/o weighted support,Ablation,UseWeights,0,1,6191,90,180,0.895047169811321,0.46018593371059,0.60784837159637,0.436625119846596,1.85714285714286,0.272288098375055,0.53981406628941,0.6967974
urban_events,23,w/o local verification,Ablation,UseVerification,0,1,6191,90,39,0.232311320754717,0.295647823911956,0.260180497468633,0.149544534412955,1,0.231810490693739,0.704352176088044,0.3861465
urban_events,23,w/o global expansion,Ablation,UseGlobalExpansion,0,1,6191,90,48,0.0220125786163522,0.0870917573872473,0.0351427674929401,0.0178856595336953,1,0.0357142857142857,0.912908242612753,0.4549044
urban_events,23,unit estimation weights,Ablation,UseWeights,0,1,6191,90,31,0.128930817610063,0.239416058394161,0.167603474706183,0.0914668153931958,1,0.292682926829268,0.760583941605839,0.426503
urban_events,23,unit support tests,Ablation,UseMultiplicitySupport,0,1,6191,90,202,0.888364779874214,0.459162941893539,0.605411197428342,0.434114483288513,1.7,0.223008849557522,0.540837058106461,0.5975468
urban_events,23,MAD = 3,Sensitivity,MAD,3,1,6191,90,29,0.0841194968553459,0.17968094038623,0.114591700133869,0.0607781880147685,1,0.182242990654206,0.82031905961377,0.5376312
urban_events,23,MAD = 3.5,Sensitivity,MAD,3.5,1,6191,90,30,0.089622641509434,0.171945701357466,0.117829457364341,0.0626029654036244,1,0.184210526315789,0.828054298642534,0.6429631
urban_events,23,MAD = 4,Sensitivity,MAD,4,1,6191,90,30,0.0919811320754717,0.176204819277108,0.120867768595041,0.0643210555250137,1,0.192307692307692,0.823795180722892,0.6740793
urban_events,23,p_in = 0.7,Sensitivity,p_in,0.7,1,6191,90,29,0.089622641509434,0.172465960665658,0.117951370926022,0.062671797691039,1,0.184210526315789,0.827534039334342,0.6520796
urban_events,23,p_in = 0.8,Sensitivity,p_in,0.8,1,6191,90,30,0.089622641509434,0.171945701357466,0.117829457364341,0.0626029654036244,1,0.184210526315789,0.828054298642534,0.5853697
urban_events,23,p_in = 0.9,Sensitivity,p_in,0.9,1,6191,90,28,0.0892295597484277,0.189482470784641,0.121325494388028,0.0645803698435277,1,0.185022026431718,0.810517529215359,0.6259387
urban_events,23,p_w = 0.7,Sensitivity,p_w,0.7,1,6191,90,30,0.089622641509434,0.171945701357466,0.117829457364341,0.0626029654036244,1,0.184210526315789,0.828054298642534,0.5820738
urban_events,23,p_w = 0.8,Sensitivity,p_w,0.8,1,6191,90,30,0.089622641509434,0.171945701357466,0.117829457364341,0.0626029654036244,1,0.184210526315789,0.828054298642534,0.4863754
urban_events,23,p_w = 0.9,Sensitivity,p_w,0.9,1,6191,90,30,0.089622641509434,0.171945701357466,0.117829457364341,0.0626029654036244,1,0.184210526315789,0.828054298642534,0.4079567
urban_events,23,overlap = 0.7,Sensitivity,overlap,0.7,1,6191,90,30,0.089622641509434,0.171945701357466,0.117829457364341,0.0626029654036244,1,0.184210526315789,0.828054298642534,0.3908824
urban_events,23,overlap = 0.8,Sensitivity,overlap,0.8,1,6191,90,30,0.089622641509434,0.171945701357466,0.117829457364341,0.0626029654036244,1,0.184210526315789,0.828054298642534,0.4204273
urban_events,23,overlap = 0.9,Sensitivity,overlap,0.9,1,6191,90,30,0.089622641509434,0.171945701357466,0.117829457364341,0.0626029654036244,1,0.184210526315789,0.828054298642534,0.4141611
urban_events,23,eps_s = 0.015,Sensitivity,eps_s,0.015,1,6191,90,28,0.0687893081761006,0.164319248826291,0.0969797727902466,0.0509609784507863,1,0,0.835680751173709,0.3714794
urban_events,23,eps_s = 0.02,Sensitivity,eps_s,0.02,1,6191,90,30,0.089622641509434,0.171945701357466,0.117829457364341,0.0626029654036244,1,0.184210526315789,0.828054298642534,0.389615
urban_events,23,eps_s = 0.025,Sensitivity,eps_s,0.025,1,6191,90,33,0.186713836477987,0.287009063444109,0.226244343891403,0.127551020408163,1,0.526315789473684,0.712990936555891,0.448839
urban_events,23,eps_t = 0.005,Sensitivity,eps_t,0.005,1,6191,90,13,0.448506289308176,0.358805031446541,0.398672257162823,0.248963560986254,NaN,0.889570552147239,0.641194968553459,0.5442529
urban_events,23,eps_t = 0.01,Sensitivity,eps_t,0.01,1,6191,90,26,0.0507075471698113,0.119777158774373,0.0712510356255178,0.0369415807560137,NaN,0.263565891472868,0.880222841225627,0.376607
urban_events,23,eps_t = 0.015,Sensitivity,eps_t,0.015,1,6191,90,27,0.0699685534591195,0.159070598748883,0.0971880971880972,0.0510760401721664,1,0.112359550561798,0.840929401251117,0.4413904
urban_events,23,eps_t = 0.02,Sensitivity,eps_t,0.02,1,6191,90,30,0.089622641509434,0.171945701357466,0.117829457364341,0.0626029654036244,1,0.184210526315789,0.828054298642534,0.4042907
urban_events,23,eps_t = 0.025,Sensitivity,eps_t,0.025,1,6191,90,30,0.089622641509434,0.171945701357466,0.117829457364341,0.0626029654036244,1,0.184210526315789,0.828054298642534,0.3964544
urban_events,23,Event retention = 25%,Sparsity,retention,0.25,1,1548,75,2,0,0,0,0,NaN,NaN,1,0.0648801
urban_events,23,Event retention = 25%,Sparsity,retention,0.25,2,1548,80,2,0,0,0,0,NaN,NaN,1,0.0590517
urban_events,23,Event retention = 25%,Sparsity,retention,0.25,3,1548,77,2,0.0015600624024961,0.0105263157894737,0.00271739130434783,0.00136054421768707,NaN,0,0.989473684210526,0.0618827
urban_events,23,Event retention = 25%,Sparsity,retention,0.25,4,1548,75,1,0,0,0,0,NaN,NaN,1,0.0729432
urban_events,23,Event retention = 25%,Sparsity,retention,0.25,5,1548,72,1,0,0,0,0,NaN,NaN,1,0.051989
urban_events,23,Event retention = 50%,Sparsity,retention,0.5,1,3096,85,10,0.0440251572327044,0.195121951219512,0.0718409236690186,0.0372588157019295,1,0.0178571428571429,0.804878048780488,0.1914934
urban_events,23,Event retention = 50%,Sparsity,retention,0.5,2,3096,83,9,0.001573564122738,0.00727272727272727,0.00258732212160414,0.00129533678756477,NaN,0,0.992727272727273,0.1699899
urban_events,23,Event retention = 50%,Sparsity,retention,0.5,3,3096,87,12,0.0274858528698464,0.0971428571428571,0.0428481411468179,0.0218931101094656,1,0.117647058823529,0.902857142857143,0.153043
urban_events,23,Event retention = 50%,Sparsity,retention,0.5,4,3096,87,10,0.0491551459293395,0.309178743961353,0.0848243870112657,0.0442906574394464,NaN,0.609375,0.690821256038647,0.1993409
urban_events,23,Event retention = 50%,Sparsity,retention,0.5,5,3096,85,11,0.00950118764845606,0.0433212996389892,0.0155844155844156,0.00785340314136126,NaN,0.0833333333333334,0.956678700361011,0.1640801
urban_events,23,Event retention = 75%,Sparsity,retention,0.75,1,4643,89,18,0.03486529318542,0.108552631578947,0.0527788884446222,0.0271047227926078,NaN,0.590909090909091,0.891447368421053,0.256903
urban_events,23,Event retention = 75%,Sparsity,retention,0.75,2,4643,84,18,0.041994750656168,0.121765601217656,0.0624512099921936,0.032232070910556,1,0.075,0.878234398782344,0.2731455
urban_events,23,Event retention = 75%,Sparsity,retention,0.75,3,4643,89,18,0.0452182952182952,0.131818181818182,0.0673374613003096,0.0348418101722066,1,0.0229885057471264,0.868181818181818,0.2744419
urban_events,23,Event retention = 75%,Sparsity,retention,0.75,4,4643,90,18,0.0421274354923644,0.122699386503067,0.0627205017640141,0.0323755564548766,1,0,0.877300613496933,0.2663937
urban_events,23,Event retention = 75%,Sparsity,retention,0.75,5,4643,89,19,0.0774463631606489,0.200542005420054,0.111740279350698,0.0591763294682127,1,0.101351351351351,0.799457994579946,0.3089916
urban_events,23,Added events = 5%,AddedEvents,added-event ratio,0.05,1,6501,90,36,0.124213836477987,0.204134366925065,0.1544477028348,0.0836864406779661,1,0.177215189873418,0.795865633074935,0.4228299
urban_events,23,Added events = 5%,AddedEvents,added-event ratio,0.05,2,6501,90,33,0.089622641509434,0.144212523719165,0.110545454545455,0.0585065434949961,1,0.184210526315789,0.855787476280835,0.4233309
urban_events,23,Added events = 5%,AddedEvents,added-event ratio,0.05,3,6501,90,33,0.0860849056603774,0.1825,0.116987179487179,0.0621276595744681,1,0.19634703196347,0.8175,0.4320795
urban_events,23,Added events = 5%,AddedEvents,added-event ratio,0.05,4,6501,90,34,0.0864779874213836,0.167300380228137,0.114019175952319,0.060456169277274,1,0.168181818181818,0.832699619771863,0.4629979
urban_events,23,Added events = 5%,AddedEvents,added-event ratio,0.05,5,6501,90,31,0.0868710691823899,0.163825055596738,0.11353711790393,0.0601851851851852,1,0.18552036199095,0.836174944403262,0.4439096
urban_events,23,Added events = 10%,AddedEvents,added-event ratio,0.1,1,6810,90,38,0.145833333333333,0.248492967180174,0.183799851374783,0.101200218221495,1,0.185983827493261,0.751507032819826,0.4704369
urban_events,23,Added events = 10%,AddedEvents,added-event ratio,0.1,2,6810,90,36,0.112814465408805,0.198615916955017,0.143895713211331,0.07752566180443,1,0.18815331010453,0.801384083044983,0.4696151
urban_events,23,Added events = 10%,AddedEvents,added-event ratio,0.1,3,6810,90,39,0.114779874213836,0.182386008744535,0.140892641737033,0.0757851025175188,1,0.14041095890411,0.817613991255465,0.4480085
urban_events,23,Added events = 10%,AddedEvents,added-event ratio,0.1,4,6810,90,40,0.166666666666667,0.225053078556263,0.191508581752484,0.105894105894106,1,0.141509433962264,0.774946921443737,0.4665355
urban_events,23,Added events = 10%,AddedEvents,added-event ratio,0.1,5,6810,90,37,0.0974842767295598,0.187028657616893,0.128165374677003,0.0684704583103258,1,0.129032258064516,0.812971342383107,0.4552083
urban_events,23,Added events = 20%,AddedEvents,added-event ratio,0.2,1,7429,90,51,0.340801886792453,0.326923076923077,0.333718244803695,0.2002772002772,1,0.599769319492503,0.673076923076923,0.5027003
urban_events,23,Added events = 20%,AddedEvents,added-event ratio,0.2,2,7429,90,45,0.152908805031447,0.205493924986793,0.17534370069867,0.096096837944664,1,0.282776349614396,0.794506075013207,0.6863407
urban_events,23,Added events = 20%,AddedEvents,added-event ratio,0.2,3,7429,90,41,0.161556603773585,0.237435008665511,0.192280701754386,0.106366459627329,1,0.343065693430657,0.762564991334489,0.6717793
urban_events,23,Added events = 20%,AddedEvents,added-event ratio,0.2,4,7429,90,40,0.0970911949685535,0.169526424159231,0.123469132716821,0.065796483750666,1,0.230769230769231,0.830473575840769,0.5353287
urban_events,23,Added events = 20%,AddedEvents,added-event ratio,0.2,5,7429,90,50,0.268867924528302,0.31247144814984,0.289034439045003,0.168930600148185,1,0.252923976608187,0.68752855185016,0.5657187
urban_events,23,Added events = 30%,AddedEvents,added-event ratio,0.3,1,8048,90,46,0.178852201257862,0.209677419354839,0.193042002545609,0.106832589809815,1,0.263736263736264,0.790322580645161,0.6240133
urban_events,23,Added events = 30%,AddedEvents,added-event ratio,0.3,2,8048,90,48,0.212657232704403,0.242818671454219,0.226739312657167,0.127865752777121,1,0.153419593345656,0.757181328545781,0.7130649
urban_events,23,Added events = 30%,AddedEvents,added-event ratio,0.3,3,8048,90,51,0.17059748427673,0.202425373134328,0.185153583617747,0.102021626704278,1,0.267281105990783,0.797574626865672,0.6137651
urban_events,23,Added events = 30%,AddedEvents,added-event ratio,0.3,4,8048,90,54,0.182389937106918,0.217840375586854,0.19854514334617,0.11021377672209,1,0.234913793103448,0.782159624413146,0.5369793
urban_events,23,Added events = 30%,AddedEvents,added-event ratio,0.3,5,8048,90,53,0.316037735849057,0.315417810906238,0.315727469075201,0.187456283515971,1,0.393034825870647,0.684582189093762,0.5525182
urban_events,23,Full LLGD runtime,Runtime,-,NaN,1,6191,90,30,0.089622641509434,0.171945701357466,0.117829457364341,0.0626029654036244,1,0.184210526315789,0.828054298642534,0.412088
urban_events,23,Full LLGD runtime,Runtime,-,NaN,2,6191,90,30,0.089622641509434,0.172205438066465,0.11789038262668,0.0626373626373626,1,0.184210526315789,0.827794561933535,0.4157822
urban_events,23,Full LLGD runtime,Runtime,-,NaN,3,6191,90,30,0.089622641509434,0.171945701357466,0.117829457364341,0.0626029654036244,1,0.184210526315789,0.828054298642534,0.3755403
urban_events,24,Full LLGD,Full,-,NaN,1,19204,92,34,0.780952380952381,0.320270091354429,0.45425097413267,0.293871104901901,1,0.801570897064903,0.679729908645571,3.071323
urban_events,24,w/o weighted support,Ablation,UseWeights,0,1,19204,92,211,0.963680387409201,0.332516430878913,0.494430411197151,0.328400902139832,1.73076923076923,0.685594639865997,0.667483569121087,2.8938397
urban_events,24,w/o local verification,Ablation,UseVerification,0,1,19204,92,25,0.766747376916868,0.314548705383749,0.446093163035312,0.287078447963254,1,0.814526315789474,0.685451294616251,3.5144352
urban_events,24,w/o global expansion,Ablation,UseGlobalExpansion,0,1,19204,92,308,0.260532687651332,0.223391003460208,0.24053651266766,0.136710147382687,2.85,0.0898389095415117,0.776608996539792,1.5829342
urban_events,24,unit estimation weights,Ablation,UseWeights,0,1,19204,92,17,0.704600484261501,0.304861014108116,0.425583776141959,0.270312112955165,1,0.841695303550974,0.695138985891884,3.0887637
urban_events,24,unit support tests,Ablation,UseMultiplicitySupport,0,1,19204,92,115,0.969652945924132,0.32947564721369,0.491832807958407,0.326112920738328,1.41176470588235,0.771766272681871,0.67052435278631,2.7422833
urban_events,24,MAD = 3,Sensitivity,MAD,3,1,19204,92,21,0.83680387409201,0.337697869845613,0.481203007518797,0.316831683168317,1,0.847029320987654,0.662302130154387,4.1074112
urban_events,24,MAD = 3.5,Sensitivity,MAD,3.5,1,19204,92,34,0.780952380952381,0.320270091354429,0.45425097413267,0.293871104901901,1,0.801570897064903,0.679729908645571,3.0653726
urban_events,24,MAD = 4,Sensitivity,MAD,4,1,19204,92,55,0.706053268765133,0.311827190418479,0.432598160419345,0.275996971226653,1,0.582075903063557,0.688172809581521,2.2012818
urban_events,24,p_in = 0.7,Sensitivity,p_in,0.7,1,19204,92,38,0.798385794995965,0.32305682560418,0.459986049755871,0.298689534392173,1,0.805701577031945,0.67694317439582,3.0155451
urban_events,24,p_in = 0.8,Sensitivity,p_in,0.8,1,19204,92,34,0.780952380952381,0.320270091354429,0.45425097413267,0.293871104901901,1,0.801570897064903,0.679729908645571,2.9779565
urban_events,24,p_in = 0.9,Sensitivity,p_in,0.9,1,19204,92,19,0.838579499596449,0.328029298478247,0.471586782861293,0.308546653204253,1,0.860250240615977,0.671970701521753,4.2412986
urban_events,24,p_w = 0.7,Sensitivity,p_w,0.7,1,19204,92,34,0.780952380952381,0.320270091354429,0.45425097413267,0.293871104901901,1,0.801570897064903,0.679729908645571,2.9251775
urban_events,24,p_w = 0.8,Sensitivity,p_w,0.8,1,19204,92,34,0.780952380952381,0.320270091354429,0.45425097413267,0.293871104901901,1,0.801570897064903,0.679729908645571,2.9131972
urban_events,24,p_w = 0.9,Sensitivity,p_w,0.9,1,19204,92,34,0.770621468926554,0.317631403858949,0.449846878680801,0.290195124916418,1,0.798910766652702,0.682368596141051,2.8726612
urban_events,24,overlap = 0.7,Sensitivity,overlap,0.7,1,19204,92,34,0.780952380952381,0.320270091354429,0.45425097413267,0.293871104901901,1,0.801570897064903,0.679729908645571,3.0127414
urban_events,24,overlap = 0.8,Sensitivity,overlap,0.8,1,19204,92,34,0.780952380952381,0.320270091354429,0.45425097413267,0.293871104901901,1,0.801570897064903,0.679729908645571,2.8994532
urban_events,24,overlap = 0.9,Sensitivity,overlap,0.9,1,19204,92,33,0.777401129943503,0.319808752241185,0.453185282770302,0.292979681226427,1,0.804817275747508,0.680191247758815,2.9306198
urban_events,24,eps_s = 0.015,Sensitivity,eps_s,0.015,1,19204,92,119,0.625343018563358,0.333333333333333,0.434865577818937,0.277845513877932,1.26666666666667,0.422044398554466,0.666666666666667,1.6005949
urban_events,24,eps_s = 0.02,Sensitivity,eps_s,0.02,1,19204,92,34,0.780952380952381,0.320270091354429,0.45425097413267,0.293871104901901,1,0.801570897064903,0.679729908645571,2.9548788
urban_events,24,eps_s = 0.025,Sensitivity,eps_s,0.025,1,19204,92,5,0.94592413236481,0.3296394217247,0.488903721007843,0.323542402826855,1,0.901877133105802,0.670360578275299,4.1928401
urban_events,24,eps_t = 0.005,Sensitivity,eps_t,0.005,1,19204,92,11,0.977885391444713,0.33706114727647,0.501324064879179,0.334511319712866,NaN,0.942720369758996,0.66293885272353,5.8831183
urban_events,24,eps_t = 0.01,Sensitivity,eps_t,0.01,1,19204,92,25,0.870217917675545,0.343507072766662,0.492576179816346,0.32676688083404,1,0.892413281394917,0.656492927233338,2.9991756
urban_events,24,eps_t = 0.015,Sensitivity,eps_t,0.015,1,19204,92,15,0.962066182405166,0.343061071778046,0.505770536320434,0.338482507950931,NaN,0.938087248322148,0.656938928221954,4.9519955
urban_events,24,eps_t = 0.02,Sensitivity,eps_t,0.02,1,19204,92,34,0.780952380952381,0.320270091354429,0.45425097413267,0.293871104901901,1,0.801570897064903,0.679729908645571,2.9105335
urban_events,24,eps_t = 0.025,Sensitivity,eps_t,0.025,1,19204,92,34,0.780952380952381,0.320270091354429,0.45425097413267,0.293871104901901,1,0.801570897064903,0.679729908645571,2.9397409
urban_events,24,Event retention = 25%,Sparsity,retention,0.25,1,4801,85,8,0.0346205059920107,0.107438016528926,0.0523665659617321,0.0268872802481903,1.5,0.0961538461538461,0.892561983471074,0.2697806
urban_events,24,Event retention = 25%,Sparsity,retention,0.25,2,4801,88,11,0.0752688172043011,0.173469387755102,0.104984561093957,0.0554003724394786,1,0.126050420168067,0.826530612244898,0.299322
urban_events,24,Event retention = 25%,Sparsity,retention,0.25,3,4801,88,5,0.0119346733668342,0.0451306413301663,0.0188772975658222,0.00952858575727182,NaN,0,0.954869358669834,0.3191038
urban_events,24,Event retention = 25%,Sparsity,retention,0.25,4,4801,89,12,0.0522959183673469,0.133768352365416,0.0751948647409445,0.0390662220104812,1,0.0609756097560976,0.866231647634584,0.2872843
urban_events,24,Event retention = 25%,Sparsity,retention,0.25,5,4801,90,7,0.0507712082262211,0.152804642166344,0.0762180414857694,0.0396188565697091,1,0.126582278481013,0.847195357833656,0.2867129
urban_events,24,Event retention = 50%,Sparsity,retention,0.5,1,9602,92,21,0.25599481529488,0.213110331804694,0.232592374503165,0.13160086623355,1,0.605063291139241,0.786889668195306,0.9764605
urban_events,24,Event retention = 50%,Sparsity,retention,0.5,2,9602,91,41,0.244996772111039,0.259309873590707,0.25195020746888,0.14413216862894,1,0.413702239789196,0.740690126409293,0.9931397
urban_events,24,Event retention = 50%,Sparsity,retention,0.5,3,9602,90,34,0.143527204502814,0.194491525423729,0.165167326376394,0.0900176505197098,1,0.196078431372549,0.805508474576271,0.776488
urban_events,24,Event retention = 50%,Sparsity,retention,0.5,4,9602,91,34,0.189389067524116,0.213174086138256,0.200578920483569,0.111468584405753,1,0.256366723259762,0.786825913861744,0.7930647
urban_events,24,Event retention = 50%,Sparsity,retention,0.5,5,9602,92,19,0.262057877813505,0.27997251803504,0.270719149642916,0.156550134460238,1,0.385276073619632,0.72002748196496,0.7585339
urban_events,24,Event retention = 75%,Sparsity,retention,0.75,1,14403,91,56,0.532168726033234,0.321741370427615,0.401027452239525,0.250803212851406,1.1,0.461569255404323,0.678258629572385,1.2714817
urban_events,24,Event retention = 75%,Sparsity,retention,0.75,2,14403,92,41,0.390397566804258,0.266775534441805,0.316959167475086,0.188325298679522,1.28571428571429,0.570951585976628,0.733224465558195,1.4137431
urban_events,24,Event retention = 75%,Sparsity,retention,0.75,3,14403,90,39,0.502343417128249,0.296715741789354,0.373071750652638,0.229310512496353,1.2,0.497031382527566,0.703284258210646,1.2934434
urban_events,24,Event retention = 75%,Sparsity,retention,0.75,4,14403,92,49,0.443821436273453,0.306432400238237,0.362547344314278,0.221409359870898,1,0.427113702623907,0.693567599761763,1.2928604
urban_events,24,Event retention = 75%,Sparsity,retention,0.75,5,14403,91,65,0.437048064653339,0.304986642920748,0.359265734265734,0.218966435801811,1.15384615384615,0.28029197080292,0.695013357079252,1.1981133
urban_events,24,Added events = 5%,AddedEvents,added-event ratio,0.05,1,20164,92,29,0.862469733656174,0.325138440942007,0.472246773908432,0.30911194677466,1,0.841100505334082,0.674861559057993,4.2072622
urban_events,24,Added events = 5%,AddedEvents,added-event ratio,0.05,2,20164,92,72,0.649717514124294,0.311243427157439,0.42087102002405,0.266520990597272,1.18181818181818,0.435031055900621,0.688756572842561,1.8607547
urban_events,24,Added events = 5%,AddedEvents,added-event ratio,0.05,3,20164,92,43,0.900080710250202,0.322442606835136,0.474795640326976,0.311299687360429,1,0.737984218077475,0.677557393164864,2.343667
urban_events,24,Added events = 5%,AddedEvents,added-event ratio,0.05,4,20164,92,41,0.787570621468927,0.318763883444401,0.453839356309009,0.293526651425821,1,0.739905718384915,0.681236116555599,2.5181682
urban_events,24,Added events = 5%,AddedEvents,added-event ratio,0.05,5,20164,92,56,0.764326069410815,0.314033691471017,0.445165232924364,0.286310315636715,1,0.632734952481521,0.685966308528983,2.6702613
urban_events,24,Added events = 10%,AddedEvents,added-event ratio,0.1,1,21124,92,56,0.748022598870057,0.313108108108108,0.441438437723267,0.283234521117291,1.28571428571429,0.643288735433751,0.686891891891892,2.5965161
urban_events,24,Added events = 10%,AddedEvents,added-event ratio,0.1,2,21124,92,22,0.780790960451977,0.293275935245256,0.426392806770099,0.270965212032939,1,0.821376886499897,0.706724064754744,3.4732031
urban_events,24,Added events = 10%,AddedEvents,added-event ratio,0.1,3,21124,92,22,0.922356739305892,0.301976535249974,0.454990643787077,0.294490542699583,1,0.836016800840042,0.698023464750026,4.3143719
urban_events,24,Added events = 10%,AddedEvents,added-event ratio,0.1,4,21124,92,41,0.854237288135593,0.305313563722379,0.449846990819449,0.290195218249616,1,0.813869992441421,0.694686436277621,3.7452887
urban_events,24,Added events = 10%,AddedEvents,added-event ratio,0.1,5,21124,92,23,0.795641646489104,0.308081755109694,0.444174101108408,0.285490877497828,NaN,0.84357881923311,0.691918244890306,3.9271845
urban_events,24,Added events = 20%,AddedEvents,added-event ratio,0.2,1,23045,92,64,0.7409200968523,0.296780033622139,0.423803148515766,0.268877042938316,1,0.620697167755991,0.703219966377861,2.8721215
urban_events,24,Added events = 20%,AddedEvents,added-event ratio,0.2,2,23045,92,19,0.872800645682002,0.279114185422259,0.422967106035123,0.268204365079365,1,0.82707601257629,0.720885814577741,4.7107793
urban_events,24,Added events = 20%,AddedEvents,added-event ratio,0.2,3,23045,92,28,0.871186440677966,0.278238902923132,0.421772428884026,0.267244367417678,1,0.822864554382064,0.721761097076868,4.132677
urban_events,24,Added events = 20%,AddedEvents,added-event ratio,0.2,4,23045,92,15,0.98046811945117,0.28154259757115,0.437466239331629,0.279972343858032,1,0.889364504445176,0.71845740242885,5.7208796
urban_events,24,Added events = 20%,AddedEvents,added-event ratio,0.2,5,23045,92,18,0.900080710250202,0.283520618294605,0.431211816564844,0.27486936803707,NaN,0.8493543758967,0.716479381705395,4.5241166
urban_events,24,Added events = 30%,AddedEvents,added-event ratio,0.3,1,24965,92,15,0.921549636803874,0.257173746565161,0.402127209973938,0.251664095217104,1,0.891049220528989,0.742826253434839,6.9873645
urban_events,24,Added events = 30%,AddedEvents,added-event ratio,0.3,2,24965,92,19,0.978853914447135,0.259689092544217,0.410478575780139,0.258240354313943,1,0.857684696569921,0.740310907455783,6.1860907
urban_events,24,Added events = 30%,AddedEvents,added-event ratio,0.3,3,24965,92,6,0.976271186440678,0.254813566463029,0.404143000334113,0.253245121849091,1,0.907572751322751,0.745186433536971,7.8737624
urban_events,24,Added events = 30%,AddedEvents,added-event ratio,0.3,4,24965,92,19,0.824213075060533,0.254017213073976,0.388348037724369,0.240962718263332,1,0.821974148061105,0.745982786926024,4.6796588
urban_events,24,Added events = 30%,AddedEvents,added-event ratio,0.3,5,24965,92,8,0.94592413236481,0.25513758272379,0.401879093371738,0.251469767841051,NaN,0.916894197952218,0.74486241727621,6.5451096
urban_events,24,Full LLGD runtime,Runtime,-,NaN,1,19204,92,34,0.780952380952381,0.320270091354429,0.45425097413267,0.293871104901901,1,0.801570897064903,0.679729908645571,2.9022292
urban_events,24,Full LLGD runtime,Runtime,-,NaN,2,19204,92,63,0.58046811945117,0.307245386192755,0.401810156992011,0.251415786897854,1.22222222222222,0.49944382647386,0.692754613807245,1.8134164
urban_events,24,Full LLGD runtime,Runtime,-,NaN,3,19204,92,59,0.572074253430186,0.306653975945315,0.399278954484002,0.249436936936937,1,0.501975169300226,0.693346024054685,1.8480776
urban_events,25,Full LLGD,Full,-,NaN,1,8820,101,38,0.63643331630046,0.482939123691353,0.549162257495591,0.378513903662057,1,0.625050180650341,0.517060876308647,0.7615765
urban_events,25,w/o weighted support,Ablation,UseWeights,0,1,8820,101,228,0.920797138477261,0.472346002621232,0.624393624393624,0.453904282115869,1.84848484848485,0.323251942286348,0.527653997378768,0.8194213
urban_events,25,w/o local verification,Ablation,UseVerification,0,1,8820,101,52,0.52248339294839,0.482652820391787,0.501778922831554,0.334916475597773,1,0.506112469437653,0.517347179608213,0.7674925
urban_events,25,w/o global expansion,Ablation,UseGlobalExpansion,0,1,8820,101,72,0.100408788962698,0.298859315589354,0.150315547905909,0.0812655086848635,3,0.0661577608142494,0.701140684410646,0.6582145
urban_events,25,unit estimation weights,Ablation,UseWeights,0,1,8820,101,37,0.517629024016352,0.49246475449684,0.504733432984554,0.337554148617128,1,0.537018756169793,0.50753524550316,0.71828
urban_events,25,unit support tests,Ablation,UseMultiplicitySupport,0,1,8820,101,246,0.917220235053654,0.469035798275412,0.620677731673582,0.449987465530208,1.72413793103448,0.328690807799443,0.530964201724588,0.8644423
urban_events,25,MAD = 3,Sensitivity,MAD,3,1,8820,101,37,0.400102197240675,0.490447854682117,0.440692275221613,0.282620465619924,1,0.447637292464879,0.509552145317883,0.7013874
urban_events,25,MAD = 3.5,Sensitivity,MAD,3.5,1,8820,101,38,0.63643331630046,0.482939123691353,0.549162257495591,0.378513903662057,1,0.625050180650341,0.517060876308647,0.7718001
urban_events,25,MAD = 4,Sensitivity,MAD,4,1,8820,101,44,0.468318855390904,0.470603337612323,0.469458317326162,0.306726907630522,1,0.439716312056738,0.529396662387676,0.796063
urban_events,25,p_in = 0.7,Sensitivity,p_in,0.7,1,8820,101,50,0.481859989780276,0.451628352490421,0.466254635352287,0.303997421018698,1.2,0.53711558854719,0.548371647509579,1.1336972
urban_events,25,p_in = 0.8,Sensitivity,p_in,0.8,1,8820,101,38,0.63643331630046,0.482939123691353,0.549162257495591,0.378513903662057,1,0.625050180650341,0.517060876308647,1.0066205
urban_events,25,p_in = 0.9,Sensitivity,p_in,0.9,1,8820,101,36,0.33290751149719,0.450241879751209,0.382784958871915,0.23669391462307,1,0.268610897927859,0.549758120248791,1.7209146
urban_events,25,p_w = 0.7,Sensitivity,p_w,0.7,1,8820,101,45,0.493101686254471,0.471076397363925,0.481837473473973,0.317382009537905,1,0.510362694300518,0.528923602636075,1.1242701
urban_events,25,p_w = 0.8,Sensitivity,p_w,0.8,1,8820,101,38,0.63643331630046,0.482939123691353,0.549162257495591,0.378513903662057,1,0.625050180650341,0.517060876308647,1.510708
urban_events,25,p_w = 0.9,Sensitivity,p_w,0.9,1,8820,101,41,0.621870209504343,0.50824806849029,0.559347351487993,0.388259690540756,1,0.616269515201315,0.49175193150971,1.1873551
urban_events,25,overlap = 0.7,Sensitivity,overlap,0.7,1,8820,101,38,0.63643331630046,0.482939123691353,0.549162257495591,0.378513903662057,1,0.625050180650341,0.517060876308647,1.1064011
urban_events,25,overlap = 0.8,Sensitivity,overlap,0.8,1,8820,101,38,0.63643331630046,0.482939123691353,0.549162257495591,0.378513903662057,1,0.625050180650341,0.517060876308647,1.0625252
urban_events,25,overlap = 0.9,Sensitivity,overlap,0.9,1,8820,101,38,0.63643331630046,0.482939123691353,0.549162257495591,0.378513903662057,1,0.625050180650341,0.517060876308647,1.0256383
urban_events,25,eps_s = 0.015,Sensitivity,eps_s,0.015,1,8820,101,52,0.287429739397036,0.433192144782441,0.345569037014283,0.208874860750093,1.16666666666667,0.176888888888889,0.566807855217559,0.8744491
urban_events,25,eps_s = 0.02,Sensitivity,eps_s,0.02,1,8820,101,38,0.63643331630046,0.482939123691353,0.549162257495591,0.378513903662057,1,0.625050180650341,0.517060876308647,1.2059428
urban_events,25,eps_s = 0.025,Sensitivity,eps_s,0.025,1,8820,101,27,0.649207971384773,0.465384615384615,0.54213782803499,0.371871798624323,1,0.711530893349075,0.534615384615385,1.0768341
urban_events,25,eps_t = 0.005,Sensitivity,eps_t,0.005,1,8820,101,11,0.468574348492591,0.390545144804089,0.426016260162602,0.270661157024793,NaN,0.906761177753544,0.609454855195911,1.0285686
urban_events,25,eps_t = 0.01,Sensitivity,eps_t,0.01,1,8820,101,30,0.494379151762902,0.430669931003784,0.460330676816938,0.29898022249691,1,0.536434108527132,0.569330068996216,0.8226873
urban_events,25,eps_t = 0.015,Sensitivity,eps_t,0.015,1,8820,101,39,0.475728155339806,0.512242090784044,0.493310372234733,0.32741339898013,1,0.516111707841031,0.487757909215956,0.7505898
urban_events,25,eps_t = 0.02,Sensitivity,eps_t,0.02,1,8820,101,38,0.63643331630046,0.482939123691353,0.549162257495591,0.378513903662057,1,0.625050180650341,0.517060876308647,0.8171213
urban_events,25,eps_t = 0.025,Sensitivity,eps_t,0.025,1,8820,101,38,0.63643331630046,0.482939123691353,0.549162257495591,0.378513903662057,1,0.625050180650341,0.517060876308647,0.7696503
urban_events,25,Event retention = 25%,Sparsity,retention,0.25,1,2205,90,2,0,0,0,0,NaN,NaN,1,0.1056594
urban_events,25,Event retention = 25%,Sparsity,retention,0.25,2,2205,89,2,0.00405679513184584,0.4,0.00803212851405622,0.00403225806451613,1,0,0.6,0.1003221
urban_events,25,Event retention = 25%,Sparsity,retention,0.25,3,2205,89,2,0,0,0,0,NaN,NaN,1,0.1156439
urban_events,25,Event retention = 25%,Sparsity,retention,0.25,4,2205,90,5,0.0318930041152263,0.22962962962963,0.0560072267389341,0.0288104089219331,1,0,0.77037037037037,0.1091854
urban_events,25,Event retention = 25%,Sparsity,retention,0.25,5,2205,89,3,0.0433031218529708,0.390909090909091,0.0779691749773345,0.0405660377358491,1,0.0930232558139535,0.609090909090909,0.111422
urban_events,25,Event retention = 50%,Sparsity,retention,0.5,1,4410,94,10,0.0415400202634245,0.233618233618234,0.0705376344086021,0.0365581810075791,1,0.0121951219512195,0.766381766381766,0.3133591
urban_events,25,Event retention = 50%,Sparsity,retention,0.5,2,4410,92,19,0.141666666666667,0.385269121813031,0.207159177456207,0.115548003398471,1.33333333333333,0.0661764705882353,0.614730878186969,0.2564611
urban_events,25,Event retention = 50%,Sparsity,retention,0.5,3,4410,97,21,0.172814552804447,0.428571428571429,0.246308966510623,0.140451745379877,1,0.0116959064327485,0.571428571428571,0.2941678
urban_events,25,Event retention = 50%,Sparsity,retention,0.5,4,4410,96,15,0.100051046452272,0.381322957198444,0.158511928831379,0.0860781730346948,2,0.204081632653061,0.618677042801556,0.267462
urban_events,25,Event retention = 50%,Sparsity,retention,0.5,5,4410,97,12,0.0950434338272867,0.325744308231173,0.147151898734177,0.0794192997438087,1,0.134408602150538,0.674255691768827,0.2739769
urban_events,25,Event retention = 75%,Sparsity,retention,0.75,1,6615,98,24,0.20040899795501,0.394630872483221,0.265822784810127,0.153284671532847,1,0.181972789115646,0.605369127516779,0.4795188
urban_events,25,Event retention = 75%,Sparsity,retention,0.75,2,6615,99,29,0.359097127222982,0.472547254725473,0.408083948698018,0.25634765625,1,0.425714285714286,0.527452745274527,0.5419496
urban_events,25,Event retention = 75%,Sparsity,retention,0.75,3,6615,99,32,0.303840877914952,0.399819494584838,0.345284489477786,0.208666980687706,1,0.459367945823928,0.600180505415162,0.4652452
urban_events,25,Event retention = 75%,Sparsity,retention,0.75,4,6615,99,24,0.296434634974533,0.433465739821251,0.352087114337568,0.213656387665198,1,0.575028636884307,0.566534260178749,0.535708
urban_events,25,Event retention = 75%,Sparsity,retention,0.75,5,6615,100,30,0.412171507607192,0.415475775531544,0.413817045651797,0.260888597067192,1,0.644295302013423,0.584524224468456,0.4968511
urban_events,25,Added events = 5%,AddedEvents,added-event ratio,0.05,1,9261,101,44,0.368165559529893,0.45818759936407,0.408273126505171,0.256496974012104,1,0.310201249132547,0.54181240063593,0.8315244
urban_events,25,Added events = 5%,AddedEvents,added-event ratio,0.05,2,9261,101,43,0.587634133878385,0.477178423236515,0.526677352873826,0.357475909232204,1,0.564782608695652,0.522821576763486,0.8056263
urban_events,25,Added events = 5%,AddedEvents,added-event ratio,0.05,3,9261,101,48,0.418242207460399,0.469862227324914,0.442552041092187,0.28415205693456,1,0.410507025045815,0.530137772675086,0.7143168
urban_events,25,Added events = 5%,AddedEvents,added-event ratio,0.05,4,9261,101,33,0.516862544711293,0.491138625880068,0.503672351549857,0.336605657237937,1,0.483440434997528,0.508861374119932,0.8196205
urban_events,25,Added events = 5%,AddedEvents,added-event ratio,0.05,5,9261,101,46,0.507920286152274,0.479845522568187,0.493483927019983,0.327566320645905,1.2,0.542253521126761,0.520154477431813,0.832901
urban_events,25,Added events = 10%,AddedEvents,added-event ratio,0.1,1,9702,101,32,0.509197751660705,0.444965394061174,0.474919575837007,0.31140625,1,0.571500250878073,0.555034605938826,0.9528249
urban_events,25,Added events = 10%,AddedEvents,added-event ratio,0.1,2,9702,101,35,0.482626469085335,0.455400192864031,0.468618208881171,0.306010043738863,1,0.563260984647962,0.544599807135969,0.9579967
urban_events,25,Added events = 10%,AddedEvents,added-event ratio,0.1,3,9702,101,39,0.50613183444047,0.420683796984498,0.459468862344892,0.298253538090936,1,0.589601211509339,0.579316203015502,1.0434887
urban_events,25,Added events = 10%,AddedEvents,added-event ratio,0.1,4,9702,101,44,0.560551865099642,0.452091489800124,0.500513288468119,0.333789745930321,1.16666666666667,0.503190519598906,0.547908510199876,0.8547443
urban_events,25,Added events = 10%,AddedEvents,added-event ratio,0.1,5,9702,101,55,0.314512008175779,0.379352850539291,0.343902779717838,0.207658569500675,1.125,0.168968318440292,0.620647149460709,0.7820249
urban_events,25,Added events = 20%,AddedEvents,added-event ratio,0.2,1,10584,101,46,0.571027082268779,0.43280402788536,0.492399206873761,0.3266111354669,1,0.599552572706935,0.56719597211464,1.0995643
urban_events,25,Added events = 20%,AddedEvents,added-event ratio,0.2,2,10584,101,41,0.522738886050077,0.410925888732677,0.46013718655122,0.298817000146049,1,0.50733137829912,0.589074111267323,1.014547
urban_events,25,Added events = 20%,AddedEvents,added-event ratio,0.2,3,10584,101,39,0.597853857945835,0.432852386237514,0.502145922746781,0.335243553008596,1.2,0.586324786324786,0.567147613762486,1.5017029
urban_events,25,Added events = 20%,AddedEvents,added-event ratio,0.2,4,10584,101,28,0.48569238630557,0.438220378054403,0.46073679108095,0.299322941269091,1,0.58968963703314,0.561779621945597,0.9780292
urban_events,25,Added events = 20%,AddedEvents,added-event ratio,0.2,5,10584,101,52,0.390393459376597,0.425271360979683,0.407086719062209,0.25556113062385,1,0.37303664921466,0.574728639020317,0.9906273
urban_events,25,Added events = 30%,AddedEvents,added-event ratio,0.3,1,11466,101,59,0.661982626469085,0.467858432647165,0.548243757934829,0.377641743186124,1.4,0.411810111925897,0.532141567352835,0.9725669
urban_events,25,Added events = 30%,AddedEvents,added-event ratio,0.3,2,11466,101,42,0.514818599897803,0.390428211586902,0.444077134986226,0.285410764872521,1,0.517617866004963,0.609571788413098,1.1283384
urban_events,25,Added events = 30%,AddedEvents,added-event ratio,0.3,3,11466,101,29,0.460398569238631,0.404489337822671,0.430636874178516,0.27440231460332,1,0.631520532741398,0.595510662177329,1.163722
urban_events,25,Added events = 30%,AddedEvents,added-event ratio,0.3,4,11466,101,44,0.601941747572815,0.454475308641975,0.51791602550011,0.34945120142391,1,0.522920203735144,0.545524691358025,1.1187445
urban_events,25,Added events = 30%,AddedEvents,added-event ratio,0.3,5,11466,101,52,0.629024016351558,0.416018925312606,0.500813669650122,0.334056987788331,1,0.668155970755483,0.583981074687394,1.02949
urban_events,25,Full LLGD runtime,Runtime,-,NaN,1,8820,101,38,0.63643331630046,0.482939123691353,0.549162257495591,0.378513903662057,1,0.625050180650341,0.517060876308647,0.8276553
urban_events,25,Full LLGD runtime,Runtime,-,NaN,2,8820,101,49,0.288707204905468,0.443485086342229,0.34973692355308,0.211927981995499,1,0.186725663716814,0.556514913657771,0.7103251
urban_events,25,Full LLGD runtime,Runtime,-,NaN,3,8820,101,48,0.356923863055698,0.471640783254558,0.406340895869692,0.254973535316664,1,0.319971367215462,0.528359216745442,0.6705977
urban_events,26,Full LLGD,Full,-,NaN,1,6624,86,19,0.0957642725598527,0.164556962025316,0.121071012805588,0.0644361833952912,1,0.0336538461538461,0.835443037974684,0.4109632
urban_events,26,w/o weighted support,Ablation,UseWeights,0,1,6624,86,285,0.838858195211786,0.344879803142154,0.488799463447351,0.323451091780579,1.5952380952381,0.231064763995609,0.655120196857846,0.8164552
urban_events,26,w/o local verification,Ablation,UseVerification,0,1,6624,86,26,0.104972375690608,0.168639053254438,0.129398410896708,0.0691747572815534,1,0.0526315789473685,0.831360946745562,0.3919244
urban_events,26,w/o global expansion,Ablation,UseGlobalExpansion,0,1,6624,86,39,0.0547882136279926,0.149874055415617,0.0802427511800405,0.0417983842641377,2,0,0.850125944584383,0.424488
urban_events,26,unit estimation weights,Ablation,UseWeights,0,1,6624,86,20,0.0962246777163904,0.164826498422713,0.121511627906977,0.0646858557722067,1,0.0334928229665071,0.835173501577287,0.4589289
urban_events,26,unit support tests,Ablation,UseMultiplicitySupport,0,1,6624,86,277,0.8402394106814,0.343045112781955,0.48718633208756,0.322039880007058,2.05714285714286,0.221369863013699,0.656954887218045,0.7903168
urban_events,26,MAD = 3,Sensitivity,MAD,3,1,6624,86,20,0.0902394106813996,0.182665424044734,0.120801232665639,0.064283371597245,1,0.0357142857142857,0.817334575955266,0.4458791
urban_events,26,MAD = 3.5,Sensitivity,MAD,3.5,1,6624,86,19,0.0957642725598527,0.164556962025316,0.121071012805588,0.0644361833952912,1,0.0336538461538461,0.835443037974684,0.441818
urban_events,26,MAD = 4,Sensitivity,MAD,4,1,6624,86,19,0.0962246777163904,0.164050235478807,0.121300058038305,0.0645659561322212,1,0.0334928229665071,0.835949764521193,0.4121041
urban_events,26,p_in = 0.7,Sensitivity,p_in,0.7,1,6624,86,19,0.0957642725598527,0.163908589440504,0.120895088637024,0.0643365295391277,1,0.0336538461538461,0.836091410559496,0.3987283
urban_events,26,p_in = 0.8,Sensitivity,p_in,0.8,1,6624,86,19,0.0957642725598527,0.164556962025316,0.121071012805588,0.0644361833952912,1,0.0336538461538461,0.835443037974684,0.4442911
urban_events,26,p_in = 0.9,Sensitivity,p_in,0.9,1,6624,86,18,0.0957642725598527,0.165210484511517,0.121247449723113,0.0645361464474093,1,0.0336538461538461,0.834789515488483,0.4736955
urban_events,26,p_w = 0.7,Sensitivity,p_w,0.7,1,6624,86,19,0.0957642725598527,0.164556962025316,0.121071012805588,0.0644361833952912,1,0.0336538461538461,0.835443037974684,0.4863221
urban_events,26,p_w = 0.8,Sensitivity,p_w,0.8,1,6624,86,19,0.0957642725598527,0.164556962025316,0.121071012805588,0.0644361833952912,1,0.0336538461538461,0.835443037974684,0.458753
urban_events,26,p_w = 0.9,Sensitivity,p_w,0.9,1,6624,86,20,0.0957642725598527,0.164556962025316,0.121071012805588,0.0644361833952912,2,0.0336538461538461,0.835443037974684,0.4357255
urban_events,26,overlap = 0.7,Sensitivity,overlap,0.7,1,6624,86,19,0.0957642725598527,0.164556962025316,0.121071012805588,0.0644361833952912,1,0.0336538461538461,0.835443037974684,0.3974284
urban_events,26,overlap = 0.8,Sensitivity,overlap,0.8,1,6624,86,19,0.0957642725598527,0.164556962025316,0.121071012805588,0.0644361833952912,1,0.0336538461538461,0.835443037974684,0.412233
urban_events,26,overlap = 0.9,Sensitivity,overlap,0.9,1,6624,86,19,0.0957642725598527,0.164556962025316,0.121071012805588,0.0644361833952912,1,0.0336538461538461,0.835443037974684,0.4333403
urban_events,26,eps_s = 0.015,Sensitivity,eps_s,0.015,1,6624,86,17,0.0805709023941068,0.21712158808933,0.117528542646071,0.0624331073849447,1.5,0,0.78287841191067,0.3553374
urban_events,26,eps_s = 0.02,Sensitivity,eps_s,0.02,1,6624,86,19,0.0957642725598527,0.164556962025316,0.121071012805588,0.0644361833952912,1,0.0336538461538461,0.835443037974684,0.4108728
urban_events,26,eps_s = 0.025,Sensitivity,eps_s,0.025,1,6624,86,21,0.150552486187845,0.185901080159181,0.166369880437548,0.0907325194228635,1,0.348623853211009,0.814098919840819,0.447492
urban_events,26,eps_t = 0.005,Sensitivity,eps_t,0.005,1,6624,86,10,0.0313075506445672,0.181818181818182,0.0534171249018068,0.0274414850686037,1,0,0.818181818181818,0.3349042
urban_events,26,eps_t = 0.01,Sensitivity,eps_t,0.01,1,6624,86,16,0.0906998158379374,0.158742949234488,0.115440961031351,0.0612562189054726,1,0.0355329949238579,0.841257050765512,0.4050406
urban_events,26,eps_t = 0.015,Sensitivity,eps_t,0.015,1,6624,86,18,0.0925414364640884,0.160159362549801,0.11730376422527,0.0623062616243025,1,0.0348258706467661,0.839840637450199,0.4043628
urban_events,26,eps_t = 0.02,Sensitivity,eps_t,0.02,1,6624,86,19,0.0957642725598527,0.164556962025316,0.121071012805588,0.0644361833952912,1,0.0336538461538461,0.835443037974684,0.4487311
urban_events,26,eps_t = 0.025,Sensitivity,eps_t,0.025,1,6624,86,19,0.0957642725598527,0.164556962025316,0.121071012805588,0.0644361833952912,1,0.0336538461538461,0.835443037974684,0.4875848
urban_events,26,Event retention = 25%,Sparsity,retention,0.25,1,1656,75,1,0.0186915887850467,0.769230769230769,0.0364963503649635,0.0185873605947955,1,0,0.230769230769231,0.0653845
urban_events,26,Event retention = 25%,Sparsity,retention,0.25,2,1656,74,2,0.0304114490161002,0.708333333333333,0.0583190394511149,0.0300353356890459,1,0,0.291666666666667,0.0612274
urban_events,26,Event retention = 25%,Sparsity,retention,0.25,3,1656,77,1,0.0417495029821074,0.807692307692308,0.0793950850661626,0.0413385826771654,1,0,0.192307692307692,0.0667078
urban_events,26,Event retention = 25%,Sparsity,retention,0.25,4,1656,73,2,0.0254083484573503,0.518518518518518,0.0484429065743945,0.024822695035461,1,0,0.481481481481481,0.061516
urban_events,26,Event retention = 25%,Sparsity,retention,0.25,5,1656,75,3,0.0297951582867784,0.186046511627907,0.0513643659711075,0.0263591433278418,1,0,0.813953488372093,0.060282
urban_events,26,Event retention = 50%,Sparsity,retention,0.5,1,3312,84,9,0.078125,0.25,0.119047619047619,0.0632911392405063,1,0,0.75,0.1750877
urban_events,26,Event retention = 50%,Sparsity,retention,0.5,2,3312,82,8,0.0387736699729486,0.111111111111111,0.0574866310160428,0.0295939435650379,1,0,0.888888888888889,0.1719058
urban_events,26,Event retention = 50%,Sparsity,retention,0.5,3,3312,82,6,0.0212373037857802,0.106976744186047,0.0354391371340524,0.0180392156862745,1,0,0.893023255813953,0.2248964
urban_events,26,Event retention = 50%,Sparsity,retention,0.5,4,3312,81,7,0.0740740740740741,0.209718670076726,0.109479305740988,0.057909604519774,1,0.024390243902439,0.790281329923274,0.2269518
urban_events,26,Event retention = 50%,Sparsity,retention,0.5,5,3312,81,9,0.0351351351351351,0.104838709677419,0.0526315789473684,0.027027027027027,1,0,0.895161290322581,0.2088624
urban_events,26,Event retention = 75%,Sparsity,retention,0.75,1,4968,85,11,0.0926497838171711,0.216450216450216,0.129757785467128,0.0693802035152636,1,0.0466666666666666,0.783549783549784,0.4111657
urban_events,26,Event retention = 75%,Sparsity,retention,0.75,2,4968,85,16,0.0847772277227723,0.175191815856777,0.114261884904087,0.0605926581158779,1,0,0.824808184143223,0.2902987
urban_events,26,Event retention = 75%,Sparsity,retention,0.75,3,4968,82,11,0.0706886045094455,0.164073550212164,0.0988074957410562,0.0519713261648745,1,0,0.835926449787836,0.2753964
urban_events,26,Event retention = 75%,Sparsity,retention,0.75,4,4968,84,13,0.0651644336175396,0.155297532656023,0.0918060918060918,0.0481115107913669,1,0,0.844702467343977,0.2986636
urban_events,26,Event retention = 75%,Sparsity,retention,0.75,5,4968,86,12,0.0907429963459196,0.208976157082749,0.126539278131635,0.0675430643699003,1,0.0335570469798657,0.791023842917251,0.2769831
urban_events,26,Added events = 5%,AddedEvents,added-event ratio,0.05,1,6955,86,21,0.0957642725598527,0.156039009752438,0.118687589158345,0.0630876554443433,1,0.0336538461538461,0.843960990247562,0.4641195
urban_events,26,Added events = 5%,AddedEvents,added-event ratio,0.05,2,6955,86,24,0.102670349907919,0.170229007633588,0.128087306145893,0.068425897514575,1,0.0448430493273543,0.829770992366412,0.6013195
urban_events,26,Added events = 5%,AddedEvents,added-event ratio,0.05,3,6955,86,22,0.0902394106813996,0.162117452440033,0.115942028985507,0.0615384615384615,1,0.0357142857142857,0.837882547559967,0.5083931
urban_events,26,Added events = 5%,AddedEvents,added-event ratio,0.05,4,6955,86,22,0.0966850828729282,0.182608695652174,0.126429861529199,0.0674807197943445,1,0.0666666666666667,0.817391304347826,0.5269962
urban_events,26,Added events = 5%,AddedEvents,added-event ratio,0.05,5,6955,86,26,0.162983425414365,0.245492371705964,0.195904814609851,0.108588957055215,1,0.228813559322034,0.754507628294036,0.4927061
urban_events,26,Added events = 10%,AddedEvents,added-event ratio,0.1,1,7286,86,24,0.0953038674033149,0.155639097744361,0.118218161050828,0.0628224582701062,1,0.033816425120773,0.844360902255639,0.5029174
urban_events,26,Added events = 10%,AddedEvents,added-event ratio,0.1,2,7286,86,27,0.0966850828729282,0.160060975609756,0.120551090700344,0.0641417226634087,1,0.0333333333333333,0.839939024390244,0.5061244
urban_events,26,Added events = 10%,AddedEvents,added-event ratio,0.1,3,7286,86,25,0.0925414364640884,0.154141104294479,0.115650172612198,0.0613740458015267,1,0.0348258706467661,0.845858895705521,0.477679
urban_events,26,Added events = 10%,AddedEvents,added-event ratio,0.1,4,7286,86,27,0.103591160220994,0.183374083129584,0.132391879964696,0.0708884688090737,1,0.12,0.816625916870416,0.5404246
urban_events,26,Added events = 10%,AddedEvents,added-event ratio,0.1,5,7286,86,29,0.0939226519337017,0.160756501182033,0.118570183086312,0.0630213160333642,1,0.0343137254901961,0.839243498817967,0.523543
urban_events,26,Added events = 20%,AddedEvents,added-event ratio,0.2,1,7949,86,27,0.0957642725598527,0.153505535055351,0.117947263963709,0.0626694787586622,1,0.0336538461538461,0.846494464944649,0.6045933
urban_events,26,Added events = 20%,AddedEvents,added-event ratio,0.2,2,7949,86,29,0.166666666666667,0.232797427652733,0.194258116447545,0.107578008915305,1,0.0276243093922652,0.767202572347267,0.6069349
urban_events,26,Added events = 20%,AddedEvents,added-event ratio,0.2,3,7949,86,31,0.100828729281768,0.159620991253644,0.123589164785553,0.0658646616541353,1,0.0684931506849316,0.840379008746356,0.6330425
urban_events,26,Added events = 20%,AddedEvents,added-event ratio,0.2,4,7949,86,30,0.108195211786372,0.159646739130435,0.128979143798024,0.0689351716045761,1,0.0851063829787234,0.840353260869565,0.5524924
urban_events,26,Added events = 20%,AddedEvents,added-event ratio,0.2,5,7949,86,31,0.0985267034990792,0.151023288637968,0.119253273892449,0.0634074074074074,1,0.0514018691588785,0.848976711362032,0.5898069
urban_events,26,Added events = 30%,AddedEvents,added-event ratio,0.3,1,8611,86,36,0.11279926335175,0.154769425142135,0.130492676431425,0.0698005698005698,1,0.0775510204081633,0.845230574857865,0.6496816
urban_events,26,Added events = 30%,AddedEvents,added-event ratio,0.3,2,8611,86,36,0.116482504604052,0.14086859688196,0.127520161290323,0.0681022880215343,1,0.0513833992094862,0.85913140311804,0.9284224
urban_events,26,Added events = 30%,AddedEvents,added-event ratio,0.3,3,8611,86,29,0.104051565377532,0.154688569472964,0.124415083952656,0.066334018197828,1,0.0398230088495575,0.845311430527036,0.8018595
urban_events,26,Added events = 30%,AddedEvents,added-event ratio,0.3,4,8611,86,34,0.105432780847145,0.131232091690544,0.116926219045188,0.0620932754880694,1,0.0567685589519651,0.868767908309456,0.8505928
urban_events,26,Added events = 30%,AddedEvents,added-event ratio,0.3,5,8611,86,35,0.100828729281768,0.146390374331551,0.119411123227917,0.063496665700203,1,0.0319634703196348,0.853609625668449,0.7568031
urban_events,26,Full LLGD runtime,Runtime,-,NaN,1,6624,86,19,0.0957642725598527,0.164556962025316,0.121071012805588,0.0644361833952912,1,0.0336538461538461,0.835443037974684,0.4596118
urban_events,26,Full LLGD runtime,Runtime,-,NaN,2,6624,86,19,0.0957642725598527,0.164426877470356,0.121035787023567,0.064416227934345,1,0.0336538461538461,0.835573122529644,0.4636456
urban_events,26,Full LLGD runtime,Runtime,-,NaN,3,6624,86,19,0.0957642725598527,0.164556962025316,0.121071012805588,0.0644361833952912,1,0.0336538461538461,0.835443037974684,0.449578
urban_events,27,Full LLGD,Full,-,NaN,1,2723,66,15,0.191330343796712,0.274089935760171,0.225352112676056,0.126984126984127,1,0.0546875,0.725910064239829,0.1937982
urban_events,27,w/o weighted support,Ablation,UseWeights,0,1,2723,66,111,0.62780269058296,0.234113712374582,0.341047503045067,0.205580029368576,1.25,0.147619047619048,0.765886287625418,0.2789006
urban_events,27,w/o local verification,Ablation,UseVerification,0,1,2723,66,18,0.191330343796712,0.20253164556962,0.196771714066103,0.109121909633419,1,0.0546875,0.79746835443038,0.1554423
urban_events,27,w/o global expansion,Ablation,UseGlobalExpansion,0,1,2723,66,22,0.130044843049327,0.294915254237288,0.180497925311203,0.0992018244013683,4,0,0.705084745762712,0.1703349
urban_events,27,unit estimation weights,Ablation,UseWeights,0,1,2723,66,18,0.191330343796712,0.294930875576037,0.232094288304624,0.131282051282051,1,0.0546875,0.705069124423963,0.1882821
urban_events,27,unit support tests,Ablation,UseMultiplicitySupport,0,1,2723,66,115,0.642750373692078,0.233188720173536,0.342220453641066,0.206433029284686,1.45454545454545,0.144186046511628,0.766811279826464,0.3145646
urban_events,27,MAD = 3,Sensitivity,MAD,3,1,2723,66,15,0.188340807174888,0.279379157427938,0.225,0.126760563380282,1,0.0555555555555556,0.720620842572062,0.2149429
urban_events,27,MAD = 3.5,Sensitivity,MAD,3.5,1,2723,66,15,0.191330343796712,0.274089935760171,0.225352112676056,0.126984126984127,1,0.0546875,0.725910064239829,0.1835268
urban_events,27,MAD = 4,Sensitivity,MAD,4,1,2723,66,15,0.207772795216741,0.288981288981289,0.241739130434783,0.137487636003956,1,0.0575539568345323,0.711018711018711,0.1809872
urban_events,27,p_in = 0.7,Sensitivity,p_in,0.7,1,2723,66,18,0.191330343796712,0.263374485596708,0.221645021645022,0.124634858812074,1,0.0546875,0.736625514403292,0.1701322
urban_events,27,p_in = 0.8,Sensitivity,p_in,0.8,1,2723,66,15,0.191330343796712,0.274089935760171,0.225352112676056,0.126984126984127,1,0.0546875,0.725910064239829,0.173239
urban_events,27,p_in = 0.9,Sensitivity,p_in,0.9,1,2723,66,13,0.191330343796712,0.290909090909091,0.230838593327322,0.130479102956167,1,0.0546875,0.709090909090909,0.1745533
urban_events,27,p_w = 0.7,Sensitivity,p_w,0.7,1,2723,66,15,0.191330343796712,0.274089935760171,0.225352112676056,0.126984126984127,1,0.0546875,0.725910064239829,0.1590991
urban_events,27,p_w = 0.8,Sensitivity,p_w,0.8,1,2723,66,15,0.191330343796712,0.274089935760171,0.225352112676056,0.126984126984127,1,0.0546875,0.725910064239829,0.174795
urban_events,27,p_w = 0.9,Sensitivity,p_w,0.9,1,2723,66,15,0.191330343796712,0.274089935760171,0.225352112676056,0.126984126984127,1,0.0546875,0.725910064239829,0.1779918
urban_events,27,overlap = 0.7,Sensitivity,overlap,0.7,1,2723,66,15,0.191330343796712,0.274089935760171,0.225352112676056,0.126984126984127,1,0.0546875,0.725910064239829,0.1752608
urban_events,27,overlap = 0.8,Sensitivity,overlap,0.8,1,2723,66,15,0.191330343796712,0.274089935760171,0.225352112676056,0.126984126984127,1,0.0546875,0.725910064239829,0.1663701
urban_events,27,overlap = 0.9,Sensitivity,overlap,0.9,1,2723,66,15,0.191330343796712,0.274089935760171,0.225352112676056,0.126984126984127,1,0.0546875,0.725910064239829,0.1759158
urban_events,27,eps_s = 0.015,Sensitivity,eps_s,0.015,1,2723,66,14,0.197309417040359,0.28448275862069,0.233009708737864,0.131868131868132,1,0.0227272727272727,0.71551724137931,0.1543294
urban_events,27,eps_s = 0.02,Sensitivity,eps_s,0.02,1,2723,66,15,0.191330343796712,0.274089935760171,0.225352112676056,0.126984126984127,1,0.0546875,0.725910064239829,0.1861359
urban_events,27,eps_s = 0.025,Sensitivity,eps_s,0.025,1,2723,66,19,0.210762331838565,0.244367417677643,0.226324237560193,0.127601809954751,1,0.0567375886524822,0.755632582322357,0.1584784
urban_events,27,eps_t = 0.005,Sensitivity,eps_t,0.005,1,2723,66,8,0.185351270553064,0.541484716157205,0.276169265033408,0.160206718346253,1,0.0161290322580645,0.458515283842795,0.1207457
urban_events,27,eps_t = 0.01,Sensitivity,eps_t,0.01,1,2723,66,12,0.183856502242152,0.266233766233766,0.217506631299735,0.12202380952381,1,0.024390243902439,0.733766233766234,0.154723
urban_events,27,eps_t = 0.015,Sensitivity,eps_t,0.015,1,2723,66,15,0.203288490284006,0.261036468330134,0.228571428571429,0.129032258064516,1,0.0588235294117647,0.738963531669866,0.1675244
urban_events,27,eps_t = 0.02,Sensitivity,eps_t,0.02,1,2723,66,15,0.191330343796712,0.274089935760171,0.225352112676056,0.126984126984127,1,0.0546875,0.725910064239829,0.1862319
urban_events,27,eps_t = 0.025,Sensitivity,eps_t,0.025,1,2723,66,15,0.191330343796712,0.274089935760171,0.225352112676056,0.126984126984127,1,0.0546875,0.725910064239829,0.1716403
urban_events,27,Event retention = 25%,Sparsity,retention,0.25,1,681,49,4,0.195266272189349,0.75,0.309859154929577,0.183333333333333,2,0,0.25,0.0243978
urban_events,27,Event retention = 25%,Sparsity,retention,0.25,2,681,50,0,0,0,0,0,NaN,NaN,0,0.0205139
urban_events,27,Event retention = 25%,Sparsity,retention,0.25,3,681,51,1,0,0,0,0,NaN,NaN,1,0.0267221
urban_events,27,Event retention = 25%,Sparsity,retention,0.25,4,681,50,1,0,0,0,0,NaN,NaN,1,0.0171466
urban_events,27,Event retention = 25%,Sparsity,retention,0.25,5,681,48,1,0,0,0,0,NaN,NaN,1,0.020164
urban_events,27,Event retention = 50%,Sparsity,retention,0.5,1,1362,57,4,0.012012012012012,0.0305343511450382,0.0172413793103448,0.00869565217391304,NaN,0.5,0.969465648854962,0.074604
urban_events,27,Event retention = 50%,Sparsity,retention,0.5,2,1362,56,6,0.00294117647058824,0.0131578947368421,0.00480769230769231,0.00240963855421687,NaN,0,0.986842105263158,0.069495
urban_events,27,Event retention = 50%,Sparsity,retention,0.5,3,1362,58,4,0,0,0,0,NaN,NaN,1,0.0784616
urban_events,27,Event retention = 50%,Sparsity,retention,0.5,4,1362,61,3,0.137142857142857,0.648648648648649,0.226415094339623,0.127659574468085,1,0.0416666666666666,0.351351351351351,0.0639379
urban_events,27,Event retention = 50%,Sparsity,retention,0.5,5,1362,58,2,0,0,0,0,NaN,NaN,1,0.0635371
urban_events,27,Event retention = 75%,Sparsity,retention,0.75,1,2042,63,8,0.177263969171484,0.302631578947368,0.223572296476306,0.125854993160055,1,0.0108695652173914,0.697368421052632,0.1206991
urban_events,27,Event retention = 75%,Sparsity,retention,0.75,2,2042,64,7,0.188376753507014,0.345588235294118,0.243839169909209,0.138847858197932,1,0,0.654411764705882,0.1302621
urban_events,27,Event retention = 75%,Sparsity,retention,0.75,3,2042,66,9,0.185858585858586,0.304635761589404,0.230865746549561,0.130496453900709,1,0.0652173913043478,0.695364238410596,0.1161609
urban_events,27,Event retention = 75%,Sparsity,retention,0.75,4,2042,60,11,0.15495867768595,0.276752767527675,0.198675496688742,0.110294117647059,1,0.0133333333333333,0.723247232472325,0.130953
urban_events,27,Event retention = 75%,Sparsity,retention,0.75,5,2042,58,12,0.17843137254902,0.340823970037453,0.234234234234234,0.13265306122449,1,0.021978021978022,0.659176029962547,0.1265625
urban_events,27,Added events = 5%,AddedEvents,added-event ratio,0.05,1,2859,66,16,0.195814648729447,0.274058577405858,0.228421970357454,0.128937007874016,1,0.0534351145038168,0.725941422594142,0.1890319
urban_events,27,Added events = 5%,AddedEvents,added-event ratio,0.05,2,2859,66,15,0.191330343796712,0.271762208067941,0.224561403508772,0.126482213438735,1,0.0546875,0.728237791932059,0.1654938
urban_events,27,Added events = 5%,AddedEvents,added-event ratio,0.05,3,2859,66,17,0.191330343796712,0.275862068965517,0.22594880847308,0.127363184079602,1,0.0546875,0.724137931034483,0.1686764
urban_events,27,Added events = 5%,AddedEvents,added-event ratio,0.05,4,2859,66,15,0.191330343796712,0.273504273504274,0.225153913808267,0.126858275520317,1,0.0546875,0.726495726495726,0.1728829
urban_events,27,Added events = 5%,AddedEvents,added-event ratio,0.05,5,2859,66,15,0.209267563527653,0.291060291060291,0.243478260869565,0.138613861386139,1,0.0571428571428572,0.708939708939709,0.1772683
urban_events,27,Added events = 10%,AddedEvents,added-event ratio,0.1,1,2995,66,19,0.191330343796712,0.265560165975104,0.22241529105126,0.125122189638319,1,0.0546875,0.734439834024896,0.1957138
urban_events,27,Added events = 10%,AddedEvents,added-event ratio,0.1,2,2995,66,18,0.191330343796712,0.180535966149506,0.18577648766328,0.1024,1,0.0546875,0.819464033850494,0.1611945
urban_events,27,Added events = 10%,AddedEvents,added-event ratio,0.1,3,2995,66,16,0.207772795216741,0.283673469387755,0.239861949956859,0.136274509803922,1,0.0575539568345323,0.716326530612245,0.180046
urban_events,27,Added events = 10%,AddedEvents,added-event ratio,0.1,4,2995,66,15,0.194319880418535,0.274261603375527,0.227471566054243,0.128331688055281,1,0.0615384615384615,0.725738396624473,0.207345
urban_events,27,Added events = 10%,AddedEvents,added-event ratio,0.1,5,2995,66,17,0.191330343796712,0.181046676096181,0.186046511627907,0.102564102564103,1,0.0546875,0.818953323903819,0.1774944
urban_events,27,Added events = 20%,AddedEvents,added-event ratio,0.2,1,3268,66,16,0.191330343796712,0.266112266112266,0.222608695652174,0.125244618395303,1,0.0546875,0.733887733887734,0.2050341
urban_events,27,Added events = 20%,AddedEvents,added-event ratio,0.2,2,3268,66,18,0.212257100149477,0.1775,0.193328795098707,0.107008289374529,1,0.0563380281690141,0.8225,0.2032293
urban_events,27,Added events = 20%,AddedEvents,added-event ratio,0.2,3,3268,66,17,0.207772795216741,0.191724137931034,0.199426111908178,0.110756972111554,1,0.0575539568345323,0.808275862068966,0.2273099
urban_events,27,Added events = 20%,AddedEvents,added-event ratio,0.2,4,3268,66,15,0.194319880418535,0.248091603053435,0.217937971500419,0.122295390404516,1,0.0615384615384615,0.751908396946565,0.2344882
urban_events,27,Added events = 20%,AddedEvents,added-event ratio,0.2,5,3268,66,18,0.195814648729447,0.281720430107527,0.231040564373898,0.130608175473579,1,0.0610687022900763,0.718279569892473,0.2480813
urban_events,27,Added events = 30%,AddedEvents,added-event ratio,0.3,1,3540,66,21,0.191330343796712,0.164948453608247,0.177162629757785,0.0971905846621109,1,0.0546875,0.835051546391753,0.1946438
urban_events,27,Added events = 30%,AddedEvents,added-event ratio,0.3,2,3540,66,18,0.194319880418535,0.16839378238342,0.180430256766135,0.099160945842868,1,0.0615384615384615,0.83160621761658,0.1780828
urban_events,27,Added events = 30%,AddedEvents,added-event ratio,0.3,3,3540,66,16,0.191330343796712,0.262295081967213,0.221261884183233,0.124392614188533,1,0.0546875,0.737704918032787,0.2165733
urban_events,27,Added events = 30%,AddedEvents,added-event ratio,0.3,4,3540,66,19,0.191330343796712,0.175342465753425,0.182987848463188,0.100708103855232,1,0.0546875,0.824657534246575,0.2571646
urban_events,27,Added events = 30%,AddedEvents,added-event ratio,0.3,5,3540,66,22,0.192825112107623,0.244318181818182,0.215538847117795,0.120786516853933,1,0.062015503875969,0.755681818181818,0.230166
urban_events,27,Full LLGD runtime,Runtime,-,NaN,1,2723,66,15,0.191330343796712,0.274089935760171,0.225352112676056,0.126984126984127,1,0.0546875,0.725910064239829,0.1827868
urban_events,27,Full LLGD runtime,Runtime,-,NaN,2,2723,66,15,0.191330343796712,0.274089935760171,0.225352112676056,0.126984126984127,1,0.0546875,0.725910064239829,0.1613911
urban_events,27,Full LLGD runtime,Runtime,-,NaN,3,2723,66,15,0.191330343796712,0.274089935760171,0.225352112676056,0.126984126984127,1,0.0546875,0.725910064239829,0.1809782
urban_events,28,Full LLGD,Full,-,NaN,1,10986,88,44,0.238493723849372,0.402751952398661,0.299585062240664,0.176183504148365,1,0.116343490304709,0.597248047601339,0.775949
urban_events,28,w/o weighted support,Ablation,UseWeights,0,1,10986,88,354,0.932393745870954,0.439530779611751,0.597431917595598,0.425955734406439,1.95454545454545,0.233349078885215,0.560469220388249,0.9811173
urban_events,28,w/o local verification,Ablation,UseVerification,0,1,10986,88,59,0.292887029288703,0.400964727163099,0.338508526342581,0.203737745098039,1,0.0834586466165413,0.599035272836901,0.6215078
urban_events,28,w/o global expansion,Ablation,UseGlobalExpansion,0,1,10986,88,96,0.134992292446598,0.340744858254586,0.193375394321767,0.107036843024271,3.4,0.00163132137030997,0.659255141745414,0.8545818
urban_events,28,unit estimation weights,Ablation,UseWeights,0,1,10986,88,30,0.550979960361154,0.389416342412451,0.456319533102316,0.295604914933837,1.14285714285714,0.583932853717026,0.610583657587549,1.1383049
urban_events,28,unit support tests,Ablation,UseMultiplicitySupport,0,1,10986,88,282,0.952653600528518,0.439187817258883,0.601209089013967,0.429806259314456,2.2258064516129,0.361072584373555,0.560812182741117,0.9641092
urban_events,28,MAD = 3,Sensitivity,MAD,3,1,10986,88,46,0.230345738824048,0.395463137996219,0.291121625382689,0.170358306188925,1,0.103250478011472,0.604536862003781,0.7860276
urban_events,28,MAD = 3.5,Sensitivity,MAD,3.5,1,10986,88,44,0.238493723849372,0.402751952398661,0.299585062240664,0.176183504148365,1,0.116343490304709,0.597248047601339,0.8077527
urban_events,28,MAD = 4,Sensitivity,MAD,4,1,10986,88,40,0.270425016516186,0.376918354818907,0.314912168226696,0.186881753157815,1,0.200325732899023,0.623081645181093,0.7492107
urban_events,28,p_in = 0.7,Sensitivity,p_in,0.7,1,10986,88,44,0.238273508037877,0.399261992619926,0.29844159426286,0.175393094504782,1,0.121072088724584,0.600738007380074,0.7836815
urban_events,28,p_in = 0.8,Sensitivity,p_in,0.8,1,10986,88,44,0.238493723849372,0.402751952398661,0.299585062240664,0.176183504148365,1,0.116343490304709,0.597248047601339,0.7224872
urban_events,28,p_in = 0.9,Sensitivity,p_in,0.9,1,10986,88,39,0.238493723849372,0.403351955307263,0.299750899529477,0.17629822562266,1,0.116343490304709,0.596648044692737,0.7758773
urban_events,28,p_w = 0.7,Sensitivity,p_w,0.7,1,10986,88,47,0.227482933274609,0.391287878787879,0.287703662442557,0.168022121014964,1,0.074540174249758,0.608712121212121,0.7550383
urban_events,28,p_w = 0.8,Sensitivity,p_w,0.8,1,10986,88,44,0.238493723849372,0.402751952398661,0.299585062240664,0.176183504148365,1,0.116343490304709,0.597248047601339,0.9435335
urban_events,28,p_w = 0.9,Sensitivity,p_w,0.9,1,10986,88,45,0.234970270865448,0.396654275092937,0.295118240907205,0.173101881894873,1,0.116213683223993,0.603345724907063,1.003739
urban_events,28,overlap = 0.7,Sensitivity,overlap,0.7,1,10986,88,44,0.238493723849372,0.402751952398661,0.299585062240664,0.176183504148365,1,0.116343490304709,0.597248047601339,0.8569422
urban_events,28,overlap = 0.8,Sensitivity,overlap,0.8,1,10986,88,44,0.238493723849372,0.402751952398661,0.299585062240664,0.176183504148365,1,0.116343490304709,0.597248047601339,0.7594105
urban_events,28,overlap = 0.9,Sensitivity,overlap,0.9,1,10986,88,46,0.24884386698965,0.393591083246256,0.304910955207771,0.179879019420567,1,0.133628318584071,0.606408916753744,0.7557675
urban_events,28,eps_s = 0.015,Sensitivity,eps_s,0.015,1,10986,88,50,0.222638185421713,0.390951276102088,0.283709835835555,0.165304120340092,1,0.0712166172106825,0.609048723897912,0.6932767
urban_events,28,eps_s = 0.02,Sensitivity,eps_s,0.02,1,10986,88,44,0.238493723849372,0.402751952398661,0.299585062240664,0.176183504148365,1,0.116343490304709,0.597248047601339,0.7502651
urban_events,28,eps_s = 0.025,Sensitivity,eps_s,0.025,1,10986,88,40,0.442633781105483,0.439056356487549,0.440837811163505,0.282740188493459,1.25,0.485074626865672,0.560943643512451,0.8187786
urban_events,28,eps_t = 0.005,Sensitivity,eps_t,0.005,1,10986,88,11,0.532481832195552,0.374825608432801,0.439956331877729,0.282015395381386,1,0.835814722911497,0.625174391567199,1.1891195
urban_events,28,eps_t = 0.01,Sensitivity,eps_t,0.01,1,10986,88,18,0.518167804448359,0.418088130774698,0.462779034319992,0.301049129989765,1.5,0.81767955801105,0.581911869225302,1.0020222
urban_events,28,eps_t = 0.015,Sensitivity,eps_t,0.015,1,10986,88,39,0.271526095573662,0.380438136377661,0.316885119506554,0.188273018781493,1,0.195458231954582,0.619561863622339,0.6942094
urban_events,28,eps_t = 0.02,Sensitivity,eps_t,0.02,1,10986,88,44,0.238493723849372,0.402751952398661,0.299585062240664,0.176183504148365,1,0.116343490304709,0.597248047601339,0.7444905
urban_events,28,eps_t = 0.025,Sensitivity,eps_t,0.025,1,10986,88,44,0.238493723849372,0.402751952398661,0.299585062240664,0.176183504148365,1,0.116343490304709,0.597248047601339,0.7505736
urban_events,28,Event retention = 25%,Sparsity,retention,0.25,1,2747,81,4,0.000881834215167548,0.0113636363636364,0.0016366612111293,0.000819000819000819,NaN,0,0.988636363636364,0.1473777
urban_events,28,Event retention = 25%,Sparsity,retention,0.25,2,2747,79,4,0.0425909494232476,0.428571428571429,0.0774818401937046,0.0403022670025189,1,0.0416666666666666,0.571428571428571,0.1215124
urban_events,28,Event retention = 25%,Sparsity,retention,0.25,3,2747,80,2,0.0018450184501845,0.024390243902439,0.00343053173241852,0.00171821305841924,NaN,0,0.975609756097561,0.1363875
urban_events,28,Event retention = 25%,Sparsity,retention,0.25,4,2747,82,1,0.0266781411359725,0.738095238095238,0.0514950166112957,0.0264279624893436,1,0,0.261904761904762,0.1461847
urban_events,28,Event retention = 25%,Sparsity,retention,0.25,5,2747,81,2,0.0583690987124464,0.56198347107438,0.105754276827372,0.0558292282430213,1,0,0.43801652892562,0.1160487
urban_events,28,Event retention = 50%,Sparsity,retention,0.5,1,5493,85,12,0.0662020905923345,0.397905759162304,0.113517550410754,0.0601741884402217,2,0,0.602094240837696,0.357379
urban_events,28,Event retention = 50%,Sparsity,retention,0.5,2,5493,87,13,0.0915929203539823,0.392045454545455,0.148493543758967,0.0802014722975591,1,0,0.607954545454545,0.3138782
urban_events,28,Event retention = 50%,Sparsity,retention,0.5,3,5493,86,16,0.112379280070237,0.492307692307692,0.182987848463188,0.100708103855232,1.25,0.0234375,0.507692307692308,0.3599867
urban_events,28,Event retention = 50%,Sparsity,retention,0.5,4,5493,85,9,0.0914742451154529,0.57703081232493,0.157914909927175,0.0857261756138161,1,0,0.42296918767507,0.3673731
urban_events,28,Event retention = 50%,Sparsity,retention,0.5,5,5493,88,14,0.0986784140969163,0.395061728395062,0.157913288685231,0.0857252200535783,1,0,0.604938271604938,0.3494659
urban_events,28,Event retention = 75%,Sparsity,retention,0.75,1,8240,87,32,0.160188457008245,0.368563685636856,0.223316912972085,0.125693160813309,1.2,0.0606617647058824,0.631436314363144,0.5517488
urban_events,28,Event retention = 75%,Sparsity,retention,0.75,2,8240,88,33,0.126315789473684,0.314868804664723,0.180300500834725,0.0990825688073395,1.25,0.0810185185185185,0.685131195335277,0.5846093
urban_events,28,Event retention = 75%,Sparsity,retention,0.75,3,8240,87,28,0.168229777256741,0.424870466321244,0.241024564350199,0.137025543089043,1.2,0.073170731707317,0.575129533678757,0.5807076
urban_events,28,Event retention = 75%,Sparsity,retention,0.75,4,8240,88,29,0.233157586408905,0.41697223677318,0.299079466466278,0.175833885575436,1,0.282663316582915,0.58302776322682,0.5878541
urban_events,28,Event retention = 75%,Sparsity,retention,0.75,5,8240,87,24,0.121478873239437,0.361888111888112,0.181898066783831,0.100048332527791,1,0.0628019323671497,0.638111888111888,0.5513521
urban_events,28,Added events = 5%,AddedEvents,added-event ratio,0.05,1,11535,88,38,0.370182779123541,0.449345094894413,0.405940594059406,0.254658385093168,1,0.34562760261749,0.550654905105587,0.7828592
urban_events,28,Added events = 5%,AddedEvents,added-event ratio,0.05,2,11535,88,45,0.269544153270205,0.383578815418364,0.316606311433006,0.188076213890596,1,0.241013071895425,0.616421184581636,1.0212846
urban_events,28,Added events = 5%,AddedEvents,added-event ratio,0.05,3,11535,88,55,0.277031490861044,0.390077519379845,0.32397630697914,0.193300553165335,1.11111111111111,0.123211446740858,0.609922480620155,1.1110293
urban_events,28,Added events = 5%,AddedEvents,added-event ratio,0.05,4,11535,88,44,0.339792997137194,0.399430494434377,0.367206092336982,0.224894330272555,1,0.32598833441348,0.600569505565623,1.0567329
urban_events,28,Added events = 5%,AddedEvents,added-event ratio,0.05,5,11535,88,46,0.255009909711517,0.399172699069286,0.311206664875034,0.184277530235519,1,0.100172711571675,0.600827300930714,1.003186
urban_events,28,Added events = 10%,AddedEvents,added-event ratio,0.1,1,12085,88,50,0.323497027086545,0.429909277143693,0.369188238250817,0.226383109878256,1,0.110279101429544,0.570090722856307,1.9631603
urban_events,28,Added events = 10%,AddedEvents,added-event ratio,0.1,2,12085,88,51,0.364897599647655,0.442811330839123,0.400096583363516,0.250075460307878,1.25,0.275799637899819,0.557188669160877,1.3512166
urban_events,28,Added events = 10%,AddedEvents,added-event ratio,0.1,3,12085,88,49,0.412684430742127,0.408456843940715,0.410559754628108,0.258304617505169,1,0.428495197438634,0.591543156059285,0.9701275
urban_events,28,Added events = 10%,AddedEvents,added-event ratio,0.1,4,12085,88,40,0.235190486676943,0.337547408343869,0.277222582738481,0.160916076540606,1,0.214419475655431,0.662452591656131,0.9768575
urban_events,28,Added events = 10%,AddedEvents,added-event ratio,0.1,5,12085,88,54,0.286720986566835,0.395744680851064,0.332524581790321,0.199417981314137,1.09090909090909,0.114439324116744,0.604255319148936,0.8416439
urban_events,28,Added events = 20%,AddedEvents,added-event ratio,0.2,1,13183,88,49,0.524554062981722,0.414621409921671,0.463153801283298,0.301366396761134,1,0.464735516372796,0.585378590078329,1.3179079
urban_events,28,Added events = 20%,AddedEvents,added-event ratio,0.2,2,13183,88,62,0.34001321294869,0.390589425752593,0.363550741700023,0.222158273381295,1,0.285621761658031,0.609410574247407,1.0811697
urban_events,28,Added events = 20%,AddedEvents,added-event ratio,0.2,3,13183,88,58,0.341774939440652,0.37093690248566,0.355759312320917,0.216366931548864,1,0.276417525773196,0.62906309751434,0.9464281
urban_events,28,Added events = 20%,AddedEvents,added-event ratio,0.2,4,13183,88,55,0.416648315349042,0.458111380145278,0.436397186022373,0.279097211978168,1.125,0.296511627906977,0.541888619854722,1.0231711
urban_events,28,Added events = 20%,AddedEvents,added-event ratio,0.2,5,13183,88,41,0.439770975556045,0.400441146982154,0.419185558354324,0.265170628070641,1.2,0.400600901352028,0.599558853017846,1.172396
urban_events,28,Added events = 30%,AddedEvents,added-event ratio,0.3,1,14282,88,40,0.575203699625633,0.388286011595065,0.463613773517927,0.301756007393715,1.33333333333333,0.496937212863706,0.611713988404935,1.1976176
urban_events,28,Added events = 30%,AddedEvents,added-event ratio,0.3,2,14282,88,21,0.986787051310284,0.355634920634921,0.522839974330553,0.353949447077409,1,0.877705869225619,0.644365079365079,2.518921
urban_events,28,Added events = 30%,AddedEvents,added-event ratio,0.3,3,14282,88,47,0.625633120458049,0.375247655527671,0.469121532364597,0.306439434796678,1,0.529743048222457,0.624752344472329,1.4370454
urban_events,28,Added events = 30%,AddedEvents,added-event ratio,0.3,4,14282,88,63,0.426337811054834,0.385887980865059,0.405105670642394,0.254001574389924,1.2,0.316115702479339,0.614112019134941,1.2295677
urban_events,28,Added events = 30%,AddedEvents,added-event ratio,0.3,5,14282,88,62,0.481832195551641,0.4076765418297,0.441663302381914,0.283419689119171,1.28571428571429,0.31764168190128,0.5923234581703,1.3686219
urban_events,28,Full LLGD runtime,Runtime,-,NaN,1,10986,88,44,0.238493723849372,0.402751952398661,0.299585062240664,0.176183504148365,1,0.116343490304709,0.597248047601339,0.7583485
urban_events,28,Full LLGD runtime,Runtime,-,NaN,2,10986,88,44,0.238493723849372,0.399630996309963,0.298717418287133,0.175583657587549,1,0.116343490304709,0.600369003690037,0.8378411
urban_events,28,Full LLGD runtime,Runtime,-,NaN,3,10986,88,44,0.248623651178155,0.410247093023256,0.30961195667078,0.183160285528877,1,0.116031886625332,0.589752906976744,0.9020239
urban_events,29,Full LLGD,Full,-,NaN,1,17020,97,19,0.978679786797868,0.448178745775441,0.61481004507405,0.44384529564894,1,0.850160592096076,0.551821254224559,3.4388187
urban_events,29,w/o weighted support,Ablation,UseWeights,0,1,17020,97,202,0.968976356430231,0.445996099893062,0.610838287240458,0.43971719176383,1.20689655172414,0.630465444287729,0.554003900106938,2.3403626
urban_events,29,w/o local verification,Ablation,UseVerification,0,1,17020,97,109,0.68976356430231,0.520846233230134,0.593520315164344,0.421989966555184,1.375,0.320982762036854,0.479153766769866,1.0676541
urban_events,29,w/o global expansion,Ablation,UseGlobalExpansion,0,1,17020,97,244,0.299166324996583,0.436926147704591,0.355155350044617,0.215920299861906,3.57692307692308,0.0621288259479215,0.563073852295409,1.6158914
urban_events,29,unit estimation weights,Ablation,UseWeights,0,1,17020,97,24,0.72529725297253,0.463331587218439,0.56544669969634,0.394162210338681,1,0.815903523648012,0.536668412781561,2.4590842
urban_events,29,unit support tests,Ablation,UseMultiplicitySupport,0,1,17020,97,39,0.991936586032527,0.441349954393433,0.610891339112869,0.439772176442075,1,0.930559382750069,0.558650045606567,3.419677
urban_events,29,MAD = 3,Sensitivity,MAD,3,1,17020,97,28,0.619789531228646,0.44679802955665,0.519264899524818,0.350680482523972,1,0.774421168687982,0.55320197044335,2.2054074
urban_events,29,MAD = 3.5,Sensitivity,MAD,3.5,1,17020,97,19,0.978679786797868,0.448178745775441,0.61481004507405,0.44384529564894,1,0.850160592096076,0.551821254224559,3.263979
urban_events,29,MAD = 4,Sensitivity,MAD,4,1,17020,97,57,0.570999043323767,0.494554924242424,0.530034887408817,0.360576508155692,1,0.426759214935376,0.505445075757576,1.5661819
urban_events,29,p_in = 0.7,Sensitivity,p_in,0.7,1,17020,97,20,0.978679786797868,0.447954460152634,0.614598978672274,0.443625325238508,1,0.850160592096076,0.552045539847366,3.4430537
urban_events,29,p_in = 0.8,Sensitivity,p_in,0.8,1,17020,97,19,0.978679786797868,0.448178745775441,0.61481004507405,0.44384529564894,1,0.850160592096076,0.551821254224559,3.1436861
urban_events,29,p_in = 0.9,Sensitivity,p_in,0.9,1,17020,97,14,0.980593139264726,0.44877408056042,0.615747693627977,0.444823310601364,1,0.879024390243902,0.55122591943958,3.3142866
urban_events,29,p_w = 0.7,Sensitivity,p_w,0.7,1,17020,97,20,0.978816454831215,0.448213279929908,0.614869505494505,0.44390727655882,1.2,0.848366378106674,0.551786720070092,3.209443
urban_events,29,p_w = 0.8,Sensitivity,p_w,0.8,1,17020,97,19,0.978679786797868,0.448178745775441,0.61481004507405,0.44384529564894,1,0.850160592096076,0.551821254224559,3.2466344
urban_events,29,p_w = 0.9,Sensitivity,p_w,0.9,1,17020,97,15,0.97813311466448,0.447536268134067,0.614097558882835,0.443103021297672,1,0.886963811652927,0.552463731865933,3.3156674
urban_events,29,overlap = 0.7,Sensitivity,overlap,0.7,1,17020,97,19,0.978679786797868,0.448178745775441,0.61481004507405,0.44384529564894,1,0.850160592096076,0.551821254224559,3.1916018
urban_events,29,overlap = 0.8,Sensitivity,overlap,0.8,1,17020,97,19,0.978679786797868,0.448178745775441,0.61481004507405,0.44384529564894,1,0.850160592096076,0.551821254224559,3.1704337
urban_events,29,overlap = 0.9,Sensitivity,overlap,0.9,1,17020,97,19,0.978679786797868,0.448178745775441,0.61481004507405,0.44384529564894,1,0.850160592096076,0.551821254224559,3.2048352
urban_events,29,eps_s = 0.015,Sensitivity,eps_s,0.015,1,17020,97,85,0.554325543255433,0.514982224479431,0.533930099387876,0.364191433958876,1.10526315789474,0.246301775147929,0.485017775520569,1.3054843
urban_events,29,eps_s = 0.02,Sensitivity,eps_s,0.02,1,17020,97,19,0.978679786797868,0.448178745775441,0.61481004507405,0.44384529564894,1,0.850160592096076,0.551821254224559,3.2194119
urban_events,29,eps_s = 0.025,Sensitivity,eps_s,0.025,1,17020,97,23,0.864561978953123,0.454617319439454,0.595892991710625,0.424392861934791,1.33333333333333,0.848561492254189,0.545382680560546,2.6185422
urban_events,29,eps_t = 0.005,Sensitivity,eps_t,0.005,1,17020,97,10,0.947109471094711,0.452941176470588,0.612813370473538,0.441767068273092,3,0.932323232323232,0.547058823529412,4.584022
urban_events,29,eps_t = 0.01,Sensitivity,eps_t,0.01,1,17020,97,11,0.96719967199672,0.450162203422174,0.614376247938189,0.443393271098302,1,0.931609439027837,0.549837796577826,3.3752629
urban_events,29,eps_t = 0.015,Sensitivity,eps_t,0.015,1,17020,97,38,0.615826158261583,0.479208763160693,0.538995215311005,0.368920910430653,1.14285714285714,0.536839769196627,0.520791236839307,1.7438554
urban_events,29,eps_t = 0.02,Sensitivity,eps_t,0.02,1,17020,97,19,0.978679786797868,0.448178745775441,0.61481004507405,0.44384529564894,1,0.850160592096076,0.551821254224559,3.1684726
urban_events,29,eps_t = 0.025,Sensitivity,eps_t,0.025,1,17020,97,19,0.978679786797868,0.448178745775441,0.61481004507405,0.44384529564894,1,0.850160592096076,0.551821254224559,3.1555
urban_events,29,Event retention = 25%,Sparsity,retention,0.25,1,4255,90,5,0.0226519337016575,0.398058252427184,0.0428646105593309,0.0219017094017094,1,0.0487804878048781,0.601941747572815,0.2591876
urban_events,29,Event retention = 25%,Sparsity,retention,0.25,2,4255,90,7,0.101973684210526,0.778242677824268,0.180319922443044,0.0990942994139584,1.33333333333333,0.0752688172043011,0.221757322175732,0.2436496
urban_events,29,Event retention = 25%,Sparsity,retention,0.25,3,4255,92,6,0.00708061002178649,0.08125,0.0130260521042084,0.00655572365103379,NaN,0.538461538461538,0.91875,0.2413904
urban_events,29,Event retention = 25%,Sparsity,retention,0.25,4,4255,92,5,0.0752164502164502,0.874213836477987,0.138515196811161,0.0744111349036403,1,0.0359712230215827,0.125786163522013,0.2247319
urban_events,29,Event retention = 25%,Sparsity,retention,0.25,5,4255,92,6,0.00268817204301075,0.0847457627118644,0.00521104742053153,0.0026123301985371,NaN,0,0.915254237288136,0.2635476
urban_events,29,Event retention = 50%,Sparsity,retention,0.5,1,8510,96,29,0.205036955926636,0.458665033680343,0.283390087022323,0.165087061935199,1.16666666666667,0.181575433911882,0.541334966319657,0.6652239
urban_events,29,Event retention = 50%,Sparsity,retention,0.5,2,8510,95,31,0.213796879277306,0.505829015544041,0.300558014238984,0.176856884057971,1.14285714285714,0.140845070422535,0.494170984455959,0.6690281
urban_events,29,Event retention = 50%,Sparsity,retention,0.5,3,8510,96,29,0.195550672892063,0.486671223513329,0.278996865203762,0.162112932604736,1,0.106741573033708,0.513328776486671,0.6017015
urban_events,29,Event retention = 50%,Sparsity,retention,0.5,4,8510,97,35,0.310947310947311,0.532242990654206,0.39255557470274,0.244210977701544,1.2,0.294117647058823,0.467757009345794,0.8630196
urban_events,29,Event retention = 50%,Sparsity,retention,0.5,5,8510,96,27,0.175833107558927,0.39718482252142,0.243755868544601,0.138793840889649,1.5,0.175654853620955,0.60281517747858,0.744558
urban_events,29,Event retention = 75%,Sparsity,retention,0.75,1,12765,96,60,0.417043604125204,0.499133824166306,0.454411039921143,0.294005102040816,1.25,0.40997830802603,0.500866175833694,1.1004842
urban_events,29,Event retention = 75%,Sparsity,retention,0.75,2,12765,96,52,0.503822351656352,0.482398048100383,0.492877492877493,0.32703213610586,1.5,0.429552023121387,0.517601951899617,1.0596555
urban_events,29,Event retention = 75%,Sparsity,retention,0.75,3,12765,97,47,0.525589101620029,0.486288536876171,0.505175617092807,0.337949810606061,1.2,0.375481611208406,0.513711463123829,0.9675654
urban_events,29,Event retention = 75%,Sparsity,retention,0.75,4,12765,96,60,0.469302240845327,0.503223285798007,0.485671191553545,0.320717131474104,1.2,0.357142857142857,0.496776714201993,0.9388021
urban_events,29,Event retention = 75%,Sparsity,retention,0.75,5,12765,96,54,0.466546112115732,0.516723412777889,0.490354461655421,0.324814301901045,1.11111111111111,0.340697674418605,0.483276587222111,0.9649543
urban_events,29,Added events = 5%,AddedEvents,added-event ratio,0.05,1,17871,97,18,0.98223315566489,0.428307508939213,0.596505789102378,0.42501478415139,1,0.845276193126478,0.571692491060787,3.452139
urban_events,29,Added events = 5%,AddedEvents,added-event ratio,0.05,2,17871,97,26,0.966242995763291,0.431492218492524,0.596574128765505,0.425084175084175,1,0.852758132956153,0.568507781507476,3.2180684
urban_events,29,Added events = 5%,AddedEvents,added-event ratio,0.05,3,17871,97,21,0.959136258029247,0.434094142388817,0.597683529211378,0.426211587513665,1,0.81903676261043,0.565905857611183,3.0410997
urban_events,29,Added events = 5%,AddedEvents,added-event ratio,0.05,4,17871,97,19,0.955309553095531,0.440120891575368,0.60261218155955,0.431241902646678,1,0.841058655221745,0.559879108424632,2.9149853
urban_events,29,Added events = 5%,AddedEvents,added-event ratio,0.05,5,17871,97,18,0.581249145824792,0.442329693187728,0.502362390739428,0.335436548623708,1,0.772866212085587,0.557670306812272,2.4805002
urban_events,29,Added events = 10%,AddedEvents,added-event ratio,0.1,1,18722,97,28,0.604619379527129,0.419575113808801,0.495380997704496,0.329240157773313,1.33333333333333,0.808318264014467,0.580424886191199,2.9371051
urban_events,29,Added events = 10%,AddedEvents,added-event ratio,0.1,2,18722,97,21,0.987153204865382,0.415616548708211,0.58495302883058,0.413380644422824,1,0.883981725044995,0.584383451291789,4.0524788
urban_events,29,Added events = 10%,AddedEvents,added-event ratio,0.1,3,18722,97,37,0.751537515375154,0.435875079264426,0.551748356995936,0.380975474573923,1,0.691034733587925,0.564124920735574,2.5845998
urban_events,29,Added events = 10%,AddedEvents,added-event ratio,0.1,4,18722,97,63,0.608992756594233,0.443913130105599,0.513511956208585,0.345453135902008,1,0.512118491921005,0.556086869894401,1.6413442
urban_events,29,Added events = 10%,AddedEvents,added-event ratio,0.1,5,18722,97,22,0.837638376383764,0.426543252835966,0.565249469703957,0.393970559876583,1,0.843204437918094,0.573456747164034,3.8036003
urban_events,29,Added events = 20%,AddedEvents,added-event ratio,0.2,1,20424,97,34,0.744294109607763,0.388085227677617,0.51016393442623,0.342429577464789,1.6,0.695372750642673,0.611914772322383,2.9681721
urban_events,29,Added events = 20%,AddedEvents,added-event ratio,0.2,2,20424,97,31,0.736640699740331,0.384725196288365,0.505462559197262,0.338206688837297,1,0.794063079777365,0.615274803711635,3.3255062
urban_events,29,Added events = 20%,AddedEvents,added-event ratio,0.2,3,20424,97,44,0.726937269372694,0.420108996129848,0.532485734307739,0.362848761852787,1,0.616845271667607,0.579891003870152,2.5406396
urban_events,29,Added events = 20%,AddedEvents,added-event ratio,0.2,4,20424,97,44,0.789667896678967,0.393811341330425,0.525535495020237,0.356424649929061,1,0.699030806507442,0.606188658669575,2.4146848
urban_events,29,Added events = 20%,AddedEvents,added-event ratio,0.2,5,20424,97,53,0.777504441711084,0.445357757945827,0.566323229306655,0.395014581308152,1.1,0.570223237827386,0.554642242054173,2.26498
urban_events,29,Added events = 30%,AddedEvents,added-event ratio,0.3,1,22126,97,23,0.933442667760011,0.352134460713549,0.511361509377457,0.343509530754916,1,0.803953147877013,0.647865539286451,3.8824859
urban_events,29,Added events = 30%,AddedEvents,added-event ratio,0.3,2,22126,97,31,0.801011343446768,0.356964492356416,0.493849005729693,0.327888111888112,1,0.749360177444122,0.643035507643584,3.1783314
urban_events,29,Added events = 30%,AddedEvents,added-event ratio,0.3,3,22126,97,13,0.961322946562799,0.347546815554128,0.510524023806068,0.342754117532404,1,0.895365368211544,0.652453184445872,4.9193161
urban_events,29,Added events = 30%,AddedEvents,added-event ratio,0.3,4,22126,97,13,0.990979909799098,0.338468001680437,0.504592901878914,0.33742845176602,1,0.894773134740036,0.661531998319563,4.806622
urban_events,29,Added events = 30%,AddedEvents,added-event ratio,0.3,5,22126,97,34,0.858821921552549,0.365923251615909,0.51318905675786,0.34516093595518,1.25,0.715149586250796,0.634076748384091,2.7067678
urban_events,29,Full LLGD runtime,Runtime,-,NaN,1,17020,97,19,0.978679786797868,0.448178745775441,0.61481004507405,0.44384529564894,1,0.850160592096076,0.551821254224559,3.2762691
urban_events,29,Full LLGD runtime,Runtime,-,NaN,2,17020,97,21,0.979226458931256,0.448569460965379,0.615285530270502,0.444341085271318,1.2,0.849127704117237,0.551430539034621,3.3084996
urban_events,29,Full LLGD runtime,Runtime,-,NaN,3,17020,97,21,0.980046467131338,0.447432457727585,0.614376285126799,0.443393309837383,1,0.833635476223679,0.552567542272415,3.3780178
urban_events,30,Full LLGD,Full,-,NaN,1,7480,84,18,0.168877833056938,0.375076734192756,0.232894987611969,0.131794650560828,1,0.453355155482815,0.624923265807244,0.4743243
urban_events,30,w/o weighted support,Ablation,UseWeights,0,1,7480,84,216,0.907407407407407,0.527643844423015,0.667276422764228,0.500686289461644,1.70967741935484,0.292415473652147,0.472356155576985,0.7284118
urban_events,30,w/o local verification,Ablation,UseVerification,0,1,7480,84,27,0.451077943615257,0.573839662447257,0.505106778087279,0.337888198757764,1,0.46078431372549,0.426160337552743,0.4103355
urban_events,30,w/o global expansion,Ablation,UseGlobalExpansion,0,1,7480,84,46,0.0635710337202875,0.237603305785124,0.100305276929786,0.0528007346189164,2,0,0.762396694214876,0.4734275
urban_events,30,unit estimation weights,Ablation,UseWeights,0,1,7480,84,19,0.145936981757877,0.348745046235139,0.20576773187841,0.114682884448306,1,0.215909090909091,0.651254953764861,0.4818069
urban_events,30,unit support tests,Ablation,UseMultiplicitySupport,0,1,7480,84,233,0.909342177998894,0.52197366333492,0.663239592782986,0.496154426180063,1.96774193548387,0.314589665653495,0.47802633666508,0.6932764
urban_events,30,MAD = 3,Sensitivity,MAD,3,1,7480,84,16,0.136539524599226,0.342342342342342,0.195218336297174,0.108167287059339,1,0.364372469635628,0.657657657657658,0.5178955
urban_events,30,MAD = 3.5,Sensitivity,MAD,3.5,1,7480,84,18,0.168877833056938,0.375076734192756,0.232894987611969,0.131794650560828,1,0.453355155482815,0.624923265807244,0.5279926
urban_events,30,MAD = 4,Sensitivity,MAD,4,1,7480,84,14,0.161415146489773,0.374119154388213,0.225526163351998,0.127094668117519,NaN,0.493150684931507,0.625880845611787,0.4564437
urban_events,30,p_in = 0.7,Sensitivity,p_in,0.7,1,7480,84,20,0.255666113875069,0.469543147208122,0.331066571224052,0.198370147973408,1,0.474594594594595,0.530456852791878,0.4474188
urban_events,30,p_in = 0.8,Sensitivity,p_in,0.8,1,7480,84,18,0.168877833056938,0.375076734192756,0.232894987611969,0.131794650560828,1,0.453355155482815,0.624923265807244,0.4814594
urban_events,30,p_in = 0.9,Sensitivity,p_in,0.9,1,7480,84,14,0.218629076838032,0.442146450531023,0.292583687812095,0.171360485268631,1,0.496839443742099,0.557853549468977,0.4612763
urban_events,30,p_w = 0.7,Sensitivity,p_w,0.7,1,7480,84,16,0.166943062465451,0.388674388674389,0.233565351894818,0.132224168126095,1,0.44205298013245,0.611325611325611,0.4952887
urban_events,30,p_w = 0.8,Sensitivity,p_w,0.8,1,7480,84,18,0.168877833056938,0.375076734192756,0.232894987611969,0.131794650560828,1,0.453355155482815,0.624923265807244,0.4609409
urban_events,30,p_w = 0.9,Sensitivity,p_w,0.9,1,7480,84,18,0.168877833056938,0.375076734192756,0.232894987611969,0.131794650560828,1,0.453355155482815,0.624923265807244,0.467648
urban_events,30,overlap = 0.7,Sensitivity,overlap,0.7,1,7480,84,18,0.168877833056938,0.375076734192756,0.232894987611969,0.131794650560828,1,0.453355155482815,0.624923265807244,0.4683464
urban_events,30,overlap = 0.8,Sensitivity,overlap,0.8,1,7480,84,18,0.168877833056938,0.375076734192756,0.232894987611969,0.131794650560828,1,0.453355155482815,0.624923265807244,0.4513689
urban_events,30,overlap = 0.9,Sensitivity,overlap,0.9,1,7480,84,17,0.225815367606412,0.446204259967231,0.299871536061663,0.176381692573402,1,0.509179926560588,0.553795740032769,0.4703144
urban_events,30,eps_s = 0.015,Sensitivity,eps_s,0.015,1,7480,84,16,0.1489773355445,0.36716621253406,0.211954384585136,0.118539696503189,1,0.0853432282003711,0.63283378746594,0.4688597
urban_events,30,eps_s = 0.02,Sensitivity,eps_s,0.02,1,7480,84,18,0.168877833056938,0.375076734192756,0.232894987611969,0.131794650560828,1,0.453355155482815,0.624923265807244,0.4805396
urban_events,30,eps_s = 0.025,Sensitivity,eps_s,0.025,1,7480,84,15,0.287728026533997,0.446397941680961,0.349915966386555,0.212059482583011,NaN,0.633045148895293,0.553602058319039,0.5112304
urban_events,30,eps_t = 0.005,Sensitivity,eps_t,0.005,1,7480,84,7,0.186567164179104,0.383959044368601,0.251116071428571,0.143586470963625,NaN,0.85037037037037,0.616040955631399,0.4955531
urban_events,30,eps_t = 0.01,Sensitivity,eps_t,0.01,1,7480,84,13,0.253454947484798,0.480104712041885,0.331765557163531,0.198872261982216,NaN,0.535441657579062,0.519895287958115,0.497243
urban_events,30,eps_t = 0.015,Sensitivity,eps_t,0.015,1,7480,84,17,0.122719734660033,0.317142857142857,0.176962933439617,0.0970703979011806,1,0.369369369369369,0.682857142857143,0.4584588
urban_events,30,eps_t = 0.02,Sensitivity,eps_t,0.02,1,7480,84,18,0.168877833056938,0.375076734192756,0.232894987611969,0.131794650560828,1,0.453355155482815,0.624923265807244,0.5497232
urban_events,30,eps_t = 0.025,Sensitivity,eps_t,0.025,1,7480,84,18,0.168877833056938,0.375076734192756,0.232894987611969,0.131794650560828,1,0.453355155482815,0.624923265807244,0.4757672
urban_events,30,Event retention = 25%,Sparsity,retention,0.25,1,1870,71,1,0.0143171806167401,0.481481481481481,0.027807486631016,0.0140997830802603,NaN,0,0.518518518518518,0.0707833
urban_events,30,Event retention = 25%,Sparsity,retention,0.25,2,1870,75,1,0.0150115473441109,0.325,0.0286975717439294,0.0145576707726764,NaN,0.153846153846154,0.675,0.0804962
urban_events,30,Event retention = 25%,Sparsity,retention,0.25,3,1870,73,1,0.00112359550561798,0.0666666666666667,0.00220994475138122,0.00110619469026549,NaN,0,0.933333333333333,0.0729997
urban_events,30,Event retention = 25%,Sparsity,retention,0.25,4,1870,77,1,0,0,0,0,NaN,NaN,1,0.0676919
urban_events,30,Event retention = 25%,Sparsity,retention,0.25,5,1870,75,2,0.00108108108108108,0.0666666666666667,0.00212765957446809,0.00106496272630458,NaN,0,0.933333333333333,0.074884
urban_events,30,Event retention = 50%,Sparsity,retention,0.5,1,3740,81,8,0.0614130434782609,0.257403189066059,0.0991663010092146,0.0521698984302862,1,0.106194690265487,0.742596810933941,0.2246401
urban_events,30,Event retention = 50%,Sparsity,retention,0.5,2,3740,81,6,0.0307950727883539,0.276381909547739,0.0554156171284635,0.0284974093264249,1,0.0545454545454546,0.723618090452261,0.2217369
urban_events,30,Event retention = 50%,Sparsity,retention,0.5,3,3740,77,3,0.0259009009009009,0.214953271028037,0.0462311557788945,0.0236625514403292,NaN,0.260869565217391,0.785046728971963,0.2209981
urban_events,30,Event retention = 50%,Sparsity,retention,0.5,4,3740,79,5,0.0215469613259669,0.204188481675393,0.0389805097451274,0.0198776758409786,1,0.102564102564103,0.795811518324607,0.2181447
urban_events,30,Event retention = 50%,Sparsity,retention,0.5,5,3740,78,6,0.0584988962472406,0.350993377483444,0.100283822138127,0.0527888446215139,1,0.0188679245283019,0.649006622516556,0.2075937
urban_events,30,Event retention = 75%,Sparsity,retention,0.75,1,5610,83,18,0.0880619012527634,0.261487964989059,0.131753031973539,0.0705222779580997,1,0.112970711297071,0.738512035010941,0.3684409
urban_events,30,Event retention = 75%,Sparsity,retention,0.75,2,5610,80,13,0.0911753936287074,0.267167381974249,0.135954135954136,0.0729349736379613,1,0.0963855421686747,0.732832618025751,0.4041103
urban_events,30,Event retention = 75%,Sparsity,retention,0.75,3,5610,83,13,0.140344311377246,0.353107344632768,0.200856989823246,0.111640369157487,1,0.306666666666667,0.646892655367232,0.4063122
urban_events,30,Event retention = 75%,Sparsity,retention,0.75,4,5610,84,18,0.102573529411765,0.34529702970297,0.158163265306122,0.0858725761772853,1,0.00358422939068104,0.65470297029703,0.4020326
urban_events,30,Event retention = 75%,Sparsity,retention,0.75,5,5610,82,14,0.117170228445099,0.315789473684211,0.17092179521634,0.0934469585659712,1,0.349056603773585,0.684210526315789,0.309712
urban_events,30,Added events = 5%,AddedEvents,added-event ratio,0.05,1,7854,84,21,0.36318407960199,0.560580204778157,0.440791680644079,0.282702237521515,1,0.469558599695586,0.439419795221843,0.5166119
urban_events,30,Added events = 5%,AddedEvents,added-event ratio,0.05,2,7854,84,17,0.290491984521835,0.504560729716755,0.368707244343098,0.226021505376344,1,0.495718363463368,0.495439270283245,0.5360636
urban_events,30,Added events = 5%,AddedEvents,added-event ratio,0.05,3,7854,84,19,0.294361525704809,0.492599444958372,0.368512110726644,0.225874867444327,1,0.492957746478873,0.507400555041628,0.4795372
urban_events,30,Added events = 5%,AddedEvents,added-event ratio,0.05,4,7854,84,16,0.168601437258154,0.374923171481254,0.232602478551001,0.131607335490831,1,0.452459016393443,0.625076828518746,0.5381997
urban_events,30,Added events = 5%,AddedEvents,added-event ratio,0.05,5,7854,84,19,0.229132117191819,0.440488841657811,0.301454545454545,0.177478056090773,2,0.503015681544029,0.559511158342189,0.4657716
urban_events,30,Added events = 10%,AddedEvents,added-event ratio,0.1,1,8228,84,21,0.227473742399116,0.421618852459016,0.295511669658887,0.173372656414578,1,0.3681652490887,0.578381147540984,0.5492574
urban_events,30,Added events = 10%,AddedEvents,added-event ratio,0.1,2,8228,84,22,0.250138197899392,0.445812807881773,0.320467422096317,0.190807505798018,1,0.419889502762431,0.554187192118227,0.5119829
urban_events,30,Added events = 10%,AddedEvents,added-event ratio,0.1,3,8228,84,21,0.283582089552239,0.468279324509356,0.353244964709933,0.214509721931842,1,0.519493177387914,0.531720675490644,0.5249082
urban_events,30,Added events = 10%,AddedEvents,added-event ratio,0.1,4,8228,84,25,0.321448313985627,0.487835570469799,0.387537487504165,0.240338912998553,1.33333333333333,0.477214101461737,0.512164429530201,0.4966517
urban_events,30,Added events = 10%,AddedEvents,added-event ratio,0.1,5,8228,84,25,0.317578772802653,0.503064798598949,0.389359539139275,0.241742057647801,1,0.46562228024369,0.496935201401051,0.5289249
urban_events,30,Added events = 20%,AddedEvents,added-event ratio,0.2,1,8976,84,33,0.328358208955224,0.468639053254438,0.386153096050707,0.239274924471299,1,0.374579124579125,0.531360946745562,0.6448216
urban_events,30,Added events = 20%,AddedEvents,added-event ratio,0.2,2,8976,84,24,0.34383637368712,0.510463684858433,0.410900082576383,0.258574101018499,1,0.385048231511254,0.489536315141567,0.6117587
urban_events,30,Added events = 20%,AddedEvents,added-event ratio,0.2,3,8976,84,20,0.345771144278607,0.510612244897959,0.412326961107449,0.259705210712061,1,0.457234212629896,0.489387755102041,0.5795409
urban_events,30,Added events = 20%,AddedEvents,added-event ratio,0.2,4,8976,84,28,0.333333333333333,0.478571428571429,0.392961876832845,0.244525547445255,1,0.355721393034826,0.521428571428571,0.667116
urban_events,30,Added events = 20%,AddedEvents,added-event ratio,0.2,5,8976,84,21,0.294637921503593,0.479963980189104,0.36513101558486,0.223339618688456,1,0.518761726078799,0.520036019810896,0.7271105
urban_events,30,Added events = 30%,AddedEvents,added-event ratio,0.3,1,9724,84,26,0.441680486456606,0.532134532134532,0.482706539797614,0.318136571769859,1,0.426783479349186,0.467865467865468,0.7316495
urban_events,30,Added events = 30%,AddedEvents,added-event ratio,0.3,2,9724,84,32,0.376451077943615,0.523644752018454,0.438012542209358,0.280420012353304,1,0.397209985315712,0.476355247981546,0.7002859
urban_events,30,Added events = 30%,AddedEvents,added-event ratio,0.3,3,9724,84,24,0.317855168601437,0.48197820620285,0.383077948034644,0.236918005768438,1,0.469565217391304,0.51802179379715,0.7336452
urban_events,30,Added events = 30%,AddedEvents,added-event ratio,0.3,4,9724,84,27,0.264787175234936,0.438042981252858,0.330060292850991,0.197648029709098,1,0.405010438413361,0.561957018747142,0.7221572
urban_events,30,Added events = 30%,AddedEvents,added-event ratio,0.3,5,9724,84,26,0.255389718076285,0.435849056603774,0.322063436737539,0.191940174491068,1,0.417748917748918,0.564150943396226,0.7431061
urban_events,30,Full LLGD runtime,Runtime,-,NaN,1,7480,84,18,0.168877833056938,0.375076734192756,0.232894987611969,0.131794650560828,1,0.453355155482815,0.624923265807244,0.4812658
urban_events,30,Full LLGD runtime,Runtime,-,NaN,2,7480,84,17,0.220287451630735,0.430578065910319,0.291460961784604,0.170590753424658,1,0.499372647427854,0.569421934089681,0.4513781
urban_events,30,Full LLGD runtime,Runtime,-,NaN,3,7480,84,16,0.167219458264234,0.383639822447685,0.232916265640038,0.131808278867102,1,0.449586776859504,0.616360177552315,0.506756
