Sequence,Method,Index,Tolerance,Matched,Predicted,Reference,Precision,Recall,F1
urban,rt,131,3,1058,1676,2945,0.6312649164677804,0.35925297113752125,0.45790954338887685
urban,rt,132,3,1036,1490,2989,0.6953020134228188,0.34660421545667447,0.46260325965617327
urban,rt,133,3,1128,1661,3069,0.679108970499699,0.3675464320625611,0.47695560253699787
urban,rt,134,3,1202,1699,3072,0.707474985285462,0.3912760416666667,0.50387759379585
urban,rt,135,3,1029,1574,2985,0.6537484116899619,0.34472361809045227,0.4514147839438473
urban,rt,136,3,1047,1599,2993,0.6547842401500938,0.34981623788840627,0.4560104529616725
urban,rt,137,3,1098,1635,3049,0.671559633027523,0.3601180714988521,0.46883005977796754
urban,rt,138,3,1284,1705,3085,0.7530791788856305,0.41620745542949755,0.5361169102296451
urban,rt,139,3,1238,1684,3024,0.7351543942992874,0.4093915343915344,0.5259133389974512
urban,rt,140,3,1255,1784,3040,0.70347533632287,0.4128289473684211,0.5203150912106136
urban,rt,141,3,1222,1719,3076,0.7108784176847004,0.3972691807542263,0.5096976016684046
urban,rt,142,3,1259,1744,3156,0.7219036697247706,0.39892268694550065,0.5138775510204082
urban,rt,143,3,1187,1720,3003,0.6901162790697675,0.39527139527139526,0.502646622909168
urban,rt,144,3,1284,1773,2977,0.7241962774957699,0.4313066845817938,0.5406315789473685
urban,rt,145,3,1194,1661,3014,0.7188440698374473,0.39615129396151294,0.5108021390374331
urban,rt,146,3,1242,1691,3014,0.7344766410408042,0.41207697412076977,0.5279489904357066
urban,rt,147,3,1338,1795,3008,0.7454038997214485,0.44481382978723405,0.5571517801374141
urban,rt,148,3,1377,1818,3078,0.7574257425742574,0.4473684210526316,0.5625
urban,rt,149,3,1265,1744,3094,0.7253440366972477,0.4088558500323206,0.5229433650268706
urban,rt,150,3,1232,1761,3061,0.6996024985803521,0.4024828487422411,0.5109912899211946
urban,rt,151,3,1200,1776,2974,0.6756756756756757,0.4034969737726967,0.5052631578947369
urban,rt,152,3,1211,1800,3071,0.6727777777777778,0.39433409312927387,0.49722849517552864
urban,rt,153,3,1046,1579,3018,0.662444585180494,0.3465871438038436,0.4550793996084403
urban,rt,154,3,1182,1671,3151,0.7073608617594255,0.3751190098381466,0.49025300705101615
urban,rt,155,3,1068,1667,3098,0.6406718656268746,0.3447385409941898,0.4482686253934942
urban,rt,156,3,1182,1770,3159,0.6677966101694915,0.3741690408357075,0.4796104686548996
urban,rt,157,3,1104,1596,3126,0.6917293233082706,0.3531669865642994,0.4675984752223634
urban,rt,158,3,1164,1577,3176,0.7381103360811667,0.36649874055415615,0.4897959183673469
urban,rt,159,3,1256,1750,3144,0.7177142857142857,0.3994910941475827,0.513281569268492
urban,rt,160,3,1264,1677,3219,0.753726893261777,0.3926685305995651,0.5163398692810458
urban,rt,161,3,1245,1742,3153,0.7146957520091849,0.3948620361560419,0.508682328907048
urban,rt,162,3,1142,1663,2969,0.6867107636800962,0.38464129336476927,0.4930915371329879
urban,rt,163,3,1223,1755,2959,0.6968660968660969,0.4133153092260899,0.518879932117098
urban,rt,164,3,1133,1706,2813,0.664126611957796,0.40277284038393174,0.5014383713210887
urban,rt,165,3,1145,1713,2981,0.6684179801517806,0.38409929553840993,0.4878568385172561
urban,rt,166,3,996,1580,2781,0.6303797468354431,0.3581445523193096,0.45677596881449206
urban,rt,167,3,959,1545,2916,0.6207119741100323,0.32887517146776407,0.42994844205335125
urban,rt,168,3,1214,1801,2873,0.674069961132704,0.422554820744866,0.519469405220368
urban,rt,169,3,1157,1727,2866,0.6699478865083961,0.40369853454291693,0.5038101458741563
urban,rt,170,3,1107,1636,2895,0.6766503667481663,0.38238341968911915,0.488633855661002
urban,rt,171,3,1122,1707,2942,0.6572934973637962,0.3813732154996601,0.4826844482684448
urban,rt,172,3,1127,1751,2902,0.6436322101656197,0.3883528600964852,0.4844186546314206
urban,rt,173,3,1167,1717,2979,0.679673849737915,0.391742195367573,0.49701873935264057
urban,rt,174,3,973,1517,3058,0.6413974950560316,0.3181818181818182,0.4253551912568306
urban,rt,175,3,1024,1543,3039,0.6636422553467272,0.33695294504771306,0.4469663902226102
urban,rt,176,3,881,1554,3103,0.5669240669240669,0.2839187882694167,0.3783551642688426
urban,rt,177,3,1052,1640,3035,0.6414634146341464,0.34662273476112027,0.4500534759358289
urban,rt,178,3,1167,1660,3040,0.7030120481927711,0.3838815789473684,0.49659574468085105
urban,rt,179,3,1102,1650,3041,0.6678787878787878,0.36238079579085825,0.46983585589426563
urban,rt,180,3,1215,1735,3125,0.7002881844380403,0.3888,0.5
urban,rt,181,3,1300,1858,3086,0.6996770721205597,0.42125729099157483,0.5258899676375405
urban,rt,182,3,1085,1644,3166,0.6599756690997567,0.3427037271004422,0.45114345114345117
urban,rt,183,3,1171,1780,3131,0.6578651685393259,0.3740019163206643,0.4768886173895337
urban,rt,184,3,1058,1632,3067,0.6482843137254902,0.34496250407564394,0.4503085762928283
urban,rt,185,3,1130,1740,3083,0.6494252873563219,0.3665261109309115,0.4685880157578271
urban,rt,186,3,1246,1704,3126,0.7312206572769953,0.39859245041586694,0.5159420289855072
urban,rt,187,3,1018,1524,2996,0.6679790026246719,0.33978638184245663,0.4504424778761062
urban,rt,188,3,1105,1596,3045,0.6923558897243107,0.36288998357963875,0.47619047619047616
urban,rt,189,3,891,1430,3105,0.6230769230769231,0.28695652173913044,0.3929437706725469
urban,rt,190,3,1168,1688,3171,0.6919431279620853,0.3683380637023021,0.48075735748096315
urban,rt,191,3,1098,1644,3105,0.6678832116788321,0.3536231884057971,0.4624131396083386
urban,rt,192,3,1163,1725,3210,0.6742028985507247,0.36230529595015576,0.4713272543059777
urban,rt,193,3,966,1541,3142,0.6268656716417911,0.30744748567791214,0.4125560538116592
urban,rt,194,3,824,1392,2979,0.5919540229885057,0.2766028868747902,0.3770304278197209
urban,rt,195,3,795,1374,2974,0.5786026200873362,0.26731674512441156,0.3656853725850966
urban,rt,196,3,1027,1564,3067,0.6566496163682864,0.3348549070753179,0.44353271431656227
urban,rt,197,3,1060,1533,3060,0.6914546640574037,0.3464052287581699,0.4615719573263662
urban,rt,198,3,1182,1702,3033,0.6944770857814336,0.3897131552917903,0.4992608236536431
urban,rt,199,3,1181,1725,3050,0.6846376811594203,0.38721311475409836,0.4946596858638743
urban,rt,200,3,1056,1546,3119,0.6830530401034929,0.33857005450464894,0.4527331189710611
urban,rt,201,3,1172,1734,3247,0.6758938869665513,0.36094856790883895,0.47058823529411764
urban,rt,202,3,1213,1787,3227,0.6787912702853945,0.375890920359467,0.48384523334662943
urban,rt,203,3,1231,1763,3256,0.6982416335791265,0.37807125307125306,0.4905359633393106
urban,rt,204,3,1378,1867,3248,0.7380824852704874,0.42426108374384236,0.5388074291300098
urban,rt,205,3,1297,1849,3182,0.701460248783126,0.40760527969830296,0.5156032597893063
urban,rt,206,3,1106,1608,3150,0.6878109452736318,0.3511111111111111,0.46490121899957965
urban,rt,207,3,1279,1857,3229,0.6887452880990845,0.39609786311551565,0.5029492725127802
urban,rt,208,3,1267,1784,3231,0.7102017937219731,0.39213865676261217,0.505284147557328
urban,rt,209,3,1316,1963,3155,0.6704024452368823,0.41711568938193344,0.5142633841344275
urban,rt,210,3,1211,1793,3087,0.675404350250976,0.3922902494331066,0.49631147540983606
urban,rt,211,3,1214,1733,3341,0.7005193306405078,0.363364262196947,0.47851793456838787
urban,rt,212,3,1154,1635,3424,0.7058103975535168,0.33703271028037385,0.4562166436054556
urban,rt,213,3,1173,1611,3378,0.7281191806331471,0.347246891651865,0.4702345159350571
urban,rt,214,3,1245,1605,3407,0.7757009345794392,0.3654241267977693,0.4968076616121309
urban,rt,215,3,1184,1642,3366,0.7210718635809987,0.35175282234105765,0.4728434504792332
urban,rt,216,3,1367,1773,3360,0.7710095882684715,0.4068452380952381,0.5326319890902007
urban,rt,217,3,1156,1676,3277,0.6897374701670644,0.3527616722612145,0.46678780537048253
urban,rt,218,3,1264,1754,3304,0.7206385404789054,0.38256658595641646,0.49980229339659943
urban,rt,219,3,1230,1691,3261,0.7273802483737434,0.37718491260349585,0.49676898222940225
urban,rt,220,3,1136,1645,3176,0.6905775075987842,0.35768261964735515,0.47127152043144577
urban,rt,221,3,941,1466,3124,0.6418826739427013,0.30121638924455824,0.41002178649237475
urban,rt,222,3,1139,1588,3004,0.7172544080604534,0.37916111850865514,0.4960801393728223
urban,rt,223,3,1290,1824,3188,0.7072368421052632,0.40464240903387705,0.5147645650438947
urban,rt,224,3,1183,1736,3168,0.6814516129032258,0.3734217171717172,0.48246329526916804
urban,rt,225,3,1227,1709,3143,0.7179637214745466,0.390391345847916,0.5057708161582852
urban,rt,226,3,1278,1806,3185,0.707641196013289,0.40125588697017267,0.5121218192746945
urban,rt,227,3,1276,1796,3125,0.7104677060133631,0.40832,0.5185937817516765
urban,rt,228,3,1187,1664,3148,0.7133413461538461,0.37706480304955525,0.4933499584372402
urban,rt,229,3,1282,1732,3108,0.7401847575057737,0.4124839124839125,0.5297520661157025
urban,rt,230,3,1301,1782,3103,0.7300785634118967,0.4192716725749275,0.5326509723643807
urban,rt,231,3,1296,1741,3097,0.7443997702469844,0.41846948659993544,0.5357585779247623
urban,rt,232,3,1321,1796,3123,0.7355233853006682,0.42299071405699645,0.5371010367960968
urban,rt,233,3,1300,1712,3126,0.7593457943925234,0.41586692258477287,0.5374121537825548
urban,rt,234,3,1125,1669,3051,0.6740563211503895,0.3687315634218289,0.4766949152542373
urban,rt,235,3,1290,1801,2996,0.7162687395891172,0.43057409879839786,0.5378361475922452
urban,rt,236,3,1311,1785,3108,0.7344537815126051,0.4218146718146718,0.5358675659104843
urban,rt,237,3,1348,1865,3073,0.7227882037533512,0.4386592905955093,0.5459700283515594
urban,rt,238,3,1372,1818,3123,0.7546754675467546,0.4393211655459494,0.5553531673750253
urban,rt,239,3,1422,1852,3161,0.7678185745140389,0.4498576399873458,0.5673249551166966
urban,rt,240,3,1189,1651,3149,0.7201695941853422,0.3775801841854557,0.49541666666666667
urban,rt,241,3,1321,1800,3117,0.7338888888888889,0.423804940648059,0.5373195037624567
urban,rt,242,3,1399,1816,3146,0.7703744493392071,0.44469167196439924,0.5638855300282144
urban,rt,243,3,1429,1901,3117,0.751709626512362,0.4584536413217838,0.5695496213630928
urban,rt,244,3,1188,1646,3184,0.7217496962332929,0.3731155778894472,0.4919254658385093
urban,rt,245,3,1391,1747,3247,0.7962220950200344,0.42839544194641205,0.5570684821786144
urban,rt,246,3,1224,1555,3208,0.7871382636655948,0.38154613466334164,0.5139617887885787
urban,rt,247,3,1313,1701,3227,0.7718988830099941,0.4068794546017973,0.5328733766233766
urban,rt,248,3,1369,1748,3237,0.7831807780320366,0.4229224590670374,0.5492477432296891
urban,rt,249,3,1250,1609,3196,0.7768800497203232,0.3911138923654568,0.5202913631633714
urban,rt,250,3,1280,1654,3178,0.7738814993954051,0.4027690371302706,0.5298013245033113
urban,rt,251,3,1493,1880,3179,0.7941489361702128,0.4696445423089022,0.5902352243526389
urban,rt,252,3,1457,1953,3227,0.746031746031746,0.451502943910753,0.5625482625482625
urban,rt,253,3,1453,1813,3220,0.8014340871483728,0.4512422360248447,0.5773892310749056
urban,rt,254,3,1332,1722,3160,0.7735191637630662,0.4215189873417722,0.5456780008193364
urban,rt,255,3,1267,1675,3013,0.7564179104477612,0.42051111848655826,0.5405290102389079
urban,rt,256,3,1276,1654,3050,0.7714631197097944,0.4183606557377049,0.5425170068027211
urban,rt,257,3,1396,1747,3163,0.799084144247281,0.4413531457477079,0.5686354378818738
urban,rt,258,3,1385,1758,3178,0.7878270762229806,0.4358086847073631,0.5611831442463533
urban,rt,259,3,1330,1724,3114,0.771461716937355,0.4271034039820167,0.5498139727159983
urban,rt,260,3,1357,1761,3140,0.7705848949460534,0.4321656050955414,0.5537645378494185
urban,rt,131,6,1224,1676,2945,0.7303102625298329,0.4156196943972835,0.5297554641852413
urban,rt,132,6,1174,1490,2989,0.7879194630872484,0.39277350284376045,0.5242241571779415
urban,rt,133,6,1334,1661,3069,0.8031306441902468,0.4346692733789508,0.5640591966173362
urban,rt,134,6,1359,1699,3072,0.7998822836962919,0.4423828125,0.5696918884929784
urban,rt,135,6,1184,1574,2985,0.7522236340533672,0.3966499162479062,0.5194121517876727
urban,rt,136,6,1254,1599,2993,0.7842401500938087,0.4189776144336786,0.5461672473867596
urban,rt,137,6,1262,1635,3049,0.7718654434250765,0.4139061987536897,0.5388556789069172
urban,rt,138,6,1421,1705,3085,0.8334310850439882,0.4606158833063209,0.5933194154488518
urban,rt,139,6,1372,1684,3024,0.8147268408551069,0.4537037037037037,0.5828377230246389
urban,rt,140,6,1387,1784,3040,0.7774663677130045,0.45625,0.5750414593698175
urban,rt,141,6,1344,1719,3076,0.7818499127399651,0.43693107932379716,0.5605839416058395
urban,rt,142,6,1420,1744,3156,0.8142201834862385,0.449936628643853,0.5795918367346938
urban,rt,143,6,1304,1720,3003,0.7581395348837209,0.43423243423243424,0.5521914037687911
urban,rt,144,6,1409,1773,2977,0.7946982515510435,0.4732952636882768,0.5932631578947368
urban,rt,145,6,1289,1661,3014,0.7760385310054184,0.42767086927670867,0.5514438502673796
urban,rt,146,6,1375,1691,3014,0.8131283264340626,0.4562043795620438,0.5844845908607864
urban,rt,147,6,1464,1795,3008,0.8155988857938719,0.4867021276595745,0.6096189881324172
urban,rt,148,6,1508,1818,3078,0.8294829482948295,0.4899285250162443,0.6160130718954249
urban,rt,149,6,1405,1744,3094,0.8056192660550459,0.45410471881060116,0.5808185200496073
urban,rt,150,6,1373,1761,3061,0.7796706416808632,0.44854622672329303,0.5694732476150974
urban,rt,151,6,1318,1776,2974,0.7421171171171171,0.44317417619367855,0.5549473684210526
urban,rt,152,6,1370,1800,3071,0.7611111111111111,0.4461087593617714,0.562512831040854
urban,rt,153,6,1168,1579,3018,0.7397086763774541,0.38701126573889993,0.5081574940178377
urban,rt,154,6,1301,1671,3151,0.7785757031717534,0.4128847984766741,0.5396101202820407
urban,rt,155,6,1230,1667,3098,0.7378524295140971,0.39703034215622984,0.5162644281217209
urban,rt,156,6,1297,1770,3159,0.7327683615819209,0.4105729661285217,0.5262730777033882
urban,rt,157,6,1221,1596,3126,0.7650375939849624,0.390595009596929,0.5171537484116899
urban,rt,158,6,1264,1577,3176,0.8015218769816107,0.3979848866498741,0.531874605512308
urban,rt,159,6,1363,1750,3144,0.7788571428571428,0.43352417302798985,0.5570085819370658
urban,rt,160,6,1378,1677,3219,0.8217054263565892,0.4280832556694626,0.5629084967320261
urban,rt,161,6,1360,1742,3153,0.7807118254879449,0.43133523628290515,0.5556690500510725
urban,rt,162,6,1325,1663,2969,0.7967528562838244,0.44627820815089253,0.5721070811744386
urban,rt,163,6,1359,1755,2959,0.7743589743589744,0.45927678269685707,0.5765803988120493
urban,rt,164,6,1251,1706,2813,0.7332942555685815,0.44472093849982225,0.5536623146713875
urban,rt,165,6,1266,1713,2981,0.7390542907180385,0.424689701442469,0.5394120153387303
urban,rt,166,6,1114,1580,2781,0.7050632911392405,0.40057533261416756,0.5108919972483376
urban,rt,167,6,1070,1545,2916,0.6925566343042071,0.3669410150891632,0.4797130688186505
urban,rt,168,6,1312,1801,2873,0.7284841754580789,0.45666550643926207,0.5614035087719298
urban,rt,169,6,1257,1727,2866,0.7278517660683266,0.4385903698534543,0.5473546701502287
urban,rt,170,6,1200,1636,2895,0.7334963325183375,0.41450777202072536,0.5296843963804899
urban,rt,171,6,1257,1707,2942,0.7363796133567663,0.42726036709721277,0.5407614540761454
urban,rt,172,6,1227,1751,2902,0.7007424328954883,0.4228118538938663,0.5274016763378465
urban,rt,173,6,1256,1717,2979,0.7315084449621433,0.42161799261497146,0.534923339011925
urban,rt,174,6,1078,1517,3058,0.7106130520764667,0.35251798561151076,0.4712568306010929
urban,rt,175,6,1110,1543,3039,0.7193778353856124,0.36525172754195456,0.4845045831514622
urban,rt,176,6,1023,1554,3103,0.6583011583011583,0.32968095391556557,0.43933863001932577
urban,rt,177,6,1171,1640,3035,0.7140243902439024,0.385831960461285,0.5009625668449198
urban,rt,178,6,1263,1660,3040,0.7608433734939759,0.41546052631578945,0.5374468085106383
urban,rt,179,6,1194,1650,3041,0.7236363636363636,0.39263400197303516,0.5090599019398849
urban,rt,180,6,1304,1735,3125,0.7515850144092219,0.41728,0.5366255144032922
urban,rt,181,6,1392,1858,3086,0.7491926803013994,0.4510693454309786,0.5631067961165048
urban,rt,182,6,1227,1644,3166,0.7463503649635036,0.3875552747946936,0.5101871101871102
urban,rt,183,6,1300,1780,3131,0.7303370786516854,0.415202810603641,0.5294237426186112
urban,rt,184,6,1195,1632,3067,0.7322303921568627,0.3896315617867623,0.5086188550755479
urban,rt,185,6,1240,1740,3083,0.7126436781609196,0.4022056438533896,0.5142027783537217
urban,rt,186,6,1352,1704,3126,0.7934272300469484,0.4325015994881638,0.5598343685300207
urban,rt,187,6,1134,1524,2996,0.7440944881889764,0.37850467289719625,0.5017699115044247
urban,rt,188,6,1198,1596,3045,0.7506265664160401,0.393431855500821,0.5162680456798104
urban,rt,189,6,1013,1430,3105,0.7083916083916084,0.3262479871175523,0.44674751929437706
urban,rt,190,6,1262,1688,3171,0.7476303317535545,0.3979817092399874,0.5194484461823421
urban,rt,191,6,1229,1644,3105,0.7475669099756691,0.3958132045088567,0.5175826489787324
urban,rt,192,6,1266,1725,3210,0.7339130434782609,0.394392523364486,0.5130699088145897
urban,rt,193,6,1112,1541,3142,0.7216093445814407,0.3539147040101846,0.47490924620969466
urban,rt,194,6,944,1392,2979,0.6781609195402298,0.31688486069150723,0.4319377716769618
urban,rt,195,6,942,1374,2974,0.6855895196506551,0.31674512441156694,0.43330266789328425
urban,rt,196,6,1140,1564,3067,0.7289002557544757,0.3716987283990871,0.4923342690563593
urban,rt,197,6,1159,1533,3060,0.7560339204174821,0.3787581699346405,0.5046810363596778
urban,rt,198,6,1295,1702,3033,0.7608695652173914,0.4269699967029344,0.5469904963041182
urban,rt,199,6,1277,1725,3050,0.7402898550724638,0.4186885245901639,0.534869109947644
urban,rt,200,6,1164,1546,3119,0.7529107373868047,0.3731965373517153,0.49903536977491963
urban,rt,201,6,1264,1734,3247,0.7289504036908881,0.3892824145364952,0.5075286087131098
urban,rt,202,6,1327,1787,3227,0.7425853385562395,0.4112178493957236,0.5293179098524132
urban,rt,203,6,1342,1763,3256,0.7612024957458877,0.41216216216216217,0.5347678820482168
urban,rt,204,6,1470,1867,3248,0.7873594001071237,0.4525862068965517,0.5747800586510264
urban,rt,205,6,1426,1849,3182,0.7712276906435911,0.4481458202388435,0.5668853110713575
urban,rt,206,6,1183,1608,3150,0.7356965174129353,0.37555555555555553,0.4972677595628415
urban,rt,207,6,1416,1857,3229,0.7625201938610663,0.4385258593991948,0.5568226504128981
urban,rt,208,6,1376,1784,3231,0.7713004484304933,0.4258743423088827,0.5487537387836491
urban,rt,209,6,1481,1963,3155,0.7544574630667346,0.4694136291600634,0.5787416959749903
urban,rt,210,6,1355,1793,3087,0.7557166759620747,0.43893747975380626,0.555327868852459
urban,rt,211,6,1368,1733,3341,0.7893825735718407,0.4094582460341215,0.5392195506503744
urban,rt,212,6,1278,1635,3424,0.781651376146789,0.3732476635514019,0.5052381893654873
urban,rt,213,6,1319,1611,3378,0.818746120422098,0.3904677323860272,0.5287632792142714
urban,rt,214,6,1314,1605,3407,0.8186915887850468,0.3856765482829469,0.524341580207502
urban,rt,215,6,1296,1642,3366,0.7892813641900122,0.3850267379679144,0.5175718849840255
urban,rt,216,6,1482,1773,3360,0.8358714043993232,0.44107142857142856,0.5774400935125658
urban,rt,217,6,1303,1676,3277,0.7774463007159904,0.3976197741837046,0.5261457702402584
urban,rt,218,6,1396,1754,3304,0.7958950969213227,0.4225181598062954,0.5519968366943456
urban,rt,219,6,1360,1691,3261,0.8042578356002366,0.41704998466728,0.5492730210016155
urban,rt,220,6,1272,1645,3176,0.7732522796352583,0.4005037783375315,0.5276913503422527
urban,rt,221,6,1062,1466,3124,0.7244201909959073,0.3399487836107554,0.4627450980392157
urban,rt,222,6,1212,1588,3004,0.7632241813602015,0.40346205059920104,0.5278745644599303
urban,rt,223,6,1432,1824,3188,0.7850877192982456,0.4491844416562108,0.5714285714285714
urban,rt,224,6,1312,1736,3168,0.7557603686635944,0.41414141414141414,0.5350734094616639
urban,rt,225,6,1345,1709,3143,0.7870099473376243,0.42793509385937,0.5544105523495466
urban,rt,226,6,1432,1806,3185,0.7929125138427464,0.449607535321821,0.5738328992185935
urban,rt,227,6,1387,1796,3125,0.772271714922049,0.44384,0.5637065637065637
urban,rt,228,6,1301,1664,3148,0.7818509615384616,0.41327827191867855,0.5407315045719036
urban,rt,229,6,1378,1732,3108,0.7956120092378753,0.44337194337194336,0.5694214876033058
urban,rt,230,6,1416,1782,3103,0.7946127946127947,0.456332581372865,0.5797338792221085
urban,rt,231,6,1408,1741,3097,0.8087306145893165,0.45463351630610266,0.5820587019429516
urban,rt,232,6,1427,1796,3123,0.794543429844098,0.4569324367595261,0.5801992274852612
urban,rt,233,6,1387,1712,3126,0.8101635514018691,0.4436980166346769,0.5733774286895411
urban,rt,234,6,1276,1669,3051,0.7645296584781306,0.41822353326778106,0.5406779661016949
urban,rt,235,6,1413,1801,2996,0.784564131038312,0.47162883845126835,0.5891181988742964
urban,rt,236,6,1395,1785,3108,0.7815126050420168,0.44884169884169883,0.5702023298589822
urban,rt,237,6,1463,1865,3073,0.7844504021447721,0.4760820045558087,0.5925475901174565
urban,rt,238,6,1476,1818,3123,0.8118811881188119,0.47262247838616717,0.5974499089253188
urban,rt,239,6,1521,1852,3161,0.8212742980561555,0.4811768427712749,0.6068222621184919
urban,rt,240,6,1306,1651,3149,0.7910357359176257,0.4147348364560178,0.5441666666666667
urban,rt,241,6,1452,1800,3117,0.8066666666666666,0.465832531280077,0.5906040268456376
urban,rt,242,6,1537,1816,3146,0.8463656387665198,0.48855689764780674,0.6195082627972591
urban,rt,243,6,1549,1901,3117,0.8148342977380326,0.49695219762592235,0.6173774412116381
urban,rt,244,6,1338,1646,3184,0.8128797083839611,0.4202261306532663,0.5540372670807453
urban,rt,245,6,1508,1747,3247,0.8631940469376074,0.4644287034185402,0.6039247096515818
urban,rt,246,6,1354,1555,3208,0.8707395498392283,0.422069825436409,0.5685492336762544
urban,rt,247,6,1451,1701,3227,0.8530276308054086,0.4496436318562132,0.5888798701298701
urban,rt,248,6,1502,1748,3237,0.8592677345537757,0.4640098856966327,0.6026078234704112
urban,rt,249,6,1364,1609,3196,0.8477315102548166,0.4267834793491865,0.567741935483871
urban,rt,250,6,1417,1654,3178,0.8567110036275696,0.4458779106356199,0.5865066225165563
urban,rt,251,6,1618,1880,3179,0.8606382978723405,0.508965083359547,0.6396521051591224
urban,rt,252,6,1605,1953,3227,0.8218125960061444,0.4973659745894019,0.6196911196911197
urban,rt,253,6,1554,1813,3220,0.8571428571428571,0.4826086956521739,0.6175243393602226
urban,rt,254,6,1454,1722,3160,0.8443670150987224,0.460126582278481,0.5956575174108971
urban,rt,255,6,1394,1675,3013,0.8322388059701492,0.46266179887155656,0.5947098976109215
urban,rt,256,6,1392,1654,3050,0.841596130592503,0.45639344262295084,0.5918367346938775
urban,rt,257,6,1511,1747,3163,0.8649112764739554,0.4777110338286437,0.6154786150712831
urban,rt,258,6,1501,1758,3178,0.853811149032992,0.47230962869729387,0.6081847649918962
urban,rt,259,6,1436,1724,3114,0.8329466357308585,0.4611432241490045,0.593633732947499
urban,rt,260,6,1444,1761,3140,0.8199886428165815,0.45987261146496816,0.5892674964293001
urban,rt,131,9,1335,1676,2945,0.7965393794749404,0.4533106960950764,0.5777970136334126
urban,rt,132,9,1266,1490,2989,0.8496644295302014,0.42355302776848447,0.565304755525787
urban,rt,133,9,1424,1661,3069,0.8573148705599036,0.46399478657543175,0.6021141649048626
urban,rt,134,9,1441,1699,3072,0.848145968216598,0.4690755208333333,0.6040662334940264
urban,rt,135,9,1286,1574,2985,0.8170266836086404,0.430820770519263,0.5641588067558675
urban,rt,136,9,1353,1599,2993,0.8461538461538461,0.4520547945205479,0.5892857142857143
urban,rt,137,9,1372,1635,3049,0.8391437308868501,0.449983601180715,0.5858240819812126
urban,rt,138,9,1494,1705,3085,0.8762463343108504,0.48427876823338734,0.6237995824634656
urban,rt,139,9,1445,1684,3024,0.8580760095011877,0.47784391534391535,0.6138487680543755
urban,rt,140,9,1488,1784,3040,0.8340807174887892,0.48947368421052634,0.6169154228855721
urban,rt,141,9,1413,1719,3076,0.8219895287958116,0.4593628088426528,0.589363920750782
urban,rt,142,9,1498,1744,3156,0.8589449541284404,0.47465145754119137,0.6114285714285714
urban,rt,143,9,1376,1720,3003,0.8,0.45820845820845824,0.5826804996824052
urban,rt,144,9,1457,1773,2977,0.8217710095882684,0.48941887806516626,0.6134736842105263
urban,rt,145,9,1366,1661,3014,0.8223961468994582,0.45321831453218314,0.5843850267379679
urban,rt,146,9,1441,1691,3014,0.8521584861028977,0.4781021897810219,0.6125398512221042
urban,rt,147,9,1526,1795,3008,0.8501392757660167,0.507313829787234,0.63543618571726
urban,rt,148,9,1596,1818,3078,0.8778877887788779,0.5185185185185185,0.6519607843137255
urban,rt,149,9,1491,1744,3094,0.8549311926605505,0.4819004524886878,0.6163704009921455
urban,rt,150,9,1476,1761,3061,0.838160136286201,0.4821953609931395,0.6121941103276649
urban,rt,151,9,1410,1776,2974,0.793918918918919,0.4741089441829186,0.5936842105263158
urban,rt,152,9,1462,1800,3071,0.8122222222222222,0.4760664278736568,0.6002874153151304
urban,rt,153,9,1263,1579,3018,0.7998733375554148,0.41848906560636184,0.5494887970415488
urban,rt,154,9,1384,1671,3151,0.8282465589467385,0.43922564265312597,0.5740356698465368
urban,rt,155,9,1313,1667,3098,0.7876424715056989,0.4238218205293738,0.5511017838405037
urban,rt,156,9,1385,1770,3159,0.7824858757062146,0.4384298828743273,0.5619801176709271
urban,rt,157,9,1295,1596,3126,0.8114035087719298,0.4142674344209853,0.5484963998305803
urban,rt,158,9,1360,1577,3176,0.8623969562460367,0.4282115869017632,0.5722701451714707
urban,rt,159,9,1440,1750,3144,0.8228571428571428,0.4580152671755725,0.5884756845116469
urban,rt,160,9,1464,1677,3219,0.8729874776386404,0.4547996272134203,0.5980392156862745
urban,rt,161,9,1473,1742,3153,0.8455797933409873,0.467174119885823,0.6018386108273749
urban,rt,162,9,1401,1663,2969,0.8424533974744438,0.47187605254294374,0.6049222797927462
urban,rt,163,9,1430,1755,2959,0.8148148148148148,0.483271375464684,0.6067034365719135
urban,rt,164,9,1311,1706,2813,0.768464243845252,0.46605047991468185,0.5802168621376411
urban,rt,165,9,1315,1713,2981,0.7676590776415645,0.44112713854411273,0.5602897315722198
urban,rt,166,9,1202,1580,2781,0.760759493670886,0.43221862639338365,0.5512497133684935
urban,rt,167,9,1151,1545,2916,0.7449838187702266,0.394718792866941,0.5160277964581932
urban,rt,168,9,1412,1801,2873,0.7840088839533592,0.491472328576401,0.6041934103551562
urban,rt,169,9,1335,1727,2866,0.7730167921250723,0.4658060013956734,0.581319399085565
urban,rt,170,9,1262,1636,2895,0.7713936430317848,0.4359240069084629,0.5570514235268152
urban,rt,171,9,1308,1707,2942,0.7662565905096661,0.44459551325628827,0.5627016562701657
urban,rt,172,9,1289,1751,2902,0.7361507709880069,0.4441764300482426,0.5540511497958307
urban,rt,173,9,1317,1717,2979,0.76703552708212,0.4420946626384693,0.5609028960817717
urban,rt,174,9,1174,1517,3058,0.7738958470665788,0.3839110529758012,0.513224043715847
urban,rt,175,9,1176,1543,3039,0.7621516526247569,0.386969397828233,0.5133129637712789
urban,rt,176,9,1106,1554,3103,0.7117117117117117,0.35642926200451175,0.4749838952115096
urban,rt,177,9,1260,1640,3035,0.7682926829268293,0.41515650741350907,0.5390374331550802
urban,rt,178,9,1325,1660,3040,0.7981927710843374,0.43585526315789475,0.5638297872340425
urban,rt,179,9,1283,1650,3041,0.7775757575757576,0.42190069056231505,0.5470049030057557
urban,rt,180,9,1391,1735,3125,0.801729106628242,0.44512,0.5724279835390946
urban,rt,181,9,1465,1858,3086,0.7884822389666308,0.4747245625405055,0.5926375404530745
urban,rt,182,9,1302,1644,3166,0.791970802919708,0.41124447252053065,0.5413721413721414
urban,rt,183,9,1399,1780,3131,0.7859550561797752,0.4468221015649952,0.5697413968641825
urban,rt,184,9,1301,1632,3067,0.7971813725490197,0.42419302249755464,0.5537348371994041
urban,rt,185,9,1310,1740,3083,0.7528735632183908,0.4249108011676938,0.5432303545511092
urban,rt,186,9,1419,1704,3126,0.8327464788732394,0.45393474088291746,0.5875776397515527
urban,rt,187,9,1204,1524,2996,0.7900262467191601,0.40186915887850466,0.5327433628318584
urban,rt,188,9,1250,1596,3045,0.7832080200501254,0.41050903119868637,0.5386770092652445
urban,rt,189,9,1101,1430,3105,0.76993006993007,0.3545893719806763,0.48555678059536933
urban,rt,190,9,1368,1688,3171,0.8104265402843602,0.4314096499526963,0.5630788228030459
urban,rt,191,9,1336,1644,3105,0.8126520681265207,0.4302737520128824,0.5626447673194357
urban,rt,192,9,1356,1725,3210,0.7860869565217391,0.4224299065420561,0.5495440729483283
urban,rt,193,9,1225,1541,3142,0.7949383517196625,0.3898790579248886,0.523168908819133
urban,rt,194,9,1038,1392,2979,0.7456896551724138,0.34843907351460224,0.47494852436513385
urban,rt,195,9,1047,1374,2974,0.7620087336244541,0.35205110961667785,0.4816007359705612
urban,rt,196,9,1223,1564,3067,0.7819693094629157,0.3987610042386697,0.5281796588209889
urban,rt,197,9,1213,1533,3060,0.7912589693411611,0.3964052287581699,0.5281950794687568
urban,rt,198,9,1361,1702,3033,0.799647473560517,0.4487306297395318,0.5748680042238649
urban,rt,199,9,1365,1725,3050,0.7913043478260869,0.44754098360655736,0.5717277486910994
urban,rt,200,9,1280,1546,3119,0.8279430789133247,0.4103879448541199,0.5487674169346195
urban,rt,201,9,1405,1734,3247,0.8102652825836217,0.4327071142593163,0.5641437462356956
urban,rt,202,9,1448,1787,3227,0.8102965864577504,0.4487139758289433,0.5775827682489031
urban,rt,203,9,1440,1763,3256,0.8167895632444696,0.44226044226044225,0.5738194859533772
urban,rt,204,9,1554,1867,3248,0.8323513658275308,0.47844827586206895,0.6076246334310851
urban,rt,205,9,1523,1849,3182,0.8236884802595997,0.478629792583281,0.6054462333532101
urban,rt,206,9,1261,1608,3150,0.7842039800995025,0.4003174603174603,0.5300546448087432
urban,rt,207,9,1508,1857,3229,0.8120624663435649,0.46701765252400124,0.593000393236335
urban,rt,208,9,1462,1784,3231,0.8195067264573991,0.4524914887031879,0.5830508474576271
urban,rt,209,9,1586,1963,3155,0.8079470198675497,0.5026941362916006,0.6197733489644393
urban,rt,210,9,1436,1793,3087,0.8008923591745678,0.4651765468091999,0.5885245901639344
urban,rt,211,9,1469,1733,3341,0.847663012117715,0.4396887159533074,0.579030350808041
urban,rt,212,9,1342,1635,3424,0.8207951070336391,0.3919392523364486,0.5305396323384068
urban,rt,213,9,1391,1611,3378,0.8634388578522657,0.4117821195973949,0.5576267789136099
urban,rt,214,9,1381,1605,3407,0.8604361370716511,0.40534194305840915,0.5510774142059058
urban,rt,215,9,1366,1642,3366,0.8319123020706456,0.4058229352346999,0.5455271565495208
urban,rt,216,9,1553,1773,3360,0.8759165256627186,0.462202380952381,0.6051042275472434
urban,rt,217,9,1384,1676,3277,0.8257756563245824,0.42233750381446444,0.5588532202705431
urban,rt,218,9,1485,1754,3304,0.8466362599771949,0.449455205811138,0.5871886120996441
urban,rt,219,9,1442,1691,3261,0.8527498521584861,0.44219564550751306,0.5823909531502424
urban,rt,220,9,1337,1645,3176,0.8127659574468085,0.4209697732997481,0.5546567102260942
urban,rt,221,9,1147,1466,3124,0.7824010914051842,0.367157490396927,0.49978213507625274
urban,rt,222,9,1280,1588,3004,0.8060453400503779,0.42609853528628494,0.5574912891986062
urban,rt,223,9,1515,1824,3188,0.8305921052631579,0.47521957340025095,0.6045490822027135
urban,rt,224,9,1410,1736,3168,0.8122119815668203,0.44507575757575757,0.5750407830342578
urban,rt,225,9,1463,1709,3143,0.8560561732007022,0.46547884187082406,0.6030502885408079
urban,rt,226,9,1502,1806,3185,0.831672203765227,0.47158555729984303,0.601883390102184
urban,rt,227,9,1475,1796,3125,0.8212694877505567,0.472,0.5994716521032311
urban,rt,228,9,1368,1664,3148,0.8221153846153846,0.43456162642947904,0.5685785536159601
urban,rt,229,9,1455,1732,3108,0.8400692840646651,0.46814671814671815,0.6012396694214877
urban,rt,230,9,1505,1782,3103,0.8445566778900112,0.485014502094747,0.6161719549641761
urban,rt,231,9,1456,1741,3097,0.8363009764503159,0.4701323861801744,0.6019016122364613
urban,rt,232,9,1522,1796,3123,0.8474387527839644,0.48735190521934035,0.6188249644236633
urban,rt,233,9,1459,1712,3126,0.8522196261682243,0.4667306461932182,0.6031417941298057
urban,rt,234,9,1340,1669,3051,0.8028759736369083,0.4392002622091118,0.5677966101694916
urban,rt,235,9,1482,1801,2996,0.8228761799000556,0.4946595460614152,0.6178861788617886
urban,rt,236,9,1478,1785,3108,0.8280112044817927,0.47554697554697556,0.604128346617617
urban,rt,237,9,1528,1865,3073,0.8193029490616622,0.49723397331597785,0.618874038072094
urban,rt,238,9,1547,1818,3123,0.8509350935093509,0.49535702849823887,0.6261890305606153
urban,rt,239,9,1600,1852,3161,0.8639308855291576,0.506168933881683,0.6383403151805306
urban,rt,240,9,1395,1651,3149,0.8449424591156874,0.4429977770720864,0.58125
urban,rt,241,9,1530,1800,3117,0.85,0.49085659287776706,0.6223306894447834
urban,rt,242,9,1580,1816,3146,0.8700440528634361,0.5022250476795931,0.6368399838774688
urban,rt,243,9,1621,1901,3117,0.8527091004734351,0.5200513314084055,0.6460741331207652
urban,rt,244,9,1421,1646,3184,0.8633049817739976,0.44629396984924624,0.5884057971014492
urban,rt,245,9,1590,1747,3247,0.9101316542644533,0.48968278410840776,0.6367641169403284
urban,rt,246,9,1408,1555,3208,0.9054662379421222,0.4389027431421446,0.5912240184757506
urban,rt,247,9,1534,1701,3227,0.9018224573780129,0.4753641152773474,0.622564935064935
urban,rt,248,9,1574,1748,3237,0.9004576659038902,0.486252703120173,0.6314944834503511
urban,rt,249,9,1427,1609,3196,0.886886264760721,0.44649561952440553,0.5939646201873049
urban,rt,250,9,1472,1654,3178,0.8899637243047158,0.4631843926998112,0.609271523178808
urban,rt,251,9,1669,1880,3179,0.8877659574468085,0.5250078641082101,0.6598141925281676
urban,rt,252,9,1673,1953,3227,0.8566308243727598,0.5184381778741866,0.6459459459459459
urban,rt,253,9,1596,1813,3220,0.8803088803088803,0.4956521739130435,0.6342141863699583
urban,rt,254,9,1511,1722,3160,0.8774680603948897,0.4781645569620253,0.6190086030315445
urban,rt,255,9,1446,1675,3013,0.8632835820895522,0.47992034517092597,0.6168941979522184
urban,rt,256,9,1452,1654,3050,0.8778718258766627,0.4760655737704918,0.6173469387755102
urban,rt,257,9,1549,1747,3163,0.8866628506010303,0.489724944672779,0.6309572301425662
urban,rt,258,9,1581,1758,3178,0.8993174061433447,0.4974826935179358,0.6405996758508914
urban,rt,259,9,1501,1724,3114,0.8706496519721578,0.48201669877970454,0.6205043406366267
urban,rt,260,9,1515,1761,3140,0.8603066439522998,0.482484076433121,0.6182411752703529
urban,llgd,131,3,521,1039,2945,0.5014436958614052,0.17691001697792869,0.2615461847389558
urban,llgd,132,3,206,571,2989,0.3607705779334501,0.06891937102709936,0.11573033707865168
urban,llgd,133,3,598,1011,3069,0.5914935707220573,0.19485174323884003,0.2931372549019608
urban,llgd,134,3,502,905,3072,0.554696132596685,0.16341145833333334,0.25245159668091527
urban,llgd,135,3,381,852,2985,0.4471830985915493,0.12763819095477386,0.19859265050820954
urban,llgd,136,3,357,753,2993,0.47410358565737054,0.11927831607083195,0.19060331019754403
urban,llgd,137,3,992,1637,3049,0.6059865607819181,0.32535257461462774,0.4233888177550149
urban,llgd,138,3,840,1599,3085,0.525328330206379,0.27228525121555913,0.35866780529462
urban,llgd,139,3,1148,1927,3024,0.5957446808510638,0.37962962962962965,0.4637446980407998
urban,llgd,140,3,384,702,3040,0.5470085470085471,0.12631578947368421,0.20523784072688403
urban,llgd,141,3,1208,1851,3076,0.6526202052944354,0.39271781534460337,0.4903592449766592
urban,llgd,142,3,774,1237,3156,0.6257073565076798,0.24524714828897337,0.35237878442977466
urban,llgd,143,3,861,1683,3003,0.5115864527629234,0.2867132867132867,0.3674775928297055
urban,llgd,144,3,1419,2506,2977,0.5662410215482842,0.47665435001679546,0.5175998540944738
urban,llgd,145,3,475,896,3014,0.5301339285714286,0.15759787657597876,0.24296675191815856
urban,llgd,146,3,408,804,3014,0.5074626865671642,0.1353682813536828,0.21372446306967
urban,llgd,147,3,306,598,3008,0.5117056856187291,0.10172872340425532,0.16971713810316139
urban,llgd,148,3,557,863,3078,0.645422943221321,0.18096166341780376,0.2826693732555189
urban,llgd,149,3,364,718,3094,0.5069637883008357,0.11764705882352941,0.19097586568730326
urban,llgd,150,3,226,496,3061,0.45564516129032256,0.07383208101927474,0.12707337644082092
urban,llgd,151,3,292,662,2974,0.44108761329305135,0.09818426361802286,0.16061606160616063
urban,llgd,152,3,253,660,3071,0.38333333333333336,0.0823835884076848,0.13562047708389172
urban,llgd,153,3,504,1099,3018,0.4585987261146497,0.16699801192842942,0.24483847461743988
urban,llgd,154,3,200,352,3151,0.5681818181818182,0.06347191367819739,0.11418783899514702
urban,llgd,155,3,736,1419,3098,0.5186751233262861,0.23757262750161395,0.325880008855435
urban,llgd,156,3,109,313,3159,0.34824281150159747,0.03450459006014561,0.06278801843317973
urban,llgd,157,3,635,1244,3126,0.5104501607717041,0.20313499680102368,0.2906178489702517
urban,llgd,158,3,389,884,3176,0.44004524886877827,0.12248110831234257,0.1916256157635468
urban,llgd,159,3,794,1442,3144,0.550624133148405,0.25254452926208654,0.34627126035761013
urban,llgd,160,3,1057,1646,3219,0.6421628189550426,0.3283628456042249,0.43453237410071943
urban,llgd,161,3,654,957,3153,0.6833855799373041,0.20742150333016174,0.3182481751824818
urban,llgd,162,3,660,1386,2969,0.47619047619047616,0.2222970697204446,0.3030998851894374
urban,llgd,163,3,555,1006,2959,0.55168986083499,0.18756336600202772,0.27994955863808324
urban,llgd,164,3,510,870,2813,0.5862068965517241,0.18130110202630642,0.27694814010317675
urban,llgd,165,3,638,1114,2981,0.5727109515260324,0.2140221402214022,0.3115995115995116
urban,llgd,166,3,30,187,2781,0.16042780748663102,0.010787486515641856,0.02021563342318059
urban,llgd,167,3,176,554,2916,0.3176895306859206,0.06035665294924554,0.10144092219020173
urban,llgd,168,3,611,1251,2873,0.48840927258193445,0.21266968325791855,0.2963142580019399
urban,llgd,169,3,358,659,2866,0.543247344461305,0.12491277041172366,0.20312056737588652
urban,llgd,170,3,746,1451,2895,0.5141281874569262,0.257685664939551,0.34330418775885874
urban,llgd,171,3,810,1390,2942,0.5827338129496403,0.27532290958531613,0.3739612188365651
urban,llgd,172,3,523,1031,2902,0.507274490785645,0.18022053756030323,0.26595474192728197
urban,llgd,173,3,197,506,2979,0.3893280632411067,0.06612957368244378,0.11305595408895265
urban,llgd,174,3,874,1746,3058,0.5005727376861397,0.2858077174623937,0.3638634471273938
urban,llgd,175,3,808,1835,3039,0.44032697547683924,0.2658769332017111,0.3315551908083709
urban,llgd,176,3,119,463,3103,0.2570194384449244,0.03834998388656139,0.06674144699943915
urban,llgd,177,3,308,915,3035,0.3366120218579235,0.1014827018121911,0.1559493670886076
urban,llgd,178,3,318,610,3040,0.521311475409836,0.10460526315789474,0.17424657534246576
urban,llgd,179,3,97,246,3041,0.3943089430894309,0.03189740217033871,0.05902038332826286
urban,llgd,180,3,1461,2766,3125,0.5281995661605207,0.46752,0.4960108640298761
urban,llgd,181,3,410,775,3086,0.5290322580645161,0.13285806869734285,0.21238021238021237
urban,llgd,182,3,564,1265,3166,0.4458498023715415,0.1781427668982944,0.25457007447528773
urban,llgd,183,3,625,1086,3131,0.5755064456721916,0.1996167358671351,0.29641925539483044
urban,llgd,184,3,241,638,3067,0.3777429467084639,0.07857841538963156,0.1300944669365722
urban,llgd,185,3,104,283,3083,0.3674911660777385,0.03373337658125203,0.061794414735591205
urban,llgd,186,3,395,1031,3126,0.3831231813773036,0.12635956493921946,0.1900408948761126
urban,llgd,187,3,149,236,2996,0.6313559322033898,0.04973297730307076,0.0922029702970297
urban,llgd,188,3,484,936,3045,0.5170940170940171,0.15894909688013137,0.24315498618437578
urban,llgd,189,3,490,1089,3105,0.44995408631772266,0.15780998389694043,0.23366714353838816
urban,llgd,190,3,797,1362,3171,0.5851688693098385,0.2513402712078209,0.35164350319876464
urban,llgd,191,3,720,1162,3105,0.6196213425129088,0.2318840579710145,0.3374736348722756
urban,llgd,192,3,536,863,3210,0.6210892236384704,0.16697819314641746,0.26319666093788363
urban,llgd,193,3,532,1202,3142,0.4425956738768719,0.16931890515595163,0.24493554327808473
urban,llgd,194,3,532,1520,2979,0.35,0.17858341725411211,0.23649699933318516
urban,llgd,195,3,9,169,2974,0.05325443786982249,0.003026227303295225,0.005727012408526885
urban,llgd,196,3,59,381,3067,0.15485564304461943,0.019237039452233453,0.034222737819025524
urban,llgd,197,3,423,856,3060,0.4941588785046729,0.13823529411764707,0.2160367722165475
urban,llgd,198,3,310,760,3033,0.40789473684210525,0.1022090339597758,0.1634590034273662
urban,llgd,199,3,1054,1908,3050,0.5524109014675053,0.34557377049180327,0.42517144009681324
urban,llgd,200,3,461,1164,3119,0.3960481099656357,0.14780378326386662,0.21526967079150128
urban,llgd,201,3,27,156,3247,0.17307692307692307,0.008315368032029567,0.015868351454598882
urban,llgd,202,3,174,591,3227,0.29441624365482233,0.053920049581654785,0.09114719748559455
urban,llgd,203,3,651,1243,3256,0.5237329042638778,0.19993857493857495,0.2893976439208713
urban,llgd,204,3,9,85,3248,0.10588235294117647,0.002770935960591133,0.0054005400540054005
urban,llgd,205,3,373,1031,3182,0.3617846750727449,0.11722187303582653,0.17707097080465226
urban,llgd,206,3,155,353,3150,0.43909348441926344,0.049206349206349205,0.08849557522123894
urban,llgd,207,3,98,261,3229,0.37547892720306514,0.03034995354598947,0.056160458452722065
urban,llgd,208,3,80,161,3231,0.4968944099378882,0.024760136180748994,0.04716981132075472
urban,llgd,209,3,222,769,3155,0.2886866059817945,0.07036450079239302,0.11314984709480122
urban,llgd,210,3,49,306,3087,0.16013071895424835,0.015873015873015872,0.02888299440023578
urban,llgd,211,3,527,1006,3341,0.5238568588469185,0.15773720442981143,0.24246606855302508
urban,llgd,212,3,324,597,3424,0.542713567839196,0.09462616822429906,0.161153941805521
urban,llgd,213,3,80,305,3378,0.26229508196721313,0.023682652457075192,0.04344284550638067
urban,llgd,214,3,542,921,3407,0.5884907709011944,0.15908423833284416,0.25046210720887246
urban,llgd,215,3,144,369,3366,0.3902439024390244,0.0427807486631016,0.07710843373493977
urban,llgd,216,3,239,505,3360,0.47326732673267324,0.07113095238095238,0.12367399741267787
urban,llgd,217,3,64,228,3277,0.2807017543859649,0.019530057979859627,0.03651925820256776
urban,llgd,218,3,607,883,3304,0.6874292185730464,0.18371670702179177,0.289945068067829
urban,llgd,219,3,59,132,3261,0.44696969696969696,0.018092609628948174,0.034777483053345125
urban,llgd,220,3,31,108,3176,0.28703703703703703,0.009760705289672544,0.018879415347137638
urban,llgd,221,3,418,751,3124,0.5565912117177098,0.13380281690140844,0.21574193548387097
urban,llgd,222,3,46,344,3004,0.13372093023255813,0.015312916111850865,0.027479091995221028
urban,llgd,223,3,327,792,3188,0.4128787878787879,0.10257214554579674,0.16432160804020102
urban,llgd,224,3,67,217,3168,0.3087557603686636,0.0211489898989899,0.0395864106351551
urban,llgd,225,3,26,165,3143,0.15757575757575756,0.008272351256761056,0.015719467956469165
urban,llgd,226,3,28,109,3185,0.25688073394495414,0.008791208791208791,0.01700060716454159
urban,llgd,227,3,154,480,3125,0.32083333333333336,0.04928,0.0854368932038835
urban,llgd,228,3,62,197,3148,0.3147208121827411,0.019695044472681066,0.037070254110612856
urban,llgd,229,3,269,458,3108,0.5873362445414847,0.08655083655083655,0.15086932136848008
urban,llgd,230,3,74,218,3103,0.3394495412844037,0.023847889139542378,0.044564890093345376
urban,llgd,231,3,470,981,3097,0.47910295616717635,0.1517597675169519,0.23050514958312898
urban,llgd,232,3,215,513,3123,0.4191033138401559,0.06884406019852705,0.11826182618261827
urban,llgd,233,3,947,1255,3126,0.754581673306773,0.3029430582213692,0.43232138781100204
urban,llgd,234,3,309,578,3051,0.5346020761245674,0.10127826941986234,0.17029484706530726
urban,llgd,235,3,217,469,2996,0.4626865671641791,0.07242990654205607,0.12525252525252525
urban,llgd,236,3,290,624,3108,0.46474358974358976,0.0933075933075933,0.15541264737406216
urban,llgd,237,3,484,688,3073,0.7034883720930233,0.15750081353726,0.25737835681999466
urban,llgd,238,3,34,99,3123,0.3434343434343434,0.010886967659301952,0.02110490378646803
urban,llgd,239,3,272,436,3161,0.6238532110091743,0.08604871875988611,0.15123714206283015
urban,llgd,240,3,121,219,3149,0.5525114155251142,0.038424896792632585,0.07185273159144893
urban,llgd,241,3,98,272,3117,0.3602941176470588,0.03144048764837985,0.05783416937149602
urban,llgd,242,3,1366,1789,3146,0.7635550586920067,0.43420216147488877,0.553596757852077
urban,llgd,243,3,1167,1444,3117,0.8081717451523546,0.37439846005774785,0.5117298837974128
urban,llgd,244,3,550,867,3184,0.6343713956170703,0.1727386934673367,0.2715378918785485
urban,llgd,245,3,550,780,3247,0.7051282051282052,0.16938712657838004,0.27315619567916566
urban,llgd,246,3,53,114,3208,0.4649122807017544,0.016521197007481298,0.03190848886213125
urban,llgd,247,3,87,132,3227,0.6590909090909091,0.026960024790827392,0.051801131289074126
urban,llgd,248,3,3,24,3237,0.125,0.0009267840593141798,0.0018399264029438822
urban,llgd,249,3,197,439,3196,0.44874715261959,0.061639549436796,0.10839064649243467
urban,llgd,250,3,59,122,3178,0.48360655737704916,0.018565135305223412,0.03575757575757576
urban,llgd,251,3,756,945,3179,0.8,0.2378106322743001,0.36663433559650827
urban,llgd,252,3,1446,1756,3227,0.8234624145785877,0.4480942051440967,0.580373269114991
urban,llgd,253,3,368,618,3220,0.5954692556634305,0.11428571428571428,0.19176654507556018
urban,llgd,254,3,733,879,3160,0.8339021615472128,0.23196202531645568,0.36296112899232486
urban,llgd,255,3,545,720,3013,0.7569444444444444,0.18088284102223698,0.29199035628181086
urban,llgd,256,3,496,716,3050,0.6927374301675978,0.16262295081967212,0.2634094530005311
urban,llgd,257,3,713,866,3163,0.8233256351039261,0.2254189061018021,0.35393397865475307
urban,llgd,258,3,671,1016,3178,0.6604330708661418,0.21113908118313404,0.31998092513113974
urban,llgd,259,3,305,526,3114,0.5798479087452472,0.09794476557482337,0.16758241758241757
urban,llgd,260,3,114,156,3140,0.7307692307692307,0.03630573248407643,0.0691747572815534
urban,llgd,131,6,590,1039,2945,0.5678537054860443,0.200339558573854,0.2961847389558233
urban,llgd,132,6,217,571,2989,0.38003502626970226,0.07259953161592506,0.12191011235955056
urban,llgd,133,6,737,1011,3069,0.7289812067260139,0.24014336917562723,0.36127450980392156
urban,llgd,134,6,558,905,3072,0.6165745856353592,0.181640625,0.2806135277847624
urban,llgd,135,6,424,852,2985,0.49765258215962443,0.14204355108877723,0.22100599426635392
urban,llgd,136,6,429,753,2993,0.5697211155378487,0.14333444704310055,0.22904431393486385
urban,llgd,137,6,1205,1637,3049,0.7361026267562615,0.3952115447687766,0.5142979086641059
urban,llgd,138,6,1014,1599,3085,0.6341463414634146,0.3286871961102107,0.43296327924850553
urban,llgd,139,6,1371,1927,3024,0.7114686040477426,0.45337301587301587,0.5538275095940214
urban,llgd,140,6,456,702,3040,0.6495726495726496,0.15,0.24371993586317478
urban,llgd,141,6,1409,1851,3076,0.7612101566720691,0.4580624187256177,0.5719504769636696
urban,llgd,142,6,913,1237,3156,0.7380759902991108,0.28929024081115334,0.41566127930798996
urban,llgd,143,6,1025,1683,3003,0.6090314913844326,0.3413253413253413,0.43747332479726847
urban,llgd,144,6,1726,2506,2977,0.6887470071827614,0.5797783003023178,0.6295823454313332
urban,llgd,145,6,615,896,3014,0.6863839285714286,0.20404777704047777,0.3145780051150895
urban,llgd,146,6,488,804,3014,0.6069651741293532,0.1619110816191108,0.25563122053431114
urban,llgd,147,6,363,598,3008,0.6070234113712375,0.12067819148936171,0.20133111480865223
urban,llgd,148,6,614,863,3078,0.7114716106604867,0.19948018193632228,0.3115960416138036
urban,llgd,149,6,428,718,3094,0.596100278551532,0.1383322559793148,0.22455403987408185
urban,llgd,150,6,252,496,3061,0.5080645161290323,0.08232603724273113,0.14169243744728705
urban,llgd,151,6,348,662,2974,0.525679758308157,0.11701412239408204,0.19141914191419143
urban,llgd,152,6,316,660,3071,0.47878787878787876,0.10289807880169326,0.16939158402573037
urban,llgd,153,6,607,1099,3018,0.5523202911737943,0.20112657388999336,0.29487490891425794
urban,llgd,154,6,220,352,3151,0.625,0.06981910504601714,0.1256066228946617
urban,llgd,155,6,884,1419,3098,0.6229739252995067,0.2853453841187863,0.39141022802745185
urban,llgd,156,6,128,313,3159,0.40894568690095845,0.04051915163026274,0.07373271889400922
urban,llgd,157,6,764,1244,3126,0.6141479099678456,0.24440179142674345,0.3496567505720824
urban,llgd,158,6,505,884,3176,0.5712669683257918,0.15900503778337532,0.24876847290640394
urban,llgd,159,6,989,1442,3144,0.6858529819694869,0.3145674300254453,0.4313126907980811
urban,llgd,160,6,1230,1646,3219,0.74726609963548,0.3821062441752097,0.5056526207605344
urban,llgd,161,6,726,957,3153,0.7586206896551724,0.2302568981921979,0.3532846715328467
urban,llgd,162,6,816,1386,2969,0.5887445887445888,0.27484001347254966,0.37474167623421356
urban,llgd,163,6,622,1006,2959,0.6182902584493042,0.21020615072659682,0.3137452711223203
urban,llgd,164,6,591,870,2813,0.6793103448275862,0.21009598293636686,0.3209340211783872
urban,llgd,165,6,728,1114,2981,0.6535008976660682,0.24421335122442134,0.35555555555555557
urban,llgd,166,6,39,187,2781,0.20855614973262032,0.014023732470334413,0.02628032345013477
urban,llgd,167,6,184,554,2916,0.33212996389891697,0.06310013717421124,0.10605187319884726
urban,llgd,168,6,716,1251,2873,0.5723421262989609,0.24921684650191436,0.3472356935014549
urban,llgd,169,6,388,659,2866,0.5887708649468892,0.13538032100488487,0.2201418439716312
urban,llgd,170,6,870,1451,2895,0.5995864920744314,0.3005181347150259,0.40036815462494246
urban,llgd,171,6,952,1390,2942,0.6848920863309352,0.3235893949694086,0.43951985226223456
urban,llgd,172,6,596,1031,2902,0.5780795344325897,0.20537560303239144,0.30307653190948386
urban,llgd,173,6,245,506,2979,0.4841897233201581,0.08224236320913059,0.1406025824964132
urban,llgd,174,6,1027,1746,3058,0.5882016036655212,0.3358404185742315,0.4275603663613655
urban,llgd,175,6,998,1835,3039,0.5438692098092643,0.328397499177361,0.4095199015182602
urban,llgd,176,6,124,463,3103,0.2678185745140389,0.039961327747341284,0.06954570947840717
urban,llgd,177,6,364,915,3035,0.3978142076502732,0.11993410214168039,0.18430379746835443
urban,llgd,178,6,358,610,3040,0.5868852459016394,0.11776315789473685,0.19616438356164384
urban,llgd,179,6,111,246,3041,0.45121951219512196,0.036501150937191716,0.06753878916945542
urban,llgd,180,6,1698,2766,3125,0.613882863340564,0.54336,0.5764725852996095
urban,llgd,181,6,450,775,3086,0.5806451612903226,0.1458198314970836,0.2331002331002331
urban,llgd,182,6,767,1265,3166,0.6063241106719368,0.24226152874289325,0.34619724667118035
urban,llgd,183,6,765,1086,3131,0.7044198895027625,0.24433088470137337,0.36281716860327246
urban,llgd,184,6,324,638,3067,0.5078369905956113,0.10564069122921421,0.1748987854251012
urban,llgd,185,6,109,283,3083,0.38515901060070673,0.035355173532273756,0.0647653000594177
urban,llgd,186,6,526,1031,3126,0.510184287099903,0.16826615483045426,0.2530671157084436
urban,llgd,187,6,178,236,2996,0.7542372881355932,0.05941255006675567,0.11014851485148515
urban,llgd,188,6,643,936,3045,0.686965811965812,0.21116584564860427,0.3230344134639538
urban,llgd,189,6,588,1089,3105,0.5399449035812672,0.18937198067632852,0.2804005722460658
urban,llgd,190,6,902,1362,3171,0.6622613803230544,0.28445285398927783,0.3979704390028679
urban,llgd,191,6,805,1162,3105,0.6927710843373494,0.25925925925925924,0.37731427232247483
urban,llgd,192,6,626,863,3210,0.7253765932792584,0.19501557632398753,0.3073901301252148
urban,llgd,193,6,710,1202,3142,0.5906821963394343,0.2259707192870783,0.3268876611418048
urban,llgd,194,6,721,1520,2979,0.4743421052631579,0.24202752601544142,0.32051567014892196
urban,llgd,195,6,13,169,2974,0.07692307692307693,0.004371217215870881,0.008272351256761056
urban,llgd,196,6,122,381,3067,0.32020997375328086,0.03977828496902511,0.07076566125290024
urban,llgd,197,6,507,856,3060,0.5922897196261683,0.16568627450980392,0.25893769152196117
urban,llgd,198,6,383,760,3033,0.5039473684210526,0.12627761292449718,0.2019509622989718
urban,llgd,199,6,1218,1908,3050,0.6383647798742138,0.39934426229508196,0.491327148043566
urban,llgd,200,6,627,1164,3119,0.538659793814433,0.2010259698621353,0.29278543077282276
urban,llgd,201,6,47,156,3247,0.30128205128205127,0.014474899907607022,0.02762268586541287
urban,llgd,202,6,244,591,3227,0.4128595600676819,0.07561202355128602,0.12781561026715557
urban,llgd,203,6,703,1243,3256,0.5655671761866452,0.2159090909090909,0.31251389197599466
urban,llgd,204,6,18,85,3248,0.21176470588235294,0.005541871921182266,0.010801080108010801
urban,llgd,205,6,527,1031,3182,0.5111542192046556,0.1656191074795726,0.25017802041300735
urban,llgd,206,6,184,353,3150,0.5212464589235127,0.058412698412698416,0.10505281187553525
urban,llgd,207,6,127,261,3229,0.48659003831417624,0.03933106224837411,0.07277936962750717
urban,llgd,208,6,87,161,3231,0.5403726708074534,0.02692664809656453,0.05129716981132076
urban,llgd,209,6,297,769,3155,0.3862158647594278,0.09413629160063391,0.15137614678899083
urban,llgd,210,6,77,306,3087,0.25163398692810457,0.024943310657596373,0.04538756262894194
urban,llgd,211,6,657,1006,3341,0.6530815109343936,0.1966477102663873,0.3022774327122153
urban,llgd,212,6,399,597,3424,0.6683417085427136,0.1165303738317757,0.19845809500124348
urban,llgd,213,6,162,305,3378,0.5311475409836065,0.047957371225577264,0.08797176215042085
urban,llgd,214,6,620,921,3407,0.6731813246471227,0.18197828001174055,0.28650646950092423
urban,llgd,215,6,205,369,3366,0.5555555555555556,0.060903149138443254,0.10977242302543508
urban,llgd,216,6,312,505,3360,0.6178217821782178,0.09285714285714286,0.1614489003880983
urban,llgd,217,6,123,228,3277,0.5394736842105263,0.03753433018004272,0.07018544935805991
urban,llgd,218,6,707,883,3304,0.8006795016987542,0.21398305084745764,0.3377119656078338
urban,llgd,219,6,69,132,3261,0.5227272727272727,0.021159153633854646,0.040671971706454466
urban,llgd,220,6,36,108,3176,0.3333333333333333,0.011335012594458438,0.02192448233861145
urban,llgd,221,6,502,751,3124,0.6684420772303595,0.16069142125480154,0.2590967741935484
urban,llgd,222,6,129,344,3004,0.375,0.042942743009320904,0.07706093189964158
urban,llgd,223,6,435,792,3188,0.5492424242424242,0.1364491844416562,0.2185929648241206
urban,llgd,224,6,97,217,3168,0.4470046082949309,0.030618686868686868,0.05731166912850812
urban,llgd,225,6,37,165,3143,0.22424242424242424,0.011772192173083042,0.022370012091898428
urban,llgd,226,6,47,109,3185,0.43119266055045874,0.014756671899529042,0.02853673345476624
urban,llgd,227,6,231,480,3125,0.48125,0.07392,0.12815533980582525
urban,llgd,228,6,71,197,3148,0.3604060913705584,0.02255400254129606,0.04245142002989537
urban,llgd,229,6,303,458,3108,0.6615720524017468,0.09749034749034749,0.16993830622546272
urban,llgd,230,6,86,218,3103,0.3944954128440367,0.027715114405414115,0.051791629027401385
urban,llgd,231,6,571,981,3097,0.582059123343527,0.1843719728769777,0.280039234919078
urban,llgd,232,6,290,513,3123,0.5653021442495126,0.09285943003522254,0.15951595159515952
urban,llgd,233,6,1060,1255,3126,0.8446215139442231,0.3390914907229686,0.4839077836110477
urban,llgd,234,6,374,578,3051,0.6470588235294118,0.12258275975090134,0.20611738771011298
urban,llgd,235,6,284,469,2996,0.605543710021322,0.09479305740987984,0.16392496392496392
urban,llgd,236,6,372,624,3108,0.5961538461538461,0.11969111969111969,0.19935691318327975
urban,llgd,237,6,546,688,3073,0.7936046511627907,0.1776765375854214,0.2903483116192502
urban,llgd,238,6,47,99,3123,0.47474747474747475,0.01504963176432917,0.029174425822470516
urban,llgd,239,6,325,436,3161,0.7454128440366973,0.10281556469471687,0.1807061440088963
urban,llgd,240,6,143,219,3149,0.6529680365296804,0.04541124166402032,0.08491686460807601
urban,llgd,241,6,126,272,3117,0.4632352941176471,0.04042348411934552,0.07435821776335202
urban,llgd,242,6,1604,1789,3146,0.8965902738960313,0.5098537825810553,0.6500506585612968
urban,llgd,243,6,1288,1444,3117,0.8919667590027701,0.41321783766442094,0.5647884235913176
urban,llgd,244,6,685,867,3184,0.790080738177624,0.21513819095477388,0.3381881017032831
urban,llgd,245,6,634,780,3247,0.8128205128205128,0.19525716045580535,0.31487459647380184
urban,llgd,246,6,70,114,3208,0.6140350877192983,0.021820448877805487,0.04214328717639976
urban,llgd,247,6,98,132,3227,0.7424242424242424,0.03036876355748373,0.058350699612980055
urban,llgd,248,6,6,24,3237,0.25,0.0018535681186283596,0.0036798528058877645
urban,llgd,249,6,255,439,3196,0.5808656036446469,0.0797872340425532,0.14030261348005502
urban,llgd,250,6,73,122,3178,0.5983606557377049,0.022970421648835747,0.04424242424242424
urban,llgd,251,6,848,945,3179,0.8973544973544973,0.26675055048757473,0.41125121241513096
urban,llgd,252,6,1588,1756,3227,0.9043280182232346,0.49209792376820577,0.6373670479630744
urban,llgd,253,6,462,618,3220,0.7475728155339806,0.14347826086956522,0.24075039082855654
urban,llgd,254,6,792,879,3160,0.9010238907849829,0.25063291139240507,0.39217628125773707
urban,llgd,255,6,616,720,3013,0.8555555555555555,0.20444739462329903,0.330029466916689
urban,llgd,256,6,577,716,3050,0.8058659217877095,0.18918032786885247,0.3064259160913436
urban,llgd,257,6,782,866,3163,0.9030023094688222,0.24723363895036357,0.3881856540084388
urban,llgd,258,6,777,1016,3178,0.764763779527559,0.2444933920704846,0.37052932761087265
urban,llgd,259,6,360,526,3114,0.6844106463878327,0.11560693641618497,0.1978021978021978
urban,llgd,260,6,117,156,3140,0.75,0.037261146496815285,0.07099514563106796
urban,llgd,131,9,698,1039,2945,0.6717998075072185,0.2370118845500849,0.35040160642570284
urban,llgd,132,9,258,571,2989,0.45183887915936954,0.08631649381063901,0.1449438202247191
urban,llgd,133,9,813,1011,3069,0.8041543026706232,0.2649071358748778,0.3985294117647059
urban,llgd,134,9,634,905,3072,0.7005524861878453,0.20638020833333334,0.3188332914256978
urban,llgd,135,9,534,852,2985,0.6267605633802817,0.17889447236180905,0.27834245504300237
urban,llgd,136,9,530,753,2993,0.703851261620186,0.17707985299031073,0.2829684997330486
urban,llgd,137,9,1368,1637,3049,0.8356750152718387,0.4486716956379141,0.5838668373879642
urban,llgd,138,9,1196,1599,3085,0.7479674796747967,0.38768233387358186,0.5106746370623398
urban,llgd,139,9,1516,1927,3024,0.7867151011935651,0.5013227513227513,0.6124015350434255
urban,llgd,140,9,497,702,3040,0.707977207977208,0.16348684210526315,0.2656333511491181
urban,llgd,141,9,1549,1851,3076,0.8368449486763911,0.5035760728218466,0.6287801907854679
urban,llgd,142,9,978,1237,3156,0.7906224737267583,0.30988593155893535,0.44525381288413385
urban,llgd,143,9,1159,1683,3003,0.6886512180629828,0.3859473859473859,0.4946649594536918
urban,llgd,144,9,1938,2506,2977,0.7733439744612929,0.650990930466913,0.7069122743023892
urban,llgd,145,9,691,896,3014,0.7712053571428571,0.22926343729263438,0.35345268542199487
urban,llgd,146,9,550,804,3014,0.6840796019900498,0.18248175182481752,0.2881089575694081
urban,llgd,147,9,399,598,3008,0.6672240802675585,0.13264627659574468,0.22129783693843594
urban,llgd,148,9,645,863,3078,0.7473928157589803,0.20955165692007796,0.3273280893174321
urban,llgd,149,9,466,718,3094,0.649025069637883,0.15061409179056237,0.24449108079748164
urban,llgd,150,9,277,496,3061,0.5584677419354839,0.09049330284220843,0.15574922687658138
urban,llgd,151,9,375,662,2974,0.5664652567975831,0.12609280430396771,0.20627062706270627
urban,llgd,152,9,366,660,3071,0.5545454545454546,0.11917942038423966,0.19619404985258643
urban,llgd,153,9,669,1099,3018,0.6087352138307552,0.2216699801192843,0.324993927617197
urban,llgd,154,9,237,352,3151,0.6732954545454546,0.07521421770866392,0.1353125892092492
urban,llgd,155,9,995,1419,3098,0.7011980267794221,0.3211749515816656,0.4405578924064645
urban,llgd,156,9,145,313,3159,0.46325878594249204,0.045900601456157014,0.08352534562211981
urban,llgd,157,9,857,1244,3126,0.6889067524115756,0.2741522712731926,0.3922196796338673
urban,llgd,158,9,555,884,3176,0.6278280542986425,0.17474811083123426,0.2733990147783251
urban,llgd,159,9,1089,1442,3144,0.7552011095700416,0.3463740458015267,0.4749236807675534
urban,llgd,160,9,1331,1646,3219,0.8086269744835966,0.4134824479652066,0.5471736896197328
urban,llgd,161,9,763,957,3153,0.7972831765935214,0.2419917538851887,0.37128953771289536
urban,llgd,162,9,942,1386,2969,0.6796536796536796,0.31727854496463453,0.4326061997703789
urban,llgd,163,9,673,1006,2959,0.668986083499006,0.2274417032781345,0.3394703656998739
urban,llgd,164,9,627,870,2813,0.7206896551724138,0.2228937077852826,0.3404833016562585
urban,llgd,165,9,777,1114,2981,0.6974865350089766,0.2606507883260651,0.37948717948717947
urban,llgd,166,9,39,187,2781,0.20855614973262032,0.014023732470334413,0.02628032345013477
urban,llgd,167,9,196,554,2916,0.35379061371841153,0.06721536351165981,0.11296829971181556
urban,llgd,168,9,812,1251,2873,0.6490807354116707,0.2826313957535677,0.3937924345295829
urban,llgd,169,9,421,659,2866,0.6388467374810318,0.14689462665736217,0.23886524822695035
urban,llgd,170,9,955,1451,2895,0.6581667815299793,0.3298791018998273,0.4394845835250805
urban,llgd,171,9,1019,1390,2942,0.7330935251798562,0.34636301835486066,0.47045244690674054
urban,llgd,172,9,631,1031,2902,0.612027158098933,0.21743625086147483,0.3208746503941012
urban,llgd,173,9,267,506,2979,0.5276679841897233,0.08962739174219536,0.15322812051649928
urban,llgd,174,9,1157,1746,3058,0.6626575028636884,0.3783518639633748,0.4816819317235637
urban,llgd,175,9,1134,1835,3039,0.6179836512261581,0.37314906219151034,0.4653262207632335
urban,llgd,176,9,160,463,3103,0.34557235421166305,0.05156300354495649,0.08973639932697701
urban,llgd,177,9,497,915,3035,0.5431693989071038,0.16375617792421746,0.25164556962025314
urban,llgd,178,9,387,610,3040,0.6344262295081967,0.12730263157894736,0.21205479452054796
urban,llgd,179,9,115,246,3041,0.46747967479674796,0.037816507727721146,0.06997261940979617
urban,llgd,180,9,1938,2766,3125,0.7006507592190889,0.62016,0.6579528093702258
urban,llgd,181,9,484,775,3086,0.6245161290322581,0.15683732987686325,0.25071225071225073
urban,llgd,182,9,879,1265,3166,0.6948616600790514,0.27763739734680987,0.3967501692620176
urban,llgd,183,9,872,1086,3131,0.8029465930018416,0.2785052698818269,0.41356414512686746
urban,llgd,184,9,406,638,3067,0.6363636363636364,0.13237691555265732,0.21916329284750338
urban,llgd,185,9,118,283,3083,0.4169611307420495,0.038274408044112876,0.07011289364230541
urban,llgd,186,9,591,1031,3126,0.5732298739088264,0.1890595009596929,0.2843396680298292
urban,llgd,187,9,186,236,2996,0.788135593220339,0.062082777036048066,0.1150990099009901
urban,llgd,188,9,742,936,3045,0.7927350427350427,0.24367816091954023,0.37277066063803066
urban,llgd,189,9,666,1089,3105,0.6115702479338843,0.2144927536231884,0.31759656652360513
urban,llgd,190,9,1010,1362,3171,0.7415565345080763,0.3185115105644907,0.4456210015442312
urban,llgd,191,9,905,1162,3105,0.7788296041308089,0.2914653784219002,0.42418561049917974
urban,llgd,192,9,678,863,3210,0.7856315179606026,0.21121495327102804,0.33292413454456177
urban,llgd,193,9,825,1202,3142,0.6863560732113144,0.2625716104392107,0.3798342541436464
urban,llgd,194,9,863,1520,2979,0.5677631578947369,0.28969452836522325,0.3836408090686819
urban,llgd,195,9,18,169,2974,0.10650887573964497,0.00605245460659045,0.01145402481705377
urban,llgd,196,9,159,381,3067,0.41732283464566927,0.05184219106618846,0.09222737819025523
urban,llgd,197,9,554,856,3060,0.647196261682243,0.18104575163398692,0.28294177732379977
urban,llgd,198,9,418,760,3033,0.55,0.13781734256511705,0.22040601107302926
urban,llgd,199,9,1350,1908,3050,0.7075471698113207,0.4426229508196721,0.5445744251714401
urban,llgd,200,9,738,1164,3119,0.634020618556701,0.23661429945495352,0.34461825823021247
urban,llgd,201,9,59,156,3247,0.3782051282051282,0.018170619032953497,0.034675286511901264
urban,llgd,202,9,331,591,3227,0.560067681895093,0.10257204834211342,0.17338920900995286
urban,llgd,203,9,801,1243,3256,0.6444086886564763,0.246007371007371,0.3560791286952656
urban,llgd,204,9,38,85,3248,0.4470588235294118,0.011699507389162561,0.022802280228022803
urban,llgd,205,9,653,1031,3182,0.6333656644034917,0.20521684475172847,0.30999287918347973
urban,llgd,206,9,251,353,3150,0.7110481586402266,0.07968253968253969,0.1433057379389095
urban,llgd,207,9,185,261,3229,0.7088122605363985,0.05729327965314339,0.10601719197707736
urban,llgd,208,9,103,161,3231,0.639751552795031,0.03187867533271433,0.0607311320754717
urban,llgd,209,9,354,769,3155,0.46033810143042914,0.11220285261489699,0.18042813455657492
urban,llgd,210,9,146,306,3087,0.477124183006536,0.04729510851959832,0.0860595343353964
urban,llgd,211,9,713,1006,3341,0.7087475149105368,0.21340915893445075,0.328042328042328
urban,llgd,212,9,438,597,3424,0.7336683417085427,0.12792056074766356,0.21785625466301914
urban,llgd,213,9,230,305,3378,0.7540983606557377,0.06808762581409118,0.12489818083084442
urban,llgd,214,9,698,921,3407,0.757871878393051,0.20487232169063693,0.32255083179297594
urban,llgd,215,9,264,369,3366,0.7154471544715447,0.0784313725490196,0.14136546184738955
urban,llgd,216,9,389,505,3360,0.7702970297029703,0.11577380952380953,0.20129366106080207
urban,llgd,217,9,155,228,3277,0.6798245614035088,0.047299359169972535,0.0884450784593438
urban,llgd,218,9,768,883,3304,0.869762174405436,0.2324455205811138,0.3668497731072367
urban,llgd,219,9,88,132,3261,0.6666666666666666,0.02698558724317694,0.051871500147362214
urban,llgd,220,9,53,108,3176,0.49074074074074076,0.016687657430730477,0.03227771010962241
urban,llgd,221,9,560,751,3124,0.7456724367509987,0.1792573623559539,0.28903225806451616
urban,llgd,222,9,161,344,3004,0.4680232558139535,0.05359520639147803,0.0961768219832736
urban,llgd,223,9,536,792,3188,0.6767676767676768,0.16813048933500627,0.2693467336683417
urban,llgd,224,9,115,217,3168,0.5299539170506913,0.03630050505050505,0.06794682422451995
urban,llgd,225,9,79,165,3143,0.47878787878787876,0.02513522112631244,0.047762998790810154
urban,llgd,226,9,56,109,3185,0.5137614678899083,0.017582417582417582,0.03400121432908318
urban,llgd,227,9,290,480,3125,0.6041666666666666,0.0928,0.1608876560332871
urban,llgd,228,9,91,197,3148,0.4619289340101523,0.028907242693773826,0.05440956651718983
urban,llgd,229,9,351,458,3108,0.7663755458515283,0.11293436293436293,0.1968592260235558
urban,llgd,230,9,118,218,3103,0.5412844036697247,0.03802771511440541,0.07106293285155074
urban,llgd,231,9,640,981,3097,0.6523955147808359,0.20665159832095575,0.3138793526238352
urban,llgd,232,9,365,513,3123,0.7115009746588694,0.11687479987191803,0.20077007700770078
urban,llgd,233,9,1121,1255,3126,0.8932270916334661,0.35860524632117724,0.5117553070075326
urban,llgd,234,9,423,578,3051,0.7318339100346021,0.13864306784660768,0.2331220721961973
urban,llgd,235,9,341,469,2996,0.7270788912579957,0.11381842456608812,0.19682539682539682
urban,llgd,236,9,431,624,3108,0.6907051282051282,0.13867438867438867,0.23097534833869238
urban,llgd,237,9,586,688,3073,0.8517441860465116,0.19069313374552554,0.31161925019941505
urban,llgd,238,9,52,99,3123,0.5252525252525253,0.01665065642010887,0.03227808814400993
urban,llgd,239,9,359,436,3161,0.823394495412844,0.11357165453970262,0.19961078676675006
urban,llgd,240,9,170,219,3149,0.776255707762557,0.05398539218799619,0.10095011876484561
urban,llgd,241,9,169,272,3117,0.6213235294117647,0.05421880012832852,0.09973443493655945
urban,llgd,242,9,1680,1789,3146,0.9390721073225266,0.5340114431023522,0.6808510638297872
urban,llgd,243,9,1370,1444,3117,0.9487534626038782,0.439525184472249,0.6007454505590879
urban,llgd,244,9,749,867,3184,0.8638985005767013,0.2352386934673367,0.36978523821278697
urban,llgd,245,9,701,780,3247,0.8987179487179487,0.21589159223898985,0.3481499875838093
urban,llgd,246,9,89,114,3208,0.7807017543859649,0.027743142144638404,0.05358217940999398
urban,llgd,247,9,104,132,3227,0.7878787878787878,0.03222807561202355,0.061923191426019646
urban,llgd,248,9,8,24,3237,0.3333333333333333,0.002471424158171146,0.004906470407850353
urban,llgd,249,9,298,439,3196,0.6788154897494305,0.09324155193992491,0.1639614855570839
urban,llgd,250,9,90,122,3178,0.7377049180327869,0.028319697923222153,0.05454545454545454
urban,llgd,251,9,898,945,3179,0.9502645502645503,0.28247876690783263,0.4354995150339476
urban,llgd,252,9,1618,1756,3227,0.9214123006833713,0.5013944840409049,0.6494079871563315
urban,llgd,253,9,516,618,3220,0.8349514563106796,0.16024844720496895,0.2688900468994268
urban,llgd,254,9,811,879,3160,0.9226393629124005,0.25664556962025314,0.4015845506313444
urban,llgd,255,9,659,720,3013,0.9152777777777777,0.21871888483239296,0.35306723814626306
urban,llgd,256,9,621,716,3050,0.86731843575419,0.2036065573770492,0.32979288369622944
urban,llgd,257,9,799,866,3163,0.9226327944572749,0.2526082832753715,0.39662447257383965
urban,llgd,258,9,848,1016,3178,0.8346456692913385,0.2668344870988043,0.40438721983786363
urban,llgd,259,9,400,526,3114,0.7604562737642585,0.12845215157353887,0.21978021978021978
urban,llgd,260,9,129,156,3140,0.8269230769230769,0.0410828025477707,0.07827669902912622
office_spiral,rt,115,3,776,1332,2009,0.5825825825825826,0.3862618218018915,0.4645315773720443
office_spiral,rt,116,3,986,1458,2060,0.6762688614540466,0.4786407766990291,0.5605457646389994
office_spiral,rt,117,3,944,1525,2118,0.6190163934426229,0.4457034938621341,0.5182541861103486
office_spiral,rt,118,3,973,1433,2205,0.6789951151430565,0.44126984126984126,0.5349092908191314
office_spiral,rt,119,3,960,1359,2197,0.7064017660044151,0.4369594902139281,0.5399325084364455
office_spiral,rt,120,3,1024,1407,2139,0.7277896233120114,0.4787283777466106,0.577552171460801
office_spiral,rt,121,3,974,1427,2129,0.6825508058864751,0.4574917801784876,0.547806524184477
office_spiral,rt,122,3,920,1331,2193,0.6912096168294516,0.41951664386684906,0.5221339387060159
office_spiral,rt,123,3,1040,1433,2221,0.7257501744591766,0.46825754164790634,0.5692391899288451
office_spiral,rt,124,3,1048,1497,2184,0.700066800267201,0.47985347985347987,0.569410486280902
office_spiral,rt,125,3,938,1328,2226,0.7063253012048193,0.42138364779874216,0.5278559369724254
office_spiral,rt,126,3,919,1354,2198,0.6787296898079763,0.4181073703366697,0.517454954954955
office_spiral,rt,127,3,983,1468,2294,0.6696185286103542,0.42850915431560593,0.5225943646996278
office_spiral,rt,128,3,869,1322,2338,0.6573373676248109,0.3716852010265184,0.4748633879781421
office_spiral,rt,129,3,977,1455,2326,0.6714776632302405,0.42003439380911434,0.5167944988098386
office_spiral,rt,130,3,1060,1459,2326,0.726525017135024,0.45571797076526227,0.560105680317041
office_spiral,rt,131,3,1049,1543,2300,0.6798444588464031,0.45608695652173914,0.545927660681759
office_spiral,rt,132,3,1138,1632,2384,0.6973039215686274,0.4773489932885906,0.5667330677290837
office_spiral,rt,133,3,1011,1513,2333,0.6682088565763384,0.433347621088727,0.5257410296411856
office_spiral,rt,134,3,1003,1490,2416,0.6731543624161074,0.4151490066225166,0.5135688684075781
office_spiral,rt,135,3,897,1333,2491,0.6729182295573893,0.36009634684865516,0.46914225941422594
office_spiral,rt,136,3,977,1488,2444,0.6565860215053764,0.3997545008183306,0.4969481180061038
office_spiral,rt,137,3,1033,1448,2440,0.7133977900552486,0.4233606557377049,0.5313786008230452
office_spiral,rt,138,3,921,1456,2376,0.632554945054945,0.38762626262626265,0.48068893528183715
office_spiral,rt,139,3,980,1515,2364,0.6468646864686468,0.41455160744500846,0.5052848672338232
office_spiral,rt,140,3,984,1489,2375,0.6608462055070518,0.4143157894736842,0.5093167701863354
office_spiral,rt,141,3,908,1359,2303,0.6681383370125092,0.3942683456361268,0.4959038776624795
office_spiral,rt,142,3,1013,1507,2260,0.6721964167219642,0.4482300884955752,0.5378285107512609
office_spiral,rt,143,3,927,1458,2261,0.6358024691358025,0.4099955771782397,0.49852110782468406
office_spiral,rt,144,3,905,1568,2246,0.5771683673469388,0.40293855743544077,0.4745673833245936
office_spiral,rt,145,3,933,1465,2276,0.6368600682593857,0.4099297012302285,0.4987971130713713
office_spiral,rt,146,3,1000,1508,2287,0.6631299734748011,0.4372540445999126,0.5270092226613966
office_spiral,rt,147,3,1006,1471,2321,0.6838885112168592,0.43343386471348555,0.5305907172995781
office_spiral,rt,148,3,992,1490,2253,0.6657718120805369,0.4403018197958278,0.5300561047288271
office_spiral,rt,149,3,914,1503,2147,0.6081170991350632,0.4257102934326968,0.5008219178082192
office_spiral,rt,150,3,965,1527,2150,0.6319580877537656,0.44883720930232557,0.5248844166440033
office_spiral,rt,151,3,1001,1587,2145,0.6307498424700693,0.4666666666666667,0.5364415862808146
office_spiral,rt,152,3,1058,1550,2167,0.6825806451612904,0.488232579603138,0.5692762980898574
office_spiral,rt,153,3,933,1429,2149,0.6529041287613716,0.43415542112610517,0.5215204024594746
office_spiral,rt,154,3,965,1523,2160,0.6336178594878529,0.44675925925925924,0.5240293239207168
office_spiral,rt,155,3,1074,1729,2113,0.6211683053788317,0.5082820634169427,0.5590838105153566
office_spiral,rt,156,3,934,1514,2123,0.6169088507265522,0.43994347621290625,0.5136101182293099
office_spiral,rt,157,3,900,1476,2138,0.6097560975609756,0.42095416276894293,0.49806308799114557
office_spiral,rt,158,3,953,1441,2082,0.6613462873004857,0.45773294908741596,0.5410161793925632
office_spiral,rt,159,3,960,1517,2070,0.6328279499011207,0.463768115942029,0.5352662391971006
office_spiral,rt,160,3,974,1501,2035,0.6489007328447701,0.47862407862407863,0.5509049773755657
office_spiral,rt,161,3,1107,1587,2175,0.6975425330812854,0.5089655172413793,0.5885167464114832
office_spiral,rt,162,3,988,1460,2176,0.6767123287671233,0.4540441176470588,0.5434543454345434
office_spiral,rt,163,3,1023,1501,2059,0.681545636242505,0.4968431277319087,0.5747191011235955
office_spiral,rt,164,3,870,1429,2087,0.6088173547935619,0.4168663152850982,0.4948805460750853
office_spiral,rt,165,3,889,1440,2051,0.6173611111111111,0.4334470989761092,0.5093096533944429
office_spiral,rt,166,3,745,1291,2060,0.5770720371804803,0.3616504854368932,0.44464339003282605
office_spiral,rt,167,3,943,1391,2053,0.6779295470884256,0.4593278129566488,0.5476190476190477
office_spiral,rt,168,3,698,1261,2076,0.5535289452815226,0.33622350674373797,0.4183398261911897
office_spiral,rt,169,3,767,1254,2086,0.6116427432216905,0.36768935762224353,0.4592814371257485
office_spiral,rt,170,3,860,1392,2059,0.617816091954023,0.4176784847013113,0.4984062590553463
office_spiral,rt,171,3,805,1323,2054,0.6084656084656085,0.39191820837390456,0.4767545158424637
office_spiral,rt,172,3,896,1408,2085,0.6363636363636364,0.42973621103117504,0.5130260521042084
office_spiral,rt,173,3,872,1230,2080,0.7089430894308943,0.41923076923076924,0.5268882175226586
office_spiral,rt,174,3,902,1317,2120,0.6848899012908124,0.42547169811320756,0.5248763456502764
office_spiral,rt,175,3,877,1351,2161,0.6491487786824575,0.4058306339657566,0.4994305239179954
office_spiral,rt,176,3,971,1473,2162,0.6591989137813985,0.44912118408880664,0.5342503438789546
office_spiral,rt,177,3,949,1353,2212,0.7014042867701404,0.4290235081374322,0.532398316970547
office_spiral,rt,178,3,918,1385,2216,0.6628158844765343,0.41425992779783394,0.5098583726742572
office_spiral,rt,179,3,884,1328,2230,0.6656626506024096,0.39641255605381165,0.49690837549184935
office_spiral,rt,180,3,979,1469,2165,0.6664397549353301,0.45219399538106236,0.538800220143093
office_spiral,rt,181,3,969,1488,2337,0.6512096774193549,0.4146341463414634,0.5066666666666667
office_spiral,rt,182,3,1041,1562,2384,0.6664532650448144,0.43666107382550334,0.5276229092752154
office_spiral,rt,183,3,1014,1466,2459,0.6916780354706685,0.4123627490849939,0.5166878980891719
office_spiral,rt,184,3,1000,1480,2450,0.6756756756756757,0.40816326530612246,0.5089058524173028
office_spiral,rt,185,3,1010,1414,2546,0.7142857142857143,0.396700706991359,0.51010101010101
office_spiral,rt,186,3,1098,1577,2599,0.6962587190868738,0.4224701808387841,0.5258620689655172
office_spiral,rt,187,3,971,1452,2654,0.668732782369146,0.36586284853052,0.4729663906478324
office_spiral,rt,188,3,1166,1650,2687,0.7066666666666667,0.43394119836248607,0.5376988701867651
office_spiral,rt,189,3,969,1343,2721,0.7215189873417721,0.35611907386990077,0.47687007874015747
office_spiral,rt,190,3,1081,1528,2725,0.7074607329842932,0.396697247706422,0.5083470491417823
office_spiral,rt,191,3,1134,1536,2794,0.73828125,0.4058697208303508,0.5237875288683603
office_spiral,rt,192,3,1110,1550,2848,0.7161290322580646,0.38974719101123595,0.504774897680764
office_spiral,rt,193,3,1186,1616,2840,0.7339108910891089,0.4176056338028169,0.5323159784560144
office_spiral,rt,194,3,1128,1490,2854,0.7570469798657719,0.39523475823405746,0.5193370165745856
office_spiral,rt,195,3,1064,1432,2814,0.7430167597765364,0.3781094527363184,0.5011775788977861
office_spiral,rt,196,3,1138,1479,2824,0.7694388100067613,0.40297450424929177,0.5289333023471996
office_spiral,rt,197,3,1114,1482,2892,0.7516869095816464,0.3852005532503458,0.5093735711019661
office_spiral,rt,198,3,1170,1595,2891,0.7335423197492164,0.4047042545831892,0.5216228265715559
office_spiral,rt,199,3,1164,1554,2782,0.749034749034749,0.4184040258806614,0.5369003690036901
office_spiral,rt,200,3,1076,1504,2835,0.7154255319148937,0.37954144620811286,0.49596681262963815
office_spiral,rt,201,3,1176,1589,2830,0.7400881057268722,0.415547703180212,0.5322471147318398
office_spiral,rt,202,3,1071,1497,2748,0.7154308617234469,0.38973799126637554,0.5045936395759717
office_spiral,rt,203,3,1022,1449,2678,0.7053140096618358,0.3816280806572069,0.495275018173007
office_spiral,rt,204,3,1136,1555,2693,0.7305466237942122,0.421834385443743,0.5348399246704332
office_spiral,rt,205,3,1173,1651,2744,0.7104784978800727,0.42747813411078717,0.5337883959044368
office_spiral,rt,206,3,1130,1546,2779,0.7309184993531694,0.4066210867218424,0.522543352601156
office_spiral,rt,207,3,1006,1438,2688,0.6995827538247567,0.3742559523809524,0.4876393601551139
office_spiral,rt,208,3,1073,1443,2697,0.7435897435897436,0.3978494623655914,0.5183574879227053
office_spiral,rt,209,3,981,1386,2709,0.7077922077922078,0.36212624584717606,0.47912087912087914
office_spiral,rt,210,3,1103,1417,2696,0.7784050811573747,0.4091246290801187,0.5363481643569171
office_spiral,rt,211,3,1084,1427,2687,0.759635599159075,0.4034238928172683,0.5269810403500244
office_spiral,rt,212,3,1084,1521,2524,0.7126890203813281,0.4294770206022187,0.5359703337453646
office_spiral,rt,213,3,1052,1441,2595,0.7300485773768216,0.4053949903660886,0.5213082259663032
office_spiral,rt,214,3,1077,1489,2574,0.7233042310275353,0.4184149184149184,0.5301501353679547
office_spiral,rt,215,3,997,1402,2488,0.7111269614835949,0.4007234726688103,0.5125964010282776
office_spiral,rt,216,3,1125,1443,2378,0.7796257796257796,0.47308662741799834,0.5888510861031143
office_spiral,rt,217,3,1150,1512,2337,0.7605820105820106,0.49208386820710315,0.5975578072226553
office_spiral,rt,218,3,1049,1359,2297,0.7718910963944077,0.456682629516761,0.5738512035010941
office_spiral,rt,219,3,1095,1466,2254,0.7469304229195088,0.48580301685891747,0.5887096774193549
office_spiral,rt,220,3,981,1307,2301,0.7505738332058148,0.42633637548891784,0.5437915742793792
office_spiral,rt,221,3,904,1386,2284,0.6522366522366523,0.3957968476357268,0.49264305177111717
office_spiral,rt,222,3,868,1418,2299,0.61212976022567,0.37755545889517184,0.4670433145009416
office_spiral,rt,223,3,831,1310,2251,0.6343511450381679,0.3691692581075078,0.4667228306655434
office_spiral,rt,224,3,862,1300,2272,0.6630769230769231,0.37940140845070425,0.4826427771556551
office_spiral,rt,225,3,976,1447,2347,0.6744989633724948,0.41585002130379206,0.5144965735371639
office_spiral,rt,226,3,887,1456,2293,0.6092032967032966,0.3868294810292194,0.4731928514270472
office_spiral,rt,227,3,910,1447,2448,0.6288873531444368,0.37173202614379086,0.4672657252888318
office_spiral,rt,115,6,949,1332,2009,0.7124624624624625,0.4723743155798905,0.5680933852140078
office_spiral,rt,116,6,1105,1458,2060,0.7578875171467764,0.5364077669902912,0.6281978396816373
office_spiral,rt,117,6,1075,1525,2118,0.7049180327868853,0.5075542965061378,0.5901729343947296
office_spiral,rt,118,6,1099,1433,2205,0.7669225401256106,0.4984126984126984,0.6041781198460693
office_spiral,rt,119,6,1071,1359,2197,0.7880794701986755,0.48748293126991354,0.6023622047244095
office_spiral,rt,120,6,1127,1407,2139,0.8009950248756219,0.5268817204301075,0.6356457980823463
office_spiral,rt,121,6,1120,1427,2129,0.7848633496846531,0.5260685767966181,0.6299212598425197
office_spiral,rt,122,6,1029,1331,2193,0.7731029301277235,0.4692202462380301,0.5839954597048809
office_spiral,rt,123,6,1171,1433,2221,0.8171667829727843,0.5272399819900946,0.6409414340448824
office_spiral,rt,124,6,1174,1497,2184,0.7842351369405478,0.5375457875457875,0.6378701439826134
office_spiral,rt,125,6,1033,1328,2226,0.7778614457831325,0.4640610961365678,0.5813168261114238
office_spiral,rt,126,6,1039,1354,2198,0.7673559822747416,0.4727024567788899,0.5850225225225225
office_spiral,rt,127,6,1130,1468,2294,0.7697547683923706,0.4925893635571055,0.6007442849548112
office_spiral,rt,128,6,1035,1322,2338,0.7829046898638427,0.44268605645851156,0.5655737704918032
office_spiral,rt,129,6,1140,1455,2326,0.7835051546391752,0.4901117798796217,0.6030150753768844
office_spiral,rt,130,6,1180,1459,2326,0.8087731322823852,0.5073086844368013,0.6235138705416117
office_spiral,rt,131,6,1211,1543,2300,0.7848347375243033,0.5265217391304348,0.6302367941712204
office_spiral,rt,132,6,1270,1632,2384,0.7781862745098039,0.5327181208053692,0.6324701195219123
office_spiral,rt,133,6,1167,1513,2333,0.7713152676801057,0.5002143163309044,0.6068642745709828
office_spiral,rt,134,6,1125,1490,2416,0.7550335570469798,0.4656456953642384,0.576036866359447
office_spiral,rt,135,6,1010,1333,2491,0.7576894223555889,0.40545965475712564,0.5282426778242678
office_spiral,rt,136,6,1096,1488,2444,0.7365591397849462,0.44844517184942717,0.5574771108850458
office_spiral,rt,137,6,1142,1448,2440,0.7886740331491713,0.4680327868852459,0.5874485596707819
office_spiral,rt,138,6,1035,1456,2376,0.7108516483516484,0.4356060606060606,0.5401878914405011
office_spiral,rt,139,6,1110,1515,2364,0.7326732673267327,0.46954314720812185,0.5723124516627996
office_spiral,rt,140,6,1118,1489,2375,0.7508394895903291,0.4707368421052632,0.5786749482401656
office_spiral,rt,141,6,1042,1359,2303,0.7667402501839587,0.4524533217542336,0.5690879300928454
office_spiral,rt,142,6,1136,1507,2260,0.7538155275381553,0.5026548672566372,0.6031324661534377
office_spiral,rt,143,6,1038,1458,2261,0.7119341563786008,0.4590888987173817,0.558214573810164
office_spiral,rt,144,6,1050,1568,2246,0.6696428571428571,0.46749777382012464,0.5506030414263241
office_spiral,rt,145,6,1029,1465,2276,0.7023890784982935,0.45210896309314585,0.5501202886928629
office_spiral,rt,146,6,1090,1508,2287,0.7228116710875332,0.4766069086139047,0.5744400527009222
office_spiral,rt,147,6,1125,1471,2321,0.7647858599592114,0.4847048685911245,0.5933544303797469
office_spiral,rt,148,6,1099,1490,2253,0.7375838926174496,0.48779405237461165,0.5872294950574406
office_spiral,rt,149,6,1044,1503,2147,0.6946107784431138,0.4862598975314392,0.572054794520548
office_spiral,rt,150,6,1093,1527,2150,0.7157825802226588,0.5083720930232558,0.5945063910796845
office_spiral,rt,151,6,1138,1587,2145,0.7170762444864525,0.5305361305361306,0.609860664523044
office_spiral,rt,152,6,1187,1550,2167,0.7658064516129032,0.5477618827872635,0.6386871132633845
office_spiral,rt,153,6,1026,1429,2149,0.7179846046186145,0.47743136342484876,0.5735047512576859
office_spiral,rt,154,6,1086,1523,2160,0.7130663164806303,0.5027777777777778,0.5897366277491176
office_spiral,rt,155,6,1223,1729,2113,0.7073452862926547,0.5787979176526266,0.6366475793857366
office_spiral,rt,156,6,1056,1514,2123,0.6974900924702774,0.49740932642487046,0.5806983777838878
office_spiral,rt,157,6,1033,1476,2138,0.6998644986449865,0.4831618334892423,0.5716657443276149
office_spiral,rt,158,6,1067,1441,2082,0.7404580152671756,0.5124879923150817,0.6057337496451888
office_spiral,rt,159,6,1105,1517,2070,0.7284113381674358,0.533816425120773,0.6161137440758294
office_spiral,rt,160,6,1080,1501,2035,0.7195203197868087,0.5307125307125307,0.6108597285067874
office_spiral,rt,161,6,1226,1587,2175,0.7725267800882167,0.5636781609195403,0.6517809675704412
office_spiral,rt,162,6,1075,1460,2176,0.7363013698630136,0.49402573529411764,0.5913091309130913
office_spiral,rt,163,6,1134,1501,2059,0.7554963357761493,0.5507527926177757,0.6370786516853932
office_spiral,rt,164,6,1007,1429,2087,0.7046885934219734,0.4825107810253953,0.5728100113765643
office_spiral,rt,165,6,1025,1440,2051,0.7118055555555556,0.499756216479766,0.5872242910340877
office_spiral,rt,166,6,878,1291,2060,0.6800929512006196,0.4262135922330097,0.5240226797970755
office_spiral,rt,167,6,1043,1391,2053,0.7498202731847592,0.5080370189965904,0.6056910569105691
office_spiral,rt,168,6,861,1261,2076,0.682791435368755,0.4147398843930636,0.5160323643991609
office_spiral,rt,169,6,872,1254,2086,0.6953748006379585,0.41802492809204217,0.5221556886227545
office_spiral,rt,170,6,961,1392,2059,0.6903735632183908,0.46673142302088394,0.5569400173862649
office_spiral,rt,171,6,935,1323,2054,0.7067271352985639,0.4552093476144109,0.5537459283387622
office_spiral,rt,172,6,1013,1408,2085,0.7194602272727273,0.4858513189448441,0.580017177211566
office_spiral,rt,173,6,971,1230,2080,0.7894308943089431,0.4668269230769231,0.5867069486404833
office_spiral,rt,174,6,1010,1317,2120,0.7668944570994685,0.47641509433962265,0.5877218504509747
office_spiral,rt,175,6,988,1351,2161,0.7313101406365655,0.45719574271170754,0.5626423690205011
office_spiral,rt,176,6,1090,1473,2162,0.7399864222674813,0.5041628122109159,0.5997248968363136
office_spiral,rt,177,6,1068,1353,2212,0.7893569844789357,0.48282097649186256,0.5991584852734922
office_spiral,rt,178,6,1032,1385,2216,0.7451263537906138,0.4657039711191336,0.573174118300472
office_spiral,rt,179,6,999,1328,2230,0.7522590361445783,0.4479820627802691,0.5615514333895447
office_spiral,rt,180,6,1118,1469,2165,0.7610619469026548,0.5163972286374134,0.6152999449642268
office_spiral,rt,181,6,1116,1488,2337,0.75,0.47753530166880614,0.5835294117647059
office_spiral,rt,182,6,1218,1562,2384,0.7797695262483995,0.5109060402684564,0.6173340091231627
office_spiral,rt,183,6,1159,1466,2459,0.7905866302864939,0.47132980886539244,0.5905732484076434
office_spiral,rt,184,6,1179,1480,2450,0.7966216216216216,0.48122448979591836,0.6
office_spiral,rt,185,6,1150,1414,2546,0.8132956152758133,0.4516889238020424,0.5808080808080808
office_spiral,rt,186,6,1251,1577,2599,0.7932783766645529,0.4813389765294344,0.5991379310344828
office_spiral,rt,187,6,1142,1452,2654,0.7865013774104683,0.43029389600602863,0.5562591329761325
office_spiral,rt,188,6,1358,1650,2687,0.823030303030303,0.5053963528098251,0.6262393359465068
office_spiral,rt,189,6,1090,1343,2721,0.8116157855547282,0.4005880191106211,0.5364173228346457
office_spiral,rt,190,6,1263,1528,2725,0.8265706806282722,0.4634862385321101,0.5939336938631554
office_spiral,rt,191,6,1303,1536,2794,0.8483072916666666,0.4663564781675018,0.6018475750577367
office_spiral,rt,192,6,1317,1550,2848,0.8496774193548388,0.4624297752808989,0.5989085948158254
office_spiral,rt,193,6,1352,1616,2840,0.8366336633663366,0.476056338028169,0.6068222621184919
office_spiral,rt,194,6,1294,1490,2854,0.8684563758389262,0.4533987386124737,0.5957642725598526
office_spiral,rt,195,6,1194,1432,2814,0.8337988826815642,0.42430703624733473,0.5624116815826661
office_spiral,rt,196,6,1274,1479,2824,0.861392832995267,0.4511331444759207,0.5921450151057401
office_spiral,rt,197,6,1266,1482,2892,0.854251012145749,0.43775933609958506,0.578875171467764
office_spiral,rt,198,6,1342,1595,2891,0.8413793103448276,0.46419923901764093,0.5983058403923317
office_spiral,rt,199,6,1308,1554,2782,0.8416988416988417,0.4701653486700216,0.6033210332103321
office_spiral,rt,200,6,1225,1504,2835,0.8144946808510638,0.43209876543209874,0.5646462318506569
office_spiral,rt,201,6,1311,1589,2830,0.8250471994965387,0.46325088339222614,0.593346911065852
office_spiral,rt,202,6,1213,1497,2748,0.8102872411489646,0.44141193595342065,0.5714958775029446
office_spiral,rt,203,6,1194,1449,2678,0.8240165631469979,0.4458551157580284,0.5786285437363703
office_spiral,rt,204,6,1307,1555,2693,0.8405144694533762,0.48533234311177126,0.6153483992467044
office_spiral,rt,205,6,1362,1651,2744,0.824954572986069,0.4963556851311953,0.6197952218430034
office_spiral,rt,206,6,1236,1546,2779,0.7994825355756792,0.4447643037063692,0.5715606936416185
office_spiral,rt,207,6,1138,1438,2688,0.7913769123783032,0.42336309523809523,0.551623848763936
office_spiral,rt,208,6,1176,1443,2697,0.814968814968815,0.4360400444938821,0.5681159420289855
office_spiral,rt,209,6,1069,1386,2709,0.7712842712842712,0.39461055740125506,0.5221001221001221
office_spiral,rt,210,6,1183,1417,2696,0.8348623853211009,0.4387982195845697,0.5752492098225139
office_spiral,rt,211,6,1215,1427,2687,0.8514365802382621,0.45217714923706737,0.5906660184735051
office_spiral,rt,212,6,1194,1521,2524,0.7850098619329389,0.47305863708399365,0.5903584672435105
office_spiral,rt,213,6,1183,1441,2595,0.8209576682859125,0.4558766859344894,0.5862239841427156
office_spiral,rt,214,6,1200,1489,2574,0.8059100067159167,0.4662004662004662,0.5906965296578882
office_spiral,rt,215,6,1136,1402,2488,0.8102710413694721,0.4565916398713826,0.5840616966580977
office_spiral,rt,216,6,1228,1443,2378,0.851004851004851,0.5164003364171573,0.6427636744307773
office_spiral,rt,217,6,1243,1512,2337,0.8220899470899471,0.5318784766795036,0.6458820472850091
office_spiral,rt,218,6,1147,1359,2297,0.8440029433406917,0.499346974314323,0.6274617067833698
office_spiral,rt,219,6,1204,1466,2254,0.8212824010914052,0.5341614906832298,0.6473118279569893
office_spiral,rt,220,6,1075,1307,2301,0.8224942616679418,0.4671881790525858,0.5958980044345898
office_spiral,rt,221,6,1034,1386,2284,0.746031746031746,0.45271453590192645,0.5634877384196185
office_spiral,rt,222,6,1066,1418,2299,0.7517630465444288,0.46367986080904744,0.5735808447672854
office_spiral,rt,223,6,955,1310,2251,0.7290076335877863,0.42425588627276767,0.5363661892726762
office_spiral,rt,224,6,962,1300,2272,0.74,0.4234154929577465,0.5386338185890257
office_spiral,rt,225,6,1061,1447,2347,0.7332411886662059,0.45206646783127397,0.5593041644702161
office_spiral,rt,226,6,1034,1456,2293,0.7101648351648352,0.45093763628434363,0.5516137636703121
office_spiral,rt,227,6,1079,1447,2448,0.7456807187284036,0.44076797385620914,0.5540436456996148
office_spiral,rt,115,9,1018,1332,2009,0.7642642642642643,0.5067197610751618,0.6093983837174499
office_spiral,rt,116,9,1164,1458,2060,0.7983539094650206,0.5650485436893203,0.6617396247868107
office_spiral,rt,117,9,1170,1525,2118,0.7672131147540984,0.5524079320113314,0.6423277518528685
office_spiral,rt,118,9,1164,1433,2205,0.8122819260293092,0.527891156462585,0.639912039582188
office_spiral,rt,119,9,1122,1359,2197,0.82560706401766,0.5106964041875285,0.6310461192350956
office_spiral,rt,120,9,1195,1407,2139,0.8493248045486852,0.5586722767648434,0.6739988719684151
office_spiral,rt,121,9,1195,1427,2129,0.8374211632796076,0.5612963832785345,0.6721034870641169
office_spiral,rt,122,9,1084,1331,2193,0.8144252441773103,0.4943000455996352,0.6152099886492622
office_spiral,rt,123,9,1231,1433,2221,0.8590369853454292,0.5542548401620891,0.6737821565407772
office_spiral,rt,124,9,1238,1497,2184,0.8269873079492318,0.5668498168498168,0.6726433034501494
office_spiral,rt,125,9,1122,1328,2226,0.8448795180722891,0.5040431266846361,0.6314012380416432
office_spiral,rt,126,9,1132,1354,2198,0.8360413589364845,0.5150136487716106,0.6373873873873874
office_spiral,rt,127,9,1229,1468,2294,0.8371934604904632,0.5357454228421971,0.6533758639021797
office_spiral,rt,128,9,1106,1322,2338,0.8366111951588502,0.47305389221556887,0.6043715846994535
office_spiral,rt,129,9,1226,1455,2326,0.8426116838487973,0.5270851246775581,0.6485056863263687
office_spiral,rt,130,9,1229,1459,2326,0.8423577793008911,0.5283748925193466,0.6494055482166446
office_spiral,rt,131,9,1276,1543,2300,0.8269604666234608,0.5547826086956522,0.664064532916992
office_spiral,rt,132,9,1334,1632,2384,0.8174019607843137,0.5595637583892618,0.6643426294820717
office_spiral,rt,133,9,1250,1513,2333,0.8261731658955717,0.5357908272610373,0.6500260010400416
office_spiral,rt,134,9,1170,1490,2416,0.785234899328859,0.48427152317880795,0.5990783410138248
office_spiral,rt,135,9,1057,1333,2491,0.7929482370592649,0.4243275792854275,0.5528242677824268
office_spiral,rt,136,9,1184,1488,2444,0.7956989247311828,0.4844517184942717,0.602238046795524
office_spiral,rt,137,9,1221,1448,2440,0.8432320441988951,0.5004098360655738,0.6280864197530864
office_spiral,rt,138,9,1126,1456,2376,0.7733516483516484,0.4739057239057239,0.5876826722338204
office_spiral,rt,139,9,1192,1515,2364,0.7867986798679868,0.5042301184433164,0.6145913895333849
office_spiral,rt,140,9,1211,1489,2375,0.8132975151108126,0.5098947368421053,0.6268115942028986
office_spiral,rt,141,9,1112,1359,2303,0.8182487122884474,0.4828484585323491,0.6073184052430366
office_spiral,rt,142,9,1198,1507,2260,0.7949568679495687,0.5300884955752212,0.6360499070878683
office_spiral,rt,143,9,1094,1458,2261,0.7503429355281207,0.4838567005749668,0.588330196289325
office_spiral,rt,144,9,1136,1568,2246,0.7244897959183674,0.5057880676758683,0.5957000524383849
office_spiral,rt,145,9,1101,1465,2276,0.7515358361774744,0.4837434094903339,0.5886126704089816
office_spiral,rt,146,9,1163,1508,2287,0.7712201591511937,0.5085264538696983,0.6129117259552043
office_spiral,rt,147,9,1205,1471,2321,0.8191706322229776,0.5191727703576045,0.635548523206751
office_spiral,rt,148,9,1167,1490,2253,0.7832214765100671,0.5179760319573902,0.6235639861074005
office_spiral,rt,149,9,1142,1503,2147,0.7598137059214903,0.5319049836981835,0.6257534246575343
office_spiral,rt,150,9,1174,1527,2150,0.7688277668631304,0.546046511627907,0.6385640467772641
office_spiral,rt,151,9,1225,1587,2145,0.7718966603654694,0.5710955710955711,0.6564844587352626
office_spiral,rt,152,9,1234,1550,2167,0.7961290322580645,0.5694508537148131,0.6639763249932742
office_spiral,rt,153,9,1073,1429,2149,0.7508747375787264,0.4993020009306654,0.5997764114030184
office_spiral,rt,154,9,1164,1523,2160,0.7642810242941562,0.5388888888888889,0.6320934021178387
office_spiral,rt,155,9,1336,1729,2113,0.772700983227299,0.6322763842877426,0.6954711087975013
office_spiral,rt,156,9,1137,1514,2123,0.7509907529722589,0.5355628827131418,0.6252405828979929
office_spiral,rt,157,9,1103,1476,2138,0.747289972899729,0.5159027128157156,0.6104039845047039
office_spiral,rt,158,9,1135,1441,2082,0.78764746703678,0.5451488952929875,0.6443372126028952
office_spiral,rt,159,9,1189,1517,2070,0.7837837837837838,0.5743961352657004,0.6629495400055757
office_spiral,rt,160,9,1161,1501,2035,0.7734843437708194,0.5705159705159705,0.6566742081447964
office_spiral,rt,161,9,1322,1587,2175,0.8330182734719597,0.607816091954023,0.7028176501860712
office_spiral,rt,162,9,1152,1460,2176,0.7890410958904109,0.5294117647058824,0.6336633663366337
office_spiral,rt,163,9,1211,1501,2059,0.8067954696868754,0.5881495871782418,0.6803370786516854
office_spiral,rt,164,9,1113,1429,2087,0.7788663400979706,0.5333013895543843,0.6331058020477816
office_spiral,rt,165,9,1132,1440,2051,0.7861111111111111,0.5519258898098488,0.648524778000573
office_spiral,rt,166,9,986,1291,2060,0.7637490317583269,0.4786407766990291,0.5884810504327067
office_spiral,rt,167,9,1105,1391,2053,0.794392523364486,0.5382367267413541,0.6416957026713124
office_spiral,rt,168,9,960,1261,2076,0.7613005551149881,0.4624277456647399,0.5753670961941864
office_spiral,rt,169,9,934,1254,2086,0.74481658692185,0.4477468839884947,0.5592814371257485
office_spiral,rt,170,9,1033,1392,2059,0.7420977011494253,0.501699854298203,0.5986670530281077
office_spiral,rt,171,9,1027,1323,2054,0.7762660619803476,0.5,0.6082321587207581
office_spiral,rt,172,9,1084,1408,2085,0.7698863636363636,0.5199040767386092,0.6206699112510736
office_spiral,rt,173,9,1031,1230,2080,0.8382113821138212,0.49567307692307694,0.6229607250755287
office_spiral,rt,174,9,1084,1317,2120,0.8230827638572513,0.5113207547169811,0.6307826592958976
office_spiral,rt,175,9,1083,1351,2161,0.8016284233900814,0.5011568718186025,0.6167425968109339
office_spiral,rt,176,9,1192,1473,2162,0.8092328581126952,0.5513413506012951,0.6558459422283356
office_spiral,rt,177,9,1161,1353,2212,0.8580931263858093,0.5248643761301989,0.6513323983169705
office_spiral,rt,178,9,1125,1385,2216,0.8122743682310469,0.5076714801444043,0.6248264371008053
office_spiral,rt,179,9,1077,1328,2230,0.8109939759036144,0.48295964125560537,0.6053962900505903
office_spiral,rt,180,9,1198,1469,2165,0.8155207624234173,0.5533487297921478,0.6593285635663181
office_spiral,rt,181,9,1228,1488,2337,0.8252688172043011,0.5254599914420197,0.6420915032679738
office_spiral,rt,182,9,1288,1562,2384,0.8245838668373879,0.540268456375839,0.6528129751647238
office_spiral,rt,183,9,1249,1466,2459,0.8519781718963165,0.5079300528670191,0.6364331210191083
office_spiral,rt,184,9,1261,1480,2450,0.852027027027027,0.5146938775510204,0.6417302798982188
office_spiral,rt,185,9,1230,1414,2546,0.8698727015558698,0.4831107619795758,0.6212121212121212
office_spiral,rt,186,9,1340,1577,2599,0.849714648065948,0.5155829165063486,0.6417624521072797
office_spiral,rt,187,9,1216,1452,2654,0.837465564738292,0.4581763376036172,0.5923039454456892
office_spiral,rt,188,9,1467,1650,2687,0.889090909090909,0.5459620394491999,0.6765044961955269
office_spiral,rt,189,9,1173,1343,2721,0.8734177215189873,0.4310915104740904,0.577263779527559
office_spiral,rt,190,9,1346,1528,2725,0.8808900523560209,0.49394495412844036,0.632964965906419
office_spiral,rt,191,9,1366,1536,2794,0.8893229166666666,0.4889047959914102,0.63094688221709
office_spiral,rt,192,9,1406,1550,2848,0.9070967741935484,0.4936797752808989,0.639381537062301
office_spiral,rt,193,9,1418,1616,2840,0.8774752475247525,0.4992957746478873,0.6364452423698385
office_spiral,rt,194,9,1350,1490,2854,0.9060402684563759,0.4730203223545901,0.6215469613259669
office_spiral,rt,195,9,1256,1432,2814,0.8770949720670391,0.4463397299218195,0.5916156382477626
office_spiral,rt,196,9,1329,1479,2824,0.8985801217038539,0.47060906515580736,0.6177085754125029
office_spiral,rt,197,9,1322,1482,2892,0.8920377867746289,0.45712309820193636,0.6044810242341107
office_spiral,rt,198,9,1407,1595,2891,0.8821316614420063,0.48668280871670705,0.6272848863129737
office_spiral,rt,199,9,1364,1554,2782,0.8777348777348777,0.49029475197699496,0.6291512915129152
office_spiral,rt,200,9,1298,1504,2835,0.863031914893617,0.4578483245149912,0.5982945379119613
office_spiral,rt,201,9,1394,1589,2830,0.8772813089993706,0.4925795053003534,0.6309119710341706
office_spiral,rt,202,9,1291,1497,2748,0.8623914495657983,0.4697962154294032,0.6082449941107185
office_spiral,rt,203,9,1269,1449,2678,0.8757763975155279,0.47386109036594476,0.6149745577901623
office_spiral,rt,204,9,1376,1555,2693,0.884887459807074,0.5109543260304493,0.647834274952919
office_spiral,rt,205,9,1431,1651,2744,0.8667474258025439,0.5215014577259475,0.6511945392491467
office_spiral,rt,206,9,1338,1546,2779,0.8654592496765847,0.48146815401223464,0.618728323699422
office_spiral,rt,207,9,1227,1438,2688,0.8532684283727399,0.4564732142857143,0.59476490547746
office_spiral,rt,208,9,1251,1443,2697,0.8669438669438669,0.4638487208008899,0.6043478260869565
office_spiral,rt,209,9,1126,1386,2709,0.8124098124098124,0.4156515319306017,0.54993894993895
office_spiral,rt,210,9,1209,1417,2696,0.8532110091743119,0.44844213649851633,0.587892049598833
office_spiral,rt,211,9,1280,1427,2687,0.8969866853538893,0.4763676963155936,0.6222654350996597
office_spiral,rt,212,9,1271,1521,2524,0.8356344510190664,0.5035657686212361,0.6284301606922126
office_spiral,rt,213,9,1244,1441,2595,0.8632893823733518,0.479383429672447,0.6164519326065411
office_spiral,rt,214,9,1259,1489,2574,0.8455339153794493,0.4891219891219891,0.6197391090327344
office_spiral,rt,215,9,1190,1402,2488,0.8487874465049928,0.4782958199356913,0.6118251928020566
office_spiral,rt,216,9,1282,1443,2378,0.8884268884268884,0.5391084945332212,0.6710285265637268
office_spiral,rt,217,9,1296,1512,2337,0.8571428571428571,0.5545571245186136,0.6734216679657054
office_spiral,rt,218,9,1183,1359,2297,0.8704930095658573,0.5150195907705704,0.6471553610503282
office_spiral,rt,219,9,1259,1466,2254,0.8587994542974079,0.5585625554569654,0.6768817204301075
office_spiral,rt,220,9,1108,1307,2301,0.8477429227237949,0.4815297696653629,0.614190687361419
office_spiral,rt,221,9,1081,1386,2284,0.7799422799422799,0.473292469352014,0.5891008174386921
office_spiral,rt,222,9,1118,1418,2299,0.7884344146685472,0.4862983906046107,0.6015603981705676
office_spiral,rt,223,9,1018,1310,2251,0.7770992366412214,0.45224344735673033,0.5717495085650098
office_spiral,rt,224,9,1014,1300,2272,0.78,0.44630281690140844,0.5677491601343785
office_spiral,rt,225,9,1107,1447,2347,0.7650310988251555,0.47166595654026416,0.5835529783869268
office_spiral,rt,226,9,1109,1456,2293,0.7616758241758241,0.4836458787614479,0.5916244331821819
office_spiral,rt,227,9,1139,1447,2448,0.7871458189357291,0.4652777777777778,0.5848523748395379
office_spiral,llgd,115,3,51,97,2009,0.5257731958762887,0.02538576406172225,0.04843304843304843
office_spiral,llgd,116,3,961,1784,2060,0.5386771300448431,0.466504854368932,0.5
office_spiral,llgd,117,3,1021,1766,2118,0.5781426953567383,0.48205854579792257,0.5257466529351185
office_spiral,llgd,118,3,341,516,2205,0.6608527131782945,0.1546485260770975,0.25064314590224185
office_spiral,llgd,119,3,336,546,2197,0.6153846153846154,0.15293582157487484,0.24498724024790375
office_spiral,llgd,120,3,237,340,2139,0.6970588235294117,0.11079943899018233,0.19120613150463897
office_spiral,llgd,121,3,126,185,2129,0.6810810810810811,0.05918271488961954,0.10890233362143474
office_spiral,llgd,122,3,320,564,2193,0.5673758865248227,0.1459188326493388,0.23213638012332244
office_spiral,llgd,123,3,163,174,2221,0.9367816091954023,0.07339036470058533,0.1361169102296451
office_spiral,llgd,124,3,504,972,2184,0.5185185185185185,0.23076923076923078,0.3193916349809886
office_spiral,llgd,125,3,841,1538,2226,0.546814044213264,0.3778077268643306,0.44686503719447396
office_spiral,llgd,126,3,149,318,2198,0.46855345911949686,0.06778889899909009,0.11844197138314785
office_spiral,llgd,127,3,984,2134,2294,0.4611059044048735,0.42894507410636445,0.4444444444444444
office_spiral,llgd,128,3,290,453,2338,0.6401766004415012,0.12403763900769889,0.20781082049444644
office_spiral,llgd,129,3,99,202,2326,0.4900990099009901,0.04256233877901978,0.07832278481012658
office_spiral,llgd,130,3,519,735,2326,0.7061224489795919,0.22312983662940672,0.3391048676902973
office_spiral,llgd,131,3,201,257,2300,0.7821011673151751,0.08739130434782609,0.15721548689870943
office_spiral,llgd,132,3,121,195,2384,0.6205128205128205,0.05075503355704698,0.09383481969755719
office_spiral,llgd,133,3,46,52,2333,0.8846153846153846,0.019717102443206173,0.03857442348008386
office_spiral,llgd,134,3,231,300,2416,0.77,0.09561258278145696,0.17010309278350516
office_spiral,llgd,135,3,288,406,2491,0.7093596059113301,0.11561621838619028,0.19882637210907836
office_spiral,llgd,136,3,776,1222,2444,0.6350245499181669,0.31751227495908346,0.42334969994544464
office_spiral,llgd,137,3,692,1301,2440,0.5318985395849347,0.2836065573770492,0.36995455760491847
office_spiral,llgd,138,3,105,151,2376,0.695364238410596,0.04419191919191919,0.08310249307479224
office_spiral,llgd,139,3,261,394,2364,0.6624365482233503,0.11040609137055837,0.1892675852066715
office_spiral,llgd,140,3,55,72,2375,0.7638888888888888,0.023157894736842106,0.04495300367797303
office_spiral,llgd,141,3,579,940,2303,0.6159574468085106,0.25141120277898393,0.35707678075855687
office_spiral,llgd,142,3,511,978,2260,0.5224948875255624,0.2261061946902655,0.31562693020382954
office_spiral,llgd,143,3,657,1016,2261,0.6466535433070866,0.2905793896505971,0.400976502898993
office_spiral,llgd,144,3,1140,2230,2246,0.5112107623318386,0.5075690115761353,0.5093833780160858
office_spiral,llgd,145,3,272,445,2276,0.6112359550561798,0.1195079086115993,0.19992649761117237
office_spiral,llgd,146,3,413,825,2287,0.5006060606060606,0.18058592041976387,0.2654241645244216
office_spiral,llgd,147,3,263,352,2321,0.7471590909090909,0.11331322705730289,0.19678264122708566
office_spiral,llgd,148,3,819,1530,2253,0.5352941176470588,0.36351531291611183,0.4329896907216495
office_spiral,llgd,149,3,180,272,2147,0.6617647058823529,0.08383791336748952,0.14882182720132286
office_spiral,llgd,150,3,452,886,2150,0.510158013544018,0.2102325581395349,0.2977602108036891
office_spiral,llgd,151,3,710,1066,2145,0.6660412757973734,0.331002331002331,0.44222983494238555
office_spiral,llgd,152,3,269,417,2167,0.645083932853717,0.12413474850023073,0.20820433436532507
office_spiral,llgd,153,3,519,882,2149,0.5884353741496599,0.2415076779897627,0.34246123391619926
office_spiral,llgd,154,3,615,1113,2160,0.5525606469002695,0.2847222222222222,0.3758020164986251
office_spiral,llgd,155,3,481,881,2113,0.5459704880817253,0.2276384287742546,0.321309285237141
office_spiral,llgd,156,3,545,974,2123,0.5595482546201233,0.2567121997173811,0.3519535033903778
office_spiral,llgd,157,3,157,310,2138,0.5064516129032258,0.0734331150608045,0.12826797385620914
office_spiral,llgd,158,3,605,1095,2082,0.5525114155251142,0.2905859750240154,0.3808624488511174
office_spiral,llgd,159,3,415,873,2070,0.4753722794959908,0.20048309178743962,0.2820251444104655
office_spiral,llgd,160,3,49,125,2035,0.392,0.02407862407862408,0.04537037037037037
office_spiral,llgd,161,3,278,373,2175,0.7453083109919572,0.127816091954023,0.21821036106750394
office_spiral,llgd,162,3,444,759,2176,0.5849802371541502,0.20404411764705882,0.30255536626916524
office_spiral,llgd,163,3,787,1236,2059,0.6367313915857605,0.3822243807673628,0.4776934749620637
office_spiral,llgd,164,3,725,1282,2087,0.5655226209048362,0.3473885960709152,0.43039477589789255
office_spiral,llgd,165,3,241,477,2051,0.5052410901467506,0.11750365675280351,0.1906645569620253
office_spiral,llgd,166,3,55,134,2060,0.41044776119402987,0.02669902912621359,0.05013673655423884
office_spiral,llgd,167,3,818,1300,2053,0.6292307692307693,0.39844130540672185,0.48792126453921864
office_spiral,llgd,168,3,384,616,2076,0.6233766233766234,0.18497109826589594,0.2852897473997028
office_spiral,llgd,169,3,55,74,2086,0.7432432432432432,0.026366251198465963,0.05092592592592592
office_spiral,llgd,170,3,107,160,2059,0.66875,0.0519669742593492,0.0964398377647589
office_spiral,llgd,171,3,99,192,2054,0.515625,0.048198636806231744,0.0881567230632235
office_spiral,llgd,172,3,695,1266,2085,0.5489731437598736,0.3333333333333333,0.41480155177558936
office_spiral,llgd,173,3,331,485,2080,0.6824742268041237,0.15913461538461537,0.2580896686159844
office_spiral,llgd,174,3,170,371,2120,0.4582210242587601,0.08018867924528301,0.13649136892814132
office_spiral,llgd,175,3,921,1794,2161,0.5133779264214047,0.4261915779731606,0.4657395701643489
office_spiral,llgd,176,3,678,1184,2162,0.5726351351351351,0.3135985198889917,0.4052600119545726
office_spiral,llgd,177,3,123,141,2212,0.8723404255319149,0.05560578661844485,0.10454738631534212
office_spiral,llgd,178,3,366,560,2216,0.6535714285714286,0.1651624548736462,0.26368876080691644
office_spiral,llgd,179,3,345,476,2230,0.7247899159663865,0.1547085201793722,0.2549889135254989
office_spiral,llgd,180,3,328,623,2165,0.5264847512038523,0.1515011547344111,0.23529411764705882
office_spiral,llgd,181,3,810,1486,2337,0.5450874831763123,0.3465982028241335,0.42375098090504837
office_spiral,llgd,182,3,462,984,2384,0.4695121951219512,0.19379194630872484,0.27434679334916867
office_spiral,llgd,183,3,656,1249,2459,0.5252201761409128,0.26677511183407887,0.35382955771305286
office_spiral,llgd,184,3,798,1682,2450,0.47443519619500596,0.32571428571428573,0.3862536302032914
office_spiral,llgd,185,3,319,504,2546,0.6329365079365079,0.12529457973291439,0.20918032786885246
office_spiral,llgd,186,3,674,1339,2599,0.5033607169529499,0.2593305117352828,0.34230573895378363
office_spiral,llgd,187,3,1062,1915,2654,0.5545691906005222,0.40015071590052753,0.4648719632304662
office_spiral,llgd,188,3,1046,2102,2687,0.49762131303520457,0.38928172683289913,0.43683441219461266
office_spiral,llgd,189,3,271,484,2721,0.5599173553719008,0.099595736861448,0.1691107644305772
office_spiral,llgd,190,3,94,103,2725,0.912621359223301,0.0344954128440367,0.06647807637906648
office_spiral,llgd,191,3,367,582,2794,0.6305841924398625,0.1313528990694345,0.21741706161137442
office_spiral,llgd,192,3,1184,2166,2848,0.5466297322253001,0.4157303370786517,0.47227762265656165
office_spiral,llgd,193,3,755,1260,2840,0.5992063492063492,0.2658450704225352,0.36829268292682926
office_spiral,llgd,194,3,699,927,2854,0.7540453074433657,0.24491941135248774,0.3697434541126686
office_spiral,llgd,195,3,461,673,2814,0.6849925705794948,0.16382373845060413,0.26441066819615716
office_spiral,llgd,196,3,721,930,2824,0.7752688172043011,0.2553116147308782,0.38412360149174213
office_spiral,llgd,197,3,727,1017,2892,0.7148475909537857,0.25138312586445366,0.3719621386543873
office_spiral,llgd,198,3,889,1303,2891,0.6822716807367614,0.3075060532687651,0.4239389604196471
office_spiral,llgd,199,3,256,607,2782,0.42174629324546953,0.09202012940330698,0.15107701386839775
office_spiral,llgd,200,3,470,623,2835,0.7544141252006421,0.1657848324514991,0.2718334297281666
office_spiral,llgd,201,3,495,722,2830,0.685595567867036,0.17491166077738515,0.27871621621621623
office_spiral,llgd,202,3,690,923,2748,0.7475622968580715,0.25109170305676853,0.3759193680196132
office_spiral,llgd,203,3,1052,1754,2678,0.5997719498289624,0.3928304705003734,0.4747292418772563
office_spiral,llgd,204,3,88,105,2693,0.8380952380952381,0.032677311548458966,0.06290207290922087
office_spiral,llgd,205,3,206,278,2744,0.7410071942446043,0.07507288629737609,0.13633355393778954
office_spiral,llgd,206,3,963,1512,2779,0.6369047619047619,0.3465275278877294,0.4488464227452808
office_spiral,llgd,207,3,533,802,2688,0.6645885286783042,0.19828869047619047,0.30544412607449856
office_spiral,llgd,208,3,549,868,2697,0.6324884792626728,0.203559510567297,0.30799438990182326
office_spiral,llgd,209,3,89,157,2709,0.5668789808917197,0.032853451458102624,0.062107466852756456
office_spiral,llgd,210,3,259,414,2696,0.6256038647342995,0.09606824925816024,0.1665594855305466
office_spiral,llgd,211,3,428,556,2687,0.7697841726618705,0.1592854484555266,0.2639531298180697
office_spiral,llgd,212,3,325,687,2524,0.47307132459970885,0.12876386687797148,0.20242914979757085
office_spiral,llgd,213,3,267,361,2595,0.739612188365651,0.10289017341040463,0.18064952638700948
office_spiral,llgd,214,3,1017,1970,2574,0.516243654822335,0.3951048951048951,0.4476232394366197
office_spiral,llgd,215,3,341,747,2488,0.4564926372155288,0.1370578778135048,0.2108191653786708
office_spiral,llgd,216,3,32,63,2378,0.5079365079365079,0.01345668629100084,0.026218762802130275
office_spiral,llgd,217,3,1294,2364,2337,0.5473773265651438,0.553701326486949,0.5505211657094236
office_spiral,llgd,218,3,787,1797,2297,0.43795214245965497,0.3426208097518502,0.38446507083536885
office_spiral,llgd,219,3,420,634,2254,0.6624605678233438,0.18633540372670807,0.29085872576177285
office_spiral,llgd,220,3,448,708,2301,0.632768361581921,0.19469795740982182,0.2977733466267863
office_spiral,llgd,221,3,1213,2275,2284,0.5331868131868132,0.5310858143607706,0.5321342399649046
office_spiral,llgd,222,3,885,1512,2299,0.5853174603174603,0.38494997825141364,0.46444502755182365
office_spiral,llgd,223,3,450,1098,2251,0.4098360655737705,0.19991115059973344,0.26873693639892504
office_spiral,llgd,224,3,416,782,2272,0.5319693094629157,0.18309859154929578,0.2724296005239031
office_spiral,llgd,225,3,308,635,2347,0.48503937007874015,0.13123135918193438,0.20657276995305165
office_spiral,llgd,226,3,1186,2437,2293,0.4866639310627821,0.5172263410379415,0.5014799154334038
office_spiral,llgd,227,3,1181,1952,2448,0.6050204918032787,0.4824346405228758,0.5368181818181819
office_spiral,llgd,115,6,58,97,2009,0.5979381443298969,0.02887008461921354,0.055080721747388414
office_spiral,llgd,116,6,1197,1784,2060,0.6709641255605381,0.5810679611650486,0.6227887617065556
office_spiral,llgd,117,6,1287,1766,2118,0.7287655719139298,0.6076487252124646,0.6627188465499485
office_spiral,llgd,118,6,408,516,2205,0.7906976744186046,0.18503401360544217,0.29988974641675853
office_spiral,llgd,119,6,395,546,2197,0.7234432234432234,0.17979062357760583,0.2880058330295297
office_spiral,llgd,120,6,279,340,2139,0.8205882352941176,0.13043478260869565,0.22509076240419523
office_spiral,llgd,121,6,149,185,2129,0.8054054054054054,0.06998590887740723,0.12878133102852204
office_spiral,llgd,122,6,374,564,2193,0.6631205673758865,0.17054263565891473,0.27130939426913314
office_spiral,llgd,123,6,165,174,2221,0.9482758620689655,0.07429085997298514,0.13778705636743216
office_spiral,llgd,124,6,630,972,2184,0.6481481481481481,0.28846153846153844,0.39923954372623577
office_spiral,llgd,125,6,1056,1538,2226,0.6866059817945384,0.4743935309973046,0.5611052072263549
office_spiral,llgd,126,6,179,318,2198,0.5628930817610063,0.08143767060964513,0.1422893481717011
office_spiral,llgd,127,6,1305,2134,2294,0.6115276476101218,0.5688753269398431,0.5894308943089431
office_spiral,llgd,128,6,352,453,2338,0.7770419426048565,0.15055603079555174,0.2522393407380867
office_spiral,llgd,129,6,113,202,2326,0.5594059405940595,0.04858125537403268,0.0893987341772152
office_spiral,llgd,130,6,576,735,2326,0.7836734693877551,0.24763542562338778,0.3763475988239138
office_spiral,llgd,131,6,228,257,2300,0.8871595330739299,0.09913043478260869,0.17833398513883458
office_spiral,llgd,132,6,130,195,2384,0.6666666666666666,0.05453020134228188,0.10081426909654904
office_spiral,llgd,133,6,48,52,2333,0.9230769230769231,0.020574367766823833,0.04025157232704402
office_spiral,llgd,134,6,261,300,2416,0.87,0.10802980132450331,0.19219440353460973
office_spiral,llgd,135,6,318,406,2491,0.7832512315270936,0.1276595744680851,0.21953745253710735
office_spiral,llgd,136,6,976,1222,2444,0.7986906710310966,0.3993453355155483,0.5324604473540644
office_spiral,llgd,137,6,864,1301,2440,0.6641045349730976,0.3540983606557377,0.4619085805934242
office_spiral,llgd,138,6,128,151,2376,0.847682119205298,0.05387205387205387,0.10130589631974674
office_spiral,llgd,139,6,298,394,2364,0.7563451776649747,0.1260575296108291,0.21609862218999276
office_spiral,llgd,140,6,63,72,2375,0.875,0.026526315789473683,0.05149162239476911
office_spiral,llgd,141,6,683,940,2303,0.7265957446808511,0.2965696917064698,0.4212149244526673
office_spiral,llgd,142,6,654,978,2260,0.6687116564417178,0.28938053097345134,0.40395305744286597
office_spiral,llgd,143,6,789,1016,2261,0.7765748031496063,0.3489606368863335,0.48153799206591397
office_spiral,llgd,144,6,1381,2230,2246,0.6192825112107623,0.6148708815672307,0.6170688114387847
office_spiral,llgd,145,6,296,445,2276,0.6651685393258427,0.13005272407732865,0.2175670709298052
office_spiral,llgd,146,6,531,825,2287,0.6436363636363637,0.23218189768255357,0.3412596401028278
office_spiral,llgd,147,6,303,352,2321,0.8607954545454546,0.13054717794054288,0.22671156004489337
office_spiral,llgd,148,6,951,1530,2253,0.6215686274509804,0.422103861517976,0.5027755749405234
office_spiral,llgd,149,6,226,272,2147,0.8308823529411765,0.10526315789473684,0.18685407193054981
office_spiral,llgd,150,6,615,886,2150,0.6941309255079007,0.28604651162790695,0.4051383399209486
office_spiral,llgd,151,6,835,1066,2145,0.7833020637898687,0.38927738927738925,0.5200872002491436
office_spiral,llgd,152,6,338,417,2167,0.8105515587529976,0.15597600369173972,0.26160990712074306
office_spiral,llgd,153,6,590,882,2149,0.6689342403628118,0.2745463006049325,0.38931045859452323
office_spiral,llgd,154,6,723,1113,2160,0.6495956873315364,0.3347222222222222,0.44179651695692024
office_spiral,llgd,155,6,577,881,2113,0.6549375709421112,0.27307146237576907,0.385437541750167
office_spiral,llgd,156,6,646,974,2123,0.6632443531827515,0.3042863871879416,0.4171779141104294
office_spiral,llgd,157,6,193,310,2138,0.6225806451612903,0.09027128157156221,0.1576797385620915
office_spiral,llgd,158,6,746,1095,2082,0.6812785388127854,0.35830931796349663,0.4696254327982373
office_spiral,llgd,159,6,530,873,2070,0.6071019473081328,0.2560386473429952,0.3601766904519198
office_spiral,llgd,160,6,64,125,2035,0.512,0.03144963144963145,0.05925925925925926
office_spiral,llgd,161,6,294,373,2175,0.7882037533512064,0.13517241379310344,0.23076923076923078
office_spiral,llgd,162,6,557,759,2176,0.7338603425559947,0.25597426470588236,0.37955706984667803
office_spiral,llgd,163,6,942,1236,2059,0.7621359223300971,0.4575036425449247,0.5717754172989378
office_spiral,llgd,164,6,927,1282,2087,0.7230889235569423,0.4441782462865357,0.5503116651825467
office_spiral,llgd,165,6,331,477,2051,0.6939203354297694,0.1613846903949293,0.26186708860759494
office_spiral,llgd,166,6,73,134,2060,0.5447761194029851,0.0354368932038835,0.06654512306289881
office_spiral,llgd,167,6,991,1300,2053,0.7623076923076924,0.48270823185582074,0.5911124366239189
office_spiral,llgd,168,6,469,616,2076,0.7613636363636364,0.22591522157996147,0.34843982169390786
office_spiral,llgd,169,6,67,74,2086,0.9054054054054054,0.03211888782358581,0.062037037037037036
office_spiral,llgd,170,6,126,160,2059,0.7875,0.0611947547353084,0.11356466876971609
office_spiral,llgd,171,6,124,192,2054,0.6458333333333334,0.06037000973709834,0.11041852181656278
office_spiral,llgd,172,6,902,1266,2085,0.7124802527646129,0.4326139088729017,0.5383467621605491
office_spiral,llgd,173,6,391,485,2080,0.8061855670103093,0.18798076923076923,0.3048732943469786
office_spiral,llgd,174,6,211,371,2120,0.568733153638814,0.09952830188679246,0.16940987555198717
office_spiral,llgd,175,6,1132,1794,2161,0.6309921962095875,0.5238315594632115,0.5724399494310999
office_spiral,llgd,176,6,779,1184,2162,0.6579391891891891,0.3603145235892692,0.4656306037059175
office_spiral,llgd,177,6,132,141,2212,0.9361702127659575,0.059674502712477394,0.11219719507012324
office_spiral,llgd,178,6,460,560,2216,0.8214285714285714,0.2075812274368231,0.3314121037463977
office_spiral,llgd,179,6,412,476,2230,0.865546218487395,0.18475336322869956,0.30450849963045085
office_spiral,llgd,180,6,405,623,2165,0.6500802568218299,0.18706697459584296,0.29053084648493543
office_spiral,llgd,181,6,1019,1486,2337,0.6857335127860027,0.4360290971330766,0.5330891969657338
office_spiral,llgd,182,6,632,984,2384,0.6422764227642277,0.2651006711409396,0.3752969121140142
office_spiral,llgd,183,6,826,1249,2459,0.6613290632506005,0.33590890605937374,0.44552319309600863
office_spiral,llgd,184,6,984,1682,2450,0.5850178359096314,0.4016326530612245,0.4762826718296225
office_spiral,llgd,185,6,392,504,2546,0.7777777777777778,0.1539670070699136,0.25704918032786883
office_spiral,llgd,186,6,798,1339,2599,0.5959671396564601,0.3070411696806464,0.4052818689690198
office_spiral,llgd,187,6,1328,1915,2654,0.6934725848563968,0.5003767897513187,0.5813088203107901
office_spiral,llgd,188,6,1270,2102,2687,0.60418648905804,0.472646073688128,0.5303821257047401
office_spiral,llgd,189,6,349,484,2721,0.7210743801652892,0.12826166850422638,0.21778471138845554
office_spiral,llgd,190,6,103,103,2725,1.0,0.03779816513761468,0.07284299858557285
office_spiral,llgd,191,6,459,582,2794,0.788659793814433,0.1642806012884753,0.27191943127962087
office_spiral,llgd,192,6,1484,2166,2848,0.6851338873499538,0.5210674157303371,0.5919425608296769
office_spiral,llgd,193,6,919,1260,2840,0.7293650793650793,0.32359154929577466,0.4482926829268293
office_spiral,llgd,194,6,860,927,2854,0.9277238403451996,0.3013314646110722,0.4549061094948426
office_spiral,llgd,195,6,544,673,2814,0.8083209509658247,0.19331911869225302,0.3120160596501291
office_spiral,llgd,196,6,836,930,2824,0.8989247311827957,0.29603399433427763,0.44539158231220033
office_spiral,llgd,197,6,873,1017,2892,0.8584070796460177,0.30186721991701243,0.4466615502686109
office_spiral,llgd,198,6,1101,1303,2891,0.8449731389102072,0.38083708059494986,0.525035765379113
office_spiral,llgd,199,6,363,607,2782,0.5980230642504119,0.13048166786484544,0.21422248450870462
office_spiral,llgd,200,6,562,623,2835,0.9020866773675762,0.19823633156966491,0.3250433776749566
office_spiral,llgd,201,6,618,722,2830,0.8559556786703602,0.2183745583038869,0.34797297297297297
office_spiral,llgd,202,6,862,923,2748,0.933911159263272,0.31368267831149926,0.4696268046853718
office_spiral,llgd,203,6,1330,1754,2678,0.758266818700114,0.49663928304705,0.6001805054151624
office_spiral,llgd,204,6,105,105,2693,1.0,0.038989974006684,0.07505360972122944
office_spiral,llgd,205,6,250,278,2744,0.8992805755395683,0.09110787172011661,0.1654533421575116
office_spiral,llgd,206,6,1184,1512,2779,0.783068783068783,0.42605253688377115,0.551852714984852
office_spiral,llgd,207,6,651,802,2688,0.8117206982543641,0.2421875,0.37306590257879657
office_spiral,llgd,208,6,671,868,2697,0.7730414746543779,0.24879495736002966,0.376437587657784
office_spiral,llgd,209,6,140,157,2709,0.89171974522293,0.05167958656330749,0.09769713886950454
office_spiral,llgd,210,6,318,414,2696,0.7681159420289855,0.11795252225519288,0.2045016077170418
office_spiral,llgd,211,6,528,556,2687,0.9496402877697842,0.19650167473018235,0.32562442183163737
office_spiral,llgd,212,6,429,687,2524,0.6244541484716157,0.16996830427892234,0.26720647773279355
office_spiral,llgd,213,6,310,361,2595,0.8587257617728532,0.11946050096339114,0.20974289580514208
office_spiral,llgd,214,6,1288,1970,2574,0.6538071065989848,0.5003885003885004,0.5669014084507042
office_spiral,llgd,215,6,473,747,2488,0.6331994645247657,0.19011254019292603,0.29242658423493045
office_spiral,llgd,216,6,41,63,2378,0.6507936507936508,0.017241379310344827,0.03359278984022941
office_spiral,llgd,217,6,1586,2364,2337,0.6708967851099831,0.6786478391099701,0.6747500531801744
office_spiral,llgd,218,6,907,1797,2297,0.5047301057317752,0.39486286460600784,0.4430874450415242
office_spiral,llgd,219,6,457,634,2254,0.7208201892744479,0.20275066548358472,0.31648199445983377
office_spiral,llgd,220,6,566,708,2301,0.7994350282485876,0.2459800086918731,0.3762047191758059
office_spiral,llgd,221,6,1454,2275,2284,0.6391208791208791,0.6366024518388792,0.6378591796446589
office_spiral,llgd,222,6,1126,1512,2299,0.7447089947089947,0.48977816441931277,0.5909210181054841
office_spiral,llgd,223,6,626,1098,2251,0.5701275045537341,0.27809862283429587,0.3738429381905046
office_spiral,llgd,224,6,497,782,2272,0.6355498721227621,0.21875,0.3254747871643746
office_spiral,llgd,225,6,414,635,2347,0.6519685039370079,0.1763953983809118,0.2776659959758551
office_spiral,llgd,226,6,1533,2437,2293,0.6290521132540008,0.6685564762320104,0.6482029598308668
office_spiral,llgd,227,6,1435,1952,2448,0.7351434426229508,0.5861928104575164,0.6522727272727272
office_spiral,llgd,115,9,58,97,2009,0.5979381443298969,0.02887008461921354,0.055080721747388414
office_spiral,llgd,116,9,1297,1784,2060,0.727017937219731,0.6296116504854369,0.6748178980228928
office_spiral,llgd,117,9,1434,1766,2118,0.812004530011325,0.6770538243626062,0.7384140061791967
office_spiral,llgd,118,9,427,516,2205,0.8275193798449613,0.19365079365079366,0.31385520029400954
office_spiral,llgd,119,9,416,546,2197,0.7619047619047619,0.1893491124260355,0.3033175355450237
office_spiral,llgd,120,9,304,340,2139,0.8941176470588236,0.14212248714352502,0.24526018555869303
office_spiral,llgd,121,9,156,185,2129,0.8432432432432433,0.0732738374823861,0.1348314606741573
office_spiral,llgd,122,9,410,564,2193,0.7269503546099291,0.18695850433196534,0.29742473703300687
office_spiral,llgd,123,9,165,174,2221,0.9482758620689655,0.07429085997298514,0.13778705636743216
office_spiral,llgd,124,9,670,972,2184,0.6893004115226338,0.3067765567765568,0.42458808618504434
office_spiral,llgd,125,9,1182,1538,2226,0.7685305591677504,0.5309973045822103,0.6280552603613178
office_spiral,llgd,126,9,208,318,2198,0.6540880503144654,0.09463148316651501,0.16534181240063592
office_spiral,llgd,127,9,1516,2134,2294,0.7104029990627929,0.6608544027898866,0.6847335140018067
office_spiral,llgd,128,9,378,453,2338,0.8344370860927153,0.16167664670658682,0.2708706556789681
office_spiral,llgd,129,9,130,202,2326,0.6435643564356436,0.05588993981083405,0.10284810126582279
office_spiral,llgd,130,9,601,735,2326,0.817687074829932,0.2583834909716251,0.39268213002286834
office_spiral,llgd,131,9,233,257,2300,0.9066147859922179,0.10130434782608695,0.18224481814626514
office_spiral,llgd,132,9,137,195,2384,0.7025641025641025,0.057466442953020135,0.10624272974020939
office_spiral,llgd,133,9,48,52,2333,0.9230769230769231,0.020574367766823833,0.04025157232704402
office_spiral,llgd,134,9,278,300,2416,0.9266666666666666,0.11506622516556292,0.20471281296023564
office_spiral,llgd,135,9,359,406,2491,0.8842364532019704,0.14411882778000804,0.24784259578874698
office_spiral,llgd,136,9,1086,1222,2444,0.8887070376432079,0.44435351882160395,0.5924713584288053
office_spiral,llgd,137,9,997,1301,2440,0.7663335895465027,0.4086065573770492,0.533012563485699
office_spiral,llgd,138,9,145,151,2376,0.9602649006622517,0.06102693602693603,0.1147605856747131
office_spiral,llgd,139,9,314,394,2364,0.7969543147208121,0.13282571912013535,0.22770123277737492
office_spiral,llgd,140,9,68,72,2375,0.9444444444444444,0.02863157894736842,0.05557825909276665
office_spiral,llgd,141,9,732,940,2303,0.7787234042553192,0.3178462874511507,0.4514338575393155
office_spiral,llgd,142,9,749,978,2260,0.7658486707566462,0.33141592920353985,0.46263125386040765
office_spiral,llgd,143,9,863,1016,2261,0.8494094488188977,0.3816895179124281,0.5267012511443393
office_spiral,llgd,144,9,1529,2230,2246,0.6856502242152467,0.6807658058771149,0.6831992850759607
office_spiral,llgd,145,9,327,445,2276,0.7348314606741573,0.14367311072056238,0.24035281146637266
office_spiral,llgd,146,9,585,825,2287,0.7090909090909091,0.25579361609094886,0.3759640102827764
office_spiral,llgd,147,9,321,352,2321,0.9119318181818182,0.13830245583800085,0.24017957351290684
office_spiral,llgd,148,9,1033,1530,2253,0.6751633986928105,0.45849977807367953,0.5461274121067935
office_spiral,llgd,149,9,237,272,2147,0.8713235294117647,0.1103865859338612,0.19594873914840844
office_spiral,llgd,150,9,675,886,2150,0.7618510158013544,0.313953488372093,0.44466403162055335
office_spiral,llgd,151,9,898,1066,2145,0.8424015009380863,0.41864801864801865,0.5593273123637497
office_spiral,llgd,152,9,376,417,2167,0.9016786570743405,0.17351176742039687,0.29102167182662536
office_spiral,llgd,153,9,612,882,2149,0.6938775510204082,0.2847836202885063,0.4038271197624546
office_spiral,llgd,154,9,804,1113,2160,0.7223719676549866,0.37222222222222223,0.4912923923006416
office_spiral,llgd,155,9,627,881,2113,0.7116912599318955,0.29673450070989116,0.4188376753507014
office_spiral,llgd,156,9,718,974,2123,0.7371663244353183,0.33820065944418276,0.4636745237326445
office_spiral,llgd,157,9,207,310,2138,0.667741935483871,0.09681945743685688,0.16911764705882354
office_spiral,llgd,158,9,818,1095,2082,0.7470319634703196,0.3928914505283381,0.5149512118350645
office_spiral,llgd,159,9,616,873,2070,0.7056128293241696,0.2975845410628019,0.41862045531770303
office_spiral,llgd,160,9,88,125,2035,0.704,0.043243243243243246,0.08148148148148149
office_spiral,llgd,161,9,298,373,2175,0.7989276139410187,0.13701149425287357,0.23390894819466249
office_spiral,llgd,162,9,623,759,2176,0.8208168642951251,0.28630514705882354,0.4245315161839864
office_spiral,llgd,163,9,1029,1236,2059,0.8325242718446602,0.49975716367168527,0.6245827010622155
office_spiral,llgd,164,9,1049,1282,2087,0.8182527301092044,0.5026353617632966,0.6227367171267438
office_spiral,llgd,165,9,364,477,2051,0.7631027253668763,0.17747440273037543,0.2879746835443038
office_spiral,llgd,166,9,89,134,2060,0.664179104477612,0.04320388349514563,0.08113035551504102
office_spiral,llgd,167,9,1071,1300,2053,0.8238461538461539,0.521675596687774,0.6388308977035491
office_spiral,llgd,168,9,522,616,2076,0.8474025974025974,0.2514450867052023,0.38781575037147104
office_spiral,llgd,169,9,68,74,2086,0.918918918918919,0.032598274209012464,0.06296296296296296
office_spiral,llgd,170,9,139,160,2059,0.86875,0.06750849927149101,0.1252816584046868
office_spiral,llgd,171,9,133,192,2054,0.6927083333333334,0.06475170399221032,0.11843276936776491
office_spiral,llgd,172,9,1010,1266,2085,0.7977883096366508,0.4844124700239808,0.6028051327961802
office_spiral,llgd,173,9,420,485,2080,0.865979381443299,0.20192307692307693,0.32748538011695905
office_spiral,llgd,174,9,244,371,2120,0.6576819407008087,0.11509433962264151,0.19590525893215577
office_spiral,llgd,175,9,1248,1794,2161,0.6956521739130435,0.5775104118463674,0.6310998735777497
office_spiral,llgd,176,9,868,1184,2162,0.7331081081081081,0.40148011100832565,0.5188284518828452
office_spiral,llgd,177,9,135,141,2212,0.9574468085106383,0.06103074141048825,0.11474713132171696
office_spiral,llgd,178,9,496,560,2216,0.8857142857142857,0.22382671480144403,0.3573487031700288
office_spiral,llgd,179,9,439,476,2230,0.9222689075630253,0.1968609865470852,0.3244641537324464
office_spiral,llgd,180,9,462,623,2165,0.7415730337078652,0.2133949191685912,0.3314203730272597
office_spiral,llgd,181,9,1135,1486,2337,0.7637954239569313,0.4856653829696192,0.5937745226262098
office_spiral,llgd,182,9,754,984,2384,0.766260162601626,0.3162751677852349,0.4477434679334917
office_spiral,llgd,183,9,918,1249,2459,0.7349879903923139,0.37332248881659214,0.49514563106796117
office_spiral,llgd,184,9,1075,1682,2450,0.6391200951248514,0.4387755102040816,0.5203291384317522
office_spiral,llgd,185,9,430,504,2546,0.8531746031746031,0.16889238020424194,0.2819672131147541
office_spiral,llgd,186,9,876,1339,2599,0.6542195668409261,0.3370527125817622,0.44489588623666837
office_spiral,llgd,187,9,1443,1915,2654,0.7535248041775456,0.5437076111529766,0.6316480630334865
office_spiral,llgd,188,9,1436,2102,2687,0.6831588962892483,0.5344250093040566,0.5997076633952808
office_spiral,llgd,189,9,386,484,2721,0.7975206611570248,0.14185961043733922,0.24087363494539782
office_spiral,llgd,190,9,103,103,2725,1.0,0.03779816513761468,0.07284299858557285
office_spiral,llgd,191,9,498,582,2794,0.8556701030927835,0.17823908375089478,0.2950236966824645
office_spiral,llgd,192,9,1693,2166,2848,0.7816251154201292,0.5944522471910112,0.6753091344236138
office_spiral,llgd,193,9,991,1260,2840,0.7865079365079365,0.34894366197183097,0.48341463414634145
office_spiral,llgd,194,9,901,927,2854,0.9719525350593312,0.31569726699369305,0.47659349378471305
office_spiral,llgd,195,9,599,673,2814,0.8900445765230312,0.212864250177683,0.3435618009750502
office_spiral,llgd,196,9,859,930,2824,0.9236559139784947,0.30417847025495753,0.45764517847629194
office_spiral,llgd,197,9,931,1017,2892,0.9154375614552606,0.3219225449515906,0.47633665899206956
office_spiral,llgd,198,9,1223,1303,2891,0.9386032233307752,0.4230370114147354,0.5832141154029566
office_spiral,llgd,199,9,414,607,2782,0.6820428336079077,0.1488138030194105,0.24431985836529949
office_spiral,llgd,200,9,587,623,2835,0.942215088282504,0.2070546737213404,0.3395026026604974
office_spiral,llgd,201,9,652,722,2830,0.9030470914127424,0.2303886925795053,0.36711711711711714
office_spiral,llgd,202,9,896,923,2748,0.9707475622968581,0.3260553129548763,0.4881503677472078
office_spiral,llgd,203,9,1461,1754,2678,0.8329532497149373,0.5455563853622106,0.6592960288808665
office_spiral,llgd,204,9,105,105,2693,1.0,0.038989974006684,0.07505360972122944
office_spiral,llgd,205,9,271,278,2744,0.9748201438848921,0.09876093294460642,0.17935142289874256
office_spiral,llgd,206,9,1324,1512,2779,0.8756613756613757,0.47643037063691973,0.6171055697972501
office_spiral,llgd,207,9,695,802,2688,0.8665835411471322,0.2585565476190476,0.3982808022922636
office_spiral,llgd,208,9,776,868,2697,0.8940092165898618,0.28772710418984054,0.435343618513324
office_spiral,llgd,209,9,155,157,2709,0.9872611464968153,0.05721668512366187,0.10816468946266573
office_spiral,llgd,210,9,349,414,2696,0.8429951690821256,0.12945103857566764,0.22443729903536977
office_spiral,llgd,211,9,533,556,2687,0.9586330935251799,0.19836248604391515,0.32870798643231575
office_spiral,llgd,212,9,483,687,2524,0.7030567685589519,0.19136291600633915,0.300840859545313
office_spiral,llgd,213,9,326,361,2595,0.9030470914127424,0.125626204238921,0.22056833558863329
office_spiral,llgd,214,9,1409,1970,2574,0.7152284263959391,0.5473970473970474,0.6201584507042254
office_spiral,llgd,215,9,548,747,2488,0.7336010709504686,0.2202572347266881,0.3387944358578053
office_spiral,llgd,216,9,47,63,2378,0.746031746031746,0.019764507989907486,0.03850880786562884
office_spiral,llgd,217,9,1799,2364,2337,0.7609983079526227,0.7697903294822422,0.7653690704105509
office_spiral,llgd,218,9,986,1797,2297,0.5486922648859209,0.42925555071832827,0.48168050806057644
office_spiral,llgd,219,9,487,634,2254,0.7681388012618297,0.2160603371783496,0.33725761772853186
office_spiral,llgd,220,9,622,708,2301,0.8785310734463276,0.2703172533681008,0.4134263875041542
office_spiral,llgd,221,9,1617,2275,2284,0.7107692307692308,0.707968476357268,0.7093660890546173
office_spiral,llgd,222,9,1269,1512,2299,0.8392857142857143,0.5519791213571118,0.665966937811598
office_spiral,llgd,223,9,718,1098,2251,0.6539162112932605,0.31896934695690804,0.42878471185428485
office_spiral,llgd,224,9,539,782,2272,0.6892583120204604,0.23723591549295775,0.3529796987557302
office_spiral,llgd,225,9,468,635,2347,0.7370078740157481,0.19940349382190029,0.31388329979879276
office_spiral,llgd,226,9,1744,2437,2293,0.7156339762002462,0.760575665067597,0.7374207188160676
office_spiral,llgd,227,9,1606,1952,2448,0.8227459016393442,0.6560457516339869,0.73
hqf_boxes,rt,117,3,1075,1350,3565,0.7962962962962963,0.3015427769985975,0.43743641912512715
hqf_boxes,rt,118,3,881,1227,3409,0.7180114099429503,0.2584335582282194,0.3800690250215703
hqf_boxes,rt,119,3,960,1350,3424,0.7111111111111111,0.2803738317757009,0.4021784666945957
hqf_boxes,rt,120,3,837,1294,3267,0.6468315301391035,0.256198347107438,0.36702477526858146
hqf_boxes,rt,121,3,976,1416,3236,0.6892655367231638,0.3016069221260816,0.41960447119518485
hqf_boxes,rt,122,3,997,1413,3141,0.7055909412597311,0.3174148360394779,0.43785682916117696
hqf_boxes,rt,123,3,1019,1443,3174,0.7061677061677062,0.32104599873976053,0.44141217240632447
hqf_boxes,rt,124,3,1051,1507,3239,0.6974120769741208,0.3244828650818154,0.44289928360724823
hqf_boxes,rt,125,3,1074,1568,3328,0.6849489795918368,0.32271634615384615,0.4387254901960784
hqf_boxes,rt,126,3,1271,1725,3332,0.7368115942028985,0.381452581032413,0.5026695669369191
hqf_boxes,rt,127,3,1215,1656,3295,0.7336956521739131,0.36874051593323215,0.49080993738638656
hqf_boxes,rt,128,3,1084,1602,3221,0.6766541822721598,0.33654144675566594,0.44951275139954383
hqf_boxes,rt,129,3,1192,1697,3436,0.7024160282852092,0.3469150174621653,0.46444574323007987
hqf_boxes,rt,130,3,1145,1568,3510,0.7302295918367347,0.3262108262108262,0.4509649468294604
hqf_boxes,rt,131,3,1232,1772,3355,0.6952595936794582,0.36721311475409835,0.4805929393407451
hqf_boxes,rt,132,3,1255,1759,3473,0.7134735645252984,0.36135905557155196,0.4797400611620795
hqf_boxes,rt,133,3,1107,1605,3387,0.6897196261682244,0.32683790965456155,0.44350961538461536
hqf_boxes,rt,134,3,1248,1718,3359,0.7264260768335273,0.3715391485561179,0.4916289147134134
hqf_boxes,rt,135,3,1162,1632,3204,0.7120098039215687,0.3626716604244694,0.48056244830438377
hqf_boxes,rt,136,3,1082,1593,3270,0.6792215944758317,0.3308868501529052,0.4449928027966276
hqf_boxes,rt,137,3,1175,1678,3328,0.700238379022646,0.35306490384615385,0.46943667598881345
hqf_boxes,rt,138,3,1294,1737,3233,0.7449625791594704,0.4002474481905351,0.5207243460764588
hqf_boxes,rt,139,3,1477,1876,3282,0.7873134328358209,0.45003046922608164,0.5727025979061652
hqf_boxes,rt,140,3,1395,1789,3311,0.7797652319731694,0.4213228631833283,0.5470588235294118
hqf_boxes,rt,141,3,1329,1746,3310,0.761168384879725,0.4015105740181269,0.5257120253164557
hqf_boxes,rt,142,3,1230,1695,3313,0.7256637168141593,0.3712647147600362,0.49121405750798725
hqf_boxes,rt,143,3,1346,1657,3317,0.8123114061557031,0.4057883629785951,0.5412143144350623
hqf_boxes,rt,144,3,1329,1591,3268,0.835323695788812,0.4066707466340269,0.5470261370652397
hqf_boxes,rt,145,3,1184,1535,3242,0.7713355048859935,0.36520666255397904,0.49570860372618797
hqf_boxes,rt,146,3,1255,1595,3195,0.786833855799373,0.39280125195618154,0.524008350730689
hqf_boxes,rt,147,3,1270,1610,3242,0.7888198757763976,0.391733497840839,0.5234954657873042
hqf_boxes,rt,148,3,1296,1668,3225,0.7769784172661871,0.4018604651162791,0.5297363580625383
hqf_boxes,rt,149,3,1234,1641,3216,0.7519804996953078,0.38370646766169153,0.5081325921350628
hqf_boxes,rt,150,3,1188,1618,3274,0.7342398022249691,0.3628588882101405,0.4856909239574816
hqf_boxes,rt,151,3,1103,1477,3171,0.7467840216655383,0.347839798170924,0.47461273666092946
hqf_boxes,rt,152,3,1064,1373,3184,0.7749453750910416,0.3341708542713568,0.46697388632872505
hqf_boxes,rt,153,3,1211,1602,3248,0.7559300873907615,0.3728448275862069,0.49938144329896905
hqf_boxes,rt,154,3,1143,1477,3178,0.7738659444820583,0.3596601636249213,0.49108485499462945
hqf_boxes,rt,155,3,1291,1683,3105,0.7670825906120023,0.41578099838969407,0.539264828738513
hqf_boxes,rt,156,3,1244,1624,3283,0.7660098522167488,0.37892171794090773,0.5070307723660078
hqf_boxes,rt,157,3,1139,1577,3176,0.7222574508560557,0.3586272040302267,0.4792762465811067
hqf_boxes,rt,158,3,1241,1608,3332,0.7717661691542289,0.37244897959183676,0.5024291497975708
hqf_boxes,rt,159,3,1218,1539,3396,0.7914230019493177,0.3586572438162544,0.49361702127659574
hqf_boxes,rt,160,3,1180,1591,3423,0.7416719044626021,0.34472684779433244,0.4706820901475868
hqf_boxes,rt,161,3,1064,1508,3387,0.7055702917771883,0.31414230882787125,0.43472931562819206
hqf_boxes,rt,162,3,1035,1445,3160,0.7162629757785467,0.3275316455696203,0.4495114006514658
hqf_boxes,rt,163,3,1151,1538,3234,0.7483745123537061,0.3559059987631416,0.4823973176865046
hqf_boxes,rt,164,3,1120,1602,3232,0.6991260923845194,0.3465346534653465,0.46338436077782375
hqf_boxes,rt,165,3,1217,1580,3276,0.770253164556962,0.3714896214896215,0.5012355848434926
hqf_boxes,rt,166,3,1110,1554,3187,0.7142857142857143,0.3482899278318168,0.4682556422695634
hqf_boxes,rt,167,3,1071,1544,3223,0.6936528497409327,0.33229910021718895,0.44933920704845814
hqf_boxes,rt,168,3,1121,1650,3177,0.6793939393939394,0.3528485993075228,0.4644706857261239
hqf_boxes,rt,169,3,1157,1580,3221,0.7322784810126582,0.35920521577149955,0.48198292022495315
hqf_boxes,rt,170,3,1174,1633,3416,0.7189222290263318,0.3436768149882904,0.4650425826896415
hqf_boxes,rt,171,3,1256,1720,3409,0.7302325581395349,0.36843649163977704,0.48976408656658216
hqf_boxes,rt,172,3,1146,1583,3466,0.7239418825015793,0.3306405077899596,0.45395127748068925
hqf_boxes,rt,173,3,1213,1627,3436,0.7455439459127228,0.3530267753201397,0.4791625518467312
hqf_boxes,rt,174,3,1144,1508,3431,0.7586206896551724,0.3334304867385602,0.46325167037861914
hqf_boxes,rt,175,3,1064,1408,3397,0.7556818181818182,0.31321754489255227,0.44287200832466184
hqf_boxes,rt,176,3,1233,1541,3450,0.8001297858533419,0.35739130434782607,0.49408936084952915
hqf_boxes,rt,177,3,1169,1572,3538,0.7436386768447837,0.33041266252119844,0.4575342465753425
hqf_boxes,rt,178,3,1131,1500,3445,0.754,0.3283018867924528,0.45743174924165825
hqf_boxes,rt,179,3,1198,1582,3481,0.7572692793931732,0.34415397874174086,0.4732372111396405
hqf_boxes,rt,180,3,1223,1525,3472,0.801967213114754,0.3522465437788018,0.48949369621773064
hqf_boxes,rt,181,3,1070,1389,3384,0.7703383729301656,0.31619385342789597,0.4483553320762623
hqf_boxes,rt,182,3,1145,1490,3397,0.7684563758389261,0.33706211362967325,0.4685901370984244
hqf_boxes,rt,183,3,1017,1405,3314,0.7238434163701067,0.3068799034399517,0.43102352193261284
hqf_boxes,rt,184,3,1127,1506,3407,0.748339973439575,0.3307895509245671,0.45878282108691226
hqf_boxes,rt,185,3,1019,1455,3392,0.7003436426116838,0.3004127358490566,0.42046626779451207
hqf_boxes,rt,186,3,1113,1448,3417,0.768646408839779,0.3257243195785777,0.45755395683453237
hqf_boxes,rt,187,3,1250,1564,3404,0.7992327365728901,0.3672150411280846,0.5032206119162641
hqf_boxes,rt,188,3,1013,1322,3453,0.7662632375189108,0.29336808572256007,0.4242931937172775
hqf_boxes,rt,189,3,1189,1668,3405,0.7128297362110312,0.3491923641703377,0.468756160063079
hqf_boxes,rt,190,3,994,1252,3450,0.7939297124600639,0.2881159420289855,0.4227988090174394
hqf_boxes,rt,191,3,972,1338,3313,0.726457399103139,0.2933896770298823,0.41797462911201894
hqf_boxes,rt,192,3,1030,1382,3238,0.7452966714905933,0.31809759110562075,0.4458874458874459
hqf_boxes,rt,193,3,1079,1487,3201,0.7256220578345662,0.33708216182442985,0.46032423208191126
hqf_boxes,rt,194,3,1068,1381,3209,0.7733526430123099,0.3328139607354316,0.465359477124183
hqf_boxes,rt,195,3,968,1365,3151,0.7091575091575092,0.3072040622024754,0.4286979627989371
hqf_boxes,rt,196,3,1072,1333,3133,0.8042010502625656,0.34216406000638366,0.4800716524854456
hqf_boxes,rt,197,3,865,1176,3183,0.7355442176870748,0.27175620483820295,0.3968800183528332
hqf_boxes,rt,198,3,867,1220,3023,0.7106557377049181,0.28680119086999667,0.40867310864954043
hqf_boxes,rt,199,3,1027,1345,2992,0.7635687732342007,0.3432486631016043,0.47359926216278536
hqf_boxes,rt,200,3,1009,1395,2931,0.7232974910394265,0.34425110883657456,0.4664817383263985
hqf_boxes,rt,201,3,1029,1443,2964,0.7130977130977131,0.347165991902834,0.46698434309053777
hqf_boxes,rt,202,3,974,1254,3052,0.7767145135566188,0.31913499344692003,0.45239201114723643
hqf_boxes,rt,203,3,911,1275,2904,0.7145098039215686,0.31370523415977963,0.4359894711653506
hqf_boxes,rt,204,3,959,1345,2938,0.7130111524163569,0.3264125255275698,0.4478169507354658
hqf_boxes,rt,205,3,917,1176,2853,0.7797619047619048,0.32141605327725203,0.4551998014395632
hqf_boxes,rt,206,3,1004,1424,2815,0.7050561797752809,0.3566607460035524,0.4736966265628686
hqf_boxes,rt,207,3,994,1312,2961,0.7576219512195121,0.33569739952718675,0.46524689913409784
hqf_boxes,rt,208,3,849,1194,2846,0.7110552763819096,0.2983134223471539,0.4202970297029703
hqf_boxes,rt,209,3,809,1085,2693,0.7456221198156682,0.30040846639435576,0.4282689253573319
hqf_boxes,rt,210,3,944,1264,2731,0.7468354430379747,0.34566093006224824,0.4725907384230288
hqf_boxes,rt,211,3,864,1134,2738,0.7619047619047619,0.3155588020452885,0.4462809917355372
hqf_boxes,rt,212,3,921,1283,2560,0.7178487918939984,0.359765625,0.47931303669008585
hqf_boxes,rt,213,3,833,1197,2523,0.695906432748538,0.33016250495441934,0.4478494623655914
hqf_boxes,rt,214,3,727,984,2524,0.7388211382113821,0.2880348652931854,0.4144811858608894
hqf_boxes,rt,215,3,832,1149,2465,0.7241079199303743,0.33752535496957403,0.460431654676259
hqf_boxes,rt,216,3,753,1044,2385,0.7212643678160919,0.31572327044025156,0.43919510061242345
hqf_boxes,rt,217,3,816,1109,2298,0.7357980162308386,0.35509138381201044,0.47901379512767833
hqf_boxes,rt,218,3,801,1144,2366,0.7001748251748252,0.33854606931530007,0.4564102564102564
hqf_boxes,rt,219,3,783,1088,2130,0.7196691176470589,0.3676056338028169,0.48663766314481044
hqf_boxes,rt,220,3,810,1152,2060,0.703125,0.3932038834951456,0.5043586550435866
hqf_boxes,rt,221,3,749,1159,2022,0.6462467644521139,0.3704253214638971,0.4709210939955989
hqf_boxes,rt,117,6,1245,1350,3565,0.9222222222222223,0.3492286115007013,0.5066124109867752
hqf_boxes,rt,118,6,1085,1227,3409,0.8842705786471068,0.3182751540041068,0.46807592752372734
hqf_boxes,rt,119,6,1178,1350,3424,0.8725925925925926,0.34404205607476634,0.4935064935064935
hqf_boxes,rt,120,6,1094,1294,3267,0.8454404945904173,0.33486378940924394,0.47971935978951985
hqf_boxes,rt,121,6,1194,1416,3236,0.8432203389830508,0.3689740420271941,0.5133276010318143
hqf_boxes,rt,122,6,1192,1413,3141,0.8435951875442321,0.37949697548551414,0.5234958278436539
hqf_boxes,rt,123,6,1213,1443,3174,0.8406098406098406,0.3821676118462508,0.5254494260342214
hqf_boxes,rt,124,6,1274,1507,3239,0.8453881884538819,0.39333127508490273,0.5368731563421829
hqf_boxes,rt,125,6,1302,1568,3328,0.8303571428571429,0.39122596153846156,0.5318627450980392
hqf_boxes,rt,126,6,1473,1725,3332,0.8539130434782609,0.4420768307322929,0.5825588293454618
hqf_boxes,rt,127,6,1390,1656,3295,0.8393719806763285,0.4218512898330804,0.5615027267218744
hqf_boxes,rt,128,6,1276,1602,3221,0.7965043695380774,0.39615026389320085,0.5291312461123782
hqf_boxes,rt,129,6,1418,1697,3436,0.835592221567472,0.4126891734575087,0.552503409312293
hqf_boxes,rt,130,6,1275,1568,3510,0.8131377551020408,0.36324786324786323,0.5021662071681764
hqf_boxes,rt,131,6,1427,1772,3355,0.8053047404063205,0.4253353204172876,0.5566608152915935
hqf_boxes,rt,132,6,1477,1759,3473,0.839681637293917,0.4252807371148863,0.5646024464831805
hqf_boxes,rt,133,6,1281,1605,3387,0.7981308411214953,0.37821080602302926,0.5132211538461539
hqf_boxes,rt,134,6,1447,1718,3359,0.8422584400465658,0.43078297112235786,0.5700216663383888
hqf_boxes,rt,135,6,1334,1632,3204,0.8174019607843137,0.416354556803995,0.5516956162117452
hqf_boxes,rt,136,6,1274,1593,3270,0.7997489014438167,0.38960244648318043,0.5239564055110014
hqf_boxes,rt,137,6,1348,1678,3328,0.8033373063170441,0.4050480769230769,0.5385537355173792
hqf_boxes,rt,138,6,1447,1737,3233,0.8330454807138745,0.44757191463037427,0.5822937625754527
hqf_boxes,rt,139,6,1613,1876,3282,0.8598081023454158,0.4914686166971359,0.625436215587437
hqf_boxes,rt,140,6,1561,1789,3311,0.8725544997205142,0.4714587737843552,0.6121568627450981
hqf_boxes,rt,141,6,1484,1746,3310,0.849942726231386,0.44833836858006043,0.5870253164556962
hqf_boxes,rt,142,6,1432,1695,3313,0.8448377581120944,0.43223664352550556,0.5718849840255591
hqf_boxes,rt,143,6,1478,1657,3317,0.891973445986723,0.44558335845643654,0.5942903096099719
hqf_boxes,rt,144,6,1438,1591,3268,0.9038340666247643,0.44002447980416154,0.5918913356657749
hqf_boxes,rt,145,6,1302,1535,3242,0.8482084690553746,0.40160394818013573,0.5451119949759263
hqf_boxes,rt,146,6,1350,1595,3195,0.8463949843260188,0.4225352112676056,0.5636743215031316
hqf_boxes,rt,147,6,1379,1610,3242,0.8565217391304348,0.4253547193090685,0.5684253915910965
hqf_boxes,rt,148,6,1422,1668,3225,0.8525179856115108,0.4409302325581395,0.5812385039852851
hqf_boxes,rt,149,6,1364,1641,3216,0.8312004875076173,0.42412935323383083,0.5616635783405395
hqf_boxes,rt,150,6,1311,1618,3274,0.8102595797280593,0.40042761148442274,0.535977105478332
hqf_boxes,rt,151,6,1239,1477,3171,0.8388625592417062,0.39072847682119205,0.5331325301204819
hqf_boxes,rt,152,6,1179,1373,3184,0.8587035688273853,0.37028894472361806,0.5174456879526004
hqf_boxes,rt,153,6,1375,1602,3248,0.8583021223470662,0.4233374384236453,0.5670103092783505
hqf_boxes,rt,154,6,1311,1477,3178,0.8876100203114421,0.41252359974826935,0.563265306122449
hqf_boxes,rt,155,6,1417,1683,3105,0.8419489007724302,0.4563607085346216,0.5918964076858814
hqf_boxes,rt,156,6,1400,1624,3283,0.8620689655172413,0.42643923240938164,0.5706134094151213
hqf_boxes,rt,157,6,1329,1577,3176,0.8427393785668992,0.41845088161209065,0.5592257521565327
hqf_boxes,rt,158,6,1387,1608,3332,0.8625621890547264,0.41626650660264103,0.5615384615384615
hqf_boxes,rt,159,6,1371,1539,3396,0.8908382066276803,0.4037102473498233,0.5556231003039513
hqf_boxes,rt,160,6,1311,1591,3423,0.8240100565681961,0.38299737072743206,0.5229357798165137
hqf_boxes,rt,161,6,1196,1508,3387,0.7931034482758621,0.35311485090050193,0.48866189989785497
hqf_boxes,rt,162,6,1194,1445,3160,0.8262975778546713,0.3778481012658228,0.5185667752442997
hqf_boxes,rt,163,6,1286,1538,3234,0.8361508452535761,0.3976499690785405,0.5389773679798826
hqf_boxes,rt,164,6,1319,1602,3232,0.8233458177278402,0.40810643564356436,0.5457178320231693
hqf_boxes,rt,165,6,1354,1580,3276,0.8569620253164557,0.4133089133089133,0.557660626029654
hqf_boxes,rt,166,6,1327,1554,3187,0.853925353925354,0.4163790398493881,0.5597975110736132
hqf_boxes,rt,167,6,1259,1544,3223,0.8154145077720207,0.3906298479677319,0.5282148101531361
hqf_boxes,rt,168,6,1342,1650,3177,0.8133333333333334,0.4224110796348757,0.5560389475864926
hqf_boxes,rt,169,6,1354,1580,3221,0.8569620253164557,0.42036634585532445,0.5640491564257446
hqf_boxes,rt,170,6,1407,1633,3416,0.8616044090630741,0.41188524590163933,0.5573380867498514
hqf_boxes,rt,171,6,1455,1720,3409,0.8459302325581395,0.4268113816368436,0.5673620588808734
hqf_boxes,rt,172,6,1338,1583,3466,0.8452305748578648,0.38603577611079054,0.5300059417706476
hqf_boxes,rt,173,6,1387,1627,3436,0.8524892440073756,0.40366705471478465,0.5478965040489828
hqf_boxes,rt,174,6,1302,1508,3431,0.863395225464191,0.3794812008160886,0.5272322332455963
hqf_boxes,rt,175,6,1233,1408,3397,0.8757102272727273,0.3629673241095084,0.5132154006243497
hqf_boxes,rt,176,6,1417,1541,3450,0.9195327709279688,0.4107246376811594,0.5678220797435384
hqf_boxes,rt,177,6,1377,1572,3538,0.8759541984732825,0.38920293951384966,0.5389432485322896
hqf_boxes,rt,178,6,1313,1500,3445,0.8753333333333333,0.38113207547169814,0.5310414560161779
hqf_boxes,rt,179,6,1428,1582,3481,0.9026548672566371,0.41022694627980466,0.5640924353150306
hqf_boxes,rt,180,6,1415,1525,3472,0.9278688524590164,0.4075460829493088,0.5663398038823294
hqf_boxes,rt,181,6,1250,1389,3384,0.8999280057595392,0.3693853427895981,0.5237795935470354
hqf_boxes,rt,182,6,1297,1490,3397,0.8704697986577181,0.38180747718575214,0.5307959893595253
hqf_boxes,rt,183,6,1214,1405,3314,0.8640569395017793,0.36632468316234157,0.51451578724306
hqf_boxes,rt,184,6,1303,1506,3407,0.8652058432934927,0.3824479013795128,0.5304294728271932
hqf_boxes,rt,185,6,1215,1455,3392,0.8350515463917526,0.3581957547169811,0.5013410356921807
hqf_boxes,rt,186,6,1273,1448,3417,0.8791436464088398,0.37254901960784315,0.5233299075025694
hqf_boxes,rt,187,6,1431,1564,3404,0.9149616368286445,0.4203877790834313,0.5760869565217391
hqf_boxes,rt,188,6,1178,1322,3453,0.8910741301059002,0.34115262090935417,0.49340314136125657
hqf_boxes,rt,189,6,1472,1668,3405,0.882494004796163,0.43230543318649045,0.580327222550759
hqf_boxes,rt,190,6,1140,1252,3450,0.9105431309904153,0.33043478260869563,0.48490004253509145
hqf_boxes,rt,191,6,1207,1338,3313,0.9020926756352765,0.36432236643525506,0.5190281659858095
hqf_boxes,rt,192,6,1215,1382,3238,0.8791606367583212,0.37523162445954295,0.525974025974026
hqf_boxes,rt,193,6,1309,1487,3201,0.8802958977807667,0.40893470790378006,0.5584470989761092
hqf_boxes,rt,194,6,1236,1381,3209,0.8950036205648081,0.3851667186039265,0.538562091503268
hqf_boxes,rt,195,6,1197,1365,3151,0.8769230769230769,0.37987940336401144,0.5301151461470328
hqf_boxes,rt,196,6,1225,1333,3133,0.918979744936234,0.3909990424513246,0.54858934169279
hqf_boxes,rt,197,6,1068,1176,3183,0.9081632653061225,0.3355325164938737,0.49002064693737096
hqf_boxes,rt,198,6,1110,1220,3023,0.9098360655737705,0.3671849156467086,0.5232147065755361
hqf_boxes,rt,199,6,1224,1345,2992,0.9100371747211896,0.4090909090909091,0.5644454692183537
hqf_boxes,rt,200,6,1238,1395,2931,0.8874551971326164,0.4223814397816445,0.5723532131299122
hqf_boxes,rt,201,6,1250,1443,2964,0.8662508662508662,0.4217273954116059,0.5672793283412753
hqf_boxes,rt,202,6,1121,1254,3052,0.8939393939393939,0.367300131061599,0.5206688341848583
hqf_boxes,rt,203,6,1089,1275,2904,0.8541176470588235,0.375,0.5211773151471644
hqf_boxes,rt,204,6,1137,1345,2938,0.8453531598513011,0.386997957794418,0.5309362596310997
hqf_boxes,rt,205,6,1046,1176,2853,0.8894557823129252,0.3666316158429723,0.5192355423181931
hqf_boxes,rt,206,6,1196,1424,2815,0.8398876404494382,0.424866785079929,0.5642840292521821
hqf_boxes,rt,207,6,1175,1312,2961,0.895579268292683,0.3968253968253968,0.5499648958577112
hqf_boxes,rt,208,6,1057,1194,2846,0.8852596314907872,0.3713984539704849,0.5232673267326733
hqf_boxes,rt,209,6,944,1085,2693,0.8700460829493087,0.35053843297437803,0.49973530968766544
hqf_boxes,rt,210,6,1132,1264,2731,0.8955696202531646,0.41450018308311976,0.5667083854818523
hqf_boxes,rt,211,6,1007,1134,2738,0.8880070546737213,0.36778670562454346,0.5201446280991735
hqf_boxes,rt,212,6,1083,1283,2560,0.8441153546375681,0.423046875,0.5636221701795472
hqf_boxes,rt,213,6,999,1197,2523,0.8345864661654135,0.39595719381688466,0.5370967741935484
hqf_boxes,rt,214,6,861,984,2524,0.875,0.34112519809825675,0.4908779931584949
hqf_boxes,rt,215,6,993,1149,2465,0.8642297650130548,0.4028397565922921,0.5495296070835639
hqf_boxes,rt,216,6,889,1044,2385,0.8515325670498084,0.37274633123689727,0.5185185185185185
hqf_boxes,rt,217,6,944,1109,2298,0.8512173128944995,0.41079199303742386,0.5541532139712357
hqf_boxes,rt,218,6,961,1144,2366,0.840034965034965,0.4061707523245985,0.5475783475783476
hqf_boxes,rt,219,6,918,1088,2130,0.84375,0.4309859154929577,0.5705407085146054
hqf_boxes,rt,220,6,945,1152,2060,0.8203125,0.4587378640776699,0.5884184308841843
hqf_boxes,rt,221,6,923,1159,2022,0.7963761863675582,0.45647873392680516,0.5803206538824269
hqf_boxes,rt,117,9,1308,1350,3565,0.9688888888888889,0.36690042075736323,0.5322482197355035
hqf_boxes,rt,118,9,1174,1227,3409,0.9568052159739201,0.34438251686711646,0.5064710957722174
hqf_boxes,rt,119,9,1257,1350,3424,0.9311111111111111,0.3671144859813084,0.5266024298282362
hqf_boxes,rt,120,9,1186,1294,3267,0.9165378670788253,0.3630241812059994,0.5200613900460426
hqf_boxes,rt,121,9,1287,1416,3236,0.9088983050847458,0.3977132262051916,0.5533104041272571
hqf_boxes,rt,122,9,1252,1413,3141,0.8860580325548478,0.39859917223814073,0.5498462889767237
hqf_boxes,rt,123,9,1272,1443,3174,0.8814968814968815,0.4007561436672968,0.5510071474983755
hqf_boxes,rt,124,9,1346,1507,3239,0.8931652289316523,0.4155603581352269,0.5672144964180362
hqf_boxes,rt,125,9,1369,1568,3328,0.8730867346938775,0.4113581730769231,0.5592320261437909
hqf_boxes,rt,126,9,1544,1725,3332,0.8950724637681159,0.46338535414165666,0.6106387186078702
hqf_boxes,rt,127,9,1478,1656,3295,0.892512077294686,0.44855842185128986,0.5970511007877196
hqf_boxes,rt,128,9,1362,1602,3221,0.850187265917603,0.4228500465693884,0.5647936968691686
hqf_boxes,rt,129,9,1502,1697,3436,0.8850913376546847,0.4371362048894063,0.585232807325151
hqf_boxes,rt,130,9,1340,1568,3510,0.8545918367346939,0.3817663817663818,0.5277668373375345
hqf_boxes,rt,131,9,1525,1772,3355,0.8606094808126411,0.45454545454545453,0.5948897991027892
hqf_boxes,rt,132,9,1558,1759,3473,0.885730528709494,0.4486035128131299,0.595565749235474
hqf_boxes,rt,133,9,1359,1605,3387,0.8467289719626169,0.4012400354295837,0.5444711538461539
hqf_boxes,rt,134,9,1523,1718,3359,0.8864959254947613,0.45340875260494196,0.5999606066574749
hqf_boxes,rt,135,9,1401,1632,3204,0.8584558823529411,0.43726591760299627,0.5794044665012407
hqf_boxes,rt,136,9,1362,1593,3270,0.8549905838041432,0.41651376146788993,0.5601480567550895
hqf_boxes,rt,137,9,1416,1678,3328,0.8438617401668653,0.4254807692307692,0.5657211346384339
hqf_boxes,rt,138,9,1494,1737,3233,0.8601036269430051,0.46210949582431177,0.6012072434607646
hqf_boxes,rt,139,9,1672,1876,3282,0.8912579957356077,0.5094454600853139,0.648313299728577
hqf_boxes,rt,140,9,1594,1789,3311,0.8910005589714924,0.4814255511929931,0.6250980392156863
hqf_boxes,rt,141,9,1544,1746,3310,0.8843069873997709,0.4664652567975831,0.6107594936708861
hqf_boxes,rt,142,9,1503,1695,3313,0.8867256637168142,0.4536673709628735,0.6002396166134185
hqf_boxes,rt,143,9,1495,1657,3317,0.9022329511164756,0.45070847151040094,0.6011258544431042
hqf_boxes,rt,144,9,1450,1591,3268,0.9113764927718416,0.44369645042839656,0.5968306235850999
hqf_boxes,rt,145,9,1332,1535,3242,0.8677524429967427,0.4108574953732264,0.5576721791919614
hqf_boxes,rt,146,9,1393,1595,3195,0.8733542319749217,0.4359937402190923,0.5816283924843424
hqf_boxes,rt,147,9,1389,1610,3242,0.8627329192546583,0.42843923504009873,0.5725474031327288
hqf_boxes,rt,148,9,1438,1668,3225,0.8621103117505995,0.44589147286821706,0.5877784590230942
hqf_boxes,rt,149,9,1398,1641,3216,0.8519195612431444,0.43470149253731344,0.5756639901173564
hqf_boxes,rt,150,9,1374,1618,3274,0.8491965389369592,0.41967012828344535,0.5617334423548651
hqf_boxes,rt,151,9,1319,1477,3171,0.8930264048747462,0.4159571113213497,0.5675559380378657
hqf_boxes,rt,152,9,1217,1373,3184,0.8863801893663511,0.38222361809045224,0.5341233267500548
hqf_boxes,rt,153,9,1430,1602,3248,0.8926342072409488,0.44027093596059114,0.5896907216494846
hqf_boxes,rt,154,9,1374,1477,3178,0.930264048747461,0.43234738829452485,0.5903329752953813
hqf_boxes,rt,155,9,1482,1683,3105,0.8805704099821747,0.47729468599033814,0.6190476190476191
hqf_boxes,rt,156,9,1476,1624,3283,0.9088669950738916,0.44958879074017666,0.6015895659262278
hqf_boxes,rt,157,9,1392,1577,3176,0.8826886493341788,0.43828715365239296,0.5857353250578582
hqf_boxes,rt,158,9,1450,1608,3332,0.9017412935323383,0.43517406962785116,0.5870445344129555
hqf_boxes,rt,159,9,1415,1539,3396,0.9194282001299545,0.4166666666666667,0.5734549138804458
hqf_boxes,rt,160,9,1370,1591,3423,0.8610936517913262,0.4002337131171487,0.5464698843238931
hqf_boxes,rt,161,9,1261,1508,3387,0.8362068965517241,0.372305875405964,0.5152196118488254
hqf_boxes,rt,162,9,1281,1445,3160,0.8865051903114187,0.40537974683544303,0.5563517915309446
hqf_boxes,rt,163,9,1385,1538,3234,0.900520156046814,0.4282622139764997,0.5804694048616932
hqf_boxes,rt,164,9,1428,1602,3232,0.8913857677902621,0.44183168316831684,0.5908150599917252
hqf_boxes,rt,165,9,1440,1580,3276,0.9113924050632911,0.43956043956043955,0.5930807248764415
hqf_boxes,rt,166,9,1434,1554,3187,0.9227799227799228,0.44995293379353624,0.6049356675806792
hqf_boxes,rt,167,9,1360,1544,3223,0.8808290155440415,0.4219671113869066,0.5705894692678833
hqf_boxes,rt,168,9,1457,1650,3177,0.883030303030303,0.45860875039345295,0.6036875906360059
hqf_boxes,rt,169,9,1424,1580,3221,0.9012658227848102,0.44209872710338405,0.5932097479691731
hqf_boxes,rt,170,9,1493,1633,3416,0.9142682180036742,0.4370608899297424,0.591404238463062
hqf_boxes,rt,171,9,1526,1720,3409,0.8872093023255814,0.44763860369609854,0.5950477675960226
hqf_boxes,rt,172,9,1435,1583,3466,0.9065066329753633,0.41402192729371035,0.5684293919588037
hqf_boxes,rt,173,9,1489,1627,3436,0.915181315304241,0.43335273573923166,0.5881888208571993
hqf_boxes,rt,174,9,1371,1508,3431,0.9091511936339522,0.39959195569804723,0.5551731119659851
hqf_boxes,rt,175,9,1303,1408,3397,0.9254261363636364,0.38357374153664997,0.5423517169614984
hqf_boxes,rt,176,9,1469,1541,3450,0.9532770927968851,0.42579710144927535,0.5886595872570627
hqf_boxes,rt,177,9,1463,1572,3538,0.9306615776081425,0.4135104578858112,0.5726027397260274
hqf_boxes,rt,178,9,1402,1500,3445,0.9346666666666666,0.406966618287373,0.5670374115267948
hqf_boxes,rt,179,9,1500,1582,3481,0.9481668773704172,0.43091065785693766,0.5925340707090657
hqf_boxes,rt,180,9,1471,1525,3472,0.9645901639344262,0.4236751152073733,0.5887532519511707
hqf_boxes,rt,181,9,1299,1389,3384,0.9352051835853131,0.38386524822695034,0.5443117536140792
hqf_boxes,rt,182,9,1386,1490,3397,0.9302013422818792,0.4080070650574036,0.567219152854512
hqf_boxes,rt,183,9,1280,1405,3314,0.9110320284697508,0.38624019312009655,0.5424878152150879
hqf_boxes,rt,184,9,1392,1506,3407,0.9243027888446215,0.40857058996184326,0.5666598819458579
hqf_boxes,rt,185,9,1322,1455,3392,0.9085910652920962,0.3897405660377358,0.5454920569424386
hqf_boxes,rt,186,9,1369,1448,3417,0.9454419889502762,0.4006438396254024,0.5627954779033916
hqf_boxes,rt,187,9,1486,1564,3404,0.9501278772378516,0.43654524089306695,0.5982286634460547
hqf_boxes,rt,188,9,1243,1322,3453,0.9402420574886535,0.3599768317405155,0.5206282722513089
hqf_boxes,rt,189,9,1575,1668,3405,0.9442446043165468,0.46255506607929514,0.6209343583678297
hqf_boxes,rt,190,9,1203,1252,3450,0.9608626198083067,0.348695652173913,0.5116971501488728
hqf_boxes,rt,191,9,1295,1338,3313,0.9678624813153961,0.3908843948083308,0.5568694904321652
hqf_boxes,rt,192,9,1286,1382,3238,0.9305354558610709,0.3971587399629401,0.5567099567099567
hqf_boxes,rt,193,9,1387,1487,3201,0.9327505043712172,0.4333020930959075,0.5917235494880546
hqf_boxes,rt,194,9,1290,1381,3209,0.9341057204923968,0.4019943907759427,0.5620915032679739
hqf_boxes,rt,195,9,1276,1365,3151,0.9347985347985348,0.4049508092668994,0.5651018600531443
hqf_boxes,rt,196,9,1287,1333,3133,0.9654913728432108,0.4107883817427386,0.5763546798029556
hqf_boxes,rt,197,9,1136,1176,3183,0.9659863945578231,0.3568960100534087,0.5212204634090388
hqf_boxes,rt,198,9,1188,1220,3023,0.9737704918032787,0.3929870989083692,0.5599811454159792
hqf_boxes,rt,199,9,1309,1345,2992,0.9732342007434944,0.4375,0.603643071247406
hqf_boxes,rt,200,9,1297,1395,2931,0.9297491039426523,0.4425110883657455,0.5996301433194637
hqf_boxes,rt,201,9,1356,1443,2964,0.9397089397089398,0.4574898785425101,0.6153846153846154
hqf_boxes,rt,202,9,1192,1254,3052,0.9505582137161085,0.3905635648754915,0.5536460752438458
hqf_boxes,rt,203,9,1201,1275,2904,0.9419607843137255,0.41356749311294766,0.5747786551806652
hqf_boxes,rt,204,9,1232,1345,2938,0.9159851301115242,0.41933287950987064,0.5752976885360729
hqf_boxes,rt,205,9,1091,1176,2853,0.9277210884353742,0.38240448650543285,0.5415735914619012
hqf_boxes,rt,206,9,1257,1424,2815,0.8827247191011236,0.44653641207815276,0.5930644019815995
hqf_boxes,rt,207,9,1217,1312,2961,0.9275914634146342,0.4110097939885174,0.5696232155394336
hqf_boxes,rt,208,9,1082,1194,2846,0.9061976549413735,0.38018271257905834,0.5356435643564357
hqf_boxes,rt,209,9,989,1085,2693,0.911520737327189,0.36724842183438544,0.5235574377977766
hqf_boxes,rt,210,9,1189,1264,2731,0.9406645569620253,0.4353716587330648,0.595244055068836
hqf_boxes,rt,211,9,1051,1134,2738,0.9268077601410935,0.38385682980277575,0.5428719008264463
hqf_boxes,rt,212,9,1168,1283,2560,0.9103663289166017,0.45625,0.6078584439240177
hqf_boxes,rt,213,9,1059,1197,2523,0.8847117794486216,0.41973840665873957,0.5693548387096774
hqf_boxes,rt,214,9,905,984,2524,0.9197154471544715,0.35855784469096674,0.515963511972634
hqf_boxes,rt,215,9,1036,1149,2465,0.9016536118363795,0.4202839756592292,0.5733259546209186
hqf_boxes,rt,216,9,948,1044,2385,0.9080459770114943,0.39748427672955977,0.552930883639545
hqf_boxes,rt,217,9,1015,1109,2298,0.915238954012624,0.44168842471714537,0.5958321103610215
hqf_boxes,rt,218,9,1020,1144,2366,0.8916083916083916,0.43110735418427726,0.5811965811965812
hqf_boxes,rt,219,9,963,1088,2130,0.8851102941176471,0.45211267605633804,0.598508390304537
hqf_boxes,rt,220,9,1020,1152,2060,0.8854166666666666,0.49514563106796117,0.635118306351183
hqf_boxes,rt,221,9,1002,1159,2022,0.8645383951682485,0.49554896142433236,0.6299905690034581
hqf_boxes,llgd,117,3,578,969,3565,0.5964912280701754,0.1621318373071529,0.254962505513895
hqf_boxes,llgd,118,3,375,522,3409,0.7183908045977011,0.11000293341155765,0.1907911472907657
hqf_boxes,llgd,119,3,889,1539,3424,0.5776478232618584,0.2596378504672897,0.35825105782792666
hqf_boxes,llgd,120,3,823,1661,3267,0.4954846478025286,0.2519130700948883,0.3340097402597403
hqf_boxes,llgd,121,3,468,624,3236,0.75,0.1446229913473424,0.24248704663212436
hqf_boxes,llgd,122,3,1289,2360,3141,0.5461864406779661,0.4103788602355938,0.4686420650790765
hqf_boxes,llgd,123,3,968,1980,3174,0.4888888888888889,0.30497794580970383,0.37563057819169576
hqf_boxes,llgd,124,3,641,995,3239,0.6442211055276382,0.19790058660080273,0.30278696268304206
hqf_boxes,llgd,125,3,866,1404,3328,0.6168091168091168,0.26021634615384615,0.36601859678782755
hqf_boxes,llgd,126,3,844,1259,3332,0.670373312152502,0.2533013205282113,0.367675887606186
hqf_boxes,llgd,127,3,747,1137,3295,0.6569920844327177,0.2267071320182094,0.3370938628158845
hqf_boxes,llgd,128,3,440,698,3221,0.6303724928366762,0.13660353927351754,0.2245470783363103
hqf_boxes,llgd,129,3,418,636,3436,0.6572327044025157,0.12165308498253784,0.20530451866404714
hqf_boxes,llgd,130,3,1207,1697,3510,0.7112551561579258,0.3438746438746439,0.4636066833109276
hqf_boxes,llgd,131,3,584,1099,3355,0.5313921747042766,0.17406855439642324,0.2622361921867984
hqf_boxes,llgd,132,3,881,1494,3473,0.5896921017402945,0.253671177656205,0.35474129253070263
hqf_boxes,llgd,133,3,253,342,3387,0.7397660818713451,0.0746973723058754,0.13569321533923304
hqf_boxes,llgd,134,3,1131,1624,3359,0.6964285714285714,0.33670735337898183,0.4539434075857917
hqf_boxes,llgd,135,3,523,664,3204,0.7876506024096386,0.1632334581772784,0.2704239917269907
hqf_boxes,llgd,136,3,1054,1369,3270,0.7699050401753105,0.3223241590214067,0.4544082776460444
hqf_boxes,llgd,137,3,490,581,3328,0.8433734939759037,0.14723557692307693,0.2507035047326682
hqf_boxes,llgd,138,3,1037,1180,3233,0.8788135593220339,0.32075471698113206,0.4699750736460458
hqf_boxes,llgd,139,3,1392,1603,3282,0.8683718028696195,0.42413162705667273,0.5699078812691915
hqf_boxes,llgd,140,3,1106,1298,3311,0.8520801232665639,0.33403805496828753,0.47993057062269473
hqf_boxes,llgd,141,3,1083,1356,3310,0.7986725663716814,0.327190332326284,0.4642091727389627
hqf_boxes,llgd,142,3,896,1036,3313,0.8648648648648649,0.2704497434349532,0.41204874683835363
hqf_boxes,llgd,143,3,1052,1203,3317,0.8744804655029094,0.3171540548688574,0.4654867256637168
hqf_boxes,llgd,144,3,501,532,3268,0.9417293233082706,0.15330477356181152,0.2636842105263158
hqf_boxes,llgd,145,3,472,697,3242,0.6771879483500718,0.14558914250462676,0.23965473470423965
hqf_boxes,llgd,146,3,237,266,3195,0.8909774436090225,0.07417840375586854,0.13695463738803815
hqf_boxes,llgd,147,3,62,82,3242,0.7560975609756098,0.019123997532387416,0.03730445246690734
hqf_boxes,llgd,148,3,65,99,3225,0.6565656565656566,0.020155038759689922,0.03910950661853189
hqf_boxes,llgd,149,3,43,46,3216,0.9347826086956522,0.013370646766169154,0.026364193746167996
hqf_boxes,llgd,150,3,751,811,3274,0.9260172626387176,0.22938301771533293,0.36768665850673193
hqf_boxes,llgd,151,3,1193,1545,3171,0.772168284789644,0.3762220119836014,0.5059372349448685
hqf_boxes,llgd,152,3,707,810,3184,0.8728395061728395,0.22204773869346733,0.3540310465698548
hqf_boxes,llgd,153,3,847,1062,3248,0.7975517890772128,0.2607758620689655,0.3930394431554524
hqf_boxes,llgd,154,3,263,346,3178,0.7601156069364162,0.08275645059786028,0.1492622020431328
hqf_boxes,llgd,155,3,838,1127,3105,0.743566992014197,0.26988727858293077,0.3960302457466919
hqf_boxes,llgd,156,3,763,925,3283,0.8248648648648649,0.232409381663113,0.3626425855513308
hqf_boxes,llgd,157,3,497,624,3176,0.7964743589743589,0.15648614609571787,0.2615789473684211
hqf_boxes,llgd,158,3,504,709,3332,0.7108603667136812,0.15126050420168066,0.24944320712694878
hqf_boxes,llgd,159,3,504,698,3396,0.7220630372492837,0.14840989399293286,0.24621397166585246
hqf_boxes,llgd,160,3,324,371,3423,0.8733153638814016,0.09465381244522349,0.17079599367422246
hqf_boxes,llgd,161,3,813,969,3387,0.8390092879256966,0.2400354295837024,0.37327823691460055
hqf_boxes,llgd,162,3,739,1292,3160,0.5719814241486069,0.23386075949367088,0.33198562443845464
hqf_boxes,llgd,163,3,699,942,3234,0.7420382165605095,0.21614100185528756,0.33477011494252873
hqf_boxes,llgd,164,3,839,1278,3232,0.6564945226917058,0.2595915841584158,0.3720620842572062
hqf_boxes,llgd,165,3,682,1074,3276,0.6350093109869647,0.2081807081807082,0.3135632183908046
hqf_boxes,llgd,166,3,393,873,3187,0.45017182130584193,0.12331346093504864,0.1935960591133005
hqf_boxes,llgd,167,3,432,690,3223,0.6260869565217392,0.1340366118523115,0.2208024533605929
hqf_boxes,llgd,168,3,468,873,3177,0.5360824742268041,0.14730878186968838,0.2311111111111111
hqf_boxes,llgd,169,3,710,1376,3221,0.5159883720930233,0.22042843837317602,0.30889710680878835
hqf_boxes,llgd,170,3,596,946,3416,0.6300211416490487,0.17447306791569087,0.27326914259513985
hqf_boxes,llgd,171,3,1016,1404,3409,0.7236467236467237,0.29803461425638017,0.422189902347808
hqf_boxes,llgd,172,3,403,457,3466,0.8818380743982495,0.11627236006924409,0.20545500892174356
hqf_boxes,llgd,173,3,381,520,3436,0.7326923076923076,0.1108847497089639,0.19261880687563196
hqf_boxes,llgd,174,3,313,355,3431,0.8816901408450705,0.09122704750801515,0.1653460116217644
hqf_boxes,llgd,175,3,743,1111,3397,0.6687668766876688,0.2187224021195172,0.32963620230700974
hqf_boxes,llgd,176,3,771,1174,3450,0.6567291311754685,0.2234782608695652,0.333477508650519
hqf_boxes,llgd,177,3,316,462,3538,0.683982683982684,0.0893159977388355,0.158
hqf_boxes,llgd,178,3,262,487,3445,0.5379876796714579,0.0760522496371553,0.13326551373346898
hqf_boxes,llgd,179,3,92,125,3481,0.736,0.02642918701522551,0.051026067665002776
hqf_boxes,llgd,180,3,267,358,3472,0.7458100558659218,0.07690092165898617,0.13942558746736292
hqf_boxes,llgd,181,3,305,399,3384,0.7644110275689223,0.09013002364066194,0.1612476870208829
hqf_boxes,llgd,182,3,114,135,3397,0.8444444444444444,0.03355902266705917,0.06455266138165346
hqf_boxes,llgd,183,3,44,74,3314,0.5945945945945946,0.013277006638503319,0.025974025974025976
hqf_boxes,llgd,184,3,315,392,3407,0.8035714285714286,0.09245670678015849,0.16583311397736247
hqf_boxes,llgd,185,3,559,781,3392,0.7157490396927016,0.1647995283018868,0.26791277258566976
hqf_boxes,llgd,186,3,286,348,3417,0.8218390804597702,0.08369915130231197,0.15192563081009297
hqf_boxes,llgd,187,3,568,848,3404,0.6698113207547169,0.16686251468860164,0.2671683913452493
hqf_boxes,llgd,188,3,237,397,3453,0.5969773299748111,0.0686359687228497,0.12311688311688311
hqf_boxes,llgd,189,3,400,693,3405,0.5772005772005772,0.11747430249632893,0.19521717911176184
hqf_boxes,llgd,190,3,592,790,3450,0.7493670886075949,0.17159420289855074,0.2792452830188679
hqf_boxes,llgd,191,3,604,1000,3313,0.604,0.18231210383338364,0.28008346858335265
hqf_boxes,llgd,192,3,797,1277,3238,0.6241190289741582,0.2461395923409512,0.3530454042081949
hqf_boxes,llgd,193,3,511,952,3201,0.5367647058823529,0.15963761324586068,0.24608716590416566
hqf_boxes,llgd,194,3,381,687,3209,0.5545851528384279,0.11872857588033656,0.19558521560574949
hqf_boxes,llgd,195,3,590,780,3151,0.7564102564102564,0.18724214535068232,0.3001780717374714
hqf_boxes,llgd,196,3,305,358,3133,0.8519553072625698,0.0973507819980849,0.17473503294185047
hqf_boxes,llgd,197,3,375,459,3183,0.8169934640522876,0.117813383600377,0.20593080724876442
hqf_boxes,llgd,198,3,662,1174,3023,0.5638841567291312,0.21898776050281177,0.31546342625685014
hqf_boxes,llgd,199,3,571,914,2992,0.62472647702407,0.19084224598930483,0.29237071172555046
hqf_boxes,llgd,200,3,356,474,2931,0.7510548523206751,0.12146025247355852,0.2091042584434655
hqf_boxes,llgd,201,3,580,784,2964,0.7397959183673469,0.19568151147098514,0.3094983991462113
hqf_boxes,llgd,202,3,464,594,3052,0.7811447811447811,0.15203145478374835,0.2545255074053758
hqf_boxes,llgd,203,3,205,301,2904,0.6810631229235881,0.07059228650137742,0.12792511700468018
hqf_boxes,llgd,204,3,516,695,2938,0.7424460431654676,0.1756296800544588,0.28406275805119735
hqf_boxes,llgd,205,3,430,539,2853,0.7977736549165121,0.1507185418857343,0.2535377358490566
hqf_boxes,llgd,206,3,65,68,2815,0.9558823529411765,0.023090586145648313,0.045091918140825527
hqf_boxes,llgd,207,3,445,496,2961,0.8971774193548387,0.1502870651806822,0.25744865490309515
hqf_boxes,llgd,208,3,681,880,2846,0.7738636363636363,0.2392832044975404,0.36553945249597425
hqf_boxes,llgd,209,3,306,367,2693,0.8337874659400545,0.1136279242480505,0.2
hqf_boxes,llgd,210,3,628,778,2731,0.8071979434447301,0.22995239838886855,0.3579367341122827
hqf_boxes,llgd,211,3,811,1094,2738,0.7413162705667276,0.2962016070124178,0.4232776617954071
hqf_boxes,llgd,212,3,181,209,2560,0.8660287081339713,0.070703125,0.1307331166486096
hqf_boxes,llgd,213,3,662,1247,2523,0.5308740978348035,0.2623860483551328,0.35119363395225467
hqf_boxes,llgd,214,3,433,619,2524,0.6995153473344103,0.17155309033280508,0.275532930321349
hqf_boxes,llgd,215,3,770,1145,2465,0.6724890829694323,0.31237322515212984,0.4265927977839335
hqf_boxes,llgd,216,3,792,1139,2385,0.6953467954345918,0.3320754716981132,0.44948921679909193
hqf_boxes,llgd,217,3,540,748,2298,0.7219251336898396,0.2349869451697128,0.35456336178594877
hqf_boxes,llgd,218,3,435,497,2366,0.8752515090543259,0.18385460693153,0.3038770520433112
hqf_boxes,llgd,219,3,675,966,2130,0.6987577639751553,0.31690140845070425,0.436046511627907
hqf_boxes,llgd,220,3,168,380,2060,0.4421052631578947,0.08155339805825243,0.1377049180327869
hqf_boxes,llgd,221,3,267,398,2022,0.6708542713567839,0.13204747774480713,0.2206611570247934
hqf_boxes,llgd,117,6,795,969,3565,0.8204334365325078,0.22300140252454417,0.3506837229819144
hqf_boxes,llgd,118,6,468,522,3409,0.896551724137931,0.13728366089762395,0.2381073518188756
hqf_boxes,llgd,119,6,1179,1539,3424,0.7660818713450293,0.3443341121495327,0.4751158573443482
hqf_boxes,llgd,120,6,1181,1661,3267,0.7110174593618303,0.36149372513008876,0.47930194805194803
hqf_boxes,llgd,121,6,546,624,3236,0.875,0.16872682323856614,0.28290155440414505
hqf_boxes,llgd,122,6,1644,2360,3141,0.6966101694915254,0.5234001910219676,0.5977095073622978
hqf_boxes,llgd,123,6,1321,1980,3174,0.6671717171717172,0.4161940768746062,0.5126115638339154
hqf_boxes,llgd,124,6,805,995,3239,0.8090452261306532,0.24853349799320779,0.3802550779404818
hqf_boxes,llgd,125,6,1075,1404,3328,0.7656695156695157,0.3230168269230769,0.4543533389687236
hqf_boxes,llgd,126,6,1004,1259,3332,0.7974583002382843,0.3013205282112845,0.43737747767370944
hqf_boxes,llgd,127,6,905,1137,3295,0.7959542656112577,0.2746585735963581,0.4083935018050541
hqf_boxes,llgd,128,6,563,698,3221,0.8065902578796562,0.17479043775225087,0.2873181934166879
hqf_boxes,llgd,129,6,497,636,3436,0.7814465408805031,0.14464493597206055,0.24410609037328093
hqf_boxes,llgd,130,6,1469,1697,3510,0.8656452563347083,0.4185185185185185,0.5642404455540618
hqf_boxes,llgd,131,6,734,1099,3355,0.6678798908098271,0.2187779433681073,0.3295913785361473
hqf_boxes,llgd,132,6,1094,1494,3473,0.7322623828647925,0.31500143967751226,0.44050734850010065
hqf_boxes,llgd,133,6,283,342,3387,0.827485380116959,0.08355476823147329,0.15178331992491284
hqf_boxes,llgd,134,6,1272,1624,3359,0.7832512315270936,0.3786841321821971,0.5105358217941
hqf_boxes,llgd,135,6,581,664,3204,0.875,0.1813358302122347,0.3004136504653568
hqf_boxes,llgd,136,6,1178,1369,3270,0.860482103725347,0.3602446483180428,0.5078680750161673
hqf_boxes,llgd,137,6,542,581,3328,0.9328743545611016,0.16286057692307693,0.2773087746226656
hqf_boxes,llgd,138,6,1123,1180,3233,0.9516949152542373,0.34735539746365607,0.5089508271017449
hqf_boxes,llgd,139,6,1520,1603,3282,0.9482220835932627,0.4631322364411944,0.6223132036847492
hqf_boxes,llgd,140,6,1212,1298,3311,0.9337442218798151,0.36605255209906373,0.5259275330874377
hqf_boxes,llgd,141,6,1216,1356,3310,0.8967551622418879,0.36737160120845924,0.5212173167595371
hqf_boxes,llgd,142,6,957,1036,3313,0.9237451737451737,0.28886205855719893,0.4401011726833755
hqf_boxes,llgd,143,6,1117,1203,3317,0.9285120532003325,0.3367500753693096,0.4942477876106195
hqf_boxes,llgd,144,6,518,532,3268,0.9736842105263158,0.15850673194614442,0.27263157894736845
hqf_boxes,llgd,145,6,502,697,3242,0.7202295552367288,0.15484268969771744,0.2548870271642549
hqf_boxes,llgd,146,6,252,266,3195,0.9473684210526315,0.07887323943661972,0.1456226524125975
hqf_boxes,llgd,147,6,67,82,3242,0.8170731707317073,0.02066625539790253,0.040312876052948254
hqf_boxes,llgd,148,6,87,99,3225,0.8787878787878788,0.026976744186046512,0.052346570397111915
hqf_boxes,llgd,149,6,46,46,3216,1.0,0.014303482587064677,0.028203556100551808
hqf_boxes,llgd,150,6,795,811,3274,0.9802712700369913,0.24282223579718998,0.38922888616891066
hqf_boxes,llgd,151,6,1356,1545,3171,0.8776699029126214,0.42762535477767266,0.5750636132315522
hqf_boxes,llgd,152,6,762,810,3184,0.9407407407407408,0.239321608040201,0.3815723585378067
hqf_boxes,llgd,153,6,957,1062,3248,0.9011299435028248,0.29464285714285715,0.4440835266821346
hqf_boxes,llgd,154,6,286,346,3178,0.8265895953757225,0.08999370673379484,0.1623155505107832
hqf_boxes,llgd,155,6,983,1127,3105,0.8722271517302573,0.31658615136876006,0.46455576559546313
hqf_boxes,llgd,156,6,837,925,3283,0.9048648648648648,0.25494974109046603,0.39781368821292773
hqf_boxes,llgd,157,6,584,624,3176,0.9358974358974359,0.18387909319899245,0.30736842105263157
hqf_boxes,llgd,158,6,569,709,3332,0.8025387870239774,0.17076830732292916,0.2816134620143529
hqf_boxes,llgd,159,6,573,698,3396,0.8209169054441261,0.1687279151943463,0.2799218368343918
hqf_boxes,llgd,160,6,363,371,3423,0.9784366576819407,0.10604732690622261,0.19135477069056406
hqf_boxes,llgd,161,6,915,969,3387,0.9442724458204335,0.27015057573073514,0.4201101928374656
hqf_boxes,llgd,162,6,921,1292,3160,0.7128482972136223,0.29145569620253164,0.4137466307277628
hqf_boxes,llgd,163,6,788,942,3234,0.8365180467091295,0.24366110080395795,0.3773946360153257
hqf_boxes,llgd,164,6,1037,1278,3232,0.8114241001564946,0.3208539603960396,0.45986696230598667
hqf_boxes,llgd,165,6,809,1074,3276,0.7532588454376163,0.24694749694749696,0.3719540229885058
hqf_boxes,llgd,166,6,500,873,3187,0.572737686139748,0.15688735487919675,0.24630541871921183
hqf_boxes,llgd,167,6,538,690,3223,0.7797101449275362,0.16692522494570275,0.27498083312036803
hqf_boxes,llgd,168,6,647,873,3177,0.7411225658648339,0.20365124331129997,0.31950617283950616
hqf_boxes,llgd,169,6,872,1376,3221,0.6337209302325582,0.2707233778329711,0.3793778551229062
hqf_boxes,llgd,170,6,757,946,3416,0.8002114164904862,0.22160421545667447,0.3470884915176525
hqf_boxes,llgd,171,6,1238,1404,3409,0.8817663817663818,0.36315635083602227,0.514440058175774
hqf_boxes,llgd,172,6,431,457,3466,0.9431072210065645,0.12435083669936527,0.21972979862350242
hqf_boxes,llgd,173,6,498,520,3436,0.9576923076923077,0.14493597206053552,0.2517694641051567
hqf_boxes,llgd,174,6,337,355,3431,0.9492957746478873,0.09822209268434859,0.1780243000528262
hqf_boxes,llgd,175,6,873,1111,3397,0.7857785778577858,0.2569914630556373,0.3873114463176575
hqf_boxes,llgd,176,6,957,1174,3450,0.8151618398637138,0.2773913043478261,0.4139273356401384
hqf_boxes,llgd,177,6,387,462,3538,0.8376623376623377,0.10938383267382702,0.1935
hqf_boxes,llgd,178,6,356,487,3445,0.731006160164271,0.10333817126269956,0.18107833163784334
hqf_boxes,llgd,179,6,114,125,3481,0.912,0.032749209997127264,0.0632279534109817
hqf_boxes,llgd,180,6,332,358,3472,0.9273743016759777,0.0956221198156682,0.1733681462140992
hqf_boxes,llgd,181,6,361,399,3384,0.9047619047619048,0.10667848699763594,0.1908538197197991
hqf_boxes,llgd,182,6,126,135,3397,0.9333333333333333,0.03709155136885487,0.07134767836919592
hqf_boxes,llgd,183,6,56,74,3314,0.7567567567567568,0.016898008449004225,0.03305785123966942
hqf_boxes,llgd,184,6,352,392,3407,0.8979591836734694,0.1033167009098914,0.18531192419057646
hqf_boxes,llgd,185,6,683,781,3392,0.8745198463508322,0.2013561320754717,0.3273424394919722
hqf_boxes,llgd,186,6,318,348,3417,0.9137931034482759,0.09306409130816505,0.16892430278884463
hqf_boxes,llgd,187,6,680,848,3404,0.8018867924528302,0.199764982373678,0.3198494825964252
hqf_boxes,llgd,188,6,286,397,3453,0.7204030226700252,0.08282652765710977,0.14857142857142858
hqf_boxes,llgd,189,6,544,693,3405,0.784992784992785,0.15976505139500735,0.2654953635919961
hqf_boxes,llgd,190,6,679,790,3450,0.859493670886076,0.19681159420289854,0.32028301886792454
hqf_boxes,llgd,191,6,742,1000,3313,0.742,0.22396619378207064,0.3440760491537213
hqf_boxes,llgd,192,6,1006,1277,3238,0.7877838684416602,0.31068560840024706,0.44562569213732006
hqf_boxes,llgd,193,6,688,952,3201,0.7226890756302521,0.2149328334895345,0.33132675174572596
hqf_boxes,llgd,194,6,496,687,3209,0.7219796215429404,0.15456528513555626,0.2546201232032854
hqf_boxes,llgd,195,6,697,780,3151,0.8935897435897436,0.22119961916851794,0.35461714576443654
hqf_boxes,llgd,196,6,348,358,3133,0.9720670391061452,0.11107564634535588,0.19936980807791463
hqf_boxes,llgd,197,6,428,459,3183,0.9324618736383442,0.13446434181589695,0.23503569467325644
hqf_boxes,llgd,198,6,875,1174,3023,0.7453151618398637,0.2894475686404234,0.4169644984512747
hqf_boxes,llgd,199,6,709,914,2992,0.7757111597374179,0.23696524064171123,0.3630312339989759
hqf_boxes,llgd,200,6,416,474,2931,0.8776371308016878,0.1419310815421358,0.24434654919236418
hqf_boxes,llgd,201,6,705,784,2964,0.8992346938775511,0.23785425101214575,0.37620064034151546
hqf_boxes,llgd,202,6,548,594,3052,0.9225589225589226,0.17955439056356487,0.3006034009873834
hqf_boxes,llgd,203,6,261,301,2904,0.867109634551495,0.08987603305785125,0.1628705148205928
hqf_boxes,llgd,204,6,622,695,2938,0.8949640287769784,0.21170864533696393,0.3424167354803193
hqf_boxes,llgd,205,6,510,539,2853,0.9461966604823747,0.17875920084121977,0.3007075471698113
hqf_boxes,llgd,206,6,68,68,2815,1.0,0.024156305506216696,0.047173083593479014
hqf_boxes,llgd,207,6,474,496,2961,0.9556451612903226,0.160081053698075,0.2742262076945328
hqf_boxes,llgd,208,6,810,880,2846,0.9204545454545454,0.28460997891777934,0.43478260869565216
hqf_boxes,llgd,209,6,326,367,2693,0.888283378746594,0.12105458596360935,0.2130718954248366
hqf_boxes,llgd,210,6,713,778,2731,0.916452442159383,0.2610765287440498,0.40638358506697064
hqf_boxes,llgd,211,6,964,1094,2738,0.8811700182815356,0.352081811541271,0.5031315240083507
hqf_boxes,llgd,212,6,209,209,2560,1.0,0.081640625,0.15095702419646082
hqf_boxes,llgd,213,6,911,1247,2523,0.7305533279871692,0.36107808164883076,0.483289124668435
hqf_boxes,llgd,214,6,566,619,2524,0.9143780290791599,0.22424722662440572,0.3601654470251352
hqf_boxes,llgd,215,6,950,1145,2465,0.8296943231441049,0.385395537525355,0.5263157894736842
hqf_boxes,llgd,216,6,970,1139,2385,0.8516242317822651,0.40670859538784065,0.5505107832009081
hqf_boxes,llgd,217,6,662,748,2298,0.8850267379679144,0.28807658833768496,0.4346684175968483
hqf_boxes,llgd,218,6,480,497,2366,0.96579476861167,0.2028740490278952,0.33531260915123995
hqf_boxes,llgd,219,6,781,966,2130,0.8084886128364389,0.36666666666666664,0.5045219638242894
hqf_boxes,llgd,220,6,210,380,2060,0.5526315789473685,0.10194174757281553,0.1721311475409836
hqf_boxes,llgd,221,6,326,398,2022,0.8190954773869347,0.16122650840751732,0.2694214876033058
hqf_boxes,llgd,117,9,916,969,3565,0.9453044375644994,0.25694249649368867,0.40405822673136305
hqf_boxes,llgd,118,9,511,522,3409,0.9789272030651341,0.14989733059548255,0.25998473670821676
hqf_boxes,llgd,119,9,1335,1539,3424,0.8674463937621832,0.38989485981308414,0.537981059842837
hqf_boxes,llgd,120,9,1318,1661,3267,0.7934978928356412,0.40342822161003977,0.5349025974025974
hqf_boxes,llgd,121,9,591,624,3236,0.9471153846153846,0.1826328800988875,0.3062176165803109
hqf_boxes,llgd,122,9,1808,2360,3141,0.7661016949152543,0.5756128621458134,0.6573350299945464
hqf_boxes,llgd,123,9,1460,1980,3174,0.7373737373737373,0.4599873976055451,0.5665502522312766
hqf_boxes,llgd,124,9,896,995,3239,0.9005025125628141,0.2766285890707008,0.4232404345772319
hqf_boxes,llgd,125,9,1195,1404,3328,0.8511396011396012,0.3590745192307692,0.5050718512256974
hqf_boxes,llgd,126,9,1122,1259,3332,0.8911834789515488,0.336734693877551,0.48878240034850795
hqf_boxes,llgd,127,9,965,1137,3295,0.8487247141600703,0.2928679817905918,0.4354693140794224
hqf_boxes,llgd,128,9,648,698,3221,0.9283667621776505,0.20117975783918038,0.3306966062771115
hqf_boxes,llgd,129,9,562,636,3436,0.8836477987421384,0.16356228172293363,0.27603143418467585
hqf_boxes,llgd,130,9,1596,1697,3510,0.9404832056570418,0.4547008547008547,0.6130209333589399
hqf_boxes,llgd,131,9,834,1099,3355,0.7588717015468608,0.24858420268256334,0.3744948361023799
hqf_boxes,llgd,132,9,1222,1494,3473,0.8179384203480589,0.3518571839907861,0.49204751358969195
hqf_boxes,llgd,133,9,315,342,3387,0.9210526315789473,0.09300265721877768,0.16894609814963799
hqf_boxes,llgd,134,9,1366,1624,3359,0.8411330049261084,0.40666865138434055,0.5482640979329721
hqf_boxes,llgd,135,9,621,664,3204,0.9352409638554217,0.19382022471910113,0.32109617373319543
hqf_boxes,llgd,136,9,1247,1369,3270,0.9108838568298028,0.38134556574923545,0.5376158654882518
hqf_boxes,llgd,137,9,561,581,3328,0.9655765920826161,0.16856971153846154,0.2870299309286262
hqf_boxes,llgd,138,9,1157,1180,3233,0.9805084745762712,0.35787194556139806,0.5243598459098119
hqf_boxes,llgd,139,9,1557,1603,3282,0.9713038053649408,0.4744058500914077,0.6374616171954964
hqf_boxes,llgd,140,9,1256,1298,3311,0.9676425269645609,0.3793415886439142,0.5450206118463875
hqf_boxes,llgd,141,9,1258,1356,3310,0.9277286135693216,0.38006042296072506,0.539219888555508
hqf_boxes,llgd,142,9,988,1036,3313,0.9536679536679536,0.29821913673407785,0.4543573235226489
hqf_boxes,llgd,143,9,1134,1203,3317,0.942643391521197,0.341875188423274,0.5017699115044247
hqf_boxes,llgd,144,9,528,532,3268,0.9924812030075187,0.16156670746634028,0.27789473684210525
hqf_boxes,llgd,145,9,557,697,3242,0.7991391678622669,0.17180752621838372,0.28281289667428283
hqf_boxes,llgd,146,9,259,266,3195,0.9736842105263158,0.0810641627543036,0.14966772609072523
hqf_boxes,llgd,147,9,69,82,3242,0.8414634146341463,0.021283158544108574,0.04151624548736462
hqf_boxes,llgd,148,9,91,99,3225,0.9191919191919192,0.028217054263565893,0.05475330926594465
hqf_boxes,llgd,149,9,46,46,3216,1.0,0.014303482587064677,0.028203556100551808
hqf_boxes,llgd,150,9,806,811,3274,0.9938347718865598,0.24618204031765425,0.3946144430844553
hqf_boxes,llgd,151,9,1433,1545,3171,0.9275080906148867,0.45190791548407444,0.6077184054283291
hqf_boxes,llgd,152,9,779,810,3184,0.9617283950617284,0.24466080402010051,0.3900851276915373
hqf_boxes,llgd,153,9,1006,1062,3248,0.9472693032015066,0.30972906403940886,0.4668213457076566
hqf_boxes,llgd,154,9,314,346,3178,0.9075144508670521,0.0988042794210195,0.1782065834279228
hqf_boxes,llgd,155,9,1010,1127,3105,0.8961845607808341,0.3252818035426731,0.4773156899810964
hqf_boxes,llgd,156,9,873,925,3283,0.9437837837837838,0.2659153213524216,0.4149239543726236
hqf_boxes,llgd,157,9,611,624,3176,0.9791666666666666,0.19238035264483627,0.3215789473684211
hqf_boxes,llgd,158,9,630,709,3332,0.8885754583921015,0.18907563025210083,0.311804008908686
hqf_boxes,llgd,159,9,617,698,3396,0.8839541547277937,0.18168433451118962,0.3014167073766488
hqf_boxes,llgd,160,9,368,371,3423,0.9919137466307277,0.10750803388840198,0.19399051133368478
hqf_boxes,llgd,161,9,953,969,3387,0.9834881320949432,0.2813699439031591,0.43755739210284667
hqf_boxes,llgd,162,9,1024,1292,3160,0.7925696594427245,0.3240506329113924,0.46001796945193174
hqf_boxes,llgd,163,9,819,942,3234,0.8694267515923567,0.2532467532467532,0.3922413793103448
hqf_boxes,llgd,164,9,1105,1278,3232,0.8646322378716745,0.34189356435643564,0.49002217294900224
hqf_boxes,llgd,165,9,857,1074,3276,0.797951582867784,0.2615995115995116,0.39402298850574713
hqf_boxes,llgd,166,9,542,873,3187,0.6208476517754868,0.17006589268904926,0.26699507389162563
hqf_boxes,llgd,167,9,602,690,3223,0.8724637681159421,0.18678250077567485,0.3076923076923077
hqf_boxes,llgd,168,9,734,873,3177,0.8407789232531501,0.23103556814604972,0.36246913580246914
hqf_boxes,llgd,169,9,1017,1376,3221,0.7390988372093024,0.3157404532753803,0.44246247552751794
hqf_boxes,llgd,170,9,835,946,3416,0.8826638477801269,0.24443793911007025,0.38285190279688214
hqf_boxes,llgd,171,9,1335,1404,3409,0.9508547008547008,0.3916104429451452,0.5547475586952005
hqf_boxes,llgd,172,9,443,457,3466,0.9693654266958425,0.1278130409694172,0.22584756563854194
hqf_boxes,llgd,173,9,518,520,3436,0.9961538461538462,0.15075669383003493,0.26188068756319516
hqf_boxes,llgd,174,9,342,355,3431,0.9633802816901409,0.09967939376275138,0.18066561014263074
hqf_boxes,llgd,175,9,950,1111,3397,0.8550855085508551,0.2796585222254931,0.42147293700088734
hqf_boxes,llgd,176,9,1054,1174,3450,0.8977853492333902,0.3055072463768116,0.45588235294117646
hqf_boxes,llgd,177,9,415,462,3538,0.8982683982683982,0.11729790842283776,0.2075
hqf_boxes,llgd,178,9,429,487,3445,0.8809034907597536,0.12452830188679245,0.21820956256358087
hqf_boxes,llgd,179,9,125,125,3481,1.0,0.03590922148807814,0.06932889628397115
hqf_boxes,llgd,180,9,349,358,3472,0.9748603351955307,0.1005184331797235,0.18224543080939948
hqf_boxes,llgd,181,9,378,399,3384,0.9473684210526315,0.11170212765957446,0.1998413957176844
hqf_boxes,llgd,182,9,135,135,3397,1.0,0.03974094789520165,0.07644394110985278
hqf_boxes,llgd,183,9,65,74,3314,0.8783783783783784,0.019613759806879905,0.03837072018890201
hqf_boxes,llgd,184,9,380,392,3407,0.9693877551020408,0.11153507484590548,0.20005264543300869
hqf_boxes,llgd,185,9,733,781,3392,0.93854033290653,0.21609669811320756,0.35130601485741675
hqf_boxes,llgd,186,9,327,348,3417,0.9396551724137931,0.09569798068481124,0.17370517928286852
hqf_boxes,llgd,187,9,768,848,3404,0.9056603773584906,0.2256169212690952,0.36124176857949203
hqf_boxes,llgd,188,9,329,397,3453,0.8287153652392947,0.09527946713003185,0.1709090909090909
hqf_boxes,llgd,189,9,605,693,3405,0.873015873015873,0.1776798825256975,0.29526598340653976
hqf_boxes,llgd,190,9,725,790,3450,0.9177215189873418,0.21014492753623187,0.3419811320754717
hqf_boxes,llgd,191,9,856,1000,3313,0.856,0.2583760941744642,0.39693948527706935
hqf_boxes,llgd,192,9,1113,1277,3238,0.8715740015661707,0.34373069796170475,0.4930232558139535
hqf_boxes,llgd,193,9,805,952,3201,0.8455882352941176,0.25148391127772574,0.38767156272574044
hqf_boxes,llgd,194,9,561,687,3209,0.8165938864628821,0.1748208164537239,0.2879876796714579
hqf_boxes,llgd,195,9,773,780,3151,0.9910256410256411,0.24531894636623294,0.39328415161536506
hqf_boxes,llgd,196,9,358,358,3133,1.0,0.11426747526332588,0.20509882555141792
hqf_boxes,llgd,197,9,454,459,3183,0.9891067538126361,0.14263273641218976,0.24931356397583745
hqf_boxes,llgd,198,9,994,1174,3023,0.8466780238500852,0.328812437975521,0.4736716702406481
hqf_boxes,llgd,199,9,812,914,2992,0.888402625820569,0.2713903743315508,0.4157706093189964
hqf_boxes,llgd,200,9,444,474,2931,0.9367088607594937,0.15148413510747186,0.2607929515418502
hqf_boxes,llgd,201,9,745,784,2964,0.9502551020408163,0.25134952766531715,0.3975453575240128
hqf_boxes,llgd,202,9,586,594,3052,0.9865319865319865,0.19200524246395806,0.32144816236972024
hqf_boxes,llgd,203,9,280,301,2904,0.9302325581395349,0.09641873278236915,0.1747269890795632
hqf_boxes,llgd,204,9,646,695,2938,0.9294964028776979,0.2198774676650783,0.35562895678502615
hqf_boxes,llgd,205,9,524,539,2853,0.9721706864564007,0.1836663161584297,0.3089622641509434
hqf_boxes,llgd,206,9,68,68,2815,1.0,0.024156305506216696,0.047173083593479014
hqf_boxes,llgd,207,9,496,496,2961,1.0,0.16751097602161433,0.28695400636389934
hqf_boxes,llgd,208,9,863,880,2846,0.9806818181818182,0.303232607167955,0.4632313472893183
hqf_boxes,llgd,209,9,336,367,2693,0.9155313351498637,0.12476791682138878,0.2196078431372549
hqf_boxes,llgd,210,9,744,778,2731,0.9562982005141388,0.27242768216770413,0.42405243659162156
hqf_boxes,llgd,211,9,1027,1094,2738,0.9387568555758684,0.37509130752374,0.5360125260960334
hqf_boxes,llgd,212,9,209,209,2560,1.0,0.081640625,0.15095702419646082
hqf_boxes,llgd,213,9,1051,1247,2523,0.842822774659182,0.4165675782798256,0.5575596816976127
hqf_boxes,llgd,214,9,605,619,2524,0.9773828756058158,0.23969889064976227,0.3849825007954184
hqf_boxes,llgd,215,9,1035,1145,2465,0.9039301310043668,0.4198782961460446,0.5734072022160664
hqf_boxes,llgd,216,9,1042,1139,2385,0.9148375768217735,0.43689727463312367,0.5913734392735528
hqf_boxes,llgd,217,9,715,748,2298,0.9558823529411765,0.31114012184508266,0.4694681549573211
hqf_boxes,llgd,218,9,497,497,2366,1.0,0.21005917159763313,0.3471882640586797
hqf_boxes,llgd,219,9,870,966,2130,0.9006211180124224,0.4084507042253521,0.562015503875969
hqf_boxes,llgd,220,9,241,380,2060,0.6342105263157894,0.11699029126213592,0.19754098360655736
hqf_boxes,llgd,221,9,356,398,2022,0.8944723618090452,0.17606330365974282,0.29421487603305785
