Sequence,Variant,Index,Tolerance,Matched,Predicted,Reference,Precision,Recall,F1
urban,Full LLGD,131,3,521,1039,2945,0.5014436958614052,0.17691001697792869,0.2615461847389558
urban,Full LLGD,132,3,206,571,2989,0.3607705779334501,0.06891937102709936,0.11573033707865168
urban,Full LLGD,133,3,598,1011,3069,0.5914935707220573,0.19485174323884003,0.2931372549019608
urban,Full LLGD,134,3,502,905,3072,0.554696132596685,0.16341145833333334,0.25245159668091527
urban,Full LLGD,135,3,381,852,2985,0.4471830985915493,0.12763819095477386,0.19859265050820954
urban,Full LLGD,136,3,357,753,2993,0.47410358565737054,0.11927831607083195,0.19060331019754403
urban,Full LLGD,137,3,992,1637,3049,0.6059865607819181,0.32535257461462774,0.4233888177550149
urban,Full LLGD,138,3,840,1599,3085,0.525328330206379,0.27228525121555913,0.35866780529462
urban,Full LLGD,139,3,1148,1927,3024,0.5957446808510638,0.37962962962962965,0.4637446980407998
urban,Full LLGD,140,3,384,702,3040,0.5470085470085471,0.12631578947368421,0.20523784072688403
urban,Full LLGD,141,3,1208,1851,3076,0.6526202052944354,0.39271781534460337,0.4903592449766592
urban,Full LLGD,142,3,774,1237,3156,0.6257073565076798,0.24524714828897337,0.35237878442977466
urban,Full LLGD,143,3,861,1683,3003,0.5115864527629234,0.2867132867132867,0.3674775928297055
urban,Full LLGD,144,3,1419,2506,2977,0.5662410215482842,0.47665435001679546,0.5175998540944738
urban,Full LLGD,145,3,475,896,3014,0.5301339285714286,0.15759787657597876,0.24296675191815856
urban,Full LLGD,146,3,408,804,3014,0.5074626865671642,0.1353682813536828,0.21372446306967
urban,Full LLGD,147,3,306,598,3008,0.5117056856187291,0.10172872340425532,0.16971713810316139
urban,Full LLGD,148,3,557,863,3078,0.645422943221321,0.18096166341780376,0.2826693732555189
urban,Full LLGD,149,3,364,718,3094,0.5069637883008357,0.11764705882352941,0.19097586568730326
urban,Full LLGD,150,3,226,496,3061,0.45564516129032256,0.07383208101927474,0.12707337644082092
urban,Full LLGD,151,3,292,662,2974,0.44108761329305135,0.09818426361802286,0.16061606160616063
urban,Full LLGD,152,3,253,660,3071,0.38333333333333336,0.0823835884076848,0.13562047708389172
urban,Full LLGD,153,3,504,1099,3018,0.4585987261146497,0.16699801192842942,0.24483847461743988
urban,Full LLGD,154,3,200,352,3151,0.5681818181818182,0.06347191367819739,0.11418783899514702
urban,Full LLGD,155,3,736,1419,3098,0.5186751233262861,0.23757262750161395,0.325880008855435
urban,Full LLGD,156,3,109,313,3159,0.34824281150159747,0.03450459006014561,0.06278801843317973
urban,Full LLGD,157,3,635,1244,3126,0.5104501607717041,0.20313499680102368,0.2906178489702517
urban,Full LLGD,158,3,389,884,3176,0.44004524886877827,0.12248110831234257,0.1916256157635468
urban,Full LLGD,159,3,794,1442,3144,0.550624133148405,0.25254452926208654,0.34627126035761013
urban,Full LLGD,160,3,1057,1646,3219,0.6421628189550426,0.3283628456042249,0.43453237410071943
urban,Full LLGD,161,3,654,957,3153,0.6833855799373041,0.20742150333016174,0.3182481751824818
urban,Full LLGD,162,3,660,1386,2969,0.47619047619047616,0.2222970697204446,0.3030998851894374
urban,Full LLGD,163,3,555,1006,2959,0.55168986083499,0.18756336600202772,0.27994955863808324
urban,Full LLGD,164,3,510,870,2813,0.5862068965517241,0.18130110202630642,0.27694814010317675
urban,Full LLGD,165,3,638,1114,2981,0.5727109515260324,0.2140221402214022,0.3115995115995116
urban,Full LLGD,166,3,30,187,2781,0.16042780748663102,0.010787486515641856,0.02021563342318059
urban,Full LLGD,167,3,176,554,2916,0.3176895306859206,0.06035665294924554,0.10144092219020173
urban,Full LLGD,168,3,611,1251,2873,0.48840927258193445,0.21266968325791855,0.2963142580019399
urban,Full LLGD,169,3,358,659,2866,0.543247344461305,0.12491277041172366,0.20312056737588652
urban,Full LLGD,170,3,746,1451,2895,0.5141281874569262,0.257685664939551,0.34330418775885874
urban,Full LLGD,171,3,810,1390,2942,0.5827338129496403,0.27532290958531613,0.3739612188365651
urban,Full LLGD,172,3,523,1031,2902,0.507274490785645,0.18022053756030323,0.26595474192728197
urban,Full LLGD,173,3,197,506,2979,0.3893280632411067,0.06612957368244378,0.11305595408895265
urban,Full LLGD,174,3,874,1746,3058,0.5005727376861397,0.2858077174623937,0.3638634471273938
urban,Full LLGD,175,3,808,1835,3039,0.44032697547683924,0.2658769332017111,0.3315551908083709
urban,Full LLGD,176,3,119,463,3103,0.2570194384449244,0.03834998388656139,0.06674144699943915
urban,Full LLGD,177,3,308,915,3035,0.3366120218579235,0.1014827018121911,0.1559493670886076
urban,Full LLGD,178,3,318,610,3040,0.521311475409836,0.10460526315789474,0.17424657534246576
urban,Full LLGD,179,3,97,246,3041,0.3943089430894309,0.03189740217033871,0.05902038332826286
urban,Full LLGD,180,3,1461,2766,3125,0.5281995661605207,0.46752,0.4960108640298761
urban,Full LLGD,181,3,410,775,3086,0.5290322580645161,0.13285806869734285,0.21238021238021237
urban,Full LLGD,182,3,564,1265,3166,0.4458498023715415,0.1781427668982944,0.25457007447528773
urban,Full LLGD,183,3,625,1086,3131,0.5755064456721916,0.1996167358671351,0.29641925539483044
urban,Full LLGD,184,3,241,638,3067,0.3777429467084639,0.07857841538963156,0.1300944669365722
urban,Full LLGD,185,3,104,283,3083,0.3674911660777385,0.03373337658125203,0.061794414735591205
urban,Full LLGD,186,3,395,1031,3126,0.3831231813773036,0.12635956493921946,0.1900408948761126
urban,Full LLGD,187,3,149,236,2996,0.6313559322033898,0.04973297730307076,0.0922029702970297
urban,Full LLGD,188,3,484,936,3045,0.5170940170940171,0.15894909688013137,0.24315498618437578
urban,Full LLGD,189,3,490,1089,3105,0.44995408631772266,0.15780998389694043,0.23366714353838816
urban,Full LLGD,190,3,797,1362,3171,0.5851688693098385,0.2513402712078209,0.35164350319876464
urban,Full LLGD,191,3,720,1162,3105,0.6196213425129088,0.2318840579710145,0.3374736348722756
urban,Full LLGD,192,3,536,863,3210,0.6210892236384704,0.16697819314641746,0.26319666093788363
urban,Full LLGD,193,3,532,1202,3142,0.4425956738768719,0.16931890515595163,0.24493554327808473
urban,Full LLGD,194,3,532,1520,2979,0.35,0.17858341725411211,0.23649699933318516
urban,Full LLGD,195,3,9,169,2974,0.05325443786982249,0.003026227303295225,0.005727012408526885
urban,Full LLGD,196,3,59,381,3067,0.15485564304461943,0.019237039452233453,0.034222737819025524
urban,Full LLGD,197,3,423,856,3060,0.4941588785046729,0.13823529411764707,0.2160367722165475
urban,Full LLGD,198,3,310,760,3033,0.40789473684210525,0.1022090339597758,0.1634590034273662
urban,Full LLGD,199,3,1054,1908,3050,0.5524109014675053,0.34557377049180327,0.42517144009681324
urban,Full LLGD,200,3,461,1164,3119,0.3960481099656357,0.14780378326386662,0.21526967079150128
urban,Full LLGD,201,3,27,156,3247,0.17307692307692307,0.008315368032029567,0.015868351454598882
urban,Full LLGD,202,3,174,591,3227,0.29441624365482233,0.053920049581654785,0.09114719748559455
urban,Full LLGD,203,3,651,1243,3256,0.5237329042638778,0.19993857493857495,0.2893976439208713
urban,Full LLGD,204,3,9,85,3248,0.10588235294117647,0.002770935960591133,0.0054005400540054005
urban,Full LLGD,205,3,373,1031,3182,0.3617846750727449,0.11722187303582653,0.17707097080465226
urban,Full LLGD,206,3,155,353,3150,0.43909348441926344,0.049206349206349205,0.08849557522123894
urban,Full LLGD,207,3,98,261,3229,0.37547892720306514,0.03034995354598947,0.056160458452722065
urban,Full LLGD,208,3,80,161,3231,0.4968944099378882,0.024760136180748994,0.04716981132075472
urban,Full LLGD,209,3,222,769,3155,0.2886866059817945,0.07036450079239302,0.11314984709480122
urban,Full LLGD,210,3,49,306,3087,0.16013071895424835,0.015873015873015872,0.02888299440023578
urban,Full LLGD,211,3,527,1006,3341,0.5238568588469185,0.15773720442981143,0.24246606855302508
urban,Full LLGD,212,3,324,597,3424,0.542713567839196,0.09462616822429906,0.161153941805521
urban,Full LLGD,213,3,80,305,3378,0.26229508196721313,0.023682652457075192,0.04344284550638067
urban,Full LLGD,214,3,542,921,3407,0.5884907709011944,0.15908423833284416,0.25046210720887246
urban,Full LLGD,215,3,144,369,3366,0.3902439024390244,0.0427807486631016,0.07710843373493977
urban,Full LLGD,216,3,239,505,3360,0.47326732673267324,0.07113095238095238,0.12367399741267787
urban,Full LLGD,217,3,64,228,3277,0.2807017543859649,0.019530057979859627,0.03651925820256776
urban,Full LLGD,218,3,607,883,3304,0.6874292185730464,0.18371670702179177,0.289945068067829
urban,Full LLGD,219,3,59,132,3261,0.44696969696969696,0.018092609628948174,0.034777483053345125
urban,Full LLGD,220,3,31,108,3176,0.28703703703703703,0.009760705289672544,0.018879415347137638
urban,Full LLGD,221,3,418,751,3124,0.5565912117177098,0.13380281690140844,0.21574193548387097
urban,Full LLGD,222,3,46,344,3004,0.13372093023255813,0.015312916111850865,0.027479091995221028
urban,Full LLGD,223,3,327,792,3188,0.4128787878787879,0.10257214554579674,0.16432160804020102
urban,Full LLGD,224,3,67,217,3168,0.3087557603686636,0.0211489898989899,0.0395864106351551
urban,Full LLGD,225,3,26,165,3143,0.15757575757575756,0.008272351256761056,0.015719467956469165
urban,Full LLGD,226,3,28,109,3185,0.25688073394495414,0.008791208791208791,0.01700060716454159
urban,Full LLGD,227,3,154,480,3125,0.32083333333333336,0.04928,0.0854368932038835
urban,Full LLGD,228,3,62,197,3148,0.3147208121827411,0.019695044472681066,0.037070254110612856
urban,Full LLGD,229,3,269,458,3108,0.5873362445414847,0.08655083655083655,0.15086932136848008
urban,Full LLGD,230,3,74,218,3103,0.3394495412844037,0.023847889139542378,0.044564890093345376
urban,Full LLGD,231,3,470,981,3097,0.47910295616717635,0.1517597675169519,0.23050514958312898
urban,Full LLGD,232,3,215,513,3123,0.4191033138401559,0.06884406019852705,0.11826182618261827
urban,Full LLGD,233,3,947,1255,3126,0.754581673306773,0.3029430582213692,0.43232138781100204
urban,Full LLGD,234,3,309,578,3051,0.5346020761245674,0.10127826941986234,0.17029484706530726
urban,Full LLGD,235,3,217,469,2996,0.4626865671641791,0.07242990654205607,0.12525252525252525
urban,Full LLGD,236,3,290,624,3108,0.46474358974358976,0.0933075933075933,0.15541264737406216
urban,Full LLGD,237,3,484,688,3073,0.7034883720930233,0.15750081353726,0.25737835681999466
urban,Full LLGD,238,3,34,99,3123,0.3434343434343434,0.010886967659301952,0.02110490378646803
urban,Full LLGD,239,3,272,436,3161,0.6238532110091743,0.08604871875988611,0.15123714206283015
urban,Full LLGD,240,3,121,219,3149,0.5525114155251142,0.038424896792632585,0.07185273159144893
urban,Full LLGD,241,3,98,272,3117,0.3602941176470588,0.03144048764837985,0.05783416937149602
urban,Full LLGD,242,3,1366,1789,3146,0.7635550586920067,0.43420216147488877,0.553596757852077
urban,Full LLGD,243,3,1167,1444,3117,0.8081717451523546,0.37439846005774785,0.5117298837974128
urban,Full LLGD,244,3,550,867,3184,0.6343713956170703,0.1727386934673367,0.2715378918785485
urban,Full LLGD,245,3,550,780,3247,0.7051282051282052,0.16938712657838004,0.27315619567916566
urban,Full LLGD,246,3,53,114,3208,0.4649122807017544,0.016521197007481298,0.03190848886213125
urban,Full LLGD,247,3,87,132,3227,0.6590909090909091,0.026960024790827392,0.051801131289074126
urban,Full LLGD,248,3,3,24,3237,0.125,0.0009267840593141798,0.0018399264029438822
urban,Full LLGD,249,3,197,439,3196,0.44874715261959,0.061639549436796,0.10839064649243467
urban,Full LLGD,250,3,59,122,3178,0.48360655737704916,0.018565135305223412,0.03575757575757576
urban,Full LLGD,251,3,756,945,3179,0.8,0.2378106322743001,0.36663433559650827
urban,Full LLGD,252,3,1446,1756,3227,0.8234624145785877,0.4480942051440967,0.580373269114991
urban,Full LLGD,253,3,368,618,3220,0.5954692556634305,0.11428571428571428,0.19176654507556018
urban,Full LLGD,254,3,733,879,3160,0.8339021615472128,0.23196202531645568,0.36296112899232486
urban,Full LLGD,255,3,545,720,3013,0.7569444444444444,0.18088284102223698,0.29199035628181086
urban,Full LLGD,256,3,496,716,3050,0.6927374301675978,0.16262295081967212,0.2634094530005311
urban,Full LLGD,257,3,713,866,3163,0.8233256351039261,0.2254189061018021,0.35393397865475307
urban,Full LLGD,258,3,671,1016,3178,0.6604330708661418,0.21113908118313404,0.31998092513113974
urban,Full LLGD,259,3,305,526,3114,0.5798479087452472,0.09794476557482337,0.16758241758241757
urban,Full LLGD,260,3,114,156,3140,0.7307692307692307,0.03630573248407643,0.0691747572815534
urban,Full LLGD,131,6,590,1039,2945,0.5678537054860443,0.200339558573854,0.2961847389558233
urban,Full LLGD,132,6,217,571,2989,0.38003502626970226,0.07259953161592506,0.12191011235955056
urban,Full LLGD,133,6,737,1011,3069,0.7289812067260139,0.24014336917562723,0.36127450980392156
urban,Full LLGD,134,6,558,905,3072,0.6165745856353592,0.181640625,0.2806135277847624
urban,Full LLGD,135,6,424,852,2985,0.49765258215962443,0.14204355108877723,0.22100599426635392
urban,Full LLGD,136,6,429,753,2993,0.5697211155378487,0.14333444704310055,0.22904431393486385
urban,Full LLGD,137,6,1205,1637,3049,0.7361026267562615,0.3952115447687766,0.5142979086641059
urban,Full LLGD,138,6,1014,1599,3085,0.6341463414634146,0.3286871961102107,0.43296327924850553
urban,Full LLGD,139,6,1371,1927,3024,0.7114686040477426,0.45337301587301587,0.5538275095940214
urban,Full LLGD,140,6,456,702,3040,0.6495726495726496,0.15,0.24371993586317478
urban,Full LLGD,141,6,1409,1851,3076,0.7612101566720691,0.4580624187256177,0.5719504769636696
urban,Full LLGD,142,6,913,1237,3156,0.7380759902991108,0.28929024081115334,0.41566127930798996
urban,Full LLGD,143,6,1025,1683,3003,0.6090314913844326,0.3413253413253413,0.43747332479726847
urban,Full LLGD,144,6,1726,2506,2977,0.6887470071827614,0.5797783003023178,0.6295823454313332
urban,Full LLGD,145,6,615,896,3014,0.6863839285714286,0.20404777704047777,0.3145780051150895
urban,Full LLGD,146,6,488,804,3014,0.6069651741293532,0.1619110816191108,0.25563122053431114
urban,Full LLGD,147,6,363,598,3008,0.6070234113712375,0.12067819148936171,0.20133111480865223
urban,Full LLGD,148,6,614,863,3078,0.7114716106604867,0.19948018193632228,0.3115960416138036
urban,Full LLGD,149,6,428,718,3094,0.596100278551532,0.1383322559793148,0.22455403987408185
urban,Full LLGD,150,6,252,496,3061,0.5080645161290323,0.08232603724273113,0.14169243744728705
urban,Full LLGD,151,6,348,662,2974,0.525679758308157,0.11701412239408204,0.19141914191419143
urban,Full LLGD,152,6,316,660,3071,0.47878787878787876,0.10289807880169326,0.16939158402573037
urban,Full LLGD,153,6,607,1099,3018,0.5523202911737943,0.20112657388999336,0.29487490891425794
urban,Full LLGD,154,6,220,352,3151,0.625,0.06981910504601714,0.1256066228946617
urban,Full LLGD,155,6,884,1419,3098,0.6229739252995067,0.2853453841187863,0.39141022802745185
urban,Full LLGD,156,6,128,313,3159,0.40894568690095845,0.04051915163026274,0.07373271889400922
urban,Full LLGD,157,6,764,1244,3126,0.6141479099678456,0.24440179142674345,0.3496567505720824
urban,Full LLGD,158,6,505,884,3176,0.5712669683257918,0.15900503778337532,0.24876847290640394
urban,Full LLGD,159,6,989,1442,3144,0.6858529819694869,0.3145674300254453,0.4313126907980811
urban,Full LLGD,160,6,1230,1646,3219,0.74726609963548,0.3821062441752097,0.5056526207605344
urban,Full LLGD,161,6,726,957,3153,0.7586206896551724,0.2302568981921979,0.3532846715328467
urban,Full LLGD,162,6,816,1386,2969,0.5887445887445888,0.27484001347254966,0.37474167623421356
urban,Full LLGD,163,6,622,1006,2959,0.6182902584493042,0.21020615072659682,0.3137452711223203
urban,Full LLGD,164,6,591,870,2813,0.6793103448275862,0.21009598293636686,0.3209340211783872
urban,Full LLGD,165,6,728,1114,2981,0.6535008976660682,0.24421335122442134,0.35555555555555557
urban,Full LLGD,166,6,39,187,2781,0.20855614973262032,0.014023732470334413,0.02628032345013477
urban,Full LLGD,167,6,184,554,2916,0.33212996389891697,0.06310013717421124,0.10605187319884726
urban,Full LLGD,168,6,716,1251,2873,0.5723421262989609,0.24921684650191436,0.3472356935014549
urban,Full LLGD,169,6,388,659,2866,0.5887708649468892,0.13538032100488487,0.2201418439716312
urban,Full LLGD,170,6,870,1451,2895,0.5995864920744314,0.3005181347150259,0.40036815462494246
urban,Full LLGD,171,6,952,1390,2942,0.6848920863309352,0.3235893949694086,0.43951985226223456
urban,Full LLGD,172,6,596,1031,2902,0.5780795344325897,0.20537560303239144,0.30307653190948386
urban,Full LLGD,173,6,245,506,2979,0.4841897233201581,0.08224236320913059,0.1406025824964132
urban,Full LLGD,174,6,1027,1746,3058,0.5882016036655212,0.3358404185742315,0.4275603663613655
urban,Full LLGD,175,6,998,1835,3039,0.5438692098092643,0.328397499177361,0.4095199015182602
urban,Full LLGD,176,6,124,463,3103,0.2678185745140389,0.039961327747341284,0.06954570947840717
urban,Full LLGD,177,6,364,915,3035,0.3978142076502732,0.11993410214168039,0.18430379746835443
urban,Full LLGD,178,6,358,610,3040,0.5868852459016394,0.11776315789473685,0.19616438356164384
urban,Full LLGD,179,6,111,246,3041,0.45121951219512196,0.036501150937191716,0.06753878916945542
urban,Full LLGD,180,6,1698,2766,3125,0.613882863340564,0.54336,0.5764725852996095
urban,Full LLGD,181,6,450,775,3086,0.5806451612903226,0.1458198314970836,0.2331002331002331
urban,Full LLGD,182,6,767,1265,3166,0.6063241106719368,0.24226152874289325,0.34619724667118035
urban,Full LLGD,183,6,765,1086,3131,0.7044198895027625,0.24433088470137337,0.36281716860327246
urban,Full LLGD,184,6,324,638,3067,0.5078369905956113,0.10564069122921421,0.1748987854251012
urban,Full LLGD,185,6,109,283,3083,0.38515901060070673,0.035355173532273756,0.0647653000594177
urban,Full LLGD,186,6,526,1031,3126,0.510184287099903,0.16826615483045426,0.2530671157084436
urban,Full LLGD,187,6,178,236,2996,0.7542372881355932,0.05941255006675567,0.11014851485148515
urban,Full LLGD,188,6,643,936,3045,0.686965811965812,0.21116584564860427,0.3230344134639538
urban,Full LLGD,189,6,588,1089,3105,0.5399449035812672,0.18937198067632852,0.2804005722460658
urban,Full LLGD,190,6,902,1362,3171,0.6622613803230544,0.28445285398927783,0.3979704390028679
urban,Full LLGD,191,6,805,1162,3105,0.6927710843373494,0.25925925925925924,0.37731427232247483
urban,Full LLGD,192,6,626,863,3210,0.7253765932792584,0.19501557632398753,0.3073901301252148
urban,Full LLGD,193,6,710,1202,3142,0.5906821963394343,0.2259707192870783,0.3268876611418048
urban,Full LLGD,194,6,721,1520,2979,0.4743421052631579,0.24202752601544142,0.32051567014892196
urban,Full LLGD,195,6,13,169,2974,0.07692307692307693,0.004371217215870881,0.008272351256761056
urban,Full LLGD,196,6,122,381,3067,0.32020997375328086,0.03977828496902511,0.07076566125290024
urban,Full LLGD,197,6,507,856,3060,0.5922897196261683,0.16568627450980392,0.25893769152196117
urban,Full LLGD,198,6,383,760,3033,0.5039473684210526,0.12627761292449718,0.2019509622989718
urban,Full LLGD,199,6,1218,1908,3050,0.6383647798742138,0.39934426229508196,0.491327148043566
urban,Full LLGD,200,6,627,1164,3119,0.538659793814433,0.2010259698621353,0.29278543077282276
urban,Full LLGD,201,6,47,156,3247,0.30128205128205127,0.014474899907607022,0.02762268586541287
urban,Full LLGD,202,6,244,591,3227,0.4128595600676819,0.07561202355128602,0.12781561026715557
urban,Full LLGD,203,6,703,1243,3256,0.5655671761866452,0.2159090909090909,0.31251389197599466
urban,Full LLGD,204,6,18,85,3248,0.21176470588235294,0.005541871921182266,0.010801080108010801
urban,Full LLGD,205,6,527,1031,3182,0.5111542192046556,0.1656191074795726,0.25017802041300735
urban,Full LLGD,206,6,184,353,3150,0.5212464589235127,0.058412698412698416,0.10505281187553525
urban,Full LLGD,207,6,127,261,3229,0.48659003831417624,0.03933106224837411,0.07277936962750717
urban,Full LLGD,208,6,87,161,3231,0.5403726708074534,0.02692664809656453,0.05129716981132076
urban,Full LLGD,209,6,297,769,3155,0.3862158647594278,0.09413629160063391,0.15137614678899083
urban,Full LLGD,210,6,77,306,3087,0.25163398692810457,0.024943310657596373,0.04538756262894194
urban,Full LLGD,211,6,657,1006,3341,0.6530815109343936,0.1966477102663873,0.3022774327122153
urban,Full LLGD,212,6,399,597,3424,0.6683417085427136,0.1165303738317757,0.19845809500124348
urban,Full LLGD,213,6,162,305,3378,0.5311475409836065,0.047957371225577264,0.08797176215042085
urban,Full LLGD,214,6,620,921,3407,0.6731813246471227,0.18197828001174055,0.28650646950092423
urban,Full LLGD,215,6,205,369,3366,0.5555555555555556,0.060903149138443254,0.10977242302543508
urban,Full LLGD,216,6,312,505,3360,0.6178217821782178,0.09285714285714286,0.1614489003880983
urban,Full LLGD,217,6,123,228,3277,0.5394736842105263,0.03753433018004272,0.07018544935805991
urban,Full LLGD,218,6,707,883,3304,0.8006795016987542,0.21398305084745764,0.3377119656078338
urban,Full LLGD,219,6,69,132,3261,0.5227272727272727,0.021159153633854646,0.040671971706454466
urban,Full LLGD,220,6,36,108,3176,0.3333333333333333,0.011335012594458438,0.02192448233861145
urban,Full LLGD,221,6,502,751,3124,0.6684420772303595,0.16069142125480154,0.2590967741935484
urban,Full LLGD,222,6,129,344,3004,0.375,0.042942743009320904,0.07706093189964158
urban,Full LLGD,223,6,435,792,3188,0.5492424242424242,0.1364491844416562,0.2185929648241206
urban,Full LLGD,224,6,97,217,3168,0.4470046082949309,0.030618686868686868,0.05731166912850812
urban,Full LLGD,225,6,37,165,3143,0.22424242424242424,0.011772192173083042,0.022370012091898428
urban,Full LLGD,226,6,47,109,3185,0.43119266055045874,0.014756671899529042,0.02853673345476624
urban,Full LLGD,227,6,231,480,3125,0.48125,0.07392,0.12815533980582525
urban,Full LLGD,228,6,71,197,3148,0.3604060913705584,0.02255400254129606,0.04245142002989537
urban,Full LLGD,229,6,303,458,3108,0.6615720524017468,0.09749034749034749,0.16993830622546272
urban,Full LLGD,230,6,86,218,3103,0.3944954128440367,0.027715114405414115,0.051791629027401385
urban,Full LLGD,231,6,571,981,3097,0.582059123343527,0.1843719728769777,0.280039234919078
urban,Full LLGD,232,6,290,513,3123,0.5653021442495126,0.09285943003522254,0.15951595159515952
urban,Full LLGD,233,6,1060,1255,3126,0.8446215139442231,0.3390914907229686,0.4839077836110477
urban,Full LLGD,234,6,374,578,3051,0.6470588235294118,0.12258275975090134,0.20611738771011298
urban,Full LLGD,235,6,284,469,2996,0.605543710021322,0.09479305740987984,0.16392496392496392
urban,Full LLGD,236,6,372,624,3108,0.5961538461538461,0.11969111969111969,0.19935691318327975
urban,Full LLGD,237,6,546,688,3073,0.7936046511627907,0.1776765375854214,0.2903483116192502
urban,Full LLGD,238,6,47,99,3123,0.47474747474747475,0.01504963176432917,0.029174425822470516
urban,Full LLGD,239,6,325,436,3161,0.7454128440366973,0.10281556469471687,0.1807061440088963
urban,Full LLGD,240,6,143,219,3149,0.6529680365296804,0.04541124166402032,0.08491686460807601
urban,Full LLGD,241,6,126,272,3117,0.4632352941176471,0.04042348411934552,0.07435821776335202
urban,Full LLGD,242,6,1604,1789,3146,0.8965902738960313,0.5098537825810553,0.6500506585612968
urban,Full LLGD,243,6,1288,1444,3117,0.8919667590027701,0.41321783766442094,0.5647884235913176
urban,Full LLGD,244,6,685,867,3184,0.790080738177624,0.21513819095477388,0.3381881017032831
urban,Full LLGD,245,6,634,780,3247,0.8128205128205128,0.19525716045580535,0.31487459647380184
urban,Full LLGD,246,6,70,114,3208,0.6140350877192983,0.021820448877805487,0.04214328717639976
urban,Full LLGD,247,6,98,132,3227,0.7424242424242424,0.03036876355748373,0.058350699612980055
urban,Full LLGD,248,6,6,24,3237,0.25,0.0018535681186283596,0.0036798528058877645
urban,Full LLGD,249,6,255,439,3196,0.5808656036446469,0.0797872340425532,0.14030261348005502
urban,Full LLGD,250,6,73,122,3178,0.5983606557377049,0.022970421648835747,0.04424242424242424
urban,Full LLGD,251,6,848,945,3179,0.8973544973544973,0.26675055048757473,0.41125121241513096
urban,Full LLGD,252,6,1588,1756,3227,0.9043280182232346,0.49209792376820577,0.6373670479630744
urban,Full LLGD,253,6,462,618,3220,0.7475728155339806,0.14347826086956522,0.24075039082855654
urban,Full LLGD,254,6,792,879,3160,0.9010238907849829,0.25063291139240507,0.39217628125773707
urban,Full LLGD,255,6,616,720,3013,0.8555555555555555,0.20444739462329903,0.330029466916689
urban,Full LLGD,256,6,577,716,3050,0.8058659217877095,0.18918032786885247,0.3064259160913436
urban,Full LLGD,257,6,782,866,3163,0.9030023094688222,0.24723363895036357,0.3881856540084388
urban,Full LLGD,258,6,777,1016,3178,0.764763779527559,0.2444933920704846,0.37052932761087265
urban,Full LLGD,259,6,360,526,3114,0.6844106463878327,0.11560693641618497,0.1978021978021978
urban,Full LLGD,260,6,117,156,3140,0.75,0.037261146496815285,0.07099514563106796
urban,Full LLGD,131,9,698,1039,2945,0.6717998075072185,0.2370118845500849,0.35040160642570284
urban,Full LLGD,132,9,258,571,2989,0.45183887915936954,0.08631649381063901,0.1449438202247191
urban,Full LLGD,133,9,813,1011,3069,0.8041543026706232,0.2649071358748778,0.3985294117647059
urban,Full LLGD,134,9,634,905,3072,0.7005524861878453,0.20638020833333334,0.3188332914256978
urban,Full LLGD,135,9,534,852,2985,0.6267605633802817,0.17889447236180905,0.27834245504300237
urban,Full LLGD,136,9,530,753,2993,0.703851261620186,0.17707985299031073,0.2829684997330486
urban,Full LLGD,137,9,1368,1637,3049,0.8356750152718387,0.4486716956379141,0.5838668373879642
urban,Full LLGD,138,9,1196,1599,3085,0.7479674796747967,0.38768233387358186,0.5106746370623398
urban,Full LLGD,139,9,1516,1927,3024,0.7867151011935651,0.5013227513227513,0.6124015350434255
urban,Full LLGD,140,9,497,702,3040,0.707977207977208,0.16348684210526315,0.2656333511491181
urban,Full LLGD,141,9,1549,1851,3076,0.8368449486763911,0.5035760728218466,0.6287801907854679
urban,Full LLGD,142,9,978,1237,3156,0.7906224737267583,0.30988593155893535,0.44525381288413385
urban,Full LLGD,143,9,1159,1683,3003,0.6886512180629828,0.3859473859473859,0.4946649594536918
urban,Full LLGD,144,9,1938,2506,2977,0.7733439744612929,0.650990930466913,0.7069122743023892
urban,Full LLGD,145,9,691,896,3014,0.7712053571428571,0.22926343729263438,0.35345268542199487
urban,Full LLGD,146,9,550,804,3014,0.6840796019900498,0.18248175182481752,0.2881089575694081
urban,Full LLGD,147,9,399,598,3008,0.6672240802675585,0.13264627659574468,0.22129783693843594
urban,Full LLGD,148,9,645,863,3078,0.7473928157589803,0.20955165692007796,0.3273280893174321
urban,Full LLGD,149,9,466,718,3094,0.649025069637883,0.15061409179056237,0.24449108079748164
urban,Full LLGD,150,9,277,496,3061,0.5584677419354839,0.09049330284220843,0.15574922687658138
urban,Full LLGD,151,9,375,662,2974,0.5664652567975831,0.12609280430396771,0.20627062706270627
urban,Full LLGD,152,9,366,660,3071,0.5545454545454546,0.11917942038423966,0.19619404985258643
urban,Full LLGD,153,9,669,1099,3018,0.6087352138307552,0.2216699801192843,0.324993927617197
urban,Full LLGD,154,9,237,352,3151,0.6732954545454546,0.07521421770866392,0.1353125892092492
urban,Full LLGD,155,9,995,1419,3098,0.7011980267794221,0.3211749515816656,0.4405578924064645
urban,Full LLGD,156,9,145,313,3159,0.46325878594249204,0.045900601456157014,0.08352534562211981
urban,Full LLGD,157,9,857,1244,3126,0.6889067524115756,0.2741522712731926,0.3922196796338673
urban,Full LLGD,158,9,555,884,3176,0.6278280542986425,0.17474811083123426,0.2733990147783251
urban,Full LLGD,159,9,1089,1442,3144,0.7552011095700416,0.3463740458015267,0.4749236807675534
urban,Full LLGD,160,9,1331,1646,3219,0.8086269744835966,0.4134824479652066,0.5471736896197328
urban,Full LLGD,161,9,763,957,3153,0.7972831765935214,0.2419917538851887,0.37128953771289536
urban,Full LLGD,162,9,942,1386,2969,0.6796536796536796,0.31727854496463453,0.4326061997703789
urban,Full LLGD,163,9,673,1006,2959,0.668986083499006,0.2274417032781345,0.3394703656998739
urban,Full LLGD,164,9,627,870,2813,0.7206896551724138,0.2228937077852826,0.3404833016562585
urban,Full LLGD,165,9,777,1114,2981,0.6974865350089766,0.2606507883260651,0.37948717948717947
urban,Full LLGD,166,9,39,187,2781,0.20855614973262032,0.014023732470334413,0.02628032345013477
urban,Full LLGD,167,9,196,554,2916,0.35379061371841153,0.06721536351165981,0.11296829971181556
urban,Full LLGD,168,9,812,1251,2873,0.6490807354116707,0.2826313957535677,0.3937924345295829
urban,Full LLGD,169,9,421,659,2866,0.6388467374810318,0.14689462665736217,0.23886524822695035
urban,Full LLGD,170,9,955,1451,2895,0.6581667815299793,0.3298791018998273,0.4394845835250805
urban,Full LLGD,171,9,1019,1390,2942,0.7330935251798562,0.34636301835486066,0.47045244690674054
urban,Full LLGD,172,9,631,1031,2902,0.612027158098933,0.21743625086147483,0.3208746503941012
urban,Full LLGD,173,9,267,506,2979,0.5276679841897233,0.08962739174219536,0.15322812051649928
urban,Full LLGD,174,9,1157,1746,3058,0.6626575028636884,0.3783518639633748,0.4816819317235637
urban,Full LLGD,175,9,1134,1835,3039,0.6179836512261581,0.37314906219151034,0.4653262207632335
urban,Full LLGD,176,9,160,463,3103,0.34557235421166305,0.05156300354495649,0.08973639932697701
urban,Full LLGD,177,9,497,915,3035,0.5431693989071038,0.16375617792421746,0.25164556962025314
urban,Full LLGD,178,9,387,610,3040,0.6344262295081967,0.12730263157894736,0.21205479452054796
urban,Full LLGD,179,9,115,246,3041,0.46747967479674796,0.037816507727721146,0.06997261940979617
urban,Full LLGD,180,9,1938,2766,3125,0.7006507592190889,0.62016,0.6579528093702258
urban,Full LLGD,181,9,484,775,3086,0.6245161290322581,0.15683732987686325,0.25071225071225073
urban,Full LLGD,182,9,879,1265,3166,0.6948616600790514,0.27763739734680987,0.3967501692620176
urban,Full LLGD,183,9,872,1086,3131,0.8029465930018416,0.2785052698818269,0.41356414512686746
urban,Full LLGD,184,9,406,638,3067,0.6363636363636364,0.13237691555265732,0.21916329284750338
urban,Full LLGD,185,9,118,283,3083,0.4169611307420495,0.038274408044112876,0.07011289364230541
urban,Full LLGD,186,9,591,1031,3126,0.5732298739088264,0.1890595009596929,0.2843396680298292
urban,Full LLGD,187,9,186,236,2996,0.788135593220339,0.062082777036048066,0.1150990099009901
urban,Full LLGD,188,9,742,936,3045,0.7927350427350427,0.24367816091954023,0.37277066063803066
urban,Full LLGD,189,9,666,1089,3105,0.6115702479338843,0.2144927536231884,0.31759656652360513
urban,Full LLGD,190,9,1010,1362,3171,0.7415565345080763,0.3185115105644907,0.4456210015442312
urban,Full LLGD,191,9,905,1162,3105,0.7788296041308089,0.2914653784219002,0.42418561049917974
urban,Full LLGD,192,9,678,863,3210,0.7856315179606026,0.21121495327102804,0.33292413454456177
urban,Full LLGD,193,9,825,1202,3142,0.6863560732113144,0.2625716104392107,0.3798342541436464
urban,Full LLGD,194,9,863,1520,2979,0.5677631578947369,0.28969452836522325,0.3836408090686819
urban,Full LLGD,195,9,18,169,2974,0.10650887573964497,0.00605245460659045,0.01145402481705377
urban,Full LLGD,196,9,159,381,3067,0.41732283464566927,0.05184219106618846,0.09222737819025523
urban,Full LLGD,197,9,554,856,3060,0.647196261682243,0.18104575163398692,0.28294177732379977
urban,Full LLGD,198,9,418,760,3033,0.55,0.13781734256511705,0.22040601107302926
urban,Full LLGD,199,9,1350,1908,3050,0.7075471698113207,0.4426229508196721,0.5445744251714401
urban,Full LLGD,200,9,738,1164,3119,0.634020618556701,0.23661429945495352,0.34461825823021247
urban,Full LLGD,201,9,59,156,3247,0.3782051282051282,0.018170619032953497,0.034675286511901264
urban,Full LLGD,202,9,331,591,3227,0.560067681895093,0.10257204834211342,0.17338920900995286
urban,Full LLGD,203,9,801,1243,3256,0.6444086886564763,0.246007371007371,0.3560791286952656
urban,Full LLGD,204,9,38,85,3248,0.4470588235294118,0.011699507389162561,0.022802280228022803
urban,Full LLGD,205,9,653,1031,3182,0.6333656644034917,0.20521684475172847,0.30999287918347973
urban,Full LLGD,206,9,251,353,3150,0.7110481586402266,0.07968253968253969,0.1433057379389095
urban,Full LLGD,207,9,185,261,3229,0.7088122605363985,0.05729327965314339,0.10601719197707736
urban,Full LLGD,208,9,103,161,3231,0.639751552795031,0.03187867533271433,0.0607311320754717
urban,Full LLGD,209,9,354,769,3155,0.46033810143042914,0.11220285261489699,0.18042813455657492
urban,Full LLGD,210,9,146,306,3087,0.477124183006536,0.04729510851959832,0.0860595343353964
urban,Full LLGD,211,9,713,1006,3341,0.7087475149105368,0.21340915893445075,0.328042328042328
urban,Full LLGD,212,9,438,597,3424,0.7336683417085427,0.12792056074766356,0.21785625466301914
urban,Full LLGD,213,9,230,305,3378,0.7540983606557377,0.06808762581409118,0.12489818083084442
urban,Full LLGD,214,9,698,921,3407,0.757871878393051,0.20487232169063693,0.32255083179297594
urban,Full LLGD,215,9,264,369,3366,0.7154471544715447,0.0784313725490196,0.14136546184738955
urban,Full LLGD,216,9,389,505,3360,0.7702970297029703,0.11577380952380953,0.20129366106080207
urban,Full LLGD,217,9,155,228,3277,0.6798245614035088,0.047299359169972535,0.0884450784593438
urban,Full LLGD,218,9,768,883,3304,0.869762174405436,0.2324455205811138,0.3668497731072367
urban,Full LLGD,219,9,88,132,3261,0.6666666666666666,0.02698558724317694,0.051871500147362214
urban,Full LLGD,220,9,53,108,3176,0.49074074074074076,0.016687657430730477,0.03227771010962241
urban,Full LLGD,221,9,560,751,3124,0.7456724367509987,0.1792573623559539,0.28903225806451616
urban,Full LLGD,222,9,161,344,3004,0.4680232558139535,0.05359520639147803,0.0961768219832736
urban,Full LLGD,223,9,536,792,3188,0.6767676767676768,0.16813048933500627,0.2693467336683417
urban,Full LLGD,224,9,115,217,3168,0.5299539170506913,0.03630050505050505,0.06794682422451995
urban,Full LLGD,225,9,79,165,3143,0.47878787878787876,0.02513522112631244,0.047762998790810154
urban,Full LLGD,226,9,56,109,3185,0.5137614678899083,0.017582417582417582,0.03400121432908318
urban,Full LLGD,227,9,290,480,3125,0.6041666666666666,0.0928,0.1608876560332871
urban,Full LLGD,228,9,91,197,3148,0.4619289340101523,0.028907242693773826,0.05440956651718983
urban,Full LLGD,229,9,351,458,3108,0.7663755458515283,0.11293436293436293,0.1968592260235558
urban,Full LLGD,230,9,118,218,3103,0.5412844036697247,0.03802771511440541,0.07106293285155074
urban,Full LLGD,231,9,640,981,3097,0.6523955147808359,0.20665159832095575,0.3138793526238352
urban,Full LLGD,232,9,365,513,3123,0.7115009746588694,0.11687479987191803,0.20077007700770078
urban,Full LLGD,233,9,1121,1255,3126,0.8932270916334661,0.35860524632117724,0.5117553070075326
urban,Full LLGD,234,9,423,578,3051,0.7318339100346021,0.13864306784660768,0.2331220721961973
urban,Full LLGD,235,9,341,469,2996,0.7270788912579957,0.11381842456608812,0.19682539682539682
urban,Full LLGD,236,9,431,624,3108,0.6907051282051282,0.13867438867438867,0.23097534833869238
urban,Full LLGD,237,9,586,688,3073,0.8517441860465116,0.19069313374552554,0.31161925019941505
urban,Full LLGD,238,9,52,99,3123,0.5252525252525253,0.01665065642010887,0.03227808814400993
urban,Full LLGD,239,9,359,436,3161,0.823394495412844,0.11357165453970262,0.19961078676675006
urban,Full LLGD,240,9,170,219,3149,0.776255707762557,0.05398539218799619,0.10095011876484561
urban,Full LLGD,241,9,169,272,3117,0.6213235294117647,0.05421880012832852,0.09973443493655945
urban,Full LLGD,242,9,1680,1789,3146,0.9390721073225266,0.5340114431023522,0.6808510638297872
urban,Full LLGD,243,9,1370,1444,3117,0.9487534626038782,0.439525184472249,0.6007454505590879
urban,Full LLGD,244,9,749,867,3184,0.8638985005767013,0.2352386934673367,0.36978523821278697
urban,Full LLGD,245,9,701,780,3247,0.8987179487179487,0.21589159223898985,0.3481499875838093
urban,Full LLGD,246,9,89,114,3208,0.7807017543859649,0.027743142144638404,0.05358217940999398
urban,Full LLGD,247,9,104,132,3227,0.7878787878787878,0.03222807561202355,0.061923191426019646
urban,Full LLGD,248,9,8,24,3237,0.3333333333333333,0.002471424158171146,0.004906470407850353
urban,Full LLGD,249,9,298,439,3196,0.6788154897494305,0.09324155193992491,0.1639614855570839
urban,Full LLGD,250,9,90,122,3178,0.7377049180327869,0.028319697923222153,0.05454545454545454
urban,Full LLGD,251,9,898,945,3179,0.9502645502645503,0.28247876690783263,0.4354995150339476
urban,Full LLGD,252,9,1618,1756,3227,0.9214123006833713,0.5013944840409049,0.6494079871563315
urban,Full LLGD,253,9,516,618,3220,0.8349514563106796,0.16024844720496895,0.2688900468994268
urban,Full LLGD,254,9,811,879,3160,0.9226393629124005,0.25664556962025314,0.4015845506313444
urban,Full LLGD,255,9,659,720,3013,0.9152777777777777,0.21871888483239296,0.35306723814626306
urban,Full LLGD,256,9,621,716,3050,0.86731843575419,0.2036065573770492,0.32979288369622944
urban,Full LLGD,257,9,799,866,3163,0.9226327944572749,0.2526082832753715,0.39662447257383965
urban,Full LLGD,258,9,848,1016,3178,0.8346456692913385,0.2668344870988043,0.40438721983786363
urban,Full LLGD,259,9,400,526,3114,0.7604562737642585,0.12845215157353887,0.21978021978021978
urban,Full LLGD,260,9,129,156,3140,0.8269230769230769,0.0410828025477707,0.07827669902912622
urban,w/o local verification,131,3,596,1228,2945,0.48534201954397393,0.20237691001697794,0.28564581835609876
urban,w/o local verification,132,3,1570,3229,2989,0.4862186435428925,0.5252592840414855,0.50498552589257
urban,w/o local verification,133,3,620,1141,3069,0.5433829973707275,0.20202020202020202,0.29453681710213775
urban,w/o local verification,134,3,576,1197,3072,0.48120300751879697,0.1875,0.26985242445537594
urban,w/o local verification,135,3,1618,3485,2985,0.4642754662840746,0.5420435510887772,0.5001545595054095
urban,w/o local verification,136,3,577,1004,2993,0.5747011952191236,0.1927831607083194,0.2887165374030523
urban,w/o local verification,137,3,1259,2652,3049,0.47473604826546,0.41292226959658906,0.441676898789686
urban,w/o local verification,138,3,1157,2064,3085,0.560562015503876,0.37504051863857374,0.44940765197125654
urban,w/o local verification,139,3,2043,3400,3024,0.6008823529411764,0.6755952380952381,0.636052303860523
urban,w/o local verification,140,3,649,1053,3040,0.6163342830009497,0.21348684210526317,0.31712680185682873
urban,w/o local verification,141,3,1739,2472,3076,0.7034789644012945,0.5653446033810143,0.6268925739005047
urban,w/o local verification,142,3,1108,1725,3156,0.6423188405797101,0.35107731305449935,0.4540053267772997
urban,w/o local verification,143,3,1487,2445,3003,0.6081799591002045,0.49517149517149517,0.5458883994126285
urban,w/o local verification,144,3,1688,2932,2977,0.5757162346521146,0.5670137722539469,0.5713318666441022
urban,w/o local verification,145,3,321,881,3014,0.36435868331441545,0.10650298606502986,0.16482670089858795
urban,w/o local verification,146,3,1305,2401,3014,0.5435235318617243,0.4329794293297943,0.481994459833795
urban,w/o local verification,147,3,1250,2147,3008,0.5822077317186772,0.41555851063829785,0.48496605237633367
urban,w/o local verification,148,3,858,1466,3078,0.5852660300136425,0.2787524366471735,0.37764084507042256
urban,w/o local verification,149,3,469,938,3094,0.5,0.1515837104072398,0.2326388888888889
urban,w/o local verification,150,3,383,731,3061,0.5239398084815321,0.12512250898399216,0.2020042194092827
urban,w/o local verification,151,3,317,800,2974,0.39625,0.10659045057162071,0.1679915209326974
urban,w/o local verification,152,3,312,773,3071,0.4036222509702458,0.10159557147508955,0.16233090530697192
urban,w/o local verification,153,3,671,1403,3018,0.4782608695652174,0.22233267064280982,0.30355123275277085
urban,w/o local verification,154,3,1086,1959,3151,0.554364471669219,0.3446524912726119,0.42504892367906066
urban,w/o local verification,155,3,1135,2114,3098,0.5368968779564806,0.36636539703034215,0.4355333844973139
urban,w/o local verification,156,3,859,1470,3159,0.5843537414965987,0.27192149414371636,0.3711384748325772
urban,w/o local verification,157,3,766,1335,3126,0.5737827715355805,0.24504158669225848,0.34342075767765073
urban,w/o local verification,158,3,1867,3409,3176,0.547667937811675,0.5878463476070529,0.567046317388003
urban,w/o local verification,159,3,1009,2038,3144,0.49509322865554467,0.32092875318066155,0.38942493245851023
urban,w/o local verification,160,3,1659,2798,3219,0.5929235167977126,0.5153774464119292,0.5514375934851254
urban,w/o local verification,161,3,734,1168,3153,0.6284246575342466,0.2327941642879797,0.3397361721823652
urban,w/o local verification,162,3,980,2021,2969,0.48490846115784264,0.33007746716066017,0.3927855711422846
urban,w/o local verification,163,3,756,1480,2959,0.5108108108108108,0.25549172017573507,0.34061725613877
urban,w/o local verification,164,3,1194,1991,2813,0.5996986438975389,0.42445787415570563,0.4970857618651124
urban,w/o local verification,165,3,782,1486,2981,0.5262449528936743,0.2623280778262328,0.35012312513991495
urban,w/o local verification,166,3,1559,3249,2781,0.4798399507540782,0.5605897159295218,0.5170812603648425
urban,w/o local verification,167,3,315,840,2916,0.375,0.10802469135802469,0.16773162939297126
urban,w/o local verification,168,3,1316,2141,2873,0.6146660439047175,0.45805777932474767,0.5249301954527323
urban,w/o local verification,169,3,443,875,2866,0.5062857142857143,0.1545708304256804,0.23683507083667468
urban,w/o local verification,170,3,824,1814,2895,0.45424476295479604,0.2846286701208981,0.34996814610320665
urban,w/o local verification,171,3,1220,2050,2942,0.5951219512195122,0.41468388851121685,0.48878205128205127
urban,w/o local verification,172,3,758,1487,2902,0.5097511768661735,0.26119917298414885,0.34540897698792433
urban,w/o local verification,173,3,276,766,2979,0.360313315926893,0.09264853977844914,0.1473965287049399
urban,w/o local verification,174,3,1076,2094,3058,0.5138490926456543,0.35186396337475473,0.41770186335403725
urban,w/o local verification,175,3,1143,2615,3039,0.437093690248566,0.3761105626850938,0.4043155288291475
urban,w/o local verification,176,3,399,1122,3103,0.35561497326203206,0.12858524009023525,0.18887573964497043
urban,w/o local verification,177,3,347,782,3035,0.4437340153452685,0.11433278418451401,0.18181818181818182
urban,w/o local verification,178,3,417,1017,3040,0.41002949852507375,0.13717105263157894,0.20557061868375648
urban,w/o local verification,179,3,1097,2440,3041,0.44959016393442625,0.36073659980269646,0.40029191753329685
urban,w/o local verification,180,3,2002,3814,3125,0.524908232826429,0.64064,0.5770283902579623
urban,w/o local verification,181,3,1600,2949,3086,0.5425567989148864,0.5184705119896306,0.5302402651201326
urban,w/o local verification,182,3,760,1608,3166,0.472636815920398,0.24005053695514844,0.3183912861332216
urban,w/o local verification,183,3,926,1534,3131,0.6036505867014341,0.2957521558607474,0.3969989281886388
urban,w/o local verification,184,3,350,974,3067,0.3593429158110883,0.11411803064884252,0.17322444939371442
urban,w/o local verification,185,3,188,476,3083,0.3949579831932773,0.06097956535841713,0.10564765383534701
urban,w/o local verification,186,3,586,1479,3126,0.3962136578769439,0.18746001279590532,0.25450597176981543
urban,w/o local verification,187,3,144,284,2996,0.5070422535211268,0.04806408544726302,0.08780487804878048
urban,w/o local verification,188,3,1696,2998,3045,0.5657104736490994,0.5569786535303777,0.5613106073142479
urban,w/o local verification,189,3,1002,2206,3105,0.4542157751586582,0.32270531400966185,0.37733006966672944
urban,w/o local verification,190,3,298,529,3171,0.5633270321361059,0.09397666351308735,0.16108108108108107
urban,w/o local verification,191,3,1100,1638,3105,0.6715506715506715,0.35426731078904994,0.4638414505587181
urban,w/o local verification,192,3,954,1697,3210,0.5621685327047732,0.297196261682243,0.38883228041573265
urban,w/o local verification,193,3,821,1625,3142,0.5052307692307693,0.26129853596435393,0.3444514369624502
urban,w/o local verification,194,3,890,2335,2979,0.3811563169164882,0.29875797247398456,0.33496424538953706
urban,w/o local verification,195,3,33,245,2974,0.1346938775510204,0.01109616677874916,0.02050326188257223
urban,w/o local verification,196,3,76,555,3067,0.13693693693693693,0.024779915226605803,0.041965764770844835
urban,w/o local verification,197,3,677,1262,3060,0.5364500792393027,0.22124183006535947,0.3132808884775567
urban,w/o local verification,198,3,471,1138,3033,0.413884007029877,0.1552917903066271,0.22584512107408294
urban,w/o local verification,199,3,1412,2519,3050,0.5605398967844383,0.46295081967213114,0.5070928353384809
urban,w/o local verification,200,3,774,1679,3119,0.46098868374032165,0.24815646040397563,0.32263443101292205
urban,w/o local verification,201,3,31,144,3247,0.2152777777777778,0.009547274407145057,0.018283692126216455
urban,w/o local verification,202,3,640,1124,3227,0.5693950177935944,0.19832661915091415,0.2941852447713169
urban,w/o local verification,203,3,1203,1968,3256,0.6112804878048781,0.36947174447174447,0.4605666156202144
urban,w/o local verification,204,3,39,245,3248,0.15918367346938775,0.012007389162561576,0.022330375035785856
urban,w/o local verification,205,3,926,1857,3182,0.49865374259558426,0.29101194217473286,0.36753324072236554
urban,w/o local verification,206,3,161,419,3150,0.38424821002386633,0.051111111111111114,0.09022135051835248
urban,w/o local verification,207,3,216,508,3229,0.4251968503937008,0.06689377516258904,0.11560074926411561
urban,w/o local verification,208,3,165,392,3231,0.42091836734693877,0.0510677808727948,0.09108473640629312
urban,w/o local verification,209,3,290,1064,3155,0.2725563909774436,0.0919175911251981,0.1374733349134866
urban,w/o local verification,210,3,62,426,3087,0.14553990610328638,0.02008422416585682,0.03529746655280387
urban,w/o local verification,211,3,1278,2398,3341,0.5329441201000834,0.38252020353187666,0.4453737584945112
urban,w/o local verification,212,3,433,795,3424,0.5446540880503145,0.12646028037383178,0.2052619104053093
urban,w/o local verification,213,3,236,493,3378,0.4787018255578093,0.06986382474837181,0.12193231723068974
urban,w/o local verification,214,3,723,1436,3407,0.5034818941504178,0.21221015556207806,0.2985752632665703
urban,w/o local verification,215,3,191,458,3366,0.4170305676855895,0.05674390968508616,0.09989539748953975
urban,w/o local verification,216,3,424,754,3360,0.5623342175066313,0.1261904761904762,0.20612542537676226
urban,w/o local verification,217,3,128,344,3277,0.37209302325581395,0.039060115959719255,0.07069870201601768
urban,w/o local verification,218,3,845,1222,3304,0.6914893617021277,0.2557506053268765,0.3733981440565621
urban,w/o local verification,219,3,83,186,3261,0.44623655913978494,0.025452315240723705,0.048157818392805335
urban,w/o local verification,220,3,42,215,3176,0.19534883720930232,0.01322418136020151,0.024771453848422293
urban,w/o local verification,221,3,739,1342,3124,0.5506706408345753,0.23655569782330346,0.3309449171518137
urban,w/o local verification,222,3,805,1738,3004,0.46317606444188725,0.26797603195739017,0.33951919021509913
urban,w/o local verification,223,3,528,1096,3188,0.48175182481751827,0.1656210790464241,0.24649859943977592
urban,w/o local verification,224,3,63,322,3168,0.1956521739130435,0.019886363636363636,0.03610315186246418
urban,w/o local verification,225,3,143,442,3143,0.3235294117647059,0.04549793191218581,0.07977684797768479
urban,w/o local verification,226,3,40,288,3185,0.1388888888888889,0.012558869701726845,0.02303484019579614
urban,w/o local verification,227,3,328,735,3125,0.44625850340136053,0.10496,0.1699481865284974
urban,w/o local verification,228,3,98,286,3148,0.34265734265734266,0.031130876747141042,0.057076295864880604
urban,w/o local verification,229,3,541,763,3108,0.709043250327654,0.17406692406692406,0.27951433738052184
urban,w/o local verification,230,3,173,349,3103,0.49570200573065903,0.05575249758298421,0.10023174971031286
urban,w/o local verification,231,3,999,1880,3097,0.5313829787234042,0.3225702292541169,0.4014466546112116
urban,w/o local verification,232,3,293,655,3123,0.44732824427480916,0.09382004482869036,0.15510852302805717
urban,w/o local verification,233,3,1141,1506,3126,0.7576361221779548,0.36500319897632755,0.49265975820379965
urban,w/o local verification,234,3,550,1077,3051,0.510677808727948,0.1802687643395608,0.26647286821705424
urban,w/o local verification,235,3,199,505,2996,0.3940594059405941,0.0664218958611482,0.11368180519851472
urban,w/o local verification,236,3,481,875,3108,0.5497142857142857,0.15476190476190477,0.24152648757218179
urban,w/o local verification,237,3,759,1080,3073,0.7027777777777777,0.24698991213797591,0.36551890199855525
urban,w/o local verification,238,3,105,201,3123,0.5223880597014925,0.03362151777137368,0.0631768953068592
urban,w/o local verification,239,3,552,841,3161,0.6563614744351962,0.17462828218918064,0.27586206896551724
urban,w/o local verification,240,3,171,357,3149,0.4789915966386555,0.054302953318513814,0.0975470621791215
urban,w/o local verification,241,3,169,399,3117,0.42355889724310775,0.05421880012832852,0.09613196814562003
urban,w/o local verification,242,3,1974,2763,3146,0.7144408251900108,0.6274634456452638,0.668133355897783
urban,w/o local verification,243,3,1784,2440,3117,0.7311475409836066,0.5723452037215271,0.642073061004139
urban,w/o local verification,244,3,832,1270,3184,0.6551181102362205,0.2613065326633166,0.3735967669510552
urban,w/o local verification,245,3,811,1223,3247,0.6631234668847097,0.24976901755466585,0.3628635346756152
urban,w/o local verification,246,3,109,224,3208,0.48660714285714285,0.033977556109725686,0.06351981351981352
urban,w/o local verification,247,3,126,237,3227,0.5316455696202531,0.039045553145336226,0.07274826789838337
urban,w/o local verification,248,3,7,36,3237,0.19444444444444445,0.002162496138399753,0.004277421326000611
urban,w/o local verification,249,3,315,644,3196,0.4891304347826087,0.09856070087609511,0.1640625
urban,w/o local verification,250,3,39,103,3178,0.3786407766990291,0.012271869100062933,0.023773239865894545
urban,w/o local verification,251,3,1268,1534,3179,0.8265971316818774,0.3988675684177414,0.538086144706132
urban,w/o local verification,252,3,1372,1791,3227,0.7660524846454495,0.42516268980477223,0.5468314069350338
urban,w/o local verification,253,3,882,1244,3220,0.7090032154340836,0.27391304347826084,0.3951612903225806
urban,w/o local verification,254,3,1475,1833,3160,0.8046917621385706,0.46677215189873417,0.5908271580212298
urban,w/o local verification,255,3,1340,1694,3013,0.7910271546635183,0.44473946232990375,0.5693647758657319
urban,w/o local verification,256,3,804,1035,3050,0.7768115942028986,0.2636065573770492,0.3936352509179927
urban,w/o local verification,257,3,1380,1738,3163,0.7940161104718066,0.4362946569712298,0.5631503774739849
urban,w/o local verification,258,3,1139,1550,3178,0.7348387096774194,0.35840151038388923,0.48181049069373943
urban,w/o local verification,259,3,455,766,3114,0.5939947780678851,0.14611432241490044,0.2345360824742268
urban,w/o local verification,260,3,114,184,3140,0.6195652173913043,0.03630573248407643,0.06859205776173286
urban,w/o local verification,131,6,693,1228,2945,0.5643322475570033,0.23531409168081494,0.3321351545650611
urban,w/o local verification,132,6,1847,3229,2989,0.5720037163208423,0.617932418869187,0.5940816982952718
urban,w/o local verification,133,6,727,1141,3069,0.6371603856266433,0.2368849788204627,0.3453681710213777
urban,w/o local verification,134,6,666,1197,3072,0.556390977443609,0.216796875,0.3120168657765285
urban,w/o local verification,135,6,1909,3485,2985,0.5477761836441893,0.6395309882747069,0.5901081916537867
urban,w/o local verification,136,6,642,1004,2993,0.6394422310756972,0.21450050116939526,0.3212409306980235
urban,w/o local verification,137,6,1499,2652,3049,0.5652337858220211,0.49163660216464417,0.5258726539203649
urban,w/o local verification,138,6,1366,2064,3085,0.6618217054263565,0.44278768233387356,0.5305884637793746
urban,w/o local verification,139,6,2328,3400,3024,0.6847058823529412,0.7698412698412699,0.7247820672478207
urban,w/o local verification,140,6,749,1053,3040,0.7113010446343779,0.24638157894736842,0.3659907158563401
urban,w/o local verification,141,6,1990,2472,3076,0.8050161812297735,0.6469440832249674,0.7173756308579669
urban,w/o local verification,142,6,1297,1725,3156,0.7518840579710145,0.41096324461343475,0.5314484736734276
urban,w/o local verification,143,6,1660,2445,3003,0.6789366053169734,0.5527805527805528,0.6093979441997063
urban,w/o local verification,144,6,1949,2932,2977,0.6647339699863575,0.6546859254282835,0.659671687256727
urban,w/o local verification,145,6,403,881,3014,0.45743473325766176,0.13370935633709358,0.20693196405648268
urban,w/o local verification,146,6,1537,2401,3014,0.6401499375260308,0.5099535500995355,0.5676823638042474
urban,w/o local verification,147,6,1484,2147,3008,0.6911970190964136,0.4933510638297872,0.5757516973811834
urban,w/o local verification,148,6,987,1466,3078,0.6732605729877217,0.3206627680311891,0.43441901408450706
urban,w/o local verification,149,6,557,938,3094,0.593816631130064,0.18002585649644473,0.27628968253968256
urban,w/o local verification,150,6,433,731,3061,0.5923392612859097,0.14145704018294675,0.22837552742616032
urban,w/o local verification,151,6,394,800,2974,0.4925,0.1324815063887021,0.2087970323264441
urban,w/o local verification,152,6,389,773,3071,0.5032341526520052,0.126668837512211,0.2023933402705515
urban,w/o local verification,153,6,816,1403,3018,0.5816108339272986,0.27037773359840955,0.36914725175299706
urban,w/o local verification,154,6,1238,1959,3151,0.631955079122001,0.3928911456680419,0.48454011741682973
urban,w/o local verification,155,6,1353,2114,3098,0.6400189214758751,0.43673337637185283,0.5191864927091328
urban,w/o local verification,156,6,936,1470,3159,0.636734693877551,0.2962962962962963,0.4044069993519119
urban,w/o local verification,157,6,875,1335,3126,0.6554307116104869,0.2799104286628279,0.3922887245012329
urban,w/o local verification,158,6,2255,3409,3176,0.6614843062481666,0.7100125944584383,0.6848899012908124
urban,w/o local verification,159,6,1194,2038,3144,0.5858684985279686,0.3797709923664122,0.46082593593207255
urban,w/o local verification,160,6,1899,2798,3219,0.678699070764832,0.5899347623485555,0.6312115672261924
urban,w/o local verification,161,6,861,1168,3153,0.7371575342465754,0.2730732635585157,0.3985188613746818
urban,w/o local verification,162,6,1190,2021,2969,0.5888174171202375,0.40080835298080164,0.47695390781563124
urban,w/o local verification,163,6,896,1480,2959,0.6054054054054054,0.30280500168976004,0.40369452579409776
urban,w/o local verification,164,6,1412,1991,2813,0.7091913611250628,0.5019552079630288,0.5878434637801832
urban,w/o local verification,165,6,918,1486,2981,0.6177658142664872,0.30795035223079503,0.4110141034251175
urban,w/o local verification,166,6,1909,3249,2781,0.58756540473992,0.6864437252786767,0.6331674958540631
urban,w/o local verification,167,6,357,840,2916,0.425,0.12242798353909465,0.1900958466453674
urban,w/o local verification,168,6,1490,2141,2873,0.695936478281177,0.5186216498433693,0.5943358595931392
urban,w/o local verification,169,6,525,875,2866,0.6,0.183182135380321,0.2806736166800321
urban,w/o local verification,170,6,988,1814,2895,0.5446527012127894,0.34127806563039725,0.41962200042471864
urban,w/o local verification,171,6,1440,2050,2942,0.7024390243902439,0.4894629503738953,0.5769230769230769
urban,w/o local verification,172,6,889,1487,2902,0.5978480161398789,0.30634045485871814,0.405103668261563
urban,w/o local verification,173,6,333,766,2979,0.4347258485639687,0.11178247734138973,0.17783711615487316
urban,w/o local verification,174,6,1246,2094,3058,0.5950334288443171,0.40745585349901897,0.483695652173913
urban,w/o local verification,175,6,1432,2615,3039,0.5476099426386233,0.47120763409016125,0.5065440396179696
urban,w/o local verification,176,6,442,1122,3103,0.3939393939393939,0.14244279729294232,0.20923076923076922
urban,w/o local verification,177,6,400,782,3035,0.5115089514066496,0.13179571663920922,0.2095886822111606
urban,w/o local verification,178,6,459,1017,3040,0.45132743362831856,0.15098684210526317,0.22627557308355928
urban,w/o local verification,179,6,1318,2440,3041,0.5401639344262295,0.4334100624794476,0.4809341361065499
urban,w/o local verification,180,6,2278,3814,3125,0.5972732039853172,0.72896,0.6565787577460729
urban,w/o local verification,181,6,1900,2949,3086,0.6442861987114276,0.6156837329876863,0.6296603148301574
urban,w/o local verification,182,6,950,1608,3166,0.5907960199004975,0.30006317119393555,0.397989107666527
urban,w/o local verification,183,6,1026,1534,3131,0.6688396349413298,0.327690833599489,0.4398713826366559
urban,w/o local verification,184,6,474,974,3067,0.486652977412731,0.15454841865014673,0.23459539717891612
urban,w/o local verification,185,6,210,476,3083,0.4411764705882353,0.06811547194291274,0.11801067715650464
urban,w/o local verification,186,6,730,1479,3126,0.4935767410412441,0.23352527191298783,0.31704668838219324
urban,w/o local verification,187,6,153,284,2996,0.5387323943661971,0.05106809078771696,0.09329268292682927
urban,w/o local verification,188,6,1937,2998,3045,0.6460973982655104,0.6361247947454844,0.6410723150752937
urban,w/o local verification,189,6,1223,2206,3105,0.5543970988213962,0.39388083735909823,0.46055356806627756
urban,w/o local verification,190,6,309,529,3171,0.5841209829867675,0.09744560075685904,0.16702702702702701
urban,w/o local verification,191,6,1190,1638,3105,0.7264957264957265,0.3832528180354267,0.5017921146953405
urban,w/o local verification,192,6,1070,1697,3210,0.6305244549204478,0.3333333333333333,0.43611167719584265
urban,w/o local verification,193,6,1018,1625,3142,0.6264615384615385,0.3239974538510503,0.4271029997902245
urban,w/o local verification,194,6,1128,2335,2979,0.4830835117773019,0.37865055387714,0.4245389537071886
urban,w/o local verification,195,6,40,245,2974,0.16326530612244897,0.013449899125756557,0.024852438645542093
urban,w/o local verification,196,6,138,555,3067,0.24864864864864866,0.044995109227257905,0.07620099392600774
urban,w/o local verification,197,6,770,1262,3060,0.6101426307448494,0.25163398692810457,0.35631652012956966
urban,w/o local verification,198,6,549,1138,3033,0.48242530755711777,0.18100890207715134,0.2632462239271158
urban,w/o local verification,199,6,1632,2519,3050,0.647876141325923,0.5350819672131147,0.5861016340456097
urban,w/o local verification,200,6,921,1679,3119,0.5485407980941036,0.295286950945816,0.3839099624843685
urban,w/o local verification,201,6,49,144,3247,0.3402777777777778,0.015090853095164768,0.02890002948982601
urban,w/o local verification,202,6,748,1124,3227,0.6654804270462633,0.23179423613263092,0.34382900482647666
urban,w/o local verification,203,6,1298,1968,3256,0.6595528455284553,0.39864864864864863,0.49693721286370596
urban,w/o local verification,204,6,51,245,3248,0.20816326530612245,0.015701970443349755,0.029201259662181504
urban,w/o local verification,205,6,1077,1857,3182,0.5799676898222941,0.3384663733500943,0.42746576701726535
urban,w/o local verification,206,6,190,419,3150,0.45346062052505964,0.06031746031746032,0.10647240123283833
urban,w/o local verification,207,6,256,508,3229,0.5039370078740157,0.07928151130380923,0.137008295424137
urban,w/o local verification,208,6,191,392,3231,0.4872448979591837,0.05911482513153822,0.10543748274910296
urban,w/o local verification,209,6,371,1064,3155,0.34868421052631576,0.11759112519809825,0.1758710594927708
urban,w/o local verification,210,6,108,426,3087,0.2535211267605634,0.03498542274052478,0.06148590947907771
urban,w/o local verification,211,6,1611,2398,3341,0.6718098415346122,0.4821909607901826,0.5614218504966022
urban,w/o local verification,212,6,528,795,3424,0.6641509433962264,0.1542056074766355,0.2502962787390377
urban,w/o local verification,213,6,321,493,3378,0.6511156186612576,0.09502664298401421,0.16584861792818392
urban,w/o local verification,214,6,895,1436,3407,0.6232590529247911,0.26269445259759316,0.3696056163534999
urban,w/o local verification,215,6,254,458,3366,0.5545851528384279,0.0754604872251931,0.13284518828451883
urban,w/o local verification,216,6,514,754,3360,0.6816976127320955,0.1529761904761905,0.2498784637822071
urban,w/o local verification,217,6,181,344,3277,0.5261627906976745,0.05523344522429051,0.09997238331952499
urban,w/o local verification,218,6,959,1222,3304,0.7847790507364976,0.2902542372881356,0.42377375165709236
urban,w/o local verification,219,6,100,186,3261,0.5376344086021505,0.030665440049064702,0.05802146794313896
urban,w/o local verification,220,6,62,215,3176,0.28837209302325584,0.01952141057934509,0.03656738425243291
urban,w/o local verification,221,6,915,1342,3124,0.6818181818181818,0.29289372599231756,0.4097626511419615
urban,w/o local verification,222,6,949,1738,3004,0.546029919447641,0.3159121171770972,0.40025305778152676
urban,w/o local verification,223,6,625,1096,3188,0.5702554744525548,0.19604767879548307,0.29178338001867415
urban,w/o local verification,224,6,109,322,3168,0.3385093167701863,0.034406565656565656,0.06246418338108883
urban,w/o local verification,225,6,167,442,3143,0.3778280542986425,0.053133948456888326,0.09316596931659693
urban,w/o local verification,226,6,95,288,3185,0.3298611111111111,0.029827315541601257,0.05470774546501583
urban,w/o local verification,227,6,417,735,3125,0.5673469387755102,0.13344,0.21606217616580312
urban,w/o local verification,228,6,115,286,3148,0.4020979020979021,0.03653113087674714,0.0669772859638905
urban,w/o local verification,229,6,592,763,3108,0.7758846657929227,0.19047619047619047,0.30586411779901834
urban,w/o local verification,230,6,200,349,3103,0.5730659025787965,0.06445375443119562,0.11587485515643106
urban,w/o local verification,231,6,1116,1880,3097,0.5936170212765958,0.3603487245721666,0.4484629294755877
urban,w/o local verification,232,6,376,655,3123,0.5740458015267176,0.12039705411463336,0.19904711487559557
urban,w/o local verification,233,6,1252,1506,3126,0.8313413014608234,0.40051183621241204,0.540587219343696
urban,w/o local verification,234,6,665,1077,3051,0.617455896007428,0.2179613241560144,0.3221899224806202
urban,w/o local verification,235,6,306,505,2996,0.6059405940594059,0.10213618157543392,0.17480719794344474
urban,w/o local verification,236,6,554,875,3108,0.6331428571428571,0.17824967824967825,0.2781822746673362
urban,w/o local verification,237,6,823,1080,3073,0.7620370370370371,0.26781646599414255,0.3963399951842042
urban,w/o local verification,238,6,129,201,3123,0.6417910447761194,0.04130643611911623,0.0776173285198556
urban,w/o local verification,239,6,626,841,3161,0.7443519619500595,0.19803859538120847,0.31284357821089454
urban,w/o local verification,240,6,228,357,3149,0.6386554621848739,0.07240393775801841,0.13006274957216202
urban,w/o local verification,241,6,214,399,3117,0.5363408521303258,0.06865575874238049,0.1217292377701934
urban,w/o local verification,242,6,2230,2763,3146,0.8070937386898299,0.7088366179275271,0.7547808427821967
urban,w/o local verification,243,6,2011,2440,3117,0.8241803278688524,0.645171639396856,0.723771819326975
urban,w/o local verification,244,6,996,1270,3184,0.784251968503937,0.3128140703517588,0.4472384373596767
urban,w/o local verification,245,6,916,1223,3247,0.7489779231398201,0.2821065599014475,0.4098434004474273
urban,w/o local verification,246,6,140,224,3208,0.625,0.043640897755610975,0.08158508158508158
urban,w/o local verification,247,6,153,237,3227,0.6455696202531646,0.04741245739076542,0.08833718244803695
urban,w/o local verification,248,6,13,36,3237,0.3611111111111111,0.004016064257028112,0.007943782462572564
urban,w/o local verification,249,6,393,644,3196,0.610248447204969,0.12296620775969963,0.2046875
urban,w/o local verification,250,6,61,103,3178,0.5922330097087378,0.01919446192573946,0.03718378543127095
urban,w/o local verification,251,6,1381,1534,3179,0.9002607561929595,0.43441333752752437,0.586038616592404
urban,w/o local verification,252,6,1497,1791,3227,0.8358458961474037,0.46389835760768516,0.5966520526106018
urban,w/o local verification,253,6,1025,1244,3220,0.8239549839228296,0.31832298136645965,0.4592293906810036
urban,w/o local verification,254,6,1604,1833,3160,0.8750681942171303,0.5075949367088608,0.6424994992990186
urban,w/o local verification,255,6,1479,1694,3013,0.8730814639905549,0.4908728841686027,0.6284257488846399
urban,w/o local verification,256,6,901,1035,3050,0.8705314009661835,0.29540983606557375,0.4411260709914321
urban,w/o local verification,257,6,1467,1738,3163,0.8440736478711163,0.4638001896933291,0.5986533360538665
urban,w/o local verification,258,6,1248,1550,3178,0.8051612903225807,0.39269981120201386,0.5279187817258884
urban,w/o local verification,259,6,512,766,3114,0.6684073107049608,0.16441875401412973,0.2639175257731959
urban,w/o local verification,260,6,122,184,3140,0.6630434782608695,0.038853503184713374,0.07340553549939831
urban,w/o local verification,131,9,828,1228,2945,0.6742671009771987,0.2811544991511036,0.3968368080517613
urban,w/o local verification,132,9,2113,3229,2989,0.6543821616599567,0.7069253931080629,0.6796397555484078
urban,w/o local verification,133,9,843,1141,3069,0.7388255915863278,0.27468230694037143,0.4004750593824228
urban,w/o local verification,134,9,773,1197,3072,0.64578111946533,0.2516276041666667,0.3621457015694542
urban,w/o local verification,135,9,2178,3485,2985,0.6249641319942612,0.7296482412060301,0.6732612055641422
urban,w/o local verification,136,9,689,1004,2993,0.6862549800796812,0.23020380888740394,0.34475856892669504
urban,w/o local verification,137,9,1678,2652,3049,0.6327300150829562,0.5503443752049852,0.5886686546219961
urban,w/o local verification,138,9,1527,2064,3085,0.7398255813953488,0.4949756888168558,0.5931248786172072
urban,w/o local verification,139,9,2529,3400,3024,0.7438235294117647,0.8363095238095238,0.787359900373599
urban,w/o local verification,140,9,838,1053,3040,0.7958214624881291,0.2756578947368421,0.4094795993159052
urban,w/o local verification,141,9,2140,2472,3076,0.8656957928802589,0.6957087126137841,0.7714491708723864
urban,w/o local verification,142,9,1391,1725,3156,0.8063768115942029,0.44074778200253484,0.5699651710715017
urban,w/o local verification,143,9,1821,2445,3003,0.7447852760736197,0.6063936063936064,0.6685022026431718
urban,w/o local verification,144,9,2206,2932,2977,0.752387448840382,0.7410144440712126,0.7466576408867829
urban,w/o local verification,145,9,448,881,3014,0.5085130533484676,0.1486396814863968,0.2300385109114249
urban,w/o local verification,146,9,1721,2401,3014,0.7167846730528946,0.5710019907100199,0.6356417359187442
urban,w/o local verification,147,9,1607,2147,3008,0.7484862598975315,0.5342420212765957,0.6234723569350146
urban,w/o local verification,148,9,1057,1466,3078,0.7210095497953616,0.343404808317089,0.4652288732394366
urban,w/o local verification,149,9,614,938,3094,0.6545842217484008,0.19844861021331608,0.30456349206349204
urban,w/o local verification,150,9,470,731,3061,0.6429548563611491,0.15354459327017314,0.2478902953586498
urban,w/o local verification,151,9,433,800,2974,0.54125,0.14559515803631473,0.2294647588765236
urban,w/o local verification,152,9,439,773,3071,0.5679172056921087,0.1429501790947574,0.22840790842872008
urban,w/o local verification,153,9,896,1403,3018,0.6386315039201711,0.2968853545394301,0.4053381587876046
urban,w/o local verification,154,9,1386,1959,3151,0.7075038284839203,0.43986036178990795,0.5424657534246575
urban,w/o local verification,155,9,1494,2114,3098,0.706717123935667,0.48224661071659136,0.5732924021488872
urban,w/o local verification,156,9,1015,1470,3159,0.6904761904761905,0.32130421019309907,0.4385396413912292
urban,w/o local verification,157,9,930,1335,3126,0.6966292134831461,0.29750479846449135,0.4169468728984533
urban,w/o local verification,158,9,2497,3409,3176,0.7324728659430918,0.7862090680100756,0.7583902809415338
urban,w/o local verification,159,9,1359,2038,3144,0.6668302257114819,0.43225190839694655,0.5245079120030877
urban,w/o local verification,160,9,2073,2798,3219,0.7408863473909936,0.6439888164026095,0.689047698188466
urban,w/o local verification,161,9,930,1168,3153,0.7962328767123288,0.2949571836346337,0.43045591298310576
urban,w/o local verification,162,9,1360,2021,2969,0.6729341909945572,0.45806668912091614,0.5450901803607214
urban,w/o local verification,163,9,980,1480,2959,0.6621621621621622,0.33119297059817504,0.44154088758729443
urban,w/o local verification,164,9,1534,1991,2813,0.7704671019588146,0.5453252755065766,0.6386344712739384
urban,w/o local verification,165,9,984,1486,2981,0.6621803499327052,0.33009057363300903,0.44056413700470115
urban,w/o local verification,166,9,2063,3249,2781,0.6349646044936904,0.7418194893923049,0.68424543946932
urban,w/o local verification,167,9,399,840,2916,0.475,0.1368312757201646,0.2124600638977636
urban,w/o local verification,168,9,1619,2141,2873,0.7561886968706212,0.5635224504002785,0.6457917830075788
urban,w/o local verification,169,9,568,875,2866,0.6491428571428571,0.19818562456385205,0.3036621224271585
urban,w/o local verification,170,9,1085,1814,2895,0.5981256890848953,0.3747841105354059,0.4608197069441495
urban,w/o local verification,171,9,1533,2050,2942,0.7478048780487805,0.5210740992522094,0.6141826923076923
urban,w/o local verification,172,9,957,1487,2902,0.6435776731674513,0.3297725706409373,0.43609022556390975
urban,w/o local verification,173,9,378,766,2979,0.4934725848563969,0.1268882175226586,0.20186915887850468
urban,w/o local verification,174,9,1372,2094,3058,0.6552053486150907,0.4486592544146501,0.532608695652174
urban,w/o local verification,175,9,1659,2615,3039,0.6344168260038241,0.5459032576505429,0.5868411743898125
urban,w/o local verification,176,9,510,1122,3103,0.45454545454545453,0.16435707379954884,0.24142011834319527
urban,w/o local verification,177,9,477,782,3035,0.6099744245524297,0.157166392092257,0.24993450353680902
urban,w/o local verification,178,9,518,1017,3040,0.5093411996066863,0.17039473684210527,0.25536110426423464
urban,w/o local verification,179,9,1457,2440,3041,0.5971311475409836,0.4791187109503453,0.5316548075168764
urban,w/o local verification,180,9,2437,3814,3125,0.6389617199790246,0.77984,0.7024066868424845
urban,w/o local verification,181,9,2054,2949,3086,0.6965072906069855,0.6655865197666883,0.6806959403479702
urban,w/o local verification,182,9,1127,1608,3166,0.7008706467661692,0.3559696778269109,0.47214076246334313
urban,w/o local verification,183,9,1144,1534,3131,0.7457627118644068,0.3653784733312041,0.4904608788853162
urban,w/o local verification,184,9,599,974,3067,0.6149897330595483,0.19530485816759047,0.29646127196238553
urban,w/o local verification,185,9,229,476,3083,0.4810924369747899,0.07427830035679533,0.12868783366114078
urban,w/o local verification,186,9,871,1479,3126,0.5889114266396214,0.27863083813179784,0.3782844733984799
urban,w/o local verification,187,9,161,284,2996,0.5669014084507042,0.053738317757009345,0.09817073170731708
urban,w/o local verification,188,9,2088,2998,3045,0.6964643095396932,0.6857142857142857,0.6910474929670694
urban,w/o local verification,189,9,1402,2206,3105,0.6355394378966455,0.4515297906602254,0.5279608360007532
urban,w/o local verification,190,9,364,529,3171,0.6880907372400756,0.11479028697571744,0.19675675675675675
urban,w/o local verification,191,9,1298,1638,3105,0.7924297924297924,0.4180354267310789,0.5473329116592873
urban,w/o local verification,192,9,1173,1697,3210,0.6912197996464349,0.36542056074766355,0.4780925208885266
urban,w/o local verification,193,9,1140,1625,3142,0.7015384615384616,0.3628262253341821,0.47828823159219636
urban,w/o local verification,194,9,1256,2335,2979,0.5379014989293361,0.42161799261497146,0.4727135867519759
urban,w/o local verification,195,9,51,245,2974,0.20816326530612245,0.01714862138533961,0.03168685927306617
urban,w/o local verification,196,9,234,555,3067,0.42162162162162165,0.07629605477665471,0.12921038100496962
urban,w/o local verification,197,9,863,1262,3060,0.6838351822503962,0.28202614379084967,0.3993521517815826
urban,w/o local verification,198,9,643,1138,3033,0.5650263620386643,0.21200131882624465,0.30831934787820664
urban,w/o local verification,199,9,1759,2519,3050,0.6982929734021437,0.5767213114754098,0.6317112587538157
urban,w/o local verification,200,9,1018,1679,3119,0.6063132817153067,0.32638666239179226,0.4243434764485202
urban,w/o local verification,201,9,56,144,3247,0.3888888888888889,0.017246689251616876,0.033028605131229724
urban,w/o local verification,202,9,843,1124,3227,0.75,0.26123334366284473,0.387497127097219
urban,w/o local verification,203,9,1419,1968,3256,0.7210365853658537,0.4358108108108108,0.5432618683001531
urban,w/o local verification,204,9,125,245,3248,0.5102040816326531,0.03848522167487685,0.071571714858288
urban,w/o local verification,205,9,1228,1857,3182,0.6612816370490038,0.3859208045254557,0.4873982933121651
urban,w/o local verification,206,9,275,419,3150,0.6563245823389021,0.0873015873015873,0.15410479125805548
urban,w/o local verification,207,9,339,508,3229,0.6673228346456693,0.10498606379684113,0.18142895370618142
urban,w/o local verification,208,9,261,392,3231,0.6658163265306123,0.0807799442896936,0.14407949213359095
urban,w/o local verification,209,9,478,1064,3155,0.4492481203007519,0.1515055467511886,0.22659397961602276
urban,w/o local verification,210,9,186,426,3087,0.43661971830985913,0.06025267249757046,0.10589239965841162
urban,w/o local verification,211,9,1787,2398,3341,0.7452043369474562,0.5348697994612391,0.6227565778010107
urban,w/o local verification,212,9,597,795,3424,0.7509433962264151,0.174357476635514,0.2830054515287983
urban,w/o local verification,213,9,387,493,3378,0.7849898580121704,0.11456483126110124,0.1999483337638853
urban,w/o local verification,214,9,997,1436,3407,0.6942896935933147,0.29263281479307307,0.4117282676027256
urban,w/o local verification,215,9,317,458,3366,0.6921397379912664,0.09417706476530006,0.16579497907949792
urban,w/o local verification,216,9,599,754,3360,0.7944297082228117,0.17827380952380953,0.2912007778317939
urban,w/o local verification,217,9,235,344,3277,0.6831395348837209,0.07171193164479707,0.12979839823253245
urban,w/o local verification,218,9,1024,1222,3304,0.8379705400981997,0.3099273607748184,0.45249668581528946
urban,w/o local verification,219,9,126,186,3261,0.6774193548387096,0.03863845446182153,0.0731070496083551
urban,w/o local verification,220,9,92,215,3176,0.42790697674418604,0.028967254408060455,0.054261279858448835
urban,w/o local verification,221,9,992,1342,3124,0.7391952309985097,0.3175416133162612,0.44424540976265114
urban,w/o local verification,222,9,1086,1738,3004,0.6248561565017261,0.3615179760319574,0.45803458456347534
urban,w/o local verification,223,9,751,1096,3188,0.6852189781021898,0.23557089084065244,0.3506069094304388
urban,w/o local verification,224,9,153,322,3168,0.4751552795031056,0.048295454545454544,0.08767908309455587
urban,w/o local verification,225,9,220,442,3143,0.497737556561086,0.06999681832643971,0.12273361227336123
urban,w/o local verification,226,9,127,288,3185,0.4409722222222222,0.039874411302982735,0.07313561762165274
urban,w/o local verification,227,9,486,735,3125,0.6612244897959184,0.15552,0.25181347150259065
urban,w/o local verification,228,9,140,286,3148,0.48951048951048953,0.044472681067344345,0.081537565521258
urban,w/o local verification,229,9,646,763,3108,0.8466579292267365,0.20785070785070786,0.3337638853009558
urban,w/o local verification,230,9,244,349,3103,0.6991404011461319,0.07863358040605865,0.1413673232908459
urban,w/o local verification,231,9,1215,1880,3097,0.6462765957446809,0.39231514368743947,0.488245931283906
urban,w/o local verification,232,9,448,655,3123,0.683969465648855,0.14345180915786104,0.23716251985177342
urban,w/o local verification,233,9,1307,1506,3126,0.8678618857901726,0.4181062060140755,0.5643350604490501
urban,w/o local verification,234,9,750,1077,3051,0.6963788300835655,0.24582104228121926,0.3633720930232558
urban,w/o local verification,235,9,377,505,2996,0.7465346534653465,0.12583444592790388,0.21536703798914597
urban,w/o local verification,236,9,617,875,3108,0.7051428571428572,0.19851994851994853,0.30981672106452424
urban,w/o local verification,237,9,884,1080,3073,0.8185185185185185,0.28766677513830136,0.42571634962677585
urban,w/o local verification,238,9,145,201,3123,0.7213930348258707,0.04642971501761127,0.08724428399518652
urban,w/o local verification,239,9,686,841,3161,0.8156956004756243,0.2170199304017716,0.3428285857071464
urban,w/o local verification,240,9,283,357,3149,0.7927170868347339,0.08986979993648778,0.16143753565316601
urban,w/o local verification,241,9,286,399,3117,0.7167919799498746,0.09175489252486366,0.1626848691695108
urban,w/o local verification,242,9,2347,2763,3146,0.8494390155627941,0.7460267005721551,0.7943814520223388
urban,w/o local verification,243,9,2124,2440,3117,0.8704918032786885,0.6814244465832531,0.7644412452762281
urban,w/o local verification,244,9,1102,1270,3184,0.8677165354330708,0.34610552763819097,0.49483610237988324
urban,w/o local verification,245,9,1020,1223,3247,0.8340147179067866,0.31413612565445026,0.4563758389261745
urban,w/o local verification,246,9,183,224,3208,0.8169642857142857,0.05704488778054863,0.10664335664335664
urban,w/o local verification,247,9,182,237,3227,0.7679324894514767,0.05639913232104121,0.10508083140877598
urban,w/o local verification,248,9,17,36,3237,0.4722222222222222,0.005251776336113685,0.010388023220287198
urban,w/o local verification,249,9,441,644,3196,0.6847826086956522,0.13798498122653316,0.2296875
urban,w/o local verification,250,9,79,103,3178,0.7669902912621359,0.02485840151038389,0.048156049984760745
urban,w/o local verification,251,9,1437,1534,3179,0.9367666232073012,0.4520289399182133,0.6098026734563972
urban,w/o local verification,252,9,1581,1791,3227,0.8827470686767169,0.48992872637124263,0.6301315265045835
urban,w/o local verification,253,9,1085,1244,3220,0.8721864951768489,0.33695652173913043,0.4861111111111111
urban,w/o local verification,254,9,1670,1833,3160,0.9110747408619749,0.5284810126582279,0.6689365111155617
urban,w/o local verification,255,9,1564,1694,3013,0.9232585596221959,0.5190839694656488,0.6645421712343318
urban,w/o local verification,256,9,965,1035,3050,0.9323671497584541,0.3163934426229508,0.4724602203182375
urban,w/o local verification,257,9,1536,1738,3163,0.8837744533947065,0.4856149225418906,0.6268108549275658
urban,w/o local verification,258,9,1328,1550,3178,0.8567741935483871,0.41787287602265577,0.5617597292724196
urban,w/o local verification,259,9,565,766,3114,0.737597911227154,0.18143866409762363,0.2912371134020619
urban,w/o local verification,260,9,139,184,3140,0.7554347826086957,0.044267515923566876,0.08363417569193743
office_spiral,Full LLGD,115,3,51,97,2009,0.5257731958762887,0.02538576406172225,0.04843304843304843
office_spiral,Full LLGD,116,3,961,1784,2060,0.5386771300448431,0.466504854368932,0.5
office_spiral,Full LLGD,117,3,1021,1766,2118,0.5781426953567383,0.48205854579792257,0.5257466529351185
office_spiral,Full LLGD,118,3,341,516,2205,0.6608527131782945,0.1546485260770975,0.25064314590224185
office_spiral,Full LLGD,119,3,336,546,2197,0.6153846153846154,0.15293582157487484,0.24498724024790375
office_spiral,Full LLGD,120,3,237,340,2139,0.6970588235294117,0.11079943899018233,0.19120613150463897
office_spiral,Full LLGD,121,3,126,185,2129,0.6810810810810811,0.05918271488961954,0.10890233362143474
office_spiral,Full LLGD,122,3,320,564,2193,0.5673758865248227,0.1459188326493388,0.23213638012332244
office_spiral,Full LLGD,123,3,163,174,2221,0.9367816091954023,0.07339036470058533,0.1361169102296451
office_spiral,Full LLGD,124,3,504,972,2184,0.5185185185185185,0.23076923076923078,0.3193916349809886
office_spiral,Full LLGD,125,3,841,1538,2226,0.546814044213264,0.3778077268643306,0.44686503719447396
office_spiral,Full LLGD,126,3,149,318,2198,0.46855345911949686,0.06778889899909009,0.11844197138314785
office_spiral,Full LLGD,127,3,984,2134,2294,0.4611059044048735,0.42894507410636445,0.4444444444444444
office_spiral,Full LLGD,128,3,290,453,2338,0.6401766004415012,0.12403763900769889,0.20781082049444644
office_spiral,Full LLGD,129,3,99,202,2326,0.4900990099009901,0.04256233877901978,0.07832278481012658
office_spiral,Full LLGD,130,3,519,735,2326,0.7061224489795919,0.22312983662940672,0.3391048676902973
office_spiral,Full LLGD,131,3,201,257,2300,0.7821011673151751,0.08739130434782609,0.15721548689870943
office_spiral,Full LLGD,132,3,121,195,2384,0.6205128205128205,0.05075503355704698,0.09383481969755719
office_spiral,Full LLGD,133,3,46,52,2333,0.8846153846153846,0.019717102443206173,0.03857442348008386
office_spiral,Full LLGD,134,3,231,300,2416,0.77,0.09561258278145696,0.17010309278350516
office_spiral,Full LLGD,135,3,288,406,2491,0.7093596059113301,0.11561621838619028,0.19882637210907836
office_spiral,Full LLGD,136,3,776,1222,2444,0.6350245499181669,0.31751227495908346,0.42334969994544464
office_spiral,Full LLGD,137,3,692,1301,2440,0.5318985395849347,0.2836065573770492,0.36995455760491847
office_spiral,Full LLGD,138,3,105,151,2376,0.695364238410596,0.04419191919191919,0.08310249307479224
office_spiral,Full LLGD,139,3,261,394,2364,0.6624365482233503,0.11040609137055837,0.1892675852066715
office_spiral,Full LLGD,140,3,55,72,2375,0.7638888888888888,0.023157894736842106,0.04495300367797303
office_spiral,Full LLGD,141,3,579,940,2303,0.6159574468085106,0.25141120277898393,0.35707678075855687
office_spiral,Full LLGD,142,3,511,978,2260,0.5224948875255624,0.2261061946902655,0.31562693020382954
office_spiral,Full LLGD,143,3,657,1016,2261,0.6466535433070866,0.2905793896505971,0.400976502898993
office_spiral,Full LLGD,144,3,1140,2230,2246,0.5112107623318386,0.5075690115761353,0.5093833780160858
office_spiral,Full LLGD,145,3,272,445,2276,0.6112359550561798,0.1195079086115993,0.19992649761117237
office_spiral,Full LLGD,146,3,413,825,2287,0.5006060606060606,0.18058592041976387,0.2654241645244216
office_spiral,Full LLGD,147,3,263,352,2321,0.7471590909090909,0.11331322705730289,0.19678264122708566
office_spiral,Full LLGD,148,3,819,1530,2253,0.5352941176470588,0.36351531291611183,0.4329896907216495
office_spiral,Full LLGD,149,3,180,272,2147,0.6617647058823529,0.08383791336748952,0.14882182720132286
office_spiral,Full LLGD,150,3,452,886,2150,0.510158013544018,0.2102325581395349,0.2977602108036891
office_spiral,Full LLGD,151,3,710,1066,2145,0.6660412757973734,0.331002331002331,0.44222983494238555
office_spiral,Full LLGD,152,3,269,417,2167,0.645083932853717,0.12413474850023073,0.20820433436532507
office_spiral,Full LLGD,153,3,519,882,2149,0.5884353741496599,0.2415076779897627,0.34246123391619926
office_spiral,Full LLGD,154,3,615,1113,2160,0.5525606469002695,0.2847222222222222,0.3758020164986251
office_spiral,Full LLGD,155,3,481,881,2113,0.5459704880817253,0.2276384287742546,0.321309285237141
office_spiral,Full LLGD,156,3,545,974,2123,0.5595482546201233,0.2567121997173811,0.3519535033903778
office_spiral,Full LLGD,157,3,157,310,2138,0.5064516129032258,0.0734331150608045,0.12826797385620914
office_spiral,Full LLGD,158,3,605,1095,2082,0.5525114155251142,0.2905859750240154,0.3808624488511174
office_spiral,Full LLGD,159,3,415,873,2070,0.4753722794959908,0.20048309178743962,0.2820251444104655
office_spiral,Full LLGD,160,3,49,125,2035,0.392,0.02407862407862408,0.04537037037037037
office_spiral,Full LLGD,161,3,278,373,2175,0.7453083109919572,0.127816091954023,0.21821036106750394
office_spiral,Full LLGD,162,3,444,759,2176,0.5849802371541502,0.20404411764705882,0.30255536626916524
office_spiral,Full LLGD,163,3,787,1236,2059,0.6367313915857605,0.3822243807673628,0.4776934749620637
office_spiral,Full LLGD,164,3,725,1282,2087,0.5655226209048362,0.3473885960709152,0.43039477589789255
office_spiral,Full LLGD,165,3,241,477,2051,0.5052410901467506,0.11750365675280351,0.1906645569620253
office_spiral,Full LLGD,166,3,55,134,2060,0.41044776119402987,0.02669902912621359,0.05013673655423884
office_spiral,Full LLGD,167,3,818,1300,2053,0.6292307692307693,0.39844130540672185,0.48792126453921864
office_spiral,Full LLGD,168,3,384,616,2076,0.6233766233766234,0.18497109826589594,0.2852897473997028
office_spiral,Full LLGD,169,3,55,74,2086,0.7432432432432432,0.026366251198465963,0.05092592592592592
office_spiral,Full LLGD,170,3,107,160,2059,0.66875,0.0519669742593492,0.0964398377647589
office_spiral,Full LLGD,171,3,99,192,2054,0.515625,0.048198636806231744,0.0881567230632235
office_spiral,Full LLGD,172,3,695,1266,2085,0.5489731437598736,0.3333333333333333,0.41480155177558936
office_spiral,Full LLGD,173,3,331,485,2080,0.6824742268041237,0.15913461538461537,0.2580896686159844
office_spiral,Full LLGD,174,3,170,371,2120,0.4582210242587601,0.08018867924528301,0.13649136892814132
office_spiral,Full LLGD,175,3,921,1794,2161,0.5133779264214047,0.4261915779731606,0.4657395701643489
office_spiral,Full LLGD,176,3,678,1184,2162,0.5726351351351351,0.3135985198889917,0.4052600119545726
office_spiral,Full LLGD,177,3,123,141,2212,0.8723404255319149,0.05560578661844485,0.10454738631534212
office_spiral,Full LLGD,178,3,366,560,2216,0.6535714285714286,0.1651624548736462,0.26368876080691644
office_spiral,Full LLGD,179,3,345,476,2230,0.7247899159663865,0.1547085201793722,0.2549889135254989
office_spiral,Full LLGD,180,3,328,623,2165,0.5264847512038523,0.1515011547344111,0.23529411764705882
office_spiral,Full LLGD,181,3,810,1486,2337,0.5450874831763123,0.3465982028241335,0.42375098090504837
office_spiral,Full LLGD,182,3,462,984,2384,0.4695121951219512,0.19379194630872484,0.27434679334916867
office_spiral,Full LLGD,183,3,656,1249,2459,0.5252201761409128,0.26677511183407887,0.35382955771305286
office_spiral,Full LLGD,184,3,798,1682,2450,0.47443519619500596,0.32571428571428573,0.3862536302032914
office_spiral,Full LLGD,185,3,319,504,2546,0.6329365079365079,0.12529457973291439,0.20918032786885246
office_spiral,Full LLGD,186,3,674,1339,2599,0.5033607169529499,0.2593305117352828,0.34230573895378363
office_spiral,Full LLGD,187,3,1062,1915,2654,0.5545691906005222,0.40015071590052753,0.4648719632304662
office_spiral,Full LLGD,188,3,1046,2102,2687,0.49762131303520457,0.38928172683289913,0.43683441219461266
office_spiral,Full LLGD,189,3,271,484,2721,0.5599173553719008,0.099595736861448,0.1691107644305772
office_spiral,Full LLGD,190,3,94,103,2725,0.912621359223301,0.0344954128440367,0.06647807637906648
office_spiral,Full LLGD,191,3,367,582,2794,0.6305841924398625,0.1313528990694345,0.21741706161137442
office_spiral,Full LLGD,192,3,1184,2166,2848,0.5466297322253001,0.4157303370786517,0.47227762265656165
office_spiral,Full LLGD,193,3,755,1260,2840,0.5992063492063492,0.2658450704225352,0.36829268292682926
office_spiral,Full LLGD,194,3,699,927,2854,0.7540453074433657,0.24491941135248774,0.3697434541126686
office_spiral,Full LLGD,195,3,461,673,2814,0.6849925705794948,0.16382373845060413,0.26441066819615716
office_spiral,Full LLGD,196,3,721,930,2824,0.7752688172043011,0.2553116147308782,0.38412360149174213
office_spiral,Full LLGD,197,3,727,1017,2892,0.7148475909537857,0.25138312586445366,0.3719621386543873
office_spiral,Full LLGD,198,3,889,1303,2891,0.6822716807367614,0.3075060532687651,0.4239389604196471
office_spiral,Full LLGD,199,3,256,607,2782,0.42174629324546953,0.09202012940330698,0.15107701386839775
office_spiral,Full LLGD,200,3,470,623,2835,0.7544141252006421,0.1657848324514991,0.2718334297281666
office_spiral,Full LLGD,201,3,495,722,2830,0.685595567867036,0.17491166077738515,0.27871621621621623
office_spiral,Full LLGD,202,3,690,923,2748,0.7475622968580715,0.25109170305676853,0.3759193680196132
office_spiral,Full LLGD,203,3,1052,1754,2678,0.5997719498289624,0.3928304705003734,0.4747292418772563
office_spiral,Full LLGD,204,3,88,105,2693,0.8380952380952381,0.032677311548458966,0.06290207290922087
office_spiral,Full LLGD,205,3,206,278,2744,0.7410071942446043,0.07507288629737609,0.13633355393778954
office_spiral,Full LLGD,206,3,963,1512,2779,0.6369047619047619,0.3465275278877294,0.4488464227452808
office_spiral,Full LLGD,207,3,533,802,2688,0.6645885286783042,0.19828869047619047,0.30544412607449856
office_spiral,Full LLGD,208,3,549,868,2697,0.6324884792626728,0.203559510567297,0.30799438990182326
office_spiral,Full LLGD,209,3,89,157,2709,0.5668789808917197,0.032853451458102624,0.062107466852756456
office_spiral,Full LLGD,210,3,259,414,2696,0.6256038647342995,0.09606824925816024,0.1665594855305466
office_spiral,Full LLGD,211,3,428,556,2687,0.7697841726618705,0.1592854484555266,0.2639531298180697
office_spiral,Full LLGD,212,3,325,687,2524,0.47307132459970885,0.12876386687797148,0.20242914979757085
office_spiral,Full LLGD,213,3,267,361,2595,0.739612188365651,0.10289017341040463,0.18064952638700948
office_spiral,Full LLGD,214,3,1017,1970,2574,0.516243654822335,0.3951048951048951,0.4476232394366197
office_spiral,Full LLGD,215,3,341,747,2488,0.4564926372155288,0.1370578778135048,0.2108191653786708
office_spiral,Full LLGD,216,3,32,63,2378,0.5079365079365079,0.01345668629100084,0.026218762802130275
office_spiral,Full LLGD,217,3,1294,2364,2337,0.5473773265651438,0.553701326486949,0.5505211657094236
office_spiral,Full LLGD,218,3,787,1797,2297,0.43795214245965497,0.3426208097518502,0.38446507083536885
office_spiral,Full LLGD,219,3,420,634,2254,0.6624605678233438,0.18633540372670807,0.29085872576177285
office_spiral,Full LLGD,220,3,448,708,2301,0.632768361581921,0.19469795740982182,0.2977733466267863
office_spiral,Full LLGD,221,3,1213,2275,2284,0.5331868131868132,0.5310858143607706,0.5321342399649046
office_spiral,Full LLGD,222,3,885,1512,2299,0.5853174603174603,0.38494997825141364,0.46444502755182365
office_spiral,Full LLGD,223,3,450,1098,2251,0.4098360655737705,0.19991115059973344,0.26873693639892504
office_spiral,Full LLGD,224,3,416,782,2272,0.5319693094629157,0.18309859154929578,0.2724296005239031
office_spiral,Full LLGD,225,3,308,635,2347,0.48503937007874015,0.13123135918193438,0.20657276995305165
office_spiral,Full LLGD,226,3,1186,2437,2293,0.4866639310627821,0.5172263410379415,0.5014799154334038
office_spiral,Full LLGD,227,3,1181,1952,2448,0.6050204918032787,0.4824346405228758,0.5368181818181819
office_spiral,Full LLGD,115,6,58,97,2009,0.5979381443298969,0.02887008461921354,0.055080721747388414
office_spiral,Full LLGD,116,6,1197,1784,2060,0.6709641255605381,0.5810679611650486,0.6227887617065556
office_spiral,Full LLGD,117,6,1287,1766,2118,0.7287655719139298,0.6076487252124646,0.6627188465499485
office_spiral,Full LLGD,118,6,408,516,2205,0.7906976744186046,0.18503401360544217,0.29988974641675853
office_spiral,Full LLGD,119,6,395,546,2197,0.7234432234432234,0.17979062357760583,0.2880058330295297
office_spiral,Full LLGD,120,6,279,340,2139,0.8205882352941176,0.13043478260869565,0.22509076240419523
office_spiral,Full LLGD,121,6,149,185,2129,0.8054054054054054,0.06998590887740723,0.12878133102852204
office_spiral,Full LLGD,122,6,374,564,2193,0.6631205673758865,0.17054263565891473,0.27130939426913314
office_spiral,Full LLGD,123,6,165,174,2221,0.9482758620689655,0.07429085997298514,0.13778705636743216
office_spiral,Full LLGD,124,6,630,972,2184,0.6481481481481481,0.28846153846153844,0.39923954372623577
office_spiral,Full LLGD,125,6,1056,1538,2226,0.6866059817945384,0.4743935309973046,0.5611052072263549
office_spiral,Full LLGD,126,6,179,318,2198,0.5628930817610063,0.08143767060964513,0.1422893481717011
office_spiral,Full LLGD,127,6,1305,2134,2294,0.6115276476101218,0.5688753269398431,0.5894308943089431
office_spiral,Full LLGD,128,6,352,453,2338,0.7770419426048565,0.15055603079555174,0.2522393407380867
office_spiral,Full LLGD,129,6,113,202,2326,0.5594059405940595,0.04858125537403268,0.0893987341772152
office_spiral,Full LLGD,130,6,576,735,2326,0.7836734693877551,0.24763542562338778,0.3763475988239138
office_spiral,Full LLGD,131,6,228,257,2300,0.8871595330739299,0.09913043478260869,0.17833398513883458
office_spiral,Full LLGD,132,6,130,195,2384,0.6666666666666666,0.05453020134228188,0.10081426909654904
office_spiral,Full LLGD,133,6,48,52,2333,0.9230769230769231,0.020574367766823833,0.04025157232704402
office_spiral,Full LLGD,134,6,261,300,2416,0.87,0.10802980132450331,0.19219440353460973
office_spiral,Full LLGD,135,6,318,406,2491,0.7832512315270936,0.1276595744680851,0.21953745253710735
office_spiral,Full LLGD,136,6,976,1222,2444,0.7986906710310966,0.3993453355155483,0.5324604473540644
office_spiral,Full LLGD,137,6,864,1301,2440,0.6641045349730976,0.3540983606557377,0.4619085805934242
office_spiral,Full LLGD,138,6,128,151,2376,0.847682119205298,0.05387205387205387,0.10130589631974674
office_spiral,Full LLGD,139,6,298,394,2364,0.7563451776649747,0.1260575296108291,0.21609862218999276
office_spiral,Full LLGD,140,6,63,72,2375,0.875,0.026526315789473683,0.05149162239476911
office_spiral,Full LLGD,141,6,683,940,2303,0.7265957446808511,0.2965696917064698,0.4212149244526673
office_spiral,Full LLGD,142,6,654,978,2260,0.6687116564417178,0.28938053097345134,0.40395305744286597
office_spiral,Full LLGD,143,6,789,1016,2261,0.7765748031496063,0.3489606368863335,0.48153799206591397
office_spiral,Full LLGD,144,6,1381,2230,2246,0.6192825112107623,0.6148708815672307,0.6170688114387847
office_spiral,Full LLGD,145,6,296,445,2276,0.6651685393258427,0.13005272407732865,0.2175670709298052
office_spiral,Full LLGD,146,6,531,825,2287,0.6436363636363637,0.23218189768255357,0.3412596401028278
office_spiral,Full LLGD,147,6,303,352,2321,0.8607954545454546,0.13054717794054288,0.22671156004489337
office_spiral,Full LLGD,148,6,951,1530,2253,0.6215686274509804,0.422103861517976,0.5027755749405234
office_spiral,Full LLGD,149,6,226,272,2147,0.8308823529411765,0.10526315789473684,0.18685407193054981
office_spiral,Full LLGD,150,6,615,886,2150,0.6941309255079007,0.28604651162790695,0.4051383399209486
office_spiral,Full LLGD,151,6,835,1066,2145,0.7833020637898687,0.38927738927738925,0.5200872002491436
office_spiral,Full LLGD,152,6,338,417,2167,0.8105515587529976,0.15597600369173972,0.26160990712074306
office_spiral,Full LLGD,153,6,590,882,2149,0.6689342403628118,0.2745463006049325,0.38931045859452323
office_spiral,Full LLGD,154,6,723,1113,2160,0.6495956873315364,0.3347222222222222,0.44179651695692024
office_spiral,Full LLGD,155,6,577,881,2113,0.6549375709421112,0.27307146237576907,0.385437541750167
office_spiral,Full LLGD,156,6,646,974,2123,0.6632443531827515,0.3042863871879416,0.4171779141104294
office_spiral,Full LLGD,157,6,193,310,2138,0.6225806451612903,0.09027128157156221,0.1576797385620915
office_spiral,Full LLGD,158,6,746,1095,2082,0.6812785388127854,0.35830931796349663,0.4696254327982373
office_spiral,Full LLGD,159,6,530,873,2070,0.6071019473081328,0.2560386473429952,0.3601766904519198
office_spiral,Full LLGD,160,6,64,125,2035,0.512,0.03144963144963145,0.05925925925925926
office_spiral,Full LLGD,161,6,294,373,2175,0.7882037533512064,0.13517241379310344,0.23076923076923078
office_spiral,Full LLGD,162,6,557,759,2176,0.7338603425559947,0.25597426470588236,0.37955706984667803
office_spiral,Full LLGD,163,6,942,1236,2059,0.7621359223300971,0.4575036425449247,0.5717754172989378
office_spiral,Full LLGD,164,6,927,1282,2087,0.7230889235569423,0.4441782462865357,0.5503116651825467
office_spiral,Full LLGD,165,6,331,477,2051,0.6939203354297694,0.1613846903949293,0.26186708860759494
office_spiral,Full LLGD,166,6,73,134,2060,0.5447761194029851,0.0354368932038835,0.06654512306289881
office_spiral,Full LLGD,167,6,991,1300,2053,0.7623076923076924,0.48270823185582074,0.5911124366239189
office_spiral,Full LLGD,168,6,469,616,2076,0.7613636363636364,0.22591522157996147,0.34843982169390786
office_spiral,Full LLGD,169,6,67,74,2086,0.9054054054054054,0.03211888782358581,0.062037037037037036
office_spiral,Full LLGD,170,6,126,160,2059,0.7875,0.0611947547353084,0.11356466876971609
office_spiral,Full LLGD,171,6,124,192,2054,0.6458333333333334,0.06037000973709834,0.11041852181656278
office_spiral,Full LLGD,172,6,902,1266,2085,0.7124802527646129,0.4326139088729017,0.5383467621605491
office_spiral,Full LLGD,173,6,391,485,2080,0.8061855670103093,0.18798076923076923,0.3048732943469786
office_spiral,Full LLGD,174,6,211,371,2120,0.568733153638814,0.09952830188679246,0.16940987555198717
office_spiral,Full LLGD,175,6,1132,1794,2161,0.6309921962095875,0.5238315594632115,0.5724399494310999
office_spiral,Full LLGD,176,6,779,1184,2162,0.6579391891891891,0.3603145235892692,0.4656306037059175
office_spiral,Full LLGD,177,6,132,141,2212,0.9361702127659575,0.059674502712477394,0.11219719507012324
office_spiral,Full LLGD,178,6,460,560,2216,0.8214285714285714,0.2075812274368231,0.3314121037463977
office_spiral,Full LLGD,179,6,412,476,2230,0.865546218487395,0.18475336322869956,0.30450849963045085
office_spiral,Full LLGD,180,6,405,623,2165,0.6500802568218299,0.18706697459584296,0.29053084648493543
office_spiral,Full LLGD,181,6,1019,1486,2337,0.6857335127860027,0.4360290971330766,0.5330891969657338
office_spiral,Full LLGD,182,6,632,984,2384,0.6422764227642277,0.2651006711409396,0.3752969121140142
office_spiral,Full LLGD,183,6,826,1249,2459,0.6613290632506005,0.33590890605937374,0.44552319309600863
office_spiral,Full LLGD,184,6,984,1682,2450,0.5850178359096314,0.4016326530612245,0.4762826718296225
office_spiral,Full LLGD,185,6,392,504,2546,0.7777777777777778,0.1539670070699136,0.25704918032786883
office_spiral,Full LLGD,186,6,798,1339,2599,0.5959671396564601,0.3070411696806464,0.4052818689690198
office_spiral,Full LLGD,187,6,1328,1915,2654,0.6934725848563968,0.5003767897513187,0.5813088203107901
office_spiral,Full LLGD,188,6,1270,2102,2687,0.60418648905804,0.472646073688128,0.5303821257047401
office_spiral,Full LLGD,189,6,349,484,2721,0.7210743801652892,0.12826166850422638,0.21778471138845554
office_spiral,Full LLGD,190,6,103,103,2725,1.0,0.03779816513761468,0.07284299858557285
office_spiral,Full LLGD,191,6,459,582,2794,0.788659793814433,0.1642806012884753,0.27191943127962087
office_spiral,Full LLGD,192,6,1484,2166,2848,0.6851338873499538,0.5210674157303371,0.5919425608296769
office_spiral,Full LLGD,193,6,919,1260,2840,0.7293650793650793,0.32359154929577466,0.4482926829268293
office_spiral,Full LLGD,194,6,860,927,2854,0.9277238403451996,0.3013314646110722,0.4549061094948426
office_spiral,Full LLGD,195,6,544,673,2814,0.8083209509658247,0.19331911869225302,0.3120160596501291
office_spiral,Full LLGD,196,6,836,930,2824,0.8989247311827957,0.29603399433427763,0.44539158231220033
office_spiral,Full LLGD,197,6,873,1017,2892,0.8584070796460177,0.30186721991701243,0.4466615502686109
office_spiral,Full LLGD,198,6,1101,1303,2891,0.8449731389102072,0.38083708059494986,0.525035765379113
office_spiral,Full LLGD,199,6,363,607,2782,0.5980230642504119,0.13048166786484544,0.21422248450870462
office_spiral,Full LLGD,200,6,562,623,2835,0.9020866773675762,0.19823633156966491,0.3250433776749566
office_spiral,Full LLGD,201,6,618,722,2830,0.8559556786703602,0.2183745583038869,0.34797297297297297
office_spiral,Full LLGD,202,6,862,923,2748,0.933911159263272,0.31368267831149926,0.4696268046853718
office_spiral,Full LLGD,203,6,1330,1754,2678,0.758266818700114,0.49663928304705,0.6001805054151624
office_spiral,Full LLGD,204,6,105,105,2693,1.0,0.038989974006684,0.07505360972122944
office_spiral,Full LLGD,205,6,250,278,2744,0.8992805755395683,0.09110787172011661,0.1654533421575116
office_spiral,Full LLGD,206,6,1184,1512,2779,0.783068783068783,0.42605253688377115,0.551852714984852
office_spiral,Full LLGD,207,6,651,802,2688,0.8117206982543641,0.2421875,0.37306590257879657
office_spiral,Full LLGD,208,6,671,868,2697,0.7730414746543779,0.24879495736002966,0.376437587657784
office_spiral,Full LLGD,209,6,140,157,2709,0.89171974522293,0.05167958656330749,0.09769713886950454
office_spiral,Full LLGD,210,6,318,414,2696,0.7681159420289855,0.11795252225519288,0.2045016077170418
office_spiral,Full LLGD,211,6,528,556,2687,0.9496402877697842,0.19650167473018235,0.32562442183163737
office_spiral,Full LLGD,212,6,429,687,2524,0.6244541484716157,0.16996830427892234,0.26720647773279355
office_spiral,Full LLGD,213,6,310,361,2595,0.8587257617728532,0.11946050096339114,0.20974289580514208
office_spiral,Full LLGD,214,6,1288,1970,2574,0.6538071065989848,0.5003885003885004,0.5669014084507042
office_spiral,Full LLGD,215,6,473,747,2488,0.6331994645247657,0.19011254019292603,0.29242658423493045
office_spiral,Full LLGD,216,6,41,63,2378,0.6507936507936508,0.017241379310344827,0.03359278984022941
office_spiral,Full LLGD,217,6,1586,2364,2337,0.6708967851099831,0.6786478391099701,0.6747500531801744
office_spiral,Full LLGD,218,6,907,1797,2297,0.5047301057317752,0.39486286460600784,0.4430874450415242
office_spiral,Full LLGD,219,6,457,634,2254,0.7208201892744479,0.20275066548358472,0.31648199445983377
office_spiral,Full LLGD,220,6,566,708,2301,0.7994350282485876,0.2459800086918731,0.3762047191758059
office_spiral,Full LLGD,221,6,1454,2275,2284,0.6391208791208791,0.6366024518388792,0.6378591796446589
office_spiral,Full LLGD,222,6,1126,1512,2299,0.7447089947089947,0.48977816441931277,0.5909210181054841
office_spiral,Full LLGD,223,6,626,1098,2251,0.5701275045537341,0.27809862283429587,0.3738429381905046
office_spiral,Full LLGD,224,6,497,782,2272,0.6355498721227621,0.21875,0.3254747871643746
office_spiral,Full LLGD,225,6,414,635,2347,0.6519685039370079,0.1763953983809118,0.2776659959758551
office_spiral,Full LLGD,226,6,1533,2437,2293,0.6290521132540008,0.6685564762320104,0.6482029598308668
office_spiral,Full LLGD,227,6,1435,1952,2448,0.7351434426229508,0.5861928104575164,0.6522727272727272
office_spiral,Full LLGD,115,9,58,97,2009,0.5979381443298969,0.02887008461921354,0.055080721747388414
office_spiral,Full LLGD,116,9,1297,1784,2060,0.727017937219731,0.6296116504854369,0.6748178980228928
office_spiral,Full LLGD,117,9,1434,1766,2118,0.812004530011325,0.6770538243626062,0.7384140061791967
office_spiral,Full LLGD,118,9,427,516,2205,0.8275193798449613,0.19365079365079366,0.31385520029400954
office_spiral,Full LLGD,119,9,416,546,2197,0.7619047619047619,0.1893491124260355,0.3033175355450237
office_spiral,Full LLGD,120,9,304,340,2139,0.8941176470588236,0.14212248714352502,0.24526018555869303
office_spiral,Full LLGD,121,9,156,185,2129,0.8432432432432433,0.0732738374823861,0.1348314606741573
office_spiral,Full LLGD,122,9,410,564,2193,0.7269503546099291,0.18695850433196534,0.29742473703300687
office_spiral,Full LLGD,123,9,165,174,2221,0.9482758620689655,0.07429085997298514,0.13778705636743216
office_spiral,Full LLGD,124,9,670,972,2184,0.6893004115226338,0.3067765567765568,0.42458808618504434
office_spiral,Full LLGD,125,9,1182,1538,2226,0.7685305591677504,0.5309973045822103,0.6280552603613178
office_spiral,Full LLGD,126,9,208,318,2198,0.6540880503144654,0.09463148316651501,0.16534181240063592
office_spiral,Full LLGD,127,9,1516,2134,2294,0.7104029990627929,0.6608544027898866,0.6847335140018067
office_spiral,Full LLGD,128,9,378,453,2338,0.8344370860927153,0.16167664670658682,0.2708706556789681
office_spiral,Full LLGD,129,9,130,202,2326,0.6435643564356436,0.05588993981083405,0.10284810126582279
office_spiral,Full LLGD,130,9,601,735,2326,0.817687074829932,0.2583834909716251,0.39268213002286834
office_spiral,Full LLGD,131,9,233,257,2300,0.9066147859922179,0.10130434782608695,0.18224481814626514
office_spiral,Full LLGD,132,9,137,195,2384,0.7025641025641025,0.057466442953020135,0.10624272974020939
office_spiral,Full LLGD,133,9,48,52,2333,0.9230769230769231,0.020574367766823833,0.04025157232704402
office_spiral,Full LLGD,134,9,278,300,2416,0.9266666666666666,0.11506622516556292,0.20471281296023564
office_spiral,Full LLGD,135,9,359,406,2491,0.8842364532019704,0.14411882778000804,0.24784259578874698
office_spiral,Full LLGD,136,9,1086,1222,2444,0.8887070376432079,0.44435351882160395,0.5924713584288053
office_spiral,Full LLGD,137,9,997,1301,2440,0.7663335895465027,0.4086065573770492,0.533012563485699
office_spiral,Full LLGD,138,9,145,151,2376,0.9602649006622517,0.06102693602693603,0.1147605856747131
office_spiral,Full LLGD,139,9,314,394,2364,0.7969543147208121,0.13282571912013535,0.22770123277737492
office_spiral,Full LLGD,140,9,68,72,2375,0.9444444444444444,0.02863157894736842,0.05557825909276665
office_spiral,Full LLGD,141,9,732,940,2303,0.7787234042553192,0.3178462874511507,0.4514338575393155
office_spiral,Full LLGD,142,9,749,978,2260,0.7658486707566462,0.33141592920353985,0.46263125386040765
office_spiral,Full LLGD,143,9,863,1016,2261,0.8494094488188977,0.3816895179124281,0.5267012511443393
office_spiral,Full LLGD,144,9,1529,2230,2246,0.6856502242152467,0.6807658058771149,0.6831992850759607
office_spiral,Full LLGD,145,9,327,445,2276,0.7348314606741573,0.14367311072056238,0.24035281146637266
office_spiral,Full LLGD,146,9,585,825,2287,0.7090909090909091,0.25579361609094886,0.3759640102827764
office_spiral,Full LLGD,147,9,321,352,2321,0.9119318181818182,0.13830245583800085,0.24017957351290684
office_spiral,Full LLGD,148,9,1033,1530,2253,0.6751633986928105,0.45849977807367953,0.5461274121067935
office_spiral,Full LLGD,149,9,237,272,2147,0.8713235294117647,0.1103865859338612,0.19594873914840844
office_spiral,Full LLGD,150,9,675,886,2150,0.7618510158013544,0.313953488372093,0.44466403162055335
office_spiral,Full LLGD,151,9,898,1066,2145,0.8424015009380863,0.41864801864801865,0.5593273123637497
office_spiral,Full LLGD,152,9,376,417,2167,0.9016786570743405,0.17351176742039687,0.29102167182662536
office_spiral,Full LLGD,153,9,612,882,2149,0.6938775510204082,0.2847836202885063,0.4038271197624546
office_spiral,Full LLGD,154,9,804,1113,2160,0.7223719676549866,0.37222222222222223,0.4912923923006416
office_spiral,Full LLGD,155,9,627,881,2113,0.7116912599318955,0.29673450070989116,0.4188376753507014
office_spiral,Full LLGD,156,9,718,974,2123,0.7371663244353183,0.33820065944418276,0.4636745237326445
office_spiral,Full LLGD,157,9,207,310,2138,0.667741935483871,0.09681945743685688,0.16911764705882354
office_spiral,Full LLGD,158,9,818,1095,2082,0.7470319634703196,0.3928914505283381,0.5149512118350645
office_spiral,Full LLGD,159,9,616,873,2070,0.7056128293241696,0.2975845410628019,0.41862045531770303
office_spiral,Full LLGD,160,9,88,125,2035,0.704,0.043243243243243246,0.08148148148148149
office_spiral,Full LLGD,161,9,298,373,2175,0.7989276139410187,0.13701149425287357,0.23390894819466249
office_spiral,Full LLGD,162,9,623,759,2176,0.8208168642951251,0.28630514705882354,0.4245315161839864
office_spiral,Full LLGD,163,9,1029,1236,2059,0.8325242718446602,0.49975716367168527,0.6245827010622155
office_spiral,Full LLGD,164,9,1049,1282,2087,0.8182527301092044,0.5026353617632966,0.6227367171267438
office_spiral,Full LLGD,165,9,364,477,2051,0.7631027253668763,0.17747440273037543,0.2879746835443038
office_spiral,Full LLGD,166,9,89,134,2060,0.664179104477612,0.04320388349514563,0.08113035551504102
office_spiral,Full LLGD,167,9,1071,1300,2053,0.8238461538461539,0.521675596687774,0.6388308977035491
office_spiral,Full LLGD,168,9,522,616,2076,0.8474025974025974,0.2514450867052023,0.38781575037147104
office_spiral,Full LLGD,169,9,68,74,2086,0.918918918918919,0.032598274209012464,0.06296296296296296
office_spiral,Full LLGD,170,9,139,160,2059,0.86875,0.06750849927149101,0.1252816584046868
office_spiral,Full LLGD,171,9,133,192,2054,0.6927083333333334,0.06475170399221032,0.11843276936776491
office_spiral,Full LLGD,172,9,1010,1266,2085,0.7977883096366508,0.4844124700239808,0.6028051327961802
office_spiral,Full LLGD,173,9,420,485,2080,0.865979381443299,0.20192307692307693,0.32748538011695905
office_spiral,Full LLGD,174,9,244,371,2120,0.6576819407008087,0.11509433962264151,0.19590525893215577
office_spiral,Full LLGD,175,9,1248,1794,2161,0.6956521739130435,0.5775104118463674,0.6310998735777497
office_spiral,Full LLGD,176,9,868,1184,2162,0.7331081081081081,0.40148011100832565,0.5188284518828452
office_spiral,Full LLGD,177,9,135,141,2212,0.9574468085106383,0.06103074141048825,0.11474713132171696
office_spiral,Full LLGD,178,9,496,560,2216,0.8857142857142857,0.22382671480144403,0.3573487031700288
office_spiral,Full LLGD,179,9,439,476,2230,0.9222689075630253,0.1968609865470852,0.3244641537324464
office_spiral,Full LLGD,180,9,462,623,2165,0.7415730337078652,0.2133949191685912,0.3314203730272597
office_spiral,Full LLGD,181,9,1135,1486,2337,0.7637954239569313,0.4856653829696192,0.5937745226262098
office_spiral,Full LLGD,182,9,754,984,2384,0.766260162601626,0.3162751677852349,0.4477434679334917
office_spiral,Full LLGD,183,9,918,1249,2459,0.7349879903923139,0.37332248881659214,0.49514563106796117
office_spiral,Full LLGD,184,9,1075,1682,2450,0.6391200951248514,0.4387755102040816,0.5203291384317522
office_spiral,Full LLGD,185,9,430,504,2546,0.8531746031746031,0.16889238020424194,0.2819672131147541
office_spiral,Full LLGD,186,9,876,1339,2599,0.6542195668409261,0.3370527125817622,0.44489588623666837
office_spiral,Full LLGD,187,9,1443,1915,2654,0.7535248041775456,0.5437076111529766,0.6316480630334865
office_spiral,Full LLGD,188,9,1436,2102,2687,0.6831588962892483,0.5344250093040566,0.5997076633952808
office_spiral,Full LLGD,189,9,386,484,2721,0.7975206611570248,0.14185961043733922,0.24087363494539782
office_spiral,Full LLGD,190,9,103,103,2725,1.0,0.03779816513761468,0.07284299858557285
office_spiral,Full LLGD,191,9,498,582,2794,0.8556701030927835,0.17823908375089478,0.2950236966824645
office_spiral,Full LLGD,192,9,1693,2166,2848,0.7816251154201292,0.5944522471910112,0.6753091344236138
office_spiral,Full LLGD,193,9,991,1260,2840,0.7865079365079365,0.34894366197183097,0.48341463414634145
office_spiral,Full LLGD,194,9,901,927,2854,0.9719525350593312,0.31569726699369305,0.47659349378471305
office_spiral,Full LLGD,195,9,599,673,2814,0.8900445765230312,0.212864250177683,0.3435618009750502
office_spiral,Full LLGD,196,9,859,930,2824,0.9236559139784947,0.30417847025495753,0.45764517847629194
office_spiral,Full LLGD,197,9,931,1017,2892,0.9154375614552606,0.3219225449515906,0.47633665899206956
office_spiral,Full LLGD,198,9,1223,1303,2891,0.9386032233307752,0.4230370114147354,0.5832141154029566
office_spiral,Full LLGD,199,9,414,607,2782,0.6820428336079077,0.1488138030194105,0.24431985836529949
office_spiral,Full LLGD,200,9,587,623,2835,0.942215088282504,0.2070546737213404,0.3395026026604974
office_spiral,Full LLGD,201,9,652,722,2830,0.9030470914127424,0.2303886925795053,0.36711711711711714
office_spiral,Full LLGD,202,9,896,923,2748,0.9707475622968581,0.3260553129548763,0.4881503677472078
office_spiral,Full LLGD,203,9,1461,1754,2678,0.8329532497149373,0.5455563853622106,0.6592960288808665
office_spiral,Full LLGD,204,9,105,105,2693,1.0,0.038989974006684,0.07505360972122944
office_spiral,Full LLGD,205,9,271,278,2744,0.9748201438848921,0.09876093294460642,0.17935142289874256
office_spiral,Full LLGD,206,9,1324,1512,2779,0.8756613756613757,0.47643037063691973,0.6171055697972501
office_spiral,Full LLGD,207,9,695,802,2688,0.8665835411471322,0.2585565476190476,0.3982808022922636
office_spiral,Full LLGD,208,9,776,868,2697,0.8940092165898618,0.28772710418984054,0.435343618513324
office_spiral,Full LLGD,209,9,155,157,2709,0.9872611464968153,0.05721668512366187,0.10816468946266573
office_spiral,Full LLGD,210,9,349,414,2696,0.8429951690821256,0.12945103857566764,0.22443729903536977
office_spiral,Full LLGD,211,9,533,556,2687,0.9586330935251799,0.19836248604391515,0.32870798643231575
office_spiral,Full LLGD,212,9,483,687,2524,0.7030567685589519,0.19136291600633915,0.300840859545313
office_spiral,Full LLGD,213,9,326,361,2595,0.9030470914127424,0.125626204238921,0.22056833558863329
office_spiral,Full LLGD,214,9,1409,1970,2574,0.7152284263959391,0.5473970473970474,0.6201584507042254
office_spiral,Full LLGD,215,9,548,747,2488,0.7336010709504686,0.2202572347266881,0.3387944358578053
office_spiral,Full LLGD,216,9,47,63,2378,0.746031746031746,0.019764507989907486,0.03850880786562884
office_spiral,Full LLGD,217,9,1799,2364,2337,0.7609983079526227,0.7697903294822422,0.7653690704105509
office_spiral,Full LLGD,218,9,986,1797,2297,0.5486922648859209,0.42925555071832827,0.48168050806057644
office_spiral,Full LLGD,219,9,487,634,2254,0.7681388012618297,0.2160603371783496,0.33725761772853186
office_spiral,Full LLGD,220,9,622,708,2301,0.8785310734463276,0.2703172533681008,0.4134263875041542
office_spiral,Full LLGD,221,9,1617,2275,2284,0.7107692307692308,0.707968476357268,0.7093660890546173
office_spiral,Full LLGD,222,9,1269,1512,2299,0.8392857142857143,0.5519791213571118,0.665966937811598
office_spiral,Full LLGD,223,9,718,1098,2251,0.6539162112932605,0.31896934695690804,0.42878471185428485
office_spiral,Full LLGD,224,9,539,782,2272,0.6892583120204604,0.23723591549295775,0.3529796987557302
office_spiral,Full LLGD,225,9,468,635,2347,0.7370078740157481,0.19940349382190029,0.31388329979879276
office_spiral,Full LLGD,226,9,1744,2437,2293,0.7156339762002462,0.760575665067597,0.7374207188160676
office_spiral,Full LLGD,227,9,1606,1952,2448,0.8227459016393442,0.6560457516339869,0.73
office_spiral,w/o local verification,115,3,1062,3020,2009,0.35165562913907283,0.5286212045793928,0.42235036786637503
office_spiral,w/o local verification,116,3,1416,2756,2060,0.5137880986937591,0.6873786407766991,0.5880398671096345
office_spiral,w/o local verification,117,3,1169,2404,2118,0.4862728785357737,0.5519357884796978,0.5170278637770898
office_spiral,w/o local verification,118,3,728,1132,2205,0.6431095406360424,0.33015873015873015,0.43632004794725804
office_spiral,w/o local verification,119,3,753,1176,2197,0.6403061224489796,0.3427401001365498,0.4464868069967388
office_spiral,w/o local verification,120,3,420,637,2139,0.6593406593406593,0.19635343618513323,0.3025936599423631
office_spiral,w/o local verification,121,3,266,365,2129,0.7287671232876712,0.1249412869891968,0.21331194867682438
office_spiral,w/o local verification,122,3,468,896,2193,0.5223214285714286,0.213406292749658,0.30301068306895435
office_spiral,w/o local verification,123,3,1132,1882,2221,0.6014877789585548,0.5096803241782981,0.5517913721667073
office_spiral,w/o local verification,124,3,705,1425,2184,0.49473684210526314,0.3228021978021978,0.39068994181213634
office_spiral,w/o local verification,125,3,1063,2105,2226,0.5049881235154394,0.4775381850853549,0.4908797044562457
office_spiral,w/o local verification,126,3,235,445,2198,0.5280898876404494,0.10691537761601456,0.17782822550132427
office_spiral,w/o local verification,127,3,1474,3482,2294,0.4233199310740953,0.6425457715780296,0.510387811634349
office_spiral,w/o local verification,128,3,528,887,2338,0.5952649379932357,0.22583404619332764,0.32744186046511625
office_spiral,w/o local verification,129,3,99,238,2326,0.41596638655462187,0.04256233877901978,0.07722308892355695
office_spiral,w/o local verification,130,3,781,1183,2326,0.6601859678782755,0.3357695614789338,0.445141065830721
office_spiral,w/o local verification,131,3,338,566,2300,0.5971731448763251,0.14695652173913043,0.23586880669923238
office_spiral,w/o local verification,132,3,171,352,2384,0.48579545454545453,0.07172818791946309,0.125
office_spiral,w/o local verification,133,3,117,135,2333,0.8666666666666667,0.05015002143163309,0.09481361426256078
office_spiral,w/o local verification,134,3,517,789,2416,0.6552598225602028,0.21399006622516556,0.32262090483619343
office_spiral,w/o local verification,135,3,473,759,2491,0.6231884057971014,0.18988358089120835,0.29107692307692307
office_spiral,w/o local verification,136,3,1086,1864,2444,0.5826180257510729,0.44435351882160395,0.5041782729805014
office_spiral,w/o local verification,137,3,1485,3327,2440,0.44634806131650134,0.6086065573770492,0.5149991329980926
office_spiral,w/o local verification,138,3,149,263,2376,0.5665399239543726,0.06271043771043772,0.11292156119742326
office_spiral,w/o local verification,139,3,426,675,2364,0.6311111111111111,0.1802030456852792,0.28035538005923
office_spiral,w/o local verification,140,3,80,128,2375,0.625,0.03368421052631579,0.06392329204954054
office_spiral,w/o local verification,141,3,726,1364,2303,0.532258064516129,0.31524099001302647,0.39596400327242975
office_spiral,w/o local verification,142,3,846,1696,2260,0.4988207547169811,0.3743362831858407,0.4277047522750253
office_spiral,w/o local verification,143,3,756,1498,2261,0.5046728971962616,0.33436532507739936,0.4022346368715084
office_spiral,w/o local verification,144,3,1195,2596,2246,0.4603235747303544,0.5320569902048086,0.49359768690623707
office_spiral,w/o local verification,145,3,575,941,2276,0.6110520722635494,0.2526362038664323,0.3574759092322039
office_spiral,w/o local verification,146,3,781,1351,2287,0.5780903034789046,0.3414954088325317,0.42935678944474986
office_spiral,w/o local verification,147,3,339,517,2321,0.655705996131528,0.14605773373545886,0.23890063424947147
office_spiral,w/o local verification,148,3,912,1900,2253,0.48,0.4047936085219707,0.4392005778954972
office_spiral,w/o local verification,149,3,1212,2380,2147,0.5092436974789916,0.5645086166744294,0.5354539430086149
office_spiral,w/o local verification,150,3,984,1797,2150,0.5475792988313857,0.4576744186046512,0.4986065366100836
office_spiral,w/o local verification,151,3,888,1696,2145,0.5235849056603774,0.413986013986014,0.46237958864878936
office_spiral,w/o local verification,152,3,499,810,2167,0.6160493827160494,0.23027226580526072,0.3352368155861606
office_spiral,w/o local verification,153,3,867,1442,2149,0.6012482662968099,0.4034434620753839,0.4828738512949039
office_spiral,w/o local verification,154,3,816,1687,2160,0.4836988737403675,0.37777777777777777,0.4242266701325708
office_spiral,w/o local verification,155,3,647,1335,2113,0.4846441947565543,0.30619971604354,0.37529002320185617
office_spiral,w/o local verification,156,3,904,1982,2123,0.45610494450050454,0.42581252943947245,0.44043848964677224
office_spiral,w/o local verification,157,3,310,630,2138,0.49206349206349204,0.1449953227315248,0.2239884393063584
office_spiral,w/o local verification,158,3,870,1595,2082,0.5454545454545454,0.41786743515850144,0.4732118574925211
office_spiral,w/o local verification,159,3,702,1545,2070,0.45436893203883494,0.3391304347826087,0.3883817427385892
office_spiral,w/o local verification,160,3,292,429,2035,0.6806526806526807,0.14348894348894348,0.237012987012987
office_spiral,w/o local verification,161,3,610,1129,2175,0.5403011514614703,0.28045977011494255,0.3692493946731235
office_spiral,w/o local verification,162,3,604,1072,2176,0.5634328358208955,0.2775735294117647,0.37192118226600984
office_spiral,w/o local verification,163,3,959,1578,2059,0.6077313054499366,0.46576007770762506,0.5273577124003299
office_spiral,w/o local verification,164,3,991,1650,2087,0.6006060606060606,0.47484427407762336,0.5303719561145304
office_spiral,w/o local verification,165,3,670,1207,2051,0.5550952775476388,0.3266699171136031,0.4112952731737262
office_spiral,w/o local verification,166,3,372,718,2060,0.5181058495821727,0.18058252427184465,0.2678185745140389
office_spiral,w/o local verification,167,3,1538,3421,2053,0.44957614732534346,0.749147588894301,0.5619291194738765
office_spiral,w/o local verification,168,3,592,1438,2076,0.41168289290681503,0.28516377649325625,0.3369379624359704
office_spiral,w/o local verification,169,3,214,321,2086,0.6666666666666666,0.10258868648130393,0.17781470710427918
office_spiral,w/o local verification,170,3,192,263,2059,0.7300380228136882,0.0932491500728509,0.165374677002584
office_spiral,w/o local verification,171,3,744,1851,2054,0.4019448946515397,0.3622200584225901,0.3810499359795134
office_spiral,w/o local verification,172,3,1462,2891,2085,0.5057073676928399,0.701199040767386,0.587620578778135
office_spiral,w/o local verification,173,3,1637,3404,2080,0.4809048178613396,0.7870192307692307,0.5970094821298323
office_spiral,w/o local verification,174,3,1008,2361,2120,0.4269377382465057,0.47547169811320755,0.4498995759875028
office_spiral,w/o local verification,175,3,1250,2774,2161,0.45061283345349673,0.5784359093012494,0.5065856129685917
office_spiral,w/o local verification,176,3,831,1707,2162,0.4868189806678383,0.38436632747456057,0.42956836391832515
office_spiral,w/o local verification,177,3,252,314,2212,0.802547770700637,0.11392405063291139,0.1995249406175772
office_spiral,w/o local verification,178,3,549,976,2216,0.5625,0.2477436823104693,0.34398496240601506
office_spiral,w/o local verification,179,3,509,756,2230,0.6732804232804233,0.2282511210762332,0.34092431346282653
office_spiral,w/o local verification,180,3,1062,2513,2165,0.4226024671707123,0.49053117782909933,0.45404018811457886
office_spiral,w/o local verification,181,3,1453,3037,2337,0.47843266381297334,0.621737270004279,0.5407517677707481
office_spiral,w/o local verification,182,3,635,1602,2384,0.39637952559300876,0.2663590604026846,0.3186151530356247
office_spiral,w/o local verification,183,3,1033,2573,2459,0.4014768752429071,0.4200894672631151,0.4105723370429253
office_spiral,w/o local verification,184,3,1221,2743,2450,0.44513306598614655,0.4983673469387755,0.4702484113229347
office_spiral,w/o local verification,185,3,721,1293,2546,0.5576179427687549,0.2831893165750196,0.37561865069028394
office_spiral,w/o local verification,186,3,1362,2858,2599,0.47655703289013296,0.5240477106579453,0.49917537108301263
office_spiral,w/o local verification,187,3,1507,2854,2654,0.5280308339173091,0.5678221552373776,0.5472040668119099
office_spiral,w/o local verification,188,3,1388,2959,2687,0.4690773910104765,0.5165612206922218,0.4916755224938009
office_spiral,w/o local verification,189,3,1500,2957,2721,0.5072708826513358,0.5512679162072768,0.528355054596689
office_spiral,w/o local verification,190,3,1565,2870,2725,0.5452961672473867,0.5743119266055046,0.5594280607685433
office_spiral,w/o local verification,191,3,1354,2646,2794,0.5117157974300831,0.4846098783106657,0.49779411764705883
office_spiral,w/o local verification,192,3,1480,3035,2848,0.4876441515650741,0.5196629213483146,0.5031446540880503
office_spiral,w/o local verification,193,3,1143,2198,2840,0.5200181983621474,0.4024647887323944,0.4537514886859865
office_spiral,w/o local verification,194,3,1066,1499,2854,0.7111407605070047,0.373510861948143,0.4897771651734436
office_spiral,w/o local verification,195,3,1535,2687,2814,0.5712690733159658,0.5454868514570007,0.5580803490274495
office_spiral,w/o local verification,196,3,942,1408,2824,0.6690340909090909,0.3335694050991501,0.44517958412098296
office_spiral,w/o local verification,197,3,1229,2122,2892,0.5791705937794533,0.42496542185338865,0.4902273633825289
office_spiral,w/o local verification,198,3,987,1519,2891,0.6497695852534562,0.3414043583535109,0.44761904761904764
office_spiral,w/o local verification,199,3,995,1978,2782,0.5030333670374115,0.3576563623292595,0.4180672268907563
office_spiral,w/o local verification,200,3,892,1669,2835,0.5344517675254643,0.3146384479717813,0.3960923623445826
office_spiral,w/o local verification,201,3,1097,1837,2830,0.5971692977681001,0.38763250883392225,0.4701092779087208
office_spiral,w/o local verification,202,3,1023,1509,2748,0.6779324055666004,0.3722707423580786,0.4806201550387597
office_spiral,w/o local verification,203,3,1363,2476,2678,0.5504846526655897,0.5089619118745332,0.5289095847885138
office_spiral,w/o local verification,204,3,222,232,2693,0.9568965517241379,0.08243594504270331,0.1517948717948718
office_spiral,w/o local verification,205,3,470,722,2744,0.6509695290858726,0.17128279883381925,0.27120600115406807
office_spiral,w/o local verification,206,3,1457,2592,2779,0.5621141975308642,0.524289312702411,0.5425432880283001
office_spiral,w/o local verification,207,3,264,608,2688,0.4342105263157895,0.09821428571428571,0.16019417475728157
office_spiral,w/o local verification,208,3,686,1132,2697,0.6060070671378092,0.25435669262143124,0.3583180987202925
office_spiral,w/o local verification,209,3,1124,2521,2709,0.44585481951606504,0.4149132521225544,0.42982791586998087
office_spiral,w/o local verification,210,3,673,1124,2696,0.5987544483985765,0.24962908011869436,0.35235602094240837
office_spiral,w/o local verification,211,3,214,359,2687,0.596100278551532,0.0796427242277633,0.14051214707813525
office_spiral,w/o local verification,212,3,861,1939,2524,0.44404332129963897,0.34112519809825675,0.3858391216670401
office_spiral,w/o local verification,213,3,497,731,2595,0.679890560875513,0.19152215799614644,0.2988574864702345
office_spiral,w/o local verification,214,3,1026,1718,2574,0.5972060535506403,0.3986013986013986,0.47809878844361603
office_spiral,w/o local verification,215,3,339,595,2488,0.5697478991596638,0.1362540192926045,0.21991566655854686
office_spiral,w/o local verification,216,3,711,1724,2378,0.4124129930394432,0.2989907485281749,0.34666016577279374
office_spiral,w/o local verification,217,3,1815,3649,2337,0.49739654699917785,0.7766367137355584,0.6064149682592717
office_spiral,w/o local verification,218,3,1108,2389,2297,0.46379238174968607,0.4823683064867218,0.4728979940247546
office_spiral,w/o local verification,219,3,538,990,2254,0.5434343434343434,0.23868677905944988,0.3316892725030826
office_spiral,w/o local verification,220,3,921,1738,2301,0.5299194476409667,0.4002607561929596,0.45605347858380785
office_spiral,w/o local verification,221,3,1565,3589,2284,0.4360546113123433,0.6852014010507881,0.5329473863442874
office_spiral,w/o local verification,222,3,1352,2542,2299,0.5318646734854445,0.5880817746846455,0.5585622805205536
office_spiral,w/o local verification,223,3,1534,3726,2251,0.41170155662909286,0.6814749000444247,0.5133009871172829
office_spiral,w/o local verification,224,3,783,2300,2272,0.34043478260869564,0.34463028169014087,0.3425196850393701
office_spiral,w/o local verification,225,3,693,1379,2347,0.5025380710659898,0.2952705581593524,0.3719806763285024
office_spiral,w/o local verification,226,3,908,2045,2293,0.44400977995110025,0.39598778892280856,0.4186260949746427
office_spiral,w/o local verification,227,3,1472,2818,2448,0.5223562810503903,0.6013071895424836,0.5590581086213445
office_spiral,w/o local verification,115,6,1277,3020,2009,0.4228476821192053,0.6356396217023395,0.5078544442235037
office_spiral,w/o local verification,116,6,1701,2756,2060,0.6171988388969522,0.8257281553398058,0.7063953488372093
office_spiral,w/o local verification,117,6,1491,2404,2118,0.620216306156406,0.7039660056657224,0.6594427244582043
office_spiral,w/o local verification,118,6,888,1132,2205,0.784452296819788,0.40272108843537413,0.5322145639796224
office_spiral,w/o local verification,119,6,854,1176,2197,0.7261904761904762,0.3887118798361402,0.5063741476430478
office_spiral,w/o local verification,120,6,511,637,2139,0.8021978021978022,0.2388966806919121,0.3681556195965418
office_spiral,w/o local verification,121,6,318,365,2129,0.8712328767123287,0.14936589948332551,0.2550120288692863
office_spiral,w/o local verification,122,6,597,896,2193,0.6662946428571429,0.2722298221614227,0.3865328585302687
office_spiral,w/o local verification,123,6,1319,1882,2221,0.7008501594048884,0.5938766321476813,0.6429441871801121
office_spiral,w/o local verification,124,6,853,1425,2184,0.5985964912280701,0.39056776556776557,0.47270712108617347
office_spiral,w/o local verification,125,6,1305,2105,2226,0.6199524940617577,0.5862533692722371,0.6026321865619949
office_spiral,w/o local verification,126,6,285,445,2198,0.6404494382022472,0.12966333030027297,0.21566401816118047
office_spiral,w/o local verification,127,6,1827,3482,2294,0.5246984491671454,0.7964254577157803,0.6326177285318559
office_spiral,w/o local verification,128,6,687,887,2338,0.7745208568207441,0.2938408896492729,0.42604651162790697
office_spiral,w/o local verification,129,6,118,238,2326,0.4957983193277311,0.05073086844368014,0.09204368174726989
office_spiral,w/o local verification,130,6,893,1183,2326,0.7548605240912933,0.38392089423903697,0.5089769165004274
office_spiral,w/o local verification,131,6,433,566,2300,0.765017667844523,0.1882608695652174,0.30216329378925333
office_spiral,w/o local verification,132,6,185,352,2384,0.5255681818181818,0.0776006711409396,0.13523391812865498
office_spiral,w/o local verification,133,6,131,135,2333,0.9703703703703703,0.05615087869695671,0.10615883306320907
office_spiral,w/o local verification,134,6,687,789,2416,0.870722433460076,0.2843543046357616,0.42870514820592825
office_spiral,w/o local verification,135,6,595,759,2491,0.7839262187088274,0.23885989562424728,0.36615384615384616
office_spiral,w/o local verification,136,6,1338,1864,2444,0.7178111587982833,0.5474631751227496,0.6211699164345403
office_spiral,w/o local verification,137,6,1668,3327,2440,0.5013525698827773,0.6836065573770492,0.5784636726200798
office_spiral,w/o local verification,138,6,160,263,2376,0.6083650190114068,0.06734006734006734,0.12125805229253506
office_spiral,w/o local verification,139,6,476,675,2364,0.7051851851851851,0.20135363790186125,0.31326094109904573
office_spiral,w/o local verification,140,6,105,128,2375,0.8203125,0.04421052631578947,0.08389932081502198
office_spiral,w/o local verification,141,6,836,1364,2303,0.6129032258064516,0.36300477637863654,0.45595854922279794
office_spiral,w/o local verification,142,6,1005,1696,2260,0.5925707547169812,0.4446902654867257,0.5080889787664308
office_spiral,w/o local verification,143,6,905,1498,2261,0.6041388518024032,0.40026536930561696,0.48151104017025803
office_spiral,w/o local verification,144,6,1484,2596,2246,0.5716486902927581,0.6607301869991096,0.6129698471705907
office_spiral,w/o local verification,145,6,674,941,2276,0.7162592986184909,0.2961335676625659,0.4190239353434877
office_spiral,w/o local verification,146,6,913,1351,2287,0.6757957068837898,0.39921294271972013,0.5019241341396372
office_spiral,w/o local verification,147,6,387,517,2321,0.7485493230174082,0.16673847479534684,0.2727272727272727
office_spiral,w/o local verification,148,6,1065,1900,2253,0.5605263157894737,0.47270306258322237,0.5128822537924392
office_spiral,w/o local verification,149,6,1379,2380,2147,0.5794117647058824,0.6422915696320447,0.6092334879611222
office_spiral,w/o local verification,150,6,1181,1797,2150,0.6572064552031163,0.5493023255813954,0.5984291867240943
office_spiral,w/o local verification,151,6,1127,1696,2145,0.6645047169811321,0.5254079254079254,0.5868263473053892
office_spiral,w/o local verification,152,6,631,810,2167,0.7790123456790123,0.2911859713890171,0.42391669465905274
office_spiral,w/o local verification,153,6,991,1442,2149,0.687239944521498,0.4611447184737087,0.5519353940406572
office_spiral,w/o local verification,154,6,931,1687,2160,0.5518672199170125,0.4310185185185185,0.4840135170262542
office_spiral,w/o local verification,155,6,728,1335,2113,0.5453183520599251,0.3445338381448178,0.4222737819025522
office_spiral,w/o local verification,156,6,1090,1982,2123,0.549949545913219,0.5134243994347621,0.5310596833130329
office_spiral,w/o local verification,157,6,384,630,2138,0.6095238095238096,0.1796071094480823,0.2774566473988439
office_spiral,w/o local verification,158,6,988,1595,2082,0.6194357366771159,0.4745437079731028,0.5373946151754148
office_spiral,w/o local verification,159,6,888,1545,2070,0.574757281553398,0.4289855072463768,0.4912863070539419
office_spiral,w/o local verification,160,6,319,429,2035,0.7435897435897436,0.15675675675675677,0.25892857142857145
office_spiral,w/o local verification,161,6,754,1129,2175,0.6678476527900797,0.3466666666666667,0.45641646489104115
office_spiral,w/o local verification,162,6,730,1072,2176,0.6809701492537313,0.33547794117647056,0.44950738916256155
office_spiral,w/o local verification,163,6,1087,1578,2059,0.6888466413181242,0.5279261777561923,0.5977453945559527
office_spiral,w/o local verification,164,6,1226,1650,2087,0.743030303030303,0.5874460948730235,0.6561412898046561
office_spiral,w/o local verification,165,6,835,1207,2051,0.6917978458989229,0.40711847879083374,0.512584407612032
office_spiral,w/o local verification,166,6,492,718,2060,0.6852367688022284,0.23883495145631067,0.3542116630669546
office_spiral,w/o local verification,167,6,1798,3421,2053,0.5255773165741011,0.875791524598149,0.6569236390208257
office_spiral,w/o local verification,168,6,806,1438,2076,0.5605006954102921,0.3882466281310212,0.4587364826408651
office_spiral,w/o local verification,169,6,271,321,2086,0.8442367601246106,0.1299137104506232,0.22517656834233485
office_spiral,w/o local verification,170,6,225,263,2059,0.8555133079847909,0.10927634774162215,0.1937984496124031
office_spiral,w/o local verification,171,6,1036,1851,2054,0.5596974608319827,0.5043816942551119,0.5306017925736236
office_spiral,w/o local verification,172,6,1692,2891,2085,0.5852646143203044,0.8115107913669065,0.680064308681672
office_spiral,w/o local verification,173,6,1851,3404,2080,0.5437720329024677,0.8899038461538461,0.675054704595186
office_spiral,w/o local verification,174,6,1295,2361,2120,0.5484963998305803,0.6108490566037735,0.5779959830395001
office_spiral,w/o local verification,175,6,1479,2774,2161,0.5331651045421774,0.6844053678852383,0.5993920972644377
office_spiral,w/o local verification,176,6,1020,1707,2162,0.5975395430579965,0.47178538390379277,0.5272680279141897
office_spiral,w/o local verification,177,6,279,314,2212,0.8885350318471338,0.12613019891500904,0.2209026128266033
office_spiral,w/o local verification,178,6,668,976,2216,0.6844262295081968,0.30144404332129965,0.41854636591478694
office_spiral,w/o local verification,179,6,572,756,2230,0.7566137566137566,0.25650224215246636,0.38312123241795043
office_spiral,w/o local verification,180,6,1274,2513,2165,0.5069637883008357,0.5884526558891455,0.5446772124839675
office_spiral,w/o local verification,181,6,1719,3037,2337,0.5660190977938755,0.7355584082156611,0.6397469296613323
office_spiral,w/o local verification,182,6,820,1602,2384,0.5118601747815231,0.34395973154362414,0.41144004014049174
office_spiral,w/o local verification,183,6,1223,2573,2459,0.47532063738826275,0.49735664904432697,0.48608903020667726
office_spiral,w/o local verification,184,6,1490,2743,2450,0.5432008749544295,0.6081632653061224,0.5738494126709032
office_spiral,w/o local verification,185,6,884,1293,2546,0.6836813611755607,0.3472113118617439,0.4605365980724147
office_spiral,w/o local verification,186,6,1634,2858,2599,0.5717284814555633,0.6287033474413236,0.5988638446032619
office_spiral,w/o local verification,187,6,1802,2854,2654,0.6313945339873861,0.678975131876413,0.654320987654321
office_spiral,w/o local verification,188,6,1646,2959,2687,0.5562690098006083,0.6125790844808336,0.5830676585193058
office_spiral,w/o local verification,189,6,1853,2957,2721,0.6266486303686168,0.6809996324880558,0.6526946107784432
office_spiral,w/o local verification,190,6,1846,2870,2725,0.643205574912892,0.6774311926605504,0.6598748882931189
office_spiral,w/o local verification,191,6,1651,2646,2794,0.6239606953892668,0.5909090909090909,0.606985294117647
office_spiral,w/o local verification,192,6,1822,3035,2848,0.600329489291598,0.639747191011236,0.6194118646948835
office_spiral,w/o local verification,193,6,1360,2198,2840,0.618744313011829,0.4788732394366197,0.5398967844382692
office_spiral,w/o local verification,194,6,1314,1499,2854,0.8765843895930621,0.460406447091801,0.6037215713301172
office_spiral,w/o local verification,195,6,1914,2687,2814,0.7123185708969111,0.6801705756929638,0.6958734775495364
office_spiral,w/o local verification,196,6,1099,1408,2824,0.7805397727272727,0.38916430594900847,0.5193761814744802
office_spiral,w/o local verification,197,6,1524,2122,2892,0.7181903864278982,0.5269709543568465,0.6078978859194256
office_spiral,w/o local verification,198,6,1213,1519,2891,0.7985516787360105,0.4195780006918021,0.5501133786848073
office_spiral,w/o local verification,199,6,1228,1978,2782,0.6208291203235592,0.4414090582314881,0.5159663865546219
office_spiral,w/o local verification,200,6,1200,1669,2835,0.7189934092270821,0.42328042328042326,0.5328596802841918
office_spiral,w/o local verification,201,6,1352,1837,2830,0.7359825802939576,0.4777385159010601,0.5793871866295265
office_spiral,w/o local verification,202,6,1272,1509,2748,0.8429423459244533,0.462882096069869,0.5976039464411558
office_spiral,w/o local verification,203,6,1710,2476,2678,0.6906300484652665,0.6385362210604929,0.6635622817229336
office_spiral,w/o local verification,204,6,232,232,2693,1.0,0.08614927590048273,0.15863247863247865
office_spiral,w/o local verification,205,6,555,722,2744,0.7686980609418282,0.2022594752186589,0.32025389497980383
office_spiral,w/o local verification,206,6,1674,2592,2779,0.6458333333333334,0.6023749550197913,0.6233476075218768
office_spiral,w/o local verification,207,6,344,608,2688,0.5657894736842105,0.12797619047619047,0.2087378640776699
office_spiral,w/o local verification,208,6,875,1132,2697,0.7729681978798587,0.3244345569150908,0.4570383912248629
office_spiral,w/o local verification,209,6,1493,2521,2709,0.5922253074176914,0.5511258767072721,0.5709369024856596
office_spiral,w/o local verification,210,6,855,1124,2696,0.7606761565836299,0.3171364985163205,0.4476439790575916
office_spiral,w/o local verification,211,6,270,359,2687,0.7520891364902507,0.10048381094157052,0.17728168089297439
office_spiral,w/o local verification,212,6,1092,1939,2524,0.5631768953068592,0.4326465927099842,0.4893569347972216
office_spiral,w/o local verification,213,6,594,731,2595,0.8125854993160054,0.22890173410404624,0.3571858087793145
office_spiral,w/o local verification,214,6,1309,1718,2574,0.7619324796274738,0.5085470085470085,0.6099720410065238
office_spiral,w/o local verification,215,6,487,595,2488,0.8184873949579832,0.19573954983922828,0.3159260460590334
office_spiral,w/o local verification,216,6,951,1724,2378,0.5516241299303944,0.39991589571068126,0.4636762554851292
office_spiral,w/o local verification,217,6,2113,3649,2337,0.579062756919704,0.904150620453573,0.7059806214500501
office_spiral,w/o local verification,218,6,1285,2389,2297,0.5378819589786522,0.5594253373966043,0.548442168160478
office_spiral,w/o local verification,219,6,594,990,2254,0.6,0.26353149955634425,0.36621454993834773
office_spiral,w/o local verification,220,6,1064,1738,2301,0.6121979286536249,0.4624076488483268,0.5268630849220104
office_spiral,w/o local verification,221,6,1905,3589,2284,0.5307885204792421,0.8340630472854641,0.6487314830580623
office_spiral,w/o local verification,222,6,1710,2542,2299,0.6726986624704957,0.743801652892562,0.7064656062796942
office_spiral,w/o local verification,223,6,1809,3726,2251,0.4855072463768116,0.8036428254109285,0.6053203948469131
office_spiral,w/o local verification,224,6,979,2300,2272,0.4256521739130435,0.4308978873239437,0.42825896762904636
office_spiral,w/o local verification,225,6,853,1379,2347,0.6185641769398115,0.3634426927993183,0.45786366076221147
office_spiral,w/o local verification,226,6,1210,2045,2293,0.5916870415647921,0.5276929786306149,0.557860765329645
office_spiral,w/o local verification,227,6,1782,2818,2448,0.6323633782824698,0.7279411764705882,0.6767945309532852
office_spiral,w/o local verification,115,9,1406,3020,2009,0.46556291390728477,0.6998506719761075,0.5591568900377809
office_spiral,w/o local verification,116,9,1816,2756,2060,0.6589259796806967,0.8815533980582524,0.7541528239202658
office_spiral,w/o local verification,117,9,1676,2404,2118,0.697171381031614,0.7913125590179415,0.7412649270234409
office_spiral,w/o local verification,118,9,979,1132,2205,0.8648409893992933,0.4439909297052154,0.5867545699730297
office_spiral,w/o local verification,119,9,934,1176,2197,0.79421768707483,0.4251251706873009,0.5538096649866587
office_spiral,w/o local verification,120,9,555,637,2139,0.8712715855572999,0.2594670406732118,0.39985590778097985
office_spiral,w/o local verification,121,9,332,365,2129,0.9095890410958904,0.15594175669328322,0.26623897353648757
office_spiral,w/o local verification,122,9,651,896,2193,0.7265625,0.2968536251709986,0.4214956296536096
office_spiral,w/o local verification,123,9,1440,1882,2221,0.7651434643995749,0.6483565961278703,0.7019254204240799
office_spiral,w/o local verification,124,9,899,1425,2184,0.6308771929824561,0.4116300366300366,0.49819894707675255
office_spiral,w/o local verification,125,9,1458,2105,2226,0.6926365795724465,0.6549865229110512,0.6732856153313322
office_spiral,w/o local verification,126,9,312,445,2198,0.701123595505618,0.14194722474977253,0.23609534619750283
office_spiral,w/o local verification,127,9,1981,3482,2294,0.5689259046524986,0.8635571054925893,0.6859418282548476
office_spiral,w/o local verification,128,9,746,887,2338,0.8410372040586246,0.31907613344739094,0.4626356589147287
office_spiral,w/o local verification,129,9,144,238,2326,0.6050420168067226,0.061908856405846945,0.11232449297971919
office_spiral,w/o local verification,130,9,954,1183,2326,0.8064243448858833,0.410146173688736,0.5437446565973212
office_spiral,w/o local verification,131,9,459,566,2300,0.8109540636042403,0.19956521739130434,0.32030704815073274
office_spiral,w/o local verification,132,9,196,352,2384,0.5568181818181818,0.08221476510067115,0.14327485380116958
office_spiral,w/o local verification,133,9,131,135,2333,0.9703703703703703,0.05615087869695671,0.10615883306320907
office_spiral,w/o local verification,134,9,741,789,2416,0.9391634980988594,0.30670529801324503,0.462402496099844
office_spiral,w/o local verification,135,9,684,759,2491,0.9011857707509882,0.2745885186672019,0.4209230769230769
office_spiral,w/o local verification,136,9,1470,1864,2444,0.7886266094420601,0.6014729950900164,0.6824512534818942
office_spiral,w/o local verification,137,9,1780,3327,2440,0.5350165314096784,0.7295081967213115,0.6173053580717878
office_spiral,w/o local verification,138,9,166,263,2376,0.6311787072243346,0.06986531986531987,0.12580522925350512
office_spiral,w/o local verification,139,9,500,675,2364,0.7407407407407407,0.21150592216582065,0.3290556103981573
office_spiral,w/o local verification,140,9,114,128,2375,0.890625,0.048,0.09109069117059529
office_spiral,w/o local verification,141,9,910,1364,2303,0.6671554252199413,0.3951367781155015,0.4963185164985001
office_spiral,w/o local verification,142,9,1099,1696,2260,0.6479952830188679,0.48628318584070795,0.5556117290192113
office_spiral,w/o local verification,143,9,1019,1498,2261,0.6802403204272364,0.4506855373728439,0.5421654695397712
office_spiral,w/o local verification,144,9,1672,2596,2246,0.6440677966101694,0.7444345503116652,0.6906237092110699
office_spiral,w/o local verification,145,9,723,941,2276,0.7683315621679064,0.31766256590509667,0.449487099782406
office_spiral,w/o local verification,146,9,967,1351,2287,0.7157660991857883,0.42282466112811545,0.5316107751511819
office_spiral,w/o local verification,147,9,427,517,2321,0.8259187620889749,0.18397242567858682,0.30091613812544044
office_spiral,w/o local verification,148,9,1137,1900,2253,0.598421052631579,0.5046604527296937,0.5475559836262942
office_spiral,w/o local verification,149,9,1488,2380,2147,0.6252100840336134,0.6930600838379134,0.6573889993373094
office_spiral,w/o local verification,150,9,1328,1797,2150,0.7390094602114635,0.6176744186046511,0.672916138839625
office_spiral,w/o local verification,151,9,1254,1696,2145,0.7393867924528302,0.5846153846153846,0.6529549596459255
office_spiral,w/o local verification,152,9,722,810,2167,0.891358024691358,0.33317951084448544,0.485052065838092
office_spiral,w/o local verification,153,9,1050,1442,2149,0.7281553398058253,0.48859934853420195,0.5847953216374269
office_spiral,w/o local verification,154,9,1005,1687,2160,0.5957320687611144,0.4652777777777778,0.5224850532882765
office_spiral,w/o local verification,155,9,788,1335,2113,0.5902621722846442,0.3729294841457643,0.45707656612529
office_spiral,w/o local verification,156,9,1244,1982,2123,0.627648839556004,0.5859632595383891,0.6060901339829476
office_spiral,w/o local verification,157,9,428,630,2138,0.6793650793650794,0.20018709073900842,0.3092485549132948
office_spiral,w/o local verification,158,9,1064,1595,2082,0.6670846394984326,0.5110470701248799,0.5787326624966005
office_spiral,w/o local verification,159,9,992,1545,2070,0.6420711974110033,0.4792270531400966,0.5488243430152144
office_spiral,w/o local verification,160,9,343,429,2035,0.7995337995337995,0.16855036855036856,0.2784090909090909
office_spiral,w/o local verification,161,9,851,1129,2175,0.7537643932683791,0.391264367816092,0.5151331719128329
office_spiral,w/o local verification,162,9,839,1072,2176,0.7826492537313433,0.38556985294117646,0.5166256157635468
office_spiral,w/o local verification,163,9,1179,1578,2059,0.747148288973384,0.5726080621661,0.6483365411053066
office_spiral,w/o local verification,164,9,1352,1650,2087,0.8193939393939393,0.6478198370867274,0.7235750602087235
office_spiral,w/o local verification,165,9,928,1207,2051,0.7688483844241922,0.4524622135543637,0.5696746470227133
office_spiral,w/o local verification,166,9,581,718,2060,0.8091922005571031,0.2820388349514563,0.41828653707703384
office_spiral,w/o local verification,167,9,1928,3421,2053,0.56357790119848,0.939113492450073,0.7044208987943004
office_spiral,w/o local verification,168,9,918,1438,2076,0.6383866481223922,0.4421965317919075,0.5224815025611839
office_spiral,w/o local verification,169,9,289,321,2086,0.9003115264797508,0.13854266538830298,0.24013294557540507
office_spiral,w/o local verification,170,9,239,263,2059,0.908745247148289,0.1160757649344342,0.2058570198105082
office_spiral,w/o local verification,171,9,1266,1851,2054,0.6839546191247974,0.6163583252190847,0.6483994878361076
office_spiral,w/o local verification,172,9,1813,2891,2085,0.6271186440677966,0.8695443645083932,0.7286977491961415
office_spiral,w/o local verification,173,9,1958,3404,2080,0.5752056404230317,0.9413461538461538,0.7140773158278628
office_spiral,w/o local verification,174,9,1442,2361,2120,0.6107581533248624,0.680188679245283,0.643606337871011
office_spiral,w/o local verification,175,9,1616,2774,2161,0.5825522710886806,0.7478019435446552,0.6549138804457953
office_spiral,w/o local verification,176,9,1162,1707,2162,0.6807264206209724,0.5374653098982424,0.600672008270871
office_spiral,w/o local verification,177,9,286,314,2212,0.910828025477707,0.12929475587703435,0.22644497228820268
office_spiral,w/o local verification,178,9,764,976,2216,0.7827868852459017,0.3447653429602888,0.47869674185463656
office_spiral,w/o local verification,179,9,620,756,2230,0.8201058201058201,0.27802690582959644,0.41527126590756863
office_spiral,w/o local verification,180,9,1400,2513,2165,0.5571030640668524,0.6466512702078522,0.5985463873450192
office_spiral,w/o local verification,181,9,1899,3037,2337,0.625288113269674,0.8125802310654685,0.7067361369557127
office_spiral,w/o local verification,182,9,935,1602,2384,0.583645443196005,0.3921979865771812,0.46914199698946313
office_spiral,w/o local verification,183,9,1390,2573,2459,0.5402254178002331,0.5652704351362342,0.5524642289348172
office_spiral,w/o local verification,184,9,1627,2743,2450,0.5931461903025884,0.6640816326530612,0.6266127479299056
office_spiral,w/o local verification,185,9,984,1293,2546,0.7610208816705336,0.38648860958366066,0.5126334983068508
office_spiral,w/o local verification,186,9,1760,2858,2599,0.615815255423373,0.6771835321277414,0.6450430639545538
office_spiral,w/o local verification,187,9,1961,2854,2654,0.6871058163980378,0.7388847023360965,0.7120551924473493
office_spiral,w/o local verification,188,9,1787,2959,2687,0.6039202433254478,0.6650539635280982,0.6330145235565002
office_spiral,w/o local verification,189,9,2039,2957,2721,0.6895502198173825,0.7493568540977582,0.7182106375484325
office_spiral,w/o local verification,190,9,2035,2870,2725,0.7090592334494773,0.7467889908256881,0.7274352100089365
office_spiral,w/o local verification,191,9,1827,2646,2794,0.6904761904761905,0.6539012168933429,0.6716911764705882
office_spiral,w/o local verification,192,9,1966,3035,2848,0.6477759472817134,0.6903089887640449,0.6683664796872344
office_spiral,w/o local verification,193,9,1499,2198,2840,0.6819836214740673,0.5278169014084507,0.5950774116712981
office_spiral,w/o local verification,194,9,1410,1499,2854,0.9406270847231488,0.4940434477925718,0.647829083390765
office_spiral,w/o local verification,195,9,2123,2687,2814,0.7901004838109416,0.7544420753375978,0.7718596618796583
office_spiral,w/o local verification,196,9,1184,1408,2824,0.8409090909090909,0.4192634560906516,0.5595463137996219
office_spiral,w/o local verification,197,9,1703,2122,2892,0.8025447690857681,0.588865836791148,0.679297965696051
office_spiral,w/o local verification,198,9,1365,1519,2891,0.8986175115207373,0.4721549636803874,0.6190476190476191
office_spiral,w/o local verification,199,9,1369,1978,2782,0.69211324570273,0.4920920201294033,0.5752100840336134
office_spiral,w/o local verification,200,9,1345,1669,2835,0.8058717795086878,0.47442680776014107,0.5972468916518651
office_spiral,w/o local verification,201,9,1471,1837,2830,0.8007621121393577,0.5197879858657244,0.6303835440325691
office_spiral,w/o local verification,202,9,1368,1509,2748,0.9065606361829026,0.4978165938864629,0.642706131078224
office_spiral,w/o local verification,203,9,1887,2476,2678,0.7621163166397416,0.7046303211351755,0.7322467986030268
office_spiral,w/o local verification,204,9,232,232,2693,1.0,0.08614927590048273,0.15863247863247865
office_spiral,w/o local verification,205,9,590,722,2744,0.817174515235457,0.21501457725947523,0.3404500865551068
office_spiral,w/o local verification,206,9,1783,2592,2779,0.6878858024691358,0.6415976970133141,0.6639359523366226
office_spiral,w/o local verification,207,9,410,608,2688,0.6743421052631579,0.15252976190476192,0.2487864077669903
office_spiral,w/o local verification,208,9,1008,1132,2697,0.8904593639575972,0.37374860956618466,0.526508226691042
office_spiral,w/o local verification,209,9,1693,2521,2709,0.6715589051963506,0.6249538575119971,0.6474187380497132
office_spiral,w/o local verification,210,9,962,1124,2696,0.8558718861209964,0.35682492581602376,0.5036649214659686
office_spiral,w/o local verification,211,9,314,359,2687,0.8746518105849582,0.11685895050241905,0.206172028890348
office_spiral,w/o local verification,212,9,1257,1939,2524,0.6482723053120165,0.4980190174326466,0.5632982298902084
office_spiral,w/o local verification,213,9,632,731,2595,0.8645690834473324,0.24354527938342968,0.3800360793746242
office_spiral,w/o local verification,214,9,1444,1718,2574,0.840512223515716,0.560994560994561,0.6728797763280522
office_spiral,w/o local verification,215,9,559,595,2488,0.9394957983193277,0.22467845659163987,0.3626337982484593
office_spiral,w/o local verification,216,9,1076,1724,2378,0.6241299303944315,0.45248107653490327,0.5246221355436372
office_spiral,w/o local verification,217,9,2243,3649,2337,0.6146889558783228,0.9597774925117672,0.7494153023722018
office_spiral,w/o local verification,218,9,1398,2389,2297,0.5851820845542067,0.608619939050936,0.5966709346991037
office_spiral,w/o local verification,219,9,633,990,2254,0.6393939393939394,0.2808340727595386,0.39025893958076446
office_spiral,w/o local verification,220,9,1150,1738,2301,0.6616800920598389,0.4997827031725337,0.569447883139391
office_spiral,w/o local verification,221,9,2080,3589,2284,0.5795486207857342,0.9106830122591943,0.7083262387195641
office_spiral,w/o local verification,222,9,1903,2542,2299,0.7486231313926043,0.8277511961722488,0.7862011980995662
office_spiral,w/o local verification,223,9,1985,3726,2251,0.5327428878153516,0.8818302976454909,0.6642128157938765
office_spiral,w/o local verification,224,9,1116,2300,2272,0.4852173913043478,0.49119718309859156,0.4881889763779528
office_spiral,w/o local verification,225,9,957,1379,2347,0.6939811457577955,0.4077545803152961,0.5136876006441223
office_spiral,w/o local verification,226,9,1367,2045,2293,0.6684596577017115,0.5961622328826864,0.6302443522360535
office_spiral,w/o local verification,227,9,1968,2818,2448,0.6983676366217175,0.803921568627451,0.7474363843524496
hqf_boxes,Full LLGD,117,3,578,969,3565,0.5964912280701754,0.1621318373071529,0.254962505513895
hqf_boxes,Full LLGD,118,3,375,522,3409,0.7183908045977011,0.11000293341155765,0.1907911472907657
hqf_boxes,Full LLGD,119,3,889,1539,3424,0.5776478232618584,0.2596378504672897,0.35825105782792666
hqf_boxes,Full LLGD,120,3,823,1661,3267,0.4954846478025286,0.2519130700948883,0.3340097402597403
hqf_boxes,Full LLGD,121,3,468,624,3236,0.75,0.1446229913473424,0.24248704663212436
hqf_boxes,Full LLGD,122,3,1289,2360,3141,0.5461864406779661,0.4103788602355938,0.4686420650790765
hqf_boxes,Full LLGD,123,3,968,1980,3174,0.4888888888888889,0.30497794580970383,0.37563057819169576
hqf_boxes,Full LLGD,124,3,641,995,3239,0.6442211055276382,0.19790058660080273,0.30278696268304206
hqf_boxes,Full LLGD,125,3,866,1404,3328,0.6168091168091168,0.26021634615384615,0.36601859678782755
hqf_boxes,Full LLGD,126,3,844,1259,3332,0.670373312152502,0.2533013205282113,0.367675887606186
hqf_boxes,Full LLGD,127,3,747,1137,3295,0.6569920844327177,0.2267071320182094,0.3370938628158845
hqf_boxes,Full LLGD,128,3,440,698,3221,0.6303724928366762,0.13660353927351754,0.2245470783363103
hqf_boxes,Full LLGD,129,3,418,636,3436,0.6572327044025157,0.12165308498253784,0.20530451866404714
hqf_boxes,Full LLGD,130,3,1207,1697,3510,0.7112551561579258,0.3438746438746439,0.4636066833109276
hqf_boxes,Full LLGD,131,3,584,1099,3355,0.5313921747042766,0.17406855439642324,0.2622361921867984
hqf_boxes,Full LLGD,132,3,881,1494,3473,0.5896921017402945,0.253671177656205,0.35474129253070263
hqf_boxes,Full LLGD,133,3,253,342,3387,0.7397660818713451,0.0746973723058754,0.13569321533923304
hqf_boxes,Full LLGD,134,3,1131,1624,3359,0.6964285714285714,0.33670735337898183,0.4539434075857917
hqf_boxes,Full LLGD,135,3,523,664,3204,0.7876506024096386,0.1632334581772784,0.2704239917269907
hqf_boxes,Full LLGD,136,3,1054,1369,3270,0.7699050401753105,0.3223241590214067,0.4544082776460444
hqf_boxes,Full LLGD,137,3,490,581,3328,0.8433734939759037,0.14723557692307693,0.2507035047326682
hqf_boxes,Full LLGD,138,3,1037,1180,3233,0.8788135593220339,0.32075471698113206,0.4699750736460458
hqf_boxes,Full LLGD,139,3,1392,1603,3282,0.8683718028696195,0.42413162705667273,0.5699078812691915
hqf_boxes,Full LLGD,140,3,1106,1298,3311,0.8520801232665639,0.33403805496828753,0.47993057062269473
hqf_boxes,Full LLGD,141,3,1083,1356,3310,0.7986725663716814,0.327190332326284,0.4642091727389627
hqf_boxes,Full LLGD,142,3,896,1036,3313,0.8648648648648649,0.2704497434349532,0.41204874683835363
hqf_boxes,Full LLGD,143,3,1052,1203,3317,0.8744804655029094,0.3171540548688574,0.4654867256637168
hqf_boxes,Full LLGD,144,3,501,532,3268,0.9417293233082706,0.15330477356181152,0.2636842105263158
hqf_boxes,Full LLGD,145,3,472,697,3242,0.6771879483500718,0.14558914250462676,0.23965473470423965
hqf_boxes,Full LLGD,146,3,237,266,3195,0.8909774436090225,0.07417840375586854,0.13695463738803815
hqf_boxes,Full LLGD,147,3,62,82,3242,0.7560975609756098,0.019123997532387416,0.03730445246690734
hqf_boxes,Full LLGD,148,3,65,99,3225,0.6565656565656566,0.020155038759689922,0.03910950661853189
hqf_boxes,Full LLGD,149,3,43,46,3216,0.9347826086956522,0.013370646766169154,0.026364193746167996
hqf_boxes,Full LLGD,150,3,751,811,3274,0.9260172626387176,0.22938301771533293,0.36768665850673193
hqf_boxes,Full LLGD,151,3,1193,1545,3171,0.772168284789644,0.3762220119836014,0.5059372349448685
hqf_boxes,Full LLGD,152,3,707,810,3184,0.8728395061728395,0.22204773869346733,0.3540310465698548
hqf_boxes,Full LLGD,153,3,847,1062,3248,0.7975517890772128,0.2607758620689655,0.3930394431554524
hqf_boxes,Full LLGD,154,3,263,346,3178,0.7601156069364162,0.08275645059786028,0.1492622020431328
hqf_boxes,Full LLGD,155,3,838,1127,3105,0.743566992014197,0.26988727858293077,0.3960302457466919
hqf_boxes,Full LLGD,156,3,763,925,3283,0.8248648648648649,0.232409381663113,0.3626425855513308
hqf_boxes,Full LLGD,157,3,497,624,3176,0.7964743589743589,0.15648614609571787,0.2615789473684211
hqf_boxes,Full LLGD,158,3,504,709,3332,0.7108603667136812,0.15126050420168066,0.24944320712694878
hqf_boxes,Full LLGD,159,3,504,698,3396,0.7220630372492837,0.14840989399293286,0.24621397166585246
hqf_boxes,Full LLGD,160,3,324,371,3423,0.8733153638814016,0.09465381244522349,0.17079599367422246
hqf_boxes,Full LLGD,161,3,813,969,3387,0.8390092879256966,0.2400354295837024,0.37327823691460055
hqf_boxes,Full LLGD,162,3,739,1292,3160,0.5719814241486069,0.23386075949367088,0.33198562443845464
hqf_boxes,Full LLGD,163,3,699,942,3234,0.7420382165605095,0.21614100185528756,0.33477011494252873
hqf_boxes,Full LLGD,164,3,839,1278,3232,0.6564945226917058,0.2595915841584158,0.3720620842572062
hqf_boxes,Full LLGD,165,3,682,1074,3276,0.6350093109869647,0.2081807081807082,0.3135632183908046
hqf_boxes,Full LLGD,166,3,393,873,3187,0.45017182130584193,0.12331346093504864,0.1935960591133005
hqf_boxes,Full LLGD,167,3,432,690,3223,0.6260869565217392,0.1340366118523115,0.2208024533605929
hqf_boxes,Full LLGD,168,3,468,873,3177,0.5360824742268041,0.14730878186968838,0.2311111111111111
hqf_boxes,Full LLGD,169,3,710,1376,3221,0.5159883720930233,0.22042843837317602,0.30889710680878835
hqf_boxes,Full LLGD,170,3,596,946,3416,0.6300211416490487,0.17447306791569087,0.27326914259513985
hqf_boxes,Full LLGD,171,3,1016,1404,3409,0.7236467236467237,0.29803461425638017,0.422189902347808
hqf_boxes,Full LLGD,172,3,403,457,3466,0.8818380743982495,0.11627236006924409,0.20545500892174356
hqf_boxes,Full LLGD,173,3,381,520,3436,0.7326923076923076,0.1108847497089639,0.19261880687563196
hqf_boxes,Full LLGD,174,3,313,355,3431,0.8816901408450705,0.09122704750801515,0.1653460116217644
hqf_boxes,Full LLGD,175,3,743,1111,3397,0.6687668766876688,0.2187224021195172,0.32963620230700974
hqf_boxes,Full LLGD,176,3,771,1174,3450,0.6567291311754685,0.2234782608695652,0.333477508650519
hqf_boxes,Full LLGD,177,3,316,462,3538,0.683982683982684,0.0893159977388355,0.158
hqf_boxes,Full LLGD,178,3,262,487,3445,0.5379876796714579,0.0760522496371553,0.13326551373346898
hqf_boxes,Full LLGD,179,3,92,125,3481,0.736,0.02642918701522551,0.051026067665002776
hqf_boxes,Full LLGD,180,3,267,358,3472,0.7458100558659218,0.07690092165898617,0.13942558746736292
hqf_boxes,Full LLGD,181,3,305,399,3384,0.7644110275689223,0.09013002364066194,0.1612476870208829
hqf_boxes,Full LLGD,182,3,114,135,3397,0.8444444444444444,0.03355902266705917,0.06455266138165346
hqf_boxes,Full LLGD,183,3,44,74,3314,0.5945945945945946,0.013277006638503319,0.025974025974025976
hqf_boxes,Full LLGD,184,3,315,392,3407,0.8035714285714286,0.09245670678015849,0.16583311397736247
hqf_boxes,Full LLGD,185,3,559,781,3392,0.7157490396927016,0.1647995283018868,0.26791277258566976
hqf_boxes,Full LLGD,186,3,286,348,3417,0.8218390804597702,0.08369915130231197,0.15192563081009297
hqf_boxes,Full LLGD,187,3,568,848,3404,0.6698113207547169,0.16686251468860164,0.2671683913452493
hqf_boxes,Full LLGD,188,3,237,397,3453,0.5969773299748111,0.0686359687228497,0.12311688311688311
hqf_boxes,Full LLGD,189,3,400,693,3405,0.5772005772005772,0.11747430249632893,0.19521717911176184
hqf_boxes,Full LLGD,190,3,592,790,3450,0.7493670886075949,0.17159420289855074,0.2792452830188679
hqf_boxes,Full LLGD,191,3,604,1000,3313,0.604,0.18231210383338364,0.28008346858335265
hqf_boxes,Full LLGD,192,3,797,1277,3238,0.6241190289741582,0.2461395923409512,0.3530454042081949
hqf_boxes,Full LLGD,193,3,511,952,3201,0.5367647058823529,0.15963761324586068,0.24608716590416566
hqf_boxes,Full LLGD,194,3,381,687,3209,0.5545851528384279,0.11872857588033656,0.19558521560574949
hqf_boxes,Full LLGD,195,3,590,780,3151,0.7564102564102564,0.18724214535068232,0.3001780717374714
hqf_boxes,Full LLGD,196,3,305,358,3133,0.8519553072625698,0.0973507819980849,0.17473503294185047
hqf_boxes,Full LLGD,197,3,375,459,3183,0.8169934640522876,0.117813383600377,0.20593080724876442
hqf_boxes,Full LLGD,198,3,662,1174,3023,0.5638841567291312,0.21898776050281177,0.31546342625685014
hqf_boxes,Full LLGD,199,3,571,914,2992,0.62472647702407,0.19084224598930483,0.29237071172555046
hqf_boxes,Full LLGD,200,3,356,474,2931,0.7510548523206751,0.12146025247355852,0.2091042584434655
hqf_boxes,Full LLGD,201,3,580,784,2964,0.7397959183673469,0.19568151147098514,0.3094983991462113
hqf_boxes,Full LLGD,202,3,464,594,3052,0.7811447811447811,0.15203145478374835,0.2545255074053758
hqf_boxes,Full LLGD,203,3,205,301,2904,0.6810631229235881,0.07059228650137742,0.12792511700468018
hqf_boxes,Full LLGD,204,3,516,695,2938,0.7424460431654676,0.1756296800544588,0.28406275805119735
hqf_boxes,Full LLGD,205,3,430,539,2853,0.7977736549165121,0.1507185418857343,0.2535377358490566
hqf_boxes,Full LLGD,206,3,65,68,2815,0.9558823529411765,0.023090586145648313,0.045091918140825527
hqf_boxes,Full LLGD,207,3,445,496,2961,0.8971774193548387,0.1502870651806822,0.25744865490309515
hqf_boxes,Full LLGD,208,3,681,880,2846,0.7738636363636363,0.2392832044975404,0.36553945249597425
hqf_boxes,Full LLGD,209,3,306,367,2693,0.8337874659400545,0.1136279242480505,0.2
hqf_boxes,Full LLGD,210,3,628,778,2731,0.8071979434447301,0.22995239838886855,0.3579367341122827
hqf_boxes,Full LLGD,211,3,811,1094,2738,0.7413162705667276,0.2962016070124178,0.4232776617954071
hqf_boxes,Full LLGD,212,3,181,209,2560,0.8660287081339713,0.070703125,0.1307331166486096
hqf_boxes,Full LLGD,213,3,662,1247,2523,0.5308740978348035,0.2623860483551328,0.35119363395225467
hqf_boxes,Full LLGD,214,3,433,619,2524,0.6995153473344103,0.17155309033280508,0.275532930321349
hqf_boxes,Full LLGD,215,3,770,1145,2465,0.6724890829694323,0.31237322515212984,0.4265927977839335
hqf_boxes,Full LLGD,216,3,792,1139,2385,0.6953467954345918,0.3320754716981132,0.44948921679909193
hqf_boxes,Full LLGD,217,3,540,748,2298,0.7219251336898396,0.2349869451697128,0.35456336178594877
hqf_boxes,Full LLGD,218,3,435,497,2366,0.8752515090543259,0.18385460693153,0.3038770520433112
hqf_boxes,Full LLGD,219,3,675,966,2130,0.6987577639751553,0.31690140845070425,0.436046511627907
hqf_boxes,Full LLGD,220,3,168,380,2060,0.4421052631578947,0.08155339805825243,0.1377049180327869
hqf_boxes,Full LLGD,221,3,267,398,2022,0.6708542713567839,0.13204747774480713,0.2206611570247934
hqf_boxes,Full LLGD,117,6,795,969,3565,0.8204334365325078,0.22300140252454417,0.3506837229819144
hqf_boxes,Full LLGD,118,6,468,522,3409,0.896551724137931,0.13728366089762395,0.2381073518188756
hqf_boxes,Full LLGD,119,6,1179,1539,3424,0.7660818713450293,0.3443341121495327,0.4751158573443482
hqf_boxes,Full LLGD,120,6,1181,1661,3267,0.7110174593618303,0.36149372513008876,0.47930194805194803
hqf_boxes,Full LLGD,121,6,546,624,3236,0.875,0.16872682323856614,0.28290155440414505
hqf_boxes,Full LLGD,122,6,1644,2360,3141,0.6966101694915254,0.5234001910219676,0.5977095073622978
hqf_boxes,Full LLGD,123,6,1321,1980,3174,0.6671717171717172,0.4161940768746062,0.5126115638339154
hqf_boxes,Full LLGD,124,6,805,995,3239,0.8090452261306532,0.24853349799320779,0.3802550779404818
hqf_boxes,Full LLGD,125,6,1075,1404,3328,0.7656695156695157,0.3230168269230769,0.4543533389687236
hqf_boxes,Full LLGD,126,6,1004,1259,3332,0.7974583002382843,0.3013205282112845,0.43737747767370944
hqf_boxes,Full LLGD,127,6,905,1137,3295,0.7959542656112577,0.2746585735963581,0.4083935018050541
hqf_boxes,Full LLGD,128,6,563,698,3221,0.8065902578796562,0.17479043775225087,0.2873181934166879
hqf_boxes,Full LLGD,129,6,497,636,3436,0.7814465408805031,0.14464493597206055,0.24410609037328093
hqf_boxes,Full LLGD,130,6,1469,1697,3510,0.8656452563347083,0.4185185185185185,0.5642404455540618
hqf_boxes,Full LLGD,131,6,734,1099,3355,0.6678798908098271,0.2187779433681073,0.3295913785361473
hqf_boxes,Full LLGD,132,6,1094,1494,3473,0.7322623828647925,0.31500143967751226,0.44050734850010065
hqf_boxes,Full LLGD,133,6,283,342,3387,0.827485380116959,0.08355476823147329,0.15178331992491284
hqf_boxes,Full LLGD,134,6,1272,1624,3359,0.7832512315270936,0.3786841321821971,0.5105358217941
hqf_boxes,Full LLGD,135,6,581,664,3204,0.875,0.1813358302122347,0.3004136504653568
hqf_boxes,Full LLGD,136,6,1178,1369,3270,0.860482103725347,0.3602446483180428,0.5078680750161673
hqf_boxes,Full LLGD,137,6,542,581,3328,0.9328743545611016,0.16286057692307693,0.2773087746226656
hqf_boxes,Full LLGD,138,6,1123,1180,3233,0.9516949152542373,0.34735539746365607,0.5089508271017449
hqf_boxes,Full LLGD,139,6,1520,1603,3282,0.9482220835932627,0.4631322364411944,0.6223132036847492
hqf_boxes,Full LLGD,140,6,1212,1298,3311,0.9337442218798151,0.36605255209906373,0.5259275330874377
hqf_boxes,Full LLGD,141,6,1216,1356,3310,0.8967551622418879,0.36737160120845924,0.5212173167595371
hqf_boxes,Full LLGD,142,6,957,1036,3313,0.9237451737451737,0.28886205855719893,0.4401011726833755
hqf_boxes,Full LLGD,143,6,1117,1203,3317,0.9285120532003325,0.3367500753693096,0.4942477876106195
hqf_boxes,Full LLGD,144,6,518,532,3268,0.9736842105263158,0.15850673194614442,0.27263157894736845
hqf_boxes,Full LLGD,145,6,502,697,3242,0.7202295552367288,0.15484268969771744,0.2548870271642549
hqf_boxes,Full LLGD,146,6,252,266,3195,0.9473684210526315,0.07887323943661972,0.1456226524125975
hqf_boxes,Full LLGD,147,6,67,82,3242,0.8170731707317073,0.02066625539790253,0.040312876052948254
hqf_boxes,Full LLGD,148,6,87,99,3225,0.8787878787878788,0.026976744186046512,0.052346570397111915
hqf_boxes,Full LLGD,149,6,46,46,3216,1.0,0.014303482587064677,0.028203556100551808
hqf_boxes,Full LLGD,150,6,795,811,3274,0.9802712700369913,0.24282223579718998,0.38922888616891066
hqf_boxes,Full LLGD,151,6,1356,1545,3171,0.8776699029126214,0.42762535477767266,0.5750636132315522
hqf_boxes,Full LLGD,152,6,762,810,3184,0.9407407407407408,0.239321608040201,0.3815723585378067
hqf_boxes,Full LLGD,153,6,957,1062,3248,0.9011299435028248,0.29464285714285715,0.4440835266821346
hqf_boxes,Full LLGD,154,6,286,346,3178,0.8265895953757225,0.08999370673379484,0.1623155505107832
hqf_boxes,Full LLGD,155,6,983,1127,3105,0.8722271517302573,0.31658615136876006,0.46455576559546313
hqf_boxes,Full LLGD,156,6,837,925,3283,0.9048648648648648,0.25494974109046603,0.39781368821292773
hqf_boxes,Full LLGD,157,6,584,624,3176,0.9358974358974359,0.18387909319899245,0.30736842105263157
hqf_boxes,Full LLGD,158,6,569,709,3332,0.8025387870239774,0.17076830732292916,0.2816134620143529
hqf_boxes,Full LLGD,159,6,573,698,3396,0.8209169054441261,0.1687279151943463,0.2799218368343918
hqf_boxes,Full LLGD,160,6,363,371,3423,0.9784366576819407,0.10604732690622261,0.19135477069056406
hqf_boxes,Full LLGD,161,6,915,969,3387,0.9442724458204335,0.27015057573073514,0.4201101928374656
hqf_boxes,Full LLGD,162,6,921,1292,3160,0.7128482972136223,0.29145569620253164,0.4137466307277628
hqf_boxes,Full LLGD,163,6,788,942,3234,0.8365180467091295,0.24366110080395795,0.3773946360153257
hqf_boxes,Full LLGD,164,6,1037,1278,3232,0.8114241001564946,0.3208539603960396,0.45986696230598667
hqf_boxes,Full LLGD,165,6,809,1074,3276,0.7532588454376163,0.24694749694749696,0.3719540229885058
hqf_boxes,Full LLGD,166,6,500,873,3187,0.572737686139748,0.15688735487919675,0.24630541871921183
hqf_boxes,Full LLGD,167,6,538,690,3223,0.7797101449275362,0.16692522494570275,0.27498083312036803
hqf_boxes,Full LLGD,168,6,647,873,3177,0.7411225658648339,0.20365124331129997,0.31950617283950616
hqf_boxes,Full LLGD,169,6,872,1376,3221,0.6337209302325582,0.2707233778329711,0.3793778551229062
hqf_boxes,Full LLGD,170,6,757,946,3416,0.8002114164904862,0.22160421545667447,0.3470884915176525
hqf_boxes,Full LLGD,171,6,1238,1404,3409,0.8817663817663818,0.36315635083602227,0.514440058175774
hqf_boxes,Full LLGD,172,6,431,457,3466,0.9431072210065645,0.12435083669936527,0.21972979862350242
hqf_boxes,Full LLGD,173,6,498,520,3436,0.9576923076923077,0.14493597206053552,0.2517694641051567
hqf_boxes,Full LLGD,174,6,337,355,3431,0.9492957746478873,0.09822209268434859,0.1780243000528262
hqf_boxes,Full LLGD,175,6,873,1111,3397,0.7857785778577858,0.2569914630556373,0.3873114463176575
hqf_boxes,Full LLGD,176,6,957,1174,3450,0.8151618398637138,0.2773913043478261,0.4139273356401384
hqf_boxes,Full LLGD,177,6,387,462,3538,0.8376623376623377,0.10938383267382702,0.1935
hqf_boxes,Full LLGD,178,6,356,487,3445,0.731006160164271,0.10333817126269956,0.18107833163784334
hqf_boxes,Full LLGD,179,6,114,125,3481,0.912,0.032749209997127264,0.0632279534109817
hqf_boxes,Full LLGD,180,6,332,358,3472,0.9273743016759777,0.0956221198156682,0.1733681462140992
hqf_boxes,Full LLGD,181,6,361,399,3384,0.9047619047619048,0.10667848699763594,0.1908538197197991
hqf_boxes,Full LLGD,182,6,126,135,3397,0.9333333333333333,0.03709155136885487,0.07134767836919592
hqf_boxes,Full LLGD,183,6,56,74,3314,0.7567567567567568,0.016898008449004225,0.03305785123966942
hqf_boxes,Full LLGD,184,6,352,392,3407,0.8979591836734694,0.1033167009098914,0.18531192419057646
hqf_boxes,Full LLGD,185,6,683,781,3392,0.8745198463508322,0.2013561320754717,0.3273424394919722
hqf_boxes,Full LLGD,186,6,318,348,3417,0.9137931034482759,0.09306409130816505,0.16892430278884463
hqf_boxes,Full LLGD,187,6,680,848,3404,0.8018867924528302,0.199764982373678,0.3198494825964252
hqf_boxes,Full LLGD,188,6,286,397,3453,0.7204030226700252,0.08282652765710977,0.14857142857142858
hqf_boxes,Full LLGD,189,6,544,693,3405,0.784992784992785,0.15976505139500735,0.2654953635919961
hqf_boxes,Full LLGD,190,6,679,790,3450,0.859493670886076,0.19681159420289854,0.32028301886792454
hqf_boxes,Full LLGD,191,6,742,1000,3313,0.742,0.22396619378207064,0.3440760491537213
hqf_boxes,Full LLGD,192,6,1006,1277,3238,0.7877838684416602,0.31068560840024706,0.44562569213732006
hqf_boxes,Full LLGD,193,6,688,952,3201,0.7226890756302521,0.2149328334895345,0.33132675174572596
hqf_boxes,Full LLGD,194,6,496,687,3209,0.7219796215429404,0.15456528513555626,0.2546201232032854
hqf_boxes,Full LLGD,195,6,697,780,3151,0.8935897435897436,0.22119961916851794,0.35461714576443654
hqf_boxes,Full LLGD,196,6,348,358,3133,0.9720670391061452,0.11107564634535588,0.19936980807791463
hqf_boxes,Full LLGD,197,6,428,459,3183,0.9324618736383442,0.13446434181589695,0.23503569467325644
hqf_boxes,Full LLGD,198,6,875,1174,3023,0.7453151618398637,0.2894475686404234,0.4169644984512747
hqf_boxes,Full LLGD,199,6,709,914,2992,0.7757111597374179,0.23696524064171123,0.3630312339989759
hqf_boxes,Full LLGD,200,6,416,474,2931,0.8776371308016878,0.1419310815421358,0.24434654919236418
hqf_boxes,Full LLGD,201,6,705,784,2964,0.8992346938775511,0.23785425101214575,0.37620064034151546
hqf_boxes,Full LLGD,202,6,548,594,3052,0.9225589225589226,0.17955439056356487,0.3006034009873834
hqf_boxes,Full LLGD,203,6,261,301,2904,0.867109634551495,0.08987603305785125,0.1628705148205928
hqf_boxes,Full LLGD,204,6,622,695,2938,0.8949640287769784,0.21170864533696393,0.3424167354803193
hqf_boxes,Full LLGD,205,6,510,539,2853,0.9461966604823747,0.17875920084121977,0.3007075471698113
hqf_boxes,Full LLGD,206,6,68,68,2815,1.0,0.024156305506216696,0.047173083593479014
hqf_boxes,Full LLGD,207,6,474,496,2961,0.9556451612903226,0.160081053698075,0.2742262076945328
hqf_boxes,Full LLGD,208,6,810,880,2846,0.9204545454545454,0.28460997891777934,0.43478260869565216
hqf_boxes,Full LLGD,209,6,326,367,2693,0.888283378746594,0.12105458596360935,0.2130718954248366
hqf_boxes,Full LLGD,210,6,713,778,2731,0.916452442159383,0.2610765287440498,0.40638358506697064
hqf_boxes,Full LLGD,211,6,964,1094,2738,0.8811700182815356,0.352081811541271,0.5031315240083507
hqf_boxes,Full LLGD,212,6,209,209,2560,1.0,0.081640625,0.15095702419646082
hqf_boxes,Full LLGD,213,6,911,1247,2523,0.7305533279871692,0.36107808164883076,0.483289124668435
hqf_boxes,Full LLGD,214,6,566,619,2524,0.9143780290791599,0.22424722662440572,0.3601654470251352
hqf_boxes,Full LLGD,215,6,950,1145,2465,0.8296943231441049,0.385395537525355,0.5263157894736842
hqf_boxes,Full LLGD,216,6,970,1139,2385,0.8516242317822651,0.40670859538784065,0.5505107832009081
hqf_boxes,Full LLGD,217,6,662,748,2298,0.8850267379679144,0.28807658833768496,0.4346684175968483
hqf_boxes,Full LLGD,218,6,480,497,2366,0.96579476861167,0.2028740490278952,0.33531260915123995
hqf_boxes,Full LLGD,219,6,781,966,2130,0.8084886128364389,0.36666666666666664,0.5045219638242894
hqf_boxes,Full LLGD,220,6,210,380,2060,0.5526315789473685,0.10194174757281553,0.1721311475409836
hqf_boxes,Full LLGD,221,6,326,398,2022,0.8190954773869347,0.16122650840751732,0.2694214876033058
hqf_boxes,Full LLGD,117,9,916,969,3565,0.9453044375644994,0.25694249649368867,0.40405822673136305
hqf_boxes,Full LLGD,118,9,511,522,3409,0.9789272030651341,0.14989733059548255,0.25998473670821676
hqf_boxes,Full LLGD,119,9,1335,1539,3424,0.8674463937621832,0.38989485981308414,0.537981059842837
hqf_boxes,Full LLGD,120,9,1318,1661,3267,0.7934978928356412,0.40342822161003977,0.5349025974025974
hqf_boxes,Full LLGD,121,9,591,624,3236,0.9471153846153846,0.1826328800988875,0.3062176165803109
hqf_boxes,Full LLGD,122,9,1808,2360,3141,0.7661016949152543,0.5756128621458134,0.6573350299945464
hqf_boxes,Full LLGD,123,9,1460,1980,3174,0.7373737373737373,0.4599873976055451,0.5665502522312766
hqf_boxes,Full LLGD,124,9,896,995,3239,0.9005025125628141,0.2766285890707008,0.4232404345772319
hqf_boxes,Full LLGD,125,9,1195,1404,3328,0.8511396011396012,0.3590745192307692,0.5050718512256974
hqf_boxes,Full LLGD,126,9,1122,1259,3332,0.8911834789515488,0.336734693877551,0.48878240034850795
hqf_boxes,Full LLGD,127,9,965,1137,3295,0.8487247141600703,0.2928679817905918,0.4354693140794224
hqf_boxes,Full LLGD,128,9,648,698,3221,0.9283667621776505,0.20117975783918038,0.3306966062771115
hqf_boxes,Full LLGD,129,9,562,636,3436,0.8836477987421384,0.16356228172293363,0.27603143418467585
hqf_boxes,Full LLGD,130,9,1596,1697,3510,0.9404832056570418,0.4547008547008547,0.6130209333589399
hqf_boxes,Full LLGD,131,9,834,1099,3355,0.7588717015468608,0.24858420268256334,0.3744948361023799
hqf_boxes,Full LLGD,132,9,1222,1494,3473,0.8179384203480589,0.3518571839907861,0.49204751358969195
hqf_boxes,Full LLGD,133,9,315,342,3387,0.9210526315789473,0.09300265721877768,0.16894609814963799
hqf_boxes,Full LLGD,134,9,1366,1624,3359,0.8411330049261084,0.40666865138434055,0.5482640979329721
hqf_boxes,Full LLGD,135,9,621,664,3204,0.9352409638554217,0.19382022471910113,0.32109617373319543
hqf_boxes,Full LLGD,136,9,1247,1369,3270,0.9108838568298028,0.38134556574923545,0.5376158654882518
hqf_boxes,Full LLGD,137,9,561,581,3328,0.9655765920826161,0.16856971153846154,0.2870299309286262
hqf_boxes,Full LLGD,138,9,1157,1180,3233,0.9805084745762712,0.35787194556139806,0.5243598459098119
hqf_boxes,Full LLGD,139,9,1557,1603,3282,0.9713038053649408,0.4744058500914077,0.6374616171954964
hqf_boxes,Full LLGD,140,9,1256,1298,3311,0.9676425269645609,0.3793415886439142,0.5450206118463875
hqf_boxes,Full LLGD,141,9,1258,1356,3310,0.9277286135693216,0.38006042296072506,0.539219888555508
hqf_boxes,Full LLGD,142,9,988,1036,3313,0.9536679536679536,0.29821913673407785,0.4543573235226489
hqf_boxes,Full LLGD,143,9,1134,1203,3317,0.942643391521197,0.341875188423274,0.5017699115044247
hqf_boxes,Full LLGD,144,9,528,532,3268,0.9924812030075187,0.16156670746634028,0.27789473684210525
hqf_boxes,Full LLGD,145,9,557,697,3242,0.7991391678622669,0.17180752621838372,0.28281289667428283
hqf_boxes,Full LLGD,146,9,259,266,3195,0.9736842105263158,0.0810641627543036,0.14966772609072523
hqf_boxes,Full LLGD,147,9,69,82,3242,0.8414634146341463,0.021283158544108574,0.04151624548736462
hqf_boxes,Full LLGD,148,9,91,99,3225,0.9191919191919192,0.028217054263565893,0.05475330926594465
hqf_boxes,Full LLGD,149,9,46,46,3216,1.0,0.014303482587064677,0.028203556100551808
hqf_boxes,Full LLGD,150,9,806,811,3274,0.9938347718865598,0.24618204031765425,0.3946144430844553
hqf_boxes,Full LLGD,151,9,1433,1545,3171,0.9275080906148867,0.45190791548407444,0.6077184054283291
hqf_boxes,Full LLGD,152,9,779,810,3184,0.9617283950617284,0.24466080402010051,0.3900851276915373
hqf_boxes,Full LLGD,153,9,1006,1062,3248,0.9472693032015066,0.30972906403940886,0.4668213457076566
hqf_boxes,Full LLGD,154,9,314,346,3178,0.9075144508670521,0.0988042794210195,0.1782065834279228
hqf_boxes,Full LLGD,155,9,1010,1127,3105,0.8961845607808341,0.3252818035426731,0.4773156899810964
hqf_boxes,Full LLGD,156,9,873,925,3283,0.9437837837837838,0.2659153213524216,0.4149239543726236
hqf_boxes,Full LLGD,157,9,611,624,3176,0.9791666666666666,0.19238035264483627,0.3215789473684211
hqf_boxes,Full LLGD,158,9,630,709,3332,0.8885754583921015,0.18907563025210083,0.311804008908686
hqf_boxes,Full LLGD,159,9,617,698,3396,0.8839541547277937,0.18168433451118962,0.3014167073766488
hqf_boxes,Full LLGD,160,9,368,371,3423,0.9919137466307277,0.10750803388840198,0.19399051133368478
hqf_boxes,Full LLGD,161,9,953,969,3387,0.9834881320949432,0.2813699439031591,0.43755739210284667
hqf_boxes,Full LLGD,162,9,1024,1292,3160,0.7925696594427245,0.3240506329113924,0.46001796945193174
hqf_boxes,Full LLGD,163,9,819,942,3234,0.8694267515923567,0.2532467532467532,0.3922413793103448
hqf_boxes,Full LLGD,164,9,1105,1278,3232,0.8646322378716745,0.34189356435643564,0.49002217294900224
hqf_boxes,Full LLGD,165,9,857,1074,3276,0.797951582867784,0.2615995115995116,0.39402298850574713
hqf_boxes,Full LLGD,166,9,542,873,3187,0.6208476517754868,0.17006589268904926,0.26699507389162563
hqf_boxes,Full LLGD,167,9,602,690,3223,0.8724637681159421,0.18678250077567485,0.3076923076923077
hqf_boxes,Full LLGD,168,9,734,873,3177,0.8407789232531501,0.23103556814604972,0.36246913580246914
hqf_boxes,Full LLGD,169,9,1017,1376,3221,0.7390988372093024,0.3157404532753803,0.44246247552751794
hqf_boxes,Full LLGD,170,9,835,946,3416,0.8826638477801269,0.24443793911007025,0.38285190279688214
hqf_boxes,Full LLGD,171,9,1335,1404,3409,0.9508547008547008,0.3916104429451452,0.5547475586952005
hqf_boxes,Full LLGD,172,9,443,457,3466,0.9693654266958425,0.1278130409694172,0.22584756563854194
hqf_boxes,Full LLGD,173,9,518,520,3436,0.9961538461538462,0.15075669383003493,0.26188068756319516
hqf_boxes,Full LLGD,174,9,342,355,3431,0.9633802816901409,0.09967939376275138,0.18066561014263074
hqf_boxes,Full LLGD,175,9,950,1111,3397,0.8550855085508551,0.2796585222254931,0.42147293700088734
hqf_boxes,Full LLGD,176,9,1054,1174,3450,0.8977853492333902,0.3055072463768116,0.45588235294117646
hqf_boxes,Full LLGD,177,9,415,462,3538,0.8982683982683982,0.11729790842283776,0.2075
hqf_boxes,Full LLGD,178,9,429,487,3445,0.8809034907597536,0.12452830188679245,0.21820956256358087
hqf_boxes,Full LLGD,179,9,125,125,3481,1.0,0.03590922148807814,0.06932889628397115
hqf_boxes,Full LLGD,180,9,349,358,3472,0.9748603351955307,0.1005184331797235,0.18224543080939948
hqf_boxes,Full LLGD,181,9,378,399,3384,0.9473684210526315,0.11170212765957446,0.1998413957176844
hqf_boxes,Full LLGD,182,9,135,135,3397,1.0,0.03974094789520165,0.07644394110985278
hqf_boxes,Full LLGD,183,9,65,74,3314,0.8783783783783784,0.019613759806879905,0.03837072018890201
hqf_boxes,Full LLGD,184,9,380,392,3407,0.9693877551020408,0.11153507484590548,0.20005264543300869
hqf_boxes,Full LLGD,185,9,733,781,3392,0.93854033290653,0.21609669811320756,0.35130601485741675
hqf_boxes,Full LLGD,186,9,327,348,3417,0.9396551724137931,0.09569798068481124,0.17370517928286852
hqf_boxes,Full LLGD,187,9,768,848,3404,0.9056603773584906,0.2256169212690952,0.36124176857949203
hqf_boxes,Full LLGD,188,9,329,397,3453,0.8287153652392947,0.09527946713003185,0.1709090909090909
hqf_boxes,Full LLGD,189,9,605,693,3405,0.873015873015873,0.1776798825256975,0.29526598340653976
hqf_boxes,Full LLGD,190,9,725,790,3450,0.9177215189873418,0.21014492753623187,0.3419811320754717
hqf_boxes,Full LLGD,191,9,856,1000,3313,0.856,0.2583760941744642,0.39693948527706935
hqf_boxes,Full LLGD,192,9,1113,1277,3238,0.8715740015661707,0.34373069796170475,0.4930232558139535
hqf_boxes,Full LLGD,193,9,805,952,3201,0.8455882352941176,0.25148391127772574,0.38767156272574044
hqf_boxes,Full LLGD,194,9,561,687,3209,0.8165938864628821,0.1748208164537239,0.2879876796714579
hqf_boxes,Full LLGD,195,9,773,780,3151,0.9910256410256411,0.24531894636623294,0.39328415161536506
hqf_boxes,Full LLGD,196,9,358,358,3133,1.0,0.11426747526332588,0.20509882555141792
hqf_boxes,Full LLGD,197,9,454,459,3183,0.9891067538126361,0.14263273641218976,0.24931356397583745
hqf_boxes,Full LLGD,198,9,994,1174,3023,0.8466780238500852,0.328812437975521,0.4736716702406481
hqf_boxes,Full LLGD,199,9,812,914,2992,0.888402625820569,0.2713903743315508,0.4157706093189964
hqf_boxes,Full LLGD,200,9,444,474,2931,0.9367088607594937,0.15148413510747186,0.2607929515418502
hqf_boxes,Full LLGD,201,9,745,784,2964,0.9502551020408163,0.25134952766531715,0.3975453575240128
hqf_boxes,Full LLGD,202,9,586,594,3052,0.9865319865319865,0.19200524246395806,0.32144816236972024
hqf_boxes,Full LLGD,203,9,280,301,2904,0.9302325581395349,0.09641873278236915,0.1747269890795632
hqf_boxes,Full LLGD,204,9,646,695,2938,0.9294964028776979,0.2198774676650783,0.35562895678502615
hqf_boxes,Full LLGD,205,9,524,539,2853,0.9721706864564007,0.1836663161584297,0.3089622641509434
hqf_boxes,Full LLGD,206,9,68,68,2815,1.0,0.024156305506216696,0.047173083593479014
hqf_boxes,Full LLGD,207,9,496,496,2961,1.0,0.16751097602161433,0.28695400636389934
hqf_boxes,Full LLGD,208,9,863,880,2846,0.9806818181818182,0.303232607167955,0.4632313472893183
hqf_boxes,Full LLGD,209,9,336,367,2693,0.9155313351498637,0.12476791682138878,0.2196078431372549
hqf_boxes,Full LLGD,210,9,744,778,2731,0.9562982005141388,0.27242768216770413,0.42405243659162156
hqf_boxes,Full LLGD,211,9,1027,1094,2738,0.9387568555758684,0.37509130752374,0.5360125260960334
hqf_boxes,Full LLGD,212,9,209,209,2560,1.0,0.081640625,0.15095702419646082
hqf_boxes,Full LLGD,213,9,1051,1247,2523,0.842822774659182,0.4165675782798256,0.5575596816976127
hqf_boxes,Full LLGD,214,9,605,619,2524,0.9773828756058158,0.23969889064976227,0.3849825007954184
hqf_boxes,Full LLGD,215,9,1035,1145,2465,0.9039301310043668,0.4198782961460446,0.5734072022160664
hqf_boxes,Full LLGD,216,9,1042,1139,2385,0.9148375768217735,0.43689727463312367,0.5913734392735528
hqf_boxes,Full LLGD,217,9,715,748,2298,0.9558823529411765,0.31114012184508266,0.4694681549573211
hqf_boxes,Full LLGD,218,9,497,497,2366,1.0,0.21005917159763313,0.3471882640586797
hqf_boxes,Full LLGD,219,9,870,966,2130,0.9006211180124224,0.4084507042253521,0.562015503875969
hqf_boxes,Full LLGD,220,9,241,380,2060,0.6342105263157894,0.11699029126213592,0.19754098360655736
hqf_boxes,Full LLGD,221,9,356,398,2022,0.8944723618090452,0.17606330365974282,0.29421487603305785
hqf_boxes,w/o local verification,117,3,1012,1846,3565,0.5482123510292525,0.2838709677419355,0.3740528552947699
hqf_boxes,w/o local verification,118,3,1399,2641,3409,0.5297235895494131,0.41038427691405105,0.4624793388429752
hqf_boxes,w/o local verification,119,3,1373,2691,3424,0.5102192493496841,0.4009929906542056,0.4490596892886345
hqf_boxes,w/o local verification,120,3,961,2334,3267,0.4117395029991431,0.29415365779002145,0.3431530083913587
hqf_boxes,w/o local verification,121,3,488,726,3236,0.6721763085399449,0.1508034610630408,0.24634023220595658
hqf_boxes,w/o local verification,122,3,1187,2326,3141,0.5103181427343079,0.3779051257561286,0.4342418145235047
hqf_boxes,w/o local verification,123,3,1267,2704,3174,0.46856508875739644,0.3991808443604285,0.43109901326981964
hqf_boxes,w/o local verification,124,3,1213,2374,3239,0.5109519797809604,0.37449830194504474,0.4322109388918582
hqf_boxes,w/o local verification,125,3,913,1597,3328,0.5716969317470256,0.2743389423076923,0.37076142131979695
hqf_boxes,w/o local verification,126,3,1125,1872,3332,0.6009615384615384,0.33763505402160865,0.4323597232897771
hqf_boxes,w/o local verification,127,3,945,1499,3295,0.6304202801867912,0.2867981790591806,0.39424280350438046
hqf_boxes,w/o local verification,128,3,1208,2038,3221,0.592737978410206,0.3750388078236572,0.45940292831336754
hqf_boxes,w/o local verification,129,3,777,1120,3436,0.69375,0.2261350407450524,0.3410886742756804
hqf_boxes,w/o local verification,130,3,1625,2502,3510,0.6494804156674661,0.46296296296296297,0.540585495675316
hqf_boxes,w/o local verification,131,3,893,1589,3355,0.5619886721208307,0.2661698956780924,0.36124595469255666
hqf_boxes,w/o local verification,132,3,1221,1561,3473,0.7821909032671365,0.3515692484883386,0.48510131108462456
hqf_boxes,w/o local verification,133,3,429,608,3387,0.7055921052631579,0.1266607617360496,0.21476846057571966
hqf_boxes,w/o local verification,134,3,1393,1952,3359,0.7136270491803278,0.4147067579636797,0.5245716437582376
hqf_boxes,w/o local verification,135,3,1172,1607,3204,0.7293092719352832,0.365792759051186,0.4872167948451465
hqf_boxes,w/o local verification,136,3,1400,1892,3270,0.7399577167019028,0.42813455657492355,0.5424254165052306
hqf_boxes,w/o local verification,137,3,1132,1339,3328,0.8454070201643017,0.3401442307692308,0.4851082065566745
hqf_boxes,w/o local verification,138,3,1393,1633,3233,0.8530312308634416,0.43086916176925455,0.572544184134813
hqf_boxes,w/o local verification,139,3,1486,1822,3282,0.8155872667398463,0.45277269957343086,0.5822884012539185
hqf_boxes,w/o local verification,140,3,1338,1536,3311,0.87109375,0.40410752038659015,0.5520940788116361
hqf_boxes,w/o local verification,141,3,398,502,3310,0.7928286852589641,0.1202416918429003,0.2088142707240294
hqf_boxes,w/o local verification,142,3,1326,1501,3313,0.8834110592938041,0.4002414729852098,0.5508932280847528
hqf_boxes,w/o local verification,143,3,1397,1539,3317,0.907732293697206,0.42116370214048837,0.5753706754530478
hqf_boxes,w/o local verification,144,3,596,657,3268,0.9071537290715372,0.18237454100367198,0.30369426751592354
hqf_boxes,w/o local verification,145,3,877,932,3242,0.9409871244635193,0.270512029611351,0.4202204120747484
hqf_boxes,w/o local verification,146,3,280,301,3195,0.9302325581395349,0.08763693270735524,0.16018306636155608
hqf_boxes,w/o local verification,147,3,154,213,3242,0.7230046948356808,0.047501542257865514,0.08914616497829234
hqf_boxes,w/o local verification,148,3,96,154,3225,0.6233766233766234,0.029767441860465118,0.05682154483575022
hqf_boxes,w/o local verification,149,3,48,57,3216,0.8421052631578947,0.014925373134328358,0.02933088909257562
hqf_boxes,w/o local verification,150,3,944,1021,3274,0.9245837414299706,0.28833231521075137,0.43958090803259603
hqf_boxes,w/o local verification,151,3,1299,1618,3171,0.8028430160692213,0.4096499526963103,0.5424932136145333
hqf_boxes,w/o local verification,152,3,877,1008,3184,0.8700396825396826,0.2754396984924623,0.41841603053435117
hqf_boxes,w/o local verification,153,3,1099,1309,3248,0.839572192513369,0.33836206896551724,0.4823348694316436
hqf_boxes,w/o local verification,154,3,720,965,3178,0.7461139896373057,0.22655758338577722,0.34757422157856627
hqf_boxes,w/o local verification,155,3,1189,1433,3105,0.8297278436845779,0.38293075684380035,0.5240193918025562
hqf_boxes,w/o local verification,156,3,1366,1874,3283,0.7289220917822838,0.4160828510508681,0.5297653674617026
hqf_boxes,w/o local verification,157,3,637,915,3176,0.6961748633879782,0.20056675062972293,0.3114153018821804
hqf_boxes,w/o local verification,158,3,1256,1619,3332,0.7757875231624459,0.37695078031212487,0.5073722480307009
hqf_boxes,w/o local verification,159,3,1066,1392,3396,0.7658045977011494,0.3138987043580683,0.4452798663324979
hqf_boxes,w/o local verification,160,3,752,1273,3423,0.5907305577376276,0.21969033011977798,0.3202725724020443
hqf_boxes,w/o local verification,161,3,1036,1472,3387,0.7038043478260869,0.30587540596397994,0.42642519036838855
hqf_boxes,w/o local verification,162,3,1164,1979,3160,0.5881758463870642,0.36835443037974686,0.45300642148277875
hqf_boxes,w/o local verification,163,3,879,1267,3234,0.6937647987371744,0.2717996289424861,0.39057987113974674
hqf_boxes,w/o local verification,164,3,1005,1703,3232,0.5901350557839108,0.31095297029702973,0.4072948328267477
hqf_boxes,w/o local verification,165,3,809,1490,3276,0.5429530201342282,0.24694749694749696,0.3394880402853546
hqf_boxes,w/o local verification,166,3,525,797,3187,0.6587202007528231,0.16473172262315658,0.2635542168674699
hqf_boxes,w/o local verification,167,3,752,1472,3223,0.5108695652173914,0.23332299100217188,0.32034078807241745
hqf_boxes,w/o local verification,168,3,811,1541,3177,0.5262816353017521,0.2552722694365754,0.34378974141585417
hqf_boxes,w/o local verification,169,3,946,1827,3221,0.5177887246852764,0.2936976094380627,0.37480190174326466
hqf_boxes,w/o local verification,170,3,903,1488,3416,0.6068548387096774,0.26434426229508196,0.3682707993474715
hqf_boxes,w/o local verification,171,3,1576,2933,3409,0.5373337879304466,0.46230566148430624,0.49700409965310627
hqf_boxes,w/o local verification,172,3,687,1079,3466,0.6367006487488415,0.19821119446047317,0.3023102310231023
hqf_boxes,w/o local verification,173,3,643,1002,3436,0.6417165668662674,0.1871362048894063,0.2897701667417756
hqf_boxes,w/o local verification,174,3,538,732,3431,0.7349726775956285,0.15680559603614105,0.25846745135719434
hqf_boxes,w/o local verification,175,3,1176,1968,3397,0.5975609756097561,0.3461878127759788,0.43839701770736256
hqf_boxes,w/o local verification,176,3,1123,1931,3450,0.5815639564992232,0.3255072463768116,0.4173945363315369
hqf_boxes,w/o local verification,177,3,551,895,3538,0.6156424581005586,0.1557377049180328,0.2485901195578615
hqf_boxes,w/o local verification,178,3,601,1071,3445,0.5611577964519141,0.17445573294629899,0.2661647475642161
hqf_boxes,w/o local verification,179,3,259,338,3481,0.7662721893491125,0.0744039069232979,0.13563760146635245
hqf_boxes,w/o local verification,180,3,383,546,3472,0.7014652014652014,0.1103110599078341,0.1906421105027377
hqf_boxes,w/o local verification,181,3,525,748,3384,0.7018716577540107,0.1551418439716312,0.25411423039690223
hqf_boxes,w/o local verification,182,3,232,379,3397,0.6121372031662269,0.06829555490138357,0.1228813559322034
hqf_boxes,w/o local verification,183,3,1332,2685,3314,0.4960893854748603,0.4019312009656005,0.44407401233538923
hqf_boxes,w/o local verification,184,3,526,781,3407,0.6734955185659411,0.1543880246551218,0.2511938872970392
hqf_boxes,w/o local verification,185,3,903,1415,3392,0.6381625441696113,0.2662146226415094,0.37570210110255875
hqf_boxes,w/o local verification,186,3,451,585,3417,0.770940170940171,0.13198712320749195,0.22538730634682658
hqf_boxes,w/o local verification,187,3,822,1165,3404,0.7055793991416309,0.24148061104582844,0.3598161523309258
hqf_boxes,w/o local verification,188,3,810,1234,3453,0.6564019448946515,0.23457862728062553,0.3456368679325795
hqf_boxes,w/o local verification,189,3,823,1359,3405,0.6055923473142016,0.24170337738619677,0.34550797649034426
hqf_boxes,w/o local verification,190,3,1012,1546,3450,0.6545924967658473,0.29333333333333333,0.40512409927942356
hqf_boxes,w/o local verification,191,3,769,1431,3313,0.5373864430468204,0.2321159070329007,0.3241989881956155
hqf_boxes,w/o local verification,192,3,1115,1933,3238,0.5768235902741852,0.34434836318715256,0.4312512086637014
hqf_boxes,w/o local verification,193,3,802,1426,3201,0.5624123422159888,0.25054670415495156,0.3466609033931273
hqf_boxes,w/o local verification,194,3,655,1296,3209,0.5054012345679012,0.20411343097538173,0.290788013318535
hqf_boxes,w/o local verification,195,3,1048,1843,3151,0.5686380900705371,0.33259282767375437,0.4197036443732479
hqf_boxes,w/o local verification,196,3,475,698,3133,0.6805157593123209,0.15161187360357484,0.24797702949621508
hqf_boxes,w/o local verification,197,3,620,940,3183,0.6595744680851063,0.19478479421929,0.3007518796992481
hqf_boxes,w/o local verification,198,3,1027,1965,3023,0.5226463104325699,0.3397287462785313,0.4117882919005613
hqf_boxes,w/o local verification,199,3,830,1344,2992,0.6175595238095238,0.27740641711229946,0.3828413284132841
hqf_boxes,w/o local verification,200,3,693,1240,2931,0.5588709677419355,0.23643807574206754,0.332294413809638
hqf_boxes,w/o local verification,201,3,660,1098,2964,0.6010928961748634,0.22267206477732793,0.3249630723781389
hqf_boxes,w/o local verification,202,3,657,998,3052,0.6583166332665331,0.2152686762778506,0.3244444444444444
hqf_boxes,w/o local verification,203,3,277,490,2904,0.5653061224489796,0.09538567493112948,0.1632292280494991
hqf_boxes,w/o local verification,204,3,879,1388,2938,0.6332853025936599,0.2991831177671886,0.406380027739251
hqf_boxes,w/o local verification,205,3,634,761,2853,0.8331143232588699,0.2222222222222222,0.350857775318207
hqf_boxes,w/o local verification,206,3,81,101,2815,0.801980198019802,0.028774422735346358,0.05555555555555555
hqf_boxes,w/o local verification,207,3,545,594,2961,0.9175084175084175,0.18405943937858832,0.3066104078762307
hqf_boxes,w/o local verification,208,3,767,1027,2846,0.7468354430379747,0.26950105411103303,0.3960753937516137
hqf_boxes,w/o local verification,209,3,357,433,2693,0.8244803695150116,0.13256591162272557,0.22840690978886757
hqf_boxes,w/o local verification,210,3,860,1161,2731,0.7407407407407407,0.3149029659465397,0.4419321685508736
hqf_boxes,w/o local verification,211,3,994,1413,2738,0.7034677990092003,0.36303871439006574,0.47892074198988194
hqf_boxes,w/o local verification,212,3,360,422,2560,0.8530805687203792,0.140625,0.2414486921529175
hqf_boxes,w/o local verification,213,3,918,1497,2523,0.6132264529058116,0.3638525564803805,0.45671641791044776
hqf_boxes,w/o local verification,214,3,1001,1500,2524,0.6673333333333333,0.39659270998415214,0.4975149105367793
hqf_boxes,w/o local verification,215,3,993,1410,2465,0.7042553191489361,0.4028397565922921,0.5125161290322581
hqf_boxes,w/o local verification,216,3,890,1481,2385,0.6009453072248481,0.3731656184486373,0.4604242110708743
hqf_boxes,w/o local verification,217,3,650,909,2298,0.7150715071507151,0.2828546562228024,0.40536326785157467
hqf_boxes,w/o local verification,218,3,609,753,2366,0.8087649402390438,0.257396449704142,0.39050977877524845
hqf_boxes,w/o local verification,219,3,670,1125,2130,0.5955555555555555,0.3145539906103286,0.4116743471582181
hqf_boxes,w/o local verification,220,3,621,909,2060,0.6831683168316832,0.30145631067961165,0.41832266756483666
hqf_boxes,w/o local verification,221,3,419,663,2022,0.6319758672699849,0.20722057368941643,0.31210428305400373
hqf_boxes,w/o local verification,117,6,1249,1846,3565,0.6765980498374865,0.35035063113604487,0.4616521899833672
hqf_boxes,w/o local verification,118,6,1696,2641,3409,0.6421809920484665,0.4975066001760047,0.5606611570247934
hqf_boxes,w/o local verification,119,6,1661,2691,3424,0.6172426607209216,0.48510514018691586,0.5432542927228128
hqf_boxes,w/o local verification,120,6,1316,2334,3267,0.5638389031705227,0.40281603917967557,0.46991608641314053
hqf_boxes,w/o local verification,121,6,593,726,3236,0.8168044077134986,0.18325092707045734,0.29934376577486116
hqf_boxes,w/o local verification,122,6,1496,2326,3141,0.6431642304385211,0.47628143903215536,0.5472837022132797
hqf_boxes,w/o local verification,123,6,1593,2704,3174,0.5891272189349113,0.501890359168242,0.542021095610752
hqf_boxes,w/o local verification,124,6,1419,2374,3239,0.5977253580454929,0.43809817845013893,0.5056119722073757
hqf_boxes,w/o local verification,125,6,1104,1597,3328,0.691296180338134,0.3317307692307692,0.4483248730964467
hqf_boxes,w/o local verification,126,6,1319,1872,3332,0.7045940170940171,0.39585834333733494,0.5069177555726364
hqf_boxes,w/o local verification,127,6,1106,1499,3295,0.7378252168112075,0.335660091047041,0.4614100959532749
hqf_boxes,w/o local verification,128,6,1364,2038,3221,0.6692836113837095,0.4234709717479044,0.518729796539266
hqf_boxes,w/o local verification,129,6,889,1120,3436,0.79375,0.2587310826542491,0.39025460930640915
hqf_boxes,w/o local verification,130,6,1841,2502,3510,0.7358113509192646,0.5245014245014245,0.6124417831004657
hqf_boxes,w/o local verification,131,6,1068,1589,3355,0.672120830711139,0.31833084947839047,0.4320388349514563
hqf_boxes,w/o local verification,132,6,1453,1561,3473,0.9308135810377963,0.41837028505614743,0.577274533174414
hqf_boxes,w/o local verification,133,6,514,608,3387,0.8453947368421053,0.15175671685857692,0.25732165206508134
hqf_boxes,w/o local verification,134,6,1541,1952,3359,0.7894467213114754,0.4587674903245013,0.5803050273018264
hqf_boxes,w/o local verification,135,6,1342,1607,3204,0.835096453018046,0.4188514357053683,0.5578881729370193
hqf_boxes,w/o local verification,136,6,1598,1892,3270,0.8446088794926004,0.4886850152905199,0.6191398682681132
hqf_boxes,w/o local verification,137,6,1208,1339,3328,0.9021657953696789,0.3629807692307692,0.5176773087636597
hqf_boxes,w/o local verification,138,6,1512,1633,3233,0.9259032455603184,0.4676770801113517,0.6214549938347719
hqf_boxes,w/o local verification,139,6,1597,1822,3282,0.8765093304061471,0.48659354052407067,0.6257836990595611
hqf_boxes,w/o local verification,140,6,1445,1536,3311,0.9407552083333334,0.4364240410752039,0.5962451000618939
hqf_boxes,w/o local verification,141,6,432,502,3310,0.8605577689243028,0.13051359516616315,0.2266526757607555
hqf_boxes,w/o local verification,142,6,1437,1501,3313,0.9573617588274483,0.43374584968306673,0.5970087245533859
hqf_boxes,w/o local verification,143,6,1493,1539,3317,0.9701104613385315,0.45010551703346396,0.6149093904448105
hqf_boxes,w/o local verification,144,6,642,657,3268,0.9771689497716894,0.19645042839657284,0.32713375796178346
hqf_boxes,w/o local verification,145,6,914,932,3242,0.98068669527897,0.28192473781616284,0.43794920939147103
hqf_boxes,w/o local verification,146,6,293,301,3195,0.973421926910299,0.09170579029733959,0.16762013729977115
hqf_boxes,w/o local verification,147,6,171,213,3242,0.8028169014084507,0.052745219000616905,0.09898697539797395
hqf_boxes,w/o local verification,148,6,124,154,3225,0.8051948051948052,0.038449612403100776,0.07339449541284404
hqf_boxes,w/o local verification,149,6,57,57,3216,1.0,0.017723880597014924,0.034830430797433545
hqf_boxes,w/o local verification,150,6,995,1021,3274,0.9745347698334965,0.30390959071472207,0.46332945285215366
hqf_boxes,w/o local verification,151,6,1480,1618,3171,0.9147095179233622,0.4667297382529171,0.6180831071204844
hqf_boxes,w/o local verification,152,6,959,1008,3184,0.9513888888888888,0.3011934673366834,0.4575381679389313
hqf_boxes,w/o local verification,153,6,1217,1309,3248,0.9297173414820473,0.374692118226601,0.5341233267500548
hqf_boxes,w/o local verification,154,6,814,965,3178,0.8435233160621761,0.2561359345500315,0.39295196717354575
hqf_boxes,w/o local verification,155,6,1313,1433,3105,0.9162595952547103,0.42286634460547506,0.5786690171881886
hqf_boxes,w/o local verification,156,6,1518,1874,3283,0.8100320170757738,0.4623819677124581,0.5887143688190809
hqf_boxes,w/o local verification,157,6,781,915,3176,0.853551912568306,0.24590680100755669,0.38181373747250064
hqf_boxes,w/o local verification,158,6,1466,1619,3332,0.9054972205064855,0.4399759903961585,0.5922035952332863
hqf_boxes,w/o local verification,159,6,1183,1392,3396,0.8498563218390804,0.3483510011778563,0.49415204678362573
hqf_boxes,w/o local verification,160,6,855,1273,3423,0.6716417910447762,0.24978089395267308,0.3641396933560477
hqf_boxes,w/o local verification,161,6,1175,1472,3387,0.798233695652174,0.3469146737525834,0.4836386087672361
hqf_boxes,w/o local verification,162,6,1450,1979,3160,0.7326932794340576,0.4588607594936709,0.5643121229811248
hqf_boxes,w/o local verification,163,6,986,1267,3234,0.7782162588792423,0.3048855905998763,0.43812486114196847
hqf_boxes,w/o local verification,164,6,1245,1703,3232,0.7310628302994715,0.38521039603960394,0.5045592705167173
hqf_boxes,w/o local verification,165,6,920,1490,3276,0.6174496644295302,0.28083028083028083,0.3860679815358791
hqf_boxes,w/o local verification,166,6,631,797,3187,0.7917189460476788,0.19799184185754629,0.31676706827309237
hqf_boxes,w/o local verification,167,6,893,1472,3223,0.6066576086956522,0.27707105181507913,0.38040468583599574
hqf_boxes,w/o local verification,168,6,1033,1541,3177,0.6703439325113563,0.32514951211835064,0.4378974141585418
hqf_boxes,w/o local verification,169,6,1134,1827,3221,0.6206896551724138,0.3520645762185657,0.44928684627575277
hqf_boxes,w/o local verification,170,6,1066,1488,3416,0.7163978494623656,0.3120608899297424,0.43474714518760194
hqf_boxes,w/o local verification,171,6,1834,2933,3409,0.6252983293556086,0.5379876796714579,0.5783664459161147
hqf_boxes,w/o local verification,172,6,805,1079,3466,0.7460611677479148,0.23225620311598386,0.3542354235423542
hqf_boxes,w/o local verification,173,6,777,1002,3436,0.7754491017964071,0.2261350407450524,0.3501577287066246
hqf_boxes,w/o local verification,174,6,626,732,3431,0.855191256830601,0.1824540950160303,0.30074465529666106
hqf_boxes,w/o local verification,175,6,1387,1968,3397,0.7047764227642277,0.4083014424492199,0.5170549860205033
hqf_boxes,w/o local verification,176,6,1324,1931,3450,0.6856551009839461,0.383768115942029,0.4921018398067274
hqf_boxes,w/o local verification,177,6,653,895,3538,0.729608938547486,0.18456755228942906,0.29460861718926235
hqf_boxes,w/o local verification,178,6,770,1071,3445,0.7189542483660131,0.22351233671988388,0.3410097431355182
hqf_boxes,w/o local verification,179,6,321,338,3481,0.9497041420118343,0.09221488078138466,0.1681068342498036
hqf_boxes,w/o local verification,180,6,483,546,3472,0.8846153846153846,0.13911290322580644,0.24041811846689895
hqf_boxes,w/o local verification,181,6,640,748,3384,0.8556149732620321,0.18912529550827423,0.30977734753146174
hqf_boxes,w/o local verification,182,6,293,379,3397,0.7730870712401056,0.08625257580217839,0.1551906779661017
hqf_boxes,w/o local verification,183,6,1575,2685,3314,0.5865921787709497,0.4752564876282438,0.5250875145857643
hqf_boxes,w/o local verification,184,6,664,781,3407,0.8501920614596671,0.19489286762547695,0.31709646609360076
hqf_boxes,w/o local verification,185,6,1072,1415,3392,0.7575971731448763,0.3160377358490566,0.4460162263365925
hqf_boxes,w/o local verification,186,6,524,585,3417,0.8957264957264958,0.1533508925958443,0.26186906546726635
hqf_boxes,w/o local verification,187,6,961,1165,3404,0.8248927038626609,0.28231492361927146,0.4206609761435763
hqf_boxes,w/o local verification,188,6,958,1234,3453,0.7763371150729336,0.27743990732696205,0.40879027096223597
hqf_boxes,w/o local verification,189,6,1040,1359,3405,0.7652685798381162,0.3054331864904552,0.436607892527288
hqf_boxes,w/o local verification,190,6,1208,1546,3450,0.7813712807244502,0.3501449275362319,0.4835868694955965
hqf_boxes,w/o local verification,191,6,956,1431,3313,0.6680642907058001,0.2885602173256867,0.403035413153457
hqf_boxes,w/o local verification,192,6,1300,1933,3238,0.6725297465080187,0.40148239654107476,0.5028040997872751
hqf_boxes,w/o local verification,193,6,1067,1426,3201,0.7482468443197756,0.3333333333333333,0.4612059649881132
hqf_boxes,w/o local verification,194,6,815,1296,3209,0.628858024691358,0.25397320037394827,0.36182019977802443
hqf_boxes,w/o local verification,195,6,1312,1843,3151,0.7118827997829625,0.41637575372897495,0.5254305166199439
hqf_boxes,w/o local verification,196,6,604,698,3133,0.8653295128939829,0.19278646664538782,0.3153223701383451
hqf_boxes,w/o local verification,197,6,793,940,3183,0.8436170212765958,0.24913603518693056,0.384671355808877
hqf_boxes,w/o local verification,198,6,1256,1965,3023,0.6391857506361324,0.41548130995699634,0.5036086607858862
hqf_boxes,w/o local verification,199,6,1052,1344,2992,0.7827380952380952,0.3516042780748663,0.48523985239852396
hqf_boxes,w/o local verification,200,6,908,1240,2931,0.7322580645161291,0.3097918799044695,0.43538719731479264
hqf_boxes,w/o local verification,201,6,838,1098,2964,0.7632058287795993,0.2827260458839406,0.41260462826193994
hqf_boxes,w/o local verification,202,6,815,998,3052,0.8166332665330661,0.2670380078636959,0.4024691358024691
hqf_boxes,w/o local verification,203,6,357,490,2904,0.7285714285714285,0.12293388429752067,0.2103712433706541
hqf_boxes,w/o local verification,204,6,1116,1388,2938,0.8040345821325648,0.3798502382573179,0.5159500693481276
hqf_boxes,w/o local verification,205,6,730,761,2853,0.9592641261498029,0.25587101296880477,0.40398450470392916
hqf_boxes,w/o local verification,206,6,97,101,2815,0.9603960396039604,0.034458259325044406,0.06652949245541838
hqf_boxes,w/o local verification,207,6,589,594,2961,0.9915824915824916,0.198919284025667,0.33136427566807314
hqf_boxes,w/o local verification,208,6,913,1027,2846,0.8889970788704966,0.3208011243851019,0.47146914536534984
hqf_boxes,w/o local verification,209,6,390,433,2693,0.9006928406466512,0.1448199034533977,0.2495201535508637
hqf_boxes,w/o local verification,210,6,981,1161,2731,0.8449612403100775,0.3592090809227389,0.5041109969167523
hqf_boxes,w/o local verification,211,6,1191,1413,2738,0.8428874734607219,0.4349890430971512,0.5738376294868707
hqf_boxes,w/o local verification,212,6,398,422,2560,0.943127962085308,0.15546875,0.266934942991281
hqf_boxes,w/o local verification,213,6,1110,1497,2523,0.7414829659318637,0.4399524375743163,0.5522388059701493
hqf_boxes,w/o local verification,214,6,1222,1500,2524,0.8146666666666667,0.48415213946117275,0.6073558648111332
hqf_boxes,w/o local verification,215,6,1134,1410,2465,0.8042553191489362,0.4600405679513185,0.5852903225806452
hqf_boxes,w/o local verification,216,6,1113,1481,2385,0.7515192437542201,0.4666666666666667,0.5757889291257113
hqf_boxes,w/o local verification,217,6,783,909,2298,0.8613861386138614,0.34073107049608353,0.4883068288119738
hqf_boxes,w/o local verification,218,6,715,753,2366,0.949535192563081,0.3021978021978022,0.4584802821417121
hqf_boxes,w/o local verification,219,6,808,1125,2130,0.7182222222222222,0.37934272300469485,0.4964669738863287
hqf_boxes,w/o local verification,220,6,743,909,2060,0.8173817381738174,0.36067961165048545,0.500505220613001
hqf_boxes,w/o local verification,221,6,514,663,2022,0.77526395173454,0.2542037586547972,0.3828677839851024
hqf_boxes,w/o local verification,117,9,1366,1846,3565,0.7399783315276273,0.38316970546984574,0.5048974311587507
hqf_boxes,w/o local verification,118,9,1857,2641,3409,0.7031427489587277,0.5447345262540334,0.6138842975206612
hqf_boxes,w/o local verification,119,9,1864,2691,3424,0.6926793013749536,0.544392523364486,0.6096484055600981
hqf_boxes,w/o local verification,120,9,1485,2334,3267,0.6362467866323908,0.45454545454545453,0.5302624531333691
hqf_boxes,w/o local verification,121,9,665,726,3236,0.9159779614325069,0.20550061804697156,0.33568904593639576
hqf_boxes,w/o local verification,122,9,1678,2326,3141,0.7214101461736887,0.5342247691817893,0.6138650082312054
hqf_boxes,w/o local verification,123,9,1751,2704,3174,0.6475591715976331,0.5516698172652804,0.5957808778496088
hqf_boxes,w/o local verification,124,9,1509,2374,3239,0.6356360572872789,0.46588453226304416,0.5376803848209514
hqf_boxes,w/o local verification,125,9,1239,1597,3328,0.775829680651221,0.3722956730769231,0.5031472081218274
hqf_boxes,w/o local verification,126,9,1409,1872,3332,0.7526709401709402,0.42286914765906364,0.5415065334358186
hqf_boxes,w/o local verification,127,9,1199,1499,3295,0.799866577718479,0.3638846737481032,0.5002085940759282
hqf_boxes,w/o local verification,128,9,1450,2038,3221,0.7114818449460255,0.4501707544240919,0.5514356341509793
hqf_boxes,w/o local verification,129,9,954,1120,3436,0.8517857142857143,0.2776484284051222,0.41878841088674273
hqf_boxes,w/o local verification,130,9,1943,2502,3510,0.7765787370103917,0.5535612535612535,0.6463739188290086
hqf_boxes,w/o local verification,131,9,1118,1589,3355,0.7035871617369415,0.3332339791356185,0.4522653721682848
hqf_boxes,w/o local verification,132,9,1517,1561,3473,0.9718129404228059,0.4367981572127843,0.6027016289233215
hqf_boxes,w/o local verification,133,9,550,608,3387,0.9046052631578947,0.16238559196929436,0.2753441802252816
hqf_boxes,w/o local verification,134,9,1618,1952,3359,0.8288934426229508,0.4816909794581721,0.609301449821126
hqf_boxes,w/o local verification,135,9,1408,1607,3204,0.8761667703795893,0.4394506866416979,0.585325296196217
hqf_boxes,w/o local verification,136,9,1729,1892,3270,0.9138477801268499,0.5287461773700306,0.6698953893839598
hqf_boxes,w/o local verification,137,9,1257,1339,3328,0.9387602688573562,0.3777043269230769,0.5386758088707949
hqf_boxes,w/o local verification,138,9,1566,1633,3233,0.9589712186160441,0.4843798329724714,0.6436498150431565
hqf_boxes,w/o local verification,139,9,1652,1822,3282,0.9066959385290889,0.5033516148689823,0.6473354231974922
hqf_boxes,w/o local verification,140,9,1493,1536,3311,0.9720052083333334,0.4509211718514044,0.6160511656694863
hqf_boxes,w/o local verification,141,9,450,502,3310,0.896414342629482,0.13595166163141995,0.236096537250787
hqf_boxes,w/o local verification,142,9,1483,1501,3313,0.9880079946702198,0.44763054633262905,0.6161196510178646
hqf_boxes,w/o local verification,143,9,1504,1539,3317,0.9772579597141,0.45342176665661743,0.6194398682042833
hqf_boxes,w/o local verification,144,9,653,657,3268,0.9939117199391172,0.19981640146878826,0.3327388535031847
hqf_boxes,w/o local verification,145,9,920,932,3242,0.9871244635193133,0.283775447254781,0.4408241494968855
hqf_boxes,w/o local verification,146,9,299,301,3195,0.9933554817275747,0.09358372456964006,0.17105263157894737
hqf_boxes,w/o local verification,147,9,185,213,3242,0.8685446009389671,0.05706354102405922,0.10709117221418235
hqf_boxes,w/o local verification,148,9,128,154,3225,0.8311688311688312,0.03968992248062016,0.0757620597810003
hqf_boxes,w/o local verification,149,9,57,57,3216,1.0,0.017723880597014924,0.034830430797433545
hqf_boxes,w/o local verification,150,9,1011,1021,3274,0.990205680705191,0.30879657910812464,0.4707799767171129
hqf_boxes,w/o local verification,151,9,1547,1618,3171,0.9561186650185414,0.4878587196467991,0.6460638964293172
hqf_boxes,w/o local verification,152,9,974,1008,3184,0.9662698412698413,0.30590452261306533,0.46469465648854963
hqf_boxes,w/o local verification,153,9,1247,1309,3248,0.9526355996944232,0.38392857142857145,0.5472898836954136
hqf_boxes,w/o local verification,154,9,856,965,3178,0.8870466321243523,0.26935179358086847,0.4132271300989621
hqf_boxes,w/o local verification,155,9,1355,1433,3105,0.9455687369155618,0.4363929146537842,0.5971793741736448
hqf_boxes,w/o local verification,156,9,1558,1874,3283,0.8313767342582711,0.47456594578129757,0.6042272639131278
hqf_boxes,w/o local verification,157,9,822,915,3176,0.898360655737705,0.258816120906801,0.40185773649474454
hqf_boxes,w/o local verification,158,9,1534,1619,3332,0.9474984558369364,0.46038415366146457,0.6196727933750757
hqf_boxes,w/o local verification,159,9,1211,1392,3396,0.8699712643678161,0.3565959952885748,0.5058479532163743
hqf_boxes,w/o local verification,160,9,918,1273,3423,0.7211311861743912,0.26818580192813324,0.3909710391822828
hqf_boxes,w/o local verification,161,9,1235,1472,3387,0.8389945652173914,0.3646294656037792,0.5083350483638609
hqf_boxes,w/o local verification,162,9,1578,1979,3160,0.7973724103082365,0.49936708860759493,0.6141272621132516
hqf_boxes,w/o local verification,163,9,1033,1267,3234,0.8153117600631413,0.3194186765615337,0.4590091090868696
hqf_boxes,w/o local verification,164,9,1307,1703,3232,0.7674691720493247,0.40439356435643564,0.5296859169199595
hqf_boxes,w/o local verification,165,9,969,1490,3276,0.6503355704697986,0.2957875457875458,0.40663029794376837
hqf_boxes,w/o local verification,166,9,660,797,3187,0.8281053952321205,0.2070913084405397,0.3313253012048193
hqf_boxes,w/o local verification,167,9,962,1472,3223,0.6535326086956522,0.2984796773192678,0.4097976570820021
hqf_boxes,w/o local verification,168,9,1187,1541,3177,0.7702790395846852,0.37362291469940195,0.5031793132683341
hqf_boxes,w/o local verification,169,9,1301,1827,3221,0.7120963327859879,0.40391182862465075,0.5154516640253566
hqf_boxes,w/o local verification,170,9,1157,1488,3416,0.7775537634408602,0.3387002341920375,0.47185970636215335
hqf_boxes,w/o local verification,171,9,1962,2933,3409,0.6689396522332083,0.5755353476092696,0.618732261116367
hqf_boxes,w/o local verification,172,9,895,1079,3466,0.8294717330861909,0.25822273514137334,0.39383938393839385
hqf_boxes,w/o local verification,173,9,832,1002,3436,0.8303393213572854,0.2421420256111758,0.3749436683190626
hqf_boxes,w/o local verification,174,9,683,732,3431,0.9330601092896175,0.1990673273098222,0.3281287533029066
hqf_boxes,w/o local verification,175,9,1509,1968,3397,0.7667682926829268,0.44421548425080953,0.5625349487418453
hqf_boxes,w/o local verification,176,9,1455,1931,3450,0.753495598135681,0.4217391304347826,0.540791674409961
hqf_boxes,w/o local verification,177,9,740,895,3538,0.8268156424581006,0.2091577162238553,0.3338596886983984
hqf_boxes,w/o local verification,178,9,898,1071,3445,0.838468720821662,0.2606676342525399,0.39769707705934454
hqf_boxes,w/o local verification,179,9,338,338,3481,1.0,0.09709853490376329,0.17700968840010475
hqf_boxes,w/o local verification,180,9,530,546,3472,0.9706959706959707,0.15264976958525345,0.26381284221005474
hqf_boxes,w/o local verification,181,9,695,748,3384,0.929144385026738,0.20537825059101655,0.33639883833494677
hqf_boxes,w/o local verification,182,9,349,379,3397,0.920844327176781,0.10273770974389167,0.18485169491525424
hqf_boxes,w/o local verification,183,9,1715,2685,3314,0.638733705772812,0.5175015087507544,0.5717619603267211
hqf_boxes,w/o local verification,184,9,744,781,3407,0.9526248399487837,0.21837393601408864,0.3553008595988539
hqf_boxes,w/o local verification,185,9,1183,1415,3392,0.8360424028268552,0.3487617924528302,0.4921988766382359
hqf_boxes,w/o local verification,186,9,550,585,3417,0.9401709401709402,0.16095990635059995,0.2748625687156422
hqf_boxes,w/o local verification,187,9,1039,1165,3404,0.8918454935622318,0.30522914218566394,0.4548041146859269
hqf_boxes,w/o local verification,188,9,1072,1234,3453,0.8687196110210696,0.31045467709238345,0.45743545978237676
hqf_boxes,w/o local verification,189,9,1148,1359,3405,0.8447387785136129,0.337151248164464,0.4819479429051218
hqf_boxes,w/o local verification,190,9,1294,1546,3450,0.8369987063389392,0.3750724637681159,0.5180144115292233
hqf_boxes,w/o local verification,191,9,1063,1431,3313,0.742837176799441,0.3208572290974947,0.44814502529510963
hqf_boxes,w/o local verification,192,9,1427,1933,3238,0.7382307294361097,0.4407041383570105,0.5519241926126475
hqf_boxes,w/o local verification,193,9,1184,1426,3201,0.8302945301542777,0.36988441112152454,0.5117786902960881
hqf_boxes,w/o local verification,194,9,934,1296,3209,0.720679012345679,0.2910564038641321,0.4146503884572697
hqf_boxes,w/o local verification,195,9,1488,1843,3151,0.8073792729245794,0.4722310377657886,0.5959150981177412
hqf_boxes,w/o local verification,196,9,685,698,3133,0.9813753581661891,0.21864028088094478,0.3576089793787523
hqf_boxes,w/o local verification,197,9,866,940,3183,0.9212765957446809,0.2720703738611373,0.42008246422507883
hqf_boxes,w/o local verification,198,9,1425,1965,3023,0.7251908396946565,0.471386040357261,0.5713712910986367
hqf_boxes,w/o local verification,199,9,1152,1344,2992,0.8571428571428571,0.3850267379679144,0.5313653136531366
hqf_boxes,w/o local verification,200,9,1007,1240,2931,0.8120967741935484,0.343568747867622,0.4828578278590266
hqf_boxes,w/o local verification,201,9,920,1098,2964,0.8378870673952641,0.31039136302294196,0.4529788281634663
hqf_boxes,w/o local verification,202,9,881,998,3052,0.8827655310621243,0.2886631716906946,0.43506172839506174
hqf_boxes,w/o local verification,203,9,385,490,2904,0.7857142857142857,0.13257575757575757,0.22687094873305833
hqf_boxes,w/o local verification,204,9,1236,1388,2938,0.8904899135446686,0.42069434989788973,0.5714285714285714
hqf_boxes,w/o local verification,205,9,750,761,2853,0.985545335085414,0.2628811777076761,0.41505257332595463
hqf_boxes,w/o local verification,206,9,101,101,2815,1.0,0.035879218472468916,0.06927297668038408
hqf_boxes,w/o local verification,207,9,594,594,2961,1.0,0.2006079027355623,0.3341772151898734
hqf_boxes,w/o local verification,208,9,955,1027,2846,0.9298928919182083,0.3355586788475053,0.49315775884327395
hqf_boxes,w/o local verification,209,9,403,433,2693,0.930715935334873,0.14964723356851095,0.2578374920025592
hqf_boxes,w/o local verification,210,9,1049,1161,2731,0.9035314384151594,0.38410838520688395,0.5390544707091469
hqf_boxes,w/o local verification,211,9,1278,1413,2738,0.9044585987261147,0.46676406135865595,0.6157552397012768
hqf_boxes,w/o local verification,212,9,408,422,2560,0.966824644549763,0.159375,0.27364185110663986
hqf_boxes,w/o local verification,213,9,1210,1497,2523,0.8082832331329325,0.47958779231074117,0.6019900497512438
hqf_boxes,w/o local verification,214,9,1322,1500,2524,0.8813333333333333,0.5237717908082409,0.6570576540755467
hqf_boxes,w/o local verification,215,9,1224,1410,2465,0.8680851063829788,0.496551724137931,0.6317419354838709
hqf_boxes,w/o local verification,216,9,1220,1481,2385,0.8237677245104659,0.5115303983228512,0.6311433005690636
hqf_boxes,w/o local verification,217,9,872,909,2298,0.9592959295929593,0.37946040034812883,0.5438104147178048
hqf_boxes,w/o local verification,218,9,751,753,2366,0.99734395750332,0.31741335587489433,0.4815646040397563
hqf_boxes,w/o local verification,219,9,923,1125,2130,0.8204444444444444,0.43333333333333335,0.5671274961597542
hqf_boxes,w/o local verification,220,9,828,909,2060,0.9108910891089109,0.40194174757281553,0.5577635567531155
hqf_boxes,w/o local verification,221,9,568,663,2022,0.8567119155354449,0.2809099901088032,0.42309124767225326
