Dataset,Packet,Experiment,Category,Parameter,Value,Repeat,EventCount,LineCount,ClusterCount,Coverage,Precision,F1,IoU,Fragmentation,MergeError,ExtraEventRatio,RuntimeSeconds
shapes_6dof_events,1,Full LLGD,Full,-,NaN,1,585,25,8,0.237864077669903,0.56,0.333901192504259,0.20040899795501,1,0.0102040816326531,0.44,0.0546343
shapes_6dof_events,1,w/o weighted support,Ablation,UseWeights,0,1,585,25,31,0.902912621359223,0.722330097087379,0.802588996763754,0.67027027027027,1.23076923076923,0.0403225806451613,0.277669902912621,0.1395177
shapes_6dof_events,1,w/o local verification,Ablation,UseVerification,0,1,585,25,9,0.383495145631068,0.672340425531915,0.488408037094281,0.323108384458078,1,0.0189873417721519,0.327659574468085,0.0301855
shapes_6dof_events,1,w/o global expansion,Ablation,UseGlobalExpansion,0,1,585,25,9,0.174757281553398,0.549618320610687,0.265193370165746,0.152866242038217,1.33333333333333,0,0.450381679389313,0.0618598
shapes_6dof_events,1,unit estimation weights,Ablation,UseWeights,0,1,585,25,8,0.237864077669903,0.56,0.333901192504259,0.20040899795501,1,0.0102040816326531,0.44,0.0400951
shapes_6dof_events,1,unit support tests,Ablation,UseMultiplicitySupport,0,1,585,25,32,0.910194174757282,0.721153846153846,0.804721030042919,0.673249551166966,1.21428571428571,0.0373333333333333,0.278846153846154,0.0702492
shapes_6dof_events,2,Full LLGD,Full,-,NaN,1,123,21,0,0,0,0,0,NaN,NaN,0,0.0022882
shapes_6dof_events,2,w/o weighted support,Ablation,UseWeights,0,1,123,21,5,0.181818181818182,0.551724137931034,0.273504273504273,0.158415841584158,1,0,0.448275862068966,0.0102707
shapes_6dof_events,2,w/o local verification,Ablation,UseVerification,0,1,123,21,0,0,0,0,0,NaN,NaN,0,0.0023186
shapes_6dof_events,2,w/o global expansion,Ablation,UseGlobalExpansion,0,1,123,21,0,0,0,0,0,NaN,NaN,0,0.0021875
shapes_6dof_events,2,unit estimation weights,Ablation,UseWeights,0,1,123,21,0,0,0,0,0,NaN,NaN,0,0.0024366
shapes_6dof_events,2,unit support tests,Ablation,UseMultiplicitySupport,0,1,123,21,5,0.181818181818182,0.551724137931034,0.273504273504273,0.158415841584158,1,0,0.448275862068966,0.0089607
shapes_6dof_events,3,Full LLGD,Full,-,NaN,1,805,25,10,0.352014010507881,0.654723127035831,0.457858769931663,0.296898079763663,1,0.0348258706467661,0.345276872964169,0.0677883
shapes_6dof_events,3,w/o weighted support,Ablation,UseWeights,0,1,805,25,40,0.896672504378284,0.72112676056338,0.799375487900078,0.665799739921977,1.53333333333333,0.07421875,0.27887323943662,0.0757661
shapes_6dof_events,3,w/o local verification,Ablation,UseVerification,0,1,805,25,12,0.567425569176883,0.758782201405152,0.649298597194389,0.480712166172107,1,0.0679012345679012,0.241217798594848,0.0340287
shapes_6dof_events,3,w/o global expansion,Ablation,UseGlobalExpansion,0,1,805,25,15,0.211908931698774,0.654054054054054,0.32010582010582,0.190551181102362,1.8,0,0.345945945945946,0.0872198
shapes_6dof_events,3,unit estimation weights,Ablation,UseWeights,0,1,805,25,9,0.355516637478109,0.685810810810811,0.468281430219147,0.305722891566265,1,0.0443349753694581,0.314189189189189,0.0726118
shapes_6dof_events,3,unit support tests,Ablation,UseMultiplicitySupport,0,1,805,25,39,0.907180385288967,0.713498622589532,0.798766383962991,0.664955070603338,1.53333333333333,0.0772200772200772,0.286501377410468,0.0929052
shapes_6dof_events,4,Full LLGD,Full,-,NaN,1,1323,28,16,0.636636636636637,0.829204693611473,0.720271800679502,0.56283185840708,1,0.0550314465408805,0.170795306388527,0.0686698
shapes_6dof_events,4,w/o weighted support,Ablation,UseWeights,0,1,1323,28,52,0.938938938938939,0.756451612903226,0.837874050915587,0.720983858570331,1.82352941176471,0.0660980810234542,0.243548387096774,0.0877206
shapes_6dof_events,4,w/o local verification,Ablation,UseVerification,0,1,1323,28,18,0.667667667667668,0.81640146878825,0.734581497797357,0.580504786771105,1,0.0464767616191905,0.18359853121175,0.0613724
shapes_6dof_events,4,w/o global expansion,Ablation,UseGlobalExpansion,0,1,1323,28,29,0.379379379379379,0.857466063348416,0.526023594725885,0.356873822975518,2.09090909090909,0.0554089709762533,0.142533936651584,0.1245329
shapes_6dof_events,4,unit estimation weights,Ablation,UseWeights,0,1,1323,28,18,0.601601601601602,0.801333333333333,0.687249857061178,0.523519163763066,1.18181818181818,0.069883527454243,0.198666666666667,0.0964702
shapes_6dof_events,4,unit support tests,Ablation,UseMultiplicitySupport,0,1,1323,28,45,0.936936936936937,0.760975609756098,0.839838492597577,0.723897911832947,1.47058823529412,0.0876068376068376,0.239024390243902,0.0761554
shapes_6dof_events,5,Full LLGD,Full,-,NaN,1,1368,27,16,0.508073196986007,0.670454545454545,0.578077158603797,0.406546080964686,1,0.0529661016949152,0.329545454545455,0.105995
shapes_6dof_events,5,w/o weighted support,Ablation,UseWeights,0,1,1368,27,54,0.917115177610334,0.68543845534996,0.784530386740331,0.645454545454546,1.55555555555556,0.0504694835680751,0.31456154465004,0.1071838
shapes_6dof_events,5,w/o local verification,Ablation,UseVerification,0,1,1368,27,21,0.548977395048439,0.6640625,0.601060695344726,0.429654591406908,1.1,0.0490196078431373,0.3359375,0.0723662
shapes_6dof_events,5,w/o global expansion,Ablation,UseGlobalExpansion,0,1,1368,27,40,0.357373519913886,0.605839416058394,0.449559918754232,0.289956331877729,2.625,0,0.394160583941606,0.0906918
shapes_6dof_events,5,unit estimation weights,Ablation,UseWeights,0,1,1368,27,18,0.515608180839612,0.657967032967033,0.578153289076645,0.406621392190153,1,0.0542797494780793,0.342032967032967,0.0740537
shapes_6dof_events,5,unit support tests,Ablation,UseMultiplicitySupport,0,1,1368,27,51,0.932185145317546,0.684584980237154,0.789425706472197,0.65210843373494,1.5,0.0438799076212472,0.315415019762846,0.0962838
shapes_6dof_events,6,Full LLGD,Full,-,NaN,1,1639,31,29,0.702242152466368,0.678509532062392,0.690171881886293,0.526917900403769,1,0.0574712643678161,0.321490467937608,0.0979366
shapes_6dof_events,6,w/o weighted support,Ablation,UseWeights,0,1,1639,31,62,0.924663677130045,0.681427627230668,0.784627092846271,0.645585472761428,1.72727272727273,0.0746847720659554,0.318572372769332,0.1214586
shapes_6dof_events,6,w/o local verification,Ablation,UseVerification,0,1,1639,31,27,0.760538116591928,0.695652173913043,0.726649528706084,0.570659488559892,1,0.0566037735849056,0.304347826086957,0.08636
shapes_6dof_events,6,w/o global expansion,Ablation,UseGlobalExpansion,0,1,1639,31,57,0.498654708520179,0.675577156743621,0.573787409700722,0.402315484804631,2.64285714285714,0.0215827338129496,0.324422843256379,0.1400628
shapes_6dof_events,6,unit estimation weights,Ablation,UseWeights,0,1,1639,31,29,0.699551569506726,0.663829787234043,0.681222707423581,0.516556291390728,1.25,0.0679487179487179,0.336170212765957,0.1291044
shapes_6dof_events,6,unit support tests,Ablation,UseMultiplicitySupport,0,1,1639,31,61,0.925560538116592,0.684350132625995,0.786885245901639,0.648648648648649,1.5,0.0658914728682171,0.315649867374005,0.1432376
shapes_6dof_events,7,Full LLGD,Full,-,NaN,1,1595,25,22,0.611218568665377,0.686210640608035,0.646547314578005,0.477702191987906,1,0.0395569620253164,0.313789359391965,0.1176387
shapes_6dof_events,7,w/o weighted support,Ablation,UseWeights,0,1,1595,25,57,0.91779497098646,0.652233676975945,0.762555243069506,0.616233766233766,1.76470588235294,0.0495258166491043,0.347766323024055,0.1104173
shapes_6dof_events,7,w/o local verification,Ablation,UseVerification,0,1,1595,25,25,0.736943907156673,0.688969258589512,0.71214953271028,0.552975326560232,1,0.0459317585301837,0.311030741410488,0.0840888
shapes_6dof_events,7,w/o global expansion,Ablation,UseGlobalExpansion,0,1,1595,25,41,0.355899419729207,0.644483362521891,0.458566978193146,0.29749393694422,1.91666666666667,0.0163043478260869,0.355516637478109,0.1486425
shapes_6dof_events,7,unit estimation weights,Ablation,UseWeights,0,1,1595,25,22,0.588974854932302,0.688135593220339,0.63470557582074,0.464885496183206,1.1,0.0443349753694581,0.311864406779661,0.1380443
shapes_6dof_events,7,unit support tests,Ablation,UseMultiplicitySupport,0,1,1595,25,55,0.939071566731141,0.666437886067262,0.779606583701325,0.638815789473684,1.76470588235294,0.0648815653964985,0.333562113932738,0.1030968
shapes_6dof_events,8,Full LLGD,Full,-,NaN,1,1557,35,19,0.466725043782837,0.748595505617977,0.574973031283711,0.403482210446631,1,0.0525328330206379,0.251404494382022,0.1106236
shapes_6dof_events,8,w/o weighted support,Ablation,UseWeights,0,1,1557,35,75,0.941330998248686,0.750174459176553,0.83495145631068,0.716666666666667,2.125,0.0762790697674418,0.249825540823447,0.0923455
shapes_6dof_events,8,w/o local verification,Ablation,UseVerification,0,1,1557,35,25,0.654115586690017,0.783018867924528,0.712786259541985,0.553743513713862,1.07692307692308,0.0455153949129853,0.216981132075472,0.0822892
shapes_6dof_events,8,w/o global expansion,Ablation,UseGlobalExpansion,0,1,1557,35,32,0.31260945709282,0.764453961456103,0.443753884400249,0.285143769968051,2.2,0.0392156862745098,0.235546038543897,0.1369769
shapes_6dof_events,8,unit estimation weights,Ablation,UseWeights,0,1,1557,35,19,0.470227670753065,0.745833333333333,0.576799140708915,0.405283018867925,1,0.0521415270018621,0.254166666666667,0.1203757
shapes_6dof_events,8,unit support tests,Ablation,UseMultiplicitySupport,0,1,1557,35,74,0.930823117338003,0.747538677918425,0.829173166926677,0.70819453697535,1.91666666666667,0.0451552210724365,0.252461322081575,0.1239546
shapes_6dof_events,9,Full LLGD,Full,-,NaN,1,1450,33,24,0.63771186440678,0.695953757225434,0.665561083471531,0.498757249378625,1,0.0631229235880398,0.304046242774566,0.1035104
shapes_6dof_events,9,w/o weighted support,Ablation,UseWeights,0,1,1450,33,65,0.92478813559322,0.661363636363636,0.771201413427562,0.627606038820992,1.94444444444444,0.0641466208476518,0.338636363636364,0.1058305
shapes_6dof_events,9,w/o local verification,Ablation,UseVerification,0,1,1450,33,22,0.643008474576271,0.700115340253749,0.670347874102706,0.504152823920266,1,0.0626029654036244,0.299884659746251,0.0558214
shapes_6dof_events,9,w/o global expansion,Ablation,UseGlobalExpansion,0,1,1450,33,38,0.414194915254237,0.708333333333333,0.522727272727273,0.353846153846154,2,0.0434782608695652,0.291666666666667,0.1094754
shapes_6dof_events,9,unit estimation weights,Ablation,UseWeights,0,1,1450,33,21,0.632415254237288,0.712410501193317,0.67003367003367,0.50379746835443,1,0.0787269681742043,0.287589498806683,0.0761934
shapes_6dof_events,9,unit support tests,Ablation,UseMultiplicitySupport,0,1,1450,33,64,0.935381355932203,0.668433005299016,0.779690949227373,0.638929088277858,1.83333333333333,0.071347678369196,0.331566994700984,0.1055557
shapes_6dof_events,10,Full LLGD,Full,-,NaN,1,1229,31,13,0.521631644004944,0.799242424242424,0.631264023934181,0.46120218579235,1,0.056872037914692,0.200757575757576,0.0735709
shapes_6dof_events,10,w/o weighted support,Ablation,UseWeights,0,1,1229,31,54,0.930778739184178,0.670525378450579,0.779503105590062,0.638676844783715,1.47058823529412,0.049136786188579,0.329474621549421,0.0826517
shapes_6dof_events,10,w/o local verification,Ablation,UseVerification,0,1,1229,31,19,0.572311495673671,0.705792682926829,0.632081911262799,0.462075848303393,1,0.0561555075593952,0.294207317073171,0.0607397
shapes_6dof_events,10,w/o global expansion,Ablation,UseGlobalExpansion,0,1,1229,31,23,0.300370828182942,0.752321981424149,0.429328621908127,0.273340832395951,1.7,0.00411522633744854,0.247678018575851,0.1176952
shapes_6dof_events,10,unit estimation weights,Ablation,UseWeights,0,1,1229,31,15,0.594561186650185,0.825042881646655,0.691091954022989,0.527991218441273,1.1,0.0602910602910602,0.174957118353345,0.0731165
shapes_6dof_events,10,unit support tests,Ablation,UseMultiplicitySupport,0,1,1229,31,53,0.92336217552534,0.671762589928058,0.777719937532535,0.636286201022147,1.42105263157895,0.0428380187416332,0.328237410071942,0.0806491
shapes_6dof_events,11,Full LLGD,Full,-,NaN,1,1405,34,19,0.517964071856287,0.78517397881997,0.624173180998196,0.453671328671329,1.33333333333333,0.0385356454720617,0.21482602118003,0.1117934
shapes_6dof_events,11,w/o weighted support,Ablation,UseWeights,0,1,1405,34,62,0.937125748502994,0.720092024539877,0.814397224631396,0.686905632772495,1.71428571428571,0.0553780617678381,0.279907975460123,0.0900944
shapes_6dof_events,11,w/o local verification,Ablation,UseVerification,0,1,1405,34,21,0.608782435129741,0.751231527093596,0.672546857772878,0.506644518272425,1,0.0360655737704918,0.248768472906404,0.0553509
shapes_6dof_events,11,w/o global expansion,Ablation,UseGlobalExpansion,0,1,1405,34,29,0.351297405189621,0.836104513064133,0.494729444834856,0.328664799253035,2.3,0.03125,0.163895486935867,0.1206542
shapes_6dof_events,11,unit estimation weights,Ablation,UseWeights,0,1,1405,34,17,0.514970059880239,0.744588744588745,0.608849557522124,0.43765903307888,1,0.0542635658914729,0.255411255411255,0.0875017
shapes_6dof_events,11,unit support tests,Ablation,UseMultiplicitySupport,0,1,1405,34,58,0.946107784431138,0.729792147806005,0.823989569752282,0.700665188470067,1.45454545454545,0.0516877637130801,0.270207852193995,0.0925298
shapes_6dof_events,12,Full LLGD,Full,-,NaN,1,1997,32,23,0.638438880706922,0.774798927613941,0.700040371417037,0.538509316770186,1.07142857142857,0.0599769319492502,0.225201072386059,0.1470087
shapes_6dof_events,12,w/o weighted support,Ablation,UseWeights,0,1,1997,32,69,0.945508100147275,0.684070324986681,0.793817619783617,0.658124038954382,1.52380952380952,0.0700934579439252,0.315929675013319,0.1274903
shapes_6dof_events,12,w/o local verification,Ablation,UseVerification,0,1,1997,32,29,0.742268041237113,0.729377713458755,0.735766423357664,0.581986143187067,1.06666666666667,0.0535714285714286,0.270622286541245,0.0902494
shapes_6dof_events,12,w/o global expansion,Ablation,UseGlobalExpansion,0,1,1997,32,53,0.413843888070692,0.714104193138501,0.524009324009324,0.355022109917877,2.69230769230769,0.0373665480427047,0.285895806861499,0.1518457
shapes_6dof_events,12,unit estimation weights,Ablation,UseWeights,0,1,1997,32,26,0.684830633284242,0.755483346872461,0.718424101969872,0.560578661844485,1.06666666666667,0.0655913978494623,0.244516653127539,0.1448769
shapes_6dof_events,12,unit support tests,Ablation,UseMultiplicitySupport,0,1,1997,32,69,0.960235640648012,0.690312334568555,0.8032029565753,0.671127123005661,1.57142857142857,0.0958588957055214,0.309687665431445,0.1357308
shapes_6dof_events,13,Full LLGD,Full,-,NaN,1,1338,31,13,0.492914979757085,0.828231292517007,0.618020304568528,0.447199265381084,1,0.053388090349076,0.171768707482993,0.0795215
shapes_6dof_events,13,w/o weighted support,Ablation,UseWeights,0,1,1338,31,62,0.944331983805668,0.759153783563873,0.841677943166441,0.726635514018692,1.52,0.07502679528403,0.240846216436127,0.093425
shapes_6dof_events,13,w/o local verification,Ablation,UseVerification,0,1,1338,31,14,0.527327935222672,0.838969404186795,0.647607209446861,0.478860294117647,1,0.0460652591170825,0.161030595813205,0.0645344
shapes_6dof_events,13,w/o global expansion,Ablation,UseGlobalExpansion,0,1,1338,31,19,0.240890688259109,0.829268292682927,0.373333333333333,0.229508196721311,1.6,0.0126050420168067,0.170731707317073,0.1112832
shapes_6dof_events,13,unit estimation weights,Ablation,UseWeights,0,1,1338,31,14,0.531376518218624,0.844051446945338,0.652173913043478,0.483870967741935,1,0.0628571428571428,0.155948553054662,0.1022282
shapes_6dof_events,13,unit support tests,Ablation,UseMultiplicitySupport,0,1,1338,31,52,0.959514170040486,0.75779376498801,0.846806610093792,0.73431448489543,1.28,0.0675105485232067,0.24220623501199,0.0936534
shapes_6dof_events,14,Full LLGD,Full,-,NaN,1,1345,31,17,0.533926585094549,0.72289156626506,0.614203454894434,0.443213296398892,1.11111111111111,0.0895833333333333,0.27710843373494,0.1240707
shapes_6dof_events,14,w/o weighted support,Ablation,UseWeights,0,1,1345,31,62,0.918798665183537,0.67816091954023,0.780349551251771,0.639814097598761,1.47619047619048,0.0944309927360775,0.32183908045977,0.0948458
shapes_6dof_events,14,w/o local verification,Ablation,UseVerification,0,1,1345,31,24,0.589543937708565,0.671736375158428,0.627962085308057,0.457685664939551,1.08333333333333,0.0716981132075472,0.328263624841572,0.0627888
shapes_6dof_events,14,w/o global expansion,Ablation,UseGlobalExpansion,0,1,1345,31,30,0.368186874304783,0.713362068965517,0.48569332355099,0.320736434108527,1.90909090909091,0.0181268882175226,0.286637931034483,0.1100607
shapes_6dof_events,14,unit estimation weights,Ablation,UseWeights,0,1,1345,31,15,0.517241379310345,0.709923664122137,0.598455598455598,0.426997245179063,1,0.0838709677419355,0.290076335877863,0.1013783
shapes_6dof_events,14,unit support tests,Ablation,UseMultiplicitySupport,0,1,1345,31,66,0.923248053392658,0.670436187399031,0.776789892372485,0.63504208110176,1.61904761904762,0.121686746987952,0.329563812600969,0.0987457
shapes_6dof_events,15,Full LLGD,Full,-,NaN,1,1844,30,22,0.52208480565371,0.622760800842993,0.567996155694378,0.396644295302013,1.11111111111111,0.0846023688663282,0.377239199157007,0.2623529
shapes_6dof_events,15,w/o weighted support,Ablation,UseWeights,0,1,1844,30,71,0.95583038869258,0.625795257374205,0.756378888500524,0.608206857785273,1.84210526315789,0.0619223659889094,0.374204742625795,0.1874049
shapes_6dof_events,15,w/o local verification,Ablation,UseVerification,0,1,1844,30,30,0.718197879858657,0.63515625,0.674129353233831,0.50844277673546,1.07692307692308,0.0738007380073801,0.36484375,0.1464654
shapes_6dof_events,15,w/o global expansion,Ablation,UseGlobalExpansion,0,1,1844,30,44,0.409893992932862,0.645340751043115,0.501350621285791,0.334534967555876,3.11111111111111,0.0193965517241379,0.354659248956885,0.2165683
shapes_6dof_events,15,unit estimation weights,Ablation,UseWeights,0,1,1844,30,22,0.477031802120141,0.602678571428571,0.532544378698225,0.362903225806452,1.125,0.0722222222222222,0.397321428571429,0.2912761
shapes_6dof_events,15,unit support tests,Ablation,UseMultiplicitySupport,0,1,1844,30,71,0.946113074204947,0.623399301513388,0.751578947368421,0.602023608768971,2.05555555555556,0.0634920634920635,0.376600698486612,0.2230975
shapes_6dof_events,16,Full LLGD,Full,-,NaN,1,1970,29,20,0.673897830650805,0.801164725457571,0.732041049030787,0.577338129496403,1,0.0924195223260644,0.198835274542429,0.1487336
shapes_6dof_events,16,w/o weighted support,Ablation,UseWeights,0,1,1970,29,66,0.961511546536039,0.738312735088662,0.835258358662614,0.717118997912317,1.68,0.0720524017467249,0.261687264911338,0.1390387
shapes_6dof_events,16,w/o local verification,Ablation,UseVerification,0,1,1970,29,25,0.72778166550035,0.772659732540862,0.74954954954955,0.599423631123919,1,0.0932692307692308,0.227340267459138,0.0878018
shapes_6dof_events,16,w/o global expansion,Ablation,UseGlobalExpansion,0,1,1970,29,44,0.386983904828551,0.744279946164199,0.509208103130755,0.341568869672637,2.53846153846154,0.0470162748643761,0.255720053835801,0.1658155
shapes_6dof_events,16,unit estimation weights,Ablation,UseWeights,0,1,1970,29,21,0.660601819454164,0.78601165695254,0.71787072243346,0.559905100830368,1,0.0688559322033898,0.21398834304746,0.1381292
shapes_6dof_events,16,unit support tests,Ablation,UseMultiplicitySupport,0,1,1970,29,71,0.953114065780266,0.734231805929919,0.829476248477466,0.708636836628512,1.6,0.091042584434655,0.265768194070081,0.1102379
shapes_6dof_events,17,Full LLGD,Full,-,NaN,1,1792,28,19,0.598883572567783,0.74800796812749,0.6651904340124,0.498341074983411,1.08333333333333,0.0705725699067909,0.25199203187251,0.1200508
shapes_6dof_events,17,w/o weighted support,Ablation,UseWeights,0,1,1792,28,61,0.949760765550239,0.714028776978417,0.815195071868583,0.688041594454073,1.95,0.0797649034424853,0.285971223021583,0.1494055
shapes_6dof_events,17,w/o local verification,Ablation,UseVerification,0,1,1792,28,24,0.644338118022329,0.704446381865737,0.673052894627239,0.50721908349027,1,0.0717821782178217,0.295553618134263,0.1037252
shapes_6dof_events,17,w/o global expansion,Ablation,UseGlobalExpansion,0,1,1792,28,45,0.409090909090909,0.72972972972973,0.524271844660194,0.355263157894737,2.13333333333333,0.0584795321637427,0.27027027027027,0.1522302
shapes_6dof_events,17,unit estimation weights,Ablation,UseWeights,0,1,1792,28,21,0.567783094098884,0.749473684210526,0.646098003629764,0.477211796246649,1.16666666666667,0.0814606741573034,0.250526315789474,0.1561101
shapes_6dof_events,17,unit support tests,Ablation,UseMultiplicitySupport,0,1,1792,28,61,0.946570972886762,0.712057588482303,0.812735364601164,0.684544405997693,1.76190476190476,0.0859309182813817,0.287942411517696,0.1764551
shapes_6dof_events,18,Full LLGD,Full,-,NaN,1,453,21,4,0.201342281879195,0.674157303370786,0.310077519379845,0.18348623853211,1,0.05,0.325842696629214,0.02252
shapes_6dof_events,18,w/o weighted support,Ablation,UseWeights,0,1,453,21,29,0.855704697986577,0.6640625,0.747800586510264,0.597189695550351,1.38461538461538,0.0705882352941176,0.3359375,0.0369545
shapes_6dof_events,18,w/o local verification,Ablation,UseVerification,0,1,453,21,4,0.201342281879195,0.681818181818182,0.310880829015544,0.184049079754601,1,0.05,0.318181818181818,0.022543
shapes_6dof_events,18,w/o global expansion,Ablation,UseGlobalExpansion,0,1,453,21,5,0.087248322147651,0.604651162790698,0.152492668621701,0.0825396825396825,1.5,0.0769230769230769,0.395348837209302,0.0269723
shapes_6dof_events,18,unit estimation weights,Ablation,UseWeights,0,1,453,21,4,0.201342281879195,0.681818181818182,0.310880829015544,0.184049079754601,1,0.05,0.318181818181818,0.0211498
shapes_6dof_events,18,unit support tests,Ablation,UseMultiplicitySupport,0,1,453,21,30,0.855704697986577,0.667539267015707,0.75,0.6,1.38461538461538,0.0705882352941176,0.332460732984293,0.0353353
shapes_6dof_events,19,Full LLGD,Full,-,NaN,1,717,27,4,0.310077519379845,0.780487804878049,0.443828016643551,0.285204991087344,1,0.0125,0.219512195121951,0.0372256
shapes_6dof_events,19,w/o weighted support,Ablation,UseWeights,0,1,717,27,36,0.918604651162791,0.740625,0.820069204152249,0.695014662756598,1.35714285714286,0.0485232067510548,0.259375,0.0497611
shapes_6dof_events,19,w/o local verification,Ablation,UseVerification,0,1,717,27,6,0.381782945736434,0.784860557768924,0.513689700130378,0.345614035087719,1,0.0253807106598984,0.215139442231076,0.0314335
shapes_6dof_events,19,w/o global expansion,Ablation,UseGlobalExpansion,0,1,717,27,9,0.13953488372093,0.666666666666667,0.230769230769231,0.130434782608696,2.5,0,0.333333333333333,0.0544686
shapes_6dof_events,19,unit estimation weights,Ablation,UseWeights,0,1,717,27,4,0.315891472868217,0.815,0.455307262569832,0.294755877034358,1,0.0122699386503068,0.185,0.0410545
shapes_6dof_events,19,unit support tests,Ablation,UseMultiplicitySupport,0,1,717,27,31,0.905038759689923,0.749598715890851,0.820017559262511,0.694940476190476,1.23076923076923,0.0492505353319058,0.250401284109149,0.0602209
shapes_6dof_events,20,Full LLGD,Full,-,NaN,1,1419,31,17,0.569767441860465,0.790322580645161,0.662162162162162,0.494949494949495,1.22222222222222,0.0255102040816326,0.209677419354839,0.0894635
shapes_6dof_events,20,w/o weighted support,Ablation,UseWeights,0,1,1419,31,53,0.937015503875969,0.739862280030604,0.826849080803762,0.704810495626822,1.65,0.0496380558428128,0.260137719969396,0.087786
shapes_6dof_events,20,w/o local verification,Ablation,UseVerification,0,1,1419,31,20,0.61046511627907,0.781637717121588,0.685527747551687,0.521523178807947,1,0.0333333333333333,0.218362282878412,0.0566969
shapes_6dof_events,20,w/o global expansion,Ablation,UseGlobalExpansion,0,1,1419,31,36,0.330426356589147,0.710416666666667,0.451058201058201,0.291204099060632,2.22222222222222,0.0469208211143695,0.289583333333333,0.1155699
shapes_6dof_events,20,unit estimation weights,Ablation,UseWeights,0,1,1419,31,17,0.562984496124031,0.778820375335121,0.653543307086614,0.485380116959064,1,0.0258175559380379,0.221179624664879,0.1030556
shapes_6dof_events,20,unit support tests,Ablation,UseMultiplicitySupport,0,1,1419,31,51,0.924418604651163,0.74010861132661,0.822059457130547,0.697878566203365,1.68421052631579,0.0461215932914046,0.25989138867339,0.1124589
shapes_6dof_events,21,Full LLGD,Full,-,NaN,1,1948,30,27,0.714896650035638,0.756981132075472,0.73533724340176,0.581449275362319,1,0.0508474576271186,0.243018867924528,0.1205737
shapes_6dof_events,21,w/o weighted support,Ablation,UseWeights,0,1,1948,30,72,0.951532430506058,0.729109776078646,0.825602968460111,0.703001579778831,1.72727272727273,0.0719101123595506,0.270890223921354,0.1124795
shapes_6dof_events,21,w/o local verification,Ablation,UseVerification,0,1,1948,30,29,0.759087669280114,0.7574679943101,0.758276966892132,0.610665137614679,1,0.0629107981220657,0.2425320056899,0.0853011
shapes_6dof_events,21,w/o global expansion,Ablation,UseGlobalExpansion,0,1,1948,30,62,0.479686386315039,0.738748627881449,0.581676750216076,0.41011578305911,2.64705882352941,0.0386329866270431,0.261251372118551,0.1784407
shapes_6dof_events,21,unit estimation weights,Ablation,UseWeights,0,1,1948,30,28,0.712045616535994,0.756245268735806,0.733480176211454,0.579130434782609,1.21428571428571,0.066066066066066,0.243754731264194,0.1095436
shapes_6dof_events,21,unit support tests,Ablation,UseMultiplicitySupport,0,1,1948,30,63,0.934426229508197,0.721518987341772,0.814285714285714,0.686746987951807,1.68181818181818,0.07627765064836,0.278481012658228,0.1142901
shapes_6dof_events,22,Full LLGD,Full,-,NaN,1,2818,31,33,0.715691351631279,0.723939235201676,0.719791666666667,0.562245728234337,1.26666666666667,0.0926193921852387,0.276060764798324,0.2008142
shapes_6dof_events,22,w/o weighted support,Ablation,UseWeights,0,1,2818,31,80,0.957017089590886,0.698148847752172,0.807339449541284,0.676923076923077,1.95833333333333,0.0773809523809523,0.301851152247828,0.1826691
shapes_6dof_events,22,w/o local verification,Ablation,UseVerification,0,1,2818,31,35,0.789228379078198,0.702304147465438,0.74323335771763,0.591385331781141,1,0.0780839895013123,0.297695852534562,0.1408298
shapes_6dof_events,22,w/o global expansion,Ablation,UseGlobalExpansion,0,1,2818,31,95,0.663904712584153,0.745782431646306,0.702465753424658,0.541385135135135,4.17647058823529,0.0366614664586583,0.254217568353694,0.1820939
shapes_6dof_events,22,unit estimation weights,Ablation,UseWeights,0,1,2818,31,32,0.728638011393061,0.723021582733813,0.725818932164044,0.569635627530364,1.11764705882353,0.0831556503198294,0.276978417266187,0.1912061
shapes_6dof_events,22,unit support tests,Ablation,UseMultiplicitySupport,0,1,2818,31,79,0.954945624029001,0.697956093868282,0.806472774983599,0.675705386588494,1.70833333333333,0.0672451193058569,0.302043906131718,0.1786857
shapes_6dof_events,23,Full LLGD,Full,-,NaN,1,3469,38,34,0.795434969853575,0.710657945363601,0.750660434870961,0.600845803513338,1.05882352941176,0.0693015701136979,0.289342054636399,0.2129753
shapes_6dof_events,23,w/o weighted support,Ablation,UseWeights,0,1,3469,38,88,0.96167097329888,0.675438596491228,0.793532338308458,0.657731958762887,1.82608695652174,0.0770264218540081,0.324561403508772,0.1944169
shapes_6dof_events,23,w/o local verification,Ablation,UseVerification,0,1,3469,38,36,0.871231696813092,0.706354748603352,0.780177400694177,0.639582674675941,1.05555555555556,0.074147305981216,0.293645251396648,0.1662115
shapes_6dof_events,23,w/o global expansion,Ablation,UseGlobalExpansion,0,1,3469,38,136,0.737295434969854,0.708902691511387,0.722820350432763,0.565950413223141,4,0.0175233644859814,0.291097308488613,0.2240596
shapes_6dof_events,23,unit estimation weights,Ablation,UseWeights,0,1,3469,38,40,0.803186907838071,0.699025487256372,0.74749498997996,0.5968,1.3125,0.0857908847184986,0.300974512743628,0.1891083
shapes_6dof_events,23,unit support tests,Ablation,UseMultiplicitySupport,0,1,3469,38,79,0.968561584840655,0.682135274491962,0.800498309307706,0.667359050445104,1.625,0.082258781680747,0.317864725508038,0.2028351
shapes_6dof_events,24,Full LLGD,Full,-,NaN,1,3234,37,40,0.750342935528121,0.674198849630238,0.710235879679723,0.550671140939597,1.2,0.106032906764168,0.325801150369762,0.2193359
shapes_6dof_events,24,w/o weighted support,Ablation,UseWeights,0,1,3234,37,82,0.959304983996342,0.686293752044488,0.800152555301297,0.666878575969485,1.72,0.0791229742612012,0.313706247955512,0.2351009
shapes_6dof_events,24,w/o local verification,Ablation,UseVerification,0,1,3234,37,43,0.88477366255144,0.703636363636364,0.783876848288434,0.644570286475683,1.05,0.0945736434108527,0.296363636363636,0.1856919
shapes_6dof_events,24,w/o global expansion,Ablation,UseGlobalExpansion,0,1,3234,37,126,0.681755829903978,0.687096774193548,0.68441588248795,0.520237264480112,3.80952380952381,0.0489604292421194,0.312903225806452,0.2193053
shapes_6dof_events,24,unit estimation weights,Ablation,UseWeights,0,1,3234,37,42,0.748971193415638,0.665042630937881,0.704516129032258,0.543824701195219,1.17647058823529,0.0781440781440782,0.334957369062119,0.2345665
shapes_6dof_events,24,unit support tests,Ablation,UseMultiplicitySupport,0,1,3234,37,81,0.946959304983996,0.679684936002626,0.791364157432174,0.654758141005375,1.69565217391304,0.0888459681313375,0.320315063997374,0.2079204
shapes_6dof_events,25,Full LLGD,Full,-,NaN,1,3051,36,37,0.813865147198481,0.722901729228174,0.765691311145857,0.620340209916757,1.13333333333333,0.0898483080513419,0.277098270771826,0.1950238
shapes_6dof_events,25,w/o weighted support,Ablation,UseWeights,0,1,3051,36,83,0.94681861348528,0.695258019525802,0.801769199839164,0.669127516778523,1.72,0.074222668004012,0.304741980474198,0.2160256
shapes_6dof_events,25,w/o local verification,Ablation,UseVerification,0,1,3051,36,37,0.830959164292498,0.720461095100865,0.771775082690187,0.628366247755835,1.05882352941176,0.0742857142857143,0.279538904899135,0.1676279
shapes_6dof_events,25,w/o global expansion,Ablation,UseGlobalExpansion,0,1,3051,36,106,0.677587844254511,0.72253164556962,0.699338397451605,0.537678975131876,3.18181818181818,0.0364400840925018,0.27746835443038,0.185572
shapes_6dof_events,25,unit estimation weights,Ablation,UseWeights,0,1,3051,36,38,0.804843304843305,0.711586901763224,0.755347593582888,0.60687432867884,1.26666666666667,0.0784660766961652,0.288413098236776,0.1884127
shapes_6dof_events,25,unit support tests,Ablation,UseMultiplicitySupport,0,1,3051,36,74,0.95346628679962,0.697464397360194,0.805616850551655,0.674504534766543,1.76190476190476,0.0821713147410359,0.302535602639806,0.1868139
shapes_6dof_events,26,Full LLGD,Full,-,NaN,1,1921,34,25,0.764021887824897,0.855938697318008,0.807372605710155,0.676969696969697,1.17647058823529,0.0599820948970456,0.144061302681992,0.1163373
shapes_6dof_events,26,w/o weighted support,Ablation,UseWeights,0,1,1921,34,72,0.961012311901505,0.77240241891149,0.856446205425175,0.748933901918977,1.66666666666667,0.101779359430605,0.22759758108851,0.1786192
shapes_6dof_events,26,w/o local verification,Ablation,UseVerification,0,1,1921,34,27,0.813953488372093,0.851216022889843,0.832167832167832,0.712574850299401,1.11764705882353,0.0815126050420169,0.148783977110157,0.1190784
shapes_6dof_events,26,w/o global expansion,Ablation,UseGlobalExpansion,0,1,1921,34,61,0.551299589603283,0.860192102454643,0.671946644435181,0.505963590709353,3.05882352941176,0.0409429280397022,0.139807897545358,0.1836684
shapes_6dof_events,26,unit estimation weights,Ablation,UseWeights,0,1,1921,34,27,0.779753761969904,0.855213803450863,0.815742397137746,0.688821752265861,1.17647058823529,0.0763157894736842,0.144786196549137,0.2034765
shapes_6dof_events,26,unit support tests,Ablation,UseMultiplicitySupport,0,1,1921,34,62,0.93844049247606,0.770353733857383,0.846130126426149,0.733297701763763,1.5,0.0954810495626822,0.229646266142617,0.183523
shapes_6dof_events,27,Full LLGD,Full,-,NaN,1,2053,29,28,0.800141242937853,0.72674791533034,0.761680672268908,0.615092290988057,1.07142857142857,0.0406001765225066,0.27325208466966,0.1402392
shapes_6dof_events,27,w/o weighted support,Ablation,UseWeights,0,1,2053,29,56,0.961158192090395,0.698306824012314,0.808915304606241,0.679141716566866,1.625,0.0551065393093314,0.301693175987686,0.2326374
shapes_6dof_events,27,w/o local verification,Ablation,UseVerification,0,1,2053,29,30,0.809322033898305,0.730867346938776,0.768096514745308,0.623503808487486,1.14285714285714,0.0497382198952879,0.269132653061224,0.1647185
shapes_6dof_events,27,w/o global expansion,Ablation,UseGlobalExpansion,0,1,2053,29,82,0.636299435028249,0.732520325203252,0.681027966742252,0.516332378223496,4,0.0177580466148723,0.267479674796748,0.2853995
shapes_6dof_events,27,unit estimation weights,Ablation,UseWeights,0,1,2053,29,31,0.812853107344633,0.732188295165394,0.770414993306559,0.626565051714752,1,0.0616854908774979,0.267811704834606,0.3519803
shapes_6dof_events,27,unit support tests,Ablation,UseMultiplicitySupport,0,1,2053,29,55,0.951977401129944,0.698445595854922,0.805738194859534,0.674674674674675,1.625,0.0504451038575667,0.301554404145078,0.2874999
shapes_6dof_events,28,Full LLGD,Full,-,NaN,1,1832,30,21,0.625275532696547,0.74780316344464,0.681072428971589,0.516383495145631,1.08333333333333,0.0423031727379554,0.25219683655536,0.1354887
shapes_6dof_events,28,w/o weighted support,Ablation,UseWeights,0,1,1832,30,61,0.944158706833211,0.746658919233004,0.833874107722258,0.715080690038954,1.89473684210526,0.0731517509727626,0.253341080766996,0.1243676
shapes_6dof_events,28,w/o local verification,Ablation,UseVerification,0,1,1832,30,26,0.830271858927259,0.791316526610644,0.810326281821441,0.681133212778782,1,0.0575221238938053,0.208683473389356,0.1050471
shapes_6dof_events,28,w/o global expansion,Ablation,UseGlobalExpansion,0,1,1832,30,45,0.40852314474651,0.761643835616438,0.531802965088474,0.362214983713355,2.58333333333333,0.0377697841726619,0.238356164383562,0.1574959
shapes_6dof_events,28,unit estimation weights,Ablation,UseWeights,0,1,1832,30,23,0.630418809698751,0.742214532871972,0.68176400476758,0.517179023508137,1,0.034965034965035,0.257785467128028,0.150535
shapes_6dof_events,28,unit support tests,Ablation,UseMultiplicitySupport,0,1,1832,30,58,0.939750183688464,0.740590619571511,0.828367875647669,0.70702045328911,1.47619047619048,0.0562939796716184,0.259409380428489,0.1338425
shapes_6dof_events,29,Full LLGD,Full,-,NaN,1,3438,33,36,0.88314332247557,0.7645400070497,0.819573020971094,0.694302176696543,1.2,0.123098201936376,0.2354599929503,0.1542113
shapes_6dof_events,29,w/o weighted support,Ablation,UseWeights,0,1,3438,33,68,0.958469055374593,0.726767520839765,0.826690079016681,0.704579467225382,1.63636363636364,0.112999150382328,0.273232479160235,0.2248693
shapes_6dof_events,29,w/o local verification,Ablation,UseVerification,0,1,3438,33,33,0.877442996742671,0.76175326970661,0.815515610217597,0.688498402555911,1,0.116473317865429,0.23824673029339,0.1687406
shapes_6dof_events,29,w/o global expansion,Ablation,UseGlobalExpansion,0,1,3438,33,142,0.845684039087948,0.76727004063539,0.804570985860934,0.673039533376539,4.20833333333333,0.052961001444391,0.23272995936461,0.2262992
shapes_6dof_events,29,unit estimation weights,Ablation,UseWeights,0,1,3438,33,40,0.894543973941368,0.758894645941278,0.821154924313213,0.696575776791376,1.3125,0.116067364588075,0.241105354058722,0.1823758
shapes_6dof_events,29,unit support tests,Ablation,UseMultiplicitySupport,0,1,3438,33,68,0.960097719869707,0.728902627511592,0.828676858197153,0.707470747074707,1.52380952380952,0.128074639525021,0.271097372488408,0.1818129
shapes_6dof_events,30,Full LLGD,Full,-,NaN,1,2979,33,37,0.861751152073733,0.789695945945946,0.824151608638167,0.700899550224888,1.25,0.133155080213904,0.210304054054054,0.1622745
shapes_6dof_events,30,w/o weighted support,Ablation,UseWeights,0,1,2979,33,63,0.952534562211982,0.737687366167024,0.831456154465004,0.711531841652324,1.40909090909091,0.139816158684083,0.262312633832976,0.1796999
shapes_6dof_events,30,w/o local verification,Ablation,UseVerification,0,1,2979,33,38,0.859447004608295,0.790589232725731,0.823581364539633,0.700075075075075,1.15789473684211,0.0857908847184986,0.209410767274269,0.1588637
shapes_6dof_events,30,w/o global expansion,Ablation,UseGlobalExpansion,0,1,2979,33,106,0.73778801843318,0.786345776031434,0.761293390394674,0.614587332053743,3.31818181818182,0.0599625234228607,0.213654223968566,0.2236554
shapes_6dof_events,30,unit estimation weights,Ablation,UseWeights,0,1,2979,33,35,0.851612903225806,0.761433868974042,0.804002610398086,0.672244452528192,1.33333333333333,0.119047619047619,0.238566131025958,0.1505919
shapes_6dof_events,30,unit support tests,Ablation,UseMultiplicitySupport,0,1,2979,33,73,0.958986175115207,0.735075944895797,0.832233553289342,0.712671232876712,1.72222222222222,0.153291686689092,0.264924055104203,0.168853
urban_events,1,Full LLGD,Full,-,NaN,1,2256,77,26,0.408805031446541,0.632295719844358,0.496562261268144,0.330284552845528,1,0.184615384615385,0.367704280155642,0.1321192
urban_events,1,w/o weighted support,Ablation,UseWeights,0,1,2256,77,93,0.655345911949686,0.503868471953578,0.569710224166211,0.398318042813456,1.4,0.143953934740883,0.496131528046422,0.3094334
urban_events,1,w/o local verification,Ablation,UseVerification,0,1,2256,77,28,0.39874213836478,0.609615384615385,0.48212927756654,0.317635270541082,2,0.141955835962145,0.390384615384615,0.1354423
urban_events,1,w/o global expansion,Ablation,UseGlobalExpansion,0,1,2256,77,25,0.305660377358491,0.598522167487685,0.40466278101582,0.253653444676409,1,0,0.401477832512315,0.0702396
urban_events,1,unit estimation weights,Ablation,UseWeights,0,1,2256,77,23,0.369811320754717,0.649006622516556,0.471153846153846,0.308176100628931,2,0.105442176870748,0.350993377483444,0.1575651
urban_events,1,unit support tests,Ablation,UseMultiplicitySupport,0,1,2256,77,89,0.656603773584906,0.503375120540019,0.569868995633188,0.398473282442748,1.11111111111111,0.21455938697318,0.496624879459981,0.3237116
urban_events,2,Full LLGD,Full,-,NaN,1,5626,88,32,0.0564476885644769,0.215613382899628,0.0894716544543,0.0468308437626161,NaN,0.344827586206897,0.784386617100372,0.352472
urban_events,2,w/o weighted support,Ablation,UseWeights,0,1,5626,88,277,0.727980535279805,0.370755885997522,0.491297208538588,0.325642141924249,1.28571428571429,0.262700534759358,0.629244114002478,0.9315969
urban_events,2,w/o local verification,Ablation,UseVerification,0,1,5626,88,38,0.0637469586374696,0.207936507936508,0.0975791433891993,0.0512920908379013,1,0.305343511450382,0.792063492063492,0.3401745
urban_events,2,w/o global expansion,Ablation,UseGlobalExpansion,0,1,5626,88,49,0.159124087591241,0.477372262773723,0.238686131386861,0.135515955242437,3.5,0.0214067278287462,0.522627737226277,0.3183957
urban_events,2,unit estimation weights,Ablation,UseWeights,0,1,5626,88,29,0.0564476885644769,0.257206208425721,0.0925778132482043,0.0485355648535565,NaN,0.344827586206897,0.742793791574279,0.3704563
urban_events,2,unit support tests,Ablation,UseMultiplicitySupport,0,1,5626,88,241,0.727493917274939,0.365793980915097,0.486812113318137,0.321712933075102,1.3448275862069,0.292976588628763,0.634206019084903,0.6652438
urban_events,3,Full LLGD,Full,-,NaN,1,4574,85,25,0.000692520775623269,0.00253807106598985,0.00108813928182807,0.000544365813826892,NaN,0,0.99746192893401,0.2733243
urban_events,3,w/o weighted support,Ablation,UseWeights,0,1,4574,85,222,0.813711911357341,0.355844942459116,0.495153813737885,0.329039484738169,1.59375,0.254468085106383,0.644155057540884,0.4987478
urban_events,3,w/o local verification,Ablation,UseVerification,0,1,4574,85,28,0.0962603878116343,0.174623115577889,0.124107142857143,0.0661589719181342,NaN,0.381294964028777,0.825376884422111,0.2435011
urban_events,3,w/o global expansion,Ablation,UseGlobalExpansion,0,1,4574,85,25,0.000692520775623269,0.00256410256410256,0.00109051254089422,0.000545553737043099,NaN,0,0.997435897435897,0.2466624
urban_events,3,unit estimation weights,Ablation,UseWeights,0,1,4574,85,24,0.000692520775623269,0.00259067357512953,0.00109289617486339,0.000546746856205577,NaN,0,0.99740932642487,0.2381847
urban_events,3,unit support tests,Ablation,UseMultiplicitySupport,0,1,4574,85,221,0.809556786703601,0.353278936234512,0.491899852724595,0.326171875,1.5,0.25748502994012,0.646721063765488,0.5590012
urban_events,4,Full LLGD,Full,-,NaN,1,21068,123,89,0.663486416558862,0.308774834437086,0.421425636811832,0.266965970460017,1,0.56129661223495,0.691225165562914,1.9369229
urban_events,4,w/o weighted support,Ablation,UseWeights,0,1,21068,123,276,0.963939197930142,0.299472494348154,0.456974203687378,0.296154610492846,1.5,0.611977856064419,0.700527505651846,2.2403666
urban_events,4,w/o local verification,Ablation,UseVerification,0,1,21068,123,141,0.755659767141009,0.317567108392796,0.447198430546916,0.287994576605448,1.125,0.473357586133105,0.682432891607204,1.5454546
urban_events,4,w/o global expansion,Ablation,UseGlobalExpansion,0,1,21068,123,466,0.564359637774903,0.323747680890538,0.411459561424192,0.259017366780466,3.65625,0.0856733524355301,0.676252319109462,1.5431251
urban_events,4,unit estimation weights,Ablation,UseWeights,0,1,21068,123,51,0.944372574385511,0.301996069914159,0.457644385236267,0.296717813230363,1,0.782191780821918,0.698003930085841,4.1408209
urban_events,4,unit support tests,Ablation,UseMultiplicitySupport,0,1,21068,123,142,0.979139715394567,0.298776275535379,0.457844990548204,0.296886491787203,1,0.730635838150289,0.701223724464621,2.8868551
urban_events,5,Full LLGD,Full,-,NaN,1,9792,105,67,0.413533834586466,0.398773006134969,0.406019307211811,0.254720342002138,1.33333333333333,0.407692307692308,0.601226993865031,0.9385898
urban_events,5,w/o weighted support,Ablation,UseWeights,0,1,9792,105,334,0.919028340080972,0.378693994280267,0.536371308016878,0.366466789667897,1.5,0.370044052863436,0.621306005719733,0.9237647
urban_events,5,w/o local verification,Ablation,UseVerification,0,1,9792,105,80,0.476286871023713,0.393172594891382,0.430757159670459,0.2745,1,0.430479659987857,0.606827405108618,0.6789268
urban_events,5,w/o global expansion,Ablation,UseGlobalExpansion,0,1,9792,105,112,0.139965297860035,0.274220963172805,0.185334099176718,0.102131251318844,1.875,0.03099173553719,0.725779036827195,0.7430291
urban_events,5,unit estimation weights,Ablation,UseWeights,0,1,9792,105,75,0.466454598033545,0.425481403323661,0.445026900262105,0.286195883605394,1.125,0.385616862988221,0.574518596676339,0.7994801
urban_events,5,unit support tests,Ablation,UseMultiplicitySupport,0,1,9792,105,307,0.916714864083285,0.374571664894246,0.531834577636104,0.362244314935436,1.28571428571429,0.414511041009464,0.625428335105754,0.9046026
urban_events,6,Full LLGD,Full,-,NaN,1,18143,107,44,0.954312114989733,0.327769615045548,0.487947854236843,0.322705705358176,1,0.899228976152053,0.672230384954452,3.5464328
urban_events,6,w/o weighted support,Ablation,UseWeights,0,1,18143,107,140,0.966803559206023,0.329888480177498,0.491924600583344,0.326193637780729,1.69230769230769,0.782300884955752,0.670111519822502,5.0856303
urban_events,6,w/o local verification,Ablation,UseVerification,0,1,18143,107,90,0.75119780971937,0.321776735322143,0.45055678144404,0.290786248923627,1,0.62004555808656,0.678223264677857,2.3849366
urban_events,6,w/o global expansion,Ablation,UseGlobalExpansion,0,1,18143,107,329,0.351129363449692,0.306818181818182,0.327481646983722,0.195801526717557,2.875,0.101851851851852,0.693181818181818,1.6202169
urban_events,6,unit estimation weights,Ablation,UseWeights,0,1,18143,107,45,0.718172484599589,0.328403755868545,0.450708762886598,0.290912871698898,1,0.806528472718609,0.671596244131455,2.5882805
urban_events,6,unit support tests,Ablation,UseMultiplicitySupport,0,1,18143,107,140,0.972450376454483,0.332144944476914,0.495164241526531,0.329048694343119,1.3,0.768256202709836,0.667855055523086,3.1249235
urban_events,7,Full LLGD,Full,-,NaN,1,4494,93,27,0.0546184738955823,0.103186646433991,0.0714285714285714,0.037037037037037,NaN,0,0.896813353566009,0.5417412
urban_events,7,w/o weighted support,Ablation,UseWeights,0,1,4494,93,176,0.710843373493976,0.284657446124156,0.406522737712448,0.255116748342462,1.5,0.240677966101695,0.715342553875844,0.9115021
urban_events,7,w/o local verification,Ablation,UseVerification,0,1,4494,93,28,0.0891566265060241,0.145669291338583,0.110612855007474,0.0585443037974684,1,0.108108108108108,0.854330708661417,0.533124
urban_events,7,w/o global expansion,Ablation,UseGlobalExpansion,0,1,4494,93,35,0.0481927710843374,0.102739726027397,0.0656096227446692,0.0339174674957603,3,0,0.897260273972603,0.3204184
urban_events,7,unit estimation weights,Ablation,UseWeights,0,1,4494,93,27,0.0546184738955823,0.103500761035008,0.0715036803364879,0.0370774263904035,NaN,0,0.896499238964992,0.4388218
urban_events,7,unit support tests,Ablation,UseMultiplicitySupport,0,1,4494,93,192,0.693975903614458,0.2814332247557,0.400463499420626,0.250362213851058,1.56,0.233796296296296,0.7185667752443,0.6885157
urban_events,8,Full LLGD,Full,-,NaN,1,6674,94,50,0.172243554580362,0.295668549905838,0.217677642980936,0.122131466355504,1,0.375796178343949,0.704331450094162,0.4125049
urban_events,8,w/o weighted support,Ablation,UseWeights,0,1,6674,94,235,0.843115743280307,0.300078094494338,0.442620590352772,0.284208579881657,1.26923076923077,0.419648666232921,0.699921905505662,0.6693135
urban_events,8,w/o local verification,Ablation,UseVerification,0,1,6674,94,58,0.246845858475041,0.309278350515464,0.274557657107993,0.159123055162659,1,0.402222222222222,0.690721649484536,0.3478913
urban_events,8,w/o global expansion,Ablation,UseGlobalExpansion,0,1,6674,94,74,0.119583104772353,0.20722433460076,0.151652173913043,0.0820474219044035,1.8,0.0596330275229358,0.792775665399239,0.4157702
urban_events,8,unit estimation weights,Ablation,UseWeights,0,1,6674,94,51,0.185408667032364,0.261205564142195,0.216875200513314,0.121626484346887,1,0.411242603550296,0.738794435857805,0.4190999
urban_events,8,unit support tests,Ablation,UseMultiplicitySupport,0,1,6674,94,233,0.847504114097641,0.297286896286319,0.44017094017094,0.282191780821918,1.4375,0.447249190938511,0.702713103713681,0.6413697
urban_events,9,Full LLGD,Full,-,NaN,1,26871,102,97,0.782886723507917,0.24476389946687,0.372932985204526,0.229205669965231,1,0.598405289770517,0.75523610053313,3.0986759
urban_events,9,w/o weighted support,Ablation,UseWeights,0,1,26871,102,85,0.983861144945189,0.249046132500867,0.397478087036752,0.248032856101025,1.5,0.856236459300526,0.750953867499133,7.2566089
urban_events,9,w/o local verification,Ablation,UseVerification,0,1,26871,102,101,0.838915956151035,0.248713550600343,0.383678016851194,0.237377218679993,1.2,0.530671506352087,0.751286449399657,2.8472699
urban_events,9,w/o global expansion,Ablation,UseGlobalExpansion,0,1,26871,102,628,0.63489646772229,0.248539754440339,0.357234644050373,0.217459324155194,3.29411764705882,0.0592326139088729,0.751460245559662,1.8639373
urban_events,9,unit estimation weights,Ablation,UseWeights,0,1,26871,102,73,0.853227771010962,0.249810546962065,0.386469432088549,0.239517886908578,1,0.638294075660243,0.750189453037935,3.6183221
urban_events,9,unit support tests,Ablation,UseMultiplicitySupport,0,1,26871,102,43,0.98020706455542,0.247225528973542,0.394860314637063,0.245997478124642,2,0.92497670083877,0.752774471026458,8.1753067
urban_events,10,Full LLGD,Full,-,NaN,1,8008,86,81,0.414507772020725,0.293577981651376,0.343716433941998,0.207522697795071,1,0.509375,0.706422018348624,0.5634929
urban_events,10,w/o weighted support,Ablation,UseWeights,0,1,8008,86,248,0.891623488773748,0.309409649385676,0.459399332591769,0.298194945848375,1.37037037037037,0.483777239709443,0.690590350614324,0.7723355
urban_events,10,w/o local verification,Ablation,UseVerification,0,1,8008,86,91,0.443868739205527,0.305225653206651,0.361717100633357,0.220790378006873,1.33333333333333,0.456225680933852,0.694774346793349,0.4879066
urban_events,10,w/o global expansion,Ablation,UseGlobalExpansion,0,1,8008,86,163,0.268566493955095,0.260906040268456,0.26468085106383,0.152525747915645,2.7,0.106109324758842,0.739093959731544,0.5914795
urban_events,10,unit estimation weights,Ablation,UseWeights,0,1,8008,86,73,0.404576856649396,0.287335173259736,0.336022951407567,0.201939655172414,1,0.531483457844184,0.712664826740264,0.5301143
urban_events,10,unit support tests,Ablation,UseMultiplicitySupport,0,1,8008,86,232,0.893782383419689,0.311137832556741,0.461589920838443,0.30004348456298,1.58333333333333,0.497584541062802,0.688862167443259,0.7441204
urban_events,11,Full LLGD,Full,-,NaN,1,19623,102,53,0.970098410295231,0.27688651218063,0.430810606378955,0.274543409565637,1,0.896215372610222,0.72311348781937,4.5572693
urban_events,11,w/o weighted support,Ablation,UseWeights,0,1,19623,102,82,0.986941710825132,0.278474929246542,0.434384240556412,0.277452649499894,1.25,0.909875359539789,0.721525070753458,4.1204905
urban_events,11,w/o local verification,Ablation,UseVerification,0,1,19623,102,161,0.671839515518547,0.27037319116527,0.385576192027805,0.238832077502691,1,0.576056338028169,0.72962680883473,1.9542203
urban_events,11,w/o global expansion,Ablation,UseGlobalExpansion,0,1,19623,102,460,0.461014383043149,0.251887085099783,0.325777331995988,0.19458423196741,2.89285714285714,0.106732348111658,0.748112914900217,1.4576451
urban_events,11,unit estimation weights,Ablation,UseWeights,0,1,19623,102,49,0.96328538985617,0.276285078434566,0.429409035306028,0.273406026749745,NaN,0.928683693516699,0.723714921565434,4.4598306
urban_events,11,unit support tests,Ablation,UseMultiplicitySupport,0,1,19623,102,86,0.987887963663891,0.27831094049904,0.434276206322795,0.277364505844846,1.6,0.90727969348659,0.72168905950096,4.0625066
urban_events,12,Full LLGD,Full,-,NaN,1,13136,100,82,0.467089611419508,0.278355387523629,0.348830322771691,0.211262553802009,1.33333333333333,0.54442558007923,0.72164461247637,1.2112394
urban_events,12,w/o weighted support,Ablation,UseWeights,0,1,13136,100,181,0.956119481892678,0.303566932438103,0.460823034781501,0.299395745385316,1.42857142857143,0.720210118883052,0.696433067561897,1.9428513
urban_events,12,w/o local verification,Ablation,UseVerification,0,1,13136,100,80,0.906159132963257,0.304062444562711,0.455336388390782,0.294780290652679,2,0.848016336056009,0.695937555437289,2.227866
urban_events,12,w/o global expansion,Ablation,UseGlobalExpansion,0,1,13136,100,203,0.209621993127148,0.225412166003411,0.217230516367621,0.121850030731408,2.1875,0.0403530895334174,0.774587833996589,1.0805878
urban_events,12,unit estimation weights,Ablation,UseWeights,0,1,13136,100,96,0.490615913296326,0.310783657066309,0.380522808815992,0.234966451449551,1,0.435883620689655,0.689216342933691,1.1289229
urban_events,12,unit support tests,Ablation,UseMultiplicitySupport,0,1,13136,100,126,0.966693100713719,0.303384768541563,0.461829892025005,0.300246305418719,1.42857142857143,0.799835931091058,0.696615231458437,2.6941836
urban_events,13,Full LLGD,Full,-,NaN,1,7950,95,86,0.262101534828808,0.266293482606957,0.264180880602935,0.152193784277879,1,0.301801801801802,0.733706517393043,0.5926555
urban_events,13,w/o weighted support,Ablation,UseWeights,0,1,7950,95,277,0.9004329004329,0.35683094198378,0.51111359320898,0.343285821455364,1.55882352941176,0.393793706293706,0.64316905801622,1.0009616
urban_events,13,w/o local verification,Ablation,UseVerification,0,1,7950,95,102,0.348681621408894,0.325137614678899,0.336498290922902,0.202283105022831,1,0.238148984198646,0.674862385321101,0.5846642
urban_events,13,w/o global expansion,Ablation,UseGlobalExpansion,0,1,7950,95,115,0.11176702085793,0.214663643235072,0.146997929606625,0.0793296089385475,1.66666666666667,0.0246478873239436,0.785336356764928,0.6701763
urban_events,13,unit estimation weights,Ablation,UseWeights,0,1,7950,95,88,0.275482093663912,0.296987696224014,0.285830951408738,0.166746069556932,1,0.304285714285714,0.703012303775986,0.7441992
urban_events,13,unit support tests,Ablation,UseMultiplicitySupport,0,1,7950,95,259,0.897678079496261,0.357299498746867,0.511148459383754,0.343317278747742,1.51724137931034,0.436650591845682,0.642700501253133,0.8125376
urban_events,14,Full LLGD,Full,-,NaN,1,3360,96,80,0.00350467289719626,0.00462962962962963,0.00398936170212766,0.00199866755496336,NaN,0,0.99537037037037,0.2009215
urban_events,14,w/o weighted support,Ablation,UseWeights,0,1,3360,96,157,0.585280373831776,0.298747763864043,0.395578365574418,0.246555118110236,1.16666666666667,0.261477045908184,0.701252236135957,0.4235695
urban_events,14,w/o local verification,Ablation,UseVerification,0,1,3360,96,90,0.0186915887850467,0.0214190093708166,0.0199625701809108,0.0100819155639572,1,0.125,0.978580990629183,0.1826023
urban_events,14,w/o global expansion,Ablation,UseGlobalExpansion,0,1,3360,96,82,0.00233644859813084,0.00330578512396694,0.0027378507871321,0.00137080191912269,NaN,0,0.996694214876033,0.1915263
urban_events,14,unit estimation weights,Ablation,UseWeights,0,1,3360,96,77,0.00116822429906542,0.00158982511923688,0.00134680134680135,0.000673854447439353,NaN,0,0.998410174880763,0.2274459
urban_events,14,unit support tests,Ablation,UseMultiplicitySupport,0,1,3360,96,159,0.577102803738318,0.291101944608132,0.386995691343517,0.239922292374939,1.11111111111111,0.279352226720648,0.708898055391868,0.3863534
urban_events,15,Full LLGD,Full,-,NaN,1,15178,123,118,0.48321780372127,0.359820700896496,0.412488321395204,0.259833251593919,1.33333333333333,0.520951302378256,0.640179299103504,1.2056842
urban_events,15,w/o weighted support,Ablation,UseWeights,0,1,15178,123,236,0.969354250273623,0.376745834810351,0.542604788890591,0.372311357107826,1.61111111111111,0.752164094843809,0.623254165189649,2.1146549
urban_events,15,w/o local verification,Ablation,UseVerification,0,1,15178,123,147,0.552170740605618,0.385654223467958,0.454129472657715,0.293769409937888,1.2,0.448629005616122,0.614345776532042,1.0140992
urban_events,15,w/o global expansion,Ablation,UseGlobalExpansion,0,1,15178,123,271,0.242429770156877,0.304258241758242,0.269847715736041,0.155967609435512,3.33333333333333,0.0413844996237773,0.695741758241758,1.2458232
urban_events,15,unit estimation weights,Ablation,UseWeights,0,1,15178,123,81,0.870850054724553,0.384751773049645,0.533705980994969,0.363982921622446,1.5,0.856933389191454,0.615248226950355,2.4219972
urban_events,15,unit support tests,Ablation,UseMultiplicitySupport,0,1,15178,123,165,0.965523531557826,0.372039080621354,0.537115023593282,0.367161487236404,2,0.768373323257132,0.627960919378646,2.0152015
urban_events,16,Full LLGD,Full,-,NaN,1,8279,97,67,0.310587262200165,0.262312259867272,0.284415830335164,0.165783664459161,1.33333333333333,0.390146471371505,0.737687740132728,0.7245948
urban_events,16,w/o weighted support,Ablation,UseWeights,0,1,8279,97,193,0.89454094292804,0.30886762815936,0.459186922831971,0.298015982364288,1.52631578947368,0.562182154415164,0.69113237184064,1.090596
urban_events,16,w/o local verification,Ablation,UseVerification,0,1,8279,97,86,0.295285359801489,0.23681592039801,0.262838210933186,0.151303242212333,1,0.282913165266106,0.76318407960199,0.5604026
urban_events,16,w/o global expansion,Ablation,UseGlobalExpansion,0,1,8279,97,130,0.193548387096774,0.233766233766234,0.211764705882353,0.118421052631579,3.33333333333333,0.115384615384615,0.766233766233766,0.5955341
urban_events,16,unit estimation weights,Ablation,UseWeights,0,1,8279,97,64,0.326302729528536,0.242769230769231,0.278405081157375,0.161713465874155,2,0.433460076045627,0.757230769230769,0.5915533
urban_events,16,unit support tests,Ablation,UseMultiplicitySupport,0,1,8279,97,197,0.89660876757651,0.308612099644128,0.459176109287303,0.298006872852234,1.6,0.558579335793358,0.691387900355872,0.8875885
urban_events,17,Full LLGD,Full,-,NaN,1,18762,104,51,0.93869526362824,0.298969659019753,0.453501424747431,0.293243997766611,1,0.802551408987053,0.701030340980247,3.5627022
urban_events,17,w/o weighted support,Ablation,UseWeights,0,1,18762,104,213,0.960857908847185,0.302396220047249,0.460017969451932,0.298716452742124,1.66666666666667,0.578683035714286,0.697603779952751,2.4525692
urban_events,17,w/o local verification,Ablation,UseVerification,0,1,18762,104,134,0.757283288650581,0.300007080648587,0.429759610508165,0.273690330082036,1,0.473684210526316,0.699992919351413,1.6356266
urban_events,17,w/o global expansion,Ablation,UseGlobalExpansion,0,1,18762,104,412,0.502055406613047,0.294784342533319,0.371462576038085,0.228095818107998,3.6,0.0587397650409398,0.705215657466681,1.5060853
urban_events,17,unit estimation weights,Ablation,UseWeights,0,1,18762,104,78,0.819660411081323,0.315449167698445,0.455570456464511,0.294976522801827,2,0.718273004797209,0.684550832301555,2.7417679
urban_events,17,unit support tests,Ablation,UseMultiplicitySupport,0,1,18762,104,177,0.967828418230563,0.3046070765596,0.46337497860688,0.301553711644484,1.75,0.655771006463527,0.6953929234404,2.4701323
urban_events,18,Full LLGD,Full,-,NaN,1,10931,87,102,0.335453100158982,0.264212371650388,0.295601008685906,0.173434160775933,1,0.518483412322275,0.735787628349612,0.932393
urban_events,18,w/o weighted support,Ablation,UseWeights,0,1,10931,87,241,0.918282988871224,0.297394707033261,0.449284380833852,0.289727126805779,1.47619047619048,0.481648199445983,0.702605292966739,0.9881551
urban_events,18,w/o local verification,Ablation,UseVerification,0,1,10931,87,134,0.433386327503975,0.29173801369863,0.348727133171293,0.211186860861481,1.28571428571429,0.455612619222304,0.70826198630137,0.6046451
urban_events,18,w/o global expansion,Ablation,UseGlobalExpansion,0,1,10931,87,185,0.27631160572337,0.255212922173275,0.265343511450382,0.152966027107904,2.22222222222222,0.278481012658228,0.744787077826725,0.7576385
urban_events,18,unit estimation weights,Ablation,UseWeights,0,1,10931,87,91,0.474721780604134,0.258662508662509,0.334865986318268,0.201104525862069,1,0.738111185532485,0.741337491337491,0.8522742
urban_events,18,unit support tests,Ablation,UseMultiplicitySupport,0,1,10931,87,379,0.907472178060413,0.300674252001686,0.451689483263433,0.291730553000102,1.58823529411765,0.324456902592852,0.699325747998314,0.9635621
urban_events,19,Full LLGD,Full,-,NaN,1,11455,102,84,0.396952380952381,0.191896869244936,0.258721291123526,0.148581206331099,1.5,0.40595009596929,0.808103130755064,1.0258832
urban_events,19,w/o weighted support,Ablation,UseWeights,0,1,11455,102,346,0.875809523809524,0.232269145281875,0.367164417471852,0.224863067292645,1.66666666666667,0.316659417137886,0.767730854718125,1.1585451
urban_events,19,w/o local verification,Ablation,UseVerification,0,1,11455,102,124,0.429714285714286,0.209860465116279,0.282,0.164144353899884,1.2,0.296985815602837,0.790139534883721,0.8142552
urban_events,19,w/o global expansion,Ablation,UseGlobalExpansion,0,1,11455,102,172,0.193904761904762,0.174434544208362,0.183655060436587,0.101112435439015,3.57142857142857,0.0510805500982319,0.825565455791638,1.0877781
urban_events,19,unit estimation weights,Ablation,UseWeights,0,1,11455,102,91,0.382857142857143,0.218241042345277,0.278008298755187,0.16144578313253,1.33333333333333,0.343283582089552,0.781758957654723,1.065223
urban_events,19,unit support tests,Ablation,UseMultiplicitySupport,0,1,11455,102,310,0.876952380952381,0.231892817568248,0.366794136392607,0.224585365853659,1.77272727272727,0.330582102519548,0.768107182431752,1.1255098
urban_events,20,Full LLGD,Full,-,NaN,1,9308,109,51,0.173792557403009,0.232644409114997,0.198957625198278,0.110468042274786,1.5,0.12756264236902,0.767355590885003,0.6616138
urban_events,20,w/o weighted support,Ablation,UseWeights,0,1,9308,109,265,0.878068091844814,0.280510939673707,0.425189303172625,0.269993913572733,1.6,0.409377817853922,0.719489060326293,0.7898482
urban_events,20,w/o local verification,Ablation,UseVerification,0,1,9308,109,67,0.215360253365004,0.215189873417722,0.215275029679462,0.120620842572062,1.33333333333333,0.119485294117647,0.784810126582278,0.5220018
urban_events,20,w/o global expansion,Ablation,UseGlobalExpansion,0,1,9308,109,91,0.137371338083927,0.257992565055762,0.179281839318006,0.0984676503972758,3.8,0.0403458213256485,0.742007434944238,0.6789718
urban_events,20,unit estimation weights,Ablation,UseWeights,0,1,9308,109,48,0.193982581155978,0.191931061496279,0.192951368379602,0.106777075615603,2,0.426530612244898,0.808068938503721,0.6457707
urban_events,20,unit support tests,Ablation,UseMultiplicitySupport,0,1,9308,109,291,0.872129849564529,0.283416956130194,0.427808525099524,0.272109683794466,1.56666666666667,0.357694053563323,0.716583043869806,0.8034769
urban_events,21,Full LLGD,Full,-,NaN,1,12013,103,74,0.297542914843487,0.18941504178273,0.231474207907829,0.130885401243707,1,0.127828054298643,0.81058495821727,0.8942929
urban_events,21,w/o weighted support,Ablation,UseWeights,0,1,12013,103,291,0.90575563783238,0.251848385587272,0.394112478031634,0.245417236662107,1.53125,0.341137123745819,0.748151614412728,0.9977536
urban_events,21,w/o local verification,Ablation,UseVerification,0,1,12013,103,107,0.499495119488388,0.251014884979702,0.334121355397951,0.200567644276254,1,0.237870619946092,0.748985115020298,0.7515719
urban_events,21,w/o global expansion,Ablation,UseGlobalExpansion,0,1,12013,103,185,0.215752271962302,0.180920124188541,0.196806877494627,0.109143538225779,2.25,0.0592823712948518,0.819079875811459,0.8750425
urban_events,21,unit estimation weights,Ablation,UseWeights,0,1,12013,103,78,0.272635476270616,0.161838161838162,0.203109327983952,0.11303377058331,1.14285714285714,0.166666666666667,0.838161838161838,1.0161659
urban_events,21,unit support tests,Ablation,UseMultiplicitySupport,0,1,12013,103,354,0.89464826657691,0.248992974238876,0.389564707606625,0.241900254823444,1.46428571428571,0.290443942814146,0.751007025761124,1.0887007
urban_events,22,Full LLGD,Full,-,NaN,1,11856,106,38,0.283546499024496,0.374356038923869,0.322684100160355,0.192381232534196,1,0.370795107033639,0.625643961076131,0.9490762
urban_events,22,w/o weighted support,Ablation,UseWeights,0,1,11856,106,194,0.942336874051593,0.410287871637565,0.57167280378748,0.400239388638247,1.81818181818182,0.575109270761445,0.589712128362435,1.4405891
urban_events,22,w/o local verification,Ablation,UseVerification,0,1,11856,106,61,0.412746585735964,0.423581757508343,0.418093983311375,0.264297612437535,1,0.337710084033613,0.576418242491657,0.8693776
urban_events,22,w/o global expansion,Ablation,UseGlobalExpansion,0,1,11856,106,108,0.0639497073487969,0.169054441260745,0.0927964768795219,0.0486557809665182,1.66666666666667,0.0338983050847458,0.830945558739255,0.8903983
urban_events,22,unit estimation weights,Ablation,UseWeights,0,1,11856,106,39,0.460654671580316,0.390553207131042,0.422717326437239,0.268003531340648,1,0.687529411764706,0.609446792868958,0.9347503
urban_events,22,unit support tests,Ablation,UseMultiplicitySupport,0,1,11856,106,213,0.947973119445047,0.413757214495222,0.576076933210381,0.404570265519475,1.69565217391304,0.555911273725131,0.586242785504778,1.074447
urban_events,23,Full LLGD,Full,-,NaN,1,6191,90,30,0.089622641509434,0.171945701357466,0.117829457364341,0.0626029654036244,1,0.184210526315789,0.828054298642534,0.4246446
urban_events,23,w/o weighted support,Ablation,UseWeights,0,1,6191,90,180,0.895047169811321,0.46018593371059,0.60784837159637,0.436625119846596,1.85714285714286,0.272288098375055,0.53981406628941,0.6967974
urban_events,23,w/o local verification,Ablation,UseVerification,0,1,6191,90,39,0.232311320754717,0.295647823911956,0.260180497468633,0.149544534412955,1,0.231810490693739,0.704352176088044,0.3861465
urban_events,23,w/o global expansion,Ablation,UseGlobalExpansion,0,1,6191,90,48,0.0220125786163522,0.0870917573872473,0.0351427674929401,0.0178856595336953,1,0.0357142857142857,0.912908242612753,0.4549044
urban_events,23,unit estimation weights,Ablation,UseWeights,0,1,6191,90,31,0.128930817610063,0.239416058394161,0.167603474706183,0.0914668153931958,1,0.292682926829268,0.760583941605839,0.426503
urban_events,23,unit support tests,Ablation,UseMultiplicitySupport,0,1,6191,90,202,0.888364779874214,0.459162941893539,0.605411197428342,0.434114483288513,1.7,0.223008849557522,0.540837058106461,0.5975468
urban_events,24,Full LLGD,Full,-,NaN,1,19204,92,34,0.780952380952381,0.320270091354429,0.45425097413267,0.293871104901901,1,0.801570897064903,0.679729908645571,3.071323
urban_events,24,w/o weighted support,Ablation,UseWeights,0,1,19204,92,211,0.963680387409201,0.332516430878913,0.494430411197151,0.328400902139832,1.73076923076923,0.685594639865997,0.667483569121087,2.8938397
urban_events,24,w/o local verification,Ablation,UseVerification,0,1,19204,92,25,0.766747376916868,0.314548705383749,0.446093163035312,0.287078447963254,1,0.814526315789474,0.685451294616251,3.5144352
urban_events,24,w/o global expansion,Ablation,UseGlobalExpansion,0,1,19204,92,308,0.260532687651332,0.223391003460208,0.24053651266766,0.136710147382687,2.85,0.0898389095415117,0.776608996539792,1.5829342
urban_events,24,unit estimation weights,Ablation,UseWeights,0,1,19204,92,17,0.704600484261501,0.304861014108116,0.425583776141959,0.270312112955165,1,0.841695303550974,0.695138985891884,3.0887637
urban_events,24,unit support tests,Ablation,UseMultiplicitySupport,0,1,19204,92,115,0.969652945924132,0.32947564721369,0.491832807958407,0.326112920738328,1.41176470588235,0.771766272681871,0.67052435278631,2.7422833
urban_events,25,Full LLGD,Full,-,NaN,1,8820,101,38,0.63643331630046,0.482939123691353,0.549162257495591,0.378513903662057,1,0.625050180650341,0.517060876308647,0.7615765
urban_events,25,w/o weighted support,Ablation,UseWeights,0,1,8820,101,228,0.920797138477261,0.472346002621232,0.624393624393624,0.453904282115869,1.84848484848485,0.323251942286348,0.527653997378768,0.8194213
urban_events,25,w/o local verification,Ablation,UseVerification,0,1,8820,101,52,0.52248339294839,0.482652820391787,0.501778922831554,0.334916475597773,1,0.506112469437653,0.517347179608213,0.7674925
urban_events,25,w/o global expansion,Ablation,UseGlobalExpansion,0,1,8820,101,72,0.100408788962698,0.298859315589354,0.150315547905909,0.0812655086848635,3,0.0661577608142494,0.701140684410646,0.6582145
urban_events,25,unit estimation weights,Ablation,UseWeights,0,1,8820,101,37,0.517629024016352,0.49246475449684,0.504733432984554,0.337554148617128,1,0.537018756169793,0.50753524550316,0.71828
urban_events,25,unit support tests,Ablation,UseMultiplicitySupport,0,1,8820,101,246,0.917220235053654,0.469035798275412,0.620677731673582,0.449987465530208,1.72413793103448,0.328690807799443,0.530964201724588,0.8644423
urban_events,26,Full LLGD,Full,-,NaN,1,6624,86,19,0.0957642725598527,0.164556962025316,0.121071012805588,0.0644361833952912,1,0.0336538461538461,0.835443037974684,0.4109632
urban_events,26,w/o weighted support,Ablation,UseWeights,0,1,6624,86,285,0.838858195211786,0.344879803142154,0.488799463447351,0.323451091780579,1.5952380952381,0.231064763995609,0.655120196857846,0.8164552
urban_events,26,w/o local verification,Ablation,UseVerification,0,1,6624,86,26,0.104972375690608,0.168639053254438,0.129398410896708,0.0691747572815534,1,0.0526315789473685,0.831360946745562,0.3919244
urban_events,26,w/o global expansion,Ablation,UseGlobalExpansion,0,1,6624,86,39,0.0547882136279926,0.149874055415617,0.0802427511800405,0.0417983842641377,2,0,0.850125944584383,0.424488
urban_events,26,unit estimation weights,Ablation,UseWeights,0,1,6624,86,20,0.0962246777163904,0.164826498422713,0.121511627906977,0.0646858557722067,1,0.0334928229665071,0.835173501577287,0.4589289
urban_events,26,unit support tests,Ablation,UseMultiplicitySupport,0,1,6624,86,277,0.8402394106814,0.343045112781955,0.48718633208756,0.322039880007058,2.05714285714286,0.221369863013699,0.656954887218045,0.7903168
urban_events,27,Full LLGD,Full,-,NaN,1,2723,66,15,0.191330343796712,0.274089935760171,0.225352112676056,0.126984126984127,1,0.0546875,0.725910064239829,0.1937982
urban_events,27,w/o weighted support,Ablation,UseWeights,0,1,2723,66,111,0.62780269058296,0.234113712374582,0.341047503045067,0.205580029368576,1.25,0.147619047619048,0.765886287625418,0.2789006
urban_events,27,w/o local verification,Ablation,UseVerification,0,1,2723,66,18,0.191330343796712,0.20253164556962,0.196771714066103,0.109121909633419,1,0.0546875,0.79746835443038,0.1554423
urban_events,27,w/o global expansion,Ablation,UseGlobalExpansion,0,1,2723,66,22,0.130044843049327,0.294915254237288,0.180497925311203,0.0992018244013683,4,0,0.705084745762712,0.1703349
urban_events,27,unit estimation weights,Ablation,UseWeights,0,1,2723,66,18,0.191330343796712,0.294930875576037,0.232094288304624,0.131282051282051,1,0.0546875,0.705069124423963,0.1882821
urban_events,27,unit support tests,Ablation,UseMultiplicitySupport,0,1,2723,66,115,0.642750373692078,0.233188720173536,0.342220453641066,0.206433029284686,1.45454545454545,0.144186046511628,0.766811279826464,0.3145646
urban_events,28,Full LLGD,Full,-,NaN,1,10986,88,44,0.238493723849372,0.402751952398661,0.299585062240664,0.176183504148365,1,0.116343490304709,0.597248047601339,0.775949
urban_events,28,w/o weighted support,Ablation,UseWeights,0,1,10986,88,354,0.932393745870954,0.439530779611751,0.597431917595598,0.425955734406439,1.95454545454545,0.233349078885215,0.560469220388249,0.9811173
urban_events,28,w/o local verification,Ablation,UseVerification,0,1,10986,88,59,0.292887029288703,0.400964727163099,0.338508526342581,0.203737745098039,1,0.0834586466165413,0.599035272836901,0.6215078
urban_events,28,w/o global expansion,Ablation,UseGlobalExpansion,0,1,10986,88,96,0.134992292446598,0.340744858254586,0.193375394321767,0.107036843024271,3.4,0.00163132137030997,0.659255141745414,0.8545818
urban_events,28,unit estimation weights,Ablation,UseWeights,0,1,10986,88,30,0.550979960361154,0.389416342412451,0.456319533102316,0.295604914933837,1.14285714285714,0.583932853717026,0.610583657587549,1.1383049
urban_events,28,unit support tests,Ablation,UseMultiplicitySupport,0,1,10986,88,282,0.952653600528518,0.439187817258883,0.601209089013967,0.429806259314456,2.2258064516129,0.361072584373555,0.560812182741117,0.9641092
urban_events,29,Full LLGD,Full,-,NaN,1,17020,97,19,0.978679786797868,0.448178745775441,0.61481004507405,0.44384529564894,1,0.850160592096076,0.551821254224559,3.4388187
urban_events,29,w/o weighted support,Ablation,UseWeights,0,1,17020,97,202,0.968976356430231,0.445996099893062,0.610838287240458,0.43971719176383,1.20689655172414,0.630465444287729,0.554003900106938,2.3403626
urban_events,29,w/o local verification,Ablation,UseVerification,0,1,17020,97,109,0.68976356430231,0.520846233230134,0.593520315164344,0.421989966555184,1.375,0.320982762036854,0.479153766769866,1.0676541
urban_events,29,w/o global expansion,Ablation,UseGlobalExpansion,0,1,17020,97,244,0.299166324996583,0.436926147704591,0.355155350044617,0.215920299861906,3.57692307692308,0.0621288259479215,0.563073852295409,1.6158914
urban_events,29,unit estimation weights,Ablation,UseWeights,0,1,17020,97,24,0.72529725297253,0.463331587218439,0.56544669969634,0.394162210338681,1,0.815903523648012,0.536668412781561,2.4590842
urban_events,29,unit support tests,Ablation,UseMultiplicitySupport,0,1,17020,97,39,0.991936586032527,0.441349954393433,0.610891339112869,0.439772176442075,1,0.930559382750069,0.558650045606567,3.419677
urban_events,30,Full LLGD,Full,-,NaN,1,7480,84,18,0.168877833056938,0.375076734192756,0.232894987611969,0.131794650560828,1,0.453355155482815,0.624923265807244,0.4743243
urban_events,30,w/o weighted support,Ablation,UseWeights,0,1,7480,84,216,0.907407407407407,0.527643844423015,0.667276422764228,0.500686289461644,1.70967741935484,0.292415473652147,0.472356155576985,0.7284118
urban_events,30,w/o local verification,Ablation,UseVerification,0,1,7480,84,27,0.451077943615257,0.573839662447257,0.505106778087279,0.337888198757764,1,0.46078431372549,0.426160337552743,0.4103355
urban_events,30,w/o global expansion,Ablation,UseGlobalExpansion,0,1,7480,84,46,0.0635710337202875,0.237603305785124,0.100305276929786,0.0528007346189164,2,0,0.762396694214876,0.4734275
urban_events,30,unit estimation weights,Ablation,UseWeights,0,1,7480,84,19,0.145936981757877,0.348745046235139,0.20576773187841,0.114682884448306,1,0.215909090909091,0.651254953764861,0.4818069
urban_events,30,unit support tests,Ablation,UseMultiplicitySupport,0,1,7480,84,233,0.909342177998894,0.52197366333492,0.663239592782986,0.496154426180063,1.96774193548387,0.314589665653495,0.47802633666508,0.6932764
office_spiral_events,1,Full LLGD,Full,-,NaN,1,18073,81,118,0.674351585014409,0.332229058211074,0.445149017121116,0.286296900489396,1.09090909090909,0.223646723646724,0.667770941788926,1.493414
office_spiral_events,1,w/o weighted support,Ablation,UseWeights,0,1,18073,81,165,0.972910662824207,0.29226063369308,0.449494052902539,0.289901534234028,1.13333333333333,0.637243285939968,0.70773936630692,2.7517671
office_spiral_events,1,w/o local verification,Ablation,UseVerification,0,1,18073,81,180,0.775408261287224,0.326642926513435,0.459654917145948,0.298410351201479,1,0.144449950445986,0.673357073486565,1.0691681
office_spiral_events,1,w/o global expansion,Ablation,UseGlobalExpansion,0,1,18073,81,402,0.56388088376561,0.34001390176089,0.424224904242249,0.269216657494038,3.67741935483871,0.0412265758091993,0.65998609823911,1.4963896
office_spiral_events,1,unit estimation weights,Ablation,UseWeights,0,1,18073,81,110,0.702785782901057,0.338578304331729,0.456992941470423,0.296170350578901,1.08333333333333,0.212684527063969,0.661421695668271,1.4833773
office_spiral_events,1,unit support tests,Ablation,UseMultiplicitySupport,0,1,18073,81,153,0.965225744476465,0.289651196310176,0.445587583148559,0.286659819696451,1.41666666666667,0.705812101910828,0.710348803689824,2.6162996
office_spiral_events,2,Full LLGD,Full,-,NaN,1,9715,77,46,0.527327327327327,0.432618871643262,0.475301123291379,0.311734422155157,1.1,0.281321184510251,0.567381128356738,0.7491679
office_spiral_events,2,w/o weighted support,Ablation,UseWeights,0,1,9715,77,240,0.944744744744745,0.357337573830077,0.518542937201253,0.350022251891411,1.43333333333333,0.4815638906548,0.642662426169923,0.9474967
office_spiral_events,2,w/o local verification,Ablation,UseVerification,0,1,9715,77,100,0.603903903903904,0.424440692275222,0.498512642538423,0.332012547465742,1.06666666666667,0.166086524117355,0.575559307724778,0.5482387
office_spiral_events,2,w/o global expansion,Ablation,UseGlobalExpansion,0,1,9715,77,120,0.306606606606607,0.444106133101348,0.362764256528691,0.221571180555556,2.95,0.0215475024485798,0.555893866898652,0.8426584
office_spiral_events,2,unit estimation weights,Ablation,UseWeights,0,1,9715,77,29,0.425525525525526,0.397921932041561,0.411261065157452,0.258860065765437,1,0.60832745236415,0.602078067958439,0.9358273
office_spiral_events,2,unit support tests,Ablation,UseMultiplicitySupport,0,1,9715,77,235,0.935135135135135,0.354145342886387,0.51373422420193,0.345654345654346,1.41935483870968,0.447013487475915,0.645854657113613,1.1850703
office_spiral_events,3,Full LLGD,Full,-,NaN,1,6444,77,20,0.262538699690402,0.295059151009047,0.277850589777195,0.161339421613394,1,0.193396226415094,0.704940848990953,0.5013441
office_spiral_events,3,w/o weighted support,Ablation,UseWeights,0,1,6444,77,227,0.875541795665635,0.267853760181853,0.410211778357992,0.258029197080292,1.43478260869565,0.346534653465347,0.732146239818147,0.6493597
office_spiral_events,3,w/o local verification,Ablation,UseVerification,0,1,6444,77,39,0.295356037151703,0.30873786407767,0.301898734177215,0.177786060380171,1,0.169811320754717,0.69126213592233,0.3093077
office_spiral_events,3,w/o global expansion,Ablation,UseGlobalExpansion,0,1,6444,77,36,0.180185758513932,0.385941644562334,0.245673279864922,0.140038498556304,5.66666666666667,0.0584192439862543,0.614058355437666,0.4000647
office_spiral_events,3,unit estimation weights,Ablation,UseWeights,0,1,6444,77,19,0.274303405572755,0.379280821917808,0.318361480416816,0.189316239316239,1,0.200902934537246,0.620719178082192,0.4383654
office_spiral_events,3,unit support tests,Ablation,UseMultiplicitySupport,0,1,6444,77,285,0.853250773993808,0.261927390229994,0.400814426992437,0.2506365951255,1.57692307692308,0.211901306240929,0.738072609770006,0.6372142
office_spiral_events,4,Full LLGD,Full,-,NaN,1,5552,68,26,0.238041002277904,0.348914858096828,0.283006093432634,0.164826498422713,1,0.102870813397129,0.651085141903172,0.4427716
office_spiral_events,4,w/o weighted support,Ablation,UseWeights,0,1,5552,68,270,0.899772209567198,0.35283608753908,0.506897658004491,0.339492909325312,1.79411764705882,0.118354430379747,0.64716391246092,0.5648498
office_spiral_events,4,w/o local verification,Ablation,UseVerification,0,1,5552,68,59,0.468109339407745,0.388652482269504,0.424696460862826,0.269596589045589,1.1,0.144768856447689,0.611347517730496,0.2983619
office_spiral_events,4,w/o global expansion,Ablation,UseGlobalExpansion,0,1,5552,68,37,0.136104783599089,0.320805369127517,0.191123550579768,0.105658709106985,1.83333333333333,0.0502092050209205,0.679194630872483,0.4289289
office_spiral_events,4,unit estimation weights,Ablation,UseWeights,0,1,5552,68,28,0.28246013667426,0.383604021655066,0.325352574614628,0.194281237759499,1,0.118951612903226,0.616395978344934,0.48116
office_spiral_events,4,unit support tests,Ablation,UseMultiplicitySupport,0,1,5552,68,267,0.879840546697039,0.349864130434783,0.500648088139987,0.33390966068727,1.81818181818182,0.125566343042071,0.650135869565217,0.5596818
office_spiral_events,5,Full LLGD,Full,-,NaN,1,10549,79,34,0.557334326135517,0.252957080094627,0.347977684797769,0.210637399746729,1,0.633266533066132,0.747042919905373,0.9144163
office_spiral_events,5,w/o weighted support,Ablation,UseWeights,0,1,10549,79,255,0.933358153387937,0.258347073371805,0.404681194511703,0.25366791460083,1.59090909090909,0.378141204627044,0.741652926628195,0.8613629
office_spiral_events,5,w/o local verification,Ablation,UseVerification,0,1,10549,79,115,0.470588235294118,0.251492240350179,0.327800829875519,0.196029776674938,1,0.138449367088608,0.748507759649821,0.5655607
office_spiral_events,5,w/o global expansion,Ablation,UseGlobalExpansion,0,1,10549,79,125,0.16120625465376,0.196105072463768,0.176951369023294,0.0970634386908765,1.71428571428571,0.00461893764434185,0.803894927536232,0.8558202
office_spiral_events,5,unit estimation weights,Ablation,UseWeights,0,1,10549,79,27,0.538719285182427,0.254395218002813,0.345593503701935,0.208892738559261,1,0.728403593642018,0.745604781997187,1.0636453
office_spiral_events,5,unit support tests,Ablation,UseMultiplicitySupport,0,1,10549,79,337,0.914370811615786,0.259976712183762,0.404846286985906,0.253797664565464,1.7,0.28257328990228,0.740023287816238,0.9460817
office_spiral_events,6,Full LLGD,Full,-,NaN,1,6879,86,28,0.414831460674157,0.44439094848339,0.429102742910274,0.273157738976028,1.28571428571429,0.159263271939328,0.55560905151661,0.4413081
office_spiral_events,6,w/o weighted support,Ablation,UseWeights,0,1,6879,86,279,0.880449438202247,0.34152719665272,0.492149227483984,0.326391202932356,1.48387096774194,0.186830015313936,0.65847280334728,0.6947268
office_spiral_events,6,w/o local verification,Ablation,UseVerification,0,1,6879,86,47,0.427415730337079,0.402114164904863,0.41437908496732,0.261335531739489,1.3,0.0956887486855941,0.597885835095137,0.3443782
office_spiral_events,6,w/o global expansion,Ablation,UseGlobalExpansion,0,1,6879,86,59,0.266516853932584,0.491708126036484,0.345671815797144,0.208949964763918,3.1,0.0168634064080945,0.508291873963516,0.4616294
office_spiral_events,6,unit estimation weights,Ablation,UseWeights,0,1,6879,86,34,0.385168539325843,0.42914371557336,0.405968735196589,0.254680534918276,1.33333333333333,0.133022170361727,0.57085628442664,0.4693701
office_spiral_events,6,unit support tests,Ablation,UseMultiplicitySupport,0,1,6879,86,243,0.882247191011236,0.340325936199723,0.491179782309521,0.325538971807629,1.74074074074074,0.223637289862455,0.659674063800277,0.6050346
office_spiral_events,7,Full LLGD,Full,-,NaN,1,12386,87,65,0.477266684392449,0.36226034308779,0.411886186324002,0.259355584453114,1.11111111111111,0.304735376044568,0.63773965691221,0.9899824
office_spiral_events,7,w/o weighted support,Ablation,UseWeights,0,1,12386,87,313,0.955596915713906,0.319637139807898,0.479040319893369,0.314959249846639,1.60606060606061,0.3889816360601,0.680362860192102,1.0134482
office_spiral_events,7,w/o local verification,Ablation,UseVerification,0,1,12386,87,113,0.671363998936453,0.374907201187825,0.481135670731707,0.316773303224188,1.2,0.228118811881188,0.625092798812175,0.6781111
office_spiral_events,7,w/o global expansion,Ablation,UseGlobalExpansion,0,1,12386,87,185,0.36639191704334,0.395749569213096,0.380505315477012,0.234953111679454,3.10526315789474,0.0551523947750363,0.604250430786904,1.0402802
office_spiral_events,7,unit estimation weights,Ablation,UseWeights,0,1,12386,87,34,0.578569529380484,0.31467823571945,0.407643312101911,0.256,1,0.635110294117647,0.68532176428055,1.2295659
office_spiral_events,7,unit support tests,Ablation,UseMultiplicitySupport,0,1,12386,87,282,0.955065142249402,0.318326834455867,0.477500830840811,0.313629616694316,1.80645161290323,0.422884187082405,0.681673165544133,1.1594824
office_spiral_events,8,Full LLGD,Full,-,NaN,1,22777,80,70,0.891312523505077,0.251538951390363,0.392351626520983,0.244053135619401,1,0.521518987341772,0.748461048609637,2.3594078
office_spiral_events,8,w/o weighted support,Ablation,UseWeights,0,1,22777,80,52,0.987025197442648,0.236793431677719,0.381953792977988,0.236058643640943,1,0.860925890645837,0.763206568322281,5.2570795
office_spiral_events,8,w/o local verification,Ablation,UseVerification,0,1,22777,80,54,0.917262128619782,0.237199124726477,0.376926940462852,0.232230421328255,1,0.650471504715047,0.762800875273523,3.7493035
office_spiral_events,8,w/o global expansion,Ablation,UseGlobalExpansion,0,1,22777,80,543,0.637833772094772,0.27483390050235,0.384144960362401,0.237734791141015,4.03125,0.0285966981132075,0.72516609949765,1.6464077
office_spiral_events,8,unit estimation weights,Ablation,UseWeights,0,1,22777,80,12,0.960135389244077,0.237157454714352,0.380363528009535,0.234845000459939,NaN,0.892087739913827,0.762842545285648,4.9254083
office_spiral_events,8,unit support tests,Ablation,UseMultiplicitySupport,0,1,22777,80,43,0.985896953742008,0.236245663046907,0.381156628257788,0.235449973055506,1,0.883845126835781,0.763754336953093,5.2350982
office_spiral_events,9,Full LLGD,Full,-,NaN,1,10884,92,52,0.42791519434629,0.253931641853638,0.318726148177392,0.189574201628053,1.2,0.403798513625103,0.746068358146362,0.9329272
office_spiral_events,9,w/o weighted support,Ablation,UseWeights,0,1,10884,92,330,0.92791519434629,0.270136817199877,0.418452712931241,0.264584382871537,1.66666666666667,0.259329779131759,0.729863182800123,0.9279738
office_spiral_events,9,w/o local verification,Ablation,UseVerification,0,1,10884,92,107,0.514487632508834,0.279194630872483,0.361963952765693,0.22097435119138,1.11111111111111,0.147664835164835,0.720805369127517,0.5956934
office_spiral_events,9,w/o global expansion,Ablation,UseGlobalExpansion,0,1,10884,92,112,0.184098939929329,0.238553113553114,0.207818109293977,0.115958157133319,2.07692307692308,0.0422264875239923,0.761446886446886,0.8820694
office_spiral_events,9,unit estimation weights,Ablation,UseWeights,0,1,10884,92,65,0.386219081272085,0.269410894749815,0.317409612313054,0.188643424231964,1.16666666666667,0.214089661482159,0.730589105250185,0.9118355
office_spiral_events,9,unit support tests,Ablation,UseMultiplicitySupport,0,1,10884,92,332,0.928268551236749,0.271693039611128,0.420353628290263,0.266106158833063,1.45454545454545,0.290826037304911,0.728306960388872,0.9181332
office_spiral_events,10,Full LLGD,Full,-,NaN,1,2616,66,5,0.259259259259259,0.898648648648649,0.402420574886536,0.251893939393939,1,0.00375939849624063,0.101351351351351,0.1425934
office_spiral_events,10,w/o weighted support,Ablation,UseWeights,0,1,2616,66,139,0.799220272904483,0.467769537934969,0.590140338251169,0.41858090862685,1.54166666666667,0.0487804878048781,0.532230462065031,0.2874457
office_spiral_events,10,w/o local verification,Ablation,UseVerification,0,1,2616,66,8,0.287524366471735,0.817174515235457,0.425378514780101,0.27014652014652,1,0.00338983050847452,0.182825484764543,0.1268174
office_spiral_events,10,w/o global expansion,Ablation,UseGlobalExpansion,0,1,2616,66,5,0.238791423001949,0.900735294117647,0.377503852080123,0.232668566001899,1,0.00408163265306127,0.0992647058823529,0.1099981
office_spiral_events,10,unit estimation weights,Ablation,UseWeights,0,1,2616,66,5,0.258284600389864,0.898305084745763,0.401211203633611,0.25094696969697,1,0.00377358490566038,0.101694915254237,0.1424967
office_spiral_events,10,unit support tests,Ablation,UseMultiplicitySupport,0,1,2616,66,138,0.793372319688109,0.468354430379747,0.589001447178003,0.417435897435897,1.42307692307692,0.0552825552825553,0.531645569620253,0.3875334
office_spiral_events,11,Full LLGD,Full,-,NaN,1,18374,80,45,0.680152914941064,0.362540329427747,0.472972972972973,0.309734513274336,1.25,0.607728337236534,0.637459670572253,1.9626954
office_spiral_events,11,w/o weighted support,Ablation,UseWeights,0,1,18374,80,129,0.971328448550494,0.344305798656202,0.508399683188128,0.340841764015427,1.35294117647059,0.689570350934733,0.655694201343798,3.13292
office_spiral_events,11,w/o local verification,Ablation,UseVerification,0,1,18374,80,131,0.766008282892641,0.386762103908638,0.514001710132535,0.345896569085809,1.08695652173913,0.213765855687253,0.613237896091362,1.1318808
office_spiral_events,11,w/o global expansion,Ablation,UseGlobalExpansion,0,1,18374,80,435,0.628862695125836,0.434706011891654,0.5140625,0.345951629863302,4.19512195121951,0.03596757852077,0.565293988108346,1.2707793
office_spiral_events,11,unit estimation weights,Ablation,UseWeights,0,1,18374,80,107,0.76314112774769,0.383249340052796,0.51025081207732,0.342507863883329,1.41176470588235,0.316426633270716,0.616750659947204,1.4658559
office_spiral_events,11,unit support tests,Ablation,UseMultiplicitySupport,0,1,18374,80,150,0.976903472443453,0.347695447587732,0.512856963666012,0.344860548807917,1.41176470588235,0.733572476765042,0.652304552412268,3.3656051
office_spiral_events,12,Full LLGD,Full,-,NaN,1,16424,61,12,0.954809930178433,0.33542277032091,0.496445318408713,0.330181086519115,1,0.732886451350802,0.66457722967909,2.967566
office_spiral_events,12,w/o weighted support,Ablation,UseWeights,0,1,16424,61,48,0.977501939487975,0.320345770037501,0.48255062473072,0.318001135718342,1.8,0.81031746031746,0.679654229962499,3.2211857
office_spiral_events,12,w/o local verification,Ablation,UseVerification,0,1,16424,61,20,0.978277734678045,0.324874404225171,0.487767140508655,0.322547640363218,1,0.604678826328311,0.675125595774829,2.796495
office_spiral_events,12,w/o global expansion,Ablation,UseGlobalExpansion,0,1,16424,61,383,0.701512800620636,0.438477391198933,0.539649384558001,0.369534123416428,5.53571428571429,0.0301354713851258,0.561522608801067,1.0873119
office_spiral_events,12,unit estimation weights,Ablation,UseWeights,0,1,16424,61,26,0.935802948021722,0.334419184918215,0.492749183006536,0.326919167965309,2,0.701347150259067,0.665580815081785,2.1101487
office_spiral_events,12,unit support tests,Ablation,UseMultiplicitySupport,0,1,16424,61,43,0.984290147401086,0.320755909493111,0.48384021355706,0.31912217820537,1.25,0.812019704433498,0.679244090506889,3.0363344
office_spiral_events,13,Full LLGD,Full,-,NaN,1,13788,54,26,0.934221964647928,0.272734963201083,0.42221058145626,0.267596281540505,1,0.714019851116625,0.727265036798917,1.9880799
office_spiral_events,13,w/o weighted support,Ablation,UseWeights,0,1,13788,54,59,0.973920602723848,0.259036608863198,0.409229270668452,0.257252200535783,1.33333333333333,0.857780422493306,0.740963391136802,2.7020386
office_spiral_events,13,w/o local verification,Ablation,UseVerification,0,1,13788,54,96,0.824398725007244,0.288481038328939,0.427401787726283,0.271780664883454,1.125,0.40597539543058,0.711518961671061,1.053956
office_spiral_events,13,w/o global expansion,Ablation,UseGlobalExpansion,0,1,13788,54,309,0.627644161112721,0.373062349293834,0.467970184725073,0.305457622338175,3.72413793103448,0.0397045244690674,0.626937650706166,1.0839774
office_spiral_events,13,unit estimation weights,Ablation,UseWeights,0,1,13788,54,13,0.915966386554622,0.272382593709608,0.41989904357067,0.265741908364859,1,0.734261309712116,0.727617406290392,2.2639129
office_spiral_events,13,unit support tests,Ablation,UseMultiplicitySupport,0,1,13788,54,56,0.96551724137931,0.258394726638232,0.407683837024348,0.256031965575534,1,0.871848739495798,0.741605273361768,2.6433452
office_spiral_events,14,Full LLGD,Full,-,NaN,1,3977,66,13,0.3776559287183,0.568041237113402,0.453684643886373,0.293397231096912,1,0.2994555353902,0.431958762886598,0.2378426
office_spiral_events,14,w/o weighted support,Ablation,UseWeights,0,1,3977,66,187,0.86223440712817,0.415455746367239,0.560731000668598,0.389594301641375,1.48275862068966,0.125596184419714,0.584544253632761,0.4039861
office_spiral_events,14,w/o local verification,Ablation,UseVerification,0,1,3977,66,23,0.444139821795751,0.544080604534005,0.489056603773585,0.323676323676324,1,0.273148148148148,0.455919395465995,0.2537809
office_spiral_events,14,w/o global expansion,Ablation,UseGlobalExpansion,0,1,3977,66,33,0.277587388622344,0.547297297297297,0.368349249658936,0.225752508361204,3.66666666666667,0.0888888888888889,0.452702702702703,0.2503508
office_spiral_events,14,unit estimation weights,Ablation,UseWeights,0,1,3977,66,12,0.372858122001371,0.574445617740232,0.452202826267664,0.292158968850698,1,0.303308823529412,0.425554382259768,0.3078862
office_spiral_events,14,unit support tests,Ablation,UseMultiplicitySupport,0,1,3977,66,159,0.86223440712817,0.415455746367239,0.560731000668598,0.389594301641375,1.43478260869565,0.260731319554849,0.584544253632761,0.4550227
office_spiral_events,15,Full LLGD,Full,-,NaN,1,10960,75,82,0.590152320226709,0.333066773290684,0.425814696485623,0.270498457541809,1,0.141056422569028,0.666933226709316,0.8457792
office_spiral_events,15,w/o weighted support,Ablation,UseWeights,0,1,10960,75,135,0.957846262840949,0.261155109136566,0.410412081657433,0.258187720805882,1.5,0.493343195266272,0.738844890863434,1.118991
office_spiral_events,15,w/o local verification,Ablation,UseVerification,0,1,10960,75,121,0.650726177825009,0.306473139806473,0.416695020982193,0.263180515759312,1,0.103973870440936,0.693526860193527,0.6793597
office_spiral_events,15,w/o global expansion,Ablation,UseGlobalExpansion,0,1,10960,75,175,0.472546935883812,0.398090122351537,0.432134758665371,0.275619834710744,3.25,0.0112443778110944,0.601909877648463,0.9423794
office_spiral_events,15,unit estimation weights,Ablation,UseWeights,0,1,10960,75,24,0.798441374424371,0.279548555128364,0.414109865882785,0.26112140871177,1,0.627772848269743,0.720451444871636,1.2991961
office_spiral_events,15,unit support tests,Ablation,UseMultiplicitySupport,0,1,10960,75,355,0.927736450584485,0.264518735481265,0.4116629990569,0.259178624443345,1.42307692307692,0.185567010309278,0.735481264518736,1.0178447
office_spiral_events,16,Full LLGD,Full,-,NaN,1,8880,72,55,0.412357581069238,0.314505347593583,0.356844899507016,0.217170551580891,1,0.12327311370882,0.685494652406417,0.7036102
office_spiral_events,16,w/o weighted support,Ablation,UseWeights,0,1,8880,72,210,0.925942156003506,0.261283541486336,0.407560999132028,0.25593507751938,1.46666666666667,0.497870326549929,0.738716458513664,0.8171952
office_spiral_events,16,w/o local verification,Ablation,UseVerification,0,1,8880,72,102,0.522348816827344,0.301162203132895,0.382051282051282,0.236133122028526,1.1,0.171979865771812,0.698837796867105,0.5065885
office_spiral_events,16,w/o global expansion,Ablation,UseGlobalExpansion,0,1,8880,72,100,0.258983347940403,0.339070567986231,0.293664596273292,0.172102504368084,2.41666666666667,0.0473773265651438,0.660929432013769,0.7838903
office_spiral_events,16,unit estimation weights,Ablation,UseWeights,0,1,8880,72,52,0.423312883435583,0.314248536109304,0.360716952949963,0.22004555808656,1,0.19047619047619,0.685751463890696,0.7386977
office_spiral_events,16,unit support tests,Ablation,UseMultiplicitySupport,0,1,8880,72,182,0.91148115687993,0.25867429424201,0.40298362879008,0.252335314812568,1.3125,0.599519230769231,0.74132570575799,1.0365664
office_spiral_events,17,Full LLGD,Full,-,NaN,1,12396,68,30,0.724330357142857,0.202791375898344,0.316868744405566,0.188261458131889,1,0.768361581920904,0.797208624101656,1.5225412
office_spiral_events,17,w/o weighted support,Ablation,UseWeights,0,1,12396,68,171,0.936755952380952,0.219318874662486,0.355423812548521,0.216118788086859,1.77777777777778,0.725178713264496,0.780681125337514,1.7407702
office_spiral_events,17,w/o local verification,Ablation,UseVerification,0,1,12396,68,146,0.611235119047619,0.232851473922903,0.337233169129721,0.20281446734971,1.30769230769231,0.14607425441266,0.767148526077097,0.6877475
office_spiral_events,17,w/o global expansion,Ablation,UseGlobalExpansion,0,1,12396,68,205,0.279389880952381,0.193806451612903,0.228858753618772,0.129215416379904,2.4,0.0306258322237017,0.806193548387097,0.9996977
office_spiral_events,17,unit estimation weights,Ablation,UseWeights,0,1,12396,68,50,0.639508928571429,0.228681654915525,0.336893679568839,0.202568937072826,1,0.511925538103549,0.771318345084475,1.2697379
office_spiral_events,17,unit support tests,Ablation,UseMultiplicitySupport,0,1,12396,68,91,0.955729166666667,0.220250342935528,0.357998885172798,0.218025969617245,1.42857142857143,0.73725184896847,0.779749657064472,1.5958436
office_spiral_events,18,Full LLGD,Full,-,NaN,1,4873,71,21,0.21122599704579,0.276061776061776,0.239330543933054,0.135931558935361,1,0.146853146853147,0.723938223938224,0.3367571
office_spiral_events,18,w/o weighted support,Ablation,UseWeights,0,1,4873,71,147,0.860413589364845,0.289153636137999,0.432844138955972,0.27619724988146,2.1304347826087,0.427467811158798,0.710846363862001,0.4854685
office_spiral_events,18,w/o local verification,Ablation,UseVerification,0,1,4873,71,40,0.255539143279173,0.219822109275731,0.236338797814208,0.134004647560031,1,0.173410404624277,0.780177890724269,0.2268821
office_spiral_events,18,w/o global expansion,Ablation,UseGlobalExpansion,0,1,4873,71,30,0.0945347119645495,0.205128205128205,0.129423660262892,0.0691891891891892,1,0.1015625,0.794871794871795,0.330928
office_spiral_events,18,unit estimation weights,Ablation,UseWeights,0,1,4873,71,16,0.262924667651403,0.227912932138284,0.244170096021948,0.1390625,1,0.469101123595506,0.772087067861716,0.3512486
office_spiral_events,18,unit support tests,Ablation,UseMultiplicitySupport,0,1,4873,71,175,0.830871491875923,0.285968479918658,0.425491679273828,0.27023780927216,1.84615384615385,0.329777777777778,0.714031520081342,0.4642574
office_spiral_events,19,Full LLGD,Full,-,NaN,1,4574,71,18,0.335570469798658,0.31201248049922,0.323362974939369,0.192864030858245,1,0.5975,0.68798751950078,0.3183057
office_spiral_events,19,w/o weighted support,Ablation,UseWeights,0,1,4574,71,222,0.826342281879195,0.292458432304038,0.432017543859649,0.275524475524476,1.76,0.180710659898477,0.707541567695962,0.5046537
office_spiral_events,19,w/o local verification,Ablation,UseVerification,0,1,4574,71,42,0.294463087248322,0.287234042553192,0.290803645401823,0.17014057198255,1,0.0911680911680912,0.712765957446808,0.2255534
office_spiral_events,19,w/o global expansion,Ablation,UseGlobalExpansion,0,1,4574,71,27,0.0796979865771812,0.285285285285285,0.124590163934426,0.0664335664335664,1,0,0.714714714714715,0.2904956
office_spiral_events,19,unit estimation weights,Ablation,UseWeights,0,1,4574,71,21,0.305369127516779,0.294975688816856,0.300082440230833,0.176527643064985,1,0.46978021978022,0.705024311183144,0.3087081
office_spiral_events,19,unit support tests,Ablation,UseMultiplicitySupport,0,1,4574,71,201,0.820469798657718,0.295022624434389,0.433991568670956,0.277132332105412,1.58333333333333,0.250511247443763,0.704977375565611,0.5024513
office_spiral_events,20,Full LLGD,Full,-,NaN,1,4535,68,14,0.214622641509434,0.538461538461538,0.306913996627319,0.181274900398406,1,0.113553113553114,0.461538461538462,0.3187994
office_spiral_events,20,w/o weighted support,Ablation,UseWeights,0,1,4535,68,192,0.875786163522013,0.321130008648025,0.469943049989454,0.307140887786049,1.4,0.125673249551167,0.678869991351975,0.4222271
office_spiral_events,20,w/o local verification,Ablation,UseVerification,0,1,4535,68,28,0.29874213836478,0.387359836901121,0.337328007101642,0.202883075280299,1,0.123684210526316,0.612640163098879,0.2333462
office_spiral_events,20,w/o global expansion,Ablation,UseGlobalExpansion,0,1,4535,68,18,0.106918238993711,0.576271186440678,0.180371352785146,0.0991253644314869,1.66666666666667,0,0.423728813559322,0.3197782
office_spiral_events,20,unit estimation weights,Ablation,UseWeights,0,1,4535,68,13,0.205974842767296,0.537987679671458,0.297896532120523,0.1750167000668,1,0.129770992366412,0.462012320328542,0.3154209
office_spiral_events,20,unit support tests,Ablation,UseMultiplicitySupport,0,1,4535,68,223,0.882861635220126,0.323351569248488,0.473340358271865,0.310049696300387,1.46875,0.0926090828138914,0.676648430751512,0.423645
office_spiral_events,21,Full LLGD,Full,-,NaN,1,7717,79,42,0.470293209876543,0.455020530048526,0.462530829064694,0.300839091806515,1.38461538461538,0.164068908941756,0.544979469951474,0.5790913
office_spiral_events,21,w/o weighted support,Ablation,UseWeights,0,1,7717,79,224,0.929783950617284,0.363115865601929,0.522266767797161,0.353424255755976,1.61764705882353,0.255601659751037,0.636884134398071,0.616312
office_spiral_events,21,w/o local verification,Ablation,UseVerification,0,1,7717,79,64,0.52662037037037,0.459905660377358,0.491007194244604,0.3253873659118,1.16666666666667,0.0293040293040293,0.540094339622642,0.4034034
office_spiral_events,21,w/o global expansion,Ablation,UseGlobalExpansion,0,1,7717,79,87,0.287808641975309,0.497665110073382,0.364703006599853,0.223019431988042,2.78571428571429,0.0214477211796247,0.502334889926618,0.5964128
office_spiral_events,21,unit estimation weights,Ablation,UseWeights,0,1,7717,79,47,0.437114197530864,0.475251677852349,0.455385852090032,0.294821753838147,1.41666666666667,0.0511915269196822,0.524748322147651,0.5853194
office_spiral_events,21,unit support tests,Ablation,UseMultiplicitySupport,0,1,7717,79,209,0.930941358024691,0.361173477024398,0.520435673460585,0.351749271137026,1.65714285714286,0.268130957314546,0.638826522975602,0.7427565
office_spiral_events,22,Full LLGD,Full,-,NaN,1,9180,81,53,0.531399192067573,0.376724811247071,0.440889701401584,0.282782880594098,1.25,0.205252246026261,0.623275188752929,0.653376
office_spiral_events,22,w/o weighted support,Ablation,UseWeights,0,1,9180,81,352,0.921042967315461,0.31267921705523,0.4668652271035,0.304516755706654,1.6,0.11762360446571,0.68732078294477,0.7922552
office_spiral_events,22,w/o local verification,Ablation,UseVerification,0,1,9180,81,71,0.580609621740727,0.379045792375929,0.458659704090514,0.297571993224167,1.27272727272727,0.0436432637571158,0.620954207624071,0.4686797
office_spiral_events,22,w/o global expansion,Ablation,UseGlobalExpansion,0,1,9180,81,110,0.374954094748439,0.454788418708241,0.411030595813205,0.258677476564479,4,0.0156709108716944,0.54521158129176,0.6525123
office_spiral_events,22,unit estimation weights,Ablation,UseWeights,0,1,9180,81,45,0.518912963643041,0.432771822358346,0.471943887775551,0.308852459016393,1,0.0452937013446567,0.567228177641654,0.6857172
office_spiral_events,22,unit support tests,Ablation,UseMultiplicitySupport,0,1,9180,81,338,0.91626882115314,0.312148129613412,0.465658827920866,0.303491059481815,1.625,0.114629258517034,0.687851870386588,0.8589053
office_spiral_events,23,Full LLGD,Full,-,NaN,1,11261,98,20,0.51516070345664,0.339054081021752,0.408954146106631,0.257034795763994,1.33333333333333,0.597410241318423,0.660945918978248,1.2027116
office_spiral_events,23,w/o weighted support,Ablation,UseWeights,0,1,11261,98,240,0.954821103699212,0.301022846764172,0.457736754124573,0.29679547596607,2.45454545454545,0.4144172753255,0.698977153235828,1.0261452
office_spiral_events,23,w/o local verification,Ablation,UseVerification,0,1,11261,98,72,0.59399636143117,0.353354978354978,0.443112418004976,0.284614267034723,1.08333333333333,0.361919346605411,0.646645021645022,0.7124572
office_spiral_events,23,w/o global expansion,Ablation,UseGlobalExpansion,0,1,11261,98,160,0.33474833232262,0.377694149846049,0.354926860633339,0.215751416845808,3.15789473684211,0.0226449275362319,0.622305850153951,0.9345848
office_spiral_events,23,unit estimation weights,Ablation,UseWeights,0,1,11261,98,29,0.48817465130382,0.315872081616637,0.383561643835616,0.23728813559322,1.14285714285714,0.505590062111801,0.684127918383363,1.2223893
office_spiral_events,23,unit support tests,Ablation,UseMultiplicitySupport,0,1,11261,98,267,0.942692540933899,0.300968054211036,0.456266510126211,0.295560414488069,2.06666666666667,0.389835960115793,0.699031945788964,1.3619302
office_spiral_events,24,Full LLGD,Full,-,NaN,1,16030,93,37,0.769326943113149,0.307743602567308,0.439628482972136,0.281746031746032,1.5,0.565005417118093,0.692256397432692,1.681082
office_spiral_events,24,w/o weighted support,Ablation,UseWeights,0,1,16030,93,102,0.976870181287768,0.30301855083705,0.46255550074001,0.300859966628161,1.84615384615385,0.751493174061433,0.69698144916295,2.7278883
office_spiral_events,24,w/o local verification,Ablation,UseVerification,0,1,16030,93,139,0.740987705772036,0.315892333659057,0.442949676133533,0.28448,1.21428571428571,0.203037120359955,0.684107666340943,1.0149418
office_spiral_events,24,w/o global expansion,Ablation,UseGlobalExpansion,0,1,16030,93,339,0.469472806834757,0.329001168224299,0.386880741821928,0.239833936555248,3.37037037037037,0.0355082112738571,0.670998831775701,1.2039748
office_spiral_events,24,unit estimation weights,Ablation,UseWeights,0,1,16030,93,37,0.776203375703271,0.288401982037783,0.420547558566187,0.2662616154396,1,0.704697986577181,0.711598017962217,2.4235258
office_spiral_events,24,unit support tests,Ablation,UseMultiplicitySupport,0,1,16030,93,205,0.961658678891436,0.301791786555061,0.459409685929023,0.298203670199018,1.6,0.479523293607801,0.698208213444939,1.7786413
office_spiral_events,25,Full LLGD,Full,-,NaN,1,18388,81,17,0.938061177902907,0.365122615803815,0.525647038758368,0.356527271675632,1.25,0.829656067488644,0.634877384196185,3.6558631
office_spiral_events,25,w/o weighted support,Ablation,UseWeights,0,1,18388,81,54,0.973976563688936,0.364568499003133,0.530547956561386,0.361051562676295,1.5,0.81984375,0.635431500996867,3.4258032
office_spiral_events,25,w/o local verification,Ablation,UseVerification,0,1,18388,81,94,0.796834576168011,0.430769230769231,0.559222471430097,0.388139362490734,1.16666666666667,0.422077922077922,0.569230769230769,1.216433
office_spiral_events,25,w/o global expansion,Ablation,UseGlobalExpansion,0,1,18388,81,367,0.610409374524425,0.494818652849741,0.546569462424201,0.376054753422089,4.55555555555556,0.0329094988780853,0.505181347150259,1.2696253
office_spiral_events,25,unit estimation weights,Ablation,UseWeights,0,1,18388,81,11,0.986760006087353,0.368933143669986,0.537066180733869,0.367115841920507,1,0.889728562615669,0.631066856330014,3.8740702
office_spiral_events,25,unit support tests,Ablation,UseMultiplicitySupport,0,1,18388,81,37,0.969715416222797,0.362746214277582,0.527986079463065,0.358682803264847,NaN,0.877746390458255,0.637253785722418,4.1358708
office_spiral_events,26,Full LLGD,Full,-,NaN,1,7048,70,25,0.43166860240031,0.655496766607878,0.520541549953315,0.351846008204481,1,0.130044843049327,0.344503233392122,0.5521684
office_spiral_events,26,w/o weighted support,Ablation,UseWeights,0,1,7048,70,323,0.914053426248548,0.398481012658228,0.555007052186178,0.384089799902391,2.17948717948718,0.113087674714104,0.601518987341772,0.641386
office_spiral_events,26,w/o local verification,Ablation,UseVerification,0,1,7048,70,45,0.500580720092915,0.558049201553733,0.527755102040816,0.358469642362074,1.18181818181818,0.116009280742459,0.441950798446267,0.349239
office_spiral_events,26,w/o global expansion,Ablation,UseGlobalExpansion,0,1,7048,70,56,0.235385210994967,0.554238833181404,0.330434782608696,0.197916666666667,3.36363636363636,0.0328947368421053,0.445761166818596,0.4868404
office_spiral_events,26,unit estimation weights,Ablation,UseWeights,0,1,7048,70,27,0.421602787456446,0.622285714285714,0.502654050311563,0.335696670776819,1.125,0.142332415059688,0.377714285714286,0.5228206
office_spiral_events,26,unit support tests,Ablation,UseMultiplicitySupport,0,1,7048,70,303,0.921409214092141,0.39919490103992,0.557050906963136,0.386050283860503,1.80487804878049,0.157142857142857,0.60080509896008,0.7045277
office_spiral_events,27,Full LLGD,Full,-,NaN,1,8990,68,29,0.3992506244796,0.300250469630557,0.342744817726948,0.206814750916541,1.33333333333333,0.537017726798749,0.699749530369443,0.721844
office_spiral_events,27,w/o weighted support,Ablation,UseWeights,0,1,8990,68,184,0.933805162364696,0.273937469467513,0.423607176581681,0.26871930034743,1.92307692307692,0.682567989300045,0.726062530532487,1.0320434
office_spiral_events,27,w/o local verification,Ablation,UseVerification,0,1,8990,68,89,0.508326394671107,0.352992194275802,0.416652448387647,0.263146551724138,1.11111111111111,0.14987714987715,0.647007805724198,0.489218
office_spiral_events,27,w/o global expansion,Ablation,UseGlobalExpansion,0,1,8990,68,67,0.160283097418818,0.33161068044789,0.216110019646365,0.121145374449339,1.57142857142857,0.0441558441558442,0.66838931955211,0.7044846
office_spiral_events,27,unit estimation weights,Ablation,UseWeights,0,1,8990,68,45,0.413405495420483,0.374293252921221,0.392878338278932,0.244460856720827,1.11111111111111,0.277945619335347,0.625706747078779,0.7581002
office_spiral_events,27,unit support tests,Ablation,UseMultiplicitySupport,0,1,8990,68,188,0.915903413821815,0.272952853598015,0.420569680749379,0.266279351246672,1.35294117647059,0.6,0.727047146401985,0.9590497
office_spiral_events,28,Full LLGD,Full,-,NaN,1,19458,74,15,0.967342516638291,0.338203463203463,0.501182791387675,0.334385533144294,1.33333333333333,0.88384,0.661796536796537,5.2903692
office_spiral_events,28,w/o weighted support,Ablation,UseWeights,0,1,19458,74,100,0.980034050456586,0.337364803665619,0.501942132382085,0.335061911313366,1.5,0.804327226784586,0.662635196334381,4.3970989
office_spiral_events,28,w/o local verification,Ablation,UseVerification,0,1,19458,74,34,0.902801423928185,0.343137831637155,0.497271952259164,0.330912804220798,1.2,0.758443339619407,0.656862168362845,2.897785
office_spiral_events,28,w/o global expansion,Ablation,UseGlobalExpansion,0,1,19458,74,484,0.685188051385235,0.43944808417709,0.535470214696099,0.365626032375289,4.30952380952381,0.0343347639484979,0.56055191582291,1.3895336
office_spiral_events,28,unit estimation weights,Ablation,UseWeights,0,1,19458,74,12,0.984677294536449,0.338080561164842,0.503342695518019,0.336311254427235,1,0.881798176674002,0.661919438835158,3.937485
office_spiral_events,28,unit support tests,Ablation,UseMultiplicitySupport,0,1,19458,74,46,0.978795852035289,0.335455124124761,0.499664204163868,0.333034914950761,1,0.888678051865908,0.664544875875239,5.2056582
office_spiral_events,29,Full LLGD,Full,-,NaN,1,8332,67,32,0.404885863035643,0.477337110481586,0.438136511375948,0.280521642619312,1.08333333333333,0.0405539070227497,0.522662889518414,0.7142114
office_spiral_events,29,w/o weighted support,Ablation,UseWeights,0,1,8332,67,213,0.924709651581898,0.309351554126474,0.463608071478767,0.301751176163095,1.69565217391304,0.375487223906453,0.690648445873526,0.8118945
office_spiral_events,29,w/o local verification,Ablation,UseVerification,0,1,8332,67,78,0.557869443331998,0.41619360621452,0.476728268309377,0.312963379015951,1.06666666666667,0.106963388370424,0.583806393785479,0.4787208
office_spiral_events,29,w/o global expansion,Ablation,UseGlobalExpansion,0,1,8332,67,73,0.279935923107729,0.53727901614143,0.368088467614534,0.225556631171346,3.14285714285714,0.00858369098712441,0.46272098385857,0.6654314
office_spiral_events,29,unit estimation weights,Ablation,UseWeights,0,1,8332,67,34,0.391269523428114,0.443284936479129,0.415656243352478,0.262352309344791,1.375,0.0951893551688844,0.556715063520871,0.7690724
office_spiral_events,29,unit support tests,Ablation,UseMultiplicitySupport,0,1,8332,67,219,0.916299559471366,0.310911808669656,0.464285714285714,0.302325581395349,1.43333333333333,0.396853146853147,0.689088191330344,0.8105225
office_spiral_events,30,Full LLGD,Full,-,NaN,1,5649,60,24,0.301406926406926,0.502707581227437,0.376860622462788,0.232180075031263,1.11111111111111,0.0664272890484739,0.497292418772563,0.3112987
office_spiral_events,30,w/o weighted support,Ablation,UseWeights,0,1,5649,60,295,0.906926406926407,0.358196195768327,0.513559062356366,0.345495774067203,1.7,0.102625298329356,0.641803804231673,0.5406259
office_spiral_events,30,w/o local verification,Ablation,UseVerification,0,1,5649,60,33,0.41991341991342,0.527891156462585,0.467751657625075,0.305271439811172,1.2,0.0798969072164949,0.472108843537415,0.2643718
office_spiral_events,30,w/o global expansion,Ablation,UseGlobalExpansion,0,1,5649,60,34,0.16504329004329,0.420110192837466,0.236985236985237,0.134420449537241,1.88888888888889,0.0327868852459017,0.579889807162534,0.3191231
office_spiral_events,30,unit estimation weights,Ablation,UseWeights,0,1,5649,60,23,0.303571428571429,0.504496402877698,0.379054054054054,0.233847436431847,1.11111111111111,0.0392156862745098,0.495503597122302,0.3342205
office_spiral_events,30,unit support tests,Ablation,UseMultiplicitySupport,0,1,5649,60,293,0.912878787878788,0.358250159269484,0.514564587463779,0.346406570841889,1.51219512195122,0.0936573799644339,0.641749840730516,0.567214
