Index,Tick,X1,Y1,X2,Y2,Score
117,3008,84.0492138405065,108.666305491194,91.0445411892865,109.697988408796,0.00239155533564242
117,3008,3.59432995191718,102.625284677623,10.3151429706443,131.22084204372,0.00750453570839518
117,3008,0,166.95595030513,76.8517862859821,115.777436120298,0.0270493155203695
117,3008,106.447681949898,161.716472361865,60.6131316378664,89.3450415153223,0.0221012699983507
117,3008,174.428443086323,169.440764406817,172.678936799299,161.843650598267,0.0024740227610094
117,3008,176.562665492351,168.902923961532,156.261181768567,158.490752029626,0.0032986970146792
117,3008,204.969618700301,169.738645908384,189.11428537362,157.550452446095,0.00544285007422068
117,3008,234.846870297602,156.43898252412,222.908154967517,179.47074996143,0.00799934026059706
117,3008,197.775882698419,16.4800157065375,154.813196415383,37.6203665751654,0.00758700313376216
117,3008,178.038356915078,25.1068122323863,183.989169264307,22.9698397262803,0.00197921820880752
117,3008,170.560250721589,0,0,112.917926959506,0.123948540326571
117,3008,83.1873024738297,71.2709030535723,89.7580733322143,18.2177419171785,0.0188850404090384
117,3008,218.393633555879,33.415361338654,85.4402525839885,70.3917225609586,0.0540161636153719
117,3008,88.115352483118,130.014021231519,88.5329182483224,67.0167889907055,0.0231733465281214
117,3008,204.262796496158,178.969415126249,204.114143199707,167.971424384401,0.00338116444004618
117,3008,149.654430133232,99.1628614968239,152.280228898407,104.352206610477,0.00230908791027544
117,3008,147.589016955966,101.884897833764,143.201649090938,104.805273459015,0.00107207652977074
117,3008,198.093072641918,86.7613974868306,152.073911864067,68.8105183633361,0.0070097311561933
117,3008,170.428878256094,35.4874433822402,211.866232383557,70.1598669927316,0.0045357083951839
117,3008,220.13715855838,18.3357702058975,181.297679728699,17.5364029738109,0.0159986805211941
117,3008,147.793817677787,63.2264170794137,145.153384329956,84.1455810780906,0.00321622958931222
117,3008,164.638548981505,106.237003551552,165.108082628815,101.009708353747,0.00189675078344054
117,3008,133.509542154122,102.889415475781,129.591949214918,97.5644973309181,0.00197921820880752
117,3008,176.824222492254,94.9910331030701,177.539143083778,80.9764904138181,0.0024740227610094
117,3008,186.668541034826,39.9132875285549,181.632039329735,59.1653468395496,0.00272142503711034
117,3008,179.531724439571,41.3074865428623,182.883708172209,35.5110323140138,0.00148441365660564
117,3008,28.1691394217962,17.320896934092,23.8050071377908,33.2209525379295,0.00395843641761504
118,3035,115.965323370617,161.021870277316,66.7086011382187,82.9223987054287,0.0267992093942565
118,3035,82.4720725649446,117.687268504945,1.09013654859304,173.587079130569,0.0247645622602023
118,3035,239.658839206533,156.340056493875,227.550076128007,179.800063882207,0.0095337751424253
118,3035,237.202686716733,158.503720062656,239.256702851854,163.481430696872,0.000930124404139054
118,3035,136.379173643208,16.4360895875406,154.881423994251,11.5509029431823,0.00244157656086502
118,3035,132,15,124,15,0.00069759330310429
118,3035,28.068216976857,35.9188474183624,25.5583737958622,2.88161014154382,0.00947564236716661
118,3035,24.7321483676418,164.486355566764,176.850000040972,10.8415525786766,0.198523427508429
118,3035,184.304444737253,25.0278614833257,185.401818020901,13.0367726707655,0.00215091268457156
118,3035,29.6454215315453,37.4883793453866,35.2031751468819,18.7634935530544,0.00645273805371468
118,3035,156.645594674362,104.089958163243,155.570678638246,99.8551455116922,0.0012789210556912
118,3035,184.92399616414,168.174458656755,167.598387490576,160.626465669218,0.00366236484129752
118,3035,171.643598938413,106.366138972459,172.360708711833,101.188458423979,0.00168585048250203
118,3035,138.796482362572,99.2344863029627,137.712798698996,102.91544725352,0.00116265550517382
118,3035,166.527257090878,105.636485334238,167.653498128947,101.164582375306,0.000871991628880363
118,3035,158.227390910093,104.570670973505,164.436882931398,102.096422049884,0.00110452272991513
118,3035,210.635474841566,167.867942812409,211.035836705202,178.889724430853,0.00372049761655621
118,3035,28.1846641447025,3.56871683399765,19.8499248957141,0,0.0019183815835368
118,3035,135.356520603871,103.019557695708,135.629983301676,98.0345590733922,0.000813858853621672
118,3035,198.933814337823,48.7329026934883,213.999897542211,44.9995865237491,0.0012789210556912
119,3062,57.1973718743954,127.322345941192,63.6845568219487,83.1004218337561,0.00958653971566454
119,3062,33.3694458165293,39.9725792655408,30.4742393424143,0.964801357880773,0.00932568149210904
119,3062,179.722023749182,7.06194722664707,124.987458957061,14.9125637424848,0.0056084518064432
119,3062,37.0711836174833,18.4174367911731,56.0324632124841,20.7343226727974,0.00202165123255511
119,3062,34.0958826709031,40.0298610417628,41.3328518308409,16.7922279474114,0.00756488848310943
119,3062,90.5315957562169,69.9267442622981,98.4843985391721,19.0757571537828,0.0129124820659971
119,3062,222,31,183,31,0.00332594235033259
119,3062,188.396607380296,22.4488003880927,183.042779367339,27.1800077557997,0.00176079300899961
119,3062,237.220193010671,30.1937534200399,204.477544601987,21.2514490312085,0.00463023346811008
119,3062,224.935778824127,50.19947094012,183.088119486033,36.7263009204822,0.00456501891222121
119,3062,146.450465413551,57.7689055550352,175.597182911818,2.78646281815996,0.00717360114777618
119,3062,160.570968913203,80.5038451572745,145.319962882646,32.214774274763,0.00913003782444242
119,3062,218.431357963661,66.2061451222968,207.12550635311,45.8211589072452,0.0053475935828877
119,3062,135.92036667781,16.7859396183881,127.911247166794,57.1806742273117,0.00469544802399896
119,3062,95.9789189271879,69.9971026901083,103.122899836018,18.0168909293069,0.0205425851049954
119,3062,219.498570593765,120.182116215616,235.987705664592,10.410052718302,0.106104082431199
119,3062,11.5767090343597,85.8904519426548,0,24.9455766973517,0.0228903091169949
119,3062,106.909394029587,80.6872379653421,62.0302783380202,74.7703415865408,0.00580409547410982
119,3062,78.1624515229575,50.9988427958304,78.0602053304798,125.001464839425,0.0151949915221077
119,3062,103.99667149289,88.8428105599834,74.0101170502911,89.4777798025628,0.00482587713577671
119,3062,200.135805307822,30.9855645570378,11.9298297692332,28.4333118027565,0.184883265944959
119,3062,73.0035286724927,86.4089651944825,104.00242372204,86.5940388098523,0.00293465501499935
119,3062,171.757528915574,99.7015355000305,172.638891974791,104.891503023307,0.00143472022955524
119,3062,170.567204795582,105.650889950646,166.068757071155,98.3421885062261,0.00156514934133299
119,3062,240,162.661528402274,231.37364622885,179.695637119791,0.00613016825355419
119,3062,206.79651999487,161.294360275217,183.964863829108,167.878152755392,0.00293465501499935
119,3062,140.284403186806,104.399118482303,149.089120479413,98.1250676227816,0.00163036389722186
119,3062,216.356598065239,179.030028661495,216.548027377812,164.006983171573,0.00319551323855485
119,3062,237.94063663951,179.101610974784,195.119157030006,154.084363219747,0.00469544802399896
119,3062,141.298329997539,12.473965169322,149.998572893648,6.99773271642438,0.00149993478544411
119,3062,152.579389201236,36.6186203055275,140.685160775162,18.5489967597974,0.00319551323855485
119,3062,145.970409385446,31.0294342366948,125.52618585727,10.4765948831521,0.0025433676796661
119,3062,178.665317632626,100.148509387278,176.916882468635,107.981446856284,0.00195643667666623
119,3062,182.481478633278,159.089383468825,193.120521370589,172.907204470786,0.00208686578844398
119,3062,149.286128093057,104.223810452696,147.858838558265,99.6712889342037,0.00104343289422199
119,3062,8.4508270675066,174.064641338172,103.094879889886,107.558100432243,0.0206077996608843
119,3062,144.094173294729,27.0117031175236,168.06707883721,29.2960445327386,0.0025433676796661
119,3062,156.989274171286,30.9742528276877,151.521564390018,33.2520065888804,0.000978218338333116
119,3062,202.12943479098,24.4031669658638,203.805263114957,27.5744706715111,0.000652145558888744
119,3062,199.071054341335,22.2930438643761,198.116428632477,32.2973735362548,0.000717360114777618
119,3062,157.660219251419,104.850550014702,159.827138841131,99.9239683302852,0.00117386200599974
119,3062,118.927222138526,157.058564634525,91.1777064944096,115.218904158894,0.0114777618364419
119,3062,136.407119116426,3.04421728811594,135.620735518734,10.2846386053418,0.00208686578844398
119,3062,130.738303593361,9.92192663555119,127.022453934268,0.80609952143692,0.00208686578844398
119,3062,23.398213779177,132.848913029127,13.4609403230933,94.8793641175936,0.00860832137733142
120,3089,136.295182691377,74.6560757614336,138.395216255339,60.9076211690418,0.00294753389663981
120,3089,4.00916378439836,154.144250473345,123.439010532504,106.943738457512,0.0861334905351412
120,3089,88.061115451079,125.840586008666,85.7440921124906,66.8137766167899,0.014934171742975
120,3089,172.339739983131,98.3657612730515,177.093972361864,106.947942553193,0.00131001506517325
120,3089,164.823533508843,101.182154143221,182.37167463362,118.645866581888,0.00248902862382917
120,3089,17.4322232902293,86.4646011227806,3.94444978430711,0,0.0381869391498002
120,3089,38.5450594493011,44.0296367714967,35.7345639370267,0.887003093109527,0.010480120521386
120,3089,92.8720147103976,26.7470264249126,109.236655477841,18.4677692450391,0.00288203314338115
120,3089,181.921306003227,28.1266125735662,184.502560257758,9.34392003702289,0.00307853540315714
120,3089,102.481655008654,68.3660387527296,109.623727284418,19.9445005873026,0.020763738782996
120,3089,225.872828354844,48.0745513844366,215.206188785062,29.8791266766829,0.00497805724765835
120,3089,227.438803846419,60.8093375112373,208.54604529392,17.3282355068572,0.0094321084692474
120,3089,210.316654391191,33.5084236268257,200.266214181839,27.0343207216265,0.00189952184450121
120,3089,149.877270062206,49.0701824436897,146.736932491941,43.5785891849324,0.0015720180782079
120,3089,220.251458884994,55.2468507578866,208.253417082194,51.2409857245751,0.00229252636405319
120,3089,202.910608185121,77.0418783744486,195.912507160221,62.1040265699995,0.00281653239012249
120,3089,20.6568954951127,110.626467427231,35.9745246257826,55.5491376588939,0.0116591340800419
120,3089,162.79593451712,99.8585480408116,163.576892461198,104.252911948369,0.00111351280539726
120,3089,156.628890501793,106.921204570512,158.180455607467,99.6136671721564,0.00131001506517325
120,3089,195.483674585188,172.218145966687,190.489924178094,162.74182398318,0.00176852033798389
120,3089,150.614826241059,6.0552898969882,148.652288317635,27.8788034161336,0.00399554594877841
120,3089,142.175933228393,41.0474025671556,151.577039396042,6.15547460233726,0.00451955197484771
120,3089,206.010396218833,33.9812238267739,181.79111559938,20.5711994163883,0.00425754896181306
120,3089,210.036740883039,27.9165028219824,186.243408403639,17.4468310740314,0.00360254142922644
120,3089,84.9638609407541,62.7870566941257,93.8743929188576,29.2321960489509,0.00635357306609026
120,3089,147.26126386937,32.2895422669052,145.366496482677,40.5432651904634,0.00222702561079452
120,3089,155.492304717971,82.0256076724485,177.723739327977,7.51430044081071,0.0264623043164996
120,3089,153.609725343859,36.2185853999138,149.746354645273,41.3220157599675,0.00111351280539726
120,3089,185.475871495226,33.2274281600478,183.92424894719,43.2965220203446,0.00347153992270911
120,3089,177.913829090886,40.0828496219413,179.164597406955,26.2869088994622,0.00203052335101854
120,3089,39.5146331364503,43.4728830522726,49.221686609878,12.3814223253782,0.010676622781162
120,3089,180.10510572701,43.3315569711494,199.190598414593,74.8847131288611,0.00504355800091701
120,3089,90.5055669546174,180,142.543065215389,157.740586603938,0.067138272090129
120,3089,221.934985160821,168.035547590418,221.732972463643,179.031836417452,0.00347153992270911
120,3089,240,171.070228615172,235.664311022407,179.824295188389,0.00393004519551975
120,3089,133.110725574384,15.6187747511839,150.48058710719,3.70040907745815,0.00360254142922644
120,3089,133.012559850921,17.9688860687923,153.334172383693,26.1721703845476,0.00229252636405319
120,3089,210.198869252926,29.3051294613369,186.82390222077,22.6153045627219,0.00320953690967446
120,3089,193.49179095099,156.084218328473,240,33.5378621656343,0.0340603916945045
120,3089,226.883751192452,34.6117413904935,223.536191949017,39.4477873392632,0.00170301958472522
120,3089,218.340317440768,47.4318041220385,182.508695920274,39.6559096016045,0.00451955197484771
120,3089,218.232477298582,39.5428820864087,182.249366773213,21.5196933492865,0.0089081024431781
120,3089,201.924708171082,42.8339411217452,215.871256317348,36.5105145874008,0.00124451431191459
120,3089,20.9415839981212,133.739304063172,158.734199906117,64.1215844721144,0.0793869129494989
120,3089,196.835160263105,50.9054773068568,191.898234130166,59.5150670017792,0.00176852033798389
120,3089,162.003627953675,46.9782938621383,208.054290277308,54.6751799087835,0.0041920482085544
120,3089,170.93156658458,88.9341858567627,202.543784631269,41.3545115449957,0.0161786860548896
120,3089,178.207471524845,81.3328120465336,196.547730763905,14.1558487815431,0.0284273269142595
120,3089,182.636535884711,113.164474737477,185.605744848299,101.673299353815,0.00189952184450121
120,3089,93.5948623437833,50.0383873714397,103.027157952591,46.0644606339999,0.0020960241042772
120,3089,210.926729119335,22.1440344614221,227.664870536742,30.6587909317983,0.00229252636405319
120,3089,105.046822924095,23.174742644351,97.169974293376,70.3622265403922,0.00956310997576472
120,3089,102.094829735858,49.1179351363486,93.8177776233642,55.7733788812143,0.00144101657169057
121,3117,21.4550028807574,177.568436791351,72.4198556709747,136.773830971018,0.0173197661831565
121,3117,238.470501945868,179.12539692522,239.283347792479,176.075517098828,0.00108248538644728
121,3117,13.127996609849,0.339041912611841,9.1300583638936,13.6402315887865,0.00317529046691203
121,3117,22.8610283348114,85.7285480777528,10.3565550111844,0,0.0356498520603305
121,3117,224.980735160743,43.3037633407827,226.818900933875,19.2151056853653,0.0049794327776575
121,3117,234.941434904596,46.6991153521132,227.715779965523,24.0908373426337,0.00620624954896442
121,3117,236.222203926575,30.5256769950076,230.149518338015,27.6808337796649,0.00137114815616656
121,3117,54.4583346237303,12.1313472877516,42.5576899062259,48.5095771353281,0.0108248538644728
121,3117,237.277055116083,35.1155299871204,235.204676545314,40.0853486446247,0.00144331384859638
121,3117,197.10618193972,38.7339020022179,236.256850095503,54.3563190093956,0.00591758677924515
121,3117,141.417350736903,57.6784250712589,134.458366540198,48.6468217868851,0.00223713646532438
121,3117,56.323325179209,139.068189211583,67.5360317214071,85.9021491886455,0.0148661326405427
121,3117,24.6207019775519,108.171015179884,40.7171772600838,49.7486339253209,0.00887638016886772
121,3117,181.197565851388,101.92911753765,163.365909520428,105.720808278523,0.00187630800317529
121,3117,115.999176046599,97.9854695655825,108.024817572084,98.4376583713352,0.00180414231074547
121,3117,162.101727440816,99.6290090730762,189.928886208965,107.25934566958,0.00317529046691203
121,3117,6.42128160531278,84.9102695092455,0,54.7625705486664,0.00851555170671863
121,3117,216.54727447963,162.319296446966,182.157010431584,171.582887375137,0.00432994154578913
121,3117,227.362159893639,162.030874491789,226.085406318554,177.007280973756,0.00339178754420149
121,3117,36.2398985406799,29.0892946046947,42.9382039867174,11.0936530199917,0.00339178754420149
121,3117,199.545862391826,12.9398065659115,201.966732516829,34.8933963011477,0.00245363354261384
121,3117,198.369702498832,27.7527630594903,190.814553617959,16.4552708055216,0.0015154795410262
121,3117,160.094291881826,101.062021103125,157.810960202673,104.533414387185,0.00144331384859638
121,3117,195.940877474434,162.016859062939,198.125767488072,169.678982168727,0.00101031969401746
122,3144,98.3564025593072,129.606142833607,62.5909405017546,97.2418663908062,0.00697533915526995
122,3144,92.9832173665188,132.558431008645,81.2141625372127,106.352924457631,0.0030208161696051
122,3144,35.0105004580252,143.421570385168,39.9771589016489,129.409752067321,0.00433899049816005
122,3144,0,149.984501026874,36.5767077489786,138.903650951669,0.00768935024990388
122,3144,31.8485643299319,180,117.723434065727,115.266017806325,0.0304827813478333
122,3144,39.2007135682599,170.13432989113,32.5979990475853,180,0.0030208161696051
122,3144,188.581213568657,29.4159955661647,167.531036298665,8.46641377684233,0.00494315373208107
122,3144,29.1741893188702,87.4654203953797,17.9726777722957,0,0.0337232932388642
122,3144,215.195214424863,96.9386808308248,152.657451864634,0,0.0162025594551546
122,3144,155.189291051257,5.58127336261559,166.19953859907,10.5586049839022,0.00164771791069369
122,3144,48.5353304394892,50.7807881944089,64.1739388462734,0,0.0143900697533916
122,3144,98.818434451832,126.659652587952,128.387054884726,0.324639213711691,0.0458065579172846
122,3144,228.583461388798,106.623092291705,170.636463617959,19.2613371912049,0.0141154501016093
122,3144,211.661370146553,50.5209725421211,171.626130658537,24.4982435412109,0.0069204152249135
122,3144,239.397448237774,50.9226952452474,213.859486367215,17.7955975926099,0.00818366562311199
122,3144,13.4655133562657,92.7377635277256,0,17.4854940725029,0.018893832042621
122,3144,2.29533057597779,34.2732548883235,0,27.023749706425,0.00120832646784204
122,3144,213.599022700102,83.0135907980995,211.323833298641,15.8873413849365,0.0147196133355303
122,3144,59.6936255940681,28.0451215790463,106.753577013579,41.8406119300297,0.00466853408029879
122,3144,239,41,231,41,0.000988630746416213
122,3144,211.377080687788,32.5970943163115,238.792817883296,61.1985927581634,0.00620640413027956
122,3144,202.878122305528,66.0274415557543,197.729435145558,43.1602934161004,0.00433899049816005
122,3144,151.911547122463,77.0358963819634,153.299976492493,3.09952670187194,0.0136211347284012
122,3144,181.854925270137,54.8198840449423,153.400391576953,77.7386409512908,0.00516284945350689
122,3144,89.286689720274,80.4130567894386,96.6799050697891,39.4840853458662,0.00983138353380568
122,3144,240,87.1292823219174,230.11733998262,15.6021221712444,0.0338880650299335
122,3144,69.8142756755292,101.81266806448,46.8805443570538,66.7692992848833,0.0065359477124183
122,3144,98.0107443343459,81.611823569678,83.181568932097,106.109907271704,0.00494315373208107
122,3144,126.913736746008,156.000481502704,126.160188456857,20.9991058629067,0.0382270555280936
122,3144,167.990049381292,67.0185593983286,205.05770248268,86.892376203724,0.00461361014994233
122,3144,31.7135329030712,109.377975450421,50.0323285954888,26.3306263999239,0.0151590047783819
122,3144,41.5556653566043,138.800786271014,83.9165521158605,125.729564202055,0.00873290492667655
122,3144,217.054759074456,175.889344137944,197.817175144832,166.369448208444,0.00241665293568408
122,3144,181.911208218445,14.9540489337246,181.58332916616,36.9938013079369,0.00269127258746636
122,3144,229.738671641726,35.3477699299269,236.339980860254,30.4590842924558,0.00120832646784204
122,3144,235.585134595644,31.0744559743579,227.977909872689,24.8120828867478,0.00120832646784204
122,3144,234.132281212202,33.8092118540237,232.095961769887,39.1749336576527,0.00148294611962432
122,3144,161.853340261087,70.1630602850257,163.06148788733,34.203651071101,0.00609655626956665
122,3144,233.825417807308,45.3798717719568,239.091818022869,47.8002140166362,0.000823858955346845
122,3144,173.596461041895,77.9151856551311,171.74491205051,64.8940765228385,0.00208710935354534
122,3144,41.0805739190476,82.3883359558854,51.065684474289,80.3165744376265,0.0012632503981985
122,3144,50.9791346372718,79.0111348075637,46.1325824507903,69.9292473322846,0.00170264184105015
122,3144,182.335131804599,71.7877603063527,177.583899048764,85.8716823188435,0.00329543582138738
122,3144,72.737681639312,87.921136593995,68.7388691672779,101.222133666019,0.0043939144285165
122,3144,76.9205038164066,109.646017605947,80.692092511831,92.5954928563047,0.00461361014994233
122,3144,187.558823122459,180,218.939930840617,166.514153220981,0.00538254517493272
122,3144,46.4021324318294,34.9260137753846,44.5591938894725,0,0.0101609271159444
122,3144,159,18,151,18,0.000878782885703301
122,3144,180.431590553455,29.1066808977495,170.723308809614,13.5486519697308,0.00269127258746636
122,3144,173.365074945923,27.5186818757176,197.060878960503,15.1163145615792,0.00252650079639699
122,3144,182.112334145519,45.1432346754929,208.576666093617,26.2030046532606,0.00516284945350689
122,3144,190.680711787827,29.7076006377932,202.671100502958,16.6145837884403,0.0026363486571099
122,3144,233.164587913386,80.4186342187075,237.976743695693,78.1156823148753,0.00109847860712913
122,3144,171.292513623433,60.9478879621803,164.281440330824,21.5935556662016,0.0065359477124183
122,3144,68.3832817368163,126.931394267372,63.8920905711981,101.840319740472,0.00291096830889218
122,3144,62.1871337327681,140.039635711009,69.4537376329061,105.731516144589,0.00598670840885374
122,3144,231.644571072651,179.003862016587,231.679796019931,164.003944736837,0.00252650079639699
122,3144,178.294571472091,109.262953176588,141.730405434985,97.8648358453825,0.00378975119459549
122,3144,168.92203663374,18.0773488768252,158.465713742481,7.53795690679958,0.00181248970176306
122,3144,151.478167478477,18.7019065311658,159.859149399841,28.2455143000197,0.00203218542318888
122,3144,151.279321653156,26.296842534337,157.561971081347,29.7882220070382,0.00131817432855495
122,3144,94.1067419996941,68.9370694529583,98.8963349232047,77.0611165240537,0.0017575657714066
122,3144,53.0422260449514,75.4299543019815,56.4442664548796,67.1832752831565,0.0021420332839018
122,3144,184.929409987963,102.022809493427,186.968497608668,108.333305609903,0.000988630746416213
122,3144,160.495611545213,61.5401305331101,141.982353642244,47.3253802648366,0.00488822980172461
122,3144,145.454200033436,34.9437222490609,145.997727245009,77.9621244340147,0.00620640413027956
122,3144,206.697114947644,19.8167757913935,171.690286439753,6.83518990557066,0.00313066403031801
122,3144,96.057904771662,122.032782419983,118.627739929888,10.3605982737843,0.0265282583621684
122,3144,185.734259842008,43.4952546669717,206.711110965552,32.4512858237075,0.00219695721425825
123,3172,105.07632900754,132.795572834505,87.0260144343413,111.838909593961,0.00367228061289097
123,3172,101.35405845712,129.660686224312,95.7910061079121,134.196581067403,0.00246929213625427
123,3172,34.9806817117394,92.8431173541806,42.6674053495546,140.893233129752,0.0122831454982905
123,3172,59.2251235790235,142.125573218221,73.6085445372612,116.339444212401,0.00512852982145118
123,3172,45.7768537294684,142.493935569775,106.208586358491,123.669625334961,0.00778776750664809
123,3172,0,154.413574360977,41.0961318106821,142.326858478465,0.0102570596429024
123,3172,41.4384006715676,180,122.780402222677,121.693643646069,0.0248828669114854
123,3172,17.8481879930411,89.5802214871382,4.64545971471876,0,0.0269722679498544
123,3172,17.7613425266485,24.1946238882617,27.5922564651746,17.9293106538914,0.00253260731923515
123,3172,196.176980343237,18.2376396315531,146.290574787575,55.3901681067787,0.00671140939597315
123,3172,107.35132431921,0,99.1258754979628,145.36617679166,0.0735089274408003
123,3172,121.555013638906,18.0219934497728,124.074419689177,68.9963218070504,0.00506521463847031
123,3172,192,37,173,37,0.00145624920856021
123,3172,199.014909740944,71.1807851678088,234.598209913636,26.2661710265852,0.0095605926301127
123,3172,159.332389364829,42.295985601028,151.998283832052,28.4157521474652,0.00272255286817779
123,3172,34.9137580489104,91.6998965114916,25.4690964205189,0,0.0345700899075598
123,3172,239.798803207368,47.076089854555,208.700981047599,20.1892327225683,0.00702798531087755
123,3172,34.6198136017531,104.221242889188,66.4145747506825,15.1479827408852,0.0153855894643536
123,3172,55.9952986087118,44.0096496309573,47.9550088547466,40.0923445681144,0.00183614030644549
123,3172,149.978400911094,21.0403607585207,216.62267077572,56.7050896345828,0.0074711915917437
123,3172,239.39804431441,61.4885943134296,220.780153882456,46.9976615229892,0.00348233506394833
123,3172,221.154774548484,71.340784672872,238.98579282546,55.9835043455944,0.00462200835760415
123,3172,188.662638939066,78.8535374982505,149.463968591463,56.1972663229662,0.00582499683424085
123,3172,97.7479855902883,134.079061101782,104.273093714588,72.3459617386619,0.0108902114727112
123,3172,194.502314914313,63.8913400165203,222.698083076261,76.6663612848174,0.00341901988096746
123,3172,193.528736938478,84.8975761048104,211.693308226251,75.3141000907941,0.00284918323413955
123,3172,84.9860435198249,103.520334380775,78.5327574583529,90.2543827522814,0.00335570469798658
123,3172,215.982301530278,41.5680832174563,202.498251900468,10.9015216920939,0.00506521463847031
123,3172,199.641699456498,38.0967026259862,226.874944448596,27.183339469334,0.00550842091933646
123,3172,165.68538310436,61.922394908998,170.972843330339,40.4866321176814,0.00335570469798658
123,3172,235.637763468937,58.3073309556314,230.02857944964,33.4447675186193,0.00259592250221603
123,3172,231.509280161162,34.1517380370279,236.352815108733,54.1895587143221,0.00367228061289097
123,3172,153.084266595739,51.5445044681664,238.921490465876,67.4243762511851,0.0074711915917437
123,3172,157.057166897517,64.9238376844663,162.335299674306,68.8855669651388,0.00107635811067494
123,3172,132.045470315287,54.9162555024016,199.659004396304,91.6280252365636,0.00569836646827909
123,3172,50.9988372270993,73.0241933852942,66.7985500900598,89.1968049941655,0.00322907433202482
123,3172,78.0941778072661,90.5690043343693,69.700314630647,121.461988657922,0.00886412561732303
123,3172,191.049152471728,102.023599213012,186.210689276161,112.101156685161,0.00139293402557933
123,3172,220.3055551274,170.551597371681,203.249012497229,180,0.00430543244269976
123,3172,201.982914960854,23.8579285056303,186.841120509529,25.678829679964,0.00196277067240724
123,3172,177.878893983016,71.3302653890749,201.19000630774,22.5236160727685,0.00930733189818919
123,3172,163.39195181335,83.861089483901,179.571834562151,59.023954616836,0.0044953779916424
123,3172,225.223182074103,78.7888451263154,237.381184727406,91.6393571782618,0.00272255286817779
123,3172,99.5298035673379,132.656159167939,82.629487350234,99.6534683503986,0.00968722299607446
123,3172,89.7814055723158,124.836786523332,74.098033775251,118.099702388867,0.00164619475750285
123,3172,184.833438782458,58.5636922114486,174.254167319864,0.581673802745208,0.0210206407496518
123,3172,125.819778271167,65.3824656980834,137.9529922631,71.0997595962785,0.00126630365961758
123,3172,184.344792858224,91.1055879289617,200.466059991939,50.1836049252477,0.00671140939597315
123,3172,216.169003224927,67.1372030588462,216.565416121281,57.9811845450277,0.00183614030644549
123,3172,199.522707799381,54.2769963836977,229.780852808625,65.5863288160186,0.00322907433202482
123,3172,48.7712098568633,99.7402569105763,61.1709499511157,70.0714465777083,0.00614157274914524
123,3172,191.851240283774,74.1991632080478,196.694186600912,79.3469174555203,0.0012029884766367
123,3172,236.114309765605,174.018527815251,235.273436618108,179.206404048416,0.00202608585538812
123,3172,204.943036246656,25.1735250886989,183.615211360908,18.172157359882,0.00202608585538812
123,3172,199.517331678725,46.2564461666073,212.041122796848,41.0998751527967,0.00265923768519691
123,3172,218.294755554479,60.7160969131748,238.893665240834,82.1024196691307,0.00348233506394833
123,3172,225.003597608329,69.0000816056526,224.844896119428,75.9964817311275,0.00101304292769406
123,3172,144.890962186429,54.6285324503259,163.841092120683,57.9160011145851,0.00189945548942636
123,3172,235.724609361982,46.0712032744718,239.305527103596,59.9210048301841,0.000886412561732303
123,3172,239.155782486259,56.8627619696881,238.222806536732,55.8037165089864,0.000379891097885273
123,3172,202.042444959425,110.490270175898,189.959856710885,111.536315791508,0.00158287957452197
123,3172,183.320240735633,73.8303969336175,190.029369441464,55.0841888328026,0.00360896542991009
124,3199,47.0776925267703,143.769835090081,31.1509994688595,0,0.0546836512069815
124,3199,183.907855446472,106.767069492694,173.028078994169,111.07098036841,0.00204095995495813
124,3199,0,156.958837850006,46.477642683312,142.539588149631,0.00886761911464565
124,3199,183.713432442404,25.1402729296915,186.891094209794,8.97858727281721,0.00281511717925259
124,3199,197.026633264487,29.6403816948701,238.097604159059,32.6820901256128,0.00830459567879513
124,3199,132.848378898697,39.2091753067486,118.443485968453,28.7677624833124,0.00323738475614047
124,3199,124.915490707836,69.1650974387731,133.027056453576,24.1852169426838,0.015201632767964
124,3199,57.3840405543069,51.4838928477949,52.8938294041231,48.1426812956898,0.00204095995495813
124,3199,100.34115710134,134.785391821141,133.949783782529,120.186536383741,0.00668590330072489
124,3199,49.1485886352221,180,92.7672193061219,138.939630562319,0.0141459638257442
124,3199,50.9099553602016,68.9662303280982,71.3361524407452,14.5011006722423,0.0108382011401225
124,3199,53.8564856976954,100.318967975265,64.8026721209118,70.9265121715103,0.00591174607643043
124,3199,188.248266450739,89.7155849519097,195.631278441962,66.5192081681682,0.0047856992047294
124,3199,205.99958713834,171.490514736644,224.99957367793,171.506506847379,0.00260398339080864
124,3199,137.343165433556,110.13225553045,129.517787941455,52.9291666554651,0.0154127665564079
124,3199,87.8660406115397,83.6292862777001,108.113072721607,76.3129128163331,0.00344851854458442
124,3199,109.663387681002,75.8687165066184,106.426854157029,85.7915664251225,0.00274473924977127
124,3199,52.807550073836,0,54.1489748958284,46.9957477296825,0.00964177633894011
124,3199,178.002859247609,174.752644307054,131.621357843991,0,0.165388134281089
124,3199,113.966028825209,128.556511885718,82.6202670971141,107.578916657959,0.00351889647406573
124,3199,219.994444497199,173.404512443697,210.996141738421,173.280931335222,0.0019002040959955
124,3199,239.084662309569,94.6383311958788,221.217920126992,71.3019234365784,0.00499683299317334
124,3199,239.561438447002,95.1795197483908,165.185954233017,9.37174628350387,0.0159757899922584
125,3227,97.3316189834344,90.8411206445589,86.0081186228072,138.477345383147,0.0112019376324553
125,3227,72.2025928520143,144.641141256934,102.420087866764,40.8311964039682,0.0177111716621253
125,3227,0.00487306268673578,161.017191643911,110.219998067925,129.77612965152,0.0304268846503179
125,3227,96.921976332233,134.361934654105,113.991036716255,138.04157870419,0.00461701483499849
125,3227,60.1596386476878,175.111942701498,59.7586090364236,179.266295150244,0.00264910687254011
125,3227,57.2034163826262,180,68.2007332054528,171.565592260673,0.00575234635180139
125,3227,43.6166110804038,89.0286060424328,36.9738628109418,0,0.0280805328489252
125,3227,34.4421509828408,0.708910393799098,28.0441378706597,3.47333922140327,0.00174084165909779
125,3227,167.452137172937,84.0463054797853,175.92660079382,1.29972685726636,0.0160460187708144
125,3227,139.895239974971,30.2395337042409,127.146923462246,24.6640596339872,0.00280048440811384
125,3227,227.709471213012,23.5205831183973,220.490280092938,61.094199760619,0.00862851952770209
125,3227,215.026009125552,41.8820040051424,234.940143230522,46.2715531150512,0.00249772933696639
125,3227,205.117144391145,42.1988668783701,181.177241987167,56.3008898706925,0.00378443838934302
125,3227,129.411976754912,66.8913263416806,137.115876655038,25.2062272186502,0.0116560702391765
125,3227,171.796952500659,49.3934914720532,238.729444366635,51.5191649256709,0.0184680593399939
125,3227,175.634586907785,82.0598197148152,178.353019275897,53.2218087708902,0.00499545867393279
125,3227,185.566201595556,84.1609337625172,207.806162924933,15.8433534330797,0.0249016046018771
125,3227,213.027845210232,55.5763797386951,232.876355511313,56.8810527975907,0.00227066303360581
125,3227,226.832419007642,70.0393739362747,224.39652775338,59.6718792865841,0.00317892824704814
125,3227,233.347492683884,63.9510034102022,231.602078320484,87.1953893250569,0.00628216772630942
125,3227,190.816875199856,102.029014151884,230.202323156907,79.7091731388463,0.0172570390554042
125,3227,125.833144113337,121.820424220595,69.3131075127687,174.336976577619,0.00900696336663639
125,3227,116.209405075399,0,74.2651232532335,136.393426364009,0.0795488949439903
125,3227,75.3665065996639,135.469581164159,79.3945197367016,145.846864479462,0.00196790796245837
125,3227,191.171884473121,57.7985360215551,196.619333430224,62.4461752723545,0.00136239782016349
125,3227,191.15335260845,50.9631184924314,215.75152833107,78.324364619119,0.00378443838934302
125,3227,205.96400806067,91.0069643494044,201.307218412323,66.9405540127392,0.00348168331819558
125,3227,197.210218480118,66.9935198985448,197.457538133294,75.0167216884541,0.00174084165909779
125,3227,86.5215044558287,24.6482735986437,67.0141938708682,70.43212171208,0.00582803511958825
125,3227,81.077974890894,24.1409654245804,54.3973824735969,83.836779794821,0.00840145322434151
125,3227,221.877846962514,49.0958590901923,225.830644659914,54.1329009016393,0.00136239782016349
125,3227,43.8359531886083,99.3104108998405,74.5566186325171,16.5780124976048,0.0144565546472903
125,3227,238.920154285593,64.9242011938637,208.695967544313,96.7620612572941,0.00862851952770209
125,3227,220.990979484987,98.1447262739179,222.44180066186,88.2105658499338,0.00227066303360581
125,3227,214.310985729034,179.725277139337,232.413096706722,171.963419121036,0.00597941265516197
125,3227,173.836939669832,34.08095670794,185.034677745781,35.7701148901185,0.00211928549803209
125,3227,116.874450011291,135.877914061931,127.396155507357,125.397724839761,0.00310323947926128
125,3227,192.140752848272,23.7671427714608,162.407768513861,29.2224535537232,0.00582803511958825
126,3255,37.0031765210085,9.97176761713633,44.0267763164462,10.7620166164316,0.00229060090096969
126,3255,52.6592041106362,142.023929268374,42.6868751444958,0,0.0430632969382301
126,3255,199.852749755022,25.4775152554983,216.152958961644,30.5039720466256,0.00221424753760403
126,3255,127.316798329068,77.3050507910469,138.650288958779,28.3823075570636,0.0122928915018707
126,3255,80.3297135767505,15.5233175761369,50.5414953346142,91.2131090717237,0.0148125524929373
126,3255,240,104.579595995896,156.193190297868,55.5426625810362,0.0184775139344888
126,3255,166.558213372475,60.039736835719,166.216810096428,82.0189007623145,0.00473390852867069
126,3255,155.494703416394,64.5114910213493,149.96445657465,80.6722416559322,0.00374131480491716
126,3255,100.311117253178,98.0786208423277,89.0791943949502,142.525422531294,0.0132854852256242
126,3255,60.1724618453657,149.484593949633,87.6118477533056,139.719207623692,0.00549744216232725
126,3255,77.9964152682909,180,81.2637141036389,164.054034532147,0.00702450942964038
126,3255,212.342487348953,23.6697352777292,194.574156705202,59.286433239552,0.00587920897915553
126,3255,212.596095594625,20.9838694454667,207.071492421643,23.1798584840426,0.00114530045048484
126,3255,166.960373509001,30.0230813772784,172.141262891068,38.917718122348,0.00267236771779797
126,3255,202.725857898239,64.6637199462148,184.874449619645,26.1315930839341,0.00649003588608078
126,3255,108.003785643828,152.444691684947,135.333660519584,29.2959736463969,0.0209208215621898
126,3255,45.3376582975845,149.275871764914,41.4520328679084,162.486067217026,0.00374131480491716
126,3255,6.48333356091177,172.699608057967,20.4020409360746,159.42143525507,0.00534473543559594
126,3255,205.719955434325,22.5909549740419,193.985663681499,17.0302527517614,0.00167977399404444
126,3255,131.789591425054,131.463144216071,111.20763535717,139.529779941116,0.00679544933954341
126,3255,59.9973201103722,137.593000217168,49.2169765057074,155.723606517775,0.00572650225242422
126,3255,186.99907277519,28.2325788910058,188.868506554242,20.2021837610163,0.00267236771779797
126,3255,221.508693764641,82.9510807584788,219.884950527064,32.8740308751944,0.0106131175078262
126,3255,103.434663649128,88.4177967393495,116.955992168762,41.987184223697,0.00916240360387875
126,3255,239.732300625587,65.6177638016623,221.931246247133,31.5139209051818,0.00572650225242422
126,3255,238.287562730633,49.0045893203526,238.559057591879,31.9929628364446,0.00259601435443231
126,3255,239.102246652314,34.7446648666907,192.06577712167,33.9758297133876,0.00962052378407269
126,3255,240,74.3087514371769,220.137966298844,46.196011314452,0.00649003588608078
126,3255,188,95,197,95,0.00114530045048484
126,3255,0.125695347525189,166.39623385269,49.257114635093,150.810511482339,0.0106131175078262
126,3255,236.828839055852,34.4126947781416,216.933158654168,26.161164537424,0.00328319462472322
126,3255,173.098844607299,10.6127271725826,187.900320318488,14.3905446452796,0.00259601435443231
126,3255,75.4282695205016,148.404507842244,90.8486044513801,93.9571224577585,0.0132091318622585
126,3255,224.147038427338,180,237.044848655152,175.118498255958,0.00267236771779797
126,3255,217.117581117764,176.716906038979,223.796148464741,179.490802772368,0.00129800717721616
126,3255,228.407890900317,101.329387181447,240,92.2046216059437,0.00328319462472322
126,3255,197.610864277086,59.9394218594638,199.309516750204,77.0684737885534,0.00221424753760403
126,3255,160.839416578438,60.848184961063,168.158630298331,36.346103774254,0.004886615255402
127,3283,202.733102313703,17.5638250501592,215.799108657689,39.5245531596756,0.00311118388734239
127,3283,195.215903794788,48.2517501851758,209.416278324839,34.4580320112313,0.00368429670869494
127,3283,79.9803995468962,26.7962335534713,62.1790252378452,71.0719783548294,0.012608482069756
127,3283,234.978755071328,60.9796574094823,211.989566566058,60.4811120350462,0.00270181758637629
127,3283,114.861963739626,80.698443675237,98.8928044959216,77.5423938727022,0.00270181758637629
127,3283,212.71285476079,62.0584347214603,225.016724378599,84.4411012570081,0.00450302931062715
127,3283,198.925634724088,98.8338333729095,202.706639202444,94.6365570934954,0.00221057802521696
127,3283,95.2529225232118,93.3673827301759,78.5166700998055,150.444718960446,0.0149009333551662
127,3283,105.707450806367,96.7229843090777,91.6313280893158,149.435621806594,0.0115441296872441
127,3283,53.927255656127,158.122115960633,62.5465900962063,143.318243959449,0.00679548059603733
127,3283,189.727650577257,42.9410435194815,235.644076649537,56.2298148423128,0.00646798755526445
127,3283,196.122876090622,49.9193164228723,202.017567021633,49.1314303816692,0.00114622564270509
127,3283,239.531571530926,48.3078618926878,213.99935945261,28.6987738811947,0.00466677583101359
127,3283,164.748192000598,59.2186461511237,176.584356209149,51.9517923802928,0.00286556410676273
127,3283,128.946967739779,56.9458579371956,106.731999601297,78.7054642412575,0.00335680366792206
127,3283,109.879309449871,82.5456086250671,148.080573943607,62.7113092198316,0.0128541018503357
127,3283,185.273705042827,87.2594935496264,190.97064853455,50.8986552576013,0.00695922711642378
127,3283,186.095303149958,74.9964095490195,186.471509200724,84.9822363618327,0.00163746520386442
127,3283,96.5681019324559,148.678011646311,135.79591055654,135.397177788967,0.012608482069756
127,3283,0,171.42590582596,52.8466896112644,153.546847142725,0.0243163582773866
127,3283,48.2560253571645,0,54.2181754733095,123.941400169518,0.0329130505976748
127,3283,135.071824994522,59.5971064223333,145.1522536218,24.6202862034508,0.00990666448337973
127,3283,239.035755351512,70.9142075976095,220.006834378815,62.9836013980412,0.00286556410676273
127,3283,217.955158038287,74.0383748634983,238.985876879733,74.271899169925,0.00278369084656951
127,3283,221.856623006405,62.0757505015084,238.152338076981,92.9195150809009,0.0039299164892746
127,3283,179.216736975596,92.3640995375173,182.545498191259,8.10055779140085,0.0245619780579663
127,3283,153.968619029668,88.512077297162,160.439743086658,63.634626114427,0.00417553626985427
127,3283,236.412137989905,35.7010525837774,219.540157323855,45.6198295176834,0.00343867692811528
127,3283,61.4715567425693,152.610217191209,116.824291056073,136.400009507619,0.00990666448337973
127,3283,217.908643142566,49.8357482599222,238.876718642847,52.127799079524,0.00384804322908138
127,3283,188.010198495473,81.9200443490093,198.959609093833,83.3166625121563,0.00139184542328476
127,3283,189.120059071851,89.5658080429616,204.261069549581,88.4048639074296,0.00212870476502374
127,3283,187.002471211936,38.0966767771563,206.041154611446,37.6100177982259,0.00286556410676273
127,3283,214.478349499557,55.1823061701367,209.262517445782,40.2577350541939,0.00253807106598985
127,3283,197.327410270487,82.7134591114817,210.239848564714,57.6384634437507,0.00499426887178647
127,3283,198.555934551109,72.8689467773781,197.163341431404,66.9614947102488,0.0019649582446373
127,3283,217,169,197,169,0.0019649582446373
127,3283,231.245143464955,45.1214304285522,228.604636792359,28.7070626180835,0.00212870476502374
127,3283,138.232227578458,5.67731849319873,133.22377364168,0,0.00212870476502374
128,3312,141.70955632522,136.695006069839,96.2351272319486,180,0.00938139239613458
128,3312,118.743662932501,145.791010992653,139.134645239791,137.324274740658,0.00430274388093391
128,3312,77.7497222914107,157.380243004944,100.407852416904,145.65166748411,0.00479650137546731
128,3312,60.3730148371057,160.620123925871,67.321231454088,146.154293648159,0.00634831064400085
128,3312,2.11940820768,176.334340518873,56.0288649603833,157.080821293773,0.0166466812442689
128,3312,137.930425786359,71.9830633416581,148.030180403037,30.4942128708212,0.0132609155674684
128,3312,188.463662223489,88.8262360997647,209.413697395273,24.1620839562901,0.010298370600268
128,3312,211.572803664293,25.0377025649306,214.048054078872,53.0840147723701,0.00395005995626719
128,3312,63.6829763485893,149.946133594261,51.8567113720017,0,0.0519856104958736
128,3312,83.327536399594,150.721876283246,114.14568134912,51.3553285758414,0.0200324469210693
128,3312,144.745980739872,108.205330238814,157.083608605162,104.261559813471,0.00260986104253368
128,3312,139.890039884082,0.347883430288946,137.458081601627,6.56990977403024,0.00289200818226705
128,3312,59.0642609198221,89.99746271047,55.5107851760531,0,0.0233476758129364
128,3312,238.341083862869,59.2753023627356,222.563989762205,73.6202944882946,0.00169288283840023
128,3312,4.82541811652845,129.854990683432,0,102.387875966362,0.00634831064400085
128,3312,194.954827932372,116.999928112617,194.946868358531,122.001506857934,0.00126966212880017
129,3341,44.9517167025234,96.0036306171688,37.7328139389712,0,0.0363266180882983
129,3341,9.05868220512454,134.713345684685,0,101.257489135298,0.00942991855979426
129,3341,4.05704056215756,179.145566865902,58.8695914473456,157.667198856766,0.0215387912558937
129,3341,148.31868453538,35.0595361696983,141.256647517336,72.8611279976271,0.0111444492070296
129,3341,239.109621805605,72.2196818756775,216.30021607495,83.6016324041526,0.00450064294899271
129,3341,192.840568095597,57.2691658285607,205.574108523448,17.5040593702971,0.00642948992713245
129,3341,195.359105566847,32.0764249833277,197.525084291059,21.8989282581817,0.00214316330904415
129,3341,225.959476916389,102.997895141429,227.936042165254,64.9447356773515,0.00653664809258466
129,3341,240,65.7660984428617,222.342151789575,47.6889774853333,0.00514359194170596
129,3341,240,54.1343702347834,229.090381443162,31.955541967428,0.00482211744534934
129,3341,174.111822634768,53.778459241483,222.422375942272,78.1631972648048,0.00910844406343763
129,3341,174.163384460454,71.5926439466866,178.429212989363,63.2186469637782,0.00278611230175739
129,3341,64.825752819135,16.4520292575229,48.5464065357341,10.1767049306134,0.00364337762537505
129,3341,48.3592226535107,7.54027021540251,65.3335910382087,14.6018822774372,0.00385769395627947
129,3341,113.06603916294,62.019873215419,84.9953232508412,155.299523381203,0.0185383626232319
129,3341,217.365456431096,102.198463168578,227.155586890785,84.1706035742966,0.00375053579082726
129,3341,219.258302292217,174.934010729091,236.002121730649,178.991243817126,0.00535790827261037
129,3341,175.818627808323,71.9190951403468,180.906835619602,60.5123711636475,0.00342906129447064
129,3341,238.156326516102,82.3089955449929,230.175398571666,86.3466934375196,0.00117873981997428
129,3341,239.204122771826,93.5059677603994,226.688092046473,88.3346313998716,0.00278611230175739
130,3370,104.395041886897,159.205070818347,133.734259586567,52.2013256809909,0.0271410985403599
130,3370,152.476811980515,140.649009488503,111.827327880556,152.402829679205,0.00984817398440706
130,3370,67.7877903144266,168.073088239761,80.3468760032489,148.50636443372,0.00715165015534322
130,3370,75.3197072513464,153.710571907966,68.186527270738,145.831138543606,0.00181722258045606
130,3370,18.2423601935963,180,66.1204155010813,161.308441917751,0.0175274048889149
130,3370,44.9758806336643,0,52.1238553761622,99.9911460650731,0.040154757019755
130,3370,146.37117359377,0.105850368813034,144.826897420138,5.5209900945292,0.0025792836625828
130,3370,155.022486706357,10.0507095404024,157.934958067062,1.67265106478858,0.00169998241397503
130,3370,154.41768994029,0.253171015251046,149.528138010124,8.32011600787636,0.00246204349610176
130,3370,70.1790284238885,134.029415557375,71.9877994745484,0.0403334742705965,0.0677061961427985
130,3370,67.8679076617231,21.389591451587,56.7856766827991,17.6321224481785,0.00175860249721555
130,3370,199.191250149169,33.9278781879769,191.797752506994,14.3220545503548,0.00328272466146902
130,3370,211.465111863558,23.5686906695281,239.012992403293,32.9618965902744,0.00357582507767161
130,3370,210.457641664716,18.0652680490312,198.875556423264,24.7855266901965,0.00123102174805088
130,3370,158.666909931975,129.090616384238,159.847961821494,29.1636711844094,0.0295445219532212
130,3370,224.850349845294,47.175003965225,213.473449080772,37.4463389187256,0.00246204349610176
130,3370,180.210812600765,121.423429428109,240,90.6360291676543,0.0849405006155109
130,3370,168.826146726035,0.286855393374377,146.115775045415,65.6929786329891,0.00867577231959669
130,3370,70.8973539609809,82.3488247846335,90.1451069225356,32.83385875898,0.0131895187291166
130,3370,148.072193121517,83.8538957098589,128.025491662802,73.948410025498,0.00281376399554487
130,3370,185.680344479827,93.7976212737905,189.902405218996,84.9030284517598,0.00134826191453192
130,3370,127.723475158308,145.369847819084,145.543102280507,62.3311408408279,0.0233307931297262
130,3370,101.4010919723,101.207452860878,114.217783510428,115.588363840971,0.00363444516091213
130,3370,126.864322340156,149.522013835301,130.966138557652,103.442061824836,0.00943783340172343
130,3370,146.75385227256,0.12206303360553,148.740668018333,4.12860101826825,0.00140688199777244
130,3370,131.420368307222,87.5187423807994,122.833056681994,97.861390008921,0.00304824432850695
130,3370,71.6558265198773,146.125678595678,116.442805474711,40.4592415592502,0.0236825136291694
130,3370,104.605022242087,111.919132324879,103.423189898176,103.077096821697,0.00216894307989917
130,3370,88.1266601305776,138.96691661208,93.1556696964844,158.220537487501,0.00298962424526643
130,3370,88.0359449115626,147.989440723828,91.1695122380009,158.656440865453,0.00228618324638021
130,3370,78.0159327852471,59.0384251634287,78.873717591888,14.0357144371154,0.00908611290228032
130,3370,156.766554291241,166.188706644703,171.841300586991,93.0593577607662,0.0164136233073451
130,3370,209.323731105733,24.2728486426713,217.127578436287,38.4792382089303,0.00152412216425347
130,3370,205.178436365331,33.1812308431211,211.168197356401,27.171026661296,0.00140688199777244
130,3370,132.348648811404,100.199509022105,134.54881026905,63.2710133966358,0.00785509115422944
130,3370,119.572321791453,96.1416428898181,127.823811754268,98.059773367167,0.000879301248607773
130,3370,65.4134007010617,106.224615898386,92.2290712463038,102.786805829785,0.00404478574359576
130,3370,48.6666886565919,154.209914297007,51.9079657374837,143.915605174122,0.00328272466146902
130,3370,93.4448753147915,149.129678645685,106.205958737398,105.351530171755,0.0103171346503312
130,3370,72.1268544594511,144.853521144668,104.460169834323,26.4011875377187,0.0243273345448151
130,3370,147.925363935623,8.03814432227101,145.89025140902,4.05608931363226,0.000703440998886218
130,3370,148.928952380317,0,149.319374047352,2.65951115473453,0.000527580749164664
130,3370,230.92698254354,83.1643839716115,239.092627167461,86.7914687472755,0.000820681165367255
130,3370,201.480681743205,153.97530138408,208.593816820412,157.76282898215,0.000996541415088809
130,3370,196.032556487853,146.68571371274,177.53157679628,167.98763143866,0.0032241045782285
130,3370,194.24169604506,26.6643944695601,183.242217610228,30.665828191876,0.00140688199777244
130,3370,16.9435317371887,148.752137030631,0,84.2537572411974,0.0101412744006096
131,3399,166.629977949443,157.386952780726,191.894051779423,0.627583615428904,0.0946358482337549
131,3399,53.6497997332799,0,58.1809816877285,101.903021277067,0.0636720453554296
131,3399,238.199873319293,37.9910228715373,237.448126595184,104.993808182417,0.00994330571303969
131,3399,235.242512162334,54.0255196418669,233.128098508396,74.1187102108523,0.00348887919755778
131,3399,75.4079695264296,136.005857947306,75.6417476400953,0.00110309785063123,0.0507631923244658
131,3399,220.925609898984,57.5726289813437,237.13087360738,54.7518686779167,0.00252943741822939
131,3399,18.0253841847908,141.994364960469,0,60.7953457602613,0.0250327082424771
131,3399,113.904341905297,93.970694728944,94.2639178216254,158.080852366162,0.0122110771914522
131,3399,121.788011646275,109.23045149294,109.179331123657,152.344891626161,0.0109027474923681
131,3399,223.527760865241,33.5225698387305,229.49796136742,27.4930634471117,0.00139555167902311
131,3399,205.262427013648,25.7691710490528,214.583574032649,36.3662853448464,0.00270388137810728
131,3399,182.39268194323,64.1236093920787,213.741707509375,42.3994727840749,0.00968163977322285
131,3399,69.9901155133549,101.341170971155,86.886668090881,52.3055253751488,0.0116877453118186
131,3399,191.022519986853,31.1145021079813,201.991569804065,28.9571369552043,0.00209332751853467
131,3399,186.612180288148,58.1757768649774,198.591043414621,16.4568402950557,0.0097688617531618
131,3399,228.164077071492,44.3100906613583,237.675795584652,39.2771918579627,0.00261665939816834
131,3399,193.132285097376,54.3315010163138,236.940151653847,36.8500225046667,0.00697775839511557
131,3399,224.371062161109,72.4232196153309,214.289196028,48.4576591769243,0.00479720889664195
131,3399,213.880460235287,103.821757205745,236.051450884227,93.1064568453247,0.00436109899694723
131,3399,207.282471480463,69.265474875798,217.578155674384,87.2416079112772,0.00313999127780201
131,3399,227.433993855074,54.3509230857778,215.906952989894,46.6435700848251,0.00252943741822939
131,3399,193.928851940142,97.3258277328369,181.971267697588,81.5363902226423,0.00348887919755778
131,3399,180.267692649236,98.6640101641681,192.837371830979,93.5966017090183,0.00313999127780201
131,3399,193.71277696218,19.7122152847071,198.858857766465,43.463903485681,0.0048844308765809
131,3399,191.469784646186,37.4967642196766,195.714149575262,40.0980480455502,0.00148277365896206
131,3399,195.112823848366,82.9964448845008,194.293376273135,56.9907556199259,0.00514609681639773
131,3399,193.717942713152,91.1326340407862,194.484616078975,58.0808295455776,0.0104666375926734
131,3399,198.998878826851,19.9217784632651,202.012592983532,19.8785819788648,0.00113388573920628
131,3399,154.123648643461,14.9932963381198,153.310780937776,0,0.00444832097688618
132,3429,5.33960234925839,76.6705903737094,8.38988727954684,61.4798880933446,0.00453015790836138
132,3429,93.0425139585715,66.485085926158,76.990527294016,67.8919160551066,0.00304167745275692
132,3429,188.247053465793,71.3866406254352,204.7291363942,18.2260638851613,0.0134610406419881
132,3429,76.0897280737472,96.433683488838,86.8698519830027,69.346178511731,0.00970748123220295
132,3429,65.5697796584985,102.987762460244,63.3578424320424,0,0.0550090603158167
132,3429,64.0573514154966,71.9274014140489,56.0262239309833,72.4240542358942,0.00174734662179653
132,3429,207.987743620609,95.9374415499849,207.183682084181,18.9771854349204,0.0138493398912762
132,3429,200.95976787286,59.0019160374951,200.899881443741,88.9998001278089,0.00595392182241781
132,3429,2.01093284092232,92.0277253682789,12.0302951589371,88.0768276465895,0.00161791353870049
132,3429,132.14407718376,100.040546523782,137.20486333279,82.0576530980015,0.00595392182241781
132,3429,135.180237380217,152.783627876501,161.40688699916,46.3466646478928,0.0350763655190267
132,3429,167.179126794482,54.3712966799648,132.772842409074,99.2942294105306,0.00983691431529899
132,3429,223.86127189317,104.523145244036,227.280015169113,92.3597721807719,0.00245922857882475
132,3429,221.094678527681,99.2103142888312,228.981311679696,100.15587377488,0.00110018120631633
132,3429,81.8408699659524,166.033270479132,82.6440012427264,25.0378452364094,0.0331348692725861
132,3429,203.936875774129,91.8711966844522,186.656670783992,100.339919389666,0.00239451203727673
132,3429,230.184630414608,156.834662489646,151.508104328827,0,0.19052549831737
132,3429,112.315430603322,110.558860715414,122.039690461198,105.070321139759,0.00207092932953663
132,3429,56.005608425954,158.002010091032,60.3621696758881,145.846614740091,0.00381827595133316
132,3429,33.8475984520723,180,84.1191623250232,161.320701357601,0.0120372767279317
132,3429,159.095419750834,14.998054821908,158.808895298742,0.942739301349746,0.00537147294848563
132,3429,169.680368037785,33.2296669163622,176.734140493876,29.326852860726,0.00181206316334455
132,3429,219.300076385161,56.1210133808002,239.135686817417,33.1169983084524,0.00465959099145742
132,3429,21.8654966644932,139.66147017482,0,19.1698382385179,0.0425187677970489
132,3429,208.5904497381,77.1526362275992,230.031828520665,51.3504066917035,0.00524203986538959
132,3429,227.233366130341,53.8210433886228,239.125338571642,50.4409740412445,0.00168263008024851
132,3429,156.703873728301,119.587220557764,170.870046757855,32.9787441115521,0.0208387263784623
132,3429,168.214797890975,12.4438639708941,157.692694310656,65.139937502397,0.00698938648718612
132,3429,87.2042408239172,154.109079904861,81.4952493215865,164.798575184992,0.003300543618949
132,3429,218.021547758543,37.9891333456418,209.36181511504,20.8175346271484,0.00304167745275692
132,3429,196.064717721791,45.7711218083417,200.03040739726,46.8924623749838,0.000711881957028216
132,3429,193.717501217161,51.3692481424204,197.940579970763,56.1731406866338,0.00142376391405643
132,3429,115.930477914135,156.81540922564,104.101842698535,161.270406480927,0.00181206316334455
132,3429,221.517608374081,38.692626258364,227.256922113926,26.1172575253923,0.00278281128656485
132,3429,196.547131224054,73.4364269440446,187.500522601547,70.5842620007982,0.00168263008024851
132,3429,198.843045865607,59.1297860896284,196.535608556068,91.8968785081587,0.0075718353611183
132,3429,193.536987268291,72.8994109986608,194.294770520309,76.9447832862845,0.00110018120631633
132,3429,216.955714819295,41.0335278628687,219.801874451742,49.7377996990687,0.00161791353870049
132,3429,218.7031117447,52.5561175326689,212.645654695053,42.9610794131636,0.00232979549572871
132,3429,238.331572377147,63.2337077932817,235.09188346229,53.967874036804,0.00161791353870049
132,3429,228.977650212937,50.9660477293164,238.012353558228,45.0187666822811,0.00187677970489257
132,3429,167.440204304425,20.2163850915736,174.060817144839,28.5420487169012,0.00232979549572871
132,3429,216.604480965967,61.7162674581175,207.490921082579,42.3001883395452,0.00310639399430494
132,3429,238.984492179928,55.9378468446108,211.922661509082,62.6900382373952,0.00291224436966089
132,3429,214.869326849495,69.1273913088355,239.008655802574,71.9253214868156,0.00297696091120891
133,3459,71.1097894953043,101.986443781211,69.8640122094064,0,0.0654144010545395
133,3459,71.1903149059259,12.4079001237661,60.0550407146062,8.82875960163176,0.00428406656780359
133,3459,21.2307554639352,118.80182003789,2.10092757882584,0,0.072334816279453
133,3459,79.9376916195748,81.3356401637283,89.9634607420408,83.1968281383697,0.00313066403031801
133,3459,222.141393898194,69.9922879602432,221.594616132229,59.967567884397,0.00247157686604053
133,3459,165.988962622636,30.9835207253494,158.154573583169,36.2307849452628,0.00197726149283243
133,3459,229.295111868795,45.6664735287975,198.907585710661,41.8234832121051,0.0095567638820234
133,3459,184.205682993288,54.3423616840838,229.475337179273,85.8212018575934,0.0319657274674576
134,3490,141.51857820703,180,171.277410786267,142.000385239779,0.0105732575703086
134,3490,123.283808661056,157.155736543037,119.827630021664,163.454151885315,0.00187009997842192
134,3490,45.5533612404734,180,143.567041998781,147.72184151951,0.0224411997410631
134,3490,128.021861916063,21.9808293167055,138.554525716503,0.269007035194896,0.00654534992447673
134,3490,163.31493902923,3.39894558286584,177.96152528695,11.0734281688838,0.00445946917931382
134,3490,27.6934554698523,135.044283350357,8.18499022204821,0,0.0614975185211825
134,3490,11.8249402520609,22.7087163133054,6.0256870815044,6.28473656156774,0.00409983456807883
134,3490,205.051695919608,39.6599052266766,238.987636113908,38.6030077557107,0.00553837301301877
134,3490,220.118365279161,38.2794186920392,237.789573296598,29.6092846984208,0.00309285765662087
134,3490,223.988730010485,40.6502126629829,240,64.2406644777776,0.00453139610156081
134,3490,90.1492913213698,154.11351826258,97.3900731887484,17.0206023400482,0.0561029993526577
134,3490,76.4696807303358,163.012666841236,77.8746495291149,0,0.0679709415234122
134,3490,213.194868785034,39.4424608034999,217.920679301469,49.570400696374,0.0025174422786449
134,3490,144.223156018545,58.0806063148979,174.161550083939,59.4386868526486,0.00582608070200676
134,3490,195.614003772627,71.5355658380689,216.528370061185,8.50715048290458,0.0180536574839963
134,3490,229.857078573012,81.7108149373917,198.444590290928,60.8271021079101,0.00632956915773574
134,3490,206.47664587472,73.2640900625445,195.672512633859,68.7910007873286,0.00194202690066892
134,3490,146.876835375928,61.1317369403721,180.982810377101,93.0183860288127,0.00676113069121772
134,3490,239.07553788693,69.2005982898937,211.08288915481,68.0254824039134,0.00453139610156081
134,3490,207.570264637183,76.4934241755813,197.401256293737,86.3506959708916,0.00309285765662087
134,3490,196.643600453676,69.9893343402132,207.641383474071,76.9928157317238,0.00230166151190391
134,3490,142.56053820807,152.890770303383,168.828838338256,47.2060105381047,0.0330863842336186
134,3490,206.308747402109,94.7582733669186,193.411163399889,100.009803656512,0.0024455153563979
134,3490,174.005268301652,112.822389124759,187.992961413485,113.237292697697,0.00266129612313889
134,3490,105.024737232835,166.127660242067,157.138738824297,120.8089241389,0.0213622959073581
134,3490,123.188897590776,123.116797281477,125.789153945677,141.174359644138,0.00287707688987988
134,3490,177.838558715678,35.4863012452037,184.047400685099,12.0125375447576,0.00582608070200676
134,3490,168.879123438076,59.6390018160739,177.736945817247,33.5906538703913,0.00503488455728979
134,3490,203.631897592808,50.9543759343122,236.723193031215,63.7176750390553,0.0049629576350428
134,3490,234.686422083379,53.0211453120147,233.249592326447,31.7134397834954,0.00381212687909084
134,3490,234.583032009358,40.136136472533,240,56.7275922110454,0.00266129612313889
134,3490,238.922079330476,59.8048648703781,237.013365185557,50.7855464922568,0.00107890383370496
134,3490,144.331814555071,101.784879902258,159.361933824661,57.1316141268425,0.0142415306049054
134,3490,145.321272841592,86.5750391251363,141.250817979386,73.9193294340154,0.0023735884341509
134,3490,158.789712257636,150.398610999165,160.230000199877,140.318635947266,0.00230166151190391
134,3490,50.4315034565397,152.161790745716,66.4989169072196,160.024023288661,0.00222973458965691
134,3490,58.9882912296633,154.387948895813,69.9782803832448,154.719640158221,0.00115083075595195
134,3490,228.676607502085,35.3319576676671,221.07326399342,27.9247955826541,0.00143853844493994
134,3490,114.99378517181,133.344372943215,143.983204889414,49.687233140661,0.0224411997410631
134,3490,144.362749289274,86.6205423243253,140.729527490282,100.454235670994,0.00568222685751277
134,3490,218.814890917443,38.7591779851634,213.521071530107,20.8460094559059,0.00294900381212688
134,3490,129.136321448829,131.442212214011,138.900991265284,106.350630838339,0.00704883838020571
134,3490,207.690386966929,35.4485635867118,215.749682694461,37.1711410541458,0.000935049989210962
134,3490,98.0059353433345,13.552956949301,99.8603177880619,0.118753464233437,0.00625764223548874
134,3490,214.411209948969,33.9392131326713,213.066471464585,24.8423494869466,0.00136661152269294
134,3490,230.541432713221,58.1941475674752,222.917998735664,40.1879604156565,0.00381212687909084
134,3490,173.198826300627,1.09200015444234,163.010524552196,7.40248919335291,0.0024455153563979
134,3490,154.461630198362,0.288294031896356,176.338477456689,14.4781614659334,0.00230166151190391
134,3490,218.609850505159,80.2880932135039,239.212387216911,74.7968538937632,0.00280514996763289
135,3521,135.034641701019,142.9674034102,128.723438146843,136.260234717597,0.00199986667555496
135,3521,85.7578209946006,105.069375471217,89.9045671400806,0,0.0535297646823545
135,3521,84.1254897662493,83.2739075329383,89.6427233117085,0.175460821275237,0.0137990800613292
135,3521,99.0730821824673,137.093049565836,110.960753928037,0,0.0625958269448703
135,3521,134.19482294635,21.8380087601053,148.353532447576,1.650688760445,0.00586627558162789
135,3521,164.346060473386,21.2344317501502,182.035625582294,2.93435335166044,0.00693287114192387
135,3521,33.6020647891271,126.925991535276,17.9997609562254,0,0.0710619292047197
135,3521,20.0088687292452,9.98966937202012,9.30947032958308,0.804354822081452,0.00159989334044397
135,3521,205.649505108391,8.19854674298247,187.720571071621,2.95553070821122,0.00226651556562896
135,3521,86.9014344197432,177.012300393101,101.105199846994,164.364114999375,0.00419972001866542
135,3521,177.432295356022,69.085488561604,184.633207256413,116.904647640068,0.0055329644690354
135,3521,60.1061385208971,180,92.8670146106985,167.647306251624,0.00693287114192387
135,3521,187.934095928776,0.846657421771123,189.904059688526,0,0.00053329778014799
135,3521,218.718475123828,22.2217781888089,217.135358313175,27.3504612783298,0.000933271115258983
135,3521,104.430674167392,80.6616074160201,122.635963001547,41.2940975993894,0.00453303113125792
136,3552,152.357266730294,1.18676166907844,140.338982081827,24.1772033442285,0.00601481698819042
136,3552,185.855357032613,18.3395171085594,187.867859927493,7.34180504917863,0.00308075992078046
136,3552,37.6450444083079,107.034482946036,27.2469428266577,0,0.0801731093669772
136,3552,20.6503200924695,15.7920483867155,25.9431497956063,18.1287695166487,0.00110027140027874
136,3552,101.083325734363,0.00602120986897582,89.0775685747943,166.150127406637,0.0520061615198416
136,3552,100.141895481441,21.3943493795211,98.0322045862434,0,0.00528130272133793
136,3552,225.373748310789,23.8476210066496,206.553082832013,76.5545767541984,0.0198048852050172
136,3552,233.741920602374,45.2144786746461,239.130625617557,37.4854864065857,0.00315411134746571
136,3552,108.2587123179,85.5971211209022,129.338894381689,41.1607682630762,0.0145235824836793
136,3552,106.527354979354,130.064681050409,122.472911195628,0.0580034209988014,0.0597080613217927
136,3552,108.487580439176,56.0687194089689,130.194008319046,38.4729479479019,0.00645492554830191
136,3552,114.752671846092,165.657925115517,156.584864634752,54.2195488751869,0.0291205163940439
136,3552,153.157384488572,154.770366047419,181.845414708843,49.5029219946642,0.0316144649013423
136,3552,217.629612016623,101.077936979019,210.481878681174,67.1090230033563,0.00799530550869214
136,3552,197.946650045544,123.917775236817,180.760396884728,61.24306188023,0.0195114794982762
136,3552,149.824756749239,111.326298328864,166.835202210495,68.3304308643727,0.0112227682828431
136,3552,151.501522721174,103.579293177432,166.56976834484,98.7941983916808,0.00366757133426245
136,3552,220.746471567398,102.84693813133,234.082137560848,91.0931923402506,0.00322746277415096
136,3552,81.6818128659831,125.302471284279,92.386921430965,101.171649184077,0.00396097704100345
136,3552,192,0,184,0,0.00139367710701973
136,3552,179.326930842946,20.1429027497267,185.060236287823,7.02632951692669,0.00234724565392797
136,3552,152.22776836964,31.4467117638542,204.455943140723,4.81672979462533,0.0124697425364923
136,3552,236.803739351608,30.7000853634172,224.898362337673,27.3625537791181,0.00190713709381647
136,3552,210.307043950869,66.541662986043,239.571833905959,86.1464002329465,0.00506124844128218
136,3552,212.962350684945,55.0715476278606,238.153504237326,67.6899315247653,0.00381427418763295
136,3552,221.209289224727,70.5689606980932,216.776457698075,47.8485106520267,0.00278735421403946
136,3552,218.040563329278,51.5675179687416,238.052107097169,53.444439506629,0.00322746277415096
136,3552,156.593617218748,106.574789535588,172.274555459537,63.099027296658,0.0136433653634563
136,3552,189.452246241435,39.4494893787458,196.560663589202,16.4830459787926,0.00528130272133793
136,3552,230.39505535188,55.824371282176,221.898133925427,36.7115842299502,0.00293405706740996
136,3552,229.096886402016,36.545317808657,226.034187047425,29.156787227351,0.00190713709381647
136,3552,223.407794210948,32.835699854482,228.265662074108,44.8929648428967,0.00234724565392797
136,3552,236.114185641387,60.9886769159142,236.484659515219,32.0061952489147,0.00381427418763295
136,3552,134.099485293556,152.741438289917,147.269622168838,115.448370127952,0.0104892540159906
136,3552,168.045748164272,31.9137567261066,162.121392712607,28.771153550559,0.000586811413481992
137,3584,96.1237571281092,159.613621999331,112.116434270473,0.0116671233596151,0.0959226770630279
137,3584,187.846016744961,6.54844477638532,183.89148508162,19.8590495689378,0.00446718648473034
137,3584,36.4558215379542,0,45.0198264656814,111.76861295807,0.070906432748538
137,3584,34.8159459879947,46.8732355043754,40.2154146091121,23.2781337032946,0.0043859649122807
137,3584,161.006689086354,39.9327924639902,191.998273364901,43.0173480927646,0.00300519818063678
137,3584,211.500971738506,77.5522170845642,230.497252067529,25.9187549777087,0.017949967511371
137,3584,238.906092033366,30.8765869957367,230.948207872678,36.9319352525768,0.00154320987654321
137,3584,113.187095097686,134.179862263807,133.505696950057,0.0766204817245182,0.0297270955165692
137,3584,84.9509438598601,128.450070137024,102.755629888444,90.8309182253643,0.00739116309291748
137,3584,169,30,166,31,0.000406107862248213
138,3616,83.2299903676612,143.040936902496,111.798246088262,81.8394030486344,0.0182926829268293
138,3616,115.924384707621,168.899433985401,104.257160949801,177.671985420582,0.00388026607538803
138,3616,111.145074316502,82.3875087982046,121.291720461516,0.0359432668603574,0.0369813113715553
138,3616,50.4266858839224,110.029912948728,44.6858205323386,0,0.0691320874247704
138,3616,189.422556203504,21.953665644349,189.135767735422,6.95915082519125,0.00403864428254672
138,3616,234.007361585536,27.3762099064294,214.844158316723,78.6887205525176,0.0186094393411467
138,3616,28.2292004710797,172.952630703067,0,36.3631842662045,0.0397529299968324
138,3616,121.347711669982,125.229228523983,136.675021674037,35.1148125563078,0.0422077922077922
138,3616,236.83944771092,58.300115212074,224.652427198307,51.7804388956117,0.00205891669306303
138,3616,117.139289484984,0.130011748389283,106.7467753642,91.1993359213231,0.0311213177066836
138,3616,184.918690762837,95.6551119206066,147.991083482798,91.0718407515935,0.00498891352549889
138,3616,182.096842327395,101.706389204878,158.973732060959,94.0796402841142,0.00380107697180868
138,3616,100.662160699082,160.383033043024,111.054831807898,88.1517697400449,0.0201140323091543
138,3616,167.244418942273,107.81792929494,183.070704961471,64.3901949576927,0.0165505226480836
138,3616,133.11765593301,59.9983837581615,140.358295584385,44.6403779901605,0.00530566993981628
138,3616,134.593778157508,56.5147610637685,136.482002612815,53.2814885260767,0.00174216027874564
138,3616,194.026404770163,59.4243646412724,147.033541938119,57.2687713067676,0.00459296800760215
138,3616,125.143172820286,162.44979843959,165.392771172072,60.1545416906169,0.0294583465315173
138,3616,223.510375565975,103.249470841447,227.043510714898,96.0212679747645,0.0015045929680076
138,3616,202.165212461632,119.827025858172,194.999263405194,71.5547635897208,0.0144124168514412
138,3616,201.984067604825,0,200.036052037512,4.01748108548918,0.0016629711751663
138,3616,238.300832616326,30.3870018919565,231.172145222983,54.3487169780718,0.00443458980044346
138,3616,195.769810414744,4.2311568338707,192.26143732766,0.737464121800434,0.00118783655369021
138,3616,225.626300639558,101.064091552555,221.456335980832,76.7502301477258,0.00403864428254672
138,3616,224.005338441194,85.9744355064399,233.029469645317,87.8588770522094,0.00158378207158695
138,3616,157.476257844352,125.057561695098,155.67909635749,108.705554868925,0.00308837503959455
138,3616,147.505964558988,108.725738581421,154.066581985806,131.271615011701,0.00395945517896737
139,3649,152.326106503538,176.251486444751,165.894838598381,118.505345798777,0.0185983827493261
139,3649,176.284376156028,159.954327603913,189.972680239792,150.958429809478,0.00188679245283019
139,3649,177.466969457466,159.498137735214,180.212827919263,151.411839080788,0.00121293800539084
139,3649,111.999856665638,180,123.062878766755,170.199843175815,0.00370619946091644
139,3649,4.33871778794632,0,29.5824686567362,161.596580601182,0.0601752021563342
139,3649,0.205238046388396,2.49769392871317,6.03808547972586,0.0923557418580181,0.00181940700808625
139,3649,54.466421630473,0,58.3881898189962,120.987416951931,0.0699460916442049
139,3649,148.616669966148,27.4988350505547,153.828852583549,0.15801026715873,0.012466307277628
139,3649,190.646335203051,13.0754959754195,206.816123729461,3.35802255909529,0.00336927223719677
139,3649,110.807455982571,0,100.754808303378,110.068936996633,0.0287061994609164
139,3649,195.636553644611,11.5747202510275,190.195444531399,27.068635654271,0.00330188679245283
139,3649,218.86421229553,81.6981470015738,238.402897661582,29.5253847956571,0.019743935309973
139,3649,150.975070606581,55.0251481111677,140.431605421249,44.5733813821096,0.00357142857142857
139,3649,132.728198094817,59.8999546098285,146.025388540832,63.9159368130885,0.00262803234501348
139,3649,129.757090711397,124.345143307797,145.785973407308,42.7436744025533,0.0324797843665768
139,3649,172.172160568273,110.809105815487,189.412108165154,64.5259946917419,0.0181940700808625
139,3649,191.659009671739,68.9029828427196,166.286317789349,158.081461952728,0.0238544474393531
139,3649,105.564843903119,98.9095861234534,114.639857913272,113.228254086974,0.00357142857142857
139,3649,173.407227984072,55.5588808783407,130.157279841477,164.459613922983,0.0345687331536388
139,3649,87.6590859719195,145.780559075957,111.654372771021,94.7783416310506,0.0126010781671159
139,3649,239.95948938347,99.9622402376176,232.448052173993,107.452203736687,0.00168463611859838
139,3649,228.829125143517,105.235902073362,230.821386430801,98.2337002605366,0.00195417789757412
139,3649,116.243842286493,111.890032145012,132.505298814999,0.0734854988860434,0.037466307277628
139,3649,110.068363545951,95.2395893591807,121.085892631517,0.125784618585797,0.0221024258760108
139,3649,210.703483037688,95.3466441470383,193.654543383886,104.252961293551,0.00276280323450135
139,3649,144.765628944304,101.393634436448,172.499736194989,104.109200312408,0.00451482479784367
139,3649,209.036473984569,156.937104636956,195.955976595898,149.351523811547,0.00175202156334232
139,3649,232.148544681851,87.8424769378279,226.031923239444,91.655394692368,0.0022911051212938
139,3649,240,33.6982769113017,236.418722919711,65.1614851175486,0.00444743935309973
139,3649,192.268567539358,110.129800370253,219.531022280591,93.8915342815629,0.0034366576819407
139,3649,189.159940068044,60.6275150016489,175.15751236564,41.8823400942906,0.00330188679245283
139,3649,176.983260988883,48.6366980917056,176.383258618557,43.70976645781,0.00154986522911051
139,3649,229.792057886807,83.1067410077289,223.863267482333,71.5568668626629,0.00168463611859838
139,3649,167.956725116331,109.780276399779,187.42225660253,60.9659147549081,0.00902964959568733
139,3649,205.259397407591,18.6286461649924,210.452172165568,8.22570818082304,0.00202156334231806
139,3649,170.588265174113,5.51072668394827,161.471233279839,31.8167421800134,0.00471698113207547
139,3649,158.36978097779,31.0558361071302,170.228869843629,4.43859597071591,0.00566037735849057
139,3649,206.041213228741,103.815347474679,193.785215467749,113.734617700037,0.00208894878706199
139,3649,201.583772449995,115.913774678351,205.541199969867,100.392968450533,0.00168463611859838
139,3649,228.024786371294,84.9807483163175,221.891536669903,77.0842439458934,0.00141509433962264
139,3649,203.969296144848,144.603767564888,212.702766388813,121.885734785051,0.00559299191374663
139,3649,156.007530692786,29.8774515644355,175.058492055291,31.0481473521164,0.000606469002695418
140,3682,161.161060810692,25.8417885403757,166.033255269132,0.00627144939309687,0.011685552407932
140,3682,37.4339530258092,168.815303521008,15.6901499868558,0,0.0694759206798867
140,3682,66.632719104496,119.998847604055,66.4141605303055,0,0.0760623229461756
140,3682,61.4541746503911,11.1828524596616,66.0874913796382,14.8906701163663,0.00269121813031161
140,3682,181.197050314567,12.6507196209727,167.093872936514,38.5946321336524,0.00679886685552408
140,3682,167.587367211807,15.2253484395587,169.659343941289,28.2138664438067,0.00311614730878187
140,3682,137.868547880312,126.421418486561,155.216843084476,49.4999704141634,0.0329320113314448
140,3682,240,41.6703894108506,223.264850919298,84.4942909898174,0.0161473087818697
140,3682,112.767396923786,108.232883255501,127.028345359056,0.00373496151688357,0.0279745042492918
140,3682,119.702178020811,44.0320344330386,118.830938381938,63.1291517298249,0.00219546742209632
140,3682,177.628207392803,61.2543855706551,135.737594913892,164.703619662554,0.0378186968838527
140,3682,194.047213844613,69.7752584357301,178.130333947973,111.806735148082,0.0160056657223796
140,3682,237.799206614701,86.7240667969,229.536250817915,92.7369237070842,0.00212464589235127
140,3682,119.225121124813,129.395696058453,100.714034429142,93.1460298542975,0.00594900849858357
140,3682,93.7315093781023,143.860607674488,115.42852790155,100.207045007214,0.00998583569405099
140,3682,167.160396601938,153.499888386441,156.870621063009,129.624776818639,0.00382436260623229
140,3682,196.180537020512,14.8362970305635,217.10117206991,37.9082616505943,0.00524079320113314
140,3682,193.988446581236,17.0122577968852,203.776136884737,26.2375113940755,0.00198300283286119
140,3682,224.655124474226,75.4641575076254,233.65342990102,86.465543540915,0.00191218130311615
140,3682,212.468177021832,123.939803558148,206.156560926034,74.8512937429958,0.0137393767705382
140,3682,240,62.9025400793725,168.905265051347,26.175242955432,0.0825779036827195
140,3682,197.702713570821,70.5094299988213,170.852019360227,160.254913233273,0.0139518413597734
140,3682,104.621524937562,113.959735952037,116.745124956643,0,0.0255665722379603
140,3682,191.786710418893,16.9123334190616,186.493043903651,29.7916301986143,0.00269121813031161
140,3682,225.197618191444,109.393287348572,239.183700977551,102.365590181062,0.00212464589235127
140,3682,208.7031871589,10.2863168985366,214.612175697542,2.46234023108234,0.00219546742209632
140,3682,233.262495956756,101.527880386002,239.544514109873,105.020648567138,0.00084985835694051
140,3682,238.042061735617,59.087937403211,234.008296713742,61.0173457288659,0.000991501416430595
140,3682,235.543388573638,61.8919556343946,239.329691573851,80.934445958803,0.00198300283286119
141,3716,79.6821721916226,0,78.015754880808,120.027985880152,0.0772017206248585
141,3716,76.0647557840713,106.058963989031,77.2991847590514,0.0267671553561968,0.0131310844464569
141,3716,46.1602050236562,166.87738599484,28.5240939481836,0,0.0655422232284356
141,3716,218.581877843008,24.1868938931828,226.026558309448,1.00853028845956,0.00362236812316052
141,3716,174.904338444595,42.953805837064,192.796479252763,5.90172153778074,0.00775413176364048
141,3716,221.193564726201,51.4937590669596,204.789131799173,12.8170120535646,0.00798052977133801
141,3716,111.7068428106,113.295877808038,124.078034252545,0.117837064784212,0.0322617160968983
141,3716,209.88038837756,130.382362802643,240,61.0321126586628,0.0169232510753905
141,3716,177.59879958005,88.9390418966007,180.888602418263,67.2869528937854,0.00345256961738737
141,3716,117.919558308759,121.258159141578,134.223385237288,0.0300428180984795,0.0311863255603351
141,3716,120.250133783867,101.470118125783,121.651466534325,94.7628971289554,0.00158478605388273
141,3716,137.894098324377,112.511706457736,157.763462145163,0.134987988012156,0.0229793977812995
141,3716,122.032946009386,164.640179673909,137.338707348086,92.1268687008,0.0167534525696174
141,3716,99.234096347962,150.619873759539,121.917103863861,105.460651731867,0.0110935023771791
141,3716,177.904677814081,165.934625423635,154.105349186451,134.681273770407,0.0151686665157347
141,3716,239.044426123833,86.0998899762575,232.086477923874,89.1944414010799,0.00124518904233643
141,3716,96.8299947106649,180,123.965460134854,102.436866513201,0.011376499886801
141,3716,178.967292187745,82.2538689203833,138.23949104194,178.63658022247,0.0210550147158705
141,3716,240,132.015337880973,174.941623715461,40.6340621672062,0.0909553995924836
142,3751,55.8971622916294,166.108291777411,39.586365133787,0,0.0811699671121685
142,3751,87.6058055508297,111.139062284479,90.96140789347,0,0.0821496046462809
142,3751,172.796050073679,101.844897239261,194.79002374677,72.9242688200078,0.00601777342383318
142,3751,123.085377826703,117.150950523842,139.352165306317,0.188054386489753,0.0296690224616892
142,3751,116.461234710921,111.283357439425,129.269511370172,0.0310283498801738,0.0277797215030439
142,3751,115.010716756762,112.225728960746,127.601920278207,0.0675733359233988,0.0151843817787419
142,3751,112.670545373552,133.35341510506,161.900642994731,39.9476332730928,0.0170037086278077
142,3751,145.383403986223,176.197106170289,180.275260348819,90.704215035034,0.0177034497236023
142,3751,186.740030542568,11.1964793182364,180.194941883273,35.8482622904355,0.00482821356098244
142,3751,104.177692781405,150.633007280745,106.50974604148,170.825638964097,0.00461829123224407
142,3751,98.7186902180858,173.228737458352,117.784345691622,146.560749646127,0.0031488349310755
142,3751,147.511278990176,23.1152523208437,154.05850013018,26.8987678832856,0.00174935273948639
142,3751,166.174274840813,91.3220830294273,177.772923360568,49.034846820807,0.00916660835490868
142,3751,226.223970413399,120.835773639482,220.432680477771,77.6735948379185,0.00580785109509481
142,3751,214.942695124082,103.848532997737,227.094940519453,99.2509447170836,0.00160940452032748
142,3751,182.842502455096,119.940716775453,168.782282299326,157.294456762729,0.00664754041004828
143,3786,188.224924883402,47.6779555322566,174.488526890517,92.7582775423931,0.012989921612542
143,3786,97.8873756267429,111.03874083827,102.735079091756,0,0.0818215752146323
143,3786,100.616704916638,0,95.5245315219383,120.233976063632,0.0178424785367675
143,3786,66.5494881528377,179.038446984878,51.2702263371355,0,0.0789100410600971
143,3786,203.699122457271,40.8848319596901,153.190699345537,172.838542312747,0.0388204553938037
143,3786,129.38096777018,117.192451935058,145.699348269749,0.0974613098864836,0.0310563643150429
143,3786,130.696184674744,98.4578706180932,133.483934325774,88.1306339528696,0.0020903322135125
143,3786,221.797957190431,53.2251199546254,193.266509770847,154.357308168364,0.0215752146323255
143,3786,200.366056112614,109.785482502395,217.695388702548,58.5736951632068,0.0132138857782755
143,3786,193.842563288418,113.312570748186,210.005464573661,69.7439792011674,0.0127659574468085
143,3786,136.996051339685,112.577243145845,156.002002541481,112.707254295927,0.0017170586039567
143,3786,159.913116634806,55.9551955188245,114.59991573138,143.825053151532,0.0203807390817469
143,3786,231.033398077304,19.0062573534657,233.850179959291,3.97193021195718,0.00298618887644644
143,3786,217.063078794547,25.3610764566807,233.553605977942,0.365230869924154,0.00679357969391564
143,3786,191.931935571096,29.5532864141455,197.151001334107,11.3296349062322,0.00843598357596118
143,3786,233.622554082115,118.050748852679,227.819425122868,74.8898255806421,0.014408361328854
143,3786,120.244913916993,170.722844818546,109.60236583897,161.318336763172,0.00321015304217992
143,3786,190.582901560991,118.233377410147,175.605259392325,155.642700765731,0.0101530421799179
143,3786,231.193813959115,142.381119149682,239.466402697928,116.468141744413,0.00709219858156028
144,3821,105.109766965233,109.110416137115,110.820137289268,0,0.0918234064785789
144,3821,199.149912820631,26.5188684544013,204.214380734955,5.53442739555587,0.00444096133751306
144,3821,182.798741272052,84.2395214107917,197.792942133361,34.2377824022679,0.0121473354231975
144,3821,237.915020026007,113.897033173951,234.407701130991,82.7290623849896,0.0107105538140021
144,3821,72.6049772392294,171.029484882201,59.8391705175381,0,0.0903866248693835
144,3821,133.583516540689,95.6352829417271,142.853526762451,110.466517659309,0.00457157784743992
144,3821,135.766762216838,97.1058091489285,149.1450479883,0.158010593719567,0.0257314524555904
144,3821,221.349779137507,12.797918715713,224.949742613953,19.0290356857465,0.00339602925809822
144,3821,134.267654934645,98.7259379061782,137.293206486173,112.720413759566,0.00339602925809822
144,3821,133.327910772927,107.399725095666,135.449216134655,115.626305231839,0.0026123301985371
145,3855,112.192216492366,108.13362889709,118.780716441391,0.0475894043157581,0.0730172994832622
145,3855,117.954148518132,2.10864765584106,113.842412328446,0.373412819090807,0.00224668613794653
145,3855,136.153342488709,127.020862721635,153.408846809098,0.191677982091235,0.0359469782071445
145,3855,204.759198535994,105.60591116833,219.185874203683,63.7195950870121,0.0135924511345765
145,3855,88.795953250006,178.457378206852,77.7869290077447,0,0.0971691754661874
145,3855,76.995227883926,89.9750272258504,71.0222471215107,91.1164205422396,0.00235902044484386
145,3855,166.744076211374,164.825116806453,165.0802668521,157.74610058205,0.00190968321725455
145,3855,165.402198979402,165.466912028571,162.196594561279,168.228226251467,0.00123567737587059
145,3855,237.09407361798,0.0464270558224694,226.80145802589,20.9020158944336,0.00617838687935295
145,3855,226.516042640474,16.3698968728561,223.111133699774,11.9150586157929,0.00258368905863851
145,3855,212.238112592669,36.0881796146813,189.478088619301,97.5473766987879,0.0156144686587284
145,3855,124.545279177987,141.274225815101,177.791389357387,35.3979968433657,0.0230285329139519
145,3855,121.288210090441,162.319604307434,129.996463176347,166.00834960211,0.00235902044484386
145,3855,170,31,166,31,0.000561671534486632
145,3855,165.127152893639,18.7935753351874,170.091480094949,21.851487863183,0.0016850146034599
146,3889,116.121342433218,106.068957829217,122.641709112451,0.0394624033414317,0.0758970505354124
146,3889,228.179729953917,17.6165580038254,236.414735241469,0,0.00713883148600413
146,3889,228.855708252522,16.672031962309,231.57086545569,5.1343413957161,0.00413300770242345
146,3889,223.024684534948,40.1254646282925,209.007626048603,39.7298207455268,0.00582378358068758
146,3889,238.770681478695,0,239.746731530036,0.479276799278258,0.00169077587826414
146,3889,139.789510382763,114.103266627498,154.702015143776,0.0918223976950543,0.0272402780387
147,3923,225.088776517374,59.6906548961305,212.178116871188,97.7209844492614,0.038880706921944
147,3923,209.807980234774,18.958626631057,207.042484694578,31.7936898112904,0.00441826215022091
147,3923,226.133179927631,12.1274027156643,234.185221428909,8.40013510973302,0.00942562592047128
147,3923,211.120589384399,29.8178676542597,230.088596679582,42.3765392823745,0.00942562592047128
148,3956,229.605065489264,30.8384538202165,214.940351698311,35.824567731931,0.0190950601909506
148,3956,227.996163683037,35.0016049708796,236.308708436724,54.8708479888345,0.0103777501037775
148,3956,224.422606495521,6.50688133798408,229.979760489102,0,0.0103777501037775
148,3956,238.036652987157,3.54586001493281,225.071691189121,8.63512032435401,0.0157741801577418
148,3956,211.527274452988,95.8469488040586,224.094577934685,57.0306208668111,0.0307181403071814
149,3989,216.73244284987,26.1465075711439,220.373310345837,32.7955846366843,0.00414185865907326
149,3989,210.571907935876,90.8705732928472,221.742652113925,53.9221950316795,0.0251100181206316
150,4022,62.8499195689363,0.0148383088619335,73.344751468046,106.163652841255,0.0497040212288222
150,4022,219.899306768694,85.0252900709838,208.91065026119,41.2736006369393,0.0119412124923454
150,4022,128.16411487469,101.95036563142,134.21786780244,0,0.0384772402531129
150,4022,148.91088316633,108.793276782655,181.589663532127,30.0750630865995,0.0136762604613186
150,4022,213.11474445963,63.0339754015823,202.589043063799,98.5822209745244,0.0152071851398245
150,4022,153.3250275468,125.871689460245,166.035868760014,59.0068185596848,0.0224535619514187
150,4022,110.251247330696,0,109.388600224838,97.9946178447535,0.0437844458052664
150,4022,215.268686121185,30.9209441127453,212.592564869327,21.8256488228942,0.00316391100224536
150,4022,207.638600299647,31.4424181541694,216.505985202553,25.6949744904468,0.00316391100224536
150,4022,71.0545184564474,102.992179605707,76.0948366355149,138.129841064307,0.00775668503776281
150,4022,221.673953166021,4.61961547038031,222.429410980565,0,0.0038783425188814
150,4022,217.639050712459,4.82043830610047,223.125327952513,3.14162161402539,0.00173504796897326
150,4022,218.154266534123,3.88678126701806,218.674591752628,0,0.00214329454990814
150,4022,221.650502698013,5.42137002675167,215.11424957041,0,0.00224535619514187
150,4022,171.676810042255,25.5810087653963,156.025602290938,75.0081070260743,0.019391712594407
150,4022,118.997587636014,141.998951993467,172.156879210135,19.633721900685,0.0334762196366605
150,4022,207.824362590552,57.688311463352,235.936246418332,60.6128301658426,0.00459277403551745
151,4054,100.784472558211,99.0107820258125,100.531236422255,0.00119895340856147,0.0497861747622391
151,4054,70.8508081547206,14.7290187496026,55.8645010922565,11.6621088713711,0.00236165187974724
151,4054,56.0446540987926,10.6759167140612,70.1153711982834,9.74634184429888,0.00191485287547073
151,4054,54.3963243850816,0,70.2306653566825,159.275313155178,0.0658709389161933
151,4054,120.078571394325,112.893613515217,126.329313504029,0,0.0543179932341865
151,4054,162.088825705098,22.9695246849821,139.887731585892,107.233890237726,0.0230420629348312
151,4054,182.067770544053,32.0139079960977,172.685770009316,77.7302912963524,0.0111699751069126
151,4054,222.782488620489,45.1062393184173,193.679995939318,28.2835469958365,0.00389353418012383
151,4054,217.456714715605,36.4708777119419,223.000079410879,42.8666539158213,0.00178719601710602
151,4054,193.603721600255,33.999938587664,193.588999289597,128.999316415283,0.0603816940065105
151,4054,164.119488743695,65.174708088117,137.552066363718,83.3450627500266,0.00504244590540627
151,4054,223.133705319663,55.1389623947417,229.852434570129,97.0236709816895,0.00714878406842408
151,4054,220.798235939415,74.4708981074801,236.653017416495,87.4246890401738,0.00274462245484139
151,4054,153.551867041562,0,139.729847220098,132.763654466672,0.0355524350545733
151,4054,157.712273549761,35.027758189458,112.51858833433,141.370427194283,0.0211272100593604
151,4054,128.936027692221,101.838673852706,136.896038025826,0,0.0214463522052722
151,4054,172.463490183684,142.830586923761,187.031891031283,96.6943013649754,0.0120635731154656
151,4054,204.069291160396,10.4388763011765,200.45934477661,2.7833957001966,0.00159571072955895
151,4054,213.072582432132,35.2633647399608,184.536857491505,23.5708027085145,0.00491478904704155
151,4054,185.571482631729,31.8905811970261,176.63062999959,66.9056840485546,0.00887215165634774
151,4054,186.730395454705,1.2020563018165,190.288099757673,0,0.00153188230037659
151,4054,225.614866659407,12.2562672853975,217.442955983954,0,0.0077232399310653
151,4054,204.579045074359,0,202.913853301698,4.60745283555431,0.00127656858364716
151,4054,215.692106461088,38.0551092581319,222.246075084205,74.6719076273029,0.0102125486691773
151,4054,167.089591602616,19.0680260930881,163.90498530547,158.861150380061,0.0896789430012127
151,4054,212.65311556912,0.0036462106416866,212.670215209494,11.0098341990594,0.00299993617157082
151,4054,225.320111125345,104.481866958974,201.323242424212,178.456068050808,0.0151273377162188
151,4054,155.655919733787,7.27807116765217,152.683395667841,14.2897193384132,0.00153188230037659
151,4054,149.068863636836,12.6757393502333,150.635641326511,8.17663136133773,0.0016595391587413
151,4054,205.36582802994,34.2938359607062,217.134635414434,73.4618937446113,0.00740409778515351
152,4087,150.529347447907,66.9364468612978,142.694482495783,124.958745371219,0.0166286273231171
152,4087,184.700650426991,133.9021730638,196.391598506303,98.1279737322055,0.00815128790348875
152,4087,229.56229165466,111.500356806164,216.75487470984,122.720189975427,0.00499945658080643
152,4087,182.37905659792,0,178.00575229332,10.5893862325962,0.00673839800021737
152,4087,224.989522909469,21.2363381883546,183.983621139302,10.4552740928806,0.0166286273231171
152,4087,47.9214079558103,0.0110637889628756,61.7407482194121,98.1772710723483,0.0448864253885447
152,4087,58.014944538531,26.2110006100515,51.974419615069,26.6388328207942,0.00184762525812412
152,4087,161.772430202864,0,132.83942624138,104.121750327951,0.0369525051624823
152,4087,208.502070779938,31.5900847971496,193.894130683477,84.971028375856,0.0223888707749158
152,4087,93.9976320356099,8.3071805911511e-05,97.2973880561351,94.0597302263228,0.0334746223236605
152,4087,97.437349797216,6.32272134130315,92.7875229115113,1.1925838600346,0.0032605151613955
152,4087,120.410023388994,97.9870099677812,122.567489282994,0,0.0288012172589936
152,4087,166.487442986705,66.206750704082,181.235827097476,29.0937155531245,0.0132594283230084
152,4087,177.483219986528,22.868343611702,169.522940758927,54.1141742140875,0.0139115313552875
152,4087,185.573405808649,143.857135002035,201.891296214911,37.7522332546854,0.0293446364525595
152,4087,205.364491536717,40.5000263891845,214.750314688894,47.3424937316389,0.0032605151613955
152,4087,187.380872364573,0.478674355483691,185.511750198699,5.87068902119001,0.00217367677426367
152,4087,178.78697957912,2.94023621983055,179.611875288003,0,0.00173894141941093
153,4119,175.43190714323,2.11793348350629,176.010214951887,0,0.00181282574212554
153,4119,85.6676450899043,0.0190336394867396,91.0594869085716,94.1684002985608,0.039051287861621
153,4119,85.561539923876,4.00128255208952,95.0634593869064,17.6519067096674,0.00219049777173503
153,4119,40.0251124625931,0.164131599868672,63.3349781726541,138.617041323224,0.0624669536974092
153,4119,117.027515459702,0,116.000970529364,99.9897434616508,0.0341415514766976
153,4119,117.396032867785,0,105.238512336725,44.0284435062426,0.0109524888586751
153,4119,207.248071976877,10.1774171910392,186.775892614962,128.441890681788,0.0379938061787144
153,4119,228.154828358837,41.4518397043965,232.176683558957,48.9747685814547,0.00226603217765692
153,4119,228.065138458898,43.0062147320467,227.506874673953,48.8575438539604,0.00128408490067226
153,4119,164.175812560969,57.1881591644418,162.489451339143,49.8014462141469,0.00264370420726641
153,4119,200.620947598936,6.78158747831298,153.581578708663,36.0231076998795,0.0314223128635093
153,4119,169.984076812938,57.1572953253186,206.019717323582,60.8052247445698,0.00445652994939195
153,4119,202.109915935297,43.2208253734805,185.757601792511,78.9744134247594,0.012538711383035
153,4119,149.50563584664,81.4102605908796,183.862656563482,123.388989322835,0.0286275398443991
153,4119,186.028506244729,101.96650323435,168.765561527477,87.2754810620592,0.00264370420726641
153,4119,142.854351815705,67.8744862195088,136.600645135842,124.956247878323,0.0157111564317547
153,4119,121.852558875271,80.7918621663683,141.046657973624,101.785873145644,0.00528740841453282
153,4119,85.5294528964739,19.5126884119561,139.479955516191,160.767719572046,0.112772868041393
153,4119,199.683052085379,31.8370988160336,177.021987679517,75.9274911117871,0.0192612735100838
153,4119,125.610257089218,84.5176002239157,107.363422966546,137.084806146015,0.0156356220258328
153,4119,215.168062769825,19.9878147582396,215.460820860528,0,0.00370118589017297
153,4119,208.108530184689,0,206.669494239266,13.4287798689192,0.002945841830954
154,4152,36.9232545911811,14.8077831353284,44.5120384903305,11.7778496080409,0.00242550242550243
154,4152,60.2918932002654,133.334946475007,34.1775701379902,0.161272107378352,0.0474705474705475
154,4152,191.518428846959,11.5972439382073,157.588482676397,30.7215321021115,0.0123873873873874
154,4152,201.568567510384,27.3508781277775,211.27121367177,66.9335190824095,0.00796950796950797
154,4152,235.680260119516,29.9762097645148,233.665869559508,57.0495440030788,0.00718988218988219
154,4152,237.768269401085,58.5878716148324,234.858755124246,67.2835545421455,0.00285862785862786
154,4152,184.748585815657,76.70293049474,195.1698747158,32.802939018459,0.00996188496188496
154,4152,221.378593612499,0,213.775608984785,44.9314755214882,0.022002772002772
155,4184,136.007119923819,0,131.041389679338,84.0024467142391,0.0316383373803742
155,4184,188.470807374254,30.4484969894037,179.437062362094,71.8772486528219,0.0227110412798172
155,4184,109.190148042835,90.0287006684094,107.762530831235,0.00376579081134309,0.0389944293672333
155,4184,107.980700048642,48.0195063439037,112.007207101433,52.0034097675052,0.00178545922011141
155,4184,116.333690365424,85.9929764983856,117.240133523267,0,0.0182116840451364
155,4184,25.5230807801701,0.323174853962584,62.2234868295899,168.045181703625,0.0672046850449936
155,4184,182.787229409922,0,107.147969254114,172.558135053113,0.068204542208256
155,4184,197.64247792738,104.937114837859,176.581720583978,70.2205086810988,0.018140265676332
155,4184,130.089215870458,62.9328367384168,126.631258855772,109.825323722788,0.0130695614912155
155,4184,157.635612925345,107.597371969991,178.55991799116,120.360853845831,0.00314240822739609
155,4184,15.3950702457312,0,2.44411964467491,165.155029675443,0.131266961862591
155,4184,163.683993748972,16.3760140507079,140.696904336939,69.1247779582336,0.0247107556063419
155,4184,174.725783228657,33.4661272298643,148.46346663968,46.9554229307659,0.00414226539065848
155,4184,132.339751121077,37.1646383148583,100.560163103893,117.857610511385,0.0215683473789459
155,4184,151.162061581734,17.6491374361257,167.837643355861,25.3515013725977,0.00235680617054706
155,4184,150.86558337689,18.9865844865597,148.286372043015,44.8289705666107,0.00842736751892587
156,4216,123.124387048004,83.9372193150718,125.93394118014,0,0.0314582586886421
156,4216,123.853449703037,0.032280175786943,127.446005360953,16.3422935412608,0.00279469724113221
156,4216,17.5176218898169,0.115588859738896,54.5877831201242,154.81764543208,0.0600501612325331
156,4216,93.8707388473097,0,81.5278338625143,9.98499692182485,0.0194912217843067
156,4216,238.87980717969,18.2045244056476,219.208901015531,6.64452655383015,0.0039412396990326
156,4216,239.512875280378,14.1070701867603,217.675804152866,1.56443378792109,0.00415621640988893
156,4216,154.749998388558,12.1651584748241,140.715046633663,18.3537627245956,0.00336796847008241
156,4216,210.920214572311,180,240,103.151407605369,0.105051952705124
156,4216,186.64209490754,13.0833203776486,201.495079507671,76.8847453908474,0.0116804012898603
156,4216,101.956658551426,0.0356904923831918,105.445289871601,102.018975453951,0.0280902902185597
156,4216,172.934647603895,69.577217023006,181.9412833405,25.5785753754508,0.0217126477964887
156,4216,147.680482473806,33.1001054088906,152.692164253235,49.0964454866314,0.00300967395198853
156,4216,192.152378200009,61.4043682389543,139.985011182725,48.0585898483425,0.00587603009673952
156,4216,120.656532615597,48.6755012105409,87.3806523216102,88.319507093329,0.0185596560372626
156,4216,121.474549934451,75.8717704351491,119.944932981598,105.997203975678,0.00953063418129703
156,4216,163.809767951034,75.717155800383,153.603015547952,118.668023601314,0.010175564313866
156,4216,177.964137153858,110.901124040361,141.464462481235,128.914888367889,0.00752418487997134
156,4216,167.574618831831,116.452477199355,159.881053111213,118.567275102337,0.00136151916875672
156,4216,184.551095656399,2.15881884429425,171.531421452583,12.4045583510865,0.00308133285560731
156,4216,173.557056931534,91.2415708582395,185.818337839131,100.247331769805,0.00186313149408814
156,4216,150.991793029445,86.4012150005411,189.998171505516,85.8665920559321,0.00336796847008241
156,4216,238.061897103286,153.392129461545,227.322943690349,127.70101391861,0.00623432461483339
157,4247,166.557757747183,2.27158819533673,174.797670219577,1.29421830013185,0.00355829676194995
157,4247,173.563436462679,4.99810035443152,160.806804181458,10.5566216470788,0.00486300557466493
157,4247,178.974496467769,21.7991175993352,170.001064934385,67.6084354055026,0.0231289289526747
157,4247,175.64323127152,107.051871030376,140.61838151476,123.170779449686,0.0141145771557348
157,4247,115.232272976846,144.33935300391,77.4484808699239,161.807025727863,0.00984462104139485
157,4247,13.9052045690277,0.0231481906449438,35.7095019947167,89.3151279924235,0.0361760170798245
157,4247,135.931096304833,9.96084226738059,132.963735281862,90.9620379488449,0.0278733246352746
157,4247,238.685173297205,31.3075189932086,148.84142870573,48.0197950914138,0.0531372316451192
157,4247,239.636382971084,21.8595036341526,214.189470837543,7.66043905718685,0.00723520341596489
157,4247,237.866808993911,3.31851497625115,216.886441458979,7.41896643551956,0.00498161546672993
157,4247,210.074891273528,35.5326195864858,220.357153182976,15.1804397662356,0.00604910449531491
157,4247,224.56150090949,0,230.016047487507,1.95523203041644,0.00213497805716997
157,4247,119.99894084585,0,119.404181503179,82.9885631474483,0.0327363302099395
157,4247,172.704960702729,74.9645405468324,168.397172193028,110.807363296745,0.00747242320009489
157,4247,117.825394649286,77.9981864727899,117.607303031447,98.9959212782719,0.00616771438737991
158,4279,224.43593005247,134.017265332569,234.116528171806,128.46079657839,0.00244224422442244
158,4279,194.475325090911,91.1430180567341,230.225823069137,138.830704995464,0.00983498349834984
158,4279,224.551500500965,136.007189835034,238.631386217207,156.25630941214,0.00937293729372937
158,4279,93.2271303290824,1.73472347597681e-18,98.7256565386469,88.0795532069262,0.0340594059405941
158,4279,93.0088117273112,0.287525107396132,98.8736273748854,61.3005195737774,0.00732673267326733
158,4279,88.0021311670112,0,53.7980070842362,176.800149571335,0.304818481848185
158,4279,21.4226209933994,21.1849681087481,11.9982664507901,29.8136922181861,0.00297029702970297
158,4279,16.0343783270874,45.3816951379198,25.5701585724714,52.0459409765044,0.00277227722772277
158,4279,17.0760463817118,47.931904680568,52.1291789813114,157.914970582179,0.0351155115511551
158,4279,234.869607690005,115.010447688987,233.987475541511,104.001003522731,0.00178217821782178
158,4279,233.873846611912,108.158560987184,229.962741501378,105.046829850645,0.000726072607260726
158,4279,17.9488511307169,138.088171320861,22.9920214072213,141.013753638619,0.000528052805280528
158,4279,16.9390296534392,44.3003735679826,13.7590681760574,33.0682107203399,0.00501650165016502
158,4279,5.52388943778127,0.118166840577105,12.884068953672,29.773349210076,0.0129372937293729
158,4279,109.305931079993,0.005748255731495,110.299698928872,119.99751790343,0.0193399339933993
159,4309,70.998231946558,155.103111298302,69.2458106537403,138.077628191866,0.00345751577491572
159,4309,67.3873351891376,152.333674282234,60.6116970431065,178.900968449766,0.0107182989022387
159,4309,236.811816621665,165.841143468165,217.264324974219,138.228725916734,0.0190163367620365
159,4309,225.769651144463,145.686690934842,228.106049619748,153.275233903787,0.00363039156366151
159,4309,118.485231408617,6.52027161223068,124.300600038321,0.280138248838705,0.00267957472555969
159,4309,219.799017814878,54.9929616474238,221.688994660244,1.02412844371725,0.0099403578528827
159,4309,97.2867909215735,1.53799001384854,104.751943533395,14.7074642340026,0.0050133978736278
159,4309,98.6020127546968,2.30464515010028,101.396881839266,0,0.0025066989368139
159,4309,94.7605275103154,84.0138552308919,89.9000475471799,0.00578297872066003,0.0292160082980379
159,4309,94.7461404871739,20.0624235363643,90.0553807808006,0.986381978970556,0.00285245051430547
159,4309,14.0345900982733,14.6475736048999,3.93557817452256,13.6563714141361,0.00190163367620365
159,4309,118.942373799068,0.974772782877055,117.726010325567,51.9696119346316,0.0190163367620365
159,4309,2.96359927743103,16.6052851734723,43.3528743166296,152.489579847395,0.0503068545250238
159,4309,0.641331978250025,0.0905264316459176,3.78814123915903,12.5582646591875,0.00484052208488201
159,4309,208.709932552673,53.0124385934478,233.765929384527,56.6239421021274,0.00630996628922119
159,4309,204.179220131665,6.77396898796847,217.156574565688,17.0637214844105,0.00345751577491572
159,4309,221.972536158327,53.996066471188,229.451476616139,1.77821160568052,0.00838447575417063
159,4309,240,11.8739557409905,222.027406968729,35.021279966979,0.00579133892298384
159,4309,197.483160108278,22.7441080408914,217.423106224423,55.5655358834048,0.0115826778459677
159,4309,216.077099466086,7.99538079127126,215.655636498002,0.96071928914438,0.00164231999308497
159,4309,202.065187934122,15.1478161424171,219.79170578595,7.33030001032086,0.0037168294580344
159,4309,187.660399318611,93.7302353427186,222.026223771808,140.199235438887,0.0152130694096292
160,4340,62.0549322660123,137.764306917329,86.3658281471637,143.430373075933,0.00246305418719212
160,4340,105.078079526761,121.556878579297,49.4388870368152,158.146762189802,0.0168624478969307
160,4340,210.815223383589,137.821186756154,232.936600953014,169.737058110192,0.0106100795755968
160,4340,233.574140251512,180,240,172.149276912669,0.440255147151699
160,4340,36.3303607501624,151.066108280038,0,26.0137845472733,0.0464190981432361
160,4340,93.5257885597553,0,97.0252304572863,124.083895119212,0.02860932171277
161,4370,174.677429014655,92.5038886223981,214.25472258983,146.545799773344,0.0205809128630705
161,4370,223.569765606883,165.99894972939,203.726190100759,137.588146526516,0.0179253112033195
161,4370,85.7200275132427,0.0108645577124596,90.4189950151621,121.100157976017,0.057344398340249
161,4370,84.6915490310114,77.0153918988858,80.8488086312487,0.00754454514391512,0.0321161825726141
161,4370,102.600605466024,0,102.193815100297,65.9950307129696,0.024896265560166
161,4370,0,48.9188122941015,32.9641227888643,153.640847992719,0.0424896265560166
161,4370,147.419862246961,73.7686953335063,144.453167677396,106.861329289849,0.0102904564315353
161,4370,132.609489955123,8.50229713457026,104.568254437343,86.8454660543714,0.0240663900414938
161,4370,131.188794517761,10.9429424426219,129.541233129887,120.993131801175,0.0246473029045643
161,4370,223.494012379047,159.357318078865,237.909227960671,179.770280839754,0.0133609958506224
161,4370,199.112532625823,0,176.559039115798,13.2768977735231,0.057344398340249
161,4370,235.261786371265,11.661542839849,211.774078240028,20.9561213775155,0.00323651452282158
161,4370,126.689270099067,94.6085130164722,108.828978696978,108.784531151209,0.00315352697095436
161,4370,112.266444235369,29.9408702100745,166.383947306011,113.908574758247,0.0888796680497925
161,4370,194.450971364583,29.2859370337983,207.466808667096,54.2776888824053,0.00448132780082988
161,4370,119.558576416845,98.8901942643196,129.86243153645,57.468272002982,0.0117842323651452
161,4370,233.56761696025,59.6592181378785,215.215700417429,29.0702557384999,0.00721991701244813
161,4370,62.5912118921478,140.634350712934,47.4767644457931,157.531980740907,0.00589211618257261
161,4370,53.3043899147281,150.329210502172,55.2968542027425,148.307146953357,0.00174273858921162
162,4400,93.4354777038709,0,93.3204467823354,60.998718503687,0.0222236332465553
162,4400,140.657612072687,180,182.402500381251,4.61824089023574,0.138230998793574
162,4400,132.447512671696,57.7948574643229,151.876511591004,5.46891896932129,0.00857197282367134
162,4400,78.3203452281164,23.1818463357001,83.1613924818473,121.140282283982,0.0242555082862404
162,4400,97.4219323007031,60.5098764100839,112.544839821689,73.5287216461236,0.00317480474950791
162,4400,107.139562167012,73.8762793849815,96.8387175998234,62.2564843359872,0.00323830084449806
162,4400,13.3375291454536,111.846071132235,21.9553645883098,108.408097040147,0.00311130865451775
162,4400,204.796342391064,156.132984834878,193.669061011825,123.769958775647,0.00831798844371071
162,4400,203.451451971159,131.238781472489,198.67861852431,140.855208085794,0.00311130865451775
162,4400,77.9921088761841,0.0799224934118886,81.333004903018,42.2114840512347,0.00692107435392723
162,4400,182.589596915937,14.8576634355167,238.67770841559,7.53230745712552,0.010032383008445
162,4400,208.319755385054,11.8511593895444,184.944520268543,8.3728384433327,0.00336529303447838
162,4400,187.001008191056,8.89512134082062,225.007109036812,9.26047127235097,0.0034922852244587
162,4400,74.8114293695514,0.0098007646332001,78.4041362311011,69.1349173503759,0.0274938091307385
162,4400,96.5365341626671,13.3178265123627,120.110787566963,31.8591397413234,0.00330179693948822
162,4400,97.8236916990159,27.5386637870223,118.861106714394,34.4243520174533,0.00228585941964569
162,4400,19.3635905657095,0.113352109020993,33.9005184454924,81.730166548543,0.0316845514000889
162,4400,115.463340107129,34.1178461260062,94.2728916842162,95.0516154048361,0.0173979300273033
162,4400,12.6883705476162,110.837117496074,22.7698246063765,115.497880430504,0.00171439456473427
162,4400,200.051463283191,107.318526972664,214.669868398909,104.956682649149,0.0027303320845768
162,4400,6.5020865050797,133.405959106053,27.3244867157757,122.396243803981,0.00330179693948822
162,4400,13.2006151576435,112.300232095174,29.3736939313231,155.361964114222,0.00882595720363198
162,4400,66.00868845059,130.770415460743,36.5884366960516,154.489512781565,0.0101593751984253
162,4400,221.056217020811,0.472197970762257,225.258502642168,8.87131420738517,0.0019683789446949
162,4400,170.347093219586,0,154.840495390279,87.2389275347329,0.0772747476030224
162,4400,209.21278703373,1.73670567272808,217.590188454719,8.50708472801089,0.00184138675471459
162,4400,0.252025257569532,44.9963001230712,0.707240645915261,76.004297877087,0.00438123055432091
162,4400,76.7976059481558,74.6459468488235,65.9741044772861,111.403461209184,0.00850847672868119
162,4400,215.587916976378,157.303561101343,232.073418872264,179.682566307018,0.00501619150422249
162,4400,228.853746589721,0,227.150598685686,10.1894298497479,0.00330179693948822
162,4400,213.529035935918,161.27903221893,204.872455156988,146.668036828038,0.00342878912946854
162,4400,238.485596041562,7.05718375670955,237.701083651292,0,0.00133341799479332
162,4400,179.74466225349,0,172.531734520225,54.8942156915157,0.03212902406502
162,4400,238.132465457446,22.1996717861991,232.817866805553,25.7254615583375,0.000888945329862213
163,4430,225.394123000361,0,238.052614529322,3.82591878961706,0.00362286024816593
163,4430,152.447393502713,3.7457553907945,143.857713278805,89.9858279637446,0.0271714518612445
163,4430,151.60176031523,1.27850183880899,153.918045610384,0,0.00208314464269541
163,4430,19.8992363356575,10.714480136304,13.8779666621454,9.86529600161808,0.00199257313649126
163,4430,12.0022313368714,5.42101086242752e-20,27.2059090773217,77.5477970949184,0.0403948917670501
163,4430,239.035513744256,8.53268454839363,232.000149676208,7.99803045253926,0.00172085861787882
163,4430,194.948441021345,0,236.187240645547,19.6061657562627,0.00842315007698578
163,4430,142.371724454469,7.66703934700407,132.312537450538,56.8594230687753,0.0163934426229508
163,4430,69.3337698917595,0.0439346510944383,76.7179570739536,112.018599365889,0.0546146182411014
163,4430,88.8354432840411,95.2515502318813,121.177807091515,1.71570618262517,0.0254505932433656
163,4430,136.368601764812,62.8330350057787,132.792570203068,97.7740812173636,0.0113214382755185
163,4430,161.414371936688,89.686380305755,199.197407377248,139.607446669683,0.014672584005072
163,4430,186.664714723792,123.011997615693,188.473702216555,125.398875140377,0.00126800108685807
163,4430,192.847329370785,137.107875240637,208.543805563766,159.322341532479,0.00969115116384386
163,4430,202.804731735865,151.104789254478,193.292640863634,133.379598993601,0.00344171723575763
163,4430,184.959692550476,1.49180945352315,210.391825589862,55.2875168532475,0.0109591522507019
163,4430,23.295176209652,150.637711499057,0,88.3616342112859,0.0199257313649126
163,4430,234.143917736862,10.4260441893576,238.128960916363,18.4334877105462,0.0022642876551037
163,4430,232.673162176939,15.5621718149933,237.279091457735,18.2399864246217,0.00153971560547052
163,4430,85.5657053985583,0.00738870967298707,86.6548092505508,64.0228859024945,0.0235485916130785
163,4430,166.707101832156,30.4378188546866,163.937807785207,31.8806298762499,0.000543429037224889
163,4430,179.675213101667,6.05229044397554,238.897778428967,24.3311918766371,0.00778914953355674
163,4430,178.87961715054,0,174.007115993826,25.621001163724,0.00887600760800652
163,4430,180.707106266042,28.5090820910192,202.103883654012,40.819438582408,0.00389457476677837
163,4430,224.397349739207,0.652794749641211,217.953819170674,14.4455922016177,0.00199257313649126
164,4459,188.027987401639,137.205043490457,197.979084731702,135.846768925854,0.00205077434410579
164,4459,155.489608886099,90.4020929963912,191.917157354825,136.640891499479,0.0118803479244749
164,4459,188.001091778947,131.988370872792,197.015521342192,132.834673801598,0.00113146170709285
164,4459,205.083602064047,162.617863673252,190.661878961003,141.227971603778,0.00827381373311647
164,4459,194.990657007227,138.897586684412,188.04843436941,139.530913860286,0.00134361077717276
164,4459,69.8899669122249,113.267028390938,60.1709371000333,0.071183593844836,0.0606746340428541
164,4459,3.70568350782314,0.0615803549897612,20.1801026959195,78.7992438013577,0.0470970935577399
164,4459,6.2102745951697,0,5.08227673041107,6.01542832384108,0.00240435612757231
164,4459,138.605394005861,0,126.832087326063,104.643582467595,0.0566438017113358
164,4459,220.673696456782,0,217.201446652024,14.5714194818753,0.0044551304716781
164,4459,234.623100701332,20.3606323684162,222.39396384655,7.57987970297906,0.00374796690474507
164,4459,87.0259315159231,0,74.3554058955157,40.2218632234841,0.01562831482922
164,4459,180.995414223695,0,203.233482248464,57.457767701833,0.016335478396153
164,4459,239.287624842277,55.7924813909612,223.574855651339,0,0.0199420125875115
164,4459,220.274909498092,33.9137629925732,218.004862068741,53.0005782592063,0.00332366876458525
164,4459,120.946457395284,0,116.8079677772,57.6950787109044,0.0318930768686797
164,4459,129.590527045653,46.9526795280542,121.483522270603,41.1009236167405,0.00304080333781204
164,4459,123.912117344459,8.32920698099872,103.07222032404,118.255368120588,0.0496428823986988
164,4459,3.0626766750828,114.098300565229,8.2351007108325,110.800350650871,0.00275793791103882
164,4459,7.45528024983529,100.927087153151,0,110.079232128084,0.00325295240789195
164,4459,233.973310164846,16.7041568723594,236.411675388768,0,0.002333639770879
164,4459,233.286714850141,0.380016211865492,237.075928108669,7.49231685211004,0.00162647620394597
164,4459,114.538120708985,0,83.190852311897,94.7322498961054,0.0261650519765222
164,4459,77.5648637927176,40.1332451994333,86.6268219936422,69.7267025162599,0.00749593380949014
164,4459,223.581259084892,0.417753449734342,233.569440359975,10.4295443040015,0.00282865426773213
164,4459,223.021942257779,2.55207901828191,227.974833729167,12.0554590775491,0.00162647620394597
164,4459,190.14810165361,21.388170484525,174.182939949104,27.4794807279462,0.00289937062442543
164,4459,0,106.664281462857,1.05922790744881,109.681360900477,0.00282865426773213
164,4459,237.561570099472,84.2929568664241,221.980951846412,115.990637106336,0.00827381373311647
164,4459,78.3399336136788,48.0382279419877,81.0695678765153,95.1697168520275,0.0107488862173821
164,4459,121.751674365259,4.72315527626194,96.7410490037141,117.499026017651,0.0222049360016972
164,4459,227.023034238549,19.9608736718741,239.431993668835,27.2662086051228,0.00254578884095891
164,4459,218.119911673936,48.4005515576969,238.533334543339,49.8012181811757,0.00572802489215756
164,4459,192,105,204,105,0.00141432713386606
164,4459,9.89781611729589,119.351436362077,3.82933494598762,117.586960527713,0.00183862527402588
164,4459,4.00705092262294,116.042647752879,10.9817357552374,114.889528074719,0.000848596280319638
164,4459,168.782385785152,22.3006434330331,219.535758981937,6.50804780898979,0.00424298140159819
165,4489,83.8296676895454,1.02246025038543,103.017203633349,22.9849700541424,0.00509658857377723
165,4489,226.875985641731,4.48708690475574,238.898506096362,1.58022963638947,0.00254829428688861
165,4489,184.086215202887,8.51617429139867,232.083402295718,0.499333289855295,0.00706946157007809
165,4489,213.583262467663,0,231.608238319671,7.89448459181273,0.00230168516235101
165,4489,138.185420596697,0,115.517334972978,103.894690555392,0.0311549527332511
165,4489,139.384452432808,6.99619533953405,142.897045154883,9.16662097676017,0.00106863953966297
165,4489,51.2676625829166,0.0811704862418668,64.6982860567214,121.255116337917,0.0564734895191122
165,4489,209.950696539591,5.43107933165291,215.35281296267,56.1753556615605,0.0116728318947801
165,4489,205.068161207989,6.08576719341727,205.958282085432,26.1350421214121,0.00624743115495273
165,4489,237.875803083002,43.0441213260282,211.837287692756,15.0086641476373,0.00945334977394164
165,4489,9.03898833277843,32.0740591474587,0.343211960167693,36.6519382429637,0.00238388820386354
165,4489,0,21.7333674031737,14.163989439592,82.4284569703095,0.042334566378956
165,4489,238.318759390182,118.323930753389,219.183338443075,137.153866003908,0.00263049732840115
165,4489,230.74666610666,122.164024055775,233.667424015518,125.308877345748,0.00123304562268804
165,4489,189.009313924,141.80149805413,141.961909976008,83.6488827570568,0.0203041512535964
165,4489,198.627118165004,155.499204342917,218.192636666708,180,0.0142211261816687
165,4489,218.032420548059,56.0500547248038,237.140824624202,43.6735021593319,0.0032059186189889
165,4489,122.590859970899,64.9612433917258,124.11079967909,48.9157687195983,0.00287710645293876
165,4489,180.237929235772,137.810145735489,206.342364566007,170.524756410164,0.0130702836004932
165,4489,187.069392829744,147.170225905316,183.818695126451,129.399002510122,0.00649404027949034
165,4489,158.99901614351,15.0872408604393,207.059092761249,46.9451567538631,0.0296752979860255
165,4489,126.136386367138,20.6650774661291,136.111175453288,24.7269876359282,0.00197287299630086
165,4489,169.811976540918,48.9100616717487,207.643353926079,56.7262203548424,0.00748047677764077
165,4489,237.082007277263,0,217.61949495586,54.8650217593568,0.00961775585696671
165,4489,67.7205530997098,0.131796016186998,71.940626024885,73.1190715544744,0.0190711056309083
165,4489,233.227569013366,15.4220131648915,238.120334979144,35.9713484215868,0.00427455815865187
165,4489,230.838856995476,26.6488339981872,236.712687254657,37.1605472164624,0.00295930949445129
165,4489,106.312422858729,6.78497433760381,78.2688300784976,96.4586120789251,0.0189889025893958
165,4489,169.627529698662,37.8837976939302,170.475286402123,27.8709077813949,0.00304151253596383
165,4489,170.682748523938,21.0139350361203,166.366916617858,31.1561348111213,0.00271270036991369
166,4518,8.78271726794721,84.3156665992309,0,50.4474965209881,0.0269410478178745
166,4518,238.564163500814,45.7984930631589,227.06993478868,13.6178425552603,0.00676011531961428
166,4518,43.3873140566374,0.0774191777533461,53.2771106787195,78.3440651032566,0.0554727110050701
166,4518,117.96105111414,33.9942658990194,114.129646260268,60.019086675568,0.00755542300427478
166,4518,127.582687140808,0,97.4085316443294,119.598479732022,0.0547768167809921
166,4518,169.962649530057,38.7043340864285,194.576915520666,0,0.0106372402823342
166,4518,234.725330730733,59.9741815327181,238.673718860505,17.9693301003522,0.00606422109553634
166,4518,234.949649829318,43.2562705377729,182.027787514525,32.8585680804224,0.00685952878019684
166,4518,235.708281582137,32.5128387127845,223.790155265538,39.649565386701,0.00228650959339895
166,4518,215.163512708324,54.2958659218063,223.114250617231,23.0290524237013,0.00546774033204096
166,4518,40.0252609763388,95.8168727830186,58.0389585890941,95.2598171451895,0.00228650959339895
166,4518,238.713804646135,10.2948046608804,228.109312449119,0,0.0042747788050502
166,4518,236.11626793048,17.5433925157498,194.043247569896,6.83015811833288,0.00606422109553634
166,4518,222.284297239998,31.2719148295601,210.68439029764,0.739981621511589,0.00497067302912814
166,4518,164.545021068899,43.0020203321863,164.509632760939,0.000403549172510509,0.00984193259767372
166,4518,231.021012948231,33.7161796652299,214.959692020051,11.7610390959409,0.00447360572621533
166,4518,228.400561469727,58.3546272708417,234.51115578989,51.4525392391517,0.00228650959339895
166,4518,233.784348780565,46.695189897616,229.704183480188,49.5818810395456,0.00139178844815588
166,4518,225.01305178581,7.98012623861714,212.86183148674,0,0.00328064419922457
166,4518,237.593695294632,14.3391054350352,225.626153392407,0,0.00457301918679789
166,4518,235.224905003202,16.8310212706328,230.021077221535,11.9774019707341,0.00228650959339895
166,4518,226.65910455638,127.573600581978,236.661667805535,119.576806749641,0.00546774033204096
166,4518,161.548691737806,1.24400057594686,189.177426130199,11.2673690102992,0.00546774033204096
166,4518,165.452389929855,2.89365727995304,174.214112734207,6.47637635339188,0.00169002882990357
166,4518,53.5441193041415,92.610703913288,58.1939258207935,87.1656015791701,0.00248533651456407
166,4518,235.851711605988,21.2807320296236,231.116480023309,18.7794859565915,0.00159061536932101
166,4518,223.220287895358,0,228.09499470799,7.94169109010315,0.00248533651456407
166,4518,228.296513157181,7.66546006420668,223.439151841056,2.53053167329382,0.00109354806640819
166,4518,185.500098262106,47.10082949831,187.400040742815,37.6774172168904,0.00228650959339895
166,4518,184.259527925957,47.3640710367296,179.326576956833,37.3311047561115,0.00208768267223382
166,4518,182.989318943601,26.0274013497768,213.431245604329,37.8936757561688,0.0053683268714584
166,4518,210.759092424867,31.5335610157806,205.201036544076,8.19023352763181,0.00526891341087583
166,4518,197.2821020979,9.02037858772841,197.457114648439,15.1857294230052,0.00218709613281638
166,4518,222.351775202836,55.8938095473228,219.141490857557,45.2591583310263,0.00288299035689432
166,4518,236.6619094547,46.3573496683121,192.667207703039,32.5198977384316,0.0141167114027239
167,4546,36.1930313958143,0.127880133581725,49.3422748645724,83.1042295545852,0.0484105358764759
167,4546,105.153980819688,39.4700642440831,110.59754783679,60.8478423869048,0.00490463215258856
167,4546,4.44089209850063e-16,68.053503850647,5.73157667144334,86.0853207911937,0.0139872842870118
167,4546,137.28602975284,90.4800914357097,183.220583918707,143.673061314038,0.0227974568574024
167,4546,176.988515076395,142.821199820846,193.131667309919,162.704978030703,0.014078110808356
167,4546,178.021303960606,128.997757185983,179.928400277143,147.112814650918,0.00617620345140781
167,4546,126.456087799512,0.017459616677672,127.360922652807,80.0298444942984,0.0257039055404178
167,4546,116.591827498055,59.8442477061839,108.443757663983,28.8832155074053,0.0075386012715713
167,4546,217.69029773749,32.405955806336,236.301701985258,46.6045309075041,0.00308810172570391
167,4546,227.596756981113,68.0054465074505,227.548740357817,38.0023225777324,0.00508628519527702
167,4546,51.2205440269496,89.140029763459,57.2137820491511,122.500545834649,0.0108083560399637
167,4546,232.886384830906,11.1231923249015,153.916546784763,21.3559625865584,0.010535876475931
167,4546,129.857879495019,28.9597914284439,130.809718772648,1.92289072906588,0.00844686648501362
167,4546,155.999153038962,10.9622816514825,174.989577654895,10.5358539210544,0.00381471389645777
167,4546,196.32207680719,70.7747097387492,240,7.71959566689002,0.0684831970935513
167,4546,219.311401183834,40.3626560610701,227.015872602938,54.9916405670105,0.00236148955495005
167,4546,209.232229486124,43.8239270323762,224.352821011556,57.9139421300818,0.003905540417802
167,4546,223.575932208314,147.03215808806,224.411037097347,158.044662483826,0.00254314259763851
167,4546,156.042539165502,0.300553795644872,168.352875620896,39.5170441089616,0.0072661217075386
168,4575,176.243120705382,149.507435862954,123.62374541843,88.1808526170057,0.0243374016032354
168,4575,217.907847652866,152.776837313543,206.746385426623,157.385828887926,0.00158879179605691
168,4575,197.667639463419,140.150776968048,205.805130634928,158.088403431807,0.00498302881490576
168,4575,218.160800377516,162.426220814536,227.905728864693,168.160213913093,0.00173322741388026
168,4575,213.309499235136,168.168550364344,220.37095125199,155.202016553125,0.00223875207626201
168,4575,202.467424930052,180,187.281074306256,162.490893200952,0.0115548494258684
168,4575,195.057537930374,28.8857861246328,196.17876141542,0,0.00469415757925905
168,4575,193.717664566389,6.96410914840087,194.500068598847,0.809326747836643,0.00180544522279194
168,4575,41.5792009853028,86.5516878314146,27.6302336642874,0.0596339004434299,0.0455694374232686
168,4575,204.67205070177,1.92088012870124,235.002667373035,22.8891438541049,0.0130714234130136
168,4575,165.463807723296,0,165.133865427522,10.0044148375691,0.00252762331190872
168,4575,133.471108983045,9.17791087731275,169.980231980078,78.9066810401998,0.0517079511807612
168,4575,124.77495011914,0,123.217674257023,34.9651568273562,0.0090272261139597
168,4575,175.023412998977,16.1962072440016,226.013327456461,10.1116876784705,0.00621073156640428
168,4575,196.498612897394,14.118939554773,199.834358940442,27.5383277171557,0.00317758359211382
168,4575,236.024465945216,35.9307124577277,204.118477676272,24.6644712914039,0.00491081100599408
168,4575,125.153745965486,28.8709122275626,193.182536971119,103.910527981649,0.0634794540333646
168,4575,238.206835972588,23.4401768482626,215.517661567766,34.1016586453264,0.00397197949014227
168,4575,136.092420324597,43.9873191359045,137.647739076706,55.322750447108,0.00296093016537878
168,4575,229.659270072661,131.339042752237,207.563215861902,125.716528509779,0.00404419729905395
168,4575,165.418744515659,143.176686273535,184.234085978011,165.489136133647,0.0158879179605691
168,4575,172.747578768398,148.6144450327,178.780493959175,144.66472057895,0.00166100960496859
168,4575,43.44049733419,78.3673715620305,159.240618978501,85.8120240724401,0.0909944392287138
168,4575,75.7003560538331,2.76138184544128,67.3346959463292,13.2665314286272,0.00245540550299704
168,4575,230.188405271514,28.4723681306929,239.32960281708,24.8263774432869,0.00115548494258684
168,4575,232.353615986648,150.728020400482,239.333274900336,134.140232388256,0.00332201920993717
168,4575,74.3365007979938,77.1164581962901,36.1854224619286,88.6152033773194,0.00426085072578898
168,4575,218.22610764589,147.429276078298,231.659547575232,140.353634941551,0.00267205892973207
169,4603,56.5388875394551,70.6649588928377,50.0893879813891,98.7911916658374,0.00742445615858638
169,4603,126.072908876874,99.9373669211347,176.891389950917,159.093302517627,0.0204172544361126
169,4603,38.4958557327058,97.2977888266826,44.5525867194029,127.890599489431,0.00890934739030366
169,4603,39.0063214941727,103.190145909058,39.2223936928681,105.455661377568,0.00133640210854555
169,4603,218.178904599131,142.874876945635,230.292006373553,160.194543798286,0.00527136387259633
169,4603,160.903946544976,146.95619554207,179.581241425041,168.365324410724,0.0112109287994654
169,4603,166.574346020092,148.670689273307,171.536320481074,159.218134893865,0.00386071720246492
169,4603,182.683725907847,166.170819331045,194.984714095826,180,0.00638503229638429
169,4603,188.088581001164,170.410372118318,192.300629410219,179.765152262161,0.0018561140396466
169,4603,12.0061694480408,0.598902616579865,32.0014388045177,0.906458288733948,0.00282129334026283
169,4603,20.9304033494739,2.1824209500732,36.104395604651,91.1527463690251,0.0494468780161853
169,4603,23.1961597600924,1.96154297630858,22.9399873299619,13.977401029502,0.0043061845719801
169,4603,229.810536537075,40.3532207313971,154.579175720126,0,0.00972603756774816
169,4603,179.460595861931,60.1825356512641,166.283215451274,21.2425616067499,0.00579107580369738
169,4603,181.870780261878,0.20356171622705,232.24886979661,32.1832662373007,0.00579107580369738
169,4603,239.16662607939,14.1864789337436,187.397161155871,60.4444813749574,0.00928057019823298
169,4603,225.952877837597,118.959433408488,214.842915221069,131.864768641023,0.00289553790184869
169,4603,118.350434942179,38.0217253829312,120.707610110018,0,0.0122503526616675
169,4603,115.222258767321,9.98663319754345,114.798733232346,97.9990314817332,0.0242037270769916
169,4603,48.8020059759068,92.1534256058719,37.2681719514661,2.09372430870461,0.0277674660331131
169,4603,235.165772614523,53.9298446505104,238.109537171574,18.9251154636934,0.00846388002078848
169,4603,114.039419166662,64.5621930905112,85.0417486667878,66.5954162402181,0.00400920632563665
169,4603,214.47755141869,56.9056921707606,218.694222616675,78.2578675838283,0.00334100527136387
169,4603,37.6667394493264,0,22.4851448480241,127.287041765397,0.128071868735615
169,4603,197.722770705489,151.480408502166,201.761567669289,162.218082322452,0.00282129334026283
169,4603,222.112278426129,6.23932715567199,173.183712730467,3.11914366061185,0.00727596703541466
169,4603,176.339970886829,53.4074278769953,143.310957026405,34.4579992804128,0.00579107580369738
169,4603,204.43537151138,64.6029110207124,212.066624756679,59.0922632717215,0.00148489123171728
169,4603,198,124,221,124,0.00311827158660628
169,4603,201.903469261853,128.569829668923,215.842268843797,130.931101266223,0.00207884772440419
169,4603,229.428708729355,2.76557085473153,236.091464842757,14.9499846318924,0.0026728042170911
169,4603,161.232768907752,0.913688628671472,224.281244532418,53.8559594418948,0.014700423194001
169,4603,221.395012088347,27.2218269442902,209.07004271473,36.8038311370871,0.00126215754695969
169,4603,216,29,220,29,0.000593956492686911
169,4603,182.935137622528,58.4692970617704,213.960569070043,54.67737675983,0.00363798351770733
169,4603,218.569004015927,10.5796168766312,224.9158823714,26.2492045029811,0.00356373895612146
169,4603,145.999720965697,9.95534728145974,168.005110646516,9.81783586516307,0.00326676070977801
169,4603,236.593832945914,148.436099463024,233.130725046115,137.269591254828,0.00170762491647487
169,4603,146.765522865825,0.878069150054632,145.414672987156,58.8698965240573,0.0123245972232534
169,4603,206.908868629053,40.5332779730634,240,18.6993255348038,0.0236840151458906
169,4603,195.978793528295,0.885663482320656,200.753924432275,0,0.000445467369515183
170,4631,12.088608781395,0.171918429951198,29.6471817725727,93.2551861164788,0.0568933580312252
170,4631,12.997410203474,20.74817303879,38.0050493946857,20.4909936772578,0.0036164770221399
170,4631,115.471262596704,25.2862432191327,107.572737658943,22.0393879561942,0.00370468377877745
170,4631,42.5779564144246,108.026172652204,27.6677124206583,0.184202243361653,0.0595395607303519
170,4631,230.427375193797,51.8527465158595,235.282632186184,0,0.014377701331922
170,4631,81.1138907211637,74.3425700370674,142.40563121561,77.3035062558415,0.0316662256328835
170,4631,114.375131285692,3.90091040502698,108.52021038235,99.9097577837723,0.0237276175355032
170,4631,229.626666800582,1.86980563865464,140.143839360466,53.2893143980996,0.0383699391373379
170,4631,175.280735129396,46.553558892558,154.755767820526,0,0.00705654053100468
170,4631,51.3263799351664,71.8764189425764,46.9039464442281,95.9823781971303,0.00635088647790421
170,4631,32.4960921777252,98.3336169964824,40.1775183494761,132.960620499677,0.0078504013407427
170,4631,48.1801331386965,11.7036091501077,67.9792208317321,25.030869702974,0.00449854458851548
170,4631,155.194806630734,139.827477119701,113.788476456594,93.0729384850532,0.0134074270089089
170,4631,157.950438141336,7.08326200690084,205.972267950516,4.48704459287871,0.00723295404427979
170,4631,200.72962439013,22.0656051260593,141.484101733698,7.03325972102438,0.00635088647790421
170,4631,162.120230586678,153.753066999027,176.509780220462,170.563637181546,0.00696833377436712
170,4631,157.086830509756,36.7005603358607,137.033208618117,30.8854783015386,0.00308723648231455
170,4631,57.9040402019848,124.355583979125,74.0756333399245,128.719736759339,0.00238158242921408
170,4631,208.953800526543,0,134.164931276793,28.581512932753,0.0315780188762459
171,4659,237.16551654019,180,240,174.110661953333,0.0380328561618509
171,4659,92.2497406904595,84.759277894775,164.418952359295,159.632288560926,0.0287359357667318
171,4659,141.95636167562,130.952055713381,141.838574819346,135.972752663187,0.00121493846072579
171,4659,154.086422536709,153.764015274658,172.328508382527,179.593038979467,0.0152659658760763
171,4659,171.166103165564,76.6323429141174,143.811202969569,0.426732677816005,0.0400929692039512
171,4659,153.933735581518,0,130.569547021452,41.047384729492,0.00919127357244731
171,4659,20.0900621720899,12.5351350649436,26.4939554592516,0,0.00464846019755956
171,4659,20.1591436464178,0,20.1959695196387,7.01472059643113,0.00375046220484919
171,4659,129.333424152419,37.1460196895345,166.245948530959,109.765207477686,0.052295177222545
171,4659,2.76185901868398,0.258317415886572,24.0724617112051,102.4021486384,0.0476467170249855
171,4659,77.8073628584123,118.378170103715,56.8844734406682,0,0.0820875812159949
171,4659,17.1639302349522,3.6221999113247,40.3695761232475,126.067073037434,0.0303734615181448
171,4659,102.583987109019,22.1164152220848,113.916015933938,23.6291372877222,0.00427869631820823
171,4659,101.443550433224,3.12174491572072,103.819867199508,92.0582515136327,0.0222386561724156
171,4659,106.329336646004,41.9798855914921,107.261842022875,10.8878858727392,0.00839892240240875
171,4659,106.652562005574,37.0340032365808,107.059296703448,41.1899337274117,0.00110929163805399
171,4659,134.353103820092,29.8430158241436,133.865333797856,62.9242914246161,0.0118324441392425
171,4659,139.560766532313,40.8383779667486,135.71581050137,48.9122136585614,0.00184881939675664
171,4659,102.837130971497,49.7559890215987,73.5400005318931,69.3108271025574,0.00470128360889546
171,4659,75.1152157937857,51.5303385650449,88.2526216970722,73.447977635605,0.00343352173683376
171,4659,64.2110170659584,86.0177772970758,88.0017704350272,100.997188141541,0.00707833711901115
171,4659,72.3412897061661,68.5754495594417,64.9818583931254,131.997894879186,0.0131002060113042
171,4659,227.896162683858,76.1149229070312,238.945824884352,87.054719184198,0.00311658126881834
171,4659,19.6398099217245,151.899516794287,31.1182799051727,110.754024147211,0.00559928160160583
171,4659,172.441761452,117.226192916529,158.017562425552,120.088503302367,0.00206011304210026
171,4659,181.992347211509,180,172.98230956458,169.908641719061,0.00639163277164439
171,4659,225.58620688622,56.8426986020666,229.290516050651,0,0.0103533886218372
171,4659,121.986881247966,50.9406690979665,119.350316316033,95.9619528126107,0.00596904548095716
171,4659,121.930113713575,76.8255172176766,126.929192137493,74.82321634912,0.000739527758702657
171,4659,160.675223845731,84.8075501433617,158.910054153634,79.7259778816777,0.0013205852833976
171,4659,36.8709871290359,146.636682122956,43.1451459710512,144.408750891827,0.000792351170038561
171,4659,146.06165750025,62.667840410765,167.508295510299,66.6488969008254,0.00533516454492631
171,4659,92.334197713129,84.1586052602073,94.2977034045382,117.160776535001,0.00628598594897258
171,4659,98.1290768993563,31.6774052614497,91.0038945391785,73.0006715176309,0.00639163277164439
171,4659,88.8095944815188,31.9152204268178,90.6415048241025,71.0167955131997,0.00602186889229306
171,4659,133.019103485736,14.1473826962931,151.104113967197,11.8032354628319,0.00195446621942845
171,4659,167.404893272213,78.6700604037953,163.684912469569,85.3797297746664,0.0013205852833976
171,4659,26.3103128495361,3.25608825719998,35.9944113508523,67.1524065828101,0.00596904548095716
172,4686,151.093143046577,156.687526766953,164.503717468427,174.376252862306,0.00873102490326421
172,4686,13.6241730269669,0.0626662540743212,31.578092340883,107.737319055689,0.0503026093858518
172,4686,0,16.2234971033705,18.219142724902,101.59347369666,0.0563547971028872
172,4686,22.4928767842411,0.0768407445730286,33.4045484554552,72.0902245028785,0.0230181565631511
172,4686,189.775122164762,22.5660860684938,177.86461186882,28.7387612869129,0.00257962099414624
172,4686,103.145886837183,15.9006980387235,102.098535178888,46.0034282931195,0.0146839964282171
172,4686,81.6218279928808,73.9397928437943,88.8067459779747,28.8100271042152,0.0130965373548963
172,4686,46.0399268903912,52.822157489295,37.1448772956256,100.841598345809,0.011409862089493
172,4686,174.572097946018,17.3378386198657,156.782834535111,47.4622840210593,0.00486159341204485
173,4715,132.697071501787,140.267454858021,153.348317818221,152.134106691953,0.00839875844440387
173,4715,194.008518591899,169.984608112963,205.736789900805,176.475583307886,0.00255614387438379
173,4715,29.4661005158123,67.2428394411893,18.8249319103365,0.0277159210901488,0.0194449516158481
173,4715,5.49969813234341,0.464498755988023,25.761659351458,109.530494790311,0.0468322074128172
173,4715,0,44.8389586877829,12.4198950605165,95.6308999381525,0.0298521088186964
173,4715,95.0220700479618,30.5366775699999,105.029306328663,37.5263172117437,0.00255614387438379
173,4715,103.353633167213,106.601589607647,134.699054163874,140.28009773753,0.0135110461931714
173,4715,108.76935481636,113.179340880546,107.913162834168,107.304113013119,0.00191710790578784
173,4715,141.623320659418,155.30417230326,161.593735905699,176.384866950479,0.00894650356034325
173,4715,147.89495135345,154.998325175688,158.248903214281,176.830462521193,0.00675552309658572
173,4715,101.847800129725,31.9453195026203,90.4080001466522,63.787313574109,0.00566003286470696
173,4715,223.858463167457,19.5866715965613,178.108717395429,8.54936530086007,0.00602519627533321
173,4715,180.453831725812,160.782167125309,189.678122453686,180,0.0042906700748585
173,4715,98.5795034951864,17.006700565173,98.6596917061742,34.0063223126873,0.00684681394924229
173,4715,146.276947363107,37.4395829338316,191.834484355799,8.73728635053018,0.0052948694540807
174,4743,15.7074688130909,0.0477124146722856,26.663084200956,67.2180536087789,0.0212041309602285
174,4743,210.074848955687,26.2208691469454,179.821489545967,36.4732397888353,0.005273566249176
174,4743,95.2782380385693,17.9010280982427,94.0745558051276,51.0027110856589,0.018457481872116
174,4743,0,64.7657177844507,11.4453200856945,106.153390821433,0.0183476159085915
174,4743,11.4496226486216,9.40846970319435,3.67076622688847,16.6461486813741,0.0031861129422105
174,4743,8.48444663577424,0,3.90715125219622,14.2905623403744,0.0042847725774555
174,4743,5.59921695841981,15.2918907618515,25.6864489723421,111.690467335188,0.0398813447593935
174,4743,114,58,71,58,0.0038453087233575
174,4743,195.202769516273,140.316330021278,208.760214475689,131.625923258083,0.003955174686882
175,4771,0,24.5287509900777,20.5733531137065,118.191976066635,0.042926753809266
175,4771,10.7999585411254,0.0348540405160105,22.3436189918453,66.2885980290934,0.0232036507077113
175,4771,11.9972580503912,0.972031433850461,15.0658024258322,0.671201065753385,0.000850800525949416
175,4771,89.5239272422977,17.8406818974371,86.1748007562777,111.935035175689,0.0339546755356176
175,4771,171.216939518121,52.9472705765919,163.482399598686,21.1258082019974,0.00495011215097842
175,4771,156.91529236574,55.3937082427004,116.834299729604,46.7701497373049,0.00549153066749169
175,4771,172.799932491546,52.0465040527097,187.013459742709,49.0641473981643,0.00170160105189883
175,4771,37.951443540709,26.645308314444,24.037526030627,107.006497341577,0.0167066285095522
175,4771,0,88.0478597899191,6.60530663745723,108.451506414243,0.0079665867429809
175,4771,221.811974343442,164.947668475718,234.256092151299,120.236312305246,0.0146182999458581
175,4771,140.555727169807,148.954197316935,142.403949087217,171.37880361938,0.0115244798514966
175,4771,137.752898073932,161.207909389073,152.759683899033,179.043591067513,0.00742516822646763
175,4771,181.62990180192,0.92471804239609,171.780664198176,49.345152441696,0.00641967669580014
175,4771,106.203436735789,45.1473102464661,108.001970727313,67.0818339888545,0.00386727511795189
175,4771,96.1648455615535,72.193442483399,110.307985456424,58.3891963951835,0.00440869363446516
175,4771,148.845451586481,56.2239302320356,169.824650570172,70.7030020855721,0.00247505607548921
175,4771,161.493401083759,68.4799485175182,129.712845742636,37.2565877722532,0.00495011215097842
175,4771,54.1716697268537,85.8511758720132,49.9207108075873,138.07494487461,0.0145409544434991
175,4771,154.2615457368,52.0592726247617,153.660276077012,3.99174070404018,0.00773455023590378
175,4771,200.27413479007,7.9685565429624,197.890455842791,62.9952547016253,0.00626498569108206
175,4771,190.727850035905,46.6244255079017,197.454742033312,23.8390244942174,0.00340320210379766
175,4771,67.9351434766733,35.1619388221943,62.090298001394,77.4597449339125,0.0139995359269858
175,4771,224.830458116509,139.781399729326,188.04346984623,131.799652301963,0.00487276664861938
175,4771,94.6657988621253,110.322094937657,133.896494159271,151.027307827073,0.0147729909505762
175,4771,125.587248603448,140.216787296439,129.333752410377,147.349929800165,0.00170160105189883
175,4771,154.20870050262,0,110.758173165406,34.9722627466361,0.0103642973161111
175,4771,159.138486729979,1.70239604099562,197.699280517789,19.6462374298899,0.00487276664861938
175,4771,170.853676968526,87.1139953420248,171.544690701499,81.9392004925478,0.00139221904246268
175,4771,127.205407021783,35.4167664787034,156.089259623623,21.1811058780007,0.00324851109907959
175,4771,153.104980431304,31.6894572131875,146.811682343909,28.3554722528764,0.00116018253538557
176,4800,144.578519349385,1.1251553158358,147.904328090559,12.3253510301798,0.00235774913549198
176,4800,141.343445956818,0,145.507168767225,26.0786854326261,0.00558000628733103
176,4800,78.301620458746,25.9792708654732,91.932511846148,21.7808862730776,0.00440113171958504
176,4800,83.274567830279,20.0010363856584,83.331713547626,60.0009547446665,0.0184690348946872
176,4800,170.78698115675,28.4122433218942,156.882509049294,21.2273735932114,0.00282929896259038
176,4800,5.74024899354941,0.0478001717818758,17.5577681313783,64.2654039035746,0.0286859478151525
176,4800,162.023880377834,47.0362767257557,198.400886672835,23.0898858461279,0.0052656397359321
176,4800,185.577902255314,27.3022551657532,138.172890686724,55.9797135829513,0.00723043068217542
176,4800,187.085350593245,28.8302124868476,186.082291124411,57.8646540185904,0.00707324740647595
176,4800,173.38204257823,32.015292194546,173.448293629548,91.012971911696,0.0165042439484439
176,4800,108.039940835617,42.926913082211,142.144900141295,61.5647297335806,0.0052656397359321
176,4800,81.446495808175,57.010335870457,82.7352165694317,126.023617956083,0.0201194592895316
176,4800,22.5744317843248,92.5826672494399,25.3355127660313,69.9190463398757,0.009116629990569
176,4800,0,56.097581617605,25.2974782865115,147.195087972261,0.0282143979880541
176,4800,0,69.1937067610211,10.2168884245408,105.939696144497,0.009116629990569
176,4800,82.5488070342786,109.713960396096,68.4918199235747,82.7436622212459,0.00385099025463691
176,4800,42.1684443611436,96.9025770244431,76.5057131426051,127.108912809019,0.0198050927381327
176,4800,231.265067201615,118.791321157744,216.292109651296,130.552684849869,0.00361521534108771
176,4800,56.3236378638602,131.213334220189,47.6884913578238,138.637689374048,0.00227915749764225
176,4800,137.437321936513,169.952298745427,137.808430538636,150.015047988851,0.00895944671486954
176,4800,169.112131593865,22.9874295094301,169.031349113396,2.98775580521106,0.00565859792518076
176,4800,169.091024195,16.6826062237284,177.937043623112,19.2195236354571,0.00141464948129519
176,4800,64.5291053825368,42.9362820857168,63.0101556375028,78.0004399336514,0.00974536309336687
176,4800,229.576012426948,123.61496129898,218.427569350797,164.845217782961,0.0117101540396102
176,4800,185.810535822361,140.682683106016,200.38964088795,131.977763184236,0.00424394844388557
176,4800,121.104170876036,0,142.490178493729,15.6946962492078,0.00416535680603584
176,4800,81.5104198944787,26.102403460989,99.6578779781,116.470338964615,0.0225558000628733
176,4800,193.959365081659,155.713903009999,204.980577761884,156.341223627802,0.00149324111914492
176,4800,89.3514707255624,109.672703706984,124.988504249611,147.941924278257,0.00990254636906633
176,4800,94.7027454973551,116.442320689621,88.8851089743424,99.3801408022216,0.00251493241119145
176,4800,202.700408418316,147.838833310584,222.837440973804,135.729671107885,0.00330084878968878
176,4800,9.64768247573049,143.646092431078,61.6853124548619,180,0.106177302734989
176,4800,173.465196836032,176.509962024106,169.277889870823,163.907666804232,0.00298648223828985
176,4800,147.738963323614,178.208864242259,139.411888228635,169.522407372493,0.00416535680603584
176,4800,146.034013591932,89.1001693503756,166.689740731404,82.0862926371987,0.00157183275699466
176,4800,158.47146123056,86.2448721324205,154.245670472336,83.6065156414203,0.000943099654196794
176,4800,69.9563682569192,78.1297201681019,69.4465905766236,70.0986031520668,0.00400817353033637
176,4800,212.029187901171,156.106386254018,183.948054442003,163.810664929428,0.00392958189248664
177,4828,78.9240971708275,60.0427380587884,78.3398697315921,17.9952776880884,0.0204905622287272
177,4828,59.4567479490391,50.9898404550333,58.9516385041305,77.9990955748974,0.00857979206621581
177,4828,143.23092086996,177.759756674333,126.341271154194,160.662865592071,0.00827697587564348
177,4828,1.96426643799778,0.0069844816697357,13.9269558681368,61.209737195227,0.0223074593721611
177,4828,141.482739598091,52.9453964821543,200.602769798691,23.1838311547395,0.0114060765115575
177,4828,152.078186892202,44.3669287515102,132.131527799361,48.6172560367715,0.00282628444534168
177,4828,134.28535137765,48.0782840006555,162.000806405744,4.26569229999426,0.00928636317755123
177,4828,96.3055086414956,120.738976596757,84.9111231766222,110.03051536057,0.00434036539820329
177,4828,201.617239488549,17.7718157293726,150.26863232444,29.2063377604848,0.00878166952659735
177,4828,21.6230119853468,143.440708727369,0,75.8799219866451,0.0170586454022408
177,4828,182.317582335029,141.162584329772,193.824918036265,131.785151546433,0.00292722317553245
177,4828,127.941882508907,88.6803547985736,164.989878946833,81.944334381655,0.00545069143030181
178,4855,131.304456561206,162.599839515743,125.695147761744,165.386318619749,0.00303504092706705
178,4855,125.637353345491,166.308399805466,138.496123087031,179.469347592335,0.00882920996964959
178,4855,29.8861480534672,4.44089209850063e-16,8.8442570782965,177.678864098459,0.145681964499218
178,4855,10.1154105573339,61.1830981236075,0,12.3132068819379,0.0182102455624023
178,4855,87.7426661073176,120.801189406901,92.9981950823843,113.998605559734,0.0022073024924124
178,4855,80.4474778085612,111.512884838161,87.1777345579995,118.763276995351,0.0034948956129863
178,4855,158.981223690406,16.8206723229143,195.0051127091,13.0488301623915,0.00579416904258254
178,4855,163.001556130761,82.0071276012809,138.097023446139,87.4443999543572,0.0031270118642509
178,4855,152.864371395389,24.706693648771,179.329096924305,6.4777827835428,0.00377080842453785
178,4855,160.956097146219,55.1893677559688,180.087017677883,59.6246635247776,0.00211533155522855
178,4855,190.787921598707,40.3793134734787,151.66492950727,14.0133480260318,0.00836935528373034
178,4855,168.438369675739,27.1135125398791,162.02792227505,23.9435345370365,0.0012875931205739
178,4855,184.303369111748,51.3335942781262,150.615514918749,33.7360384287117,0.00551825623103099
178,4855,175.987922117369,32.2232756388682,188.646666923124,15.7288327182,0.00450657592200865
178,4855,171.094924999912,29.4868370379506,188.643291709952,17.3823459723844,0.003678837487354
179,4883,72.6900014415515,62.0425652153467,71.3246436120778,20.0219440623826,0.0295830421616585
179,4883,0,17.0055033936044,9.02811446668516,56.9936526038735,0.0130444910319124
179,4883,150.372439631198,42.0267791854588,152.24770856001,15.9459086780702,0.0076869322152341
179,4883,86.4886601106706,56.7300881250797,93.6270123275828,69.6536691470401,0.00465874679711158
180,4910,107.010411524644,146.960136899724,53.3533431691505,91.65717283152,0.0228835531507158
180,4910,75.2334496326033,110.897515994109,78.9858695908077,119.445201586616,0.00315635215871942
180,4910,129.995252997338,178.630658490268,141.994573156737,178.720978061979,0.00360725960996505
180,4910,131.579831888553,178.611174321191,115.631016413027,164.553105708884,0.00913087588772405
180,4910,8.07568217936024,59.219355106344,0,25.1900722844529,0.00755269980836433
180,4910,64.0188350948767,39.0194309264328,78.2333796239292,25.2407623817761,0.00349453274715365
180,4910,77.0064739078474,63.9758873610227,83.7862419412366,65.7961606839216,0.00236726411903957
180,4910,86.0396203400216,62.7097340803088,62.0765937524357,59.438860040544,0.0028181715702852
180,4910,194.063712061465,167.903585948104,182.267513624246,160.108455413639,0.00394544019839928
180,4910,60.2666759319312,97.0882058541345,57.1411539832722,71.1033039140185,0.00721451921993011
180,4910,160,134,180,134,0.00439634764964491
180,4910,177.608899831632,60.1889324159886,149.202141481619,1.38542897622351,0.0100326907902153
180,4910,72.0045473863929,84.9985748054243,64.8147676805555,62.0580535881724,0.00541088941494758
180,4910,69.9501077375282,59.0338297945557,68.7248613251492,21.0088655619031,0.0130763160861233
181,4938,51.8540721395278,34.1370426572458,73.9000640847698,30.409020103675,0.00431990659661413
181,4938,71.1542788274036,38.1552198673764,63.6300195278434,45.6338623983741,0.00291885580852306
181,4938,169.95949953018,144.948020584236,180.197933247678,136.970605492369,0.00326911850554583
181,4938,122.962402897168,154.864034697215,120.352109717348,174.78406271507,0.0122591943957968
181,4938,66.5037312848874,33.9731522841928,68.2660709347633,67.0391167266303,0.0141272621132516
181,4938,125.763525359821,92.3668538905285,115.260176015704,85.5963770850395,0.00303561004086398
181,4938,60.849922913459,127.132879868142,54.7015859390616,73.9189387840485,0.0141272621132516
181,4938,59.9638890498873,102.033810600234,102.969244748057,147.965093791586,0.0145942790426153
181,4938,127.704035186344,180,122.446340402843,174.532404647397,0.00396964389959136
181,4938,135.000446743539,126.035795600981,121.977514394849,126.198327049684,0.00233508464681845
181,4938,48.3037629113179,124.995403245592,47.8955023767571,98.0167140362746,0.0102743724460012
181,4938,167.356297156978,38.2553437127795,156.470608939409,10.8133190879014,0.0057209573847052
181,4938,172.874152967044,70.9742429004031,185.223492716178,10.6364024326252,0.012025685931115
181,4938,175.620290410536,74.6923064110222,183.596986346077,9.93579547810864,0.0182136602451839
182,4965,163.232230006784,144.415938399966,180.785347262063,134.615543582836,0.00535794016966811
182,4965,238.378796937461,22.6562501353781,213.92323507756,66.8507982268752,0.0183062955796994
182,4965,63.3140645234827,23.0176594380301,64.3959648337213,65.041295953609,0.0205387706503944
182,4965,155.940199171211,24.0481514771297,164.853549953879,35.1179212092751,0.00297663342759339
182,4965,167.485367888149,17.8301987892535,162.264763853876,2.90737495403421,0.00297663342759339
183,4992,161.211187090726,28.8087946075829,172.136783794696,40.8761581541213,0.00258380813568305
183,4992,49.2856180518871,56.387219662357,55.6339768396466,58.0834170844449,0.00145753279448788
183,4992,55.5032117326937,1.77076927473595,54.0551895063382,0,0.000861269378561018
183,4992,135.558911063079,83.2332118263284,118.144291630268,93.2508362971466,0.00245130515436597
183,4992,120.482732523763,84.5277279304174,117.013960002679,88.1025126712548,0.00112627534119518
183,4992,116.644676195087,93.2792920201407,111.349848061143,87.6697779296287,0.00198754471975619
183,4992,131.159550808665,124.655726695435,111.843242387436,129.355752865619,0.00318007155160991
184,5019,111.79211730515,156.802989733901,108.403868726718,177.576561105514,0.011324903793293
184,5019,54.508076177252,26.0726448244557,56.7982852266323,73.1072059985731,0.0231995601979109
184,5019,0,165.551170996462,60.4709008974316,111.295728572782,0.0275975810885102
184,5019,164.584649267067,142.336684876775,154.252574838727,148.806362012532,0.00351841671247938
184,5019,37.7385811017069,90.0767406296271,44.4306873103429,112.873569907976,0.00527762506871908
184,5019,38.4008246016568,126.044025519062,37.7115777260709,101.007940304942,0.00868609125893348
184,5019,173.161523973372,45.0719075654495,102.2217861937,32.7256499195569,0.00934579439252336
184,5019,137.783891759228,42.7479237744392,167.338983423617,51.2876962535545,0.00483782297965915
184,5019,216.734735362878,125.22913679825,201.939875298555,172.669386295926,0.0149532710280374
184,5019,238.193427121233,15.5112111835901,212.419387570658,58.0421377920346,0.0144035184167125
184,5019,231.35923339186,26.3606833081038,238.35242709688,19.3516296305855,0.00208905992303463
185,5046,159.397211253317,164.687177995487,173.902890307544,169.869713638,0.0041970802919708
185,5046,110.106259603448,0.0921638313413498,94.8225340148292,17.7134215050229,0.00392335766423358
185,5046,44.6308652240245,44.49626323731,53.3620489212116,20.7652828510221,0.00647810218978102
185,5046,52.7967447999642,70.0576887309209,50.6350443554759,24.9695535054037,0.0187043795620438
185,5046,56.9318233237467,65.3452509457907,63.9212575173259,127.458966300956,0.0247262773722628
185,5046,32.1858446700729,92.0323737868129,31.3113946934879,43.0301333338454,0.010036496350365
185,5046,54.7031692085163,109.543103855092,0,158.236179520997,0.0237226277372263
185,5046,165.561598178412,138.033409975917,152.069344211863,144.152890385289,0.00437956204379562
185,5046,215.31843777411,120.459359332401,199.447673011699,169.822420825652,0.0151459854014599
185,5046,208.889116494626,54.7275397759756,237.574800164845,7.14087627436387,0.0173357664233577
185,5046,32.0271702088533,86.4313303895086,62.2725086415053,123.412829705229,0.00839416058394161
185,5046,104.224492907568,53.978530673239,88.2954430209745,66.0719835446343,0.00273722627737226
185,5046,157.774477429266,96.9621099575937,150.066016368979,142.843081429628,0.0106751824817518
185,5046,114.46218185878,179.161081499798,107.564308145971,156.130493733695,0.00492700729927007
185,5046,107.336181204009,154.70833144665,103.875068237392,174.452197361447,0.00611313868613139
185,5046,27.5865147427635,41.9850933938151,28.6044178590298,82.0354695148432,0.00574817518248175
185,5046,162.813342360223,59.1663153686733,149.609723764434,44.3477432591567,0.00255474452554745
185,5046,142.064637465089,46.7141579147141,152.959776993918,49.1778756007686,0.00145985401459854
185,5046,41.0630918862628,118.994519806128,38.9865616243731,95.0880277814653,0.0052007299270073
185,5046,46.7384133841649,0.261442855662207,48.7378635119919,2.26199242564191,0.00145985401459854
185,5046,45.6863204817571,8.15464999777136,41.6659221750844,0,0.00191605839416058
185,5046,144.200874973437,48.6599345702783,138.849494622639,76.9715519071372,0.00437956204379562
185,5046,119.863509925661,41.8305620771547,161.45659018514,8.32541446160482,0.00693430656934307
185,5046,141.875104083151,8.97942721409397,68.4877537620551,36.3097173861327,0.0161496350364964
186,5073,53.2957002537026,71.4095816694878,62.0849661023353,129.441498562448,0.0237007776817677
186,5073,35.6643871144762,93.0251119040879,38.2797823201964,127.979065563054,0.00938155783236637
186,5073,106.170434718605,180,97.5569481593176,170.278591187065,0.00703616837427478
186,5073,162.440429612612,4.91688215302648,152.923300133022,68.9886071029668,0.017528700160474
186,5073,49.779060081872,72.063593089536,46.6542772802358,12.0700924461048,0.0245648685347488
186,5073,78.3648178405231,144.453168036524,38.3698491923268,99.4486967306332,0.0137020120972719
186,5073,156.948228909044,173.666692960944,162.012214915932,157.686970174,0.00481422046660906
186,5073,128,84,128,90,0.00148129860511048
186,5073,104.17196611983,155.02751543751,101.444893880879,172.071185241546,0.0092581162819405
186,5073,136.845907927887,179.527203071138,129.795558089876,164.09339151138,0.00456733736575731
186,5073,46.9993986192588,2.00416478945752,33.1197982016327,0,0.00320948031107271
187,5100,42.5240121400785,11.0843560174965,45.9550053387854,71.1168760327276,0.0268412130344698
187,5100,153.547689666307,70.0800113108351,145.555879160196,24.9016679103702,0.00781691467319646
187,5100,143.372578071458,30.717781985071,63.557405652932,72.1473297186377,0.0111132039932191
187,5100,49.3710167461893,73.6240317810783,58.8155482248371,128.547591149925,0.0227914861555849
187,5100,32.3532374849419,93.0608655242502,35.5423779501743,126.948957897976,0.00809945375776983
187,5100,145.289083527486,136.037890508313,150.673574606825,94.9572150506767,0.0122433603315125
187,5100,34.7776914652881,96.772996882674,57.4722846141205,125.218838237117,0.0111132039932191
187,5100,210.86390501897,120.619286827562,194.083863594005,170.692996445424,0.0176116029384065
187,5100,96.3921496884838,174.708146018598,100.241928845071,153.499360082348,0.0118666415520814
187,5100,159.398073873264,152.808425735205,154.603258706509,167.873729651799,0.0049915238274628
187,5100,88.1305511665989,42.0609832330704,101.195726643323,14.0914280876903,0.00546242230175174
187,5100,90.9763389882539,25.9885583648361,100.128493372645,7.06213488698459,0.0041439065737427
187,5100,110.862856816823,4.77364188490853,158.127231737238,31.5410829270138,0.0181766811075532
187,5100,158.678437096813,31.3216300558121,95.6680047467101,61.1900193191501,0.0144094933132417
187,5100,150.60447804834,34.9997821378715,157.683408752991,37.8002647449453,0.00150687511772462
187,5100,29.6174939419981,72.1054232605712,37.16904504649,99.5046331610178,0.0103597664343568
187,5100,107.458649638239,8.50487229222436,100.286079964959,16.3470373062369,0.00207195328687135
187,5100,44.801239167673,110.595260689859,0,148.827244636062,0.0174232435486909
187,5100,138.57382442693,172.668541480966,133.40471489373,179.314767452156,0.00188359389715577
187,5100,158.558284690608,0,153.493041131797,33.773994345398,0.00565078169146732
187,5100,164.001730534564,6.00830494214083,117.918895132884,15.6107727387663,0.0049915238274628
187,5100,92.6590693978401,169.380236469802,104.281551979461,179.801277847561,0.00395554718402712
187,5100,97.8648754224424,54.8295592446056,68.0055610798123,49.9658593184772,0.00404972687888491
187,5100,100.596184711984,85.8326402744223,98.0342608570606,92.0141992832017,0.00226031267658693
187,5100,158.825955904212,137.600032128965,143.652965577944,144.202485908312,0.00357882840459597
187,5100,125.151443926607,159.932128317189,133.914913805387,179.486296332073,0.00357882840459597
188,5127,146.388487822775,94.9276986695587,142.019006990261,131.884013593843,0.0130548302872063
188,5127,96.4309175440889,148.900404552277,91.7271863953644,175.777244159427,0.0129615814994405
188,5127,146.204270356474,50.2811140763617,153.163125636157,45.2244912738729,0.00167847817978366
188,5127,108.709782379253,94.2346451514951,102.448206556044,81.0763366816877,0.00419619544945916
188,5127,218.960793320284,120.10776352396,238.871978689391,127.351879518319,0.00335695635956733
188,5127,151.532363345101,157.919680363055,151.270128544299,165.976243256793,0.00391644908616188
188,5127,134.893836306622,58.4178392054082,152.843976176948,55.1444254630464,0.00261096605744125
188,5127,134.340789235848,77.1944361213043,150.813319572144,48.3229435811073,0.00466243938828795
188,5127,95.5144732517357,180,92.7940594847476,173.302127637162,0.00400969787392764
188,5127,121.330756204232,163.28374083874,128.417987232758,180,0.00652741514360313
188,5127,146.600077693045,51.9474543207853,152.901579267396,3.98706852767766,0.0128683327116747
188,5127,22,0,44,0,0.00195822454308094
188,5127,37.3170186223705,1.44619613384177,36.1331788898263,5.04382400486233,0.00111898545318911
188,5127,39,1,26,1,0.00149198060425214
188,5127,156.766435283714,10.6028320148802,121.651825927741,41.6056488479389,0.00671391271913465
188,5127,77.5601470436224,56.6602536076786,104.606368579254,33.714735615574,0.00391644908616188
188,5127,133.258982779687,31.531687330515,135.190889920573,63.2925223501838,0.00652741514360313
188,5127,142.561048814075,49.0207028165818,116.805149883096,60.5652906819913,0.00317045878403581
189,5154,128.276367443675,0.633451741673398,120.830492023321,129.895782183596,0.0682717678100264
189,5154,151.292501834551,27.7477836088217,89.3052634019144,62.7703705844642,0.0155013192612137
189,5154,21.2070350775968,50.3187466867047,38.434339019709,39.1291207009035,0.00560686015831135
189,5154,70.5581372164973,60.8836905744428,72.1226215448314,68.3912242423904,0.00252858399296394
189,5154,7.78440705388498,43.0710435130173,19.5628222293143,78.8145353589009,0.00593667546174142
189,5154,19.3708917824312,162.892139448022,93.0870702568381,77.678191898859,0.0958663148636763
189,5154,25.4050255092245,87.480213934001,48.3513312165724,91.7675892101492,0.00516710642040457
189,5154,36.5283890156655,112.335724807308,65.101447108222,143.815581971732,0.0135224274406332
189,5154,31.3187063031243,29.7021872042946,72.0895338665756,11.1972648009911,0.0079155672823219
189,5154,31.2586279158972,28.4264464093385,46.6589716499385,19.0865652031308,0.00395778364116095
189,5154,38.9645638853661,34.1018024558682,31.9360512754199,34.3790946619974,0.00351802990325418
189,5154,28.5141806600215,9.10011339030547,30.2390434549019,0.241247582125807,0.00186895338610378
189,5154,27.0093228554344,0.0342299306149016,17.8701834493584,2.52336367839274,0.00230870712401055
189,5154,34.2986722696828,29.1584327715326,38.1096829750688,70.0829090076468,0.016490765171504
189,5154,36.5573705525065,0,12.89498220737,67.4366555321393,0.137203166226913
189,5154,117.871121155875,83.1612271492983,78.0431546781404,89.280860467446,0.00725593667546174
189,5154,92.3942869479073,152.893861022606,88.0546753518048,177.659121149619,0.0109938434476693
189,5154,81.8079367899141,169.209471886488,93.5765221380534,180,0.00417766051011434
189,5154,16.1146417046637,28.1819912083103,26.2446038680952,21.8008250993692,0.00274846086191733
189,5154,143.851980619134,137.635608576939,155.897366755913,140.440716410507,0.00175901495162709
190,5180,27.43827383708,9.15411283127962,34.1513813225094,77.1824236957213,0.0289866906181106
190,5180,141.672831349456,1.96387589395255,131.407533362371,94.9345831955119,0.0307830489099371
190,5180,65.25268980361,66.8270728192018,72.6946867691609,73.5513661156822,0.00285784273699682
190,5180,37.9939244787094,66.7590292581937,33.3295641389567,124.94625702993,0.0218829101004328
190,5180,42.1002258204194,126.034885857018,47.0950260187519,111.6850033975,0.0045725483791949
190,5180,35.8142517621324,118.169349208735,60.1068309526777,144.81431443532,0.0118396341961297
190,5180,203.140563254243,119.702458551535,185.031150194788,172.01078435862,0.0136359924879562
190,5180,87.9886664837843,152.438870608219,83.2851696478055,177.680459933331,0.012411202743529
190,5180,119.963106184796,180,110.647764690225,162.184172880381,0.0066955172695354
190,5180,18.4812729139765,4.29190952456162,21.08447212256,0,0.00228627418959745
190,5180,103.915526864474,31.6016878196476,138.15918805617,12.0279660404215,0.00530742222585123
190,5180,20.8432392148693,77.2438028430603,42.777004700341,91.3468143388068,0.00400097983179554
190,5180,79.1156326302612,87.1942861116682,82.2534939855508,91.53912932201,0.00171470564219809
190,5180,78.0840520221608,88.3031906980373,76.9013868986663,92.531785199659,0.00138809504368417
190,5180,32.7693480661955,75.826391385898,0,93.4396055270635,0.0257205846329713
190,5180,81.065199155437,174.030769226195,87.6472421878998,180,0.00302114803625378
190,5180,148.961833663363,19.9541818533076,97.6088992718268,62.7309749537272,0.00930840205764677
190,5180,125.471616399344,3.7459330609081,118.462473242164,45.9106456141084,0.00506246427696579
190,5180,37.7078226487023,91.0601001135447,43.2797634992978,118.148150755967,0.0116763288968727
190,5180,145.486986833798,137.998441138722,129.972044616573,145.945422527459,0.0033477586347677
190,5180,135.947405025041,110.506937435201,157.027554801605,108.258318235961,0.00277619008736834
190,5180,142.494361851094,167.935288554754,143.801880224957,157.718685174814,0.0037560218829101
190,5180,143.676769275593,13.447936418711,53.7021772914661,55.5022964389374,0.0272719849759125
190,5180,100.154749761756,90.1515534941085,104.612470010908,85.5998197938181,0.00171470564219809
190,5180,96.6323754710804,85.674953082816,98.8856911516114,90.0587558190897,0.00171470564219809
190,5180,137.494236394321,94.963292355977,134.451425909753,136.887606569928,0.0106964971013309
191,5207,82.5124439197959,153.689477068881,77.261143066612,178.845765800909,0.0145231563659835
191,5207,105.122155702788,163.424564892484,113.13877988848,180,0.00758431499112474
191,5207,79,179,85,179,0.00112957882846539
191,5207,17.5525964978772,9.01163023802318,17.3183394924049,0,0.00258189446506374
191,5207,124.701470278303,96.8538005094564,135.606092679392,0,0.0369533645312248
191,5207,22.1701058907924,37.1839541177335,36.7360425480091,23.7145539171278,0.00427626270776182
191,5207,7.99754430849276,33.9862258109404,29.2145817020746,30.2036075884875,0.00371147329352913
191,5207,0,35.5580175065968,15.7238166268206,146.157355078289,0.110618040987575
191,5207,132.348388798097,95.8299992360923,128.301289795173,158.955204115714,0.0150879457802162
191,5207,145.800661252965,0,42.1240650653842,3.58645279974824,0.0415523640471196
191,5207,131.022428033198,32.0666261760715,47.3995225453254,60.2161825662984,0.0121026303049863
191,5207,128.583799461174,33.5037454094003,106.730954952431,54.6557764865728,0.00895594642568985
191,5207,87.6799836266516,50.1542356304127,98.3438359033234,72.2801693227256,0.00363078909149589
191,5207,237.347852302932,127.917844179884,234.231998469294,152.651294581183,0.00710020977892529
191,5207,170.645441455896,155.874343395917,173.499052013248,147.822462541422,0.00233984185896401
191,5207,171.612689166274,149.490885850086,167.633418166935,152.51813380349,0.00129094723253187
191,5207,49.3829515402497,141.458882244457,83.2463900024782,155.781753486711,0.010004841052122
191,5207,219.295143438034,141.031864948229,175.18549279504,153.648510143495,0.00669678876875908
191,5207,99.8317316863429,91.4673095603156,87.9340337139725,87.1831995308515,0.00233984185896401
191,5207,207.796908460896,119.502052172725,236.542730686536,131.130392006273,0.0094400516378893
191,5207,124.974589142269,166.365265278606,130.186891426697,177.915662239696,0.00435694690979506
191,5207,149.402516312553,165.936120369723,148.318903040629,159.108090580657,0.00137163143456511
191,5207,146.698111001726,158.904836270428,146.18383912014,165.940341370607,0.00177505244473132
191,5207,140.57551177549,170.732692669357,134.926940546638,166.088866708119,0.00266257866709698
191,5207,67.6328524742429,94.9163187055365,67.8068911298863,89.9931733869361,0.00129094723253187
191,5207,167.348471050932,14.0025666928546,167.068702534286,51.9857748659691,0.00822978860739067
191,5207,116,138,138,138,0.00290463127319671
191,5207,181.653705721495,148.899821029389,188.678263650512,124.617636804503,0.00379215749556237
191,5207,107.11394323485,73.224049504112,125.442117994317,63.9030223085132,0.00314668387929643
191,5207,89.9582551635647,1.56253070488412,103.084455180597,72.5391916714165,0.00839115701145716
191,5207,96.6112290109496,41.4531776359037,92.3143073027987,20.9341803182913,0.00379215749556237
192,5233,40.9583722364672,143.298422012059,79.2511364552579,160.652417989922,0.0161659295409486
192,5233,143.06994219037,135.764500007412,133.304679058707,174.330357861064,0.0132682629251182
192,5233,72.1699738052018,179.05019124587,77.6202852287601,160.592586615144,0.00884550861674546
192,5233,99.3086881428801,166.310851133861,105.464068529894,180,0.00587158761628794
192,5233,25.0435271882964,31.5576231744303,16.1298239824054,30.6805690083106,0.00221137715418637
192,5233,24.0020842790748,35.8889478755541,7.00807051681076,35.5699961449286,0.00320268415433887
192,5233,43.1533954635231,71.3234768553514,141.786905553392,24.5506312905313,0.0112856489248132
192,5233,25.9402207544355,39.4027247105644,16.8437737073171,38.0524754521267,0.00228763153881348
192,5233,25.0082494819396,40.5212566506157,16.9933977644573,40.3831484668115,0.00205886838493213
192,5233,20.5106287910103,42.1642507979293,24.2632248839606,76.1915349893374,0.0139545523867622
192,5233,78.0049577535442,47.0066977581988,53.246578689537,65.3331195116426,0.00404148238523715
192,5233,57.2293524817835,55.6846159783107,60.3718442734823,68.4023108021585,0.00274515784657618
192,5233,17.6329318871957,128.393237245194,8.76916927227201,75.0383475401434,0.0149458593869147
192,5233,11.8135966411298,80.6589791269335,20.5418951256232,50.2934400732418,0.0057190788470337
192,5233,32.3810153910896,52.6778222520625,19.481639145504,117.498846484315,0.0143358243098978
192,5233,99.9914922002197,93.6556529224387,98.7872354398981,86.6909707702721,0.00152508769254232
192,5233,94.1884975621522,0,127.438146467267,124.616279145561,0.0312642976971176
192,5233,26.1435082176878,92.3839427980293,35.3211336296662,136.760829787268,0.017767271618118
192,5233,20.7941720758101,117.879631190458,33.7407679460626,133.073017445581,0.0119719383864572
192,5233,199.064416820482,121.840935817774,238.299370081516,137.730062492868,0.0160896751563215
192,5233,131.435659450815,172.981724771054,131.761248720487,162.927501767781,0.00419399115449138
192,5233,130,9,120,9,0.00160134207716944
192,5233,70.2137985861361,8.54883546816671,61.261107134965,24.1498372760815,0.00228763153881348
192,5233,66.318627737315,1.80702536292406,61.4902148364974,18.8556213507636,0.00205886838493213
192,5233,81.3852417368976,94.9486027134989,82.1394112468764,85.9280498866648,0.00160134207716944
192,5233,87.1452133143117,86.904618835739,92.0081988186977,94.3082844128274,0.00205886838493213
192,5233,89.0890407467512,88.0723636729567,88.6877144617181,94.1121438455966,0.00183010523105079
192,5233,3.87006442727979,94.1394252290695,6.28601096953193,131.046737603429,0.008540491078237
192,5233,234.574514108044,130.794784584721,230.967329758453,155.851335005375,0.00495653500076254
192,5233,124.254501468219,179.163633428426,132.05319911986,167.034204731442,0.00289766661583041
192,5233,36.3336044299111,26.3611087098807,115.83295344287,84.6804091618266,0.0204361750800671
192,5233,73.826030591091,96.514661210726,57.9499343747755,91.1481112998855,0.00205886838493213
192,5233,55.9073001252461,73.7454677322035,76.8324322923619,76.3475349274758,0.0061766051547964
192,5233,190.735640605125,125.448008619812,215.102487753362,139.826314487696,0.00632911392405063
192,5233,82.7774575948302,25.3159778473962,76.2679227641729,46.4669261668211,0.00442275430837273
192,5233,26.0069599337254,33.5579039748885,16.9934508343658,33.4160039748859,0.00175385084642367
192,5233,0,44.7542219489356,171.81341184332,180,0.115906664633216
192,5233,18.9878501769522,28.9053763025575,33.997194964055,26.9781541779225,0.00160134207716944
192,5233,106,141,129,141,0.00350770169284734
192,5233,52.971728815407,64.1974592807404,35.6023844405316,34.7770512071995,0.00945554369376239
193,5259,124.245487989478,9.0203076628779,118.131560612443,82.9281595227941,0.0240851526687903
193,5259,119.733562696629,9.87663096969452,114.777065894657,100.933432001636,0.019035040012431
193,5259,237.413512013144,142.355152088984,195.000266985087,123.999383098364,0.0108771657213892
193,5259,191.037036338525,127.014125684274,171.182972723661,179.069785919129,0.0165488307046849
193,5259,149.755173482333,153.0185902427,109.894767617213,143.437814822285,0.00574935902416285
193,5259,122.741122457909,148.42504824483,105.986110812812,155.96915293429,0.00310776163468262
193,5259,230.302043435764,134.049600400523,226.19940823945,159.032746047002,0.00784709812757362
193,5259,160.064252614435,162.218061750554,188.267509549352,153.907879019929,0.00497241861549219
193,5259,204.74972905833,156.442002897645,188.815546515434,163.588747661953,0.00334084375728382
193,5259,45.5496562076092,151.518619575369,68.0681732864454,180,0.0177142413176909
193,5259,56.891869976052,165.964118302198,57.7735384712243,179.780225965247,0.00800248620930775
193,5259,123.197414268482,176.041443110922,127.990830312593,153.208004673956,0.00885712065884547
193,5259,0.553423817036757,1.98018103444118,11.5003468400066,7.92073335674459,0.00256390334861316
193,5259,11.4789367445199,6.84040113199751,3.18661429385145,1.69901761033762,0.0020200450625437
193,5259,118.070549038838,38.1635000608238,42.8384425957039,70.6255846165449,0.00870173257711134
193,5259,121.058910981436,100.943251403242,119.830363019836,142.965805145098,0.0152280320099448
193,5259,114.888523520363,157.187587089589,117.241295423259,171.128048758581,0.00442856032942273
193,5259,91.3075155223943,89.2739376761827,85.1447140628341,95.1517310960004,0.00186465698080957
193,5259,84.7542280248283,88.5257281951162,83.2109689398491,95.8333690200322,0.00101002253127185
193,5259,147.813340590714,175.262197388037,130.198051684879,162.721800070672,0.00295237355294849
193,5259,71.4945205670872,92.6740470931582,61.4819084612646,100.019887861339,0.0022531271851449
193,5259,70.7915717541285,40.2223045966355,66.3342124385965,56.0938600461237,0.00240851526687903
193,5259,69.3010911091079,38.1693767303516,56.3478138389742,61.1956602803419,0.00341853779815088
193,5259,114.911477827705,56.6147619868209,107.41037152325,43.3330030228864,0.00318545567554969
193,5259,206.602011802515,149.955466398796,193.110691647455,126.511777116488,0.00621552326936524
193,5259,92.8339363090042,46.5027373037345,67.6383121773336,54.9169585426712,0.00194235102167664
193,5259,111.337607094065,80.2320098591156,120.880114053764,7.90776665377854,0.0240851526687903
193,5259,37.0454434528323,43.1353196188817,107.194039034425,19.5778013454081,0.0067593815554347
193,5259,43.9783251645955,71.9300797586113,108.589321872252,51.9010768383968,0.00668168751456763
194,5285,103.718091012686,140.70495743954,112.563644309968,156.789891981049,0.00495102787643957
194,5285,109.49192429711,149.293294293005,111.052242007457,152.485708369808,0.0018297276934668
194,5285,132.754931477939,142.132366599773,126.792359796437,176.13892912816,0.00753417285545151
194,5285,119.415562415276,15.4320112563612,123.21894960616,20.5773457606829,0.00258314497901195
194,5285,99.8540040337923,13.4464879534814,122.995587093077,21.0134956453408,0.00591970724356904
194,5285,131.991326964877,65.2689606999497,37.9808313600292,66.3842992737894,0.0189430631794209
194,5285,116.513939890214,146.556684302838,120.198771634051,150.828543012124,0.00226025185663545
194,5285,114.278558355085,146.369873387136,111.556667321904,149.48620826995,0.00269077601980411
194,5285,94.4188370792143,156.838222577592,74.4207258211647,166.841998279166,0.00656549348832203
194,5285,200.076502522201,150.348330716819,159.821945317911,159.189282741789,0.00688838661069853
194,5285,130.30702245243,173.026479430283,130.571233239992,169.963020621328,0.00161446561188247
194,5285,7.95727085892603,6.1357846820767,0,3.63176623246383,0.00215262081584329
194,5285,99.2558150526979,64.1782711954214,122.722794232127,30.503697458168,0.00721127973307502
194,5285,10.4062816123678,112.509830030859,0,120.802556265727,0.00785706597782801
194,5285,230.966945039685,136.081591176793,196.377429686217,122.068371827965,0.01044021095684
194,5285,180.392940260449,127.742995682625,168.723722191514,155.306394438111,0.0066731245291142
194,5285,124.502644858362,153.25511508018,107.434806912081,164.651206923842,0.00473576579485524
194,5285,105.002220356402,179.006049079105,125.773136881703,171.381940238361,0.00656549348832203
194,5285,19.0000377853802,3.99992983039882,11.5719404852666,0,0.00193735873425896
194,5285,199.711555147504,121.185440836645,180.626006795971,127.943854990865,0.00602733828436121
194,5285,113.730025907482,13.8834440227761,96.7595931080067,53.1913997689361,0.00699601765149069
194,5285,94.5637615711882,14.8520205873427,104.423217462399,52.4138830415679,0.00796469701862017
194,5285,0,98.9440900601237,102.573227201428,51.2323543267995,0.0421913679905285
194,5285,54.3393804449726,55.4549882057472,68.2124977238655,53.5371522241952,0.00247551393821978
194,5285,119.27880342249,21.8828555587097,115.602072198588,75.9048571944655,0.0123775696910989
195,5311,115.296073080455,3.8842630596768,110.337455509852,76.8870739054394,0.0249867894617649
195,5311,36.5844776176593,72.6480094268265,43.87233233205,64.044748476472,0.00196270853778214
195,5311,113.012811164314,136.000346977532,113.005302962319,92.9998244668375,0.0229485921340681
195,5311,0.400051595005058,112.639275676439,8.51250944618753,121.636178548797,0.00249113006718502
195,5311,175.113788294503,87.2910161801099,196.638333524006,123.802735456744,0.00837925568053144
195,5311,174.026449832792,126.502552573466,166.14181590916,157.783688565625,0.00694496867215219
195,5311,226.188693467724,134.81195063332,219.892655628795,161.975119094672,0.0103419642183136
195,5311,202.822485897452,153.693266287532,55.1526873366483,125.491771859342,0.0944364761832868
195,5311,63.7849881587804,154.275161000005,55.4335585556079,178.100388220645,0.0131350494451574
195,5311,223.652686740127,8.9252443784579,207.285067311418,0,0.245338567222767
195,5311,60.646630831211,126.195686330209,64.3629337392635,132.906563212546,0.00173624216803805
195,5311,182.034963627355,130.52720356352,223.106160127727,133.564447287557,0.00732241262172567
195,5311,194.44352690235,114.76193633558,171.253190862445,168.969276893417,0.00883218842001963
195,5311,186.179973391631,124.659810143181,164.190921647984,177.664352051605,0.0139654261342191
195,5311,114.222650866909,143.043642213885,100.072629743881,148.666083431579,0.00211368611761153
195,5311,59.1691397873628,93.6449355352163,47.059015259751,87.8761129953852,0.00196270853778214
195,5311,192.884061976288,135.158011871721,201.596186353807,141.550357406644,0.00294406280667321
195,5311,202.508794447165,138.516623350903,195.810338205831,132.147730238706,0.00294406280667321
195,5311,153.423169794165,51.9859458803662,154.689775972704,0,0.0117007624367781
195,5311,109.389373654717,96.0266615492752,107.642386295568,56.015614353157,0.00566165924360233
195,5311,199.877346390952,124.26767439551,213.341451986721,130.437189192694,0.00234015248735563
195,5311,128.663546818135,27.3131115181233,80.283446997781,0,0.0921718124858459
196,5337,106.45875079616,71.8859332462188,111.485756975706,3.96194124072233,0.0252957462874402
196,5337,30.4194815011037,71.500440880163,41.4059605315054,62.2913116938821,0.00364963503649635
196,5337,104.035334144005,54.0011521055549,102.634764608194,96.9554851172184,0.0127107978857287
196,5337,108.925246564144,95.9821047487285,108.259131422454,135.987664120056,0.021771960734961
196,5337,190.821379037916,123.381101329993,228.89420875908,141.225713612477,0.0105713566574377
196,5337,59.5057358691951,151.837397092327,50.709460694083,178.575438656116,0.0193808205386358
196,5337,85.4344627176246,179.771686634101,77.7266733735347,164.134728509351,0.00704757110495847
196,5337,48,102,28,102,0.00314623710042789
196,5337,106.900273557193,173.304870503581,115.447756506098,147.486118659918,0.0113264535615404
196,5337,111.831055857894,141.640309505329,96.0789216055146,149.038978213669,0.00528567832871885
196,5337,104.6318213322,84.3959734806022,108.335310249097,97.1923721809002,0.00503397936068462
196,5337,162.955142954719,157.98870859382,170.296735542517,128.822974415908,0.00717342058897559
197,5363,98.8981288471886,68.0172915023398,107.06947302559,116.157946669997,0.020949886918224
197,5363,45.6257673031924,177.865310997007,54.8276660921999,152.297882899384,0.01785501725985
197,5363,103.133361092372,160.983808738655,104.583634184342,172.929141450176,0.00476133793596
197,5363,15.971291876682,23.2937536638221,0,21.7329022661631,0.003809070348768
197,5363,85.9141003230505,10.3869750592643,108.910551148642,28.3915082739709,0.00630877276514701
197,5363,107.4638276576,6.8842448788153,102.715164557167,69.9031838562103,0.0238066896798
197,5363,162.431251307738,147.843372104953,167.973754562833,127.717381921379,0.00488037138435901
197,5363,83.7129615591213,152.394287462658,108.385133769258,140.702500669917,0.00535650517795501
197,5363,36,62,68,62,0.003213903106773
197,5363,26.2693716617371,61.0065525444492,36.3422446505926,63.7377956719184,0.003451970003571
197,5363,157.976731499766,88.2040349200556,147.814040040162,37.2364748309357,0.011427211046304
197,5363,76.6647729009749,90.0780594565189,75.2880658890056,84.1657777367734,0.002023568622783
197,5363,48.2166179369995,92.1143179703463,51.9774180566752,84.9880826031162,0.002737769313177
197,5363,225.608974380654,140.829865115384,187.13972253016,122.703469931696,0.00761814069753601
197,5363,49.8271952485401,179.787649694626,45.4959781667363,173.338498494793,0.00238066896798
197,5363,221.605280954351,134.122949703093,216.804503375271,157.757160779631,0.00738007380073801
197,5363,105.194502303318,135.000911649811,105.166207726956,110.000943673174,0.012141411736698
197,5363,96.101745381619,162.070182801882,101.775353803347,153.84504161995,0.003213903106773
197,5363,97.4144723446111,157.24800892046,95.6737048631049,153.138207143433,0.002142602071182
198,5389,98.8448583135007,83.0390420867953,100.603799398403,135.08098804931,0.0271696330130729
198,5389,0,116.023200342462,19.3432495595935,141.498663655728,0.0100803276106473
198,5389,183.694173095001,122.618897207066,217.773194693312,139.458982413132,0.00645770987557096
198,5389,142.96249089897,158.875452556879,192.029589378729,144.0982503276,0.00866278154040006
198,5389,150.683401390197,151.4354086131,145.325713771793,159.844638601888,0.00189006142699638
198,5389,218.226958047895,136.060024648156,211.655092235945,160.90878064305,0.00826901874310915
198,5389,208.84239871812,149.57558358876,215.620885890878,155.561672084409,0.00181130886753819
198,5389,52.4637934239584,152.985734396451,43.7303380948167,159.646420794788,0.00283509214049457
198,5389,50.2945038742775,150.014491519465,40.5572614943292,176.745942394319,0.0124429043943928
198,5389,45.5114324650839,167.091614663784,45.2513748297566,160.027560049028,0.00291384469995275
198,5389,90.9470702728968,175.416963890472,116.572679004554,139.278784933531,0.0163805323673019
198,5389,93.2806157406731,1.51096282502884,105.802388411754,19.1403591669956,0.00472515356749094
198,5389,100.880689642493,0,88.5142340988345,95.5488530981309,0.0504803906126949
198,5389,35.5683414259671,58.5910495220463,28.7780647905597,62.6265653427759,0.00252008190266184
198,5389,37.7256630035954,89.514011281719,41.4204606291726,84.2978262717578,0.00149629862970547
198,5389,67.6738348723258,82.39640664115,64.5535851527884,89.2519598161709,0.00228382422428729
198,5389,62.6076184543255,88.0374658364652,62.5285996964733,82.9917218765462,0.00196881398645456
198,5389,240,122.678981844791,143.474336351595,108.840488268231,0.0557568120963931
198,5389,175.888953169539,127.01080313355,151.612807828309,178.818569025839,0.0128366671916837
198,5389,83.8705304745295,143.648887515758,103.271429599478,177.418568386829,0.00740274058906914
198,5389,71.6412989731808,169.645088312163,76.6251718162564,164.608003404528,0.00212631910537092
198,5389,53.2941653863943,180,74.9430022116746,163.216356958751,0.00519766892424004
198,5389,75.0901275041386,178.699607975806,79.4242915989634,180,0.00204756654591274
198,5389,71.6490845678634,169.601505899228,75.1181534414713,177.39264923218,0.00354386517561821
198,5389,70.5411183791275,23.4193923678466,55.2634163135077,7.71664571540918,0.00275633958103638
198,5389,50.6411126397752,7.55703233481217,86.3037437274825,59.1720041596135,0.00992282249173098
198,5389,0.802480450772711,0,0,4.87182731866677,0.0263821074184911
198,5389,146.492405742695,0,144.287668371801,53.9299973722231,0.0155930067727201
198,5389,80.7158258474503,71.1424038961948,87.6038824843432,36.5180072951049,0.00567018428098913
198,5389,13.0660428528323,68.8577234662047,15.5563694764614,0,0.0429201449047094
198,5389,107.562645248647,139.780882637424,87.9360897284307,146.821851434159,0.00425263821074185
198,5389,80,15,94,15,0.00165380374862183
198,5389,0,96.0946137695544,4.59307008861684,125.170077576421,0.0172468105213419
198,5389,76.0008329861951,124.130981384508,47.0020058211148,124.315401657605,0.00417388565128367
198,5389,49.8113957210161,180,72.3962974489842,162.51179282418,0.00614269963773823
198,5389,67,123,57,123,0.000945030713498189
198,5389,67.9189131346455,23.9604495741389,60.6633950128229,38.835819641916,0.00244132934320365
198,5389,33.3210524309396,49.4351816055207,62.302383193488,28.0543912064219,0.00574893684044731
198,5389,92.8614549578084,37.7283367822732,71.8604716429555,33.7335061074591,0.00252008190266184
198,5389,22.0961604025305,13.9007879743112,56.5212276022024,87.9571428783295,0.0639470782800441
198,5389,55.9836714369299,11.935279470222,29.879217349702,18.5212611739485,0.00236257678374547
199,5415,66.2963791743629,80.0570489177864,33.0040198508228,88.0168133515926,0.00624168627852246
199,5415,79.1772068818302,9.13494269831484,98.6541494993457,127.892715803531,0.0372454722193799
199,5415,93.4133665423155,92.2235596294538,97.9137638489963,104.03286365909,0.00317200450219994
199,5415,95.5792033538679,135.065062224088,94.3412004812541,108.0301682595,0.010539240765374
199,5415,97.1686957731242,126.955061554913,94.797545928969,118.053931233635,0.00245574542105802
199,5415,172.802193293448,123.905421583039,146.746161645737,178.40049531819,0.0225109996930318
199,5415,102.819957316302,143.134008735141,105.760456239863,169.027203216248,0.00634400900439988
199,5415,102.062176459107,152.434980041599,84.6916440254229,173.94334898421,0.0104369180394966
199,5415,99.4535782553403,175.668250486047,83.7428627524058,154.188071530997,0.00624168627852246
199,5415,70.5583425904564,165.865994627943,67.4992744344071,153.120176960996,0.00255806814693543
199,5415,70.4549526510409,179.165296231612,64.9505230389902,161.015004852738,0.00665097718203213
199,5415,104.789766213555,1.84224364872909,97.4238438905681,0,0.00992530441010949
199,5415,66.7948860618855,37.5484396526076,77.8720542250521,32.5168163087431,0.00255806814693543
199,5415,95.459506843003,0.845203152304146,91.1878632620015,70.9505150381555,0.0314130768443671
199,5415,21.2594984265256,66.4801076496257,28.6036109189691,56.0196212575646,0.00286503632456769
199,5415,14.4309696151383,67.5975401891356,34.7715270203394,38.8384072368927,0.00521845901974829
199,5415,148.082824094147,77.9650273327454,147.816295891473,84.9548643944403,0.00245574542105802
199,5415,181.573468272399,126.240739492116,175.415319629748,115.330000434379,0.00286503632456769
199,5415,159.134048545612,127.482380552861,176.875560643255,122.552198605138,0.00347897267983219
199,5415,158.615030838491,127.910319162732,152.119174983924,155.794806616149,0.00675329990790955
199,5415,87.4057930039457,148.223740935822,66.3966977874643,137.241139570509,0.00327432722807736
199,5415,96.9703362229597,140.896445467757,76.8986234340989,146.646100264036,0.00511613629387087
199,5415,213.414949929593,138.830228970675,207.328413697455,159.805117709354,0.00879975442545789
199,5415,44.1226360231683,159.083925271103,32.8380693368469,175.57352802611,0.00839046352194823
199,5415,42.2833283089074,164.528314146515,35.1160226283497,175.418199956563,0.00368361813158703
199,5415,36.8256134703606,175.131628840608,40.2008239651869,179.603226723541,0.00255806814693543
199,5415,100.286628898529,20.7715646695189,51.6433303738811,1.38574237638807,0.00818581807019339
199,5415,67.6350036666845,7.77640355320314,80.6380499770997,30.6370801464806,0.00511613629387087
199,5415,0,121.629172978205,11.9566739780218,137.772735809791,0.00552542719738054
199,5415,72.30197930745,163.229205313705,40.8239627323495,150.896855578737,0.00665097718203213
199,5415,37.1038492779383,167.049542682857,44.9902956633149,150.518307081904,0.0053207817456257
199,5415,138.7630118467,37.5007116947833,147.836289774764,78.0366437453906,0.0130973089123094
199,5415,53.2102680424585,29.5664342205618,90.2322432278599,47.5211221119052,0.00439987721272895
199,5415,98.2956576284973,32.1286022628186,51.8526391081893,49.6084704674302,0.00828814079607081
200,5441,50,50,79,50,0.00252619760479042
200,5441,15.3681148971728,66.2951618143855,22.6977020110732,57.1539718797397,0.0029940119760479
200,5441,0,125.380795947774,4.68266602921049,131.940397784458,0.00290044910179641
200,5441,212.195059999699,134.711642543847,202.916682088727,160.611917910672,0.00832709580838323
200,5441,142.828754512623,178.918026324694,170.450388678449,121.215597011367,0.0237649700598802
200,5441,82.9989866182452,154.989317661276,121.933197622116,151.295817568493,0.00552020958083832
200,5441,35.8465029107629,178.130722758848,23.8912361026398,164.092626621108,0.00261976047904192
200,5441,41.3980004628484,149.358880976225,31.393706730651,174.357162627792,0.0117889221556886
200,5441,136.862557212405,131.4029527109,81.3665947079662,95.1561211012204,0.0543600299401198
200,5441,55.4335631648147,80.7614899112559,52.8358175477026,86.9308675410298,0.00205838323353293
200,5441,50.0773578561811,86.0135208553956,51.0142987233754,80.6529327317811,0.00168413173652695
200,5441,155.899482406026,124.752383612463,150.732916296554,147.714906248594,0.00654940119760479
200,5441,151.110155911684,54.4494577643099,179.896602886899,0.798327404790896,0.0294723053892216
200,5441,157.600429392232,124.636586079115,177.637855864388,118.764292602459,0.00364895209580838
200,5441,39.5208459922448,123.417198098641,44.4665016226308,119.351098261372,0.00121631736526946
200,5441,135.315061725059,49.9344192893315,137.258595652988,0,0.0175898203592814
200,5441,42.6725465577235,81.4948529941915,50.0771541467059,86.3946197374044,0.00187125748502994
200,5441,74.6701975736765,179.116884118591,74.9380741740268,172.997289284636,0.00215194610778443
200,5441,70.2220768091681,179.366322596202,60.6984747822907,159.141987669057,0.00542664670658683
201,5467,140.037164015129,178.017982418156,164.383519557394,127.701705828455,0.0181282079283608
201,5467,202.918575954259,156.513576333738,208.495792358397,132.648470383849,0.00961013432346839
201,5467,69.721351978999,173.43578030787,59.6969919153409,178.386454898818,0.00436824287430381
201,5467,95.644653327231,146.465990123198,78.0956690823747,173.411019797819,0.010265370754614
201,5467,87.5707209954623,21.6166332912343,65.2329371062419,1.86761185645548,0.00644315823959812
201,5467,81.6554595443581,19.0102299288768,82.2185713294863,93.0211624851865,0.0397510101561647
201,5467,47.6684842866735,85.9840584330097,47.910671177525,80.9476175405876,0.00163809107786393
201,5467,84.1191557011516,80.9918354112839,87.7618013900471,134.153362121481,0.032106585126133
201,5467,167.654759850548,118.703629979092,207.407113980732,138.208354178979,0.0216228022278039
201,5467,151.915979380126,126.789408152678,146.643262223232,153.930696828048,0.00644315823959812
201,5467,89.9353309846307,163.583590503335,105.950327708696,163.984456688573,0.00414983073058862
201,5467,43.4888301423216,174.482465679107,29.9792678908161,178.937126135114,0.00436824287430381
201,5467,69,179,65,179,0.000873648574860762
201,5467,0,131.683116735981,38.4894872593496,151.01635206388,0.013213934694769
201,5467,26.9625726874733,175.607908433737,36.6051262389548,150.094866895607,0.0165993229223545
201,5467,83.244994660847,16.0149039029658,82.9493975811814,1.04047915675099,0.00666157038331331
201,5467,127.779991398868,38.1042670447989,161.839520747891,106.577240553763,0.0187834443595064
201,5467,143.246703939301,58.0936005525617,138.431756871103,70.784406073917,0.00491427323359179
201,5467,80.7867049280372,77.2228289945246,76.9252544216549,56.1973835401844,0.00655236431145572
201,5467,100.885720333444,167.042793562933,95.5500738702465,152.794017418027,0.004586655018019
201,5467,163.884867442588,110.234300446134,168.129483523072,117.507995998678,0.00371300644315824
201,5467,61.7854454292518,133.909994082805,104.030563602602,143.870370053549,0.0108114011139019
201,5467,131.571195562792,148.098868092584,133.844416870154,157.958139753167,0.00414983073058862
201,5467,60.4301286578525,177.204958446219,52.9406402365584,156.381006579983,0.0092825161078956
201,5467,81.2063661110807,180,78.7459148750877,174.56804919779,0.00283935786829748
201,5467,42.80562058731,4.0408266033935,71.9110294726301,9.47640277600938,0.00513268537730698
201,5467,107.81927218893,148.629885497949,97.7731500125421,153.535431377986,0.00338538822758545
201,5467,13.1633896805314,164.172983281817,29.5093080046572,178.786045022518,0.00502347930544938
201,5467,133.359362820085,0,132.047263334283,42.0014764765864,0.0121218739761931
201,5467,120.044223754288,153.27580515211,137.087080064758,150.543082126178,0.00131047286229114
202,5492,68.9727320876055,177.609340629897,94.3784030413076,140.573598718873,0.0154066248486849
202,5492,85.9138395410059,8.81672641148671,49.9588448676238,11.4348012796009,0.00660283922086497
202,5492,73,8,86,8,0.00143061516452074
202,5492,77.7593221312719,10.9802591533561,77.124958499597,82.9834804872101,0.0352151425112798
202,5492,65.0031287953929,55.9990690169087,69.5100803241273,71.1457771688725,0.00363156157147573
202,5492,78.4416762477848,72.135482750025,83.8291105858913,134.101798690788,0.0301529657752834
202,5492,81.4856314078777,110.273136537648,83.9966134567104,115.001798299357,0.00209089908660724
202,5492,163.79995935875,121.899172268996,135.822305749203,177.406399427726,0.0217893694288544
202,5492,137.032090207807,157.40016515676,135.318686950391,148.739125710003,0.00264113568834599
202,5492,47.3715695257898,156.276137644549,57.6225783308888,179.605250685427,0.00847364366677671
202,5492,174.29037452641,0,149.330683159143,39.5778971859924,0.0217893694288544
202,5492,199.757270632925,154.243356024234,206.326216858023,134.772681464454,0.00792340706503797
202,5492,32.5366944271934,149.389421945142,21.962095396512,174.73240564506,0.0165070980521624
202,5492,90.0021400896704,4.37491755060261,73.9969534274529,4.46627772991102,0.00264113568834599
202,5492,16.797900696077,58.4548190646356,11.7501564281518,60.3260246346673,0.00220094640695499
202,5492,79.7718291185868,141.216400089936,66.0608036516426,145.208816022726,0.00517222405634423
202,5492,78.9238234512121,8.22245809907637,78.0350878683712,5.98605624606082,0.00154066248486849
202,5492,143.679468726386,147.703134474527,148.627845852847,125.69152925791,0.00748321778364697
202,5492,86.6844126252628,169.569492675891,96.4224554217565,139.81100672163,0.00913392758886321
202,5492,76.9013862469031,170.695764769912,85.9256646190915,167.770666453672,0.00297127764938924
202,5492,139.278199034039,93.3521175509527,125.448361854531,25.7263290881911,0.0194783757015517
203,5518,76.3186682999042,138.927111390878,61.8912734823358,143.66920963762,0.00461446859184281
203,5518,73.0943882444448,76.9974819318829,73.3001525804153,2.99527354678766,0.0418279249776719
203,5518,81.1856690570674,134.080174063478,74.5853827488683,67.0408206885661,0.035278356653766
203,5518,68.8832212800528,171.919402509932,90.4736642306557,140.636737395635,0.0132479904733552
203,5518,125.216437158684,46.9771910834896,126.58390735101,0,0.0168204822863948
203,5518,68.7653227117044,18.9433586824593,69.1773342341757,9.96225987688146,0.00327478416195296
203,5518,172.041932707722,32.8430907385448,164.076337345772,30.7143509876359,0.000893122953259899
203,5518,79.0003081017666,36.9983739427103,35.0619533837003,28.6730309199785,0.00774039892825246
204,5544,122.222446326678,0,121.029473663398,52.9556084025327,0.0192972350230415
204,5544,131.59701914506,61.7327100216371,167.238013887636,152.299865254186,0.0295698924731183
204,5544,140.871344944862,129.642760655981,145.840864623662,130.031955409311,0.00259216589861751
204,5544,140.927463046999,126.45027459917,144.983302549382,127.10364976158,0.00144009216589862
204,5544,137.975177885042,146.832907496827,140.594036036419,130.770764082257,0.00480030721966206
204,5544,155.606258601132,117.792984373642,200.469274436161,140.068866723252,0.0184331797235023
204,5544,131.308987837254,155.442401298011,136.118687709781,149.481911972587,0.00249615975422427
204,5544,154.887927569696,126.425520808548,128.404322032542,177.692282096214,0.0234254992319508
204,5544,68.6749725756034,163.220711544524,78.3476603766835,171.598609295002,0.00172811059907834
204,5544,53.4255733071385,180,45.830798495226,172.128030566347,0.00240015360983103
204,5544,36.2405215778933,80.67054177922,34.305023769384,85.132317897957,0.0016321044546851
204,5544,28.0515203193519,80.7622052177472,45.1170806280516,84.4596081157144,0.00355222734254992
204,5544,38,85,42,85,0.000576036866359447
204,5544,178.52639482883,140.302817976998,157.729965949763,132.742823846667,0.00412826420890937
204,5544,192.122750578078,159.044725380122,201.101773226827,134.401441908867,0.01036866359447
204,5544,162.154701154915,161.342430352508,151.285753934741,158.785380017103,0.00201612903225806
204,5544,158.076365680371,157.836636938179,164.151265761769,160.676409116356,0.00211213517665131
204,5544,118.872259801538,53.5376093616766,138.026771385248,86.7164763911812,0.0104646697388633
204,5544,128.309371724508,68.4623285548723,133.50171727092,69.4980421197875,0.00220814132104455
204,5544,46.0720994611503,80.0732252887879,43.0490399581467,83.0498057133875,0.000864055299539171
204,5544,43.6414132093938,81.6468718735228,39.4919038468051,83.2629964551969,0.000864055299539171
204,5544,167.530930725167,130.267729508636,155.361544523298,154.681756256395,0.00710445468509985
204,5544,132.841220612802,157.311220186265,120.09721961919,150.809441839228,0.0032642089093702
204,5544,1.05910543035814,5.3494784858378,25.0516001510298,180,0.147657450076805
204,5544,146.545092886001,161.501814802146,144.021470985896,179.003096039055,0.00595238095238095
204,5544,166,31,164,37,0.000480030721966206
204,5544,23.7926839883662,120.582597925697,44.4960339808716,117.554426861382,0.00412826420890937
205,5569,63.4559494310573,69.9994496692729,63.5237237883985,2.998506682637,0.0276284535566946
205,5569,138.339576582392,102.791546336428,124.526940725892,80.2903938136132,0.0052506563320415
205,5569,65.0180821349341,53.9984721868545,71.5346306826579,131.123813394499,0.0370046255781973
205,5569,140.937777073066,99.5205149329334,153.736511507745,125.639091542521,0.010501312664083
205,5569,151.56661950709,118.842460469412,196.506007451451,141.960285940751,0.0147518439804976
205,5569,116.063573359411,157.354463085152,145.028615419195,152.159549689754,0.00725090636329541
205,5569,51.3399746460123,160.115899187784,58.3852532063435,139.449524121703,0.00775096887110889
205,5569,163.94096316857,129.969905533944,151.350468059366,154.668896238734,0.00700087510938867
205,5569,15.2899950156439,175.753879636499,7.02677696754755,167.971568353735,0.00425053131641455
205,5569,50.0198101092512,178.95958866122,40.7873749399627,174.433741340102,0.00300037504688086
205,5569,13.0184486579945,167.668970189448,8.97527546984352,167.443639669407,0.00212526565820728
205,5569,27.1982690407243,176.51817513145,9.84475409559547,169.377271898878,0.00375046880860108
205,5569,137.472928757073,125.686676140267,131.874092554703,152.974166361319,0.00775096887110889
205,5569,188.538853417494,161.205057597125,195.866553547252,141.949217712912,0.008126015751969
205,5569,77.4063881325482,141.843727447258,56.5096800190193,170.644239888239,0.0160020002500313
205,5569,9.88408199981499,166.352804155474,15.8925717886501,168.326964917605,0.00275034379297412
205,5569,41.2554612163193,176.655152823724,44.7947620617788,179.277050757371,0.00187523440430054
205,5569,32.3981565578612,153.273649525003,42.7433516234206,176.026065440135,0.00875109388673584
205,5569,118.110515523276,51.969625151078,119.885217110328,0,0.0121265158144768
205,5569,60.2931483796097,177.964488156563,60.7466827970815,168.937034020999,0.00450056257032129
206,5595,61.3253018177703,65.0050791706105,60.8510040386954,2.00112165102511,0.0518472524060851
206,5595,166,31,163,29,0.00155231294628997
207,5620,57.5069243866193,0.990010342163213,58.7885081186379,66.0238741510298,0.0285491419656786
207,5620,47.9910927515109,133.025632448072,75.1825623040401,142.474639246467,0.00686427457098284
207,5620,156.909525588517,123.11867048753,165.011955668932,129.295965351383,0.00374414976599064
207,5620,74.9911404483915,148.493511579904,45.0328838241995,168.555845243862,0.0148205928237129
207,5620,61.0554734275828,20.0461033516401,66.2314100827876,126.086326764372,0.0435257410296412
207,5620,163.240315704867,127.442918771945,195.715312998649,144.540724905081,0.021216848673947
207,5620,136.007906800932,98.4180343822791,146.461519209337,123.226897518202,0.0140405616224649
207,5620,54.4856452167617,165.026339130334,65.1437950654565,148.449499383891,0.00733229329173167
207,5620,123.126246173577,83.5299507567037,131.928828479857,98.0431670795767,0.00561622464898596
207,5620,73.0997098959188,121.137843936187,68.8214107500468,62.1580313010647,0.0282371294851794
207,5620,31.1884677715293,158.27128041892,38.3068953484012,179.565973997146,0.0118564742589704
207,5620,55,172,59,172,0.00109204368174727
207,5620,60.0233806264894,170.298824758237,54.9760375190831,170.693738635702,0.0015600624024961
207,5620,212.06036838245,114.104766550776,239.251620160333,98.4366752136419,0.00920436817472699
207,5620,138.203687675886,179.025826526631,139.857583624857,165.981942352234,0.00343213728549142
207,5620,198.01186331161,128.003641229849,188.821808162691,157.945307224647,0.00826833073322933
208,5646,121.563898173828,94.5268212288224,138.949935386846,83.7662689834142,0.00568678915135608
208,5646,18.847838294503,117.589989294536,13.8007304787065,119.463053882473,0.00142169728783902
208,5646,230.115479882039,109.294890193589,193.809120603482,123.512569105565,0.00798337707786527
208,5646,150.138654974314,124.75792410108,192.435958080602,148.98475338041,0.0227471566054243
208,5646,172.702369425877,133.314614994663,183.000367020308,143.056677478442,0.00546806649168854
208,5646,148.694187427218,155.392136980129,155.492855808079,129.602683569906,0.00732720909886264
208,5646,135.061800704206,152.182990398616,110.196145085619,160.580780880496,0.00535870516185477
208,5646,79.7183968214614,138.668615555042,32.688573522247,178.633520150551,0.018591426071741
208,5646,55.8274757270595,67.0310027349578,54.8711480992183,0.0161091393649428,0.0270122484689414
208,5646,39.7764245045051,8.36608753066231,53.7513143577402,55.0744054723401,0.00754593175853018
208,5646,61.6911400286508,49.0049015770981,62.8501064563015,122.034118597211,0.0323709536307962
208,5646,231.680725203654,110.122536602314,224.345943968033,114.570472144092,0.00306211723534558
208,5646,187.552113835296,151.218482988326,191.67515916286,159.670651153972,0.00393700787401575
208,5646,10.7963443564397,174.848115311489,14.6221761345782,169.718222097318,0.0026246719160105
208,5646,37.5785502495987,169.401959162131,32.5276618885447,176.671833809328,0.00382764654418198
208,5646,116.035137768714,179.021632704968,149.487877315714,124.684709663072,0.018153980752406
208,5646,67.2019935581839,60.0304254265509,69.5667781167977,122.054644154299,0.0260279965004374
208,5646,141.972206978396,126.010441632315,132.217342184913,100.045423926141,0.0136701662292213
208,5646,127.75054671185,151.96865792952,130.657590326041,128.831335562156,0.00612423447069116
208,5646,43.3052694048274,146.937780270109,44.4033737785835,152.325422890935,0.00317147856517935
208,5646,69.1932781643618,144.943309363135,40.7430362800673,166.663414147391,0.00831146106736658
208,5646,3.60144828411982,172.6978244738,0,165.479946817573,0.0044838145231846
208,5646,25.0308515246046,153.33435092875,32.4516286762344,174.844190574321,0.0089676290463692
208,5646,48.8831589859487,177.957372401907,52.8947874148259,166.961614850474,0.00492125984251968
208,5646,27.0633771556931,176.77195318086,0.870665036155209,164.270989792526,0.00513998250218723
208,5646,12.5582620511876,175.327421960276,16.0216381668779,180,0.00240594925634296
208,5646,86.2173253537238,152.479266000573,63.0027336439939,163.006028484949,0.00481189851268591
208,5646,239.391014908849,124.698724665459,220.995978204584,134.992813246777,0.00437445319335083
208,5646,144.007091291602,177.211716901384,126.992684900169,177.78160110226,0.00284339457567804
208,5646,13.1751780849847,142.613502353469,2.15351036644731,166.134766081356,0.0124671916010499
208,5646,48.0964669934775,138.664857979662,43.4580473065847,151.169900710468,0.00459317585301837
208,5646,33.8427557679356,156.051585807273,35.2218293692408,160.255287966094,0.00196850393700787
208,5646,27.5721576695939,152.297678976011,30.6200582767777,162.697495553793,0.00284339457567804
208,5646,185.223622449739,154.1820768745,187.790645645263,179.226456552277,0.00918635170603675
208,5646,65.2227419837536,152.460220876428,62.7448637308502,160.618796849342,0.00295275590551181
208,5646,140,167,151,167,0.00153105861767279
209,5671,137.653052740353,127.112774239979,129.046517560435,100.6349740236,0.00977845683728037
209,5671,55,140,36,140,0.0053475935828877
209,5671,181.317199963835,163.531473728055,185.925665790042,146.979303821297,0.0079449961802903
209,5671,73.636992898005,141.015049975706,25.6184184757996,173.988000006741,0.026279602750191
209,5671,142.0078598757,158.003996718585,155.594275181519,131.28519397472,0.00748663101604278
209,5671,68.8776152656872,164.131143899877,41.9692443871117,165.27904874621,0.0117647058823529
209,5671,49.1021626240952,163.213786488198,33.9605234238958,178.962044050278,0.00641711229946524
209,5671,146.348170545448,124.581360415168,111.573534787668,178.726101331891,0.0276546982429335
209,5671,52.3783080572136,68.0084410948434,51.5093164431032,4.0066623132082,0.0245989304812834
209,5671,0,159.75744104422,8.53003052265572,142.764092754522,0.0143621084797555
209,5671,62.6585447509986,147.123122210221,49.533520686646,152.233992176687,0.00840336134453781
209,5671,53.8426442926994,66.7759529073469,81.529718908018,47.3304017172568,0.00886172650878533
210,5696,0,89,49,89,0.00850692550987021
210,5696,215.287895118741,106.637162432249,217.262050342763,113.644443658428,0.00305376813174828
210,5696,137.760097235223,119.370822791783,123.747040513888,124.713945534501,0.00654378885374632
210,5696,107.893727444959,177.279539840212,144.681057756717,120.792288818419,0.027592976333297
210,5696,146.901949486092,149.357320969531,152.792390226866,139.293196926414,0.00349002072199804
210,5696,153.724905291834,125.87621436791,141.189087040817,153.735160557174,0.00937943069036972
210,5696,166.531184620942,178.745396365624,184.05125111065,146.484754711281,0.0100338095757444
210,5696,238.749799836673,141.211979415872,186.896967357794,157.675492446465,0.019631366561239
210,5696,28.9575980591821,162.018341725593,64.9336703077096,160.464384176298,0.0130875777074926
210,5696,36.6948837106221,79.7998189215497,73.0922074006596,8.75681761621048,0.0635838150289017
210,5696,46.6027916392162,0.0375316880462632,48.3743995063637,65.9899429134037,0.0205038717417385
210,5696,78.9753597775509,43.5155746142212,51.1283733125567,62.7372496673314,0.0104700621659941
210,5696,116.502870083874,58.8812814969548,133.097216123076,124.731505486426,0.0187588613807394
210,5696,33,137,56,137,0.00381721016468535
210,5696,37.9763333493921,150.167554039995,62.9721638989258,149.844724553515,0.00719816773912095
210,5696,40.2028517051184,136.419243928812,32.2500292822893,145.460740916984,0.00567128367324681
210,5696,62.0363338088595,147.288457097753,46.0382366248659,149.303563710575,0.00512596793543462
210,5696,18.9624103699922,84.0161038940567,0,100.050383858399,0.0498418584360345
210,5696,129.87049187382,16.707485594825,116.256808121016,60.202411035782,0.028356418366234
210,5696,61.3516541451446,63.9903721293568,63.4072717064994,139.070985805137,0.0289017341040462
210,5696,223.105982501517,114.909069042276,215.690214526978,106.265790006346,0.00261751554149853
210,5696,39.5927278116416,14.9387219052636,13.8145658060994,0.541521369918019,0.00447158905005998
211,5722,110.253251109504,46.9468509905627,126.49063060967,124.316766580522,0.0375728559533722
211,5722,57.6588496345825,59.0000420087178,57.6689470153904,141.000287042187,0.0312239800166528
211,5722,54.7695526103072,59.9474663073989,52.251504336814,118.925348345282,0.0242506244796003
211,5722,238.181196272604,101.391440320109,198.759058194481,119.639801847787,0.0118651124063281
211,5722,234.633373795756,122.838686837157,231.404192807982,130.177842225949,0.00281015820149875
211,5722,201.069807816831,167.63231360021,153.218278069387,83.1497749377878,0.0623438800999167
211,5722,56.9976695972236,148.941905631005,43.020161368422,149.502600661308,0.00416319733555371
211,5722,104.106782489761,179.070503786732,146.588924711328,114.728585046591,0.017173189009159
211,5722,44.4802176927043,65.0588305281887,41.9618580017171,0.00147647060660461,0.0282056619483764
211,5722,27.8006346850942,0.301906924547552,34.3401514430866,91.2631191952283,0.027789342214821
211,5722,218.339408693537,96.5784629706034,236.216762984166,110.97276060176,0.0106161532056619
211,5722,142.10539602971,124.38542130868,187.829162290858,153.910492546984,0.0190466278101582
211,5722,111.452136965837,149.027957471854,111.918006354889,158.157274255084,0.00322647793505412
211,5722,124.02279239497,157.939694746025,104.207661763363,150.450558162191,0.00301831806827644
211,5722,120.315568823528,124.905724139327,118.914468761734,149.939243945847,0.00749375520399667
211,5722,3.89053192043536,136.948770057566,0,145.262054000153,0.00520399666944213
211,5722,47.3756037772273,151.801952644189,53.4591997290805,163.339706376265,0.00624479600333056
211,5722,93.2632006764344,3.64817671870137,110.088464698481,74.6895607514485,0.0189425478767694
211,5722,120.263559240007,101.880018769483,111.176842436972,81.9194952406335,0.00843047460449625
211,5722,216.367015885005,115.753160310686,225.6089174192,111.249571071347,0.00385095753538718
211,5722,21.4642985249834,126.584831883498,50.8275636399829,136.510139796089,0.00905495420482931
211,5722,13.1531647658662,146.833384943186,21.8736467350396,176.622470444958,0.0140507910074938
211,5722,0,171.564614294602,7.59520407161525,180,0.0101998334721066
211,5722,122.895142048937,178.88375538254,149.167102229995,155.185248086631,0.00676519567027477
211,5722,234.193584700024,125.997018652616,234.347555567943,135.994647387509,0.00322647793505412
211,5722,155.41468865875,180,169.842141802864,135.047342546468,0.0222731057452123
211,5722,140.052716571715,144.867371400723,148.334247190329,148.159073983313,0.00301831806827644
211,5722,24.9414099332433,156.011390795161,24.0047379250133,151.193494000867,0.00239383846794338
211,5722,9.25901732629723,40.3991729778647,14.1474074194378,37.227170357356,0.000936719400499584
211,5722,41.6069347403505,141.965394477258,56.5694503547793,148.057458626723,0.00447543713572023
211,5722,122.775577120816,99.0232181197225,137.719525854049,116.905732494357,0.00863863447127394
211,5722,104.602252206992,46.9482243877611,106.305227487596,0.974264118050186,0.0107202331390508
212,5747,137.331636710617,167.844179158855,143.611167687459,140.909348435249,0.0197219527966376
212,5747,130.565376677197,110.179507223605,116.030420331448,74.987435857781,0.02909796314258
212,5747,225.91138584318,107.60018126347,233.006145587258,106.027728311376,0.00452634982217911
212,5747,235.976295382713,99.9542020246125,222.076830711432,107.148439056768,0.005819592628516
212,5747,148.814870749504,119.30733878339,122.373448412745,103.380026762251,0.023278370514064
212,5747,133.995573926685,111.27746771547,130.108390843706,105.921335943192,0.00678952473326867
212,5747,238.910200487008,122.842228547103,212.068282719647,138.119967954474,0.0171354671839638
212,5747,65.9661013038359,141.009517159972,63.6649895298727,132.813302207706,0.00775945683802134
212,5747,57.002087276247,161.341262066835,30.9908276604708,161.50035588249,0.0168121564823796
212,5747,37.0240040181693,163.675754885816,53.0038407075086,163.108122600375,0.00937601034594245
212,5747,59.86216124116,133.052679368338,69.9398113185924,131.586342911314,0.00258648561267378
213,5773,52.0303175628566,147.907546730011,25.8899738639016,139.335524201423,0.00468854655056932
213,5773,20.9218628807611,154.060891262697,11.7032044003418,142.231289033971,0.00364664731710947
213,5773,140.819950343726,149.976273986411,120.286120257034,173.645633574945,0.0125772121753368
213,5773,133.390740258886,158.130877601285,144.943009708408,123.641119910922,0.0133958472873409
213,5773,175.521988733266,136.829886826154,172.725269561393,177.569245578392,0.0130237404182481
213,5773,173.234950611332,151.581985464438,184.156916237232,157.720821036997,0.00282801220510531
213,5773,12.9003916075445,168.472952999887,61.9498989402039,133.152985831348,0.0183820793331845
213,5773,176.243450222314,150.367552247115,190.113012869173,155.706409242613,0.00230706258837538
213,5773,137.387631015039,118.262054638979,99.5969587230829,175.066590863474,0.0346059388256307
213,5773,105.181848255687,167.41327673258,106.152965438996,164.403956157092,0.00238148396219394
213,5773,8.25327263119748,0.191505430421011,51.3607063334169,173.649979415742,0.141028503386173
213,5773,120.490781170259,1.30581677740656,104.2185754551,60.1238977292233,0.0339361464612637
213,5773,77.1963728175792,5.33441683646607,132.158862606102,157.861718843468,0.0693607203988986
213,5773,92.2934974023758,60.4916483079457,69.2769957149484,92.4797748049272,0.00580486715784773
213,5773,73.0526310772945,33.1664329876679,117.424252976577,157.849018268076,0.0366153159187319
213,5773,119.063923546435,110.508890641529,119.930751444462,113.806740799706,0.00104189923345985
213,5773,229.009091735502,122.009908507838,238.921572872738,112.91452723135,0.00580486715784773
213,5773,228.655744109084,134.469632374702,232.680535697535,124.268501037839,0.00401875418620228
213,5773,238.803815229386,121.630202537886,200.86994810779,141.754859362775,0.00334896182183523
213,5773,238.812835752172,139.37436890489,183.937453751615,155.790927603289,0.0139912182778894
213,5773,215.798975180132,146.122218817506,212.513273375978,146.874692926651,0.00133958472873409
213,5773,113.301366278926,157.595412275485,95.6607716202536,144.455418033968,0.00386991143856516
213,5773,101.453640034402,156.273352454979,123.193485295579,139.927351989727,0.00401875418620228
213,5773,53.2400871554227,154.08074906235,28.3984214816056,158.897358441679,0.00632581677457766
213,5773,30.109576609786,158.902369616689,14.5561708323403,143.44663387468,0.00282801220510531
213,5773,0,29.6880342893918,5.00353063621218,68.3874202622414,0.0164471236139019
213,5773,211.002439716169,104.033394726244,238.999126440109,101.98804275112,0.00573044578402917
213,5773,231.81144266342,98.0811353819306,212.02886369834,102.140656585591,0.00282801220510531
213,5773,209.885926719288,102.327876463758,221.360840744828,109.415822818549,0.00461412517675076
213,5773,34.6668433173867,128.685740814898,19.2818112137104,144.291991540583,0.00692118776512614
213,5773,142.014512267995,138.925739684076,157.802410777844,142.011078217812,0.00297685495274243
213,5773,72.4172713886571,42.0278185856518,69.2844727541876,89.0189651864304,0.0146610106422565
213,5773,56.1463319639132,148.339791936716,104.508964250595,156.071485196201,0.00550718166257349
214,5798,35.4306549579148,0.446157083156706,0,34.6457423768302,0.0258226904073832
214,5798,113.311222025712,2.29151079975082,95.7642268220441,68.8838797476087,0.0262888039526429
214,5798,21.9044023559241,61.3109453019898,28.8586706959895,19.976222366219,0.0131444019763214
214,5798,27.5893684954513,52.0983464969193,55.5504574155667,62.5519729656984,0.00866971194182903
214,5798,93.0864787201953,63.0456717104086,92.3509455494862,0.0192448518679456,0.027314253752214
214,5798,24.2399804391427,129.70597402203,13.6042242743677,142.502208825465,0.0107206115409714
214,5798,26.2107088463756,119.949739278312,18.6068844223524,171.090234608864,0.0192038780646966
214,5798,13.7808044146665,145.257402781081,4.9006487807463,156.566270926808,0.00755103943320593
214,5798,46.3088615100071,154.613679182579,37.1016346941015,159.203864050759,0.00279668127155775
214,5798,130.22514545231,118.475125145836,90.3984456514017,177.269901110854,0.0196699916099562
214,5798,26.7771139785927,0.0100077155121234,27.6813671491287,20.1490085975379,0.00801715297846555
214,5798,67.6751682088391,39.4763002183618,34.8851099899688,59.8147722150264,0.00792393026941363
214,5798,39.0802694037571,82.4156600332836,48.8630059169095,104.061912657217,0.00727137130605015
214,5798,63.0465570995527,90.6561282268202,73.4737715622852,83.2582843258284,0.00195767689009043
214,5798,78.0027518094902,89.9873754019854,63.8054053009746,86.8927507008398,0.0033560175258693
214,5798,46.2576302188651,101.404057054777,36.0508092757614,103.276905102185,0.0029831266896616
214,5798,16.6862379224592,164.322208410567,9.39667037596976,167.69668205913,0.00195767689009043
214,5798,7.58174177540394,157.093837298585,10.5502443636371,170.325256371603,0.00792393026941363
214,5798,52.0896680662659,155.360558146921,49.5443923708372,170.925496200423,0.0052204717069078
214,5798,52.9056758718263,164.308773138695,51.3776897961916,158.893431515562,0.0022373450172462
214,5798,17.9106022180156,59.1246088345942,38.8959888245142,56.9815131639442,0.00307634939871353
214,5798,27.9314019922019,56.5783982575288,40.9131406621553,54.4661645525767,0.00205089959914235
214,5798,37.8847877651213,60.6448751665933,30.0709750088099,56.9816483204534,0.00205089959914235
214,5798,238.227008750941,133.013928881353,238.497212846769,148.009059950694,0.00466113545259625
214,5798,29.1588688426594,29.0533904074972,30.4272780796726,49.0363532564952,0.00624592150647898
215,5823,111.734486119092,85.8812735571615,103.321146453714,104.696445750846,0.00611167700713029
215,5823,108.034458434427,95.9275694648976,121.748128492566,110.202638835732,0.00574127234003148
215,5823,117.849483123731,99.7650984731079,112.233146125259,103.363855417213,0.00148161866839522
215,5823,223.195364788654,123.753483490146,220.222934674488,133.455559568298,0.00416705250486156
215,5823,145.744266726639,143.443495877438,115.873620639523,126.219168685515,0.00583387350680619
215,5823,118.594232762552,164.846977590477,134.247613310593,123.339142225192,0.0148161866839522
215,5823,183.397798952619,145.683887757868,162.957534414254,148.713491287587,0.00546346883970738
215,5823,95.3894885471205,152.626474817906,87.0607246849799,143.941764143818,0.00407445133808686
215,5823,125.450394036537,117.251097569172,86.9959246149376,173.311254402902,0.0326882118714696
215,5823,91.6990794967279,179.206736989324,87.5255015935917,171.248854655158,0.00296323733679044
215,5823,86.8491512190547,0,86.6755040235224,60.9933821966777,0.030373182702102
215,5823,6.4285855064521,22.76711836394,2.01344927727776,2.21190516466955,0.00500046300583387
215,5823,24.9123026367557,59.2742855254344,19.6496295919846,0.0311240125418877,0.036577460876007
215,5823,108.802100274193,0,92.0793064119657,50.0206049383834,0.029447171034355
215,5823,104.815836142199,109.954678820895,120.373942715424,92.3300981005541,0.00518566533938328
215,5823,96.3672249503316,43.0808258442098,107.635918978268,131.301969624849,0.0263913325307899
215,5823,206.802993093831,99.4360797066705,200.905087020173,111.955285675338,0.00407445133808686
215,5823,28.1194440679178,117.173624916408,0,135.902092260008,0.0123159551810353
215,5823,48.0030427253055,65.3831386315704,33.9959845537552,65.4943767757889,0.00277803500324104
215,5823,178.324359795276,150.477167354224,127.163025166023,118.737221196581,0.0104639318455413
215,5823,72.2177173404597,142.644812554129,91.2110730053806,154.287067734732,0.00287063617001574
215,5823,55.0915250334885,123.121121005145,0.672307468163936,164.242978474306,0.0177794240207427
215,5823,233.619329807289,114.211281854536,227.114524902425,102.49146170187,0.00314843967033985
215,5823,224.977704396797,109.457621540538,232.240757512856,125.682791486957,0.00398185017131216
215,5823,239.104201254795,135.262593945889,233.974084083038,135.685979982456,0.00277803500324104
215,5823,232.995031108907,137.009102075098,238.879186913291,140.221306880614,0.00259283266969164
215,5823,13.931585626284,159.748863548454,9.8231027408447,144.508528749025,0.00333364200388925
215,5823,179.156688043644,148.87560427999,162.163992161587,151.91642115908,0.00444485600518567
215,5823,124.914479587455,133.195828399237,103.622437643896,169.609787034795,0.018612834521715
215,5823,237.012522104289,129.007134883754,234.126577921228,134.072121963924,0.00194462450226873
215,5823,236.735593408028,154.809100319566,147.922291494185,163.1750422027,0.0160200018520233
215,5823,162.208481967032,151.900381277836,164.508042939783,156.712900295301,0.00185202333549403
215,5823,56.0266137838732,82.6292037476631,72.0160173720748,83.7768381389907,0.00305583850356514
215,5823,62.1736348173497,37.696516439358,57.2306578241613,100.018294348402,0.0175016205204186
215,5823,0.0353488762008759,33.3621916967762,30.2356704149591,30.4147264820788,0.00638948050745439
215,5823,35.4711278414769,2.23337127629527,0.0716547443000195,26.654313472424,0.00935271784424484
215,5823,239.113639579042,84.1734368646699,223.118107644021,94.6540548065449,0.00537086767293268
215,5823,165.058903884296,146.017341375326,165.760262287089,143.635019706387,0.00101861283452171
215,5823,45.581752623108,52.4338137699867,37.3512704101854,116.660572599754,0.0258357255301417
216,5848,14.46277923751,56.1306939814444,15.7229550192497,61.3106769221729,0.00183503959822291
216,5848,31.3858910402669,48.0007381765996,31.4808555056273,127.004230112711,0.0323546455476144
216,5848,110.228800611101,95.1539173956995,105.740692483581,101.825560179143,0.0029940119760479
216,5848,204.680245500774,105.565658388083,197.104899931777,111.142491835356,0.00231794475564999
216,5848,106.551934101856,103.754332750443,131.617908055969,118.643263565151,0.0126521151245895
216,5848,95.8772811467654,114.01146295214,99.2541398686367,150.163077722784,0.0119760479041916
216,5848,171.691991253124,151.497200446488,119.064803673935,118.89539123177,0.0260768785010624
216,5848,230.306237948232,123.799955265038,227.510671819824,147.469780029005,0.00878887386517288
216,5848,3.61876217134716,143.641505019993,0,147.489840727758,0.00328375507050415
216,5848,28.7346640986926,134.962879332822,25.7955584451943,155.971398491965,0.00560169982615414
216,5848,85.8759725007314,143.940800780207,86.4905303622415,153.034430538674,0.00424956538535832
216,5848,6.72724247264629,148.645085471312,11.9772348801155,167.141796827029,0.00511879466872706
216,5848,112.001441751522,123.999952366721,113.357813517365,165.054255345182,0.0119760479041916
216,5848,87.4701073576307,180,80.6149617386166,174.477995509654,0.00405640332238748
216,5848,81.3953340202827,176.785234795461,83.0787113371145,164.207506866292,0.00579486188912498
216,5848,94.8706202290754,179.923597390822,116.502218569454,159.532778523723,0.00685725323546455
216,5848,12.5043617937395,0,18.4150470011168,59.1583573086051,0.0379563453737686
216,5848,35.9749599511435,3.21664427161838,8.14484031863365,0,0.00531195673169789
216,5848,87.0241064136372,39.8747781760602,100.99199257936,135.293941156006,0.0486768398686498
216,5848,226.822169066242,116.454699928658,219.733182492162,113.682231708593,0.00164187753525208
216,5848,236.50145603049,105.419648953343,206.963735114764,130.793692337005,0.00608460498358122
216,5848,15.1147500004957,122.57953681734,0.293796109316469,140.246468301163,0.00801622561328955
216,5848,128.576459450308,135.69192833075,133.679273514658,145.240243492983,0.00647092910952289
216,5848,87.7556836754332,153.797415485814,96.4200079005242,143.34826611211,0.0029940119760479
216,5848,0.153133719907935,157.995551524209,0.444228113350885,168.016144960004,0.00309059300753332
216,5848,80.9092448947146,0,80.400244371328,59.9864256547478,0.0288777284141395
216,5848,76.4571403072814,32.966216688058,84.9165264499297,18.2299279133644,0.00328375507050415
216,5848,216.569221785581,133.061124120481,216.053861512567,120.99769898818,0.00569828085763956
216,5848,213.958753284334,126.658396244652,203.864431688229,127.877228316029,0.00144871547228124
216,5848,199,130,202,130,0.000676067220397914
216,5848,119.429406668601,117.921020512517,84.5507584053623,168.691376210603,0.0238555147768978
216,5848,126.833102469255,134.28480017233,115.70131218857,154.838229915014,0.00936836005408538
216,5848,0.129086701994705,28.6563945727262,24.1236905240745,37.6707582212762,0.00376666022793123
216,5848,12.6047208787768,36.1429470031134,2.28359817467365,52.9456967384649,0.0029940119760479
216,5848,157.39477989857,146.921878195961,168.986941360801,157.257740964703,0.00685725323546455
216,5848,157.575851570422,179.000720047541,157.566049632308,146.001019990149,0.0161290322580645
216,5848,24.8791318612458,2.53830817783915,0,9.05151507809254,0.00676067220397914
216,5848,51.8269920964677,96.9843612755661,56.9862694926052,39.9083657351387,0.0172880046358895
216,5848,235.598455990714,105.709139169253,239.507978125398,113.753113107986,0.00144871547228124
216,5848,234.522804016908,107.331672394931,231.173700861554,116.319470204278,0.00386324125941665
216,5848,18.4737121075858,133.7775752365,23.8807029030744,151.344512479148,0.00463588951129998
216,5848,43.8361420962762,155.728432877868,37.5369247443145,161.49406944927,0.00280084991307707
216,5848,11.027659971618,49.0676374947444,23.9168515406539,43.7966753704705,0.00231794475564999
216,5848,205.389207110888,93.6368099591158,219.69622493899,107.359310100195,0.00724357736140622
216,5848,88.4009551523581,150.962863611824,87.8499629670861,145.013896400788,0.00154529650376666
216,5848,100.954678359157,166.310201411829,106.97232740713,167.18940349947,0.00202820166119374
216,5848,101.455247255538,162.341949243525,98.9604075044744,171.989761727662,0.00347691713347499
216,5848,0.672667733998163,120.850436796752,25.4639924717969,130.3925927037,0.00521537570021248
216,5848,117.475196172087,128.076712542172,127.545110361238,132.984920913706,0.00328375507050415
216,5848,20.4935654826736,146.192664009624,9.89879667321239,152.838666036247,0.00405640332238748
217,5874,75.3398092694091,0,73.9663049959016,61.932720652205,0.0354669214234535
217,5874,5.44545587299427,0.165230121111633,11.9459925085749,61.324605792089,0.0415572008598042
217,5874,5.84313945424635,48.9074287893472,23.0212814750453,51.8768879513766,0.0050155242417005
217,5874,51.8119107045336,38.6753819091194,21.9778400204964,55.9617547068663,0.00728445187485073
217,5874,96.2309697876686,146.970096029513,89.5270225070909,95.1907083862399,0.0226892763315023
217,5874,191.807918333909,113.609946361363,190.447016162703,106.48782686819,0.00310484834010031
217,5874,239.914640734757,115.853041797806,226.917678201733,129.788527012471,0.00429902077860043
217,5874,99.1877973224799,180,136.052956422987,126.036176957983,0.0312873178887031
217,5874,0,123.487062822567,16.5389393344981,130.145271209994,0.00632911392405063
217,5874,114.094074027008,119.065632421649,74.9055236005046,175.23641903274,0.0288989730117029
217,5874,156.654042395833,158.380574807029,149.180407553226,131.948989054675,0.0089562932887509
217,5874,152.736097231612,149.000044528044,152.741159157705,179.000381131904,0.0127776450919513
217,5874,52.75525656055,48.9665539154608,46.3400961894066,95.909819038719,0.0145689037497015
217,5874,214.11748507584,98.1643823294703,239.180092206775,80.2519807410228,0.00931454502030093
217,5874,101.876809329064,97.9142517415343,99.3485206843244,101.546530461104,0.00274659660855027
217,5874,214.800563103118,116.967214863815,212.160616850168,133.026403566184,0.0050155242417005
217,5874,0,24.8838494063642,7.65147133742052,68.4128215954373,0.0142106520181514
217,5874,228.170992673488,130.773190801578,224.074356491524,145.746751982199,0.00668736565560067
217,5874,168.285468221495,153.543233636541,112.284875577256,118.544181903051,0.0143300692620014
217,5874,123.819816764613,117.303396863145,100.670273829678,103.555200851833,0.00967279675185097
217,5874,0,9.75847178302764,17.8221881032803,15.5474217419129,0.00429902077860043
217,5874,21.9506700514925,27.0762633115641,0,12.8777528989378,0.00417960353475042
217,5874,0.163293184785117,157.201756338003,37.3047599940727,127.140998579863,0.0108669691903511
218,5899,7.07383927304482,62.1184868866031,0,6.82534592126074,0.0443129520052597
218,5899,84.9902479570455,88.8066931985354,102.243685344333,110.403123763998,0.010913872452334
218,5899,92.6559227991917,91.7429990251331,97.8701594990011,105.050873571364,0.00433925049309665
218,5899,109.97495201048,120.03967515004,164.38498698691,154.390193913296,0.0231426692965154
218,5899,111.676755753527,117.774336826193,71.0190091825371,176.013270684659,0.0236686390532544
218,5899,70.1957927673217,0,69.096477286835,62.9318118639856,0.0326101249178172
218,5899,69.9168516525601,46.9626900770525,72.287203977243,41.6801576278403,0.00276134122287968
218,5899,36.0687754558517,140.827027729736,0,126.485732039977,0.0123602892833662
218,5899,120.412657276442,136.751079340518,125.993940757006,146.003655020396,0.00552268244575937
218,5899,85.5067732496357,91.1044045832641,89.2883434885268,145.189595698019,0.0305062458908613
218,5899,150.221807947975,140.934090606022,148.81251133585,178.955985261479,0.0145956607495069
218,5899,102.652251147135,108.73924979169,121.676229131294,117.68827702888,0.00736357659434583
218,5899,94.8528134227062,174.584128245553,89.9143881581365,173.339761246614,0.00170940170940171
218,5899,105.281393273927,164.675147458654,101.540278870442,149.610854984538,0.00657462195923734
218,5899,208.81203935073,132.975495451603,209.904423690061,124.596427764011,0.00381328073635766
218,5899,205.337513938784,128.62891772081,208.850980737942,122.356392969514,0.0022353714661407
218,5899,236.774224826524,117.223538276277,214.88429389342,95.1145597331248,0.00802103879026956
219,5924,75.8857632305513,151.824138908418,68.4324356942155,156.665710467747,0.00321472120607471
219,5924,68.3203926190683,155.115122775304,70.6871644325119,148.528274794574,0.00277131138454717
219,5924,118.888063222118,127.057399990652,86.0530054464297,179.65732967476,0.0237224254517238
219,5924,0,53.6471323318284,1.56100591379552,63.3907466044678,0.0141891142888815
219,5924,77.5997230908972,76.9467236038943,84.3609584031453,153.056769255276,0.0348076709899124
219,5924,80.3531229758938,112.570269906588,84.1500828833403,105.540911017955,0.00432324575989358
219,5924,87.8821943353371,104.521388101194,112.866601707483,119.547314792725,0.0177363928611019
219,5924,104.715051875288,121.119941624447,65.8352816944707,177.887184765206,0.033255736614566
219,5924,161.971050462182,158.045490276915,107.230495544525,123.209172007755,0.0267154417470347
219,5924,205.156930459681,122.011385413647,205.359281899131,136.995148000441,0.00698370468905886
219,5924,101.728516109349,130.493098724609,112.627147154757,136.493525436969,0.00443409821527547
219,5924,64.8425107309398,0,62.5375842340001,81.0152945459524,0.0368030151867864
219,5924,216.984047032183,97.4195937104174,210.220470443028,120.911848261566,0.00886819643055094
219,5924,209.227819389306,122.934398174632,218.413232033998,120.694865654074,0.00321472120607471
219,5924,110.463410105166,144.781401439147,104.986155899419,141.020160275514,0.00144108191996453
219,5924,79.6681776611003,177.772168806466,106.837441793493,138.201780613626,0.0109743930828068
219,5924,6.16885445855228,133.564483754279,0,130.287226406581,0.00387983593836603
219,5924,238.826805659983,152.785684681229,216.795193337382,147.929091894207,0.00521006540294868
219,5924,8.22567698345487,159.888765987318,20.6535707981804,73.3756213484217,0.024498392639397
219,5924,7.86490856470714,150.001608263921,7.97218011587855,159.012236198642,0.00321472120607471
219,5924,193.437813752227,95.5308331563574,207.052885199072,109.95006420513,0.0099767209843698
219,5924,114.984248232456,138.417039808436,119.556661566222,148.148074540951,0.00764881942135018
219,5924,15.2799569129485,147.570644855429,26.9027368871397,155.149167303796,0.00288216383992905
219,5924,159.468944926954,158.704353052935,146.059792145394,148.594368322662,0.00642944241214943
219,5924,79.5758141701416,149.901303419896,78.1487589560134,156.034612189246,0.00232790156301962
219,5924,77.6454577478959,153.677978370122,74.0490359719172,157.101890403761,0.00243875401840151
219,5924,128.005473884276,161.926956376543,147.675314312978,152.29484485158,0.00521006540294868
219,5924,86.2904502764001,178.487412850777,83.5632129555733,174.804436294781,0.00321472120607471
219,5924,83.76262812305,0,68.6979522990529,40.3956450268059,0.0285999334885268
219,5924,144.483545364122,139.01271311849,143.433303771413,178.958809252928,0.0150759339319366
219,5924,183.911583146461,114.587892641353,185.612360915886,110.09596802626,0.00277131138454717
219,5924,214.968283787506,143.745157877276,228.015111659326,142.121423304915,0.00277131138454717
219,5924,232.49792242796,118.83129912563,229.556683125939,110.150199991158,0.00410154084912981
219,5924,229.133491903365,109.004491190869,229.030443333718,135.012007407718,0.00565347522447622
219,5924,221.532432660636,131.818320633139,217.96939290142,140.988107214035,0.00509921294756679
219,5924,224.198528800669,164.642055485387,233.514334200253,143.783097123017,0.00543177031371245
219,5924,46.1263594265361,40.5831838795041,37.213475317521,102.030964190335,0.0168495732180468
219,5924,217.892407322569,101.028337616526,223.026066997538,120.519891853299,0.00565347522447622
219,5924,224.09714300656,104.94257763795,213.784596483983,113.747720296397,0.00288216383992905
220,5949,91.0509984736408,100.614786929224,72.9268553318172,102.118240552492,0.00588382573860791
220,5949,218.378700736207,105.864571516551,202.381766039348,112.871569585294,0.00450676014021032
220,5949,207.109132342587,108.127842864418,214.699691746371,101.648204497015,0.00400600901352028
220,5949,187.965255217169,98.0365114741132,201.854949614194,111.25412120185,0.0100150225338007
220,5949,202.948975213314,139.450252832313,198.347097474627,128.708093712931,0.007135703555333
220,5949,169.199079049007,84.2366266657428,0,125.576953852206,0.22008012018027
220,5949,59.1975280258363,0.89230015004718,56.5822223142585,68.9455143725152,0.035678517776665
220,5949,207.955215052179,100.032147247495,210.056479093584,102.959458534885,0.0013770655983976
220,5949,207.461754789203,106.29308543272,201.608011836035,99.3295145540285,0.00225338007010516
220,5949,206.363806606855,127.671358913616,240,120.349730216032,0.0200300450676014
220,5949,179.801538757872,110.614479441684,178.691272184856,116.94586171574,0.00312969454181272
220,5949,210.009890830582,135.679345969605,222.029300602758,136.050094297954,0.00375563345017526
220,5949,77.7809325981588,177.336238712485,81.5037202044005,179.761722091476,0.00187781672508763
221,5975,200.489743208936,107.125235466326,218.152243737033,111.365900081812,0.00833581423042572
221,5975,154.513810944914,125.313289864928,197.234462468127,108.599281089951,0.012206013694552
221,5975,64.2775236651634,104.333390177895,105.583047431554,125.677362346962,0.0336409645727895
221,5975,205.102664584937,119.471353336868,226.677386363864,123.661221562716,0.0108663292646621
221,5975,113.783304919268,133.476296429827,111.023815879385,138.014481484854,0.00416790711521286
221,5975,11.2215329758608,147.937800520478,10.866020350111,140.955902938278,0.00416790711521286
221,5975,88.8825325710767,171.591280649356,94.8700587629382,155.22096324529,0.00788925275379577
221,5975,193.119179060815,132.886262476327,203.311266825776,143.565969650734,0.00893122953259899
221,5975,214.233965400439,140.875733853144,203.96837813063,121.547925780815,0.0099732063114022
221,5975,72.0425563245136,108.998240033723,73.6595224464858,148.096793170326,0.0212860970526943
221,5975,4.44089209850063e-16,140.443719165537,7.55707293357095,160.902374927615,0.012206013694552
221,5975,55.1587889859064,43.8970231034269,51.9639320038639,69.9955847340971,0.0139922596010717
221,5975,96.3355394919094,128.021482526195,146.095882566546,160.389909781929,0.044209586186365
221,5975,212.998438792939,158.642811223503,230.011226233214,158.568451429409,0.00922893718368562
221,5975,131.806775491896,159.146966289076,141.262067099211,168.707728961179,0.00803810657933909
221,5975,5.19480009831236,145.665059746204,21.0096087374206,141.032804831854,0.00342363798749628
221,5975,8.9551100682803,142.087699245882,0.588005057534462,137.804894201824,0.00535873771955939
221,5975,100.385734667852,139.689483334716,110.572645600765,152.344020576849,0.0090800833581423
