Tick,Events,Seconds
0,1,1.2152e-05
1,162,0.000212334
2,216,0.000392204
3,255,0.00067210700000000002
4,212,0.00097491099999999996
5,191,0.001025944
6,236,0.00118502
7,303,0.0012788319999999999
8,272,0.0012431180000000001
9,245,0.0012570299999999999
10,224,0.0012153299999999999
11,234,0.0011841449999999999
12,1457,0.0027654329999999999
13,91,0.0016307730000000001
14,140,0.001861627
15,189,0.0019145270000000001
16,360,0.0020279690000000001
17,496,0.0019082560000000001
18,131,0.002183688
19,120,0.0021199080000000002
20,126,0.0021329220000000002
21,118,0.0020985079999999998
22,177,0.0022696470000000001
23,243,0.0022154890000000002
24,201,0.0083642160000000007
25,144,0.0078979840000000003
26,155,0.0027714060000000001
27,167,0.0021794409999999998
28,162,0.0018731170000000001
29,106,0.001727101
30,175,0.0021255319999999999
31,174,0.0018360570000000001
32,185,0.0016726950000000001
33,155,0.001851941
34,163,0.0016170150000000001
35,167,0.0016051939999999999
36,223,0.0016166520000000001
37,128,0.0014896880000000001
38,530,0.001716602
39,233,0.001581306
40,98,0.0017009799999999999
41,142,0.0016061580000000001
42,260,0.0017826929999999999
43,502,0.0016522469999999999
44,843,0.0016704249999999999
45,124,0.0015831580000000001
46,131,0.00151808
47,186,0.0015578079999999999
48,182,0.0015679139999999999
49,174,0.001534194
50,210,0.0016911129999999999
51,295,0.001545832
52,273,0.001550362
53,196,0.0015781390000000001
54,133,0.0020167179999999998
55,206,0.0019967460000000002
56,254,0.0018916289999999999
57,225,0.001922652
58,243,0.001758618
59,275,0.001613773
60,320,0.0017374020000000001
61,324,0.001804089
62,249,0.0018614040000000001
63,228,0.002227251
64,277,0.001894408
65,1532,0.0056276080000000001
66,146,0.0025092690000000002
67,113,0.0024921399999999999
68,166,0.0023885880000000001
69,325,0.0022658159999999999
70,395,0.0025724319999999999
71,492,0.0027173779999999999
72,176,0.002368069
73,147,0.0023611169999999998
74,106,0.0024215109999999999
75,172,0.002491573
76,185,0.0025822179999999998
77,195,0.0020349029999999998
78,169,0.0022239590000000002
79,202,0.0029374750000000002
80,261,0.0028006089999999999
81,163,0.002609175
82,131,0.002927533
83,144,0.0023091990000000001
84,190,0.0023170270000000001
85,174,0.002490333
86,144,0.0024329
87,219,0.0024217919999999999
88,285,0.0026432690000000002
89,216,0.0024634449999999999
90,135,0.0023075119999999998
91,174,0.0021718760000000001
92,658,0.002561434
93,242,0.002494914
94,94,0.002866478
95,145,0.0026776550000000001
96,515,0.0026450549999999999
97,524,0.002447065
98,144,0.0020493019999999998
99,113,0.0021274459999999999
100,159,0.0020895549999999999
101,138,0.0021437040000000002
102,118,0.0025923819999999998
103,246,0.0024707470000000001
104,338,0.0024183770000000002
105,203,0.0022826589999999998
106,131,0.0022621920000000001
107,167,0.0024270189999999999
108,221,0.0023711729999999999
109,236,0.0038107359999999999
110,140,0.0025317650000000001
111,207,0.002644511
112,235,0.0023535330000000001
113,272,0.002439255
114,195,0.0025043800000000001
115,201,0.0025791289999999999
116,181,0.0023017239999999998
117,302,0.0025113919999999999
118,231,0.0021065419999999999
119,833,0.0024998759999999998
120,136,0.0025394979999999998
121,189,0.002261496
122,170,0.0021785870000000001
123,465,0.0021838529999999999
124,1074,0.002095525
125,297,0.0023755820000000002
126,122,0.0023197119999999998
127,123,0.0019456569999999999
128,170,0.002364695
129,170,0.002129906
130,152,0.002465376
131,195,0.0022612470000000001
132,228,0.0019859320000000001
133,286,0.001919065
134,170,0.0018548670000000001
135,145,0.0019565870000000001
136,139,0.0025855930000000002
137,176,0.0032555169999999999
138,143,0.0024394249999999998
139,128,0.0021923160000000001
140,153,0.0019231949999999999
141,216,0.0018786429999999999
142,184,0.0018822719999999999
143,134,0.0020267660000000002
144,142,0.002117023
145,116,0.0032413149999999998
146,945,0.0026658570000000002
147,62,0.0024321099999999999
148,111,0.0023035849999999999
149,98,0.0019594339999999999
150,371,0.0019172950000000001
151,293,0.0020801779999999998
152,134,0.0027955179999999999
153,125,0.00212553
154,122,0.0019804810000000001
155,116,0.0019802769999999999
156,239,0.002034709
157,305,0.001894546
158,167,0.0019908149999999999
159,201,0.0019015449999999999
160,198,0.0020166210000000001
161,214,0.001927724
162,276,0.0019818259999999999
163,163,0.002126986
164,205,0.0024169980000000001
165,236,0.002136715
166,265,0.0020513699999999998
167,206,0.0020733209999999999
168,203,0.002289588
169,293,0.0022247640000000002
170,361,0.0018448189999999999
171,215,0.0031705050000000001
172,741,0.0049653290000000001
173,182,0.0043852159999999999
174,128,0.00245926
175,125,0.0024636110000000001
176,315,0.00253133
177,454,0.0025149299999999999
178,790,0.0025076550000000001
179,84,0.0031545969999999999
180,106,0.0028114580000000002
181,142,0.002245904
182,121,0.002460594
183,157,0.0023432599999999998
184,269,0.0021995650000000001
185,270,0.002312756
186,272,0.002486818
187,175,0.001987693
188,143,0.0034313030000000001
189,181,0.002533666
190,206,0.0020584930000000002
191,183,0.0018487320000000001
192,190,0.0018411059999999999
193,284,0.0055290290000000004
194,279,0.003235548
195,215,0.0019338630000000001
196,183,0.0022178670000000001
197,224,0.002246147
198,248,0.001889726
199,790,0.0023240169999999998
200,134,0.0022820420000000002
201,182,0.0019524919999999999
202,222,0.0019044190000000001
203,410,0.0019996850000000002
204,613,0.0020324430000000001
205,476,0.0020804410000000001
206,172,0.0019034150000000001
207,142,0.002043783
208,156,0.0021960529999999999
209,207,0.0021224019999999998
210,248,0.0021909410000000001
211,161,0.0021185259999999999
212,204,0.0021968539999999998
213,188,0.0020857290000000001
214,238,0.0022144600000000001
215,127,0.0031711719999999999
216,129,0.0022164329999999999
217,147,0.002113593
218,211,0.0021352849999999998
219,176,0.0020871660000000001
220,137,0.0019992870000000002
221,174,0.0059986329999999997
222,198,0.0022360090000000002
223,235,0.0022520650000000001
224,166,0.0022855689999999999
225,141,0.0023277409999999999
226,1062,0.0026362820000000002
227,82,0.0029483560000000001
228,93,0.002774459
229,113,0.002969186
230,417,0.0025994849999999999
231,478,0.002557054
232,70,0.002564635
233,85,0.0023770800000000002
234,111,0.0026373249999999998
235,88,0.0049765110000000003
236,142,0.002056474
237,208,0.0023392759999999999
238,206,0.00199
239,123,0.001972302
240,99,0.0022822889999999998
241,115,0.002187086
242,143,0.002233264
243,132,0.0022457800000000002
244,131,0.0022732289999999999
245,176,0.0045724880000000004
246,191,0.0020078729999999999
247,140,0.0020706639999999998
248,127,0.0022025159999999998
249,144,0.0023733209999999999
250,180,0.0023182279999999999
251,203,0.0020620339999999999
252,680,0.0025449729999999999
253,160,0.0035421979999999999
254,108,0.003762062
255,165,0.001900512
256,323,0.001952117
257,495,0.0021454740000000001
258,827,0.0020331529999999998
259,148,0.0018558789999999999
260,169,0.0019230969999999999
261,181,0.0023111519999999999
262,223,0.0023778900000000001
263,251,0.001907342
264,273,0.0022038209999999999
265,305,0.0048657350000000004
266,376,0.0091524339999999992
267,314,0.0058131930000000004
268,188,0.0022622940000000002
269,243,0.0018258230000000001
270,241,0.0020480229999999999
271,252,0.002045654
272,253,0.001797082
273,262,0.0024097490000000001
274,289,0.0021468020000000002
275,281,0.0071726450000000001
276,255,0.009403514
277,214,0.0025755109999999999
278,227,0.0019025800000000001
279,1513,0.0026701920000000001
280,148,0.0024136940000000001
281,153,0.0021550639999999999
282,182,0.0020471339999999999
283,416,0.0020861170000000002
284,561,0.0021948530000000001
285,399,0.0021268400000000001
286,201,0.0022781199999999998
287,218,0.0025450109999999998
288,192,0.0021004930000000002
289,239,0.0034022789999999998
290,323,0.0028544529999999999
291,328,0.0026442750000000002
292,279,0.002334287
293,337,0.0029685380000000002
294,231,0.003555763
295,223,0.0025158260000000001
296,272,0.0023903959999999999
297,230,0.0021331179999999998
298,306,0.0019376759999999999
299,274,0.0021357390000000002
300,213,0.0022775320000000001
301,258,0.0022515740000000001
302,294,0.002368658
303,283,0.0024581820000000002
304,254,0.0028315390000000001
305,271,0.0033562330000000001
306,1172,0.0026382430000000002
307,132,0.0027234
308,169,0.0027269719999999998
309,243,0.0021802549999999999
310,649,0.0021012629999999999
311,836,0.0022809060000000001
312,127,0.0020282080000000001
313,161,0.002462461
314,151,0.0022434130000000001
315,159,0.0021142539999999999
316,165,0.0019264060000000001
317,255,0.0019876300000000002
318,311,0.0020425729999999998
319,171,0.0019905909999999999
320,205,0.0025682460000000002
321,194,0.0028379809999999998
322,210,0.0022905949999999999
323,195,0.0019231090000000001
324,201,0.001917167
325,285,0.001934699
326,260,0.0019983179999999998
327,242,0.0018564740000000001
328,214,0.0021175930000000001
329,284,0.0022277360000000001
330,326,0.0018985790000000001
331,251,0.0018950449999999999
332,824,0.0025658159999999998
333,355,0.0024550510000000002
334,175,0.0024949740000000001
335,276,0.0024343419999999999
336,403,0.0023952259999999999
337,744,0.0020988220000000002
338,925,0.0024485140000000002
339,255,0.002399249
340,336,0.0020046539999999998
341,295,0.0020401740000000001
342,343,0.0022228040000000001
343,426,0.0022476639999999999
344,422,0.0021952709999999999
345,535,0.0020339160000000002
346,598,0.0024285169999999998
347,486,0.002500464
348,360,0.0023267650000000002
349,449,0.0022207139999999999
350,513,0.002213273
351,437,0.0021389239999999999
352,389,0.0020195600000000001
353,424,0.0019848610000000001
354,485,0.0020492259999999999
355,508,0.0019836239999999998
356,431,0.0018599700000000001
357,391,0.0019780549999999998
358,478,0.0020554979999999998
359,1817,0.0023674410000000001
360,340,0.002127711
361,295,0.0022441319999999998
362,344,0.0022255140000000001
363,505,0.0022485220000000002
364,624,0.0022207020000000002
365,341,0.002244691
366,352,0.0026758250000000002
367,252,0.0023409339999999998
368,189,0.0025071630000000002
369,300,0.0022886099999999999
370,403,0.0022531280000000001
371,295,0.0021405389999999999
372,250,0.002174339
373,336,0.0025675350000000001
374,324,0.0024700970000000001
375,198,0.0020673750000000002
376,162,0.0020286169999999999
377,170,0.0020307229999999999
378,306,0.0020375189999999998
379,207,0.0020355310000000001
380,216,0.001957
381,314,0.0028682069999999998
382,325,0.0021318190000000001
383,260,0.0020532559999999998
384,178,0.0056841260000000003
385,209,0.0087050270000000006
386,745,0.0049474580000000001
387,116,0.0021560300000000002
388,160,0.0021425749999999999
389,251,0.0021593659999999998
390,793,0.0025650389999999999
391,827,0.0025885719999999999
392,183,0.0021012449999999998
393,180,0.0020735860000000001
394,256,0.0022191009999999998
395,220,0.002061401
396,206,0.0022370300000000001
397,323,0.0021843650000000002
398,375,0.002195308
399,302,0.0025170520000000001
400,253,0.00246569
401,242,0.002627431
402,292,0.002467356
403,392,0.0025879919999999999
404,324,0.0024128320000000002
405,317,0.0026724679999999999
406,440,0.0027634650000000001
407,448,0.0028142589999999999
408,390,0.003151339
409,344,0.0028816089999999998
410,420,0.0030098019999999998
411,476,0.0022894489999999998
412,349,0.0021822389999999999
413,542,0.0021708919999999998
414,295,0.0024613920000000002
415,411,0.0027855380000000002
416,489,0.0027991779999999998
417,558,0.0029378189999999999
418,856,0.0023283169999999999
419,396,0.0022681699999999999
420,313,0.002228538
421,398,0.0021057110000000001
422,482,0.0024521970000000001
423,524,0.0020924630000000001
424,491,0.0025715299999999998
425,463,0.0021195469999999998
426,598,0.0022376480000000001
427,527,0.0051199360000000003
428,329,0.0030413459999999999
429,311,0.0022537389999999998
430,388,0.0024217940000000001
431,442,0.0021321830000000002
432,432,0.0022651730000000001
433,385,0.002086245
434,392,0.0020731629999999998
435,460,0.002638685
436,439,0.0035282600000000001
437,259,0.0030668050000000001
438,312,0.0024234310000000002
439,1497,0.0026730970000000001
440,376,0.0023762969999999999
441,160,0.0023182300000000001
442,262,0.002349294
443,463,0.0035505129999999999
444,708,0.0033714959999999999
445,288,0.0030357269999999998
446,209,0.0030093609999999999
447,211,0.0030051209999999999
448,213,0.0029763910000000001
449,216,0.002347657
450,370,0.002385252
451,357,0.0024165409999999999
452,342,0.0023439580000000002
453,192,0.0023015010000000001
454,286,0.0022733889999999998
455,345,0.0023760949999999999
456,329,0.0023820719999999998
457,273,0.002269315
458,347,0.0023003730000000001
459,460,0.0023190889999999999
460,469,0.0023802950000000002
461,329,0.002752857
462,382,0.0029888290000000001
463,450,0.0030431120000000002
464,489,0.003003969
465,461,0.0030780809999999999
466,1412,0.003103845
467,303,0.0028037510000000002
468,501,0.0027112360000000001
469,472,0.002399567
470,874,0.0024657920000000001
471,1178,0.0025049719999999998
472,551,0.0023662280000000002
473,478,0.002679308
474,343,0.0028177240000000002
475,520,0.0025602310000000001
476,527,0.002402604
477,511,0.0023117490000000001
478,526,0.0026914980000000001
479,639,0.0031667240000000001
480,763,0.003064354
481,484,0.0022851220000000001
482,503,0.0024135789999999999
483,576,0.0022862569999999999
484,592,0.0023172549999999998
485,476,0.002254912
486,457,0.002266527
487,514,0.0025568549999999998
488,698,0.002399689
489,598,0.002324104
490,461,0.0020979190000000002
491,534,0.0021368989999999998
492,1927,0.0024770899999999999
493,549,0.002311516
494,354,0.0025402990000000002
495,450,0.002306584
496,569,0.0023359269999999998
497,934,0.0023400769999999999
498,579,0.0022611229999999999
499,396,0.0024637470000000001
500,475,0.002562936
501,416,0.002611047
502,385,0.0023297069999999999
503,491,0.002268497
504,544,0.0023473040000000001
505,528,0.0027211520000000001
506,374,0.002451979
507,330,0.0023101200000000001
508,339,0.0026560820000000001
509,298,0.0024562780000000001
510,279,0.0028228289999999998
511,262,0.0027868229999999999
512,372,0.0023514209999999998
513,430,0.0027307910000000002
514,266,0.002615727
515,301,0.0024735820000000002
516,334,0.0023798069999999998
517,385,0.0024042759999999999
518,315,0.0024262049999999999
519,1500,0.0026518259999999999
520,199,0.0024565310000000001
521,303,0.0034460020000000001
522,303,0.0026758149999999998
523,584,0.0026556980000000002
524,1182,0.002679374
525,489,0.0026538289999999999
526,323,0.0026105730000000001
527,385,0.0029581239999999999
528,463,0.0026574789999999999
529,498,0.002869304
530,459,0.002577008
531,670,0.0024981249999999999
532,553,0.002383474
533,649,0.0024303459999999999
534,454,0.0024490290000000001
535,374,0.002718963
536,542,0.0030666539999999998
537,609,0.0030080939999999998
538,559,0.0029572259999999999
539,511,0.0031036779999999999
540,631,0.0028452659999999999
541,699,0.002529856
542,569,0.0027759709999999999
543,491,0.00236118
544,577,0.0023518390000000001
545,574,0.0028894010000000002
546,2125,0.0033737329999999999
547,291,0.0025845099999999999
548,503,0.0026102289999999999
549,687,0.0031166330000000002
550,755,0.003282742
551,771,0.0032471560000000002
552,371,0.0026682849999999998
553,537,0.002451539
554,397,0.0024177019999999999
555,373,0.0023916829999999999
556,523,0.002791534
557,657,0.0037641179999999999
558,457,0.0030288670000000002
559,410,0.0028779640000000002
560,463,0.0028838510000000002
561,424,0.0026438730000000001
562,430,0.0026972150000000002
563,351,0.002601314
564,400,0.0024085460000000001
565,486,0.0023673330000000001
566,452,0.002388107
567,377,0.0023770729999999999
568,424,0.0024137920000000001
569,451,0.0024247819999999999
570,409,0.0023544389999999998
571,353,0.0022426600000000001
572,1558,0.0024552879999999999
573,342,0.0023655899999999999
574,310,0.0023726820000000001
575,386,0.0024808859999999999
576,517,0.002447781
577,1198,0.0025976850000000002
578,563,0.0028907300000000002
579,271,0.0026456119999999999
580,380,0.002568004
581,495,0.0026441070000000001
582,378,0.0025724789999999999
583,462,0.0029985480000000002
584,590,0.003182112
585,668,0.0030915399999999998
586,557,0.0026355969999999999
587,440,0.0024483299999999999
588,409,0.0028109150000000002
589,563,0.0027378329999999998
590,567,0.0023198469999999999
591,491,0.0022769169999999998
592,482,0.002985438
593,570,0.0029002640000000001
594,557,0.0031530019999999998
595,445,0.002653608
596,399,0.0025201490000000002
597,370,0.002358387
598,448,0.0023549899999999999
599,1898,0.0027432799999999999
600,258,0.0025754110000000001
601,367,0.0026992209999999999
602,555,0.0035085120000000001
603,521,0.0027822430000000002
604,735,0.002540325
605,385,0.0024715869999999999
606,387,0.0024623430000000001
607,388,0.0039245269999999997
608,478,0.0027593499999999998
609,639,0.0026514749999999999
610,621,0.0024994969999999998
611,523,0.0024577919999999999
612,532,0.0027625290000000001
613,445,0.0029127200000000002
614,378,0.0027062319999999998
615,464,0.0024024319999999999
616,475,0.002305966
617,463,0.0028610160000000001
618,597,0.0023554280000000001
619,477,0.0024753980000000002
620,569,0.0023552170000000002
621,540,0.0025422579999999999
622,558,0.0027272770000000002
623,563,0.0028298939999999999
624,537,0.0026135049999999999
625,1667,0.0035542479999999999
626,556,0.0036147649999999998
627,442,0.0024561280000000001
628,531,0.0026152829999999999
629,748,0.002772353
630,1278,0.0030918220000000001
631,515,0.0034543429999999999
632,417,0.0027866560000000002
633,372,0.0024448830000000001
634,410,0.0027558420000000001
635,461,0.002783106
636,505,0.002672013
637,436,0.002450617
638,416,0.0023575409999999999
639,334,0.0041074859999999996
640,315,0.003147768
641,277,0.0026991279999999999
642,259,0.0024767420000000001
643,228,0.0029417309999999999
644,272,0.0023486510000000002
645,229,0.0023437649999999998
646,243,0.0023424090000000002
647,247,0.0026651679999999999
648,226,0.002318985
649,235,0.0027367089999999999
650,211,0.0026315309999999999
651,192,0.0023526990000000002
652,1705,0.0032009619999999999
653,108,0.0030241360000000002
654,184,0.002859866
655,330,0.0033844819999999999
656,522,0.0027156480000000002
657,367,0.0028332330000000001
658,231,0.002689369
659,244,0.0026210370000000001
660,246,0.0026623110000000001
661,345,0.0029643790000000001
662,501,0.0029125179999999998
663,671,0.0026675010000000001
664,598,0.002525434
665,516,0.002562927
666,520,0.0025519980000000002
667,497,0.0027765139999999999
668,552,0.00268432
669,534,0.0026635920000000002
670,519,0.0035351789999999998
671,584,0.0028624100000000001
672,717,0.0027094829999999999
673,671,0.0024955860000000002
674,634,0.002471778
675,593,0.0024195979999999998
676,693,0.002616115
677,624,0.0029764240000000001
678,858,0.0026790429999999999
679,432,0.00263503
680,473,0.002935689
681,564,0.003272933
682,904,0.0031900790000000002
683,1247,0.0026274599999999999
684,546,0.002816065
685,478,0.0024532099999999999
686,410,0.0025582669999999999
687,440,0.002327043
688,572,0.0025326279999999999
689,511,0.0023468930000000001
690,441,0.0023069269999999998
691,527,0.002353731
692,540,0.003281019
693,443,0.0024260570000000001
694,374,0.0024661919999999999
695,422,0.0026958400000000001
696,503,0.0027938310000000001
697,471,0.0031177779999999999
698,438,0.0025699049999999999
699,449,0.0024000129999999999
700,514,0.002762423
701,627,0.00245744
702,439,0.0023483689999999999
703,479,0.0023729010000000002
704,701,0.0024406609999999998
705,1567,0.002909198
706,313,0.0025556609999999999
707,441,0.0026263969999999999
708,730,0.0026493599999999999
709,962,0.002531134
710,736,0.0024117600000000002
711,373,0.0023856630000000001
712,518,0.0024785580000000001
713,409,0.002319172
714,443,0.0023950590000000002
715,443,0.0022136590000000002
716,527,0.0022629260000000002
717,534,0.0029201309999999999
718,477,0.002593003
719,409,0.0024509100000000002
720,405,0.0022011499999999998
721,487,0.0022478849999999998
722,416,0.0022211090000000002
723,431,0.0022502989999999999
724,434,0.0022621099999999999
725,496,0.0032105910000000001
726,526,0.002255529
727,378,0.0022605640000000001
728,385,0.0022139410000000001
729,452,0.0022221599999999999
730,512,0.0022972299999999999
731,1903,0.0030772590000000002
732,220,0.0036854790000000002
733,386,0.0032579029999999999
734,383,0.002588838
735,715,0.0033825309999999998
736,734,0.0033604440000000002
737,425,0.0028384769999999998
738,422,0.002568079
739,273,0.0025873960000000001
740,474,0.0026304219999999999
741,630,0.0027598779999999999
742,629,0.002680637
743,558,0.0030819749999999998
744,620,0.0034198729999999999
745,617,0.0031878359999999999
746,435,0.0031764470000000002
747,512,0.003183441
748,475,0.0029299460000000001
749,556,0.003045617
750,506,0.0030880949999999999
751,521,0.0029580040000000002
752,560,0.0027129419999999999
753,657,0.002787571
754,643,0.0030591630000000002
755,524,0.0024375719999999998
756,543,0.0023914119999999999
757,808,0.0024117349999999999
758,1333,0.0026902749999999998
759,343,0.0026249699999999999
760,515,0.0030122769999999998
761,903,0.0035224520000000001
762,873,0.0028501680000000001
763,825,0.002900218
764,425,0.0032329419999999999
765,467,0.0028075840000000001
766,552,0.0029326840000000001
767,432,0.002615774
768,441,0.0025591260000000001
769,566,0.0034582800000000002
770,581,0.002554841
771,546,0.002555585
772,355,0.0026828910000000002
773,344,0.0025144339999999999
774,431,0.0024804950000000001
775,310,0.002497137
776,352,0.002370573
777,402,0.0030045409999999999
778,492,0.0030822990000000001
779,480,0.0025291319999999999
780,335,0.002495396
781,400,0.002581468
782,429,0.0024914440000000002
783,436,0.0023943749999999998
784,1742,0.0028932139999999999
785,205,0.0027259609999999998
786,289,0.0027073980000000002
787,358,0.0026993899999999999
788,723,0.0026001420000000002
789,926,0.0025460610000000001
790,416,0.0026008250000000002
791,255,0.0026008350000000001
792,259,0.0026329869999999998
793,412,0.0030931819999999999
794,462,0.00255813
795,469,0.0025080079999999999
796,301,0.0025013499999999998
797,446,0.002840151
798,585,0.0024549799999999998
799,402,0.0025041109999999998
800,301,0.0044157270000000004
801,448,0.0024936870000000001
802,532,0.0024209180000000002
803,557,0.0028376249999999999
804,468,0.0024601720000000001
805,470,0.0024405920000000001
806,574,0.002432156
807,657,0.0025577130000000001
808,408,0.0028900319999999998
809,439,0.0029071399999999999
810,907,0.0030906689999999999
811,517,0.0029141050000000002
812,274,0.0028093520000000002
813,363,0.0028855539999999998
814,864,0.0037468670000000001
815,1031,0.0026714009999999999
816,331,0.002509112
817,287,0.0023250710000000002
818,364,0.0024141470000000002
819,392,0.0024182129999999998
820,318,0.0024242489999999998
821,289,0.0037786730000000002
822,394,0.0027248419999999999
823,424,0.0031777770000000001
824,312,0.0026377900000000001
825,274,0.002339383
826,305,0.0024497999999999998
827,374,0.002483716
828,286,0.0024099260000000002
829,287,0.0023299309999999999
830,414,0.0023469229999999999
831,434,0.0023677189999999999
832,389,0.002347352
833,343,0.0024339750000000001
834,404,0.0026132809999999999
835,359,0.0023152989999999998
836,381,0.0023678919999999999
837,1016,0.0025824899999999998
838,296,0.0025298370000000001
839,402,0.0026206319999999999
840,593,0.0042535589999999996
841,742,0.0026364190000000001
842,957,0.0026729269999999999
843,454,0.0025416150000000001
844,454,0.0029909960000000001
845,281,0.0025108259999999999
846,425,0.0029651009999999999
847,392,0.0025776969999999999
848,439,0.0023403170000000002
849,359,0.0023229460000000002
850,530,0.0024147819999999999
851,624,0.0023602179999999999
852,408,0.0022848439999999999
853,349,0.0030943350000000001
854,392,0.0026944450000000002
855,552,0.002800814
856,477,0.0026174660000000002
857,375,0.0022319050000000002
858,452,0.0022515619999999999
859,572,0.0023096029999999999
860,588,0.0024187570000000001
861,334,0.0022219280000000002
862,324,0.002186019
863,871,0.0025792990000000002
864,573,0.002422904
865,280,0.003193113
866,405,0.0026088740000000002
867,1029,0.0030955330000000001
868,1222,0.002658971
869,375,0.0028351259999999999
870,421,0.00281446
871,521,0.002431866
872,503,0.0023553530000000001
873,460,0.0022989080000000001
874,486,0.0023303859999999998
875,814,0.002341451
876,539,0.0022942230000000002
877,462,0.0022253889999999999
878,476,0.0022864579999999999
879,444,0.0033558419999999999
880,627,0.0030545440000000002
881,437,0.0030487069999999999
882,380,0.0029768450000000001
883,571,0.0029492059999999998
884,669,0.0032043950000000001
885,542,0.0027051319999999998
886,375,0.0024305519999999999
887,480,0.002159378
888,580,0.0022164369999999999
889,875,0.0024291579999999998
890,1155,0.002600869
891,382,0.0032922239999999998
892,534,0.003026787
893,486,0.0025616770000000001
894,943,0.0027253759999999998
895,678,0.0024950889999999998
896,526,0.0028012430000000001
897,389,0.0027561669999999999
898,366,0.0027055989999999999
899,682,0.0028166200000000001
900,739,0.0025855919999999998
901,467,0.0028944830000000002
902,536,0.003251304
903,724,0.0029502320000000001
904,654,0.0028782590000000002
905,449,0.0025373919999999999
906,495,0.0024622300000000001
907,684,0.002436382
908,729,0.0024250790000000001
909,548,0.0091352810000000003
910,562,0.003576957
911,715,0.0025410559999999999
912,828,0.0027038510000000002
913,652,0.0026245719999999999
914,472,0.0023472900000000001
915,636,0.002309476
916,1984,0.0024947010000000002
917,364,0.0023651359999999999
918,433,0.002428174
919,927,0.0032971540000000001
920,1093,0.0033101020000000001
921,764,0.003312312
922,430,0.0030081359999999998
923,554,0.0031104150000000001
924,622,0.003046502
925,500,0.0029899649999999998
926,477,0.0027925950000000001
927,661,0.0026335540000000002
928,701,0.003313107
929,643,0.002443677
930,444,0.002374508
931,539,0.002306705
932,623,0.0024534629999999999
933,579,0.0022823969999999998
934,438,0.0022897389999999998
935,476,0.002358026
936,569,0.002515359
937,615,0.0029122029999999999
938,471,0.0024133000000000002
939,507,0.0022744969999999999
940,588,0.002452278
941,597,0.0023713150000000001
942,594,0.0025009849999999998
943,379,0.0023790130000000001
944,630,0.002672785
945,733,0.0025195500000000002
946,913,0.002728397
947,1078,0.0025556419999999999
948,520,0.0027990300000000001
949,624,0.002846365
950,547,0.0035427319999999998
951,594,0.002729169
952,698,0.002774725
953,558,0.002510852
954,562,0.0024644340000000002
955,604,0.002355794
956,790,0.0025281420000000001
957,571,0.002805124
958,514,0.002816046
959,561,0.0029228560000000002
960,530,0.0025532649999999999
961,660,0.0025232919999999999
962,571,0.002377597
963,663,0.0028647479999999999
964,686,0.0027055199999999999
965,786,0.0027643440000000002
966,574,0.0023277660000000002
967,504,0.002408501
968,1321,0.0026504139999999998
969,1067,0.0028679840000000001
970,321,0.0027904819999999999
971,511,0.0031876640000000002
972,791,0.0049660069999999997
973,1519,0.0029027879999999999
974,447,0.0029254569999999998
975,453,0.0027236399999999998
976,431,0.0026680390000000001
977,448,0.002829205
978,409,0.002514358
979,504,0.0026464370000000002
980,774,0.0035798990000000001
981,649,0.0028023599999999998
982,557,0.0025598560000000001
983,491,0.0026839429999999998
984,596,0.002509617
985,553,0.0025350239999999999
986,428,0.0034617179999999999
987,515,0.0026604020000000001
988,611,0.0023204710000000002
989,466,0.0023284170000000002
990,565,0.0022892239999999999
991,481,0.0023194790000000002
992,619,0.0023363160000000002
993,552,0.002552688
994,427,0.0024040929999999999
995,1169,0.002708373
996,330,0.002597748
997,549,0.0026054810000000002
998,745,0.0026632159999999999
999,1398,0.0031778829999999998
1000,577,0.002773766
1001,491,0.0026674709999999998
1002,444,0.0025958539999999999
1003,547,0.0026079689999999999
1004,677,0.0025618189999999999
1005,881,0.002790121
1006,684,0.0026097690000000001
1007,703,0.002533319
1008,882,0.002568926
1009,815,0.002467061
1010,702,0.002572164
1011,652,0.0025371410000000001
1012,684,0.0025425209999999998
1013,693,0.0024435049999999999
1014,698,0.00245641
1015,583,0.0024647530000000001
1016,726,0.002497432
1017,874,0.0025659900000000002
1018,796,0.0026313259999999998
1019,636,0.0025063619999999998
1020,666,0.0025253979999999999
1021,2341,0.002988961
1022,431,0.0033037940000000001
1023,524,0.0031264510000000001
1024,695,0.0042001130000000001
1025,1099,0.0029652519999999998
1026,901,0.0029980689999999999
1027,373,0.0029815079999999999
1028,416,0.0031576439999999998
1029,345,0.003939049
1030,392,0.0030557140000000002
1031,348,0.0028894839999999999
1032,509,0.0030111309999999998
1033,444,0.0028921580000000001
1034,290,0.0028219529999999999
1035,293,0.002771721
1036,266,0.002967216
1037,316,0.0030167480000000001
1038,369,0.0031134610000000001
1039,342,0.002791853
1040,441,0.002858392
1041,567,0.002775806
1042,492,0.0029204639999999998
1043,392,0.0027755810000000001
1044,495,0.0030968950000000001
1045,536,0.0024932639999999998
1046,625,0.0030136059999999998
1047,1797,0.0036605520000000001
1048,463,0.0030985399999999999
1049,581,0.0031046030000000001
1050,615,0.0029888319999999999
1051,964,0.0033357980000000001
1052,966,0.002967698
1053,704,0.0036023299999999999
1054,515,0.0036810189999999998
1055,522,0.0036895360000000002
1056,680,0.0034133229999999998
1057,788,0.003020633
1058,778,0.0029274570000000001
1059,695,0.0028523369999999999
1060,809,0.002926288
1061,662,0.0030692200000000001
1062,642,0.0030530549999999998
1063,482,0.003646491
1064,592,0.0035545949999999998
1065,674,0.0034882110000000002
1066,653,0.0030928639999999999
1067,521,0.003263967
1068,660,0.0028157450000000001
1069,728,0.0029233499999999999
1070,856,0.0028095799999999999
1071,542,0.0028640639999999999
1072,596,0.0061097199999999999
1073,2015,0.0040344969999999997
1074,818,0.0033087059999999998
1075,469,0.0031618409999999999
1076,780,0.0034829320000000002
1077,1317,0.00338938
1078,1134,0.003319518
1079,534,0.003193207
1080,560,0.0032013929999999999
1081,666,0.003254233
1082,635,0.0029407249999999999
1083,604,0.002885908
1084,743,0.0028651990000000001
1085,859,0.0029082130000000002
1086,856,0.0031200860000000002
1087,639,0.003367049
1088,508,0.0034888950000000001
1089,664,0.003270341
1090,621,0.0035229739999999999
1091,437,0.0035355220000000001
1092,497,0.0041250760000000001
1093,532,0.0031792869999999998
1094,605,0.003348658
1095,425,0.0031913800000000002
1096,289,0.0032987590000000001
1097,342,0.0035101440000000002
1098,315,0.0032231479999999999
1099,1892,0.0041973660000000001
1100,136,0.0046291090000000002
1101,119,0.0038034800000000001
1102,172,0.0035629220000000001
1103,422,0.0040576370000000002
1104,215,0.0038731030000000001
1105,75,0.0044995230000000001
1106,78,0.0035216760000000001
1107,46,0.0035909179999999998
1108,163,0.0045547060000000004
1109,457,0.0042381370000000003
1110,260,0.0037583650000000001
1111,163,0.0035791310000000002
1112,338,0.0035514779999999998
1113,500,0.0034920580000000001
1114,367,0.0034771329999999999
1115,209,0.0041952120000000002
1116,328,0.0036186360000000002
1117,663,0.0032040290000000002
1118,455,0.0034338530000000002
1119,301,0.0036216099999999999
1120,462,0.0034219760000000002
1121,466,0.0032547869999999999
1122,609,0.0032686350000000002
1123,336,0.003699665
1124,489,0.0033152809999999998
1125,948,0.0033634989999999998
1126,768,0.0031018109999999999
1127,357,0.0029675410000000002
1128,904,0.0038956780000000001
1129,1357,0.0046473529999999999
1130,630,0.0041967259999999996
1131,371,0.004121759
1132,428,0.0053194050000000001
1133,533,0.003376389
1134,470,0.0036069930000000002
1135,382,0.0038093580000000001
1136,397,0.0035112640000000001
1137,493,0.003335831
1138,607,0.0030995469999999998
1139,356,0.0030509280000000001
1140,307,0.0030370990000000001
1141,481,0.003059436
1142,543,0.003192023
1143,436,0.003051251
1144,366,0.0029901070000000001
1145,510,0.0030313089999999998
1146,594,0.003421847
1147,490,0.0035473150000000001
1148,357,0.0032278939999999998
1149,402,0.0031409290000000002
1150,605,0.0037109130000000001
1151,2150,0.0038087339999999998
1152,277,0.0035490360000000002
1153,416,0.0035137900000000001
1154,644,0.0049262100000000003
1155,874,0.0051797950000000001
1156,265,0.0041375730000000003
1157,405,0.003799111
1158,343,0.0034963339999999998
1159,308,0.0033326200000000001
1160,294,0.0039409290000000001
1161,632,0.0034660730000000001
1162,653,0.003274679
1163,348,0.0033660259999999998
1164,234,0.0039630450000000001
1165,329,0.0042871250000000001
1166,451,0.0034920760000000002
1167,206,0.0032255600000000001
1168,167,0.0035454190000000002
1169,272,0.0039001729999999998
1170,376,0.0037291389999999998
1171,218,0.0040304709999999999
1172,159,0.0035430280000000001
1173,234,0.0034338519999999998
1174,343,0.0032927820000000002
1175,278,0.003525556
1176,170,0.0047990489999999997
1177,798,0.0048170089999999997
1178,179,0.0034051519999999998
1179,367,0.0035259229999999998
1180,393,0.0033532499999999999
1181,611,0.0039948459999999998
1182,318,0.0045482830000000002
1183,297,0.003709726
1184,227,0.0031728989999999999
1185,339,0.0030855990000000001
1186,450,0.0033147290000000002
1187,366,0.0034333940000000002
1188,308,0.0032474489999999999
1189,466,0.00320441
1190,629,0.0035460489999999999
1191,468,0.0035007979999999998
1192,320,0.0031866300000000002
1193,378,0.003622372
1194,439,0.0039866729999999996
1195,558,0.00394948
1196,380,0.0036036190000000002
1197,504,0.003895969
1198,646,0.003690432
1199,728,0.003862042
1200,400,0.0036980279999999999
1201,498,0.0036417139999999999
1202,1294,0.0038499620000000002
1203,1356,0.0035393339999999999
1204,290,0.0037441699999999998
1205,617,0.0047663949999999997
1206,1063,0.0033040109999999999
1207,785,0.003262212
1208,433,0.0032203240000000001
1209,360,0.0032739079999999999
1210,541,0.0035763560000000002
1211,577,0.0031558279999999998
1212,418,0.003397059
1213,512,0.0040260679999999998
1214,638,0.0040708380000000002
1215,807,0.0036332830000000002
1216,487,0.0035912460000000002
1217,308,0.0040835819999999997
1218,495,0.0040570240000000002
1219,592,0.0038736119999999998
1220,413,0.0030873789999999999
1221,339,0.0031151410000000001
1222,486,0.0031757629999999998
1223,685,0.0036382379999999998
1224,541,0.0044999910000000001
1225,323,0.0040342219999999996
1226,433,0.0039505340000000003
1227,492,0.0038931030000000002
1228,2343,0.0038398590000000002
1229,220,0.0041454550000000001
1230,324,0.0038493830000000001
1231,666,0.0040731669999999999
1232,781,0.0037554630000000001
1233,243,0.0038692470000000001
1234,340,0.0035204469999999999
1235,353,0.0044535099999999999
1236,310,0.0043449860000000003
1237,399,0.0041873550000000002
1238,779,0.004263813
1239,603,0.0038646290000000001
1240,431,0.0042195009999999996
1241,374,0.0036057229999999999
1242,437,0.0033732319999999999
1243,578,0.0039307470000000001
1244,391,0.0041222869999999997
1245,400,0.0079921100000000002
1246,670,0.010126214
1247,725,0.003543601
1248,521,0.0035422090000000002
1249,432,0.003926873
1250,663,0.0038557779999999998
1251,581,0.0033394689999999999
1252,573,0.0033189249999999999
1253,740,0.0033280900000000001
1254,494,0.0033103329999999999
1255,430,0.0033647199999999999
1256,671,0.0033158250000000001
1257,731,0.0033516269999999998
1258,734,0.0037224160000000001
1259,631,0.0032360710000000001
1260,488,0.0036854919999999998
1261,395,0.0033840319999999999
1262,572,0.0039801289999999998
1263,586,0.0044138939999999998
1264,562,0.0046523609999999998
1265,473,0.0039996729999999996
1266,584,0.0035591759999999998
1267,628,0.003909694
1268,465,0.0046062949999999998
1269,292,0.0041073120000000001
1270,423,0.0032224799999999998
1271,476,0.0031867670000000001
1272,474,0.003161891
1273,356,0.0033583329999999998
1274,391,0.0033127510000000001
1275,528,0.0035095920000000002
1276,638,0.0034413540000000002
1277,378,0.0032650370000000001
1278,370,0.003341793
1279,590,0.0033083779999999998
1280,609,0.003386666
1281,307,0.0035082469999999999
1282,620,0.0032419129999999999
1283,974,0.0037846849999999999
1284,547,0.0033006060000000002
1285,324,0.0031766580000000002
1286,415,0.0031680639999999999
1287,518,0.0031598450000000001
1288,435,0.0033537839999999998
1289,466,0.0032663969999999999
1290,486,0.0032543260000000001
1291,723,0.0033246590000000002
1292,741,0.004396217
1293,435,0.0034604000000000002
1294,491,0.014069226000000001
1295,688,0.004350586
1296,597,0.0033315900000000002
1297,595,0.0032327810000000001
1298,680,0.0032250550000000001
1299,818,0.00402572
1300,932,0.010873167
1301,666,0.0092755990000000007
1302,650,0.0038501450000000001
1303,641,0.0042628240000000001
1304,866,0.0038534979999999999
1305,2467,0.0039932800000000001
1306,427,0.0043852229999999997
1307,768,0.0047335659999999998
1308,1044,0.0043733940000000001
1309,875,0.0046168880000000004
1310,447,0.004347231
1311,535,0.0043272440000000001
1312,522,0.0041477279999999998
1313,391,0.0037039070000000002
1314,500,0.00366884
1315,673,0.0037494669999999998
1316,564,0.0039065840000000003
1317,422,0.011172276
1318,418,0.010065454999999999
1319,340,0.0044821929999999998
1320,432,0.003692599
1321,311,0.0050003039999999997
1322,362,0.0038945709999999999
1323,450,0.0043368840000000001
1324,472,0.003685678
1325,379,0.0038371220000000001
1326,306,0.003703198
1327,392,0.0039861940000000002
1328,409,0.0036176310000000001
1329,378,0.0039514930000000004
1330,1172,0.0038489129999999998
1331,263,0.0042707719999999999
1332,335,0.003766452
1333,874,0.0044394270000000001
1334,691,0.0042140279999999999
1335,315,0.0048325379999999999
1336,358,0.003785095
1337,235,0.003818896
1338,254,0.0042373380000000002
1339,439,0.003561345
1340,431,0.0036880950000000002
1341,347,0.0036091389999999999
1342,401,0.0045224870000000004
1343,427,0.003555632
1344,336,0.0035825570000000001
1345,393,0.0035506209999999999
1346,334,0.0042487189999999998
1347,392,0.0035702429999999999
1348,427,0.003438118
1349,408,0.0037098779999999998
1350,424,0.0035509090000000001
1351,470,0.0041094299999999999
1352,477,0.0037418080000000001
1353,510,0.0037467590000000001
1354,454,0.004036118
1355,1317,0.0041402039999999998
1356,661,0.0045597770000000001
1357,362,0.0045410169999999996
1358,653,0.0045731649999999997
1359,1014,0.0046721480000000001
1360,471,0.0044656699999999997
1361,517,0.005052104
1362,425,0.0054671420000000004
1363,401,0.0042730010000000002
1364,555,0.0040865169999999996
1365,524,0.0039391720000000003
1366,564,0.0037518460000000001
1367,662,0.003497694
1368,658,0.0042020900000000003
1369,640,0.0047385589999999998
1370,494,0.0040317570000000004
1371,533,0.0042617260000000004
1372,572,0.0043881170000000004
1373,616,0.0042719139999999999
1374,567,0.0039759390000000004
1375,577,0.0034921209999999999
1376,659,0.003724462
1377,803,0.0035979990000000002
1378,603,0.0038192909999999998
1379,560,0.003519458
1380,544,0.0038848239999999998
1381,2359,0.0038350799999999998
1382,380,0.0039976819999999998
1383,705,0.0043432380000000001
1384,917,0.0041853259999999996
1385,870,0.0043429330000000002
1386,494,0.0041888339999999998
1387,521,0.0044187860000000001
1388,502,0.0047867029999999998
1389,492,0.0046400759999999999
1390,538,0.0043218889999999998
1391,671,0.0045994399999999998
1392,622,0.0039285860000000004
1393,661,0.0038980149999999999
1394,512,0.0046128690000000003
1395,427,0.0040720870000000003
1396,508,0.003643243
1397,479,0.0035461580000000002
1398,480,0.0038148420000000001
1399,570,0.0045304459999999996
1400,532,0.0033891889999999999
1401,535,0.0037129789999999999
1402,464,0.0038354499999999998
1403,437,0.003886507
1404,441,0.003822883
1405,507,0.0033287630000000002
1406,1625,0.0039428579999999996
1407,282,0.0042437960000000002
1408,626,0.0041652140000000004
1409,888,0.0041980070000000001
1410,808,0.004198874
1411,374,0.0042110120000000001
1412,377,0.0041380519999999997
1413,380,0.015839519
1414,402,0.0050836060000000001
1415,470,0.004060414
1416,573,0.0035274759999999999
1417,528,0.0034633699999999999
1418,422,0.003846674
1419,494,0.0039144929999999998
1420,451,0.0046301989999999998
1421,419,0.010766454
1422,518,0.0062446799999999998
1423,536,0.003583943
1424,615,0.0033449729999999998
1425,534,0.0033836449999999998
1426,527,0.0039278510000000004
1427,534,0.0040579450000000003
1428,612,0.0039746570000000004
1429,575,0.0044486270000000001
1430,544,0.0042201690000000002
1431,1684,0.0048079029999999997
1432,492,0.0045379560000000001
1433,559,0.003739245
1434,740,0.0041094729999999998
1435,630,0.004569877
1436,543,0.0038648599999999999
1437,508,0.0039630849999999999
1438,527,0.0039210829999999997
1439,567,0.0037858129999999999
1440,596,0.0040091190000000002
1441,616,0.0038552909999999998
1442,626,0.0041021540000000002
1443,631,0.0038773660000000001
1444,733,0.003917762
1445,464,0.003895304
1446,528,0.0038551929999999998
1447,569,0.0038941539999999999
1448,571,0.0034830920000000001
1449,584,0.003441113
1450,540,0.0036154189999999999
1451,549,0.0033481240000000001
1452,582,0.0038728619999999999
1453,664,0.0035715090000000001
1454,481,0.0040743669999999997
1455,481,0.003682846
1456,1686,0.0057503729999999996
1457,775,0.0042646519999999999
1458,388,0.0043708749999999998
1459,939,0.0043430450000000002
1460,804,0.0049362249999999998
1461,362,0.004164994
1462,374,0.0041163520000000002
1463,386,0.0033972899999999999
1464,385,0.003882866
1465,402,0.0035516150000000002
1466,435,0.00340786
1467,607,0.0036992779999999999
1468,630,0.0039161059999999999
1469,677,0.0033447960000000001
1470,330,0.0033276289999999999
1471,414,0.0033217770000000001
1472,531,0.003417621
1473,463,0.0039997440000000004
1474,429,0.003420406
1475,474,0.0036120039999999998
1476,573,0.0035269030000000001
1477,579,0.0036452189999999999
1478,455,0.0042256739999999996
1479,401,0.0033635789999999998
1480,397,0.0032550140000000001
1481,1291,0.0036882339999999999
1482,800,0.0038172319999999998
1483,350,0.0036034600000000002
1484,650,0.0040973169999999996
1485,785,0.0035319660000000001
1486,356,0.0032149589999999999
1487,379,0.0036452759999999998
1488,415,0.0033291779999999999
1489,385,0.003469457
1490,363,0.0032258460000000001
1491,493,0.0031667380000000001
1492,576,0.0034901960000000001
1493,535,0.0032413899999999998
1494,440,0.003490501
1495,305,0.01148447
1496,392,0.003402689
1497,415,0.0031101760000000001
1498,415,0.0031979130000000001
1499,409,0.00350608
1500,536,0.0036666509999999999
1501,605,0.0031125089999999998
1502,520,0.0031299930000000002
1503,410,0.0031124270000000001
1504,457,0.0030723959999999998
1505,559,0.0031263350000000001
1506,1732,0.0033160730000000001
1507,414,0.0032244560000000001
1508,502,0.0031692059999999999
1509,919,0.0040019579999999999
1510,1032,0.0039819069999999998
1511,386,0.0034019509999999998
1512,440,0.0033450519999999998
1513,319,0.003300851
1514,363,0.0046092269999999996
1515,419,0.0036337029999999998
1516,545,0.0039443120000000002
1517,573,0.0042010049999999998
1518,476,0.0035542149999999999
1519,314,0.00326889
1520,386,0.0031753879999999999
1521,498,0.0032608670000000002
1522,408,0.0029916320000000001
1523,399,0.0034700120000000002
1524,422,0.0033297909999999999
1525,497,0.0031728139999999999
1526,511,0.0029682559999999998
1527,384,0.010015381
1528,460,0.003417167
1529,479,0.00333009
1530,462,0.003164708
1531,1558,0.0037423529999999999
1532,451,0.00336054
1533,494,0.003246138
1534,660,0.0032559120000000001
1535,739,0.003369342
1536,351,0.003480768
1537,504,0.0034459360000000001
1538,487,0.003349126
1539,400,0.0031830750000000001
1540,471,0.0032801689999999999
1541,661,0.003818943
1542,575,0.0045294300000000001
1543,431,0.003210063
1544,474,0.0032461590000000002
1545,606,0.0030768309999999999
1546,547,0.0031779109999999998
1547,476,0.003327581
1548,485,0.00361758
1549,580,0.0038024259999999998
1550,530,0.0034466430000000001
1551,504,0.0035490320000000001
1552,456,0.0032246319999999998
1553,517,0.0043028559999999999
1554,521,0.0034289810000000002
1555,403,0.0035953059999999999
1556,1453,0.0036550889999999998
1557,626,0.003364461
1558,426,0.003423934
1559,667,0.0037053670000000002
1560,534,0.0055305809999999997
1561,363,0.0045134470000000003
1562,411,0.0042803019999999997
1563,340,0.0042494229999999996
1564,382,0.0042358780000000002
1565,490,0.0036661900000000002
1566,515,0.0032863359999999999
1567,427,0.0032775439999999999
1568,429,0.0036271939999999998
1569,492,0.00353529
1570,422,0.0035011170000000002
1571,374,0.00317199
1572,370,0.0041015720000000004
1573,402,0.0040554019999999996
1574,521,0.0040718689999999997
1575,408,0.0037204579999999998
1576,388,0.0032172360000000001
1577,451,0.0036050800000000001
1578,481,0.004115222
1579,426,0.0040985329999999997
1580,350,0.0038063210000000001
1581,1453,0.0036308
1582,665,0.0035310129999999999
1583,436,0.0033639550000000001
1584,676,0.003483384
1585,389,0.0036766770000000002
1586,293,0.0045874419999999997
1587,308,0.0034360179999999999
1588,201,0.003353211
1589,293,0.0033778839999999998
1590,310,0.0037526510000000001
1591,275,0.0036134969999999998
1592,370,0.0034439700000000002
1593,370,0.003290107
1594,297,0.0033109580000000001
1595,249,0.0044427729999999997
1596,238,0.0038533640000000002
1597,294,0.0039137210000000002
1598,322,0.0034963419999999999
1599,395,0.003409778
1600,353,0.003364293
1601,409,0.003553722
1602,393,0.0036807879999999999
1603,428,0.004202066
1604,347,0.0040347619999999999
1605,344,0.0040611179999999998
1606,1758,0.0036297230000000001
1607,346,0.003588609
1608,573,0.0035962899999999998
1609,917,0.0038257529999999999
1610,441,0.003440083
1611,339,0.0037619440000000001
1612,330,0.003618511
1613,357,0.0043786420000000003
1614,355,0.0040505510000000003
1615,483,0.0044702839999999997
1616,428,0.0041887900000000004
1617,366,0.0045992239999999998
1618,516,0.0043896650000000001
1619,471,0.0038974930000000001
1620,401,0.003852781
1621,378,0.0049799090000000002
1622,453,0.0041943029999999999
1623,514,0.0039084050000000002
1624,500,0.0037368879999999998
1625,443,0.0034061349999999998
1626,524,0.0038314669999999999
1627,556,0.0035128529999999998
1628,501,0.0033519959999999999
1629,404,0.0039341790000000003
1630,423,0.0050146909999999999
1631,2289,0.0040681780000000004
1632,316,0.0035136999999999998
1633,456,0.003535884
1634,775,0.0036398559999999999
1635,478,0.0034631879999999999
1636,356,0.0034114979999999998
1637,248,0.0035228199999999999
1638,393,0.00376881
1639,387,0.003471043
1640,450,0.0034268580000000001
1641,448,0.0033692919999999999
1642,449,0.0034401079999999999
1643,461,0.004132663
1644,409,0.0040540760000000002
1645,286,0.0040690320000000002
1646,338,0.0039223130000000002
1647,387,0.0042035390000000001
1648,410,0.0038771589999999998
1649,390,0.003975241
1650,363,0.0036804060000000002
1651,428,0.0034222760000000001
1652,447,0.0038169179999999999
1653,324,0.0034476139999999999
1654,322,0.0042358029999999998
1655,256,0.004362711
1656,1063,0.0044020370000000001
1657,125,0.0043301119999999997
1658,884,0.0035840020000000002
1659,592,0.0037082909999999998
1660,314,0.0046991000000000003
1661,263,0.0034005239999999998
1662,262,0.0033765879999999998
1663,367,0.0034642309999999999
1664,448,0.0044561979999999998
1665,442,0.0033796830000000001
1666,366,0.0033417709999999999
1667,471,0.003268413
1668,435,0.0032756230000000001
1669,314,0.003959771
1670,321,0.0042048529999999997
1671,357,0.0041141579999999997
1672,308,0.0033137370000000002
1673,286,0.0032678949999999998
1674,281,0.0043274159999999997
1675,369,0.0051748519999999998
1676,412,0.003562202
1677,366,0.0033860470000000001
1678,286,0.0032602540000000002
1679,314,0.003332359
1680,1129,0.003231191
1681,1097,0.0034041309999999999
1682,273,0.004069975
1683,675,0.0034114670000000001
1684,568,0.003434838
1685,217,0.0036242980000000002
1686,218,0.0031998159999999999
1687,296,0.003406343
1688,327,0.0035360600000000002
1689,340,0.003591693
1690,371,0.0036277430000000001
1691,453,0.0030402860000000001
1692,556,0.0039149479999999997
1693,426,0.0031460009999999998
1694,263,0.003211518
1695,394,0.003092839
1696,490,0.003042103
1697,484,0.0039548120000000003
1698,449,0.0030040940000000001
1699,512,0.0033822660000000001
1700,625,0.0039099579999999998
1701,583,0.0038340610000000002
1702,485,0.0047884579999999998
1703,499,0.003157038
1704,580,0.0032368570000000001
1705,1637,0.0033858780000000002
1706,736,0.0035727910000000001
1707,710,0.0034910340000000001
1708,1275,0.0034569620000000001
1709,582,0.003816762
1710,422,0.0040864830000000001
1711,470,0.0037485410000000002
1712,522,0.0031871870000000002
1713,491,0.0029368799999999998
1714,399,0.0034378149999999999
1715,503,0.007900776
1716,675,0.010459634000000001
1717,386,0.0052146440000000001
1718,459,0.0032905500000000002
1719,427,0.0029382710000000001
1720,461,0.0031386029999999998
1721,388,0.0031383610000000001
1722,345,0.0032408739999999999
1723,412,0.0031044509999999998
1724,530,0.0040466299999999998
1725,451,0.0039808439999999999
1726,409,0.0037761349999999999
1727,372,0.0032406150000000001
1728,399,0.0031319970000000001
1729,368,0.003375318
1730,1864,0.0036418459999999998
1731,205,0.0035148750000000002
1732,768,0.0034535590000000001
1733,919,0.0034721890000000001
1734,219,0.003733133
1735,242,0.0035065180000000001
1736,287,0.0035674050000000001
1737,274,0.0033544489999999998
1738,279,0.0034494460000000001
1739,411,0.0032493769999999999
1740,558,0.0039648390000000004
1741,462,0.0039193939999999997
1742,390,0.00333439
1743,312,0.0032855660000000002
1744,350,0.0034185650000000001
1745,339,0.00330605
1746,306,0.0037619429999999998
1747,454,0.010579636
1748,524,0.0070242680000000002
1749,434,0.004103649
1750,388,0.0040125500000000001
1751,326,0.0035808390000000002
1752,403,0.0032679599999999999
1753,381,0.0032372659999999999
1754,661,0.0033867900000000002
1755,795,0.0044456809999999999
1756,457,0.003971512
1757,774,0.0034792170000000002
1758,551,0.0034667080000000002
1759,217,0.0033395460000000001
1760,320,0.003373198
1761,330,0.0036391819999999999
1762,313,0.0032952369999999999
1763,452,0.0033955050000000001
1764,491,0.0032762989999999999
1765,519,0.0036052969999999999
1766,512,0.0039705119999999998
1767,466,0.0037087130000000002
1768,466,0.0039277679999999999
1769,441,0.0038820679999999998
1770,389,0.0042499
1771,486,0.0038077509999999998
1772,589,0.003771122
1773,619,0.006015861
1774,528,0.004423537
1775,619,0.0038873710000000001
1776,587,0.0040761779999999997
1777,633,0.0042254099999999998
1778,504,0.0040677960000000003
1779,1585,0.0042473989999999998
1780,999,0.0040655839999999997
1781,580,0.0049939119999999997
1782,1220,0.0042301029999999998
1783,681,0.004035477
1784,561,0.0036782410000000001
1785,592,0.0037660770000000001
1786,535,0.0034090790000000002
1787,570,0.0034473419999999999
1788,674,0.0040246609999999997
1789,718,0.0038008209999999998
1790,626,0.0038196929999999999
1791,689,0.0036366520000000002
1792,527,0.0034547470000000002
1793,480,0.0040148559999999998
1794,461,0.0037398309999999999
1795,417,0.0037039970000000001
1796,517,0.0034084950000000001
1797,527,0.003728627
1798,456,0.0037421720000000002
1799,491,0.0040490719999999999
1800,594,0.0036716639999999998
1801,479,0.0033755859999999999
1802,367,0.0036431570000000002
1803,454,0.0032526550000000001
1804,1970,0.0041006649999999999
1805,247,0.0040315180000000004
1806,750,0.004208425
1807,995,0.0042184450000000004
1808,444,0.0040407610000000004
1809,361,0.0040071079999999997
1810,304,0.0036172000000000001
1811,376,0.0038002019999999999
1812,516,0.0040887450000000004
1813,554,0.0043419620000000004
1814,520,0.0041880479999999998
1815,495,0.0038414740000000001
1816,572,0.0043849650000000002
1817,351,0.0033750500000000001
1818,393,0.0033969650000000001
1819,364,0.0031915659999999998
1820,473,0.0031553150000000001
1821,484,0.003696576
1822,441,0.0034614369999999999
1823,496,0.0031758160000000001
1824,566,0.0032230660000000001
1825,489,0.0033027450000000002
1826,447,0.0040419890000000002
1827,491,0.0037745949999999999
1828,1218,0.0040492740000000003
1829,1078,0.0040357860000000004
1830,540,0.003874092
1831,823,0.0039816529999999999
1832,874,0.00381592
1833,395,0.003607683
1834,391,0.0036564810000000001
1835,476,0.0034264289999999999
1836,695,0.0032252349999999999
1837,695,0.0032903170000000001
1838,411,0.0038132079999999998
1839,758,0.0039286199999999999
1840,581,0.0034988810000000001
1841,734,0.0034287190000000002
1842,582,0.003674826
1843,624,0.0038928859999999999
1844,786,0.003497493
1845,715,0.003316912
1846,613,0.00348117
1847,665,0.0032378760000000002
1848,847,0.0037129839999999999
1849,741,0.0037739090000000002
1850,620,0.0036438379999999999
1851,603,0.0037276169999999999
1852,642,0.0037143229999999998
1853,661,0.0054980869999999996
1854,2066,0.0034328620000000001
1855,497,0.0034766580000000001
1856,952,0.0032806089999999999
1857,1147,0.0036470270000000002
1858,358,0.0036986580000000001
1859,389,0.0038386420000000002
1860,384,0.0039077000000000001
1861,421,0.0038939370000000001
1862,461,0.003827979
1863,488,0.0038088509999999998
1864,643,0.003606855
1865,585,0.003386207
1866,361,0.0032997949999999999
1867,291,0.0029850689999999999
1868,395,0.002960687
1869,343,0.003121459
1870,332,0.002995714
1871,321,0.0032009059999999999
1872,514,0.003216343
1873,508,0.0034281630000000001
1874,394,0.0035606890000000001
1875,337,0.0038156829999999998
1876,397,0.0035753199999999999
1877,451,0.0030670099999999998
1878,1146,0.0033585310000000001
1879,385,0.003092474
1880,644,0.0030690689999999998
1881,1179,0.003634567
1882,825,0.0041646260000000003
1883,301,0.0031434129999999998
1884,459,0.0031327669999999998
1885,463,0.0033483470000000002
1886,439,0.0032597659999999999
1887,485,0.0035401489999999998
1888,641,0.0032039909999999998
1889,510,0.0032357779999999999
1890,444,0.0030539400000000002
1891,436,0.0031792040000000001
1892,374,0.0030389810000000001
1893,585,0.0030850869999999998
1894,416,0.003195537
1895,379,0.0030572210000000002
1896,451,0.0033153190000000002
1897,527,0.004036113
1898,536,0.00398073
1899,389,0.0036899070000000001
1900,514,0.0036511970000000001
1901,568,0.004493057
1902,465,0.0035927580000000001
1903,700,0.0033099840000000002
1904,428,0.0029403879999999999
1905,571,0.0040866339999999996
1906,884,0.0040221349999999996
1907,510,0.003472803
1908,374,0.003136252
1909,430,0.0030761590000000002
1910,381,0.0032427789999999999
1911,276,0.0031930980000000001
1912,411,0.0034206100000000001
1913,542,0.0037740159999999998
1914,506,0.0036493379999999998
1915,337,0.0034465860000000002
1916,388,0.0029365670000000002
1917,450,0.0029331330000000001
1918,394,0.0030018929999999998
1919,317,0.0029537719999999999
1920,359,0.0028533270000000001
1921,563,0.0029212639999999998
1922,456,0.0028220820000000001
1923,386,0.002818564
1924,377,0.0027531420000000001
1925,460,0.0028513089999999998
1926,437,0.0043473009999999996
1927,323,0.0034548729999999998
1928,1032,0.0033999329999999999
1929,315,0.003230162
1930,610,0.0029986679999999999
1931,665,0.0031235210000000002
1932,495,0.0062059029999999996
1933,328,0.0029712290000000001
1934,417,0.0030397000000000002
1935,300,0.0043200030000000002
1936,303,0.0031993659999999999
1937,492,0.0032720789999999998
1938,506,0.0030349560000000001
1939,370,0.0030422240000000001
1940,375,0.0032063209999999998
1941,475,0.0033378079999999998
1942,379,0.003557485
1943,319,0.0049699640000000003
1944,323,0.003658667
1945,439,0.0030319639999999998
1946,416,0.0028946039999999998
1947,363,0.0029671189999999998
1948,343,0.0042828559999999998
1949,359,0.0049674840000000003
1950,509,0.0033800380000000001
1951,384,0.0029134170000000002
1952,318,0.003270453
1953,1624,0.0032811820000000001
1954,270,0.0058238819999999998
1955,498,0.0030096509999999999
1956,633,0.0029445059999999999
1957,426,0.002848111
1958,385,0.002761229
1959,298,0.0033507900000000002
1960,317,0.0028279939999999999
1961,331,0.0030813210000000001
1962,452,0.0027530010000000001
1963,398,0.0029008269999999999
1964,350,0.0028125630000000001
1965,414,0.002783153
1966,445,0.0028004319999999998
1967,284,0.0026933909999999998
1968,278,0.0029391119999999998
1969,332,0.003733437
1970,375,0.0032653370000000001
1971,325,0.0036799319999999999
1972,282,0.0032659170000000001
1973,314,0.0028687510000000001
1974,404,0.0032180680000000001
1975,256,0.0064139280000000002
1976,307,0.003663758
1977,251,0.0037218809999999998
1978,1850,0.0040953070000000003
1979,206,0.0041845390000000001
1980,394,0.0031980239999999998
1981,544,0.0031286920000000002
1982,478,0.0030250799999999999
1983,240,0.0029790770000000001
1984,202,0.0033217839999999999
1985,249,0.0038083589999999999
1986,334,0.0060133010000000004
1987,302,0.014527976
1988,311,0.004216437
1989,317,0.0037715650000000002
1990,479,0.0033391689999999999
1991,307,0.0032523019999999999
1992,189,0.0029309639999999999
1993,311,0.0028676750000000001
1994,449,0.002795297
1995,359,0.0045713239999999999
1996,250,0.0029229690000000001
1997,336,0.0027409000000000001
1998,455,0.002783382
1999,348,0.0027522330000000002
2000,296,0.0029614329999999999
2001,321,0.0027167110000000001
2002,374,0.0041860079999999997
2003,1523,0.0038491210000000001
2004,246,0.0031311870000000001
2005,589,0.0035391049999999999
2006,1173,0.003171793
2007,607,0.003159823
2008,192,0.0029862410000000002
2009,217,0.0040548199999999998
2010,311,0.0034851510000000001
2011,255,0.003671709
2012,324,0.0035184690000000002
2013,486,0.0061401069999999997
2014,486,0.0056859179999999999
2015,373,0.0035856199999999999
2016,248,0.0031809749999999999
2017,293,0.0032558840000000001
2018,344,0.0036856940000000002
2019,397,0.0028036100000000002
2020,316,0.0026709059999999998
2021,420,0.0026311260000000001
2022,395,0.0025865889999999998
2023,431,0.00271076
2024,287,0.0034721420000000001
2025,326,0.0031713240000000001
2026,393,0.0030647209999999999
2027,431,0.0028155929999999999
2028,968,0.0030371880000000001
2029,267,0.0029652300000000001
2030,643,0.0035887269999999999
2031,936,0.002958193
2032,465,0.003639995
2033,304,0.0029900669999999999
2034,354,0.003047424
2035,328,0.00341019
2036,341,0.003203713
2037,337,0.0029988940000000002
2038,519,0.002897181
2039,458,0.0028829599999999999
2040,380,0.0028221029999999999
2041,311,0.0028369710000000002
2042,383,0.0033910049999999999
2043,458,0.0028037420000000001
2044,354,0.0027313229999999999
2045,299,0.0033291560000000002
2046,454,0.003439789
2047,455,0.0027473189999999998
2048,391,0.0029358800000000001
2049,332,0.0031039209999999999
2050,382,0.0027743139999999999
2051,393,0.0032297250000000001
2052,329,0.0036721039999999998
2053,1674,0.0036877989999999999
2054,182,0.0029912620000000002
2055,457,0.003079858
2056,520,0.0030685170000000002
2057,316,0.0028732160000000001
2058,232,0.0030985259999999999
2059,216,0.002985049
2060,221,0.0029369449999999998
2061,247,0.0031472200000000001
2062,384,0.002911163
2063,442,0.002908529
2064,335,0.0034412430000000001
2065,268,0.0029706839999999999
2066,349,0.0031517759999999998
2067,371,0.0033339580000000001
2068,213,0.0027990240000000002
2069,234,0.0027170089999999998
2070,464,0.0027154309999999999
2071,486,0.0027238060000000001
2072,342,0.0027307009999999999
2073,295,0.0027326410000000001
2074,385,0.0047721059999999999
2075,342,0.01334102
2076,297,0.0053168729999999997
2077,271,0.0027342740000000001
2078,703,0.002844334
2079,753,0.0030462559999999998
2080,423,0.0027845909999999999
2081,910,0.0028532359999999999
2082,788,0.0029168470000000002
2083,298,0.0028534929999999999
2084,310,0.0037590729999999999
2085,349,0.0028183700000000002
2086,472,0.0029896499999999999
2087,520,0.0031084049999999998
2088,455,0.0029196299999999999
2089,438,0.002766391
2090,390,0.0037783339999999999
2091,524,0.003435993
2092,359,0.002722014
2093,383,0.0026666039999999999
2094,430,0.0032129480000000002
2095,391,0.0030043940000000001
2096,477,0.010647556000000001
2097,407,0.0033464649999999999
2098,453,0.0029119430000000002
2099,516,0.0026150700000000002
2100,436,0.0027123659999999999
2101,347,0.0027037699999999999
2102,381,0.0026958009999999998
2103,1940,0.0034312679999999999
2104,509,0.0036440919999999998
2105,373,0.0031788680000000001
2106,772,0.002906652
2107,1009,0.0034510700000000001
2108,525,0.0035133439999999998
2109,423,0.0035175969999999999
2110,521,0.0033268070000000002
2111,569,0.0033630040000000002
2112,606,0.003451478
2113,597,0.0034054010000000002
2114,774,0.00335352
2115,901,0.0030200439999999999
2116,576,0.0027270329999999998
2117,526,0.0030075029999999999
2118,683,0.0030649660000000001
2119,811,0.003791591
2120,753,0.0033903729999999999
2121,699,0.0034326280000000001
2122,797,0.003409699
2123,897,0.0034521930000000001
2124,836,0.0034256130000000001
2125,710,0.003013263
2126,680,0.003278427
2127,870,0.002916821
2128,1283,0.0031695009999999999
2129,705,0.0033474189999999999
2130,568,0.0032639750000000001
2131,1052,0.0034241039999999999
2132,1566,0.00341049
2133,485,0.0030126469999999998
2134,539,0.002939849
2135,566,0.0031246690000000001
2136,425,0.0029502360000000002
2137,537,0.002992747
2138,788,0.0027250170000000002
2139,848,0.0031416529999999999
2140,662,0.0033615699999999999
2141,417,0.0030507440000000002
2142,406,0.0030913830000000001
2143,628,0.0030118340000000001
2144,547,0.0026728350000000001
2145,442,0.002996599
2146,541,0.0026835940000000001
2147,696,0.00303857
2148,612,0.0028377760000000002
2149,379,0.0025487330000000001
2150,449,0.002419137
2151,518,0.0026052929999999998
2152,380,0.0031566739999999999
2153,286,0.002859164
2154,1338,0.0031197619999999999
2155,274,0.002760251
2156,914,0.0029421930000000001
2157,770,0.0028301820000000001
2158,407,0.0025784670000000001
2159,367,0.002956677
2160,268,0.0030639959999999998
2161,293,0.003040123
2162,444,0.0025000650000000001
2163,611,0.002873895
2164,412,0.0029028510000000001
2165,369,0.002614169
2166,463,0.0028820180000000001
2167,526,0.0028423989999999998
2168,424,0.0024005099999999998
2169,327,0.002783186
2170,434,0.0027928739999999999
2171,481,0.0027413839999999999
2172,454,0.002948071
2173,441,0.0030805429999999998
2174,502,0.002770701
2175,597,0.0029403739999999999
2176,595,0.0024737409999999998
2177,494,0.002534906
2178,546,0.0025044149999999999
2179,1174,0.0028164129999999998
2180,472,0.002846309
2181,728,0.0027133000000000001
2182,1192,0.002700432
2183,1006,0.0023326530000000001
2184,726,0.002278216
2185,741,0.0023921150000000002
2186,711,0.0025757900000000001
2187,929,0.0023069060000000001
2188,882,0.0026253660000000001
2189,925,0.0027492530000000001
2190,931,0.0022457789999999998
2191,1102,0.002367395
2192,1291,0.002562319
2193,920,0.0024152319999999998
2194,804,0.0022948479999999999
2195,973,0.0025346959999999999
2196,1104,0.0024129820000000001
2197,966,0.0023493540000000001
2198,914,0.002559628
2199,1102,0.0027999549999999998
2200,1314,0.0027204920000000001
2201,1059,0.0031848269999999999
2202,905,0.0033023100000000001
2203,891,0.003262989
2204,3087,0.00304623
2205,778,0.002756058
2206,919,0.0035458030000000001
2207,1391,0.002954234
2208,947,0.0027537780000000001
2209,810,0.0027789170000000001
2210,776,0.002596283
2211,894,0.0025895219999999999
2212,900,0.002831021
2213,804,0.002973734
2214,928,0.0024228959999999999
2215,1275,0.0027523769999999999
2216,1192,0.0025430019999999999
2217,952,0.0025107049999999998
2218,674,0.0024843339999999999
2219,760,0.002434645
2220,871,0.0024848100000000001
2221,775,0.0026826699999999998
2222,734,0.0025118549999999999
2223,986,0.0024861330000000002
2224,889,0.0025184600000000001
2225,785,0.002788993
2226,661,0.0028098559999999999
2227,763,0.0026152459999999999
2228,899,0.0025051890000000001
2229,1949,0.0026897399999999999
2230,696,0.0025819250000000001
2231,765,0.0027553830000000001
2232,1542,0.0027743709999999999
2233,1208,0.0024846360000000001
2234,566,0.0024049689999999999
2235,702,0.0023771420000000001
2236,739,0.0027114499999999998
2237,596,0.0022093630000000002
2238,674,0.0028272480000000001
2239,789,0.002415796
2240,1011,0.0023059489999999998
2241,776,0.0023542789999999999
2242,607,0.002287524
2243,686,0.0022600559999999999
2244,832,0.00225757
2245,709,0.0034309829999999999
2246,601,0.002306738
2247,771,0.0021247179999999998
2248,884,0.0023672200000000002
2249,875,0.0023555529999999998
2250,580,0.002695771
2251,825,0.0024783140000000001
2252,1008,0.0024301769999999999
2253,918,0.0023984330000000002
2254,1979,0.0025666790000000001
2255,695,0.002481352
2256,826,0.0024104819999999998
2257,1112,0.0024815660000000002
2258,1471,0.0026881990000000001
2259,788,0.0025502979999999999
2260,1059,0.0025337889999999998
2261,1014,0.0024893189999999998
2262,842,0.0025040510000000002
2263,951,0.0023841510000000002
2264,1298,0.0025173890000000001
2265,1275,0.0027651709999999999
2266,1042,0.0028405010000000001
2267,1172,0.0022566930000000002
2268,1267,0.002225023
2269,1355,0.0025297119999999999
2270,1049,0.003813215
2271,952,0.002516571
2272,1135,0.002267739
2273,1266,0.0022557039999999999
2274,983,0.0024563079999999999
2275,1018,0.002425988
2276,1230,0.0026240510000000001
2277,1327,0.0029541440000000001
2278,925,0.0028817790000000001
2279,842,0.0028536849999999999
2280,2487,0.0026605679999999999
2281,701,0.0024086559999999999
2282,1079,0.0026890949999999999
2283,1637,0.0023862330000000002
2284,1244,0.0028690859999999999
2285,873,0.0025183879999999999
2286,739,0.0023788379999999999
2287,745,0.0022721199999999999
2288,638,0.0024383830000000001
2289,935,0.0027392250000000001
2290,794,0.0022882390000000001
2291,833,0.0026479469999999999
2292,1002,0.0022454250000000001
2293,1027,0.0022959080000000002
2294,669,0.0023582189999999999
2295,582,0.0023195529999999998
2296,731,0.002289035
2297,787,0.0022797690000000001
2298,569,0.0022430010000000001
2299,616,0.0021776429999999999
2300,792,0.0021570650000000001
2301,872,0.002435464
2302,614,0.0025176339999999999
2303,391,0.002226123
2304,603,0.0024474039999999998
2305,2017,0.003038102
2306,475,0.0023054059999999999
2307,661,0.002134693
2308,1183,0.002302424
2309,1227,0.0022136999999999999
2310,512,0.0020596579999999998
2311,470,0.0022190999999999999
2312,734,0.0026099790000000001
2313,720,0.0022669919999999998
2314,599,0.0022347410000000002
2315,747,0.0023684560000000001
2316,1211,0.0023472639999999999
2317,960,0.0023277089999999999
2318,716,0.0022980040000000002
2319,545,0.0026020959999999999
2320,834,0.002332073
2321,946,0.0026091539999999998
2322,726,0.0022739679999999999
2323,727,0.0022878880000000001
2324,924,0.002271711
2325,1146,0.0023277509999999999
2326,897,0.0024338799999999998
2327,697,0.0022002800000000002
2328,891,0.002396249
2329,1175,0.0063708239999999998
2330,2308,0.0054225339999999997
2331,774,0.0031387749999999999
2332,889,0.0024419429999999998
2333,1373,0.0023900470000000002
2334,1595,0.0030173349999999999
2335,791,0.002294122
2336,955,0.0024011570000000001
2337,875,0.0024756000000000001
2338,987,0.002429989
2339,849,0.0024105709999999998
2340,1171,0.0023728500000000001
2341,1403,0.0024212610000000001
2342,1183,0.002324736
2343,925,0.0031296729999999999
2344,970,0.0023724470000000002
2345,1198,0.002246975
2346,1158,0.0021856599999999999
2347,841,0.002106419
2348,1024,0.0033880540000000002
2349,1237,0.0029558750000000002
2350,1238,0.0031678980000000002
2351,847,0.0022590599999999998
2352,954,0.002187104
2353,1223,0.0022952089999999999
2354,1207,0.0023380100000000002
2355,912,0.0021373389999999998
2356,2172,0.0043756560000000003
2357,825,0.002273335
2358,1299,0.0022071040000000001
2359,1503,0.0026573569999999999
2360,1199,0.0028969239999999999
2361,970,0.0027304149999999999
2362,1060,0.0026901450000000001
2363,647,0.0026897959999999999
2364,1006,0.0023757840000000001
2365,1363,0.002376254
2366,1052,0.002699286
2367,746,0.002529365
2368,985,0.0022382719999999999
2369,1056,0.0021742240000000002
2370,832,0.0022965619999999998
2371,574,0.0025071730000000001
2372,715,0.003480964
2373,920,0.004236315
2374,832,0.0023009630000000001
2375,532,0.0028785939999999999
2376,684,0.002594514
2377,862,0.0027863150000000001
2378,823,0.0028130049999999999
2379,590,0.002418768
2380,547,0.0020780339999999999
2381,1769,0.002608118
2382,471,0.002258211
2383,483,0.002426779
2384,1092,0.0024615209999999999
2385,1486,0.0029283
2386,466,0.0026549130000000001
2387,390,0.0033286740000000002
2388,430,0.002298727
2389,567,0.0023033569999999998
2390,580,0.002132948
2391,407,0.0022290470000000001
2392,702,0.0025424779999999999
2393,806,0.0025092930000000001
2394,708,0.002963678
2395,392,0.0024634380000000001
2396,480,0.002135461
2397,685,0.0025473779999999999
2398,611,0.0020461429999999998
2399,489,0.0021344559999999999
2400,636,0.002050662
2401,744,0.0022913180000000001
2402,859,0.002489822
2403,625,0.00226385
2404,559,0.0020058680000000001
2405,780,0.0025025830000000001
2406,2088,0.002557358
2407,655,0.002360085
2408,557,0.0024999559999999998
2409,1345,0.0026627450000000002
2410,1201,0.0026622730000000002
2411,755,0.0026980469999999999
2412,569,0.0026690590000000001
2413,850,0.002729965
2414,738,0.0027423629999999998
2415,766,0.0026814080000000001
2416,913,0.0023378280000000001
2417,1260,0.0026226299999999999
2418,1125,0.0022221469999999998
2419,964,0.0021130300000000001
2420,822,0.002415754
2421,954,0.0028559789999999998
2422,1059,0.0024585639999999999
2423,980,0.00253718
2424,757,0.0020657230000000002
2425,1039,0.0020779700000000002
2426,1186,0.0021928249999999998
2427,975,0.0020585619999999999
2428,823,0.0023512400000000001
2429,957,0.0028630560000000001
2430,1059,0.002563802
2431,1005,0.0022918080000000002
2432,2154,0.0027779319999999999
2433,644,0.0026421019999999999
2434,1321,0.0026608500000000002
2435,1091,0.0027863200000000001
2436,1289,0.0031495120000000001
2437,979,0.0027721920000000001
2438,883,0.0027785800000000001
2439,694,0.0027798050000000002
2440,663,0.0025995290000000002
2441,1130,0.002608866
2442,972,0.0027604539999999999
2443,764,0.0026412789999999998
2444,630,0.0025629099999999998
2445,880,0.0032476599999999999
2446,778,0.0026914529999999999
2447,624,0.0026146160000000002
2448,513,0.0025863190000000001
2449,716,0.0025087730000000002
2450,691,0.00249307
2451,627,0.0024326180000000001
2452,488,0.0025801090000000001
2453,693,0.0027426339999999999
2454,682,0.0022619850000000002
2455,654,0.002147436
2456,431,0.0020984829999999999
2457,1604,0.0023291829999999999
2458,553,0.0023795449999999998
2459,429,0.0023852629999999999
2460,1119,0.0028709109999999999
2461,1603,0.003176805
2462,771,0.002415628
2463,567,0.0024426909999999999
2464,473,0.0025138029999999998
2465,746,0.002703188
2466,893,0.0024179610000000002
2467,726,0.0022089869999999999
2468,709,0.0020571970000000002
2469,952,0.0075681139999999999
2470,929,0.0099256699999999993
2471,923,0.0026625059999999998
2472,744,0.003512757
2473,875,0.0029881640000000002
2474,971,0.0020834619999999999
2475,897,0.002292526
2476,774,0.002618839
2477,962,0.0026610409999999998
2478,1159,0.0025535309999999999
2479,1136,0.0022642259999999998
2480,784,0.0024665189999999999
2481,863,0.0026061399999999998
2482,948,0.0024423940000000001
2483,2457,0.0023059729999999998
2484,620,0.0020485429999999999
2485,1347,0.002325845
2486,1730,0.002400784
2487,1405,0.0021971820000000002
2488,771,0.0024791100000000001
2489,949,0.0029647900000000001
2490,1021,0.002498597
2491,1063,0.002461109
2492,930,0.0023117530000000002
2493,1250,0.0023719290000000001
2494,1312,0.0023314809999999998
2495,1157,0.0021403389999999998
2496,939,0.0021406929999999999
2497,1052,0.0020101279999999999
2498,1218,0.0021973349999999999
2499,1090,0.0026375600000000002
2500,892,0.0025373639999999999
2501,1137,0.0027410540000000001
2502,1297,0.0025420880000000001
2503,1249,0.0025583340000000002
2504,990,0.0024786690000000002
2505,965,0.002639508
2506,1024,0.0025272430000000002
2507,1096,0.0022887739999999999
2508,2220,0.002368682
2509,873,0.002480187
2510,963,0.0023294560000000001
2511,1315,0.0027159469999999998
2512,1491,0.0027867819999999998
2513,1231,0.0026505330000000001
2514,830,0.002414041
2515,852,0.0023897789999999999
2516,663,0.0025605670000000001
2517,699,0.0022139989999999999
2518,938,0.0022194279999999999
2519,820,0.002126888
2520,683,0.0019287040000000001
2521,807,0.0022178570000000002
2522,905,0.0032376079999999999
2523,700,0.0025974290000000001
2524,479,0.002493561
2525,639,0.0024264439999999998
2526,748,0.0024818599999999998
2527,710,0.0023609059999999999
2528,526,0.0023165260000000002
2529,550,0.0022803630000000001
2530,684,0.0025522269999999998
2531,666,0.0022786640000000001
2532,416,0.0025270420000000002
2533,510,0.0025041629999999998
2534,1735,0.0025018549999999999
2535,368,0.002262221
2536,369,0.002852673
2537,1086,0.0030337089999999999
2538,1812,0.00313569
2539,484,0.0027424350000000001
2540,340,0.0025406449999999998
2541,429,0.0026704570000000002
2542,552,0.0027902510000000001
2543,562,0.0024598100000000002
2544,527,0.0026251
2545,709,0.0024378249999999998
2546,870,0.0024840370000000001
2547,751,0.0028401339999999998
2548,457,0.0024022990000000001
2549,555,0.0023649970000000002
2550,768,0.0023470259999999999
2551,728,0.0022967339999999999
2552,636,0.002381017
2553,612,0.0022104389999999998
2554,810,0.002134632
2555,920,0.0028304459999999999
2556,751,0.0028379379999999999
2557,690,0.002263569
2558,661,0.0022413789999999999
2559,951,0.0022064469999999998
2560,2301,0.0025371249999999999
2561,563,0.002677947
2562,1089,0.0034412940000000001
2563,1523,0.0029880940000000002
2564,1674,0.0030510369999999999
2565,954,0.0028208
2566,1064,0.002454454
2567,1298,0.0024369190000000001
2568,858,0.00246627
2569,1062,0.002515256
2570,1591,0.0023772149999999998
2571,1448,0.0025810170000000001
2572,1116,0.0026226679999999999
2573,1170,0.0023326480000000001
2574,1353,0.0023839349999999998
2575,1608,0.0025131649999999999
2576,1196,0.0021563929999999999
2577,1071,0.0020911969999999999
2578,1288,0.002172378
2579,1655,0.0021381249999999998
2580,1263,0.0020334210000000001
2581,1134,0.0021835890000000001
2582,1310,0.0023472390000000001
2583,1565,0.0024272709999999999
2584,1311,0.0026925619999999999
2585,1187,0.0026503830000000001
2586,2228,0.0031056429999999999
2587,1010,0.0030394089999999999
2588,1251,0.0028287149999999999
2589,1581,0.0031436599999999999
2590,2448,0.00336542
2591,1185,0.002914083
2592,976,0.0035330959999999999
2593,833,0.002177787
2594,1045,0.005292176
2595,1187,0.0021312390000000001
2596,925,0.0023309120000000001
2597,928,0.0022458130000000001
2598,976,0.0022942010000000001
2599,1201,0.0032313390000000002
2600,1002,0.0024052819999999999
2601,716,0.0025361699999999999
2602,705,0.0030445580000000002
2603,946,0.0022187470000000001
2604,980,0.002316944
2605,743,0.002191349
2606,753,0.0024944920000000001
2607,969,0.0023358480000000002
2608,954,0.0023174910000000001
2609,668,0.0023098989999999998
2610,710,0.0023044860000000001
2611,2199,0.0026330920000000001
2612,1187,0.0024177579999999999
2613,491,0.0023368669999999999
2614,1006,0.002356337
2615,1493,0.0025094900000000001
2616,1795,0.0025763470000000001
2617,612,0.0023712170000000001
2618,743,0.0022943830000000001
2619,839,0.002453593
2620,787,0.0027883890000000001
2621,764,0.0023442990000000002
2622,1138,0.002506992
2623,1287,0.0023833859999999999
2624,1085,0.0023633740000000001
2625,754,0.0024330240000000002
2626,760,0.0027088289999999998
2627,922,0.002613771
2628,1079,0.0024959100000000001
2629,782,0.0023797340000000001
2630,871,0.0023108199999999999
2631,1117,0.0023824839999999998
2632,1146,0.0022900730000000001
2633,844,0.002961492
2634,840,0.002748328
2635,1069,0.002630856
2636,1171,0.002184643
2637,2124,0.0025918410000000001
2638,752,0.0023206350000000001
2639,1092,0.0022971580000000001
2640,1682,0.0023807759999999998
2641,1360,0.0024327490000000001
2642,1519,0.0023351019999999999
2643,1010,0.0023128799999999998
2644,1187,0.002332574
2645,926,0.0023974299999999999
2646,1104,0.002381438
2647,1554,0.0025050350000000001
2648,1499,0.0022865049999999999
2649,1036,0.0021871949999999999
2650,1067,0.0022273979999999998
2651,1261,0.0023696149999999998
2652,1515,0.002382903
2653,1149,0.0021300360000000001
2654,978,0.0021263969999999999
2655,1156,0.0021383869999999998
2656,1492,0.0020285809999999998
2657,1138,0.0021028409999999998
2658,949,0.0020117970000000001
2659,1181,0.001978133
2660,1523,0.002202332
2661,1106,0.0042829959999999999
2662,954,0.002181087
2663,2014,0.0020434339999999998
2664,1191,0.0019627949999999998
2665,996,0.0020021689999999998
2666,1221,0.0021293219999999999
2667,1844,0.0028370019999999999
2668,2391,0.0032345730000000001
2669,859,0.0023880640000000001
2670,785,0.0058943950000000002
2671,961,0.0083094540000000008
2672,1006,0.0041333460000000004
2673,1042,0.0020316209999999999
2674,925,0.0021772570000000002
2675,1203,0.0024330290000000002
2676,1310,0.001992944
2677,1198,0.0020066120000000001
2678,709,0.002074495
2679,825,0.0021153280000000001
2680,986,0.0022676250000000001
2681,955,0.0023860969999999998
2682,754,0.0022086480000000001
2683,880,0.002271852
2684,1292,0.0022523320000000001
2685,1101,0.0022352420000000001
2686,744,0.0025210359999999999
2687,799,0.0020604149999999999
2688,1047,0.0024425520000000002
2689,2488,0.003071486
2690,859,0.0028319959999999998
2691,771,0.0045414699999999997
2692,1227,0.002313613
2693,1354,0.0025541019999999999
2694,1504,0.0031216059999999999
2695,746,0.0032371050000000001
2696,1022,0.004602905
2697,828,0.0029398440000000001
2698,860,0.0097301269999999999
2699,1138,0.0033561149999999998
2700,1015,0.0051024249999999998
2701,1046,0.0024413960000000002
2702,716,0.002406067
2703,807,0.0024122039999999998
2704,1087,0.0024622630000000001
2705,1047,0.0027516730000000001
2706,876,0.002772718
2707,1007,0.0023217540000000001
2708,1254,0.002493552
2709,1114,0.002233259
2710,932,0.002215435
2711,890,0.0022212159999999998
2712,1178,0.0029532540000000002
2713,1309,0.0027957960000000001
2714,970,0.002306551
2715,2087,0.0025310240000000002
2716,1008,0.002248459
2717,936,0.0023094499999999998
2718,1157,0.002368275
2719,1710,0.002429568
2720,2737,0.0024933540000000001
2721,1353,0.002595464
2722,967,0.0030322669999999999
2723,1014,0.0029322200000000001
2724,1280,0.0029552519999999998
2725,1301,0.002570349
2726,1240,0.0022543490000000001
2727,1214,0.0021172830000000002
2728,1042,0.0021553750000000002
2729,1298,0.0027587179999999998
2730,1185,0.0021792840000000001
2731,1043,0.0023696809999999998
2732,1187,0.0026221690000000001
2733,1249,0.0022420270000000002
2734,1210,0.0021553380000000001
2735,990,0.0022212669999999999
2736,1324,0.0021627870000000002
2737,1414,0.0022833409999999999
2738,1169,0.0023302230000000002
2739,950,0.0036551209999999999
2740,1019,0.0021606799999999999
2741,1194,0.002129906
2742,2887,0.002733035
2743,718,0.0026071470000000002
2744,1086,0.0022014809999999999
2745,1378,0.0022901699999999998
2746,2097,0.0035811599999999999
2747,1309,0.0025179930000000001
2748,948,0.002189224
2749,1136,0.002183216
2750,870,0.002180698
2751,1015,0.0026945110000000001
2752,1113,0.0026946890000000001
2753,1232,0.0023549019999999999
2754,1180,0.0021164280000000001
2755,993,0.0025061430000000002
2756,968,0.0027627329999999999
2757,973,0.0022502440000000002
2758,932,0.002084416
2759,851,0.0021423660000000001
2760,905,0.0022205279999999998
2761,860,0.002218126
2762,800,0.002552632
2763,763,0.0024916819999999998
2764,799,0.0023358509999999999
2765,878,0.0022677040000000002
2766,887,0.0021986570000000001
2767,759,0.0023010090000000001
2768,2074,0.002315845
2769,432,0.0022565570000000002
2770,642,0.0021653060000000001
2771,1069,0.002181269
2772,1354,0.0030254119999999999
2773,1549,0.0022210120000000001
2774,771,0.002523005
2775,680,0.0026279509999999999
2776,733,0.0024949239999999999
2777,815,0.0023592410000000002
2778,867,0.0022534299999999998
2779,1090,0.002023838
2780,887,0.0018588109999999999
2781,873,0.0025770110000000001
2782,992,0.0021937699999999998
2783,952,0.0019703429999999998
2784,912,0.0019580439999999999
2785,1018,0.0021513790000000001
2786,1035,0.002381233
2787,879,0.0019569560000000001
2788,885,0.001972227
2789,1068,0.0025213610000000002
2790,1070,0.0021616029999999998
2791,1074,0.0018363629999999999
2792,938,0.0026167450000000002
2793,971,0.0019711149999999998
2794,2534,0.0022644459999999998
2795,825,0.0021069750000000001
2796,798,0.0022382919999999998
2797,868,0.0027523959999999998
2798,1548,0.0022956249999999999
2799,2285,0.00219695
2800,902,0.002789981
2801,918,0.0026900700000000001
2802,913,0.0027617660000000001
2803,970,0.0024705299999999999
2804,933,0.0028983279999999999
2805,1111,0.0028302560000000002
2806,1063,0.002143898
2807,1069,0.0024323280000000001
2808,983,0.0027827400000000001
2809,907,0.0083664770000000006
2810,928,0.007262208
2811,917,0.002514507
2812,887,0.0022892260000000001
2813,904,0.002237316
2814,1038,0.002111548
2815,1081,0.0020796360000000002
2816,942,0.0019616830000000001
2817,898,0.0020985119999999999
2818,888,0.0020975619999999999
2819,935,0.002373848
2820,2225,0.0025440340000000001
2821,825,0.002156888
2822,665,0.0020885019999999999
2823,880,0.0022907700000000001
2824,1289,0.002404111
2825,1861,0.0024827629999999998
2826,1312,0.0024726290000000001
2827,1057,0.002708837
2828,863,0.0062433879999999999
2829,763,0.002903461
2830,954,0.002987735
2831,1122,0.002465783
2832,1121,0.0026670449999999998
2833,912,0.002467931
2834,1003,0.0024694529999999999
2835,961,0.0026790030000000001
2836,859,0.002248323
2837,732,0.0021007600000000001
2838,783,0.0023868000000000001
2839,611,0.0020405140000000002
2840,845,0.00211852
2841,760,0.0019884780000000001
2842,811,0.0025987340000000001
2843,802,0.0022616110000000002
2844,756,0.0039573439999999998
2845,647,0.0029074769999999999
2846,584,0.0027862899999999999
2847,2129,0.0026626449999999999
2848,288,0.0021204040000000002
2849,430,0.0020645300000000002
2850,592,0.0021088399999999998
2851,1363,0.002305737
2852,1394,0.0043300589999999998
2853,381,0.0021596509999999998
2854,411,0.0020624549999999999
2855,529,0.0020656030000000001
2856,513,0.0020085509999999999
2857,615,0.0020120400000000001
2858,630,0.0024959180000000002
2859,850,0.0023818730000000001
2860,803,0.0024042199999999999
2861,676,0.002550053
2862,729,0.0020417899999999999
2863,879,0.0019494079999999999
2864,806,0.0020182490000000002
2865,823,0.0019866160000000001
2866,861,0.002266307
2867,1038,0.0020709959999999999
2868,995,0.0062772879999999998
2869,1002,0.0094630080000000002
2870,944,0.0067506789999999999
2871,992,0.0019119899999999999
2872,1025,0.001880966
2873,2266,0.0020922720000000001
2874,977,0.0021694209999999999
2875,970,0.0020078650000000002
2876,1085,0.002014769
2877,1308,0.0020995300000000001
2878,2028,0.0068553370000000004
2879,1479,0.002509594
2880,699,0.0026142280000000001
2881,997,0.0070168660000000001
2882,763,0.002158727
2883,1128,0.0027025629999999998
2884,1089,0.0028507739999999999
2885,1070,0.0025838010000000002
2886,1062,0.0023973509999999998
2887,1046,0.002665078
2888,1112,0.0025364979999999999
2889,810,0.0020191649999999998
2890,802,0.0018487239999999999
2891,982,0.0027975679999999998
2892,889,0.001898779
2893,907,0.0018459940000000001
2894,880,0.0019263139999999999
2895,985,0.0019490239999999999
2896,939,0.0020383699999999999
2897,857,0.0021809139999999999
2898,702,0.0020255490000000002
2899,818,0.002093602
2900,1547,0.0024671680000000001
2901,463,0.0026790719999999998
2902,643,0.0024419200000000002
2903,948,0.0022167100000000002
2904,1579,0.0022448659999999999
2905,1900,0.0023785619999999999
2906,761,0.002563601
2907,769,0.002129092
2908,751,0.0021456349999999999
2909,738,0.002816374
2910,944,0.0024706709999999998
2911,932,0.0022846799999999999
2912,1111,0.0032209780000000002
2913,732,0.010560620999999999
2914,681,0.0035427409999999999
2915,700,0.0024420380000000001
2916,853,0.0025124280000000001
2917,609,0.0021049649999999999
2918,593,0.0021537840000000002
2919,637,0.0019765970000000001
2920,699,0.0020384880000000002
2921,657,0.0019575880000000001
2922,648,0.0020349919999999998
2923,707,0.0021488879999999998
2924,705,0.0021979479999999999
2925,616,0.0020113449999999999
2926,1748,0.0025580730000000001
2927,487,0.0022266299999999998
2928,536,0.0022398370000000002
2929,549,0.0025912740000000002
2930,862,0.0026077299999999999
2931,1280,0.0025103870000000002
2932,1171,0.0020397269999999999
2933,461,0.0019280720000000001
2934,475,0.0019778199999999999
2935,663,0.0021738740000000001
2936,595,0.0019914120000000001
2937,636,0.002004432
2938,638,0.002134033
2939,685,0.0020735290000000002
2940,729,0.0023536500000000001
2941,638,0.0022672529999999999
2942,607,0.0022641940000000002
2943,637,0.0022646889999999999
2944,748,0.0023972669999999998
2945,597,0.0026128950000000001
2946,604,0.0030775669999999998
2947,651,0.0025642159999999998
2948,772,0.0025031910000000001
2949,606,0.002454665
2950,525,0.0023844769999999999
2951,660,0.0022078060000000001
2952,651,0.002731987
2953,1868,0.0029263050000000001
2954,451,0.0025268209999999998
2955,536,0.0023954509999999998
2956,736,0.0023448380000000001
2957,959,0.0020740680000000001
2958,1224,0.0025762649999999999
2959,932,0.0026108500000000001
2960,622,0.0022331059999999999
2961,656,0.002302976
2962,668,0.0021198380000000002
2963,916,0.0020466099999999999
2964,1057,0.0021715229999999999
2965,982,0.0021421840000000001
2966,733,0.0022297660000000002
2967,897,0.0019744509999999999
2968,1092,0.0020227840000000001
2969,798,0.0020399210000000001
2970,726,0.0021504039999999999
2971,945,0.002170829
2972,981,0.0022211430000000001
2973,896,0.0021959309999999999
2974,779,0.0022924410000000001
2975,959,0.0025920909999999999
2976,1189,0.0022311219999999999
2977,1049,0.0022121200000000001
2978,601,0.0025524739999999999
2979,656,0.0021603099999999999
2980,2404,0.0022902270000000001
2981,835,0.0021906650000000001
2982,774,0.0023459560000000002
2983,962,0.0024873989999999999
2984,1332,0.0021698680000000001
2985,1709,0.002083428
2986,1355,0.0031939160000000002
2987,999,0.0026400780000000001
2988,1134,0.0028942500000000001
2989,1036,0.002857516
2990,831,0.0022724170000000001
2991,1012,0.0022572320000000001
2992,1221,0.0023234829999999999
2993,1186,0.0046211719999999998
2994,927,0.0022126649999999999
2995,995,0.0081590329999999996
2996,1182,0.0070359519999999998
2997,940,0.002334002
2998,784,0.0025063949999999998
2999,796,0.0021432819999999998
3000,1103,0.0096492109999999996
3001,1087,0.0046344059999999998
3002,832,0.0020972590000000002
3003,797,0.0020161599999999999
3004,1050,0.0020740229999999999
3005,1081,0.0021284469999999999
3006,838,0.0022378879999999999
3007,2150,0.0026576600000000001
3008,668,0.0024957080000000001
3009,964,0.0061460580000000003
3010,904,0.0025452069999999999
3011,1428,0.0027984049999999999
3012,2260,0.0025805590000000001
3013,2063,0.002542547
3014,835,0.0025260510000000001
3015,945,0.0025852459999999998
3016,1295,0.0020799249999999998
3017,1278,0.0022402379999999999
3018,1154,0.0031093739999999998
3019,1272,0.0035781229999999999
3020,1607,0.002583934
3021,1443,0.0025207509999999999
3022,1118,0.0029060760000000001
3023,1173,0.0027613910000000002
3024,1374,0.0028348940000000001
3025,1524,0.0022127380000000001
3026,1199,0.002306134
3027,1132,0.0022939639999999999
3028,1371,0.0020780099999999999
3029,1534,0.002275843
3030,1292,0.0027905180000000001
3031,1171,0.006292153
3032,1471,0.0029251569999999998
3033,1449,0.002692856
3034,2822,0.0028853540000000001
3035,863,0.0026536020000000001
3036,1390,0.0034357739999999999
3037,1653,0.0031684
3038,1102,0.0027713310000000001
3039,1563,0.0028774120000000002
3040,2251,0.0034082650000000002
3041,1269,0.003887045
3042,1232,0.0028633970000000002
3043,868,0.002912324
3044,1599,0.002747953
3045,1519,0.0027385320000000001
3046,1320,0.0022994399999999998
3047,1115,0.0022126979999999999
3048,1644,0.0026310470000000001
3049,1643,0.0042610979999999996
3050,1191,0.0023416589999999998
3051,902,0.0021856969999999999
3052,1186,0.0027101069999999998
3053,1454,0.002336159
3054,1157,0.002399272
3055,925,0.0021704799999999998
3056,1217,0.0028572960000000001
3057,1381,0.0026985630000000002
3058,1182,0.0033201789999999999
3059,855,0.0022779499999999999
3060,1193,0.002528701
3061,2398,0.0027250030000000001
3062,1484,0.002910737
3063,747,0.0039985339999999998
3064,1140,0.0029636990000000002
3065,1763,0.0030203510000000001
3066,1344,0.0029749659999999999
3067,1607,0.0030037699999999998
3068,1206,0.0040659349999999997
3069,1063,0.0045598230000000002
3070,1097,0.0029296579999999999
3071,1055,0.0029059440000000001
3072,1485,0.003078767
3073,1711,0.0052730959999999997
3074,1320,0.0028865940000000001
3075,1022,0.002688523
3076,1174,0.0027233209999999999
3077,1601,0.0024962180000000001
3078,1368,0.0022642029999999998
3079,990,0.002703979
3080,1142,0.0025066670000000002
3081,1420,0.002360114
3082,1248,0.0023273479999999999
3083,1074,0.0023119579999999998
3084,1145,0.0025031010000000002
3085,1382,0.0025604780000000001
3086,1402,0.0025239289999999998
3087,922,0.0023935570000000001
3088,2063,0.002656626
3089,1111,0.0028137790000000002
3090,899,0.002574654
3091,832,0.0025842199999999999
3092,921,0.0025550360000000001
3093,1959,0.0028474379999999999
3094,2389,0.0030721149999999998
3095,831,0.0029341720000000001
3096,766,0.0025057439999999999
3097,1082,0.0034115339999999999
3098,976,0.0035089539999999999
3099,688,0.0028057249999999998
3100,1021,0.0029348830000000001
3101,1394,0.0030292100000000001
3102,1372,0.003208008
3103,943,0.0026073590000000001
3104,799,0.00229759
3105,1102,0.0022845019999999999
3106,1178,0.0023451710000000001
3107,863,0.0023457119999999998
3108,852,0.0025116370000000002
3109,1213,0.002842902
3110,1329,0.0030528270000000001
3111,854,0.0022059330000000002
3112,961,0.0025024309999999998
3113,1248,0.0021174010000000001
3114,1302,0.002189407
3115,1959,0.002641451
3116,1028,0.0026439409999999999
3117,1070,0.0028469120000000001
3118,1224,0.0024907290000000001
3119,936,0.0022196500000000001
3120,1331,0.0022329160000000002
3121,2815,0.003129583
3122,1911,0.003775839
3123,840,0.002938852
3124,982,0.002580176
3125,1411,0.0033053290000000001
3126,1396,0.0038674999999999998
3127,1191,0.0029554719999999998
3128,1157,0.0027247830000000002
3129,1592,0.0028069710000000001
3130,1170,0.002854517
3131,1041,0.002378551
3132,868,0.0026158079999999998
3133,1442,0.002414654
3134,1545,0.0022351979999999999
3135,1273,0.0022007989999999998
3136,1219,0.0022243219999999999
3137,1564,0.0025752240000000001
3138,1660,0.0024807259999999999
3139,1331,0.0029855609999999999
3140,1193,0.0026173920000000001
3141,1396,0.002715196
3142,1720,0.0029185420000000001
3143,2888,0.003244154
3144,976,0.0030350519999999999
3145,1549,0.0025004160000000001
3146,1651,0.0022512080000000002
3147,1432,0.0047938629999999998
3148,2241,0.002861986
3149,2823,0.00259728
3150,1804,0.0026961120000000001
3151,1255,0.0022382140000000001
3152,1147,0.002293729
3153,1551,0.0025063279999999999
3154,1553,0.00220243
3155,1396,0.0021524339999999999
3156,1331,0.003065786
3157,1595,0.0025320059999999998
3158,1703,0.0024154929999999999
3159,989,0.0023398149999999999
3160,1090,0.002039721
3161,1396,0.0020483260000000001
3162,1579,0.0019344620000000001
3163,1309,0.0023968639999999999
3164,1082,0.0025292719999999999
3165,1186,0.002220292
3166,1335,0.0026159740000000001
3167,1265,0.0034668910000000002
3168,911,0.0083437890000000008
3169,1201,0.0020545250000000002
3170,2426,0.002679407
3171,1393,0.002963963
3172,711,0.0027082009999999999
3173,1098,0.002328784
3174,1259,0.0029809770000000001
3175,1246,0.0024407579999999999
3176,1769,0.0022306259999999999
3177,1172,0.0025226110000000001
3178,1321,0.0023618250000000001
3179,940,0.0021919130000000002
3180,808,0.0024758039999999999
3181,1299,0.002440378
3182,1213,0.0022827059999999998
3183,1258,0.002161287
3184,1027,0.0021302249999999999
3185,1120,0.0021276910000000001
3186,1496,0.0020650249999999998
3187,1330,0.0030895720000000001
3188,905,0.0035689530000000001
3189,1065,0.0022976720000000002
3190,1241,0.002453874
3191,1191,0.001996889
3192,1024,0.001953991
3193,1130,0.0018744
3194,1349,0.0023332639999999998
3195,1360,0.0027584620000000002
3196,863,0.002499954
3197,986,0.0088430290000000005
3198,2527,0.0070810450000000002
3199,568,0.0019703960000000001
3200,803,0.0025086140000000002
3201,930,0.002151993
3202,1144,0.0019853610000000002
3203,1304,0.0021602259999999999
3204,1796,0.0025765639999999999
3205,919,0.0020542569999999999
3206,1065,0.0025798169999999999
3207,1046,0.0075419040000000003
3208,604,0.0077533280000000003
3209,859,0.0023419080000000002
3210,1145,0.0025679029999999999
3211,1083,0.0021502600000000002
3212,776,0.002158723
3213,979,0.002423653
3214,991,0.0020174960000000001
3215,1156,0.0020612669999999999
3216,705,0.0020226129999999999
3217,737,0.0022059860000000001
3218,1141,0.0020596820000000002
3219,1077,0.0020600039999999998
3220,956,0.0020341320000000001
3221,1115,0.002263578
3222,1305,0.0020049529999999999
3223,1161,0.001948347
3224,958,0.0021059859999999998
3225,1670,0.0020966740000000002
3226,1555,0.002222735
3227,832,0.0019695590000000001
3228,1057,0.0033254030000000002
3229,1165,0.0020877970000000002
3230,1511,0.0020499759999999998
3231,1639,0.002549553
3232,1831,0.002089367
3233,1114,0.0020255579999999998
3234,956,0.0019723869999999999
3235,1237,0.0024544290000000002
3236,974,0.0027259229999999999
3237,1212,0.0035425790000000001
3238,1430,0.0020313699999999998
3239,1391,0.0021071589999999999
3240,1115,0.002120893
3241,1136,0.002149747
3242,1149,0.002332191
3243,1299,0.0023568489999999998
3244,990,0.0022982319999999999
3245,1115,0.0019811170000000001
3246,1228,0.002062524
3247,1250,0.0020730919999999999
3248,917,0.0066994740000000004
3249,924,0.0076383379999999997
3250,1130,0.0024413550000000001
3251,1112,0.002431066
3252,801,0.0029530479999999998
3253,2096,0.01055972
3254,772,0.0034536409999999999
3255,762,0.0023659089999999998
3256,886,0.0022419480000000001
3257,953,0.0019562450000000001
3258,1209,0.0019867000000000001
3259,1011,0.00242962
3260,1823,0.0025235409999999998
3261,885,0.0025119069999999999
3262,944,0.002494329
3263,1040,0.0023700010000000001
3264,822,0.001917328
3265,996,0.0018313520000000001
3266,1120,0.0018825650000000001
3267,992,0.0018454750000000001
3268,892,0.0018757380000000001
3269,759,0.0024441939999999998
3270,1149,0.0023023420000000002
3271,1134,0.0022385759999999999
3272,884,0.0022708310000000001
3273,811,0.0023337000000000002
3274,933,0.0030083689999999999
3275,1182,0.0028811090000000002
3276,910,0.0025056190000000002
3277,956,0.002006776
3278,1000,0.0019373890000000001
3279,1008,0.001774849
3280,784,0.0019755760000000002
3281,918,0.0027288189999999999
3282,2182,0.0030927160000000001
3283,646,0.0027588539999999998
3284,977,0.0094210189999999992
3285,1006,0.0078724099999999998
3286,1164,0.002602222
3287,1608,0.0027187330000000001
3288,1478,0.0024113120000000001
3289,1685,0.0020817040000000002
3290,1121,0.0023786480000000001
3291,1634,0.0033492410000000002
3292,1002,0.0026703170000000002
3293,1154,0.0025907930000000001
3294,1438,0.002717494
3295,1413,0.002171456
3296,1248,0.0018521290000000001
3297,1117,0.001819703
3298,1257,0.0022162029999999999
3299,1263,0.0021435019999999998
3300,1174,0.0023441769999999998
3301,1071,0.0022985850000000001
3302,1214,0.0019607470000000001
3303,1291,0.0018663379999999999
3304,1150,0.001865301
3305,1110,0.00186061
3306,1222,0.0020314859999999999
3307,1282,0.001875689
3308,1115,0.0017077570000000001
3309,938,0.001720194
3310,2328,0.0024976529999999999
3311,630,0.0027192829999999999
3312,826,0.0024537750000000001
3313,826,0.0034907829999999999
3314,956,0.0023654269999999998
3315,954,0.0024812089999999998
3316,1227,0.0027024779999999999
3317,1181,0.0025562219999999999
3318,950,0.002524629
3319,843,0.0035612009999999999
3320,900,0.002760312
3321,511,0.0025824530000000002
3322,673,0.0026314960000000001
3323,689,0.002808021
3324,657,0.002574804
3325,504,0.003702229
3326,741,0.0032064469999999999
3327,584,0.0029480109999999999
3328,526,0.0028469939999999998
3329,507,0.0027139479999999999
3330,635,0.0035590919999999998
3331,707,0.0033834849999999999
3332,583,0.003428155
3333,564,0.0027024219999999999
3334,700,0.0025354510000000002
3335,754,0.0048503879999999997
3336,762,0.0033838779999999999
3337,645,0.0022646559999999999
3338,743,0.0021887299999999998
3339,2161,0.0024696480000000001
3340,428,0.0023709759999999999
3341,650,0.002354475
3342,967,0.002191092
3343,943,0.0022328270000000002
3344,983,0.001975709
3345,1273,0.0019258879999999999
3346,2008,0.002228037
3347,1212,0.0022885639999999999
3348,1012,0.0022212159999999998
3349,968,0.0026696039999999999
3350,1167,0.002383965
3351,1171,0.0023051270000000001
3352,1114,0.0022111219999999998
3353,1173,0.0020711800000000002
3354,1406,0.002442016
3355,1467,0.0029448349999999998
3356,1319,0.002271356
3357,1102,0.00229298
3358,1257,0.0022722609999999998
3359,1380,0.001933978
3360,1230,0.00200804
3361,1261,0.00220185
3362,1319,0.003065548
3363,1441,0.0041007300000000003
3364,1268,0.0023663989999999999
3365,1185,0.0023503500000000002
3366,1519,0.00234556
3367,1405,0.002254589
3368,2888,0.0025017860000000002
3369,832,0.002354142
3370,1331,0.002444173
3371,1312,0.0026142019999999999
3372,1349,0.0027103320000000002
3373,1193,0.0027780499999999998
3374,1817,0.0027010699999999999
3375,1983,0.0026120409999999998
3376,1772,0.0026125089999999998
3377,1037,0.0026265189999999999
3378,1306,0.0027111800000000001
3379,1025,0.0027069569999999999
3380,1194,0.0027436180000000002
3381,943,0.0026418679999999999
3382,1098,0.0024327749999999999
3383,1220,0.0023361559999999998
3384,1168,0.0023355530000000002
3385,810,0.0028223929999999999
3386,994,0.002177755
3387,928,0.0027018910000000001
3388,961,0.0021888989999999998
3389,628,0.0018804430000000001
3390,927,0.001884536
3391,1007,0.0020517349999999998
3392,1005,0.00184483
3393,741,0.0019896940000000002
3394,849,0.001839516
3395,909,0.0020033749999999999
3396,936,0.002095848
3397,2108,0.0020508200000000001
3398,579,0.002183431
3399,815,0.0021139650000000002
3400,869,0.0020778089999999999
3401,826,0.002288067
3402,1068,0.0023218480000000001
3403,1063,0.0021494050000000001
3404,1428,0.0021963740000000001
3405,1383,0.002511802
3406,1180,0.0024797069999999998
3407,1214,0.0025122109999999999
3408,1251,0.0020510599999999999
3409,937,0.0019369649999999999
3410,1111,0.0022426030000000001
3411,1220,0.0023735169999999999
3412,1257,0.00229838
3413,1067,0.0022461339999999999
3414,1268,0.002216768
3415,1224,0.002226446
3416,1292,0.002024465
3417,1023,0.0025061689999999999
3418,1154,0.0020429440000000001
3419,1322,0.0021786050000000001
3420,1297,0.0022329310000000001
3421,1275,0.0022219789999999998
3422,1079,0.0019834739999999998
3423,1378,0.0019192650000000001
3424,1247,0.001888612
3425,1087,0.0021282279999999998
3426,1235,0.0022280440000000002
3427,2464,0.002365561
3428,935,0.0021765909999999999
3429,979,0.0021436440000000001
3430,1137,0.0032658019999999999
3431,1329,0.0026776370000000001
3432,1268,0.0020741560000000002
3433,1075,0.0025356350000000001
3434,1706,0.002545233
3435,2079,0.0026326629999999999
3436,914,0.0018837109999999999
3437,877,0.0019612940000000001
3438,723,0.0020428970000000001
3439,934,0.0027047519999999999
3440,948,0.002731373
3441,762,0.0020429060000000001
3442,718,0.0020797709999999998
3443,874,0.0022316829999999999
3444,909,0.0020947679999999999
3445,688,0.0025118839999999998
3446,522,0.0023915210000000002
3447,629,0.0023810369999999999
3448,640,0.0025537149999999998
3449,404,0.0024248730000000001
3450,509,0.002428085
3451,506,0.0020876480000000001
3452,607,0.0021524090000000001
3453,453,0.0018950359999999999
3454,359,0.0019182699999999999
3455,430,0.001751891
3456,435,0.001901336
3457,1190,0.0023570610000000001
3458,182,0.0021660490000000002
3459,354,0.0025669249999999998
3460,378,0.003235904
3461,352,0.002151493
3462,350,0.0022773789999999999
3463,480,0.0021107280000000001
3464,788,0.0019402040000000001
3465,763,0.0023307250000000001
3466,551,0.002506407
3467,861,0.0060487479999999996
3468,862,0.0086131909999999992
3469,749,0.0025744539999999999
3470,532,0.002270195
3471,628,0.0019345149999999999
3472,818,0.0020717180000000002
3473,774,0.0023124510000000001
3474,681,0.0022183400000000001
3475,924,0.0020312799999999999
3476,970,0.0021555250000000001
3477,882,0.0023728999999999998
3478,730,0.0022656820000000002
3479,854,0.0020532319999999999
3480,1125,0.0034421510000000001
3481,1019,0.0089536389999999993
3482,843,0.0068989029999999996
3483,1105,0.0018832129999999999
3484,1292,0.001941594
3485,1194,0.0023905189999999998
3486,1003,0.0019903070000000002
3487,2224,0.0024695160000000002
3488,1068,0.0020303449999999998
3489,1083,0.001852715
3490,1093,0.0018657700000000001
3491,1497,0.001845408
3492,1521,0.0019208770000000001
3493,1503,0.0026942440000000002
3494,1143,0.0019844540000000001
3495,1404,0.0019935349999999998
3496,2292,0.0020620090000000001
3497,1124,0.0023248679999999999
3498,1173,0.0024889059999999999
3499,1061,0.0022734019999999999
3500,1368,0.0024949920000000001
3501,1494,0.0026535700000000001
3502,1235,0.0022912620000000001
3503,1387,0.0025737070000000002
3504,1621,0.0023140629999999999
3505,1640,0.0019795580000000002
3506,1103,0.0022002860000000001
3507,1446,0.0021465820000000002
3508,1395,0.0021007560000000001
3509,973,0.002100771
3510,1160,0.0020879100000000001
3511,1267,0.001942084
3512,1459,0.0019398040000000001
3513,1450,0.002530329
3514,982,0.002492237
3515,1181,0.0021989869999999999
3516,1434,0.0023343309999999998
3517,1259,0.0026712609999999999
3518,1743,0.0022581049999999998
3519,887,0.0020861489999999998
3520,1189,0.0019670220000000001
3521,990,0.002005504
3522,1011,0.0038585109999999998
3523,1095,0.0019786209999999999
3524,1278,0.0020439999999999998
3525,1133,0.002039857
3526,1333,0.0043905000000000003
3527,2278,0.0028123480000000001
3528,1707,0.0040797070000000001
3529,1580,0.0023463379999999999
3530,933,0.002315601
3531,807,0.0021354360000000001
3532,1097,0.0022470120000000001
3533,1153,0.0056263609999999999
3534,758,0.0032548379999999999
3535,1004,0.002310079
3536,1124,0.0024418809999999999
3537,1175,0.0025410189999999998
3538,836,0.0022968720000000001
3539,911,0.0021714740000000001
3540,1105,0.00233964
3541,1188,0.0028856329999999999
3542,775,0.0020202530000000001
3543,924,0.0023733679999999998
3544,1098,0.0090721870000000007
3545,1095,0.0051658590000000001
3546,881,0.0021884029999999998
3547,1088,0.0021368369999999999
3548,1148,0.0023708420000000002
3549,2460,0.0027625620000000001
3550,920,0.0030872120000000002
3551,998,0.0032649290000000002
3552,1058,0.0031003659999999998
3553,1239,0.0024131489999999998
3554,980,0.0023467470000000002
3555,1290,0.0027709380000000001
3556,1268,0.0023365
3557,1364,0.0022708329999999999
3558,1738,0.0023988569999999999
3559,1807,0.002543263
3560,1307,0.0023287070000000002
3561,1551,0.002607771
3562,1044,0.002630823
3563,1039,0.002596929
3564,1203,0.0025408090000000002
3565,1390,0.0025646919999999999
3566,968,0.002306602
3567,1061,0.0022142350000000002
3568,1199,0.002675944
3569,1281,0.0025925179999999998
3570,945,0.0022284179999999998
3571,944,0.002273022
3572,1083,0.0022070449999999999
3573,1257,0.002011325
3574,905,0.001971202
3575,947,0.0019858839999999998
3576,1151,0.0022340900000000002
3577,1160,0.0020156409999999999
3578,902,0.0020116349999999999
3579,821,0.0020543810000000001
3580,2088,0.0025651110000000001
3581,781,0.0028424869999999999
3582,571,0.0029403839999999999
3583,778,0.0028887309999999999
3584,951,0.0028290630000000002
3585,1017,0.0021899889999999998
3586,746,0.0021405880000000001
3587,830,0.0021451130000000001
3588,989,0.0020926529999999999
3589,1436,0.0023320139999999999
3590,964,0.0022443329999999998
3591,990,0.0023400320000000001
3592,1015,0.0022250009999999999
3593,1094,0.0022095579999999999
3594,719,0.0023566540000000001
3595,652,0.0020961180000000001
3596,829,0.0034127480000000002
3597,883,0.0024965529999999999
3598,794,0.0023700240000000001
3599,809,0.00268477
3600,954,0.0021649109999999998
3601,953,0.002098946
3602,734,0.0020009279999999999
3603,709,0.002166926
3604,966,0.002715837
3605,1078,0.0020670929999999999
3606,841,0.0023725790000000001
3607,845,0.002750513
3608,995,0.002588875
3609,1145,0.0026141160000000001
3610,1040,0.0026854790000000002
3611,874,0.0022097110000000001
3612,2039,0.002365837
3613,975,0.0021414250000000002
3614,786,0.0021590049999999999
3615,939,0.002252408
3616,1071,0.0022215410000000001
3617,1325,0.0025363600000000001
3618,1027,0.002139017
3619,981,0.0021757539999999998
3620,1036,0.0022105940000000002
3621,1278,0.0022315070000000002
3622,1511,0.0025294810000000001
3623,1412,0.0062474610000000002
3624,1350,0.0022417940000000001
3625,1648,0.0022691529999999999
3626,1178,0.0020782840000000001
3627,791,0.0020904719999999999
3628,964,0.0029701889999999998
3629,1052,0.0022043319999999998
3630,761,0.001901563
3631,838,0.002036239
3632,1147,0.0054449959999999997
3633,1305,0.0089225720000000001
3634,1229,0.0022825269999999999
3635,884,0.0019868099999999999
3636,1150,0.001936243
3637,1278,0.001931157
3638,1204,0.0020347569999999999
3639,877,0.0019452989999999999
3640,1061,0.0023458469999999999
3641,1345,0.002714363
3642,1230,0.002453031
3643,958,0.00247605
3644,1126,0.0026285560000000002
3645,2549,0.002554185
3646,838,0.002219239
3647,994,0.002450224
3648,1204,0.0022943030000000001
3649,1454,0.0022016710000000001
3650,1374,0.0042355839999999997
3651,993,0.0021386280000000001
3652,1204,0.0023709489999999998
3653,1340,0.0022958919999999999
3654,1255,0.0021187850000000002
3655,1440,0.0021292949999999998
3656,1929,0.0021973169999999998
3657,1835,0.0022757469999999998
3658,1130,0.0027575170000000001
3659,760,0.0026987270000000002
3660,1078,0.0024636089999999999
3661,920,0.0020143100000000001
3662,1209,0.002259839
3663,931,0.0020725460000000002
3664,1041,0.002082572
3665,1368,0.002201354
3666,1349,0.0025252030000000002
3667,863,0.0042604009999999996
3668,985,0.0021492220000000001
3669,1316,0.001948495
3670,1126,0.0019698440000000001
3671,903,0.0019575030000000002
3672,991,0.001836524
3673,1281,0.0018117160000000001
3674,1288,0.0020601600000000001
3675,843,0.0017522950000000001
3676,979,0.002150983
3677,1161,0.004013188
3678,2907,0.0022952070000000001
3679,643,0.0021906460000000001
3680,946,0.002014081
3681,1079,0.0023020050000000002
3682,1099,0.002223161
3683,1019,0.0021798210000000002
3684,1155,0.0032846529999999998
3685,1384,0.002602273
3686,1463,0.0021686549999999998
3687,1084,0.0025916139999999999
3688,1239,0.0025042020000000001
3689,1797,0.002349776
3690,2205,0.0023576030000000002
3691,1306,0.002328569
3692,1204,0.0023080399999999999
3693,1183,0.0021524420000000001
3694,1348,0.002541696
3695,1123,0.0028155929999999999
3696,1449,0.0024483859999999999
3697,1092,0.0023255509999999999
3698,1929,0.002804867
3699,1252,0.0021692339999999999
3700,938,0.00242458
3701,1648,0.0024868859999999998
3702,1712,0.0021709640000000001
3703,1270,0.0020411629999999999
3704,1394,0.0019493030000000001
3705,1485,0.0022125819999999998
3706,1675,0.0018528959999999999
3707,1337,0.001920866
3708,1295,0.0020618670000000002
3709,1546,0.0023060120000000001
3710,1913,0.0020607519999999999
3711,1220,0.0022202699999999999
3712,2393,0.0027103990000000001
3713,1134,0.0025836750000000001
3714,1415,0.0026100189999999999
3715,1157,0.0026246329999999999
3716,1098,0.0026418570000000001
3717,1269,0.0025744790000000002
3718,1499,0.0024522279999999999
3719,989,0.002459054
3720,1067,0.0027741630000000001
3721,1177,0.0026934659999999998
3722,1377,0.0024948029999999999
3723,1257,0.0026839199999999998
3724,1667,0.0029984120000000002
3725,1320,0.0030866679999999999
3726,1479,0.0030729920000000001
3727,1107,0.003328494
3728,613,0.0027300279999999998
3729,875,0.0027596669999999999
3730,942,0.0026422429999999998
3731,747,0.0026700629999999999
3732,748,0.0031325469999999998
3733,905,0.003246189
3734,1372,0.0031777070000000001
3735,1035,0.0024908809999999999
3736,652,0.0024415740000000002
3737,789,0.0023578700000000002
3738,1005,0.0024565889999999999
3739,886,0.0027556289999999999
3740,813,0.0027455399999999999
3741,1027,0.0026443700000000001
3742,1252,0.0026221009999999999
3743,1057,0.0027865569999999998
3744,839,0.0026940649999999998
3745,1060,0.0027395700000000002
3746,2971,0.002883704
3747,793,0.002787997
3748,889,0.002927144
3749,1082,0.0028683659999999998
3750,1278,0.0024949989999999999
3751,1230,0.0029998809999999998
3752,986,0.0030972040000000001
3753,1093,0.002538238
3754,1280,0.002372646
3755,1157,0.0025382040000000001
3756,1100,0.0030874840000000001
3757,1315,0.002878514
3758,1501,0.0025714610000000001
3759,1761,0.0028059690000000002
3760,1203,0.0026409609999999998
3761,1023,0.0026648800000000001
3762,1217,0.003349145
3763,1136,0.0047050169999999997
3764,896,0.0031440550000000002
3765,1086,0.0028841520000000001
3766,1249,0.0025731590000000002
3767,1237,0.0025987269999999999
3768,806,0.003002804
3769,1037,0.0029242280000000001
3770,1575,0.0030820800000000001
3771,1180,0.0029422319999999999
3772,942,0.0029801960000000001
3773,1030,0.0027353019999999998
3774,1233,0.0026665579999999999
3775,1146,0.002616929
3776,987,0.0025640070000000001
3777,1026,0.0026623110000000001
3778,1309,0.0026648140000000002
3779,1020,0.002999701
3780,943,0.002447116
3781,2251,0.002749624
3782,705,0.002866932
3783,1049,0.0028173439999999998
3784,810,0.0031339200000000001
3785,1009,0.003876946
3786,1140,0.0026765220000000002
3787,1235,0.011407865999999999
3788,835,0.0027115389999999998
3789,875,0.0049674339999999997
3790,1090,0.002968039
3791,962,0.00303616
3792,903,0.0029906809999999998
3793,1301,0.0030834270000000001
3794,1735,0.0030317569999999999
3795,1665,0.0028267280000000001
3796,656,0.0029592379999999999
3797,623,0.0027079349999999999
3798,769,0.0029368290000000002
3799,854,0.002528485
3800,689,0.0025261699999999999
3801,687,0.003208294
3802,849,0.0025321940000000002
3803,755,0.0025045559999999998
3804,620,0.0026705990000000001
3805,605,0.0026425149999999998
3806,692,0.0025915040000000001
3807,687,0.002690764
3808,466,0.0024852239999999999
3809,508,0.0028762700000000002
3810,655,0.0026460680000000001
3811,668,0.002187395
3812,569,0.002147403
3813,520,0.0022328669999999999
3814,447,0.002274613
3815,525,0.0023996600000000001
3816,1655,0.0028125530000000002
3817,313,0.0029964089999999998
3818,579,0.0030201619999999998
3819,586,0.0031699789999999999
3820,552,0.002703895
3821,587,0.0024448959999999998
3822,689,0.0028422429999999999
3823,823,0.0029146089999999999
3824,602,0.003357708
3825,649,0.0024579290000000002
3826,857,0.00244991
3827,912,0.0025511930000000002
3828,1236,0.0025973250000000002
3829,1371,0.0027874800000000002
3830,1231,0.0027019940000000001
3831,1215,0.002498082
3832,682,0.0026017029999999999
3833,710,0.0023824520000000002
3834,904,0.0026928120000000002
3835,828,0.01237562
3836,838,0.0046040350000000002
3837,774,0.0029353579999999999
3838,941,0.0024235210000000001
3839,803,0.002404378
3840,717,0.0024715309999999999
3841,692,0.0025236450000000001
3842,898,0.0024304629999999999
3843,877,0.0025847410000000002
3844,708,0.0024378160000000002
3845,671,0.002406128
3846,829,0.002374691
3847,926,0.0043163000000000003
3848,657,0.010566014
3849,625,0.005562249
3850,1979,0.0028536949999999998
3851,659,0.0031381170000000002
3852,359,0.0032386440000000002
3853,466,0.0030814050000000002
3854,506,0.0030737669999999998
3855,517,0.0030663940000000001
3856,425,0.003005144
3857,435,0.0023937780000000001
3858,495,0.0023742059999999998
3859,571,0.0023678850000000001
3860,420,0.002397246
3861,318,0.0024473770000000001
3862,797,0.0029518230000000001
3863,843,0.003699042
3864,457,0.0058809300000000004
3865,430,0.0023131409999999999
3866,575,0.0023720809999999998
3867,550,0.00279773
3868,253,0.0029017969999999998
3869,303,0.0028611470000000001
3870,320,0.0028443819999999999
3871,469,0.002528902
3872,324,0.0024451379999999999
3873,222,0.0024844239999999998
3874,290,0.002419849
3875,388,0.0028957169999999999
3876,306,0.002345668
3877,295,0.0025302150000000002
3878,368,0.0022904150000000001
3879,447,0.002209436
3880,355,0.002288815
3881,319,0.0023099729999999999
3882,359,0.0022961879999999998
3883,531,0.002303439
3884,390,0.0023731339999999998
3885,1354,0.002478521
3886,140,0.0022905199999999999
3887,345,0.0029788369999999998
3888,348,0.0022561019999999998
3889,367,0.0022698589999999999
3890,392,0.0023464929999999998
3891,401,0.0023327130000000001
3892,364,0.002689678
3893,358,0.0025558239999999999
3894,372,0.002342954
3895,517,0.0022644129999999998
3896,653,0.002406568
3897,667,0.0023771479999999999
3898,414,0.0021240199999999999
3899,465,0.0020846950000000001
3900,263,0.0022776089999999999
3901,193,0.0024088040000000001
3902,208,0.0022225529999999999
3903,190,0.002385734
3904,147,0.0022082320000000001
3905,100,0.002228898
3906,111,0.0021277449999999999
3907,174,0.0020941750000000002
3908,94,0.0021941090000000001
3909,42,0.002142218
3910,32,0.002135409
3911,37,0.0021867779999999999
3912,45,0.0021187939999999998
3913,47,0.0021006530000000001
3914,109,0.0023460389999999999
3915,155,0.0022876630000000001
3916,184,0.0023533
3917,236,0.002377606
3918,329,0.0022649250000000001
3919,1121,0.0044973010000000004
3920,167,0.0057003870000000003
3921,290,0.0024922949999999998
3922,351,0.0024319739999999999
3923,361,0.0022065589999999999
3924,377,0.002168096
3925,347,0.0021662420000000001
3926,339,0.0024917899999999998
3927,352,0.0023747030000000001
3928,265,0.0023456110000000001
3929,515,0.0026307819999999999
3930,577,0.0028752220000000002
3931,377,0.0027210009999999998
3932,241,0.0028432779999999999
3933,137,0.002598904
3934,117,0.002350979
3935,146,0.0021351999999999999
3936,120,0.0024394740000000001
3937,126,0.0021048920000000001
3938,137,0.002091622
3939,196,0.0020666690000000001
3940,176,0.002224419
3941,134,0.002548294
3942,150,0.0021195229999999999
3943,220,0.0022074939999999999
3944,200,0.0020169570000000002
3945,143,0.0019469240000000001
3946,171,0.0020089399999999999
3947,208,0.0019784450000000001
3948,198,0.002691925
3949,185,0.0020374310000000001
3950,221,0.0020002179999999998
3951,213,0.0020354850000000001
3952,159,0.0020561720000000002
3953,176,0.0019877749999999998
3954,199,0.0019816149999999999
3955,265,0.0020169390000000001
3956,271,0.0022494199999999998
3957,268,0.0020648390000000002
3958,316,0.0023256489999999999
3959,376,0.0025221010000000001
3960,373,0.001965507
3961,368,0.001982602
3962,696,0.0020845849999999999
3963,668,0.002269433
3964,542,0.0020510369999999999
3965,314,0.0020732329999999998
3966,443,0.0020898380000000001
3967,511,0.0021580549999999999
3968,318,0.0021113640000000001
3969,224,0.0024377029999999998
3970,313,0.0023814800000000001
3971,409,0.0024548560000000001
3972,336,0.002417584
3973,313,0.0024869660000000002
3974,250,0.0023009340000000001
3975,275,0.0022424979999999999
3976,274,0.003770752
3977,246,0.0044442459999999998
3978,214,0.0023152260000000001
3979,307,0.0023271609999999999
3980,305,0.0021935549999999998
3981,177,0.0022244169999999998
3982,255,0.0024175799999999999
3983,290,0.0027037540000000001
3984,268,0.0028094029999999998
3985,1144,0.0028322
3986,152,0.002738412
3987,201,0.0024745320000000002
3988,244,0.0022431040000000001
3989,306,0.0023109530000000001
3990,423,0.0023318089999999998
3991,520,0.0022875360000000002
3992,463,0.0022554250000000001
3993,495,0.0022805049999999999
3994,581,0.0021679799999999999
3995,903,0.0044859009999999996
3996,910,0.01044378
3997,831,0.0026715039999999999
3998,778,0.003721191
3999,881,0.002502944
4000,824,0.002589053
4001,772,0.0026392630000000002
4002,950,0.0027036460000000001
4003,874,0.0026431810000000001
4004,947,0.0027532780000000001
4005,796,0.002560161
4006,927,0.0027754149999999998
4007,1003,0.0024124210000000001
4008,924,0.002393919
4009,737,0.0025827990000000002
4010,732,0.0023605589999999999
4011,854,0.0028017710000000002
4012,796,0.00302082
4013,743,0.0028583430000000002
4014,765,0.0031173389999999998
4015,940,0.01126538
4016,785,0.004223521
4017,597,0.0031708190000000001
4018,2032,0.0034269959999999999
4019,345,0.0026151120000000002
4020,681,0.002372865
4021,583,0.002620561
4022,677,0.002701068
4023,797,0.0025305729999999999
4024,839,0.0031626039999999998
4025,687,0.0030691109999999998
4026,805,0.003056919
4027,948,0.0030276220000000002
4028,1146,0.0027619939999999998
4029,1414,0.0023737110000000001
4030,1181,0.002909123
4031,1253,0.0022855520000000002
4032,1256,0.0022668039999999999
4033,962,0.0023539559999999999
4034,1035,0.002536445
4035,919,0.00243758
4036,1094,0.0022754939999999999
4037,937,0.0027780219999999998
4038,1396,0.0027705939999999999
4039,1185,0.0027345400000000001
4040,1153,0.0023722209999999999
4041,1205,0.0024800030000000002
4042,1160,0.0028922319999999998
4043,1476,0.0031143260000000002
4044,1409,0.0028098260000000001
4045,1230,0.002425502
4046,1280,0.0026871870000000002
4047,1344,0.0028916279999999998
4048,1321,0.0026861599999999999
4049,1119,0.0028191739999999998
4050,1084,0.0025172110000000001
4051,2863,0.002990281
4052,740,0.0027601240000000001
4053,833,0.002840254
4054,968,0.0025781279999999998
4055,1182,0.002564546
4056,1059,0.0024626299999999999
4057,796,0.002335466
4058,812,0.0039658949999999997
4059,890,0.0026427909999999998
4060,1186,0.002999584
4061,1250,0.0047431820000000003
4062,1043,0.0028857259999999999
4063,1167,0.0028007739999999998
4064,1071,0.0027255970000000002
4065,535,0.004265937
4066,653,0.0025486689999999999
4067,656,0.002523136
4068,740,0.0023896870000000001
4069,597,0.0024196280000000001
4070,617,0.0023337589999999999
4071,783,0.0023771420000000001
4072,770,0.002560522
4073,573,0.0024699119999999999
4074,636,0.00238711
4075,697,0.002546609
4076,726,0.0023201789999999999
4077,506,0.0023283750000000001
4078,722,0.0023578509999999998
4079,829,0.0028634630000000001
4080,796,0.0023160849999999998
4081,649,0.0026966059999999998
4082,652,0.0025052999999999998
4083,1983,0.0029684540000000001
4084,463,0.0024258130000000002
4085,497,0.0026106940000000002
4086,627,0.0025415860000000002
4087,751,0.0026985400000000001
4088,704,0.0025627179999999999
4089,559,0.0024725060000000002
4090,654,0.0023637620000000002
4091,821,0.0024338720000000001
4092,815,0.0024116250000000001
4093,956,0.002417013
4094,870,0.0022852990000000002
4095,910,0.0023147670000000001
4096,957,0.0023402269999999998
4097,742,0.002448324
4098,790,0.0025144809999999998
4099,746,0.0025316409999999998
4100,830,0.0025064050000000002
4101,837,0.0026794570000000001
4102,961,0.0023571740000000001
4103,1249,0.0033014099999999998
4104,1365,0.0030451969999999999
4105,890,0.0024062649999999999
4106,973,0.0022678210000000002
4107,1230,0.0022538060000000001
4108,1119,0.0023180330000000002
4109,967,0.0021486700000000001
4110,982,0.0021786750000000001
4111,1142,0.002278717
4112,1287,0.0028138239999999999
4113,901,0.0029981750000000001
4114,960,0.0029068409999999999
4115,1750,0.003023558
4116,1933,0.0031089070000000002
4117,602,0.00273997
4118,721,0.0029817210000000001
4119,875,0.0025649430000000001
4120,840,0.0025392269999999998
4121,758,0.0022017780000000002
4122,746,0.002278043
4123,868,0.0024773500000000001
4124,865,0.0024489389999999998
4125,979,0.0024139999999999999
4126,1483,0.002454412
4127,1185,0.0024921040000000002
4128,1148,0.00307778
4129,692,0.002795886
4130,583,0.0050017250000000003
4131,799,0.0031825310000000002
4132,748,0.003129288
4133,517,0.003048111
4134,722,0.0024828020000000001
4135,781,0.0025273280000000001
4136,952,0.0024695239999999999
4137,580,0.0023637250000000001
4138,624,0.0025397430000000001
4139,633,0.0023335320000000001
4140,729,0.0029929209999999999
4141,704,0.0026016540000000001
4142,694,0.0024733099999999998
4143,872,0.0024581709999999999
4144,937,0.0023531200000000002
4145,726,0.002319668
4146,711,0.0025263109999999998
4147,1019,0.0030606769999999999
4148,2860,0.0038133279999999999
4149,518,0.0029544150000000002
4150,635,0.0032553959999999998
4151,915,0.0032426429999999999
4152,953,0.003048378
4153,858,0.0024022510000000002
4154,838,0.0021507800000000001
4155,1014,0.00254974
4156,1009,0.002244233
4157,947,0.002210353
4158,1655,0.0030703639999999999
4159,1567,0.0032043750000000002
4160,912,0.0023242050000000002
4161,968,0.0023756960000000001
4162,606,0.0023071039999999999
4163,1067,0.002239703
4164,856,0.0021695799999999999
4165,862,0.0020780270000000001
4166,843,0.0021454239999999999
4167,1179,0.002608848
4168,1197,0.0023536020000000002
4169,1203,0.0028672760000000002
4170,867,0.0025859469999999999
4171,1118,0.002271215
4172,1264,0.0025555640000000002
4173,1006,0.002709548
4174,909,0.0029957790000000001
4175,1095,0.0024209740000000002
4176,1339,0.002238613
4177,1169,0.0022966060000000001
4178,876,0.0023197349999999999
4179,1076,0.0027494189999999999
4180,2431,0.0032129189999999998
4181,1182,0.0023797800000000002
4182,811,0.0024248439999999998
4183,952,0.0028614729999999998
4184,1156,0.0052140240000000003
4185,1099,0.0029982260000000001
4186,874,0.002884621
4187,1071,0.0029948689999999998
4188,1386,0.0041118630000000003
4189,1107,0.0031356510000000001
4190,1347,0.0028772250000000002
4191,1831,0.003022556
4192,1584,0.0029287240000000002
4193,1097,0.0027169889999999999
4194,834,0.0026458710000000002
4195,1031,0.0027987749999999999
4196,1143,0.0023804149999999999
4197,871,0.0022458389999999999
4198,929,0.002227611
4199,1187,0.0022693499999999998
4200,1361,0.0023773150000000001
4201,1392,0.0024508379999999999
4202,911,0.002193071
4203,933,0.0025651210000000001
4204,1120,0.0042138399999999999
4205,1028,0.002371045
4206,895,0.0020964209999999998
4207,1066,0.0023486819999999999
4208,1209,0.002535477
4209,1225,0.0022370490000000001
4210,868,0.002196192
4211,977,0.002308254
4212,2568,0.0047868850000000003
4213,1649,0.0091756370000000004
4214,742,0.0063110529999999996
4215,799,0.0028762710000000001
4216,929,0.0030615130000000001
4217,894,0.0031408460000000001
4218,734,0.0039887949999999998
4219,836,0.0028045209999999999
4220,852,0.003662322
4221,1044,0.0029786719999999999
4222,1245,0.0031947019999999998
4223,905,0.0092906670000000007
4224,1151,0.00303361
4225,824,0.0029812079999999999
4226,484,0.0027464429999999999
4227,494,0.0035719329999999998
4228,586,0.002437916
4229,460,0.0035190540000000002
4230,338,0.0027079529999999999
4231,440,0.0026264080000000002
4232,610,0.0022898699999999998
4233,543,0.0022833760000000002
4234,334,0.0026545280000000002
4235,295,0.002865477
4236,433,0.0022562379999999998
4237,541,0.003068365
4238,357,0.0027495990000000001
4239,483,0.0025807349999999998
4240,615,0.0026569060000000001
4241,600,0.0026020790000000002
4242,494,0.0024138599999999999
4243,547,0.0027219850000000001
4244,2169,0.0031847220000000001
4245,699,0.0029566000000000002
4246,624,0.0026595910000000002
4247,869,0.002626242
4248,1013,0.0027004889999999999
4249,1204,0.0025459419999999998
4250,923,0.0022314430000000001
4251,1042,0.0033582410000000001
4252,1397,0.0022336209999999999
4253,1079,0.0040624509999999999
4254,1285,0.0026688279999999998
4255,1129,0.0023730320000000002
4256,1578,0.002734682
4257,1320,0.0029123550000000002
4258,902,0.0029382060000000001
4259,954,0.0042205860000000001
4260,1280,0.0026722170000000002
4261,1557,0.0025706969999999998
4262,1188,0.0027423349999999998
4263,1226,0.00259559
4264,1452,0.0047812929999999998
4265,1554,0.0027261680000000002
4266,1171,0.002897111
4267,1193,0.0025889379999999998
4268,1433,0.0025400819999999999
4269,1463,0.0023483879999999999
4270,1106,0.0026595210000000002
4271,1158,0.0024810140000000001
4272,1466,0.002356721
4273,1628,0.002148278
4274,987,0.002273658
4275,994,0.002255197
4276,2317,0.002748519
4277,855,0.0026483470000000001
4278,845,0.0026544429999999998
4279,898,0.0023513470000000002
4280,1041,0.0024502780000000002
4281,1241,0.0021852590000000002
4282,818,0.00241253
4283,791,0.0030634159999999998
4284,1441,0.0027929000000000001
4285,2254,0.0027745280000000001
4286,972,0.0026330030000000001
4287,786,0.0034969089999999999
4288,960,0.0033209870000000001
4289,1137,0.0030712220000000002
4290,725,0.0021578859999999999
4291,781,0.0022540059999999998
4292,951,0.002492125
4293,833,0.0024783700000000001
4294,871,0.0026551650000000001
4295,821,0.0026452559999999999
4296,1177,0.002445334
4297,1303,0.0025003149999999999
4298,892,0.0024869039999999999
4299,723,0.002544751
4300,906,0.0023542889999999999
4301,842,0.0028700930000000002
4302,946,0.0033676209999999999
4303,865,0.0021530880000000001
4304,983,0.002405646
4305,1133,0.0026174380000000001
4306,741,0.0022609629999999999
4307,1921,0.0023675739999999999
4308,636,0.0024716830000000001
4309,981,0.0024080130000000001
4310,789,0.002552375
4311,730,0.0024422070000000001
4312,945,0.002686496
4313,1210,0.0023481830000000002
4314,999,0.002423405
4315,1424,0.002534414
4316,1518,0.0023848480000000002
4317,1226,0.0024908310000000002
4318,757,0.0024642639999999999
4319,731,0.0023994789999999999
4320,785,0.0025510110000000002
4321,894,0.0025654800000000002
4322,866,0.0026089339999999998
4323,861,0.0026001689999999998
4324,1134,0.0026502420000000001
4325,1332,0.00265607
4326,1198,0.0032347080000000002
4327,836,0.0023174519999999998
4328,1129,0.0019976630000000002
4329,1285,0.0021456980000000001
4330,993,0.002412834
4331,1022,0.001942818
4332,1235,0.0020993510000000002
4333,1621,0.0031234309999999999
4334,1236,0.0029068100000000001
4335,968,0.0029160290000000001
4336,1125,0.0022450539999999998
4337,2626,0.002518494
4338,1670,0.003126293
4339,896,0.0025986030000000001
4340,1157,0.002898617
4341,1240,0.0025544840000000001
4342,1165,0.002486968
4343,933,0.002876811
4344,1185,0.002783102
4345,1411,0.0028076680000000001
4346,1857,0.0028161340000000001
4347,937,0.0026218449999999998
4348,1160,0.002563063
4349,1590,0.002508316
4350,1153,0.0025767170000000001
4351,839,0.0026181609999999999
4352,1030,0.0022680980000000001
4353,1260,0.0025864210000000002
4354,1072,0.0024865349999999998
4355,770,0.0022879369999999999
4356,994,0.0025270789999999998
4357,1379,0.0024753660000000001
4358,1028,0.0023755220000000001
4359,655,0.003030591
4360,873,0.002476954
4361,1108,0.002605371
4362,1133,0.0024301359999999998
4363,787,0.00221551
4364,890,0.0022884189999999999
4365,1071,0.0024095560000000002
4366,993,0.0025412379999999999
4367,1883,0.0025176030000000002
4368,813,0.002224158
4369,884,0.0023138289999999999
4370,960,0.0023289740000000001
4371,798,0.0095567210000000007
4372,1115,0.0023602839999999998
4373,1372,0.0021748100000000001
4374,1352,0.0024699930000000002
4375,1271,0.0025536809999999999
4376,1937,0.002484619
4377,1640,0.0023653910000000001
4378,1161,0.0023795219999999998
4379,870,0.002391851
4380,1091,0.0023405330000000001
4381,1407,0.002215968
4382,1248,0.0022810080000000002
4383,959,0.0022311509999999998
4384,1111,0.0022761460000000002
4385,1590,0.0022482859999999999
4386,1463,0.0026917109999999998
4387,1021,0.0028280480000000001
4388,1050,0.0031126169999999998
4389,1458,0.0030328210000000002
4390,1358,0.002673422
4391,901,0.0022234870000000001
4392,1101,0.0021540790000000001
4393,1473,0.0022259799999999998
4394,1408,0.0027479729999999999
4395,948,0.0029310970000000001
4396,1068,0.0025988399999999998
4397,2126,0.002308825
4398,2197,0.0024110820000000002
4399,762,0.002636832
4400,949,0.003049904
4401,1110,0.0026361079999999999
4402,1257,0.0022661640000000002
4403,904,0.0021043960000000001
4404,1053,0.0020410720000000001
4405,1576,0.0024211800000000002
4406,1971,0.0022152069999999999
4407,738,0.0021470090000000001
4408,907,0.0024892859999999998
4409,1055,0.002136041
4410,808,0.00204061
4411,637,0.0020751089999999999
4412,770,0.002129017
4413,987,0.0020790829999999998
4414,906,0.002100504
4415,758,0.0021164819999999998
4416,693,0.0024114290000000001
4417,988,0.002747317
4418,1141,0.0021843409999999998
4419,710,0.0022891809999999999
4420,673,0.002139756
4421,838,0.0021177449999999999
4422,1059,0.002258983
4423,653,0.0021950260000000001
4424,720,0.0021062590000000001
4425,894,0.0021030070000000001
4426,1122,0.0021360680000000001
4427,2129,0.0024575819999999998
4428,592,0.002052571
4429,778,0.0033884480000000001
4430,873,0.0026628789999999999
4431,716,0.002757472
4432,861,0.0024753760000000001
4433,1127,0.0026102709999999999
4434,1247,0.0026678990000000001
4435,1092,0.002625231
4436,1057,0.0034032939999999999
4437,1113,0.003511775
4438,1311,0.0027956449999999998
4439,769,0.0025213459999999998
4440,887,0.0026292289999999999
4441,1192,0.0024612829999999999
4442,1044,0.0028205869999999998
4443,921,0.0021298839999999999
4444,927,0.0025576209999999999
4445,1322,0.0025101730000000001
4446,1407,0.0026577889999999998
4447,1004,0.00251725
4448,943,0.0025475239999999998
4449,1110,0.0023295400000000002
4450,1300,0.0023227410000000001
4451,1000,0.002282825
4452,888,0.001921814
4453,1248,0.001876459
4454,1439,0.001885096
4455,934,0.0018351159999999999
4456,849,0.0020639909999999998
4457,2604,0.0030281840000000002
4458,968,0.0022001849999999999
4459,858,0.0019335089999999999
4460,859,0.0021742200000000001
4461,995,0.002468058
4462,1151,0.0025738940000000002
4463,936,0.002573096
4464,1288,0.0026779460000000001
4465,1334,0.0025082379999999999
4466,951,0.0025472709999999998
4467,886,0.0027845629999999999
4468,782,0.002666028
4469,971,0.0024281939999999998
4470,786,0.0020811739999999999
4471,722,0.002003959
4472,695,0.001893025
4473,897,0.0019998849999999999
4474,1289,0.002039426
4475,745,0.002058565
4476,504,0.001991694
4477,954,0.002883329
4478,1199,0.0021283679999999998
4479,826,0.0019957780000000001
4480,801,0.0019081669999999999
4481,792,0.001865542
4482,1033,0.0019591190000000001
4483,870,0.0019867690000000002
4484,754,0.001904176
4485,890,0.002218439
4486,1046,0.0020919139999999998
4487,2254,0.0023287339999999998
4488,775,0.0020295439999999999
4489,925,0.002062127
4490,989,0.00192187
4491,842,0.0018960279999999999
4492,856,0.002036731
4493,1392,0.0024827069999999998
4494,1739,0.0025392309999999999
4495,1555,0.0023032399999999998
4496,589,0.002518335
4497,1002,0.0022904150000000001
4498,959,0.0022441029999999999
4499,892,0.002024026
4500,832,0.0022041550000000002
4501,985,0.00212049
4502,1098,0.0020832770000000001
4503,934,0.0022965939999999999
4504,657,0.0023666709999999999
4505,899,0.0020232660000000001
4506,1110,0.002128614
4507,904,0.002155812
4508,624,0.002054696
4509,763,0.0020909000000000001
4510,915,0.0020203249999999999
4511,877,0.0023536799999999999
4512,670,0.0022391080000000001
4513,754,0.0020270930000000002
4514,868,0.0020079049999999999
4515,714,0.0034640669999999999
4516,1755,0.0026535880000000001
4517,541,0.0020144020000000002
4518,674,0.0019656330000000001
4519,726,0.0081134859999999996
4520,589,0.0072315000000000001
4521,662,0.0035529390000000002
4522,986,0.0019141550000000001
4523,1330,0.0024246789999999999
4524,573,0.0024068840000000002
4525,597,0.0020513250000000001
4526,808,0.002055421
4527,591,0.0019880430000000001
4528,445,0.002013127
4529,630,0.0019616709999999999
4530,721,0.002111211
4531,529,0.0034034719999999998
4532,418,0.002436602
4533,455,0.0019390519999999999
4534,694,0.001933035
4535,597,0.001881621
4536,494,0.0020033270000000001
4537,670,0.0027196479999999999
4538,874,0.0034480029999999998
4539,918,0.002450373
4540,659,0.0025207020000000001
4541,795,0.0023232169999999998
4542,991,0.00239712
4543,1187,0.0025099179999999999
4544,867,0.0021070669999999998
4545,2191,0.0028407630000000001
4546,767,0.0021811920000000002
4547,1294,0.0020812959999999998
4548,1059,0.0022792870000000001
4549,1247,0.0024615869999999999
4550,1823,0.0021775449999999999
4551,1151,0.0023852019999999999
4552,1760,0.0030093899999999998
4553,1269,0.002858583
4554,1358,0.0023631630000000002
4555,1668,0.0023481550000000002
4556,1169,0.002355298
4557,1277,0.0022194239999999998
4558,1557,0.0023664990000000002
4559,1536,0.002234776
4560,1227,0.0022342249999999998
4561,1142,0.002102427
4562,1508,0.002312906
4563,1520,0.0025895380000000002
4564,973,0.0024481820000000001
4565,1088,0.003364868
4566,1334,0.002860006
4567,1376,0.0023769210000000002
4568,978,0.0022877560000000002
4569,972,0.0020657430000000001
4570,1182,0.0019787199999999998
4571,1319,0.0022993369999999998
4572,848,0.0026860740000000001
4573,2018,0.0039937760000000001
4574,889,0.0075827189999999999
4575,870,0.0023613990000000001
4576,829,0.0023129650000000002
4577,923,0.0022140440000000001
4578,1375,0.00215606
4579,1110,0.001933035
4580,1156,0.001933349
4581,891,0.0019083990000000001
4582,1137,0.0020387600000000001
4583,1205,0.0021576690000000001
4584,814,0.0021826850000000002
4585,989,0.0021430300000000002
4586,1058,0.0020579980000000001
4587,1170,0.0023082089999999999
4588,796,0.0023315779999999999
4589,843,0.0021607710000000001
4590,1066,0.0024956499999999999
4591,1231,0.0023173989999999999
4592,856,0.002278881
4593,854,0.0021047650000000002
4594,1110,0.001922303
4595,1135,0.0020288149999999998
4596,1061,0.001982789
4597,925,0.002320365
4598,1098,0.0022348189999999999
4599,1293,0.0023513309999999999
4600,934,0.0023177509999999998
4601,2133,0.0024436649999999998
4602,971,0.0019653240000000001
4603,1099,0.0021056080000000001
4604,959,0.002397766
4605,981,0.0022486450000000001
4606,1389,0.002379997
4607,1539,0.0025169620000000002
4608,1975,0.0026880599999999999
4609,942,0.0026418349999999999
4610,1086,0.0023285100000000002
4611,1294,0.0025155730000000001
4612,944,0.002539538
4613,1016,0.0020240240000000001
4614,1259,0.002135802
4615,1453,0.0023804949999999998
4616,1102,0.002236909
4617,901,0.0022714050000000002
4618,1013,0.003769026
4619,1198,0.002558271
4620,1022,0.0023665909999999999
4621,806,0.0025660700000000002
4622,983,0.0025156509999999998
4623,1027,0.002464857
4624,933,0.0024211390000000001
4625,708,0.0025499229999999999
4626,892,0.0025226379999999998
4627,1019,0.0026275589999999998
4628,802,0.002676468
4629,1836,0.0029600500000000001
4630,580,0.0026159170000000002
4631,729,0.0026800320000000002
4632,763,0.0024425279999999998
4633,692,0.0021303670000000002
4634,1162,0.0021851959999999999
4635,1736,0.002243498
4636,1972,0.0023860679999999999
4637,732,0.0026025789999999998
4638,1145,0.0026259959999999998
4639,1155,0.002595605
4640,1028,0.0024268520000000002
4641,1002,0.0023980329999999999
4642,1414,0.002614786
4643,1651,0.0024895669999999998
4644,1457,0.0025675440000000002
4645,1148,0.002494633
4646,1347,0.002144347
4647,1560,0.0027037989999999998
4648,1443,0.0032850819999999999
4649,1155,0.0020748009999999998
4650,1529,0.0023530550000000002
4651,1834,0.0023984409999999999
4652,1636,0.002227648
4653,1293,0.002113827
4654,1466,0.0020237089999999998
4655,1768,0.0023575050000000002
4656,1583,0.0023630700000000001
4657,2688,0.0025555090000000001
4658,1109,0.0029760099999999999
4659,1427,0.0024553790000000002
4660,1343,0.0022280550000000001
4661,1218,0.002321989
4662,1361,0.0023359940000000001
4663,2169,0.0026684199999999999
4664,2092,0.00280095
4665,875,0.0026212980000000002
4666,1034,0.0021821309999999999
4667,1210,0.0023176170000000001
4668,1105,0.0021540000000000001
4669,857,0.0023687410000000002
4670,1069,0.0026171739999999999
4671,1035,0.0022451540000000001
4672,1025,0.0027390370000000002
4673,643,0.0020205660000000001
4674,769,0.0023758640000000001
4675,821,0.0021185760000000001
4676,814,0.0021612799999999998
4677,603,0.0023859689999999999
4678,720,0.0021859729999999999
4679,840,0.0020131599999999999
4680,961,0.0019421390000000001
4681,621,0.0021216490000000002
4682,665,0.0021478719999999999
4683,815,0.0020727620000000001
4684,734,0.001838559
4685,2024,0.0022566449999999998
4686,461,0.0021125110000000001
4687,835,0.0022851049999999999
4688,786,0.002513426
4689,682,0.0020011859999999999
4690,945,0.0024509079999999999
4691,1546,0.0025383279999999999
4692,1366,0.0027542930000000001
4693,656,0.002849823
4694,658,0.0025792010000000001
4695,743,0.0024216139999999999
4696,795,0.0024372130000000001
4697,801,0.0026979719999999999
4698,874,0.0026950329999999999
4699,1033,0.0032310669999999998
4700,974,0.0028180269999999999
4701,693,0.0024802420000000001
4702,746,0.0022582869999999999
4703,901,0.0022228719999999999
4704,928,0.0021174940000000001
4705,600,0.0024470590000000001
4706,713,0.0025173869999999998
4707,892,0.0024590689999999999
4708,985,0.0026750440000000001
4709,685,0.0021012650000000002
4710,793,0.0020662010000000001
4711,968,0.001951553
4712,909,0.002387807
4713,2134,0.0022485840000000001
4714,549,0.001856454
4715,798,0.001851997
4716,873,0.0021878150000000001
4717,682,0.001908641
4718,867,0.001877463
4719,1046,0.0020292449999999998
4720,1010,0.0023435999999999999
4721,494,0.0021493020000000001
4722,413,0.002140566
4723,667,0.002241411
4724,795,0.0021450929999999998
4725,558,0.002221644
4726,709,0.001979742
4727,769,0.0029651289999999999
4728,842,0.0022612579999999999
4729,465,0.0020267670000000001
4730,453,0.0019763160000000001
4731,475,0.0021250380000000001
4732,601,0.002152466
4733,461,0.0021106079999999999
4734,452,0.0022956360000000002
4735,763,0.0022158450000000001
4736,785,0.0020026570000000001
4737,575,0.00238638
4738,636,0.0021868209999999998
4739,794,0.0022252079999999998
4740,813,0.0024705619999999999
4741,718,0.0025168959999999998
4742,1926,0.0026643489999999999
4743,578,0.0024432299999999998
4744,830,0.0020546539999999999
4745,776,0.002248678
4746,857,0.0022512259999999998
4747,1293,0.0025426569999999998
4748,1829,0.0025941990000000002
4749,918,0.0025753239999999999
4750,751,0.0023977349999999998
4751,1060,0.002593798
4752,960,0.0024903600000000001
4753,1005,0.0025139910000000001
4754,969,0.0023889079999999999
4755,1237,0.0025688400000000002
4756,1180,0.002637758
4757,1189,0.0026834390000000001
4758,1012,0.0022295470000000001
4759,903,0.002293925
4760,1305,0.0022671269999999999
4761,889,0.0020468679999999999
4762,917,0.0021479509999999999
4763,1088,0.0022404830000000001
4764,1316,0.002123078
4765,995,0.001881359
4766,845,0.001854865
4767,991,0.0021144269999999999
4768,1084,0.0021182520000000002
4769,661,0.0018747029999999999
4770,2192,0.0024747269999999999
4771,646,0.0020825079999999998
4772,1007,0.002387761
4773,722,0.0024203300000000001
4774,789,0.0028928389999999999
4775,1073,0.0024898670000000002
4776,1381,0.0046698340000000003
4777,881,0.0025469479999999998
4778,661,0.0025944509999999998
4779,731,0.0025483860000000001
4780,724,0.0026831770000000001
4781,556,0.0025379579999999999
4782,827,0.003068533
4783,1111,0.00261656
4784,1240,0.00256631
4785,1061,0.0026535130000000001
4786,790,0.0026757650000000001
4787,965,0.0024278580000000002
4788,1140,0.0025525539999999998
4789,1029,0.0027100660000000001
4790,899,0.0027303430000000001
4791,1058,0.0024064960000000002
4792,1205,0.0021073060000000002
4793,1169,0.002283153
4794,921,0.0024055439999999999
4795,1088,0.0023749109999999999
4796,1273,0.0021235889999999999
4797,995,0.002165387
4798,1243,0.002480023
4799,807,0.002589938
4800,1037,0.002397316
4801,980,0.0024744369999999999
4802,765,0.002325765
4803,1379,0.0021975940000000002
4804,1378,0.0021056460000000001
4805,1624,0.0022356059999999998
4806,722,0.002286565
4807,861,0.0024795870000000001
4808,909,0.0034314100000000002
4809,751,0.0061065219999999996
4810,767,0.0096624970000000008
4811,885,0.0042729700000000001
4812,965,0.002702266
4813,816,0.0024100060000000001
4814,593,0.0022214330000000001
4815,621,0.002497651
4816,725,0.0021780609999999998
4817,721,0.0028798750000000001
4818,571,0.0027136
4819,621,0.0025602229999999999
4820,725,0.0019909699999999999
4821,708,0.0022196469999999999
4822,610,0.002136513
4823,719,0.0021967660000000002
4824,905,0.0021599470000000002
4825,891,0.0021250520000000001
4826,2037,0.0024935769999999999
4827,599,0.002869262
4828,800,0.0062213420000000004
4829,872,0.0027454659999999998
4830,803,0.0026077790000000002
4831,1348,0.0027201859999999999
4832,1537,0.0026317369999999999
4833,1592,0.0030662150000000002
4834,818,0.0032107450000000001
4835,993,0.0023599110000000001
4836,939,0.002142269
4837,999,0.0025187479999999999
4838,988,0.00224245
4839,918,0.0025968879999999999
4840,1347,0.002808053
4841,911,0.0022529680000000002
4842,968,0.0020315279999999999
4843,927,0.0034209269999999998
4844,1047,0.0020927379999999998
4845,980,0.0022364580000000002
4846,839,0.002372243
4847,899,0.0023373280000000001
4848,962,0.0021809379999999999
4849,977,0.002051513
4850,618,0.001953029
4851,682,0.0019401430000000001
4852,751,0.0020740979999999999
4853,732,0.0020419090000000002
4854,2018,0.0027374999999999999
4855,368,0.0029390079999999999
4856,386,0.0030228830000000001
4857,361,0.003041307
4858,321,0.003175817
4859,1029,0.0031548549999999998
4860,791,0.0026026410000000002
4861,495,0.0026181220000000001
4862,166,0.002492106
4863,295,0.0025318089999999999
4864,387,0.0025005169999999998
4865,343,0.0022553550000000001
4866,177,0.0029910330000000001
4867,361,0.0025329110000000001
4868,389,0.0025008069999999999
4869,265,0.002462438
4870,202,0.0023861049999999999
4871,286,0.0028220049999999998
4872,348,0.0027943289999999999
4873,285,0.0022967539999999998
4874,206,0.0025949129999999999
4875,313,0.0022569249999999999
4876,468,0.0022951999999999998
4877,383,0.0022390579999999999
4878,318,0.0022676630000000001
4879,386,0.0026172169999999998
4880,416,0.0023186610000000001
4881,359,0.0025263159999999998
4882,521,0.002703876
4883,290,0.0023283819999999999
4884,423,0.002342462
4885,483,0.002728683
4886,866,0.003071393
4887,1230,0.0031303199999999998
4888,1254,0.0031254130000000001
4889,444,0.0025936470000000001
4890,384,0.0024158650000000001
4891,420,0.003324095
4892,503,0.0030386190000000002
4893,455,0.0030833380000000001
4894,456,0.0028114609999999999
4895,538,0.0025493740000000001
4896,507,0.0035123789999999999
4897,520,0.0032333819999999999
4898,502,0.0037906530000000002
4899,517,0.002615661
4900,564,0.0026308289999999999
4901,678,0.002101814
4902,544,0.0023013479999999999
4903,612,0.0020214069999999998
4904,672,0.002582745
4905,694,0.0023755780000000002
4906,590,0.0025667559999999999
4907,594,0.0024411929999999999
4908,713,0.0020562150000000001
4909,2099,0.002583499
4910,594,0.0021072529999999999
4911,427,0.0021700310000000002
4912,551,0.002791665
4913,592,0.0020718220000000001
4914,933,0.0026795489999999998
4915,873,0.002257294
4916,576,0.0025129369999999998
4917,534,0.002452933
4918,449,0.0020183250000000001
4919,533,0.0021136839999999998
4920,507,0.0020720080000000002
4921,617,0.0020757420000000002
4922,504,0.0020575649999999999
4923,483,0.0022544430000000001
4924,589,0.002286719
4925,573,0.0020216689999999998
4926,528,0.0022674420000000002
4927,479,0.0022604959999999999
4928,522,0.0023979330000000001
4929,584,0.0025351430000000001
4930,577,0.0027494569999999999
4931,554,0.0031251780000000002
4932,721,0.0021495770000000002
4933,743,0.002507984
4934,707,0.0023144699999999999
4935,531,0.0020905070000000001
4936,951,0.002333693
4937,1781,0.0026993529999999998
4938,415,0.002802386
4939,642,0.0035724329999999999
4940,767,0.0031126769999999999
4941,972,0.0029278059999999998
4942,1198,0.0031054820000000001
4943,901,0.0029446699999999999
4944,753,0.0027794500000000001
4945,768,0.0026132830000000001
4946,654,0.002734177
4947,704,0.0028063469999999998
4948,820,0.0029829740000000002
4949,873,0.0026083130000000001
4950,819,0.0022927139999999999
4951,710,0.002387906
4952,670,0.002114753
4953,692,0.0022000280000000001
4954,561,0.0021631710000000002
4955,514,0.0031892359999999998
4956,489,0.0029526019999999999
4957,536,0.0028363820000000001
4958,487,0.0026728339999999998
4959,418,0.002625376
4960,419,0.0021029960000000002
4961,415,0.0021989760000000001
4962,469,0.002200338
4963,348,0.0022108990000000001
4964,1803,0.0023823719999999998
4965,260,0.0032082120000000002
4966,329,0.0022791740000000001
4967,378,0.002450982
4968,745,0.0026903029999999998
4969,1084,0.0023679870000000002
4970,857,0.002245801
4971,459,0.0021929300000000001
4972,541,0.0049519459999999996
4973,640,0.0032703160000000001
4974,664,0.0023376619999999999
4975,840,0.0022322589999999999
4976,846,0.0021827299999999999
4977,852,0.0020489319999999998
4978,888,0.002153589
4979,1088,0.0022875299999999999
4980,1148,0.0042450839999999997
4981,1076,0.0030400480000000001
4982,1031,0.0028927979999999998
4983,1002,0.0030448720000000001
4984,1288,0.0027909190000000002
4985,1327,0.0027844839999999998
4986,1233,0.002856904
4987,1141,0.0025035019999999999
4988,1193,0.002625713
4989,1282,0.0031707929999999999
4990,1167,0.0023987470000000001
4991,2605,0.0025523439999999998
4992,749,0.002753471
4993,1047,0.0040543100000000002
4994,1032,0.004093513
4995,1285,0.0027078689999999999
4996,1107,0.0025217970000000001
4997,1645,0.0025416179999999998
4998,886,0.0023549650000000001
4999,821,0.002156949
5000,802,0.002169856
5001,848,0.0021460139999999999
5002,855,0.0021668059999999999
5003,799,0.0028219249999999999
5004,824,0.0022619929999999999
5005,871,0.0020979729999999999
5006,707,0.00225165
5007,617,0.0026038559999999999
5008,604,0.0021426840000000002
5009,673,0.001993229
5010,646,0.0038519240000000001
5011,552,0.001920206
5012,565,0.0019587580000000001
5013,653,0.002121426
5014,635,0.0022040969999999999
5015,632,0.0020919340000000002
5016,565,0.0023847949999999999
5017,730,0.002338424
5018,2224,0.0032367519999999999
5019,616,0.0023379059999999998
5020,636,0.0022945919999999998
5021,911,0.002106602
5022,904,0.0020779150000000001
5023,1155,0.0021222960000000001
5024,1673,0.0023733579999999999
5025,952,0.0024396470000000001
5026,847,0.0022027420000000002
5027,840,0.002058697
5028,918,0.0020425500000000002
5029,986,0.0020473850000000001
5030,901,0.002101796
5031,816,0.0024988079999999999
5032,778,0.0023697430000000001
5033,1015,0.0022617940000000001
5034,953,0.002103064
5035,801,0.0021291019999999999
5036,779,0.0022200919999999999
5037,760,0.001872893
5038,858,0.0019804459999999999
5039,787,0.002062393
5040,815,0.0020926109999999999
5041,881,0.0018208370000000001
5042,814,0.001932408
5043,700,0.0022018649999999999
5044,670,0.0024103409999999999
5045,2232,0.003052632
5046,863,0.0042360820000000004
5047,545,0.0029976500000000001
5048,599,0.0029566850000000001
5049,807,0.0043263590000000001
5050,1117,0.0046553860000000001
5051,807,0.0025376940000000001
5052,620,0.0026766839999999999
5053,695,0.0028942970000000001
5054,613,0.0027596159999999999
5055,624,0.0032666840000000002
5056,857,0.0029857030000000001
5057,959,0.0027948000000000001
5058,900,0.0026551330000000001
5059,664,0.0026452680000000001
5060,671,0.0032111230000000002
5061,562,0.0049513689999999997
5062,616,0.0032768519999999998
5063,509,0.0022133439999999999
5064,530,0.00234009
5065,667,0.002240658
5066,639,0.0021363580000000001
5067,576,0.0023384640000000002
5068,584,0.0020912560000000001
5069,611,0.0020637939999999999
5070,635,0.0020523469999999999
5071,532,0.001962353
5072,1802,0.0030595900000000001
5073,400,0.002692528
5074,339,0.0021687130000000001
5075,460,0.0021697309999999998
5076,567,0.0021270880000000001
5077,943,0.003136411
5078,1273,0.0027072390000000002
5079,441,0.0027944129999999999
5080,374,0.0026925849999999999
5081,480,0.0026126830000000002
5082,512,0.0027060259999999998
5083,523,0.0027699059999999999
5084,577,0.0027567730000000001
5085,686,0.0042687610000000003
5086,782,0.002717915
5087,643,0.002487665
5088,652,0.0025296139999999999
5089,706,0.002916133
5090,743,0.0026821010000000001
5091,721,0.0030802239999999999
5092,687,0.0027233410000000002
5093,825,0.002718149
5094,977,0.0027232979999999999
5095,818,0.0026709519999999999
5096,747,0.0037126170000000001
5097,747,0.003249123
5098,867,0.0028234219999999999
5099,2175,0.0028560899999999999
5100,605,0.0026745409999999999
5101,667,0.0027080350000000001
5102,807,0.004123799
5103,979,0.0034202350000000002
5104,1221,0.0032743749999999999
5105,1380,0.0031202819999999998
5106,843,0.0029093389999999999
5107,734,0.0036037360000000002
5108,728,0.0035440649999999999
5109,806,0.0029999919999999999
5110,861,0.0025574550000000001
5111,772,0.0031012449999999999
5112,785,0.0030625409999999998
5113,879,0.0032573150000000002
5114,661,0.0030717069999999999
5115,702,0.0028341109999999998
5116,741,0.0025784290000000001
5117,732,0.0025892089999999999
5118,868,0.0026394330000000001
5119,757,0.0027343519999999998
5120,692,0.002651942
5121,760,0.0025238790000000001
5122,900,0.0024994359999999998
5123,769,0.0034086440000000002
5124,722,0.0031996870000000001
5125,779,0.0030378229999999998
5126,2273,0.003283921
5127,731,0.0031457770000000002
5128,571,0.0034459479999999999
5129,673,0.0041330960000000002
5130,1206,0.0030611200000000001
5131,1530,0.0030631590000000002
5132,871,0.0033081899999999999
5133,676,0.0029712240000000002
5134,781,0.0030968240000000002
5135,719,0.0031729240000000001
5136,533,0.0062795840000000004
5137,775,0.003062951
5138,893,0.0029633379999999998
5139,872,0.002964338
5140,689,0.002896441
5141,812,0.0028839909999999998
5142,857,0.0029614279999999999
5143,610,0.0030413789999999999
5144,713,0.0036000630000000001
5145,738,0.0024521299999999998
5146,760,0.002680871
5147,775,0.002774908
5148,761,0.0028246719999999999
5149,741,0.0033594050000000002
5150,796,0.0030031239999999998
5151,718,0.0024951539999999999
5152,664,0.0022633309999999999
5153,1407,0.0025329290000000002
5154,413,0.0025290920000000001
5155,667,0.0027254240000000002
5156,741,0.0025097650000000002
5157,1467,0.0026063689999999999
5158,1773,0.002956036
5159,702,0.0026506360000000001
5160,578,0.0023853799999999999
5161,669,0.0026588580000000001
5162,785,0.0028414909999999998
5163,894,0.0028105780000000002
5164,895,0.0028905789999999999
5165,1004,0.002872678
5166,990,0.0024602180000000001
5167,972,0.0029256529999999998
5168,839,0.0027009299999999998
5169,876,0.0023022210000000001
5170,922,0.002514241
5171,964,0.002595375
5172,823,0.0027471430000000001
5173,929,0.0026856380000000002
5174,1066,0.003083793
5175,961,0.0023484560000000001
5176,850,0.0023117039999999999
5177,902,0.002368467
5178,955,0.0022685679999999999
5179,2224,0.0025801219999999998
5180,775,0.003321961
5181,756,0.003206399
5182,835,0.0035597889999999998
5183,961,0.0030266410000000001
5184,1363,0.003212141
5185,1054,0.003073063
5186,722,0.0028917779999999998
5187,766,0.003337418
5188,764,0.003943251
5189,882,0.0029920789999999999
5190,974,0.0029708209999999998
5191,1042,0.0028635760000000001
5192,904,0.0028305560000000001
5193,932,0.0029343939999999999
5194,1007,0.0029576260000000001
5195,902,0.0064418239999999996
5196,676,0.002400597
5197,815,0.0026780770000000001
5198,860,0.0025092140000000001
5199,987,0.0023568949999999999
5200,931,0.0025608620000000001
5201,1093,0.0038270639999999998
5202,1067,0.0031355319999999999
5203,817,0.002540867
5204,885,0.0022662979999999999
5205,926,0.002278188
5206,2526,0.002977033
5207,811,0.0031658950000000002
5208,893,0.0029215920000000002
5209,1037,0.0027651210000000002
5210,1617,0.0026891559999999998
5211,2137,0.0031665579999999999
5212,913,0.0040558809999999999
5213,1052,0.0028899609999999999
5214,980,0.002805096
5215,1070,0.0029088809999999999
5216,1110,0.0029817329999999999
5217,1173,0.002795587
5218,1209,0.002666388
5219,1198,0.0026397679999999998
5220,1002,0.0021731760000000002
5221,1101,0.002575309
5222,1066,0.0025609880000000002
5223,1000,0.0023925119999999999
5224,917,0.0025709890000000001
5225,956,0.002784201
5226,1128,0.0023559649999999998
5227,1007,0.0025547790000000001
5228,938,0.0026179749999999998
5229,876,0.0027482729999999999
5230,1037,0.002538055
5231,1019,0.002536202
5232,2274,0.0026127720000000002
5233,896,0.002716675
5234,760,0.0023355699999999999
5235,836,0.0033641539999999998
5236,1265,0.0027672069999999998
5237,1994,0.0027826230000000001
5238,970,0.002632686
5239,673,0.002624187
5240,712,0.0038512939999999999
5241,1016,0.0046310830000000002
5242,934,0.0031101760000000001
5243,1063,0.0029446490000000001
5244,1096,0.003030062
5245,1099,0.0029454110000000002
5246,1138,0.0043655730000000002
5247,995,0.0032843949999999998
5248,921,0.0035683239999999999
5249,1013,0.0029968590000000002
5250,1003,0.0027052880000000001
5251,996,0.0024904269999999999
5252,957,0.0023127220000000001
5253,1024,0.0026316429999999999
5254,1124,0.004223068
5255,997,0.0045478510000000003
5256,852,0.002928613
5257,854,0.0027394960000000001
5258,1657,0.0032829819999999998
5259,1473,0.0032285320000000001
5260,651,0.0033167380000000001
5261,788,0.0033406379999999999
5262,931,0.0029381670000000002
5263,1208,0.0029741870000000001
5264,744,0.0027988459999999998
5265,671,0.0028114640000000001
5266,624,0.0048660659999999996
5267,622,0.0033327019999999999
5268,675,0.0031765769999999999
5269,875,0.003079549
5270,917,0.0029699029999999999
5271,646,0.0043874600000000001
5272,646,0.0027745539999999998
5273,752,0.0029217539999999999
5274,660,0.0030199609999999998
5275,513,0.0029646379999999999
5276,568,0.002978414
5277,723,0.0030193590000000001
5278,772,0.0031089619999999998
5279,689,0.002802817
5280,651,0.002418861
5281,692,0.0024620000000000002
5282,740,0.002893802
5283,601,0.0029606340000000002
5284,605,0.0027884559999999999
5285,2077,0.0029972279999999998
5286,431,0.0027662569999999998
5287,543,0.0041857070000000003
5288,1048,0.0028431569999999998
5289,1481,0.0025631870000000002
5290,840,0.002498746
5291,589,0.002627257
5292,543,0.0026622780000000001
5293,615,0.0031746869999999998
5294,708,0.0025984910000000001
5295,712,0.0027833789999999999
5296,796,0.002807202
5297,766,0.0026740639999999999
5298,1113,0.0027535139999999999
5299,834,0.0026981100000000001
5300,782,0.002511934
5301,883,0.0024672919999999998
5302,1011,0.0020557449999999999
5303,897,0.0020515020000000002
5304,896,0.0025044730000000001
5305,1095,0.0024651600000000001
5306,1136,0.0022238789999999998
5307,1060,0.0024542240000000001
5308,849,0.002153229
5309,986,0.0025692229999999998
5310,1077,0.0029061439999999998
5311,2575,0.003541242
5312,631,0.0029318360000000002
5313,891,0.0026000229999999999
5314,1238,0.0026354350000000002
5315,1489,0.0027884189999999999
5316,780,0.0028270169999999998
5317,843,0.0023987330000000001
5318,755,0.002693207
5319,697,0.0027385759999999999
5320,690,0.002785062
5321,966,0.0022971440000000001
5322,1009,0.0023162030000000002
5323,731,0.002291202
5324,595,0.0030254650000000002
5325,644,0.0034564219999999998
5326,745,0.0027381609999999998
5327,606,0.0029951610000000001
5328,470,0.002363707
5329,617,0.0023253869999999999
5330,667,0.0028483660000000002
5331,554,0.00241618
5332,499,0.0027756840000000001
5333,612,0.002753859
5334,629,0.0022610109999999998
5335,678,0.0025071870000000001
5336,446,0.0023297249999999999
5337,1423,0.0029081519999999998
5338,336,0.0062267260000000001
5339,462,0.0028912149999999999
5340,774,0.003164147
5341,1117,0.0029763110000000001
5342,995,0.0030457129999999998
5343,441,0.0025917100000000001
5344,404,0.002421912
5345,541,0.0038494800000000002
5346,657,0.0028157220000000001
5347,595,0.0026856110000000001
5348,555,0.0022606589999999999
5349,728,0.0022639600000000002
5350,820,0.0022675400000000002
5351,762,0.002350764
5352,494,0.0024222430000000001
5353,523,0.0024705909999999998
5354,617,0.0030050989999999998
5355,578,0.0022581250000000001
5356,519,0.0021489349999999998
5357,634,0.0022217230000000001
5358,718,0.0021545560000000002
5359,605,0.0021116989999999999
5360,414,0.002085983
5361,517,0.0025102940000000002
5362,610,0.0023796730000000001
5363,2172,0.0026387429999999998
5364,289,0.0021535880000000001
5365,482,0.0021521930000000002
5366,987,0.0022685579999999999
5367,1267,0.0057924370000000001
5368,630,0.0025517510000000001
5369,403,0.0027784900000000002
5370,483,0.0029015960000000002
5371,508,0.0027968799999999999
5372,556,0.002299433
5373,932,0.002448067
5374,748,0.0025327320000000002
5375,814,0.0024691700000000001
5376,535,0.0022795839999999999
5377,677,0.0028545380000000002
5378,943,0.002311118
5379,706,0.0024739319999999999
5380,662,0.002374003
5381,658,0.0022533739999999998
5382,1135,0.0021757149999999999
5383,1103,0.0022214930000000002
5384,884,0.002376104
5385,897,0.003594061
5386,1195,0.002581524
5387,1315,0.0022585080000000002
5388,1021,0.0023142850000000001
5389,2179,0.0025408309999999999
5390,778,0.0025541040000000002
5391,1182,0.002825494
5392,1100,0.003870769
5393,1604,0.0034803939999999999
5394,1372,0.0032220059999999999
5395,1148,0.002957164
5396,799,0.0027427160000000001
5397,888,0.0026729010000000001
5398,984,0.0024234690000000001
5399,1130,0.0023902770000000001
5400,880,0.0023410620000000001
5401,866,0.0024644810000000001
5402,1072,0.0024513930000000001
5403,1195,0.0026820799999999999
5404,710,0.0031088460000000002
5405,655,0.0027018160000000001
5406,837,0.002736161
5407,872,0.0024031059999999999
5408,678,0.002263588
5409,588,0.002289583
5410,851,0.0027634169999999998
5411,850,0.0023333260000000001
5412,736,0.0023321890000000001
5413,472,0.0022584240000000002
5414,618,0.0021529750000000001
5415,1906,0.0025698129999999998
5416,320,0.0026643790000000001
5417,514,0.0026735230000000001
5418,1574,0.0030969890000000001
5419,1478,0.002651245
5420,568,0.0027073869999999999
5421,380,0.003038406
5422,546,0.0032220450000000002
5423,609,0.0033528149999999999
5424,495,0.002865112
5425,592,0.0023480430000000002
5426,1019,0.002359187
5427,842,0.002419774
5428,747,0.0032348120000000001
5429,646,0.002581875
5430,773,0.002630739
5431,851,0.0030940609999999999
5432,815,0.0026816919999999998
5433,676,0.0024432400000000002
5434,872,0.0028491549999999999
5435,934,0.0028320519999999998
5436,860,0.002473322
5437,628,0.0026873969999999998
5438,774,0.0022252790000000001
5439,712,0.0021425369999999999
5440,865,0.0023730940000000001
5441,1928,0.0024760300000000002
5442,526,0.004302635
5443,741,0.0027822390000000002
5444,1132,0.0026453919999999999
5445,962,0.002673627
5446,730,0.0029167519999999999
5447,777,0.0031071580000000001
5448,686,0.0028868349999999999
5449,559,0.0028164499999999999
5450,904,0.003117243
5451,937,0.002787992
5452,573,0.0028005159999999999
5453,608,0.0025736309999999998
5454,789,0.002638259
5455,742,0.002851775
5456,715,0.002520039
5457,600,0.002477599
5458,748,0.0027427609999999998
5459,760,0.0021843019999999999
5460,762,0.0021114570000000002
5461,595,0.0025119209999999999
5462,754,0.0025545540000000001
5463,907,0.002520652
5464,888,0.002864835
5465,585,0.0036976029999999998
5466,1193,0.0023544619999999999
5467,650,0.0024319900000000002
5468,551,0.002256035
5469,781,0.0026538540000000002
5470,1358,0.00267637
5471,1136,0.0025821540000000001
5472,571,0.0028187759999999998
5473,520,0.0024532859999999998
5474,461,0.004148311
5475,644,0.0025564089999999999
5476,672,0.0026125089999999998
5477,553,0.0022223270000000001
5478,767,0.0020415889999999999
5479,795,0.0020681520000000002
5480,631,0.0020621749999999999
5481,572,0.0021843359999999998
5482,612,0.0024902430000000001
5483,670,0.0029932579999999999
5484,455,0.002180151
5485,589,0.002135315
5486,619,0.0022114740000000002
5487,788,0.002174133
5488,809,0.0021074679999999999
5489,608,0.0021772470000000002
5490,567,0.0034502819999999998
5491,685,0.0040780419999999996
5492,2113,0.0033668420000000001
5493,596,0.0030150789999999999
5494,512,0.0029258650000000001
5495,1068,0.0031227469999999999
5496,951,0.0039515870000000003
5497,545,0.0031639189999999998
5498,544,0.0032600419999999999
5499,543,0.0030272179999999999
5500,520,0.002606559
5501,445,0.0024559439999999998
5502,743,0.0026311070000000002
5503,660,0.0028846760000000001
5504,537,0.0031517609999999999
5505,425,0.0030990969999999999
5506,454,0.0028454320000000002
5507,578,0.002749366
5508,534,0.0027317690000000002
5509,400,0.0027265950000000001
5510,428,0.002800603
5511,615,0.0048216780000000002
5512,498,0.0029398480000000001
5513,368,0.0026556710000000001
5514,395,0.002396895
5515,407,0.0027841939999999998
5516,506,0.002499767
5517,430,0.0023435980000000001
5518,1559,0.002341451
5519,315,0.0021946969999999998
5520,494,0.002248505
5521,1046,0.0024117549999999998
5522,1226,0.0027818309999999998
5523,550,0.0026370619999999999
5524,641,0.00228312
5525,526,0.0021801139999999999
5526,587,0.002177212
5527,904,0.0022044819999999998
5528,796,0.002077513
5529,708,0.0023004639999999999
5530,861,0.0025860700000000002
5531,1152,0.0027881820000000002
5532,980,0.002928525
5533,749,0.0029300300000000001
5534,673,0.0025895179999999999
5535,816,0.0028439509999999999
5536,953,0.0027176079999999998
5537,774,0.002795423
5538,664,0.002584331
5539,970,0.0025511520000000001
5540,1026,0.0031059170000000001
5541,844,0.0038741000000000001
5542,685,0.002780355
5543,1389,0.0028570150000000001
5544,873,0.0027113860000000001
5545,669,0.0029400899999999998
5546,994,0.003722403
5547,1564,0.00513336
5548,1052,0.0029717609999999998
5549,638,0.0026803389999999999
5550,581,0.002747139
5551,753,0.0028972450000000001
5552,845,0.0039686210000000003
5553,696,0.0026470030000000002
5554,737,0.0024390869999999999
5555,985,0.0026092390000000002
5556,828,0.0025514539999999999
5557,835,0.0030871760000000001
5558,467,0.00508998
5559,549,0.0025111069999999998
5560,617,0.0023896949999999998
5561,572,0.0024283529999999998
5562,462,0.00342676
5563,648,0.0029400210000000001
5564,654,0.00277977
5565,648,0.0024277130000000002
5566,344,0.002288048
5567,437,0.002226525
5568,519,0.0021677139999999998
5569,2082,0.0034135039999999999
5570,216,0.0028588300000000001
5571,389,0.0031683710000000001
5572,1230,0.0030418939999999998
5573,622,0.0028261919999999999
5574,182,0.0028869799999999999
5575,213,0.0028813430000000002
5576,276,0.0028418250000000001
5577,256,0.0031597489999999999
5578,310,0.003019126
5579,894,0.0026542570000000001
5580,522,0.0033319399999999998
5581,238,0.0026964070000000001
5582,143,0.002897845
5583,291,0.002984235
5584,325,0.0028465679999999998
5585,271,0.003272311
5586,129,0.0023154019999999998
5587,294,0.0029032160000000001
5588,331,0.0024593990000000001
5589,214,0.0024731779999999999
5590,122,0.0026159500000000001
5591,218,0.0026325010000000002
5592,308,0.0031662230000000001
5593,291,0.0026673040000000001
5594,359,0.002644352
5595,359,0.0024908230000000001
5596,191,0.0024598710000000002
5597,591,0.0026817690000000001
5598,356,0.0026673840000000001
5599,588,0.002633196
5600,287,0.0026025620000000001
5601,329,0.0027822699999999999
5602,182,0.0031578309999999998
5603,340,0.0027061899999999998
5604,496,0.0029552549999999999
5605,370,0.002750429
5606,264,0.0028668880000000002
5607,524,0.0033328609999999999
5608,600,0.002744518
5609,398,0.0026629100000000001
5610,342,0.0024593610000000002
5611,350,0.0024213170000000001
5612,559,0.0023429729999999999
5613,546,0.0025313710000000001
5614,359,0.002439114
5615,400,0.0024549179999999999
5616,627,0.003639247
5617,687,0.002626232
5618,405,0.0024729980000000001
5619,342,0.0024280370000000001
5620,1395,0.0027467199999999998
5621,372,0.0030750180000000001
5622,313,0.003012088
5623,671,0.0034262329999999999
5624,976,0.0023704609999999999
5625,549,0.0021970990000000001
5626,330,0.0023266770000000001
5627,264,0.0022087500000000002
5628,409,0.0025319600000000002
5629,422,0.0026766369999999999
5630,298,0.0033211709999999999
5631,512,0.0025945209999999998
5632,680,0.003007872
5633,694,0.0025685859999999999
5634,380,0.0025260450000000002
5635,337,0.0023136099999999998
5636,507,0.0024555750000000002
5637,577,0.0029144589999999999
5638,472,0.0031515359999999999
5639,487,0.0042950640000000003
5640,720,0.0026304850000000001
5641,861,0.0026981230000000002
5642,726,0.002837703
5643,436,0.00274596
5644,705,0.0053321970000000003
5645,2436,0.0058371930000000001
5646,880,0.003153702
5647,395,0.003056708
5648,1071,0.0038746890000000002
5649,1199,0.0035560129999999998
5650,712,0.0031320290000000001
5651,465,0.0029246540000000001
5652,667,0.002726268
5653,698,0.0029520449999999999
5654,495,0.0028634760000000002
5655,524,0.0031042079999999998
5656,938,0.0032203179999999998
5657,865,0.003054846
5658,520,0.0029713169999999998
5659,378,0.0029003850000000001
5660,460,0.002883755
5661,523,0.003050489
5662,389,0.0029529230000000001
5663,310,0.0029058819999999998
5664,431,0.0025396860000000002
5665,500,0.0029555829999999999
5666,502,0.0025407170000000001
5667,280,0.0024495609999999998
5668,374,0.0052181490000000001
5669,548,0.0035568330000000001
5670,518,0.003064644
5671,1710,0.0034692799999999999
5672,351,0.0031382900000000002
5673,855,0.002861602
5674,695,0.0036617479999999998
5675,625,0.0058315299999999997
5676,606,0.0032890430000000002
5677,789,0.0027747340000000001
5678,516,0.002710751
5679,523,0.0029852479999999998
5680,949,0.0031604810000000001
5681,979,0.002921224
5682,515,0.00318893
5683,538,0.0030882449999999999
5684,785,0.0029191730000000002
5685,983,0.0031440729999999998
5686,774,0.0027715169999999998
5687,491,0.0024084250000000001
5688,746,0.0026888820000000001
5689,886,0.0025913469999999999
5690,797,0.0028714529999999999
5691,448,0.003229272
5692,696,0.0028716219999999999
5693,869,0.002805409
5694,776,0.002974403
5695,412,0.0028926540000000001
5696,1291,0.0031633289999999999
5697,544,0.0024350510000000001
5698,354,0.0028445710000000002
5699,595,0.0029054620000000001
5700,1158,0.003071673
5701,701,0.0028836180000000001
5702,487,0.002950453
5703,308,0.0028012179999999999
5704,484,0.0027225510000000001
5705,713,0.0028334929999999999
5706,611,0.0028277570000000002
5707,501,0.0026882630000000002
5708,708,0.0030129829999999999
5709,1007,0.003076765
5710,643,0.003028977
5711,510,0.0031115969999999998
5712,585,0.002864176
5713,900,0.0031620569999999998
5714,813,0.003011587
5715,620,0.002827956
5716,664,0.002836206
5717,952,0.0029778959999999998
5718,814,0.0028989739999999999
5719,593,0.0032212679999999998
5720,535,0.0026624019999999999
5721,694,0.0027616559999999999
5722,1928,0.0030066530000000002
5723,222,0.002806542
5724,467,0.0031715070000000001
5725,837,0.0029330139999999998
5726,569,0.0029684820000000002
5727,191,0.0028768029999999998
5728,111,0.0024482979999999998
5729,121,0.003360016
5730,77,0.003008747
5731,59,0.0029197200000000002
5732,101,0.0024163790000000002
5733,170,0.0024697550000000001
5734,99,0.0027826539999999999
5735,71,0.0030088580000000001
5736,93,0.0035468209999999999
5737,139,0.0030808239999999998
5738,160,0.0028760880000000002
5739,173,0.0027314290000000001
5740,257,0.0025269889999999999
5741,347,0.0030437120000000001
5742,307,0.0028541159999999999
5743,184,0.002791647
5744,245,0.0036088140000000001
5745,323,0.0030440419999999998
5746,311,0.0029344589999999999
5747,554,0.0028441130000000001
5748,202,0.002584898
5749,331,0.0023338410000000001
5750,787,0.0024279359999999999
5751,607,0.0023447709999999998
5752,380,0.002897438
5753,483,0.002947178
5754,689,0.002409427
5755,513,0.0027309980000000001
5756,623,0.0023776159999999999
5757,1017,0.0024942670000000001
5758,974,0.0030741459999999998
5759,800,0.0036293850000000002
5760,819,0.0026165749999999999
5761,834,0.0028286069999999999
5762,1175,0.0024920099999999998
5763,881,0.002752053
5764,858,0.003069886
5765,1047,0.0034950519999999998
5766,1225,0.0030950600000000002
5767,1022,0.00287163
5768,922,0.002586297
5769,1021,0.0028252249999999998
5770,1210,0.0033551900000000001
5771,1033,0.0029138050000000002
5772,2191,0.0027216250000000001
5773,852,0.0028398329999999999
5774,886,0.003129457
5775,1245,0.0030578850000000002
5776,1284,0.003038911
5777,999,0.0032009320000000001
5778,1048,0.0029031069999999998
5779,848,0.0033433820000000002
5780,702,0.0026118389999999999
5781,941,0.0028867670000000002
5782,1339,0.002796902
5783,1010,0.0027508260000000001
5784,699,0.0027051029999999999
5785,780,0.0024840719999999999
5786,941,0.0028166850000000002
5787,877,0.0027320809999999999
5788,614,0.0024471440000000001
5789,840,0.0023997250000000001
5790,866,0.002526801
5791,861,0.0023864099999999998
5792,767,0.0023438589999999998
5793,792,0.0027405009999999998
5794,920,0.0024330350000000001
5795,829,0.0024350859999999999
5796,666,0.0022865619999999998
5797,693,0.0026485739999999999
5798,2002,0.0028818989999999998
5799,484,0.0026360200000000002
5800,1144,0.0027460829999999999
5801,1165,0.0029462759999999998
5802,1042,0.003150492
5803,718,0.010767173999999999
5804,628,0.007675009
5805,686,0.0028921860000000001
5806,892,0.0026435690000000001
5807,893,0.0025121340000000001
5808,897,0.010252706
5809,926,0.0044302880000000001
5810,948,0.0028046170000000001
5811,921,0.0022462910000000001
5812,754,0.0022845610000000001
5813,709,0.002416521
5814,831,0.0024999509999999998
5815,834,0.0025693880000000001
5816,796,0.0027654279999999999
5817,770,0.0027426360000000001
5818,944,0.0028155599999999999
5819,862,0.002888051
5820,755,0.0024286450000000001
5821,724,0.002432788
5822,790,0.0028658569999999999
5823,2030,0.003304965
5824,662,0.0029451239999999999
5825,731,0.002667244
5826,1464,0.0029702090000000001
5827,1403,0.0044487169999999996
5828,627,0.0028712970000000001
5829,695,0.0027572059999999999
5830,605,0.0028315369999999999
5831,728,0.0027448910000000002
5832,824,0.0026233620000000002
5833,942,0.0040264380000000002
5834,1078,0.0030105069999999999
5835,905,0.0024972179999999998
5836,736,0.0024926000000000002
5837,725,0.0026639739999999999
5838,741,0.0026377760000000001
5839,720,0.00272609
5840,713,0.0027053469999999999
5841,806,0.0025576240000000001
5842,907,0.0030122450000000002
5843,833,0.0036574789999999999
5844,795,0.0028546330000000001
5845,762,0.0025714790000000002
5846,832,0.0022625840000000002
5847,742,0.0027346760000000001
5848,1778,0.0031062590000000001
5849,775,0.0025652990000000001
5850,634,0.0028321729999999999
5851,1126,0.0027223210000000002
5852,1379,0.0024025470000000001
5853,729,0.0025420260000000002
5854,715,0.002527114
5855,698,0.0025928990000000001
5856,618,0.0024394429999999999
5857,745,0.0023107050000000001
5858,826,0.0024048170000000001
5859,892,0.0026780530000000001
5860,800,0.0024411390000000002
5861,692,0.0022225790000000001
5862,681,0.0023512720000000002
5863,658,0.002456976
5864,614,0.0050052889999999996
5865,571,0.0032674869999999999
5866,769,0.002451581
5867,608,0.0024718370000000002
5868,614,0.002390194
5869,550,0.0027751299999999998
5870,599,0.0026206269999999999
5871,596,0.0028092009999999999
5872,546,0.0026747619999999998
5873,861,0.0027165029999999999
5874,1388,0.003264533
5875,316,0.0028920320000000001
5876,764,0.002874911
5877,1156,0.0029056659999999999
5878,601,0.0028284220000000001
5879,451,0.0028076640000000001
5880,329,0.004221916
5881,424,0.0026417229999999999
5882,656,0.0025396939999999999
5883,678,0.0026119609999999999
5884,560,0.002404345
5885,612,0.002494193
5886,576,0.002684601
5887,456,0.0043736540000000003
5888,475,0.0026357149999999998
5889,467,0.0029897669999999999
5890,499,0.0027205290000000002
5891,486,0.0028806650000000001
5892,460,0.0025317180000000001
5893,489,0.0024343949999999998
5894,547,0.0024526589999999998
5895,631,0.00258077
5896,564,0.0023316719999999999
5897,494,0.002348031
5898,609,0.0025277910000000002
5899,1884,0.002688611
5900,313,0.0024860899999999998
5901,825,0.0025832260000000001
5902,1414,0.0025763969999999998
5903,825,0.002596667
5904,454,0.0028238289999999999
5905,459,0.002542496
5906,620,0.0027647359999999998
5907,657,0.0024694930000000001
5908,645,0.002461824
5909,716,0.0025144830000000001
5910,869,0.0029139539999999998
5911,823,0.0027251509999999999
5912,654,0.0025209830000000001
5913,533,0.0024103309999999999
5914,728,0.0023445039999999999
5915,681,0.0030911630000000001
5916,622,0.0033902730000000001
5917,607,0.0027304109999999999
5918,697,0.0025939639999999998
5919,738,0.0025108169999999998
5920,705,0.0025403600000000002
5921,585,0.0024040799999999998
5922,582,0.002622844
5923,713,0.00239267
5924,1830,0.0028099499999999999
5925,434,0.0026248729999999998
5926,937,0.0028859599999999999
5927,1347,0.0027523299999999999
5928,850,0.0031477219999999999
5929,489,0.00252695
5930,547,0.0043121829999999998
5931,644,0.0036419199999999999
5932,559,0.0023693479999999999
5933,631,0.0023788059999999998
5934,875,0.0026357109999999998
5935,1099,0.0024660009999999998
5936,705,0.0025082080000000001
5937,578,0.0026430830000000001
5938,680,0.0025170909999999999
5939,700,0.0025147780000000001
5940,539,0.002682856
5941,474,0.002646125
5942,643,0.0023820569999999999
5943,814,0.0027100119999999999
5944,620,0.0040117759999999999
5945,491,0.0024134249999999999
5946,548,0.0030451020000000001
5947,612,0.0022920520000000002
5948,505,0.0022630039999999999
5949,1362,0.0025467860000000001
5950,464,0.0024304330000000001
5951,650,0.0024766380000000002
5952,889,0.003090378
5953,755,0.0028076910000000002
5954,321,0.0025679679999999999
5955,396,0.0025281869999999999
5956,328,0.0027441200000000001
5957,325,0.0029554350000000002
5958,401,0.0032123
5959,440,0.00268118
5960,540,0.0025354879999999998
5961,457,0.0024321410000000001
5962,510,0.002413685
5963,572,0.0024714339999999998
5964,559,0.0031140080000000001
5965,454,0.002521138
5966,430,0.0031508259999999998
5967,647,0.0023310610000000002
5968,584,0.0022889049999999999
5969,360,0.0022869850000000001
5970,470,0.0022436280000000001
5971,651,0.002489523
5972,600,0.0026736490000000002
5973,483,0.0025059520000000001
5974,874,0.0025055339999999998
5975,606,0.0097404350000000004
5976,332,0.0025051850000000001
5977,625,0.0024660720000000001
5978,1017,0.0024937470000000002
5979,515,0.0023473370000000001
5980,462,0.0025629089999999999
5981,445,0.0045775240000000003
5982,415,0.0025450820000000002
5983,562,0.0024546030000000001
5984,593,0.0023986189999999998
5985,470,0.00238142
5986,546,0.002554274
5987,548,0.003111347
5988,544,0.0024498850000000002
5989,346,0.0027366180000000001
5990,319,0.0026253299999999999
5991,380,0.0024571189999999998
5992,370,0.002500478
5993,277,0.0027296239999999999
5994,222,0.0024316699999999999
5995,242,0.0024303150000000002
5996,211,0.0027906649999999999
5997,192,0.0030374439999999998
5998,145,0.002306046
5999,172,0.0023613459999999998
6000,1400,0.0027011259999999999
